date,strategy,rolling_12m_return,rolling_12m_volatility,rolling_12m_sharpe
2018-02-01,Equal Weight,,,
2018-02-02,Equal Weight,,,
2018-02-05,Equal Weight,,,
2018-02-06,Equal Weight,,,
2018-02-07,Equal Weight,,,
2018-02-08,Equal Weight,,,
2018-02-09,Equal Weight,,,
2018-02-12,Equal Weight,,,
2018-02-13,Equal Weight,,,
2018-02-14,Equal Weight,,,
2018-02-15,Equal Weight,,,
2018-02-16,Equal Weight,,,
2018-02-20,Equal Weight,,,
2018-02-21,Equal Weight,,,
2018-02-22,Equal Weight,,,
2018-02-23,Equal Weight,,,
2018-02-26,Equal Weight,,,
2018-02-27,Equal Weight,,,
2018-02-28,Equal Weight,,,
2018-03-01,Equal Weight,,,
2018-03-02,Equal Weight,,,
2018-03-05,Equal Weight,,,
2018-03-06,Equal Weight,,,
2018-03-07,Equal Weight,,,
2018-03-08,Equal Weight,,,
2018-03-09,Equal Weight,,,
2018-03-12,Equal Weight,,,
2018-03-13,Equal Weight,,,
2018-03-14,Equal Weight,,,
2018-03-15,Equal Weight,,,
2018-03-16,Equal Weight,,,
2018-03-19,Equal Weight,,,
2018-03-20,Equal Weight,,,
2018-03-21,Equal Weight,,,
2018-03-22,Equal Weight,,,
2018-03-23,Equal Weight,,,
2018-03-26,Equal Weight,,,
2018-03-27,Equal Weight,,,
2018-03-28,Equal Weight,,,
2018-03-29,Equal Weight,,,
2018-04-02,Equal Weight,,,
2018-04-03,Equal Weight,,,
2018-04-04,Equal Weight,,,
2018-04-05,Equal Weight,,,
2018-04-06,Equal Weight,,,
2018-04-09,Equal Weight,,,
2018-04-10,Equal Weight,,,
2018-04-11,Equal Weight,,,
2018-04-12,Equal Weight,,,
2018-04-13,Equal Weight,,,
2018-04-16,Equal Weight,,,
2018-04-17,Equal Weight,,,
2018-04-18,Equal Weight,,,
2018-04-19,Equal Weight,,,
2018-04-20,Equal Weight,,,
2018-04-23,Equal Weight,,,
2018-04-24,Equal Weight,,,
2018-04-25,Equal Weight,,,
2018-04-26,Equal Weight,,,
2018-04-27,Equal Weight,,,
2018-04-30,Equal Weight,,,
2018-05-01,Equal Weight,,,
2018-05-02,Equal Weight,,,
2018-05-03,Equal Weight,,,
2018-05-04,Equal Weight,,,
2018-05-07,Equal Weight,,,
2018-05-08,Equal Weight,,,
2018-05-09,Equal Weight,,,
2018-05-10,Equal Weight,,,
2018-05-11,Equal Weight,,,
2018-05-14,Equal Weight,,,
2018-05-15,Equal Weight,,,
2018-05-16,Equal Weight,,,
2018-05-17,Equal Weight,,,
2018-05-18,Equal Weight,,,
2018-05-21,Equal Weight,,,
2018-05-22,Equal Weight,,,
2018-05-23,Equal Weight,,,
2018-05-24,Equal Weight,,,
2018-05-25,Equal Weight,,,
2018-05-29,Equal Weight,,,
2018-05-30,Equal Weight,,,
2018-05-31,Equal Weight,,,
2018-06-01,Equal Weight,,,
2018-06-04,Equal Weight,,,
2018-06-05,Equal Weight,,,
2018-06-06,Equal Weight,,,
2018-06-07,Equal Weight,,,
2018-06-08,Equal Weight,,,
2018-06-11,Equal Weight,,,
2018-06-12,Equal Weight,,,
2018-06-13,Equal Weight,,,
2018-06-14,Equal Weight,,,
2018-06-15,Equal Weight,,,
2018-06-18,Equal Weight,,,
2018-06-19,Equal Weight,,,
2018-06-20,Equal Weight,,,
2018-06-21,Equal Weight,,,
2018-06-22,Equal Weight,,,
2018-06-25,Equal Weight,,,
2018-06-26,Equal Weight,,,
2018-06-27,Equal Weight,,,
2018-06-28,Equal Weight,,,
2018-06-29,Equal Weight,,,
2018-07-02,Equal Weight,,,
2018-07-03,Equal Weight,,,
2018-07-05,Equal Weight,,,
2018-07-06,Equal Weight,,,
2018-07-09,Equal Weight,,,
2018-07-10,Equal Weight,,,
2018-07-11,Equal Weight,,,
2018-07-12,Equal Weight,,,
2018-07-13,Equal Weight,,,
2018-07-16,Equal Weight,,,
2018-07-17,Equal Weight,,,
2018-07-18,Equal Weight,,,
2018-07-19,Equal Weight,,,
2018-07-20,Equal Weight,,,
2018-07-23,Equal Weight,,,
2018-07-24,Equal Weight,,,
2018-07-25,Equal Weight,,,
2018-07-26,Equal Weight,,,
2018-07-27,Equal Weight,,,
2018-07-30,Equal Weight,,,
2018-07-31,Equal Weight,,,
2018-08-01,Equal Weight,,,
2018-08-02,Equal Weight,,,
2018-08-03,Equal Weight,,,
2018-08-06,Equal Weight,,,
2018-08-07,Equal Weight,,,
2018-08-08,Equal Weight,,,
2018-08-09,Equal Weight,,,
2018-08-10,Equal Weight,,,
2018-08-13,Equal Weight,,,
2018-08-14,Equal Weight,,,
2018-08-15,Equal Weight,,,
2018-08-16,Equal Weight,,,
2018-08-17,Equal Weight,,,
2018-08-20,Equal Weight,,,
2018-08-21,Equal Weight,,,
2018-08-22,Equal Weight,,,
2018-08-23,Equal Weight,,,
2018-08-24,Equal Weight,,,
2018-08-27,Equal Weight,,,
2018-08-28,Equal Weight,,,
2018-08-29,Equal Weight,,,
2018-08-30,Equal Weight,,,
2018-08-31,Equal Weight,,,
2018-09-04,Equal Weight,,,
2018-09-05,Equal Weight,,,
2018-09-06,Equal Weight,,,
2018-09-07,Equal Weight,,,
2018-09-10,Equal Weight,,,
2018-09-11,Equal Weight,,,
2018-09-12,Equal Weight,,,
2018-09-13,Equal Weight,,,
2018-09-14,Equal Weight,,,
2018-09-17,Equal Weight,,,
2018-09-18,Equal Weight,,,
2018-09-19,Equal Weight,,,
2018-09-20,Equal Weight,,,
2018-09-21,Equal Weight,,,
2018-09-24,Equal Weight,,,
2018-09-25,Equal Weight,,,
2018-09-26,Equal Weight,,,
2018-09-27,Equal Weight,,,
2018-09-28,Equal Weight,,,
2018-10-01,Equal Weight,,,
2018-10-02,Equal Weight,,,
2018-10-03,Equal Weight,,,
2018-10-04,Equal Weight,,,
2018-10-05,Equal Weight,,,
2018-10-08,Equal Weight,,,
2018-10-09,Equal Weight,,,
2018-10-10,Equal Weight,,,
2018-10-11,Equal Weight,,,
2018-10-12,Equal Weight,,,
2018-10-15,Equal Weight,,,
2018-10-16,Equal Weight,,,
2018-10-17,Equal Weight,,,
2018-10-18,Equal Weight,,,
2018-10-19,Equal Weight,,,
2018-10-22,Equal Weight,,,
2018-10-23,Equal Weight,,,
2018-10-24,Equal Weight,,,
2018-10-25,Equal Weight,,,
2018-10-26,Equal Weight,,,
2018-10-29,Equal Weight,,,
2018-10-30,Equal Weight,,,
2018-10-31,Equal Weight,,,
2018-11-01,Equal Weight,,,
2018-11-02,Equal Weight,,,
2018-11-05,Equal Weight,,,
2018-11-06,Equal Weight,,,
2018-11-07,Equal Weight,,,
2018-11-08,Equal Weight,,,
2018-11-09,Equal Weight,,,
2018-11-12,Equal Weight,,,
2018-11-13,Equal Weight,,,
2018-11-14,Equal Weight,,,
2018-11-15,Equal Weight,,,
2018-11-16,Equal Weight,,,
2018-11-19,Equal Weight,,,
2018-11-20,Equal Weight,,,
2018-11-21,Equal Weight,,,
2018-11-23,Equal Weight,,,
2018-11-26,Equal Weight,,,
2018-11-27,Equal Weight,,,
2018-11-28,Equal Weight,,,
2018-11-29,Equal Weight,,,
2018-11-30,Equal Weight,,,
2018-12-03,Equal Weight,,,
2018-12-04,Equal Weight,,,
2018-12-06,Equal Weight,,,
2018-12-07,Equal Weight,,,
2018-12-10,Equal Weight,,,
2018-12-11,Equal Weight,,,
2018-12-12,Equal Weight,,,
2018-12-13,Equal Weight,,,
2018-12-14,Equal Weight,,,
2018-12-17,Equal Weight,,,
2018-12-18,Equal Weight,,,
2018-12-19,Equal Weight,,,
2018-12-20,Equal Weight,,,
2018-12-21,Equal Weight,,,
2018-12-24,Equal Weight,,,
2018-12-26,Equal Weight,,,
2018-12-27,Equal Weight,,,
2018-12-28,Equal Weight,,,
2018-12-31,Equal Weight,,,
2019-01-02,Equal Weight,,,
2019-01-03,Equal Weight,,,
2019-01-04,Equal Weight,,,
2019-01-07,Equal Weight,,,
2019-01-08,Equal Weight,,,
2019-01-09,Equal Weight,,,
2019-01-10,Equal Weight,,,
2019-01-11,Equal Weight,,,
2019-01-14,Equal Weight,,,
2019-01-15,Equal Weight,,,
2019-01-16,Equal Weight,,,
2019-01-17,Equal Weight,,,
2019-01-18,Equal Weight,,,
2019-01-22,Equal Weight,,,
2019-01-23,Equal Weight,,,
2019-01-24,Equal Weight,,,
2019-01-25,Equal Weight,,,
2019-01-28,Equal Weight,,,
2019-01-29,Equal Weight,,,
2019-01-30,Equal Weight,,,
2019-01-31,Equal Weight,,,
2019-02-01,Equal Weight,-0.016518205532442543,0.09726419589183063,-0.3754537340035704
2019-02-04,Equal Weight,-0.007488379712840887,0.09713642052177428,-0.2829873652455522
2019-02-05,Equal Weight,0.012748968326999455,0.09616828834691259,-0.07539940449853431
2019-02-06,Equal Weight,0.030061024243166257,0.09399624389146363,0.10703644982648033
2019-02-07,Equal Weight,0.017645693843657995,0.09366387036471228,-0.025135691565752197
2019-02-08,Equal Weight,0.026977580011599445,0.09328067862153977,0.07480198594940568
2019-02-11,Equal Weight,0.047452219803141515,0.09103554244495378,0.30155496486156463
2019-02-12,Equal Weight,0.045344336689339126,0.09089773805854272,0.278822523317534
2019-02-13,Equal Weight,0.03600174559923808,0.09054407594639362,0.1767287967984992
2019-02-14,Equal Weight,0.035066190584463364,0.09051712728806381,0.1664457438702884
2019-02-15,Equal Weight,0.03267128775155914,0.09033888670991731,0.14026393520043345
2019-02-19,Equal Weight,0.02751680081326069,0.08999253985400778,0.0835269326263596
2019-02-20,Equal Weight,0.026444854499535708,0.08998418428491534,0.07162208059951379
2019-02-21,Equal Weight,0.02957569242730318,0.08979249013526425,0.10664246434059538
2019-02-22,Equal Weight,0.04168570727916476,0.08978603117572105,0.24152651581985476
2019-02-25,Equal Weight,0.039394114399431635,0.08974920875730773,0.2160923162217014
2019-02-26,Equal Weight,0.0286637745305649,0.08912192313753181,0.09721260746578678
2019-02-27,Equal Weight,0.018424816132571076,0.08904303440230119,-0.017690141379416158
2019-02-28,Equal Weight,0.028065726926174595,0.08819392838301901,0.09145444674088904
2019-03-01,Equal Weight,0.03240285050678704,0.08806188682310137,0.14084243427240972
2019-03-04,Equal Weight,0.036930529540295076,0.08794706066263293,0.1925081908676971
2019-03-05,Equal Weight,0.03520969241924443,0.08791026616896556,0.17301383651837718
2019-03-06,Equal Weight,0.026841723879211354,0.08789441876313964,0.0778402539716273
2019-03-07,Equal Weight,0.016577849120806176,0.08790889735537005,-0.03892837906224491
2019-03-08,Equal Weight,0.016410416289650565,0.08790735273159404,-0.04083371411842475
2019-03-11,Equal Weight,0.02324951334075398,0.08831225036397469,0.036795725704658944
2019-03-12,Equal Weight,0.01946954661587741,0.08807869497812153,-0.0060224936831132034
2019-03-13,Equal Weight,0.020764026473809816,0.08812012009586452,0.008670284073360802
2019-03-14,Equal Weight,0.020573310175803883,0.08812704551996837,0.006505496382197201
2019-03-15,Equal Weight,0.02565783704202751,0.08830378898010995,0.06407241532186023
2019-03-18,Equal Weight,0.029497349297795017,0.08830501197018026,0.10755164498479632
2019-03-19,Equal Weight,0.02911324910013624,0.08830562690149381,0.1032012275990317
2019-03-20,Equal Weight,0.04007650402314811,0.08799322565422087,0.2281596551766491
2019-03-21,Equal Weight,0.04630920344593337,0.08817353770873006,0.2983798101970507
2019-03-22,Equal Weight,0.0337534628473819,0.0887680340983096,0.15493711207065927
2019-03-25,Equal Weight,0.048208776755989335,0.08797952308121446,0.32062888917856075
2019-03-26,Equal Weight,0.06309713446502108,0.08733559496533254,0.493465859849335
2019-03-27,Equal Weight,0.045201647989014715,0.08609537257997478,0.2927177992708571
2019-03-28,Equal Weight,0.0553386696017546,0.08575085070335899,0.41210867661246803
2019-03-29,Equal Weight,0.05806010038417564,0.08578995198835093,0.44364286844855283
2019-04-01,Equal Weight,0.0532381681554277,0.08548441421030238,0.38882138296763236
2019-04-02,Equal Weight,0.06605495815287044,0.08479981215822172,0.5431021246478693
2019-04-03,Equal Weight,0.06272082110945765,0.08471151346262744,0.5043095013088744
2019-04-04,Equal Weight,0.059075532673935394,0.08457900667789169,0.46200037348215206
2019-04-05,Equal Weight,0.0615226310370498,0.08464745578559901,0.4905360787478506
2019-04-08,Equal Weight,0.06926314672616818,0.08426564443107779,0.5846172192566721
2019-04-09,Equal Weight,0.0642299118798888,0.08427297351396246,0.5248410022290328
2019-04-10,Equal Weight,0.06083325433789577,0.08401788687469539,0.4860066809201551
2019-04-11,Equal Weight,0.05634621900020176,0.08412239799984353,0.4320635153585298
2019-04-12,Equal Weight,0.05913359225025161,0.08413771867610269,0.4651135408234758
2019-04-15,Equal Weight,0.058476282246684,0.08414697250473145,0.4572509396522915
2019-04-16,Equal Weight,0.05164964671621153,0.0841411294412924,0.37614953502964754
2019-04-17,Equal Weight,0.04342962888915536,0.0839113153044235,0.2792189444791152
2019-04-18,Equal Weight,0.044994916470224355,0.08392305926088801,0.2978313313451042
2019-04-22,Equal Weight,0.0488279623847212,0.08372175142662074,0.3443306177127449
2019-04-23,Equal Weight,0.06337971149382837,0.08354160845012003,0.5192587537948707
2019-04-24,Equal Weight,0.06618480922080372,0.08350085253386662,0.5531058404711723
2019-04-25,Equal Weight,0.07023431966014893,0.08335044243849671,0.6026880984730971
2019-04-26,Equal Weight,0.07827623576876874,0.08341249665798149,0.6986511386623561
2019-04-29,Equal Weight,0.06866089096414174,0.08308977039143915,0.5856423809441088
2019-04-30,Equal Weight,0.06520849069827372,0.08300569843062146,0.5446432179118434
2019-05-01,Equal Weight,0.06600185442503737,0.08296781693744051,0.5544541983034666
2019-05-02,Equal Weight,0.0639926124201704,0.0829866786155443,0.5301165579113816
2019-05-03,Equal Weight,0.07610216014438032,0.0834105395936704,0.672602771995946
2019-05-06,Equal Weight,0.07167948078231623,0.08350284271236404,0.6188948675715465
2019-05-07,Equal Weight,0.054067229029902686,0.08383478548776427,0.40636149817398665
2019-05-08,Equal Weight,0.049825401655574364,0.0838544086766153,0.35568078203969083
2019-05-09,Equal Weight,0.047544213017275405,0.08388296340081743,0.32836480616047226
2019-05-10,Equal Weight,0.048285394498461365,0.08390677087809455,0.3371050298140576
2019-05-13,Equal Weight,0.026664674461367444,0.0844850122740113,0.07888587906872548
2019-05-14,Equal Weight,0.031971162530238795,0.08466347647524392,0.14139701118627265
2019-05-15,Equal Weight,0.03895367839441599,0.08475768521133663,0.22362194469040161
2019-05-16,Equal Weight,0.05167253414042783,0.0841262307980798,0.3764882111080003
2019-05-17,Equal Weight,0.04250668121400314,0.08433200083516834,0.266881859686855
2019-05-20,Equal Weight,0.039006856268374746,0.0845083402409844,0.22491101131763683
2019-05-21,Equal Weight,0.04489535173120118,0.08468671108615171,0.2939699914178408
2019-05-22,Equal Weight,0.03873378989006038,0.0845813137420943,0.22148851869555408
2019-05-23,Equal Weight,0.035686233018642044,0.08467689986674751,0.18524807879512373
2019-05-24,Equal Weight,0.03583983451696238,0.08468173962080003,0.18705135945355217
2019-05-28,Equal Weight,0.03189391806651698,0.08473211804334337,0.14037083388418115
2019-05-29,Equal Weight,0.027660453261774354,0.08479957944182451,0.09033598176073142
2019-05-30,Equal Weight,0.033905169104959,0.08487608006313846,0.1638290681498849
2019-05-31,Equal Weight,0.026915756649853684,0.08467958368068781,0.0816697053676104
2019-06-03,Equal Weight,0.03257547256888005,0.08465683957897145,0.14854644505302042
2019-06-04,Equal Weight,0.03536965882366161,0.08483536799994439,0.18117041495796524
2019-06-05,Equal Weight,0.035178309753595816,0.08482999603811205,0.17892621080374177
2019-06-06,Equal Weight,0.037128313539812385,0.08486463951709936,0.2018309821060538
2019-06-07,Equal Weight,0.04236531599330551,0.08520139472443965,0.26249941172488944
2019-06-10,Equal Weight,0.04466300845279614,0.08517885630553772,0.28954378495444444
2019-06-11,Equal Weight,0.046068857033216615,0.08519292583468313,0.305997907429582
2019-06-12,Equal Weight,0.04402379590746475,0.0852004195379081,0.2819680470795789
2019-06-13,Equal Weight,0.047583497394964036,0.08527964587507958,0.32344760712737064
2019-06-14,Equal Weight,0.04789965692938569,0.08526827994055541,0.3271985426331559
2019-06-17,Equal Weight,0.04726932257380789,0.08524615031613075,0.31988919702157903
2019-06-18,Equal Weight,0.06052154989471292,0.085638697616121,0.47316868451634375
2019-06-19,Equal Weight,0.06758110268598716,0.08571880341160282,0.5550836081730304
2019-06-20,Equal Weight,0.07917222265288837,0.0860962143165577,0.6872801913836133
2019-06-21,Equal Weight,0.07310279658986896,0.08622850208260911,0.6158380965379071
2019-06-24,Equal Weight,0.07822805869247351,0.08614761427095088,0.6759102870723154
2019-06-25,Equal Weight,0.06862005466193022,0.08634332052872808,0.5631015157189072
2019-06-26,Equal Weight,0.07442118364062766,0.08597049844899765,0.633021613488879
2019-06-27,Equal Weight,0.07980983573023126,0.08617672277030022,0.6940370184376982
2019-06-28,Equal Weight,0.0896739869821066,0.08599247617245122,0.8102335237141077
2019-07-01,Equal Weight,0.0883690943471036,0.085958828038736,0.7953702476759471
2019-07-02,Equal Weight,0.09131978159885268,0.0860744367067527,0.828582612069043
2019-07-03,Equal Weight,0.09931880854531383,0.08618212950178183,0.9203625972560111
2019-07-05,Equal Weight,0.0905399628441097,0.08638634501709823,0.8165638079739096
2019-07-08,Equal Weight,0.07987575367824729,0.08629366177056916,0.6938603884656124
2019-07-09,Equal Weight,0.07377445234232272,0.0860992514578576,0.6245635290876288
2019-07-10,Equal Weight,0.07475975707991078,0.08614190237781351,0.6356924512734532
2019-07-11,Equal Weight,0.06977360552361467,0.08630817413733707,0.5766963097193191
2019-07-12,Equal Weight,0.07960970878967588,0.08608862565227451,0.6924225858878136
2019-07-15,Equal Weight,0.07427426179120156,0.08589416499653839,0.6318736760918376
2019-07-16,Equal Weight,0.07080831745984462,0.08596609046045675,0.5910274293934044
2019-07-17,Equal Weight,0.07477940099532066,0.08591925190874052,0.6375684119492196
2019-07-18,Equal Weight,0.07838803406013617,0.0859852731193418,0.6790469104994001
2019-07-19,Equal Weight,0.0723160453161158,0.08623635923726782,0.606658789619993
2019-07-22,Equal Weight,0.07372571119321814,0.086245006172995,0.6229428644883175
2019-07-23,Equal Weight,0.07750889356595092,0.0862706285077711,0.666610346541878
2019-07-24,Equal Weight,0.08546038320928662,0.08631435250222336,0.7583951140408594
2019-07-25,Equal Weight,0.075760771354626,0.08658939677061323,0.6439676615641943
2019-07-26,Equal Weight,0.07365929764530543,0.086476482980442,0.6205074003465348
2019-07-29,Equal Weight,0.07716532560216449,0.08639702720019037,0.6616584789394065
2019-07-30,Equal Weight,0.08124373539803242,0.08629456462798371,0.7097055957354262
2019-07-31,Equal Weight,0.07876439770651533,0.08642509555818272,0.6799459963218001
2019-08-01,Equal Weight,0.07379541964135372,0.08624807002579427,0.6237289672135862
2019-08-02,Equal Weight,0.07252790012612209,0.08629691917980221,0.6086880114072049
2019-08-05,Equal Weight,0.057789924322038555,0.08741519820980986,0.4323038224009622
2019-08-06,Equal Weight,0.06370756141777845,0.08781914481372308,0.49769969305085365
2019-08-07,Equal Weight,0.06801007041136087,0.08789450177775615,0.5462238187862507
2019-08-08,Equal Weight,0.07813953933079443,0.08856536794171325,0.656459072908242
2019-08-09,Equal Weight,0.0725430110184262,0.08876500997918366,0.5919338152583782
2019-08-12,Equal Weight,0.07021067094891476,0.0887848922528131,0.5655316988608933
2019-08-13,Equal Weight,0.0821913486753294,0.0887765839646883,0.7005377532893874
2019-08-14,Equal Weight,0.07462966057142228,0.08946825037953719,0.6106038772377397
2019-08-15,Equal Weight,0.07614579355014595,0.08952623262305115,0.6271434852681331
2019-08-16,Equal Weight,0.0921245863632818,0.0894645673519342,0.8061804633733858
2019-08-19,Equal Weight,0.08986660172242589,0.08939892123388025,0.7815150424426817
2019-08-20,Equal Weight,0.08471557882057135,0.08930143136449575,0.7246869152234082
2019-08-21,Equal Weight,0.08506964357233349,0.08931259450838026,0.7285606686325516
2019-08-22,Equal Weight,0.07887703395411405,0.08935029162042907,0.6589461868152693
2019-08-23,Equal Weight,0.06781268954269382,0.0897477495918371,0.5327452750641735
2019-08-26,Equal Weight,0.07777820565276516,0.08979215294806946,0.643466090919779
2019-08-27,Equal Weight,0.07127075230792501,0.08952424716127712,0.5727024122924063
2019-08-28,Equal Weight,0.07013149631019044,0.08948872628147402,0.5601990149296457
2019-08-29,Equal Weight,0.07722848084226586,0.08965222568189332,0.6383386514610986
2019-08-30,Equal Weight,0.07394916735245771,0.0895909903443036,0.6021717936717498
2019-09-03,Equal Weight,0.07790547593332975,0.08945417135184887,0.647320019382561
2019-09-04,Equal Weight,0.08682309519837861,0.08982120923192041,0.743956753308006
2019-09-05,Equal Weight,0.09415247725503173,0.08955575093027049,0.8280035227750813
2019-09-06,Equal Weight,0.0989704656300292,0.08946795043084961,0.8826676508149811
2019-09-09,Equal Weight,0.09737864985159628,0.08949806620954734,0.8645846008608149
2019-09-10,Equal Weight,0.09849425295794956,0.08944251664493798,0.8775944137344659
2019-09-11,Equal Weight,0.10279314258656225,0.08957249521570276,0.9243143488096998
2019-09-12,Equal Weight,0.10449070992984111,0.08958347868142638,0.9431505805920308
2019-09-13,Equal Weight,0.09696463082361095,0.08973212881540879,0.8577154230001349
2019-09-16,Equal Weight,0.09435094072263106,0.08966026212021676,0.8292518777487075
2019-09-17,Equal Weight,0.09985323607863061,0.089674659167065,0.890477162894626
2019-09-18,Equal Weight,0.10167639943544238,0.08962630989400554,0.9112993665814766
2019-09-19,Equal Weight,0.10133865388051366,0.08962373928868562,0.9075570214551637
2019-09-20,Equal Weight,0.10374372193133774,0.0896334582318122,0.9342908728876411
2019-09-23,Equal Weight,0.0964559927184323,0.08937369858152815,0.8554641234712682
2019-09-24,Equal Weight,0.0948951406803975,0.08941205473204168,0.8376403037023384
2019-09-25,Equal Weight,0.09766123859499354,0.08931209845428843,0.8695489182212193
2019-09-26,Equal Weight,0.09708452017318203,0.08930965424157437,0.863115201013717
2019-09-27,Equal Weight,0.0930890149552297,0.08944943175854887,0.8170987061440379
2019-09-30,Equal Weight,0.09367287800200463,0.08945607959583426,0.8235647966562061
2019-10-01,Equal Weight,0.0872531593500756,0.08963947045950443,0.7502627916622725
2019-10-02,Equal Weight,0.0840860259474554,0.08979037222752709,0.7137293716197393
2019-10-03,Equal Weight,0.09353414691578288,0.09005733186384729,0.8165259329129925
2019-10-04,Equal Weight,0.10610150697672549,0.09016387983688205,0.9549445646360171
2019-10-07,Equal Weight,0.11206122260969154,0.08970577173736902,1.0262575175120119
2019-10-08,Equal Weight,0.11130775815118676,0.08974863263237712,1.0173721367454815
2019-10-09,Equal Weight,0.11642684960155636,0.08978139682238155,1.0740181486853206
2019-10-10,Equal Weight,0.11568059790287832,0.08978097584057448,1.065711271314091
2019-10-11,Equal Weight,0.1406263862750914,0.0881016988658365,1.3691720798572147
2019-10-14,Equal Weight,0.14803562533334436,0.0878561938480975,1.4573318024078838
2019-10-15,Equal Weight,0.14419871659560335,0.08769983019398057,1.4161796701418008
2019-10-16,Equal Weight,0.14726890969913398,0.08767690959987309,1.451567012112368
2019-10-17,Equal Weight,0.13420796526003964,0.08657745517445484,1.319142091089521
2019-10-18,Equal Weight,0.13690718625359555,0.08648752356967619,1.3517231321742336
2019-10-21,Equal Weight,0.1514907345523422,0.08589398317590473,1.5308491897861878
2019-10-22,Equal Weight,0.15036811084219304,0.08589713101976341,1.517723692217353
2019-10-23,Equal Weight,0.1540719049225343,0.08588342937797773,1.561091655207158
2019-10-24,Equal Weight,0.15835263261484878,0.08584849655366203,1.6115906296433224
2019-10-25,Equal Weight,0.17702003763293028,0.08444226404674182,1.8594958271845254
2019-10-28,Equal Weight,0.16480887543087008,0.0838163451522642,1.727692554093171
2019-10-29,Equal Weight,0.1734119784734296,0.08336852414371708,1.8401666582098326
2019-10-30,Equal Weight,0.18423600429262232,0.08328862624336394,1.9718899410435156
2019-10-31,Equal Weight,0.1762882189991215,0.0829362555560277,1.8844378486986406
2019-11-01,Equal Weight,0.17973008916048872,0.08305951461483002,1.9230799734527875
2019-11-04,Equal Weight,0.16573835330698672,0.08231078381384332,1.7705863867921998
2019-11-05,Equal Weight,0.16450151340481423,0.08237769108391406,1.7541340562412429
2019-11-06,Equal Weight,0.1628590475331506,0.08235956863124169,1.7345774134975191
2019-11-07,Equal Weight,0.15555883495908351,0.08246716140051889,1.643791694256504
2019-11-08,Equal Weight,0.1401591729927496,0.08171452964309604,1.4704750001935756
2019-11-11,Equal Weight,0.14482754583223634,0.08152681620527931,1.5311225390910466
2019-11-12,Equal Weight,0.1528892646541009,0.08118014565115943,1.6369675563917023
2019-11-13,Equal Weight,0.16509047146208045,0.08054858539338074,1.8012789517468497
2019-11-14,Equal Weight,0.16754042074655495,0.08058552897583111,1.83085502597873
2019-11-15,Equal Weight,0.17272025271747937,0.08062243368708161,1.8942649797726243
2019-11-18,Equal Weight,0.16696990020438474,0.08044213106011613,1.8270264383541877
2019-11-19,Equal Weight,0.16540633131334337,0.0804075804112494,1.808365959647759
2019-11-20,Equal Weight,0.17457414621802947,0.07987875366843006,1.935109639537613
2019-11-21,Equal Weight,0.18220266918283867,0.07921712078719838,2.0475708732025883
2019-11-22,Equal Weight,0.17579127399155214,0.07902546380391637,1.9714060062730236
2019-11-25,Equal Weight,0.18733380079538708,0.07912911383574163,2.1146932233152915
2019-11-26,Equal Weight,0.18166621052515897,0.07884246435561279,2.050496668850635
2019-11-27,Equal Weight,0.18348584661878786,0.07884571688399433,2.0734905214867223
2019-11-29,Equal Weight,0.16369456075949218,0.07803600641782477,1.8413879355911003
2019-12-02,Equal Weight,0.15717668462175438,0.07838675229660302,1.7499983173521414
2019-12-03,Equal Weight,0.157280379045043,0.07838913049419115,1.751268041622376
2019-12-04,Equal Weight,0.14844008192899705,0.07784108636450962,1.6500294115570981
2019-12-05,Equal Weight,0.16567124676547262,0.07630692226669313,1.9090174578965562
2019-12-06,Equal Weight,0.16695601947182426,0.07633263551057967,1.9252056278268581
2019-12-09,Equal Weight,0.17786333579489555,0.07551381252526856,2.0905226542769384
2019-12-10,Equal Weight,0.17898541130598233,0.07549754978677563,2.105835378167871
2019-12-11,Equal Weight,0.18237005556693364,0.07557128205067308,2.1485682280480445
2019-12-12,Equal Weight,0.1785681115675577,0.0755189946309522,2.099711633377161
2019-12-13,Equal Weight,0.18411007360423692,0.07555010657945917,2.1722017484070073
2019-12-16,Equal Weight,0.19870568612449135,0.07499880243937304,2.382780528648469
2019-12-17,Equal Weight,0.21083436243421816,0.0741881897462059,2.5723011046239703
2019-12-18,Equal Weight,0.2073679663516037,0.0741327768588213,2.527464561437215
2019-12-19,Equal Weight,0.22169729198906385,0.0735453951559408,2.742487025345343
2019-12-20,Equal Weight,0.2304690003855674,0.0733129041527363,2.8708315789412358
2019-12-23,Equal Weight,0.2461128651529716,0.07216622208864919,3.1332229761898014
2019-12-24,Equal Weight,0.26228732859232995,0.07115887466293949,3.404878586683391
2019-12-26,Equal Weight,0.24069550760068847,0.06808505484189531,3.2414677217074988
2019-12-27,Equal Weight,0.23809348590459867,0.0680590449564444,3.2044746740741297
2019-12-30,Equal Weight,0.2294782804746136,0.06807566165773213,3.0771391033673603
2019-12-31,Equal Weight,0.22550331492370645,0.0680178048557279,3.0213164826415393
2020-01-02,Equal Weight,0.23408589555167647,0.06830032288518792,3.1344785281843026
2020-01-03,Equal Weight,0.24143297666660435,0.067910110766731,3.2606775952290725
2020-01-06,Equal Weight,0.22368711018604048,0.06619542777281585,3.077057087463791
2020-01-07,Equal Weight,0.21433040941894088,0.06614109856321165,2.938118864675608
2020-01-08,Equal Weight,0.20838867481221057,0.06594095686033027,2.856929650129845
2020-01-09,Equal Weight,0.2048269205868849,0.06578045362817761,2.8097544238842516
2020-01-10,Equal Weight,0.20472190310499339,0.06577873854627117,2.8082311577783337
2020-01-13,Equal Weight,0.210152595881695,0.06587191043155763,2.88670230809941
2020-01-14,Equal Weight,0.21538683859952812,0.06566198376601957,2.975646293230663
2020-01-15,Equal Weight,0.21180702714999167,0.06551292238947035,2.9277739437375505
2020-01-16,Equal Weight,0.2125975483685385,0.0655459408351072,2.938359659113794
2020-01-17,Equal Weight,0.20907245145482967,0.0654824899219729,2.8873741924004888
2020-01-21,Equal Weight,0.20300907046276162,0.06545508073347982,2.7959490449326383
2020-01-22,Equal Weight,0.21268842969212054,0.06499601926002015,2.9646189395270484
2020-01-23,Equal Weight,0.21227164067419513,0.06499261086947025,2.9583615445200273
2020-01-24,Equal Weight,0.20451499335521373,0.06500894122301357,2.8383017764007867
2020-01-27,Equal Weight,0.18589870575854284,0.06516125009223726,2.5459718087622534
2020-01-28,Equal Weight,0.19351533524171383,0.0651244364071563,2.66436601703392
2020-01-29,Equal Weight,0.19413905529545672,0.06513241140148333,2.6736159701203825
2020-01-30,Equal Weight,0.18098337075637683,0.06440216142216468,2.4996578872735276
2020-01-31,Equal Weight,0.1629475863216554,0.06466591369454477,2.2105554248700656
2020-02-03,Equal Weight,0.17168154351171583,0.06464181940888974,2.34649248580488
2020-02-04,Equal Weight,0.17630013415472212,0.06491827757307321,2.407644503179984
2020-02-05,Equal Weight,0.17363334011383125,0.06478957351500507,2.371266421104782
2020-02-06,Equal Weight,0.1812919047849053,0.06466662310796839,2.4942063932364285
2020-02-07,Equal Weight,0.18276370646315265,0.0645997966744797,2.519569949783648
2020-02-10,Equal Weight,0.18823904736140085,0.06476954762961375,2.5975022756601605
2020-02-11,Equal Weight,0.19182526222845864,0.06477836663784535,2.6525099527297047
2020-02-12,Equal Weight,0.1898982653428436,0.0646818711745914,2.6266751758657185
2020-02-13,Equal Weight,0.19033493630783527,0.0646744696938648,2.633727607108524
2020-02-14,Equal Weight,0.19025481786350196,0.06467274122108807,2.632559168653058
2020-02-18,Equal Weight,0.18388422418189565,0.06446486893747164,2.542225352864005
2020-02-19,Equal Weight,0.18187246123860867,0.06440466193296597,2.513365591563693
2020-02-20,Equal Weight,0.18121647762316018,0.06441012991468438,2.50296774492929
2020-02-21,Equal Weight,0.18400694615270563,0.06428074305188253,2.5514164641863535
2020-02-24,Equal Weight,0.1580450543842291,0.06621903699041348,2.0846732398753227
2020-02-25,Equal Weight,0.13965013772481383,0.06810620564010414,1.7568169684431545
2020-02-26,Equal Weight,0.13740715451038188,0.06814165493115593,1.7229865436787424
2020-02-27,Equal Weight,0.11633881898934706,0.07182124546678137,1.3413693728536844
2020-02-28,Equal Weight,0.11469169877931495,0.07191200007938787,1.316771869434576
2020-03-02,Equal Weight,0.13767527087968712,0.07453815710067684,1.5787252523663289
2020-03-03,Equal Weight,0.13442490389632678,0.07461189767520394,1.5336013083923214
2020-03-04,Equal Weight,0.154296772827754,0.07681736318135607,1.748260644025184
2020-03-05,Equal Weight,0.14596456758126086,0.07755768059492989,1.62414046700483
2020-03-06,Equal Weight,0.14758641686375484,0.07746831202155137,1.646949746733359
2020-03-09,Equal Weight,0.0945577381436693,0.0900886710592409,0.8276039291848505
2020-03-10,Equal Weight,0.10180254974688974,0.09095398433965635,0.899383906497249
2020-03-11,Equal Weight,0.05413463868842405,0.0993294036428097,0.3436508972828712
2020-03-12,Equal Weight,-0.022117226252331035,0.12102455632547224,-0.34800562407405045
2020-03-13,Equal Weight,0.024323434959576895,0.12877657457656724,0.03357314770790313
2020-03-16,Equal Weight,-0.052957478637357336,0.14659394000059325,-0.4976841378099401
2020-03-17,Equal Weight,-0.03294838335559158,0.14842913128421278,-0.3567250100939133
2020-03-18,Equal Weight,-0.08475014501171563,0.15783410982184015,-0.6636724161206687
2020-03-19,Equal Weight,-0.08404102650411172,0.15785154917572586,-0.6591067813233155
2020-03-20,Equal Weight,-0.09199230885464971,0.1577532976995678,-0.7099205562595129
2020-03-23,Equal Weight,-0.07809829929070922,0.15752930067004545,-0.6227304944124775
2020-03-24,Equal Weight,-0.029120191318189326,0.16703031856500392,-0.2940794925148455
2020-03-25,Equal Weight,-0.015421209628338373,0.16790990172031134,-0.21095366780298475
2020-03-26,Equal Weight,0.02087131278306642,0.17145217036683957,0.005081958316434002
2020-03-27,Equal Weight,0.002647239462653994,0.17219327631677692,-0.10077490195042717
2020-03-30,Equal Weight,0.01583807853389807,0.17290859483786022,-0.024070067020119188
2020-03-31,Equal Weight,0.0024685513883768717,0.17314590242841574,-0.10125246029932017
2020-04-01,Equal Weight,-0.028550750837241123,0.17565407692674312,-0.2763997949076315
2020-04-02,Equal Weight,-0.0164841800750003,0.17617286985551842,-0.2070930677630525
2020-04-03,Equal Weight,-0.02905556491853567,0.17650884459348362,-0.2779212850863946
2020-04-06,Equal Weight,0.009470714261429425,0.1818188772181142,-0.057910850070531435
2020-04-07,Equal Weight,0.010480294189435746,0.18181798243989788,-0.05235843937335025
2020-04-08,Equal Weight,0.03172863581073604,0.18275655292200732,0.06417628053939778
2020-04-09,Equal Weight,0.04853975048519077,0.18394536465399075,0.15515340948588338
2020-04-13,Equal Weight,0.04432802596956131,0.18408053872053687,0.13215968476980108
2020-04-14,Equal Weight,0.05950387166040372,0.18479818928112116,0.2137676338392532
2020-04-15,Equal Weight,0.046788875750937375,0.18529150422689047,0.14457692414291293
2020-04-16,Equal Weight,0.05161645177534613,0.18526922842286017,0.17065139227105997
2020-04-17,Equal Weight,0.06654513008493224,0.1856914035851762,0.2506585075360373
2020-04-20,Equal Weight,0.05485431776162053,0.18594068382849058,0.18744858330073544
2020-04-21,Equal Weight,0.04158187738729979,0.1865578853334556,0.11568461632551263
2020-04-22,Equal Weight,0.048852715444091865,0.18690864661083278,0.15436800794008654
2020-04-23,Equal Weight,0.04987877589455314,0.18691137236913188,0.15985531279255413
2020-04-24,Equal Weight,0.05727410934297561,0.18699069627987855,0.19933670543258225
2020-04-27,Equal Weight,0.06188145911884635,0.18714630171758617,0.2237899372547993
2020-04-28,Equal Weight,0.06561524633831661,0.1871504497335551,0.24373570249635385
2020-04-29,Equal Weight,0.0846230561809489,0.1880447741745608,0.3436578148189309
2020-04-30,Equal Weight,0.07327439855891171,0.18855458047549398,0.2825409938308853
2020-05-01,Equal Weight,0.05622110728270946,0.18937717594146325,0.19126437545940303
2020-05-04,Equal Weight,0.04933613428218009,0.18918568806050742,0.15506529369598765
2020-05-05,Equal Weight,0.05698787116547721,0.18917529108174383,0.1955216823189373
2020-05-06,Equal Weight,0.058857052895108675,0.18909061071090574,0.2054943539979143
2020-05-07,Equal Weight,0.07360557684702362,0.18941615619134386,0.2830042480266176
2020-05-08,Equal Weight,0.08688082568566347,0.1896652366475054,0.35262564119729595
2020-05-11,Equal Weight,0.07854423415650613,0.18970094960163839,0.30861328991470954
2020-05-12,Equal Weight,0.08007684389513958,0.18961001259605792,0.31684425876351957
2020-05-13,Equal Weight,0.06581826885063746,0.1897061217833137,0.24152235267859223
2020-05-14,Equal Weight,0.06643252602473182,0.18972042971508113,0.244741834574502
2020-05-15,Equal Weight,0.06617687985729725,0.18971862753042365,0.2433966577683166
2020-05-18,Equal Weight,0.0962211912637434,0.19082299399384162,0.39943399727919193
2020-05-19,Equal Weight,0.09716033301471705,0.19079636272500552,0.40441197050453265
2020-05-20,Equal Weight,0.10481416636188734,0.1911178503926221,0.4437794072487197
2020-05-21,Equal Weight,0.10066278090355585,0.191189264798612,0.42190015735727354
2020-05-22,Equal Weight,0.10669370178793702,0.19113791694903487,0.45356621633086586
2020-05-26,Equal Weight,0.11387333639008168,0.19133391505632355,0.49062570199563366
2020-05-27,Equal Weight,0.12731472917153153,0.19149902954083955,0.560393070548931
2020-05-28,Equal Weight,0.12879631060033048,0.19147700963945283,0.5681951624646303
2020-05-29,Equal Weight,0.12868549469401525,0.19147513332519744,0.5676219820639896
2020-06-01,Equal Weight,0.13889762824865226,0.19162301920401753,0.6204767503535894
2020-06-02,Equal Weight,0.14238165295593297,0.1916787132954494,0.6384728426640498
2020-06-03,Equal Weight,0.1437843208050995,0.1917244612672001,0.6456365556431808
2020-06-04,Equal Weight,0.13517492291765376,0.1917977963070601,0.6005018052098139
2020-06-05,Equal Weight,0.14783384857938353,0.1922445679585173,0.6649542816053333
2020-06-08,Equal Weight,0.1499847088807187,0.19232992049425965,0.675842367878472
2020-06-09,Equal Weight,0.14576010214328772,0.19236914083525208,0.6537436389082313
2020-06-10,Equal Weight,0.14400849956236095,0.19236615585848732,0.6446482179203438
2020-06-11,Equal Weight,0.10518561555637773,0.19562984254325871,0.43544284680156115
2020-06-12,Equal Weight,0.11333238067438489,0.1958985839546662,0.47643213539503365
2020-06-15,Equal Weight,0.12388637639247624,0.19596376142622854,0.5301305488136628
2020-06-16,Equal Weight,0.12927990352389718,0.19608373970004112,0.5573124201479837
2020-06-17,Equal Weight,0.11738237694353049,0.195902777700633,0.4970954372701364
2020-06-18,Equal Weight,0.11225678523115357,0.19586028159454733,0.4710336597091973
2020-06-19,Equal Weight,0.10071027174666858,0.19570029163865257,0.41241773873129767
2020-06-22,Equal Weight,0.11194534325208871,0.1957043123167617,0.46981766606792225
2020-06-23,Equal Weight,0.11366689848497558,0.19571623192956486,0.4785852331281587
2020-06-24,Equal Weight,0.10481619009919374,0.19614090538956502,0.43242479140562834
2020-06-25,Equal Weight,0.11586086022588771,0.1962188759502223,0.48854046157213804
2020-06-26,Equal Weight,0.09759572756041113,0.19641892433240632,0.3950521968498986
2020-06-29,Equal Weight,0.10436490853036928,0.196601377801617,0.4291165681224204
2020-06-30,Equal Weight,0.10797782372964027,0.19665681906309404,0.4473672672464719
2020-07-01,Equal Weight,0.10683533733009676,0.1966337510697758,0.4416095245992795
2020-07-02,Equal Weight,0.10696257517361674,0.1966366268459606,0.44225013705987076
2020-07-06,Equal Weight,0.12559593637577326,0.19681031393994058,0.5365365984223639
2020-07-07,Equal Weight,0.1229394569196165,0.1968761224617896,0.5228641017124631
2020-07-08,Equal Weight,0.12924996671168865,0.1969524978753842,0.5547021128963456
2020-07-09,Equal Weight,0.12246122291115324,0.19691667758204484,0.5203278065082274
2020-07-10,Equal Weight,0.131502579354712,0.19684918651279246,0.5664365768027488
2020-07-13,Equal Weight,0.1211201745379118,0.19695919997194902,0.5134067083554023
2020-07-14,Equal Weight,0.12797698526586365,0.19707434921768166,0.5478997428863557
2020-07-15,Equal Weight,0.13953383467688862,0.1971420571678731,0.6063335058693312
2020-07-16,Equal Weight,0.13266358939337497,0.19722020859304615,0.5712578350723203
2020-07-17,Equal Weight,0.13304844687441197,0.19722588060365343,0.5731927601408202
2020-07-20,Equal Weight,0.14582249716677564,0.19714988756461532,0.6382072986246958
2020-07-21,Equal Weight,0.14804857125742243,0.1971683924584049,0.6494376185799449
2020-07-22,Equal Weight,0.15013544862500638,0.19719596843816498,0.6599295596948939
2020-07-23,Equal Weight,0.14095860905240776,0.19720041804227956,0.6133790701522466
2020-07-24,Equal Weight,0.1443312202886018,0.19711162815467664,0.6307655284092986
2020-07-27,Equal Weight,0.14916414646687137,0.19723620476704148,0.6548703703735783
2020-07-28,Equal Weight,0.1485411802536598,0.19723916018181167,0.6517021271798803
2020-07-29,Equal Weight,0.16069086924608866,0.19748162880343637,0.7124251004944138
2020-07-30,Equal Weight,0.1631028968098125,0.1974251456426512,0.7248463530012305
2020-07-31,Equal Weight,0.16120167382518646,0.19742695620677098,0.7152096985038956
2020-08-03,Equal Weight,0.17116235245950007,0.19741500197702141,0.7657085375765667
2020-08-04,Equal Weight,0.19759473580519304,0.19704509332601775,0.9012898154807467
2020-08-05,Equal Weight,0.19050092754782422,0.1968755303775164,0.8660341243062667
2020-08-06,Equal Weight,0.19173707557563135,0.19689504104235162,0.8722265155407909
2020-08-07,Equal Weight,0.17461805353060122,0.19665470474357158,0.7862413143495135
2020-08-10,Equal Weight,0.1819666295624105,0.19654965698010926,0.8240494135220061
2020-08-11,Equal Weight,0.1694486762430214,0.19696044470767024,0.7587750751925543
2020-08-12,Equal Weight,0.17079736431597992,0.19699406933042746,0.7654918994695236
2020-08-13,Equal Weight,0.18270584697110137,0.19659975797600712,0.8275994266023352
2020-08-14,Equal Weight,0.174657560762983,0.19658176217711762,0.7867340237983956
2020-08-17,Equal Weight,0.17499496303383433,0.1965917516966207,0.7884103056013343
2020-08-18,Equal Weight,0.17441935826723265,0.1965887987521003,0.7854941850575954
2020-08-19,Equal Weight,0.1644446010636107,0.1968117126556211,0.7339227890179393
2020-08-20,Equal Weight,0.16479357315903664,0.19681632015248238,0.735678692939989
2020-08-21,Equal Weight,0.16903992946785595,0.19677939058225874,0.7573960312960392
2020-08-24,Equal Weight,0.1843672689819602,0.19661259775625947,0.8359956119684977
2020-08-25,Equal Weight,0.1795193227386327,0.19655855540891184,0.8115613304481998
2020-08-26,Equal Weight,0.18192049799133625,0.19657392492708448,0.8237130028888507
2020-08-27,Equal Weight,0.17371494166785473,0.19662682269167203,0.781759780093142
2020-08-28,Equal Weight,0.17488235408498776,0.196655413592852,0.7875824583484409
2020-08-31,Equal Weight,0.17048497638940519,0.1966939461708497,0.7650717234514829
2020-09-01,Equal Weight,0.1811429062415033,0.19681639392168268,0.8187473768350081
2020-09-02,Equal Weight,0.17864378570549944,0.19674425586205083,0.8063451967651554
2020-09-03,Equal Weight,0.15788740399516965,0.19758120556800596,0.6978771265150008
2020-09-04,Equal Weight,0.14960613228577402,0.19770604001322348,0.6555496851644258
2020-09-08,Equal Weight,0.13725303994115334,0.198149944086898,0.5917389504270181
2020-09-09,Equal Weight,0.1549467729849412,0.19839528164255812,0.6801914434037303
2020-09-10,Equal Weight,0.13890739310335443,0.19855705783464178,0.5988575495633122
2020-09-11,Equal Weight,0.1374523042204121,0.1985532975691054,0.5915404360359892
2020-09-14,Equal Weight,0.15596816964947124,0.19875921541835906,0.6840848579688653
2020-09-15,Equal Weight,0.15911504101434382,0.19879460841687746,0.6997928269896333
2020-09-16,Equal Weight,0.15471756564438333,0.19878329376774143,0.6777107023982984
2020-09-17,Equal Weight,0.14988178398412577,0.1988703395463023,0.6530978137837686
2020-09-18,Equal Weight,0.14071682863354185,0.1990158146192933,0.6065690250016901
2020-09-21,Equal Weight,0.12461094645792081,0.19942603251812818,0.5245601345873011
2020-09-22,Equal Weight,0.1279911834744618,0.19944879397400458,0.5414481648283969
2020-09-23,Equal Weight,0.11241983426715496,0.20015082342670742,0.46175095702765306
2020-09-24,Equal Weight,0.11594268450329692,0.20013769726874128,0.47938337361035394
2020-09-25,Equal Weight,0.12398775019467956,0.2002683394524906,0.5192420852890152
2020-09-28,Equal Weight,0.14313104694720247,0.2005258963073093,0.6140406262466074
2020-09-29,Equal Weight,0.13949670920977053,0.20053311015131012,0.5958951572615891
2020-09-30,Equal Weight,0.1471679294871695,0.20044505237819604,0.6344278792535692
2020-10-01,Equal Weight,0.16387667061613231,0.20050554528009557,0.7175695336263358
2020-10-02,Equal Weight,0.15123222416156157,0.20043323372218497,0.6547428374251497
2020-10-05,Equal Weight,0.15205183946550394,0.2004571752407152,0.658753368678033
2020-10-06,Equal Weight,0.1509853250948896,0.20048347874713296,0.6533472279783193
2020-10-07,Equal Weight,0.16522671823742385,0.2004777272381014,0.7244032553548576
2020-10-08,Equal Weight,0.16950496488459588,0.20056125500146116,0.7454329346089636
2020-10-09,Equal Weight,0.17630102639377587,0.2006300809354952,0.7790508066635751
2020-10-12,Equal Weight,0.18015691627348795,0.20072277217877602,0.7979010778649589
2020-10-13,Equal Weight,0.1733816161793642,0.20081329592167407,0.7638020952516497
2020-10-14,Equal Weight,0.16544079333904138,0.20085251340113228,0.7241173678945931
2020-10-15,Equal Weight,0.16274731576234513,0.20086052992054215,0.7106787770539794
2020-10-16,Equal Weight,0.15738704912863466,0.20085958187938321,0.6839954949778597
2020-10-19,Equal Weight,0.15080029773198578,0.201003128850326,0.6507376202555747
2020-10-20,Equal Weight,0.15007384866549311,0.20099701089561375,0.6471431992242211
2020-10-21,Equal Weight,0.14855960660775325,0.20100676021483907,0.6395785219877521
2020-10-22,Equal Weight,0.1461553099218602,0.201005241341354,0.6276219917450756
2020-10-23,Equal Weight,0.1486950082243037,0.2010287133598796,0.6401822211034858
2020-10-26,Equal Weight,0.13752355523974935,0.2012436677085016,0.5839863513617751
2020-10-27,Equal Weight,0.13615452110262005,0.20124844000574818,0.5771697961947053
2020-10-28,Equal Weight,0.1139788764870957,0.2023248506752144,0.46449497515239474
2020-10-29,Equal Weight,0.11417280183833567,0.20232841893792977,0.4654452515008579
2020-10-30,Equal Weight,0.10284728109162389,0.20252955423402247,0.40906267435859767
2020-11-02,Equal Weight,0.10808232595897715,0.20270720106893844,0.43452983167095943
2020-11-03,Equal Weight,0.12071214081375459,0.20298752907255266,0.4961494002804361
2020-11-04,Equal Weight,0.14412350645126093,0.20347154175462015,0.6100288294908076
2020-11-05,Equal Weight,0.15990781122374487,0.20396289915586688,0.6859473551453512
2020-11-06,Equal Weight,0.16164158700590558,0.20393445806381874,0.6945446510151837
2020-11-09,Equal Weight,0.16580413314615483,0.2039253977294422,0.7149876119874009
2020-11-10,Equal Weight,0.1675752799346386,0.20391714461954516,0.7237021693785219
2020-11-11,Equal Weight,0.17346393012042616,0.20396325352284372,0.7524096986579905
2020-11-12,Equal Weight,0.16854382357439412,0.20400087002442957,0.7281528924685746
2020-11-13,Equal Weight,0.17715809248245984,0.20422148713004926,0.7695472924569431
2020-11-16,Equal Weight,0.18219584774294617,0.20432553086600774,0.7938109694637755
2020-11-17,Equal Weight,0.18133332219904852,0.20432556980006872,0.7895894887600812
2020-11-18,Equal Weight,0.17157515449460692,0.20444174516413305,0.7414100010392547
2020-11-19,Equal Weight,0.1775506726637599,0.204465458324803,0.7705490890959354
2020-11-20,Equal Weight,0.1830021709341616,0.20440390581184245,0.7974513514639398
2020-11-23,Equal Weight,0.18251841571207628,0.20440440591048892,0.7950827428996076
2020-11-24,Equal Weight,0.1812867924471102,0.20437799371846688,0.7891592901596084
2020-11-25,Equal Weight,0.17688022562242356,0.2043713952687304,0.7676232058607804
2020-11-27,Equal Weight,0.17901102982159767,0.2043873140981324,0.7779887441803348
2020-11-30,Equal Weight,0.17389445576662865,0.20453536583482287,0.7524100056657663
2020-12-01,Equal Weight,0.1924689677278424,0.2045372968209265,0.8432152492894237
2020-12-02,Equal Weight,0.18838273702597408,0.2045337575346331,0.823251570085991
2020-12-03,Equal Weight,0.1917502494684431,0.20457406794827623,0.8395504434700288
2020-12-04,Equal Weight,0.19686997202872436,0.20460303642731742,0.8644542872732739
2020-12-07,Equal Weight,0.19522549419156765,0.2045931562089898,0.8564582385765467
2020-12-08,Equal Weight,0.20023742831117364,0.2045903542204404,0.8809673799038095
2020-12-09,Equal Weight,0.19106958082391534,0.20476860580646944,0.8354287521281282
2020-12-10,Equal Weight,0.19072271135207775,0.2047641412035895,0.8337529723152767
2020-12-11,Equal Weight,0.18909497931093577,0.20477206574093626,0.8257717120696692
2020-12-14,Equal Weight,0.1831935400131659,0.20476552538803586,0.7969776147811504
2020-12-15,Equal Weight,0.19121160871423415,0.2049677050926208,0.8353101706284268
2020-12-16,Equal Weight,0.1932439170796787,0.20496615395279663,0.8452318284685016
2020-12-17,Equal Weight,0.19900602169194825,0.20502234160352023,0.8731049518404034
2020-12-18,Equal Weight,0.19010145386447497,0.20507785080497457,0.8294481983148851
2020-12-21,Equal Weight,0.1830069160203951,0.205128694607347,0.7946568193807282
2020-12-22,Equal Weight,0.183642426253386,0.20512880386798557,0.7977544994544068
2020-12-23,Equal Weight,0.18358493373049023,0.20512857816730565,0.7974751016753412
2020-12-24,Equal Weight,0.18142592069819075,0.20510445409401462,0.7870424921352378
2020-12-28,Equal Weight,0.1841330233432521,0.2051161738278374,0.800195422331814
2020-12-29,Equal Weight,0.18688876973030588,0.20508878414395318,0.8137391346235958
2020-12-30,Equal Weight,0.19157898680195196,0.20512000729054872,0.8364809901693963
2020-12-31,Equal Weight,0.18478073109096838,0.20502354200580208,0.8037161463453069
2021-01-04,Equal Weight,0.18017687985519526,0.20508730275544917,0.7810180235594296
2021-01-05,Equal Weight,0.18510512725230166,0.20514468792382026,0.804822824920589
2021-01-06,Equal Weight,0.18663379976097416,0.20512768950444363,0.8123418157906197
2021-01-07,Equal Weight,0.19146815291053376,0.20517261632479736,0.8357263068629591
2021-01-08,Equal Weight,0.1905921874517693,0.20516656731702118,0.8314814137732884
2021-01-11,Equal Weight,0.17970347739023196,0.20531671432170603,0.7778396314096292
2021-01-12,Equal Weight,0.1793782389844778,0.2053119920320176,0.7762734042326344
2021-01-13,Equal Weight,0.18364738755596122,0.2053260816004321,0.7970121782892722
2021-01-14,Equal Weight,0.18270624884653586,0.20532049416895032,0.792450113200347
2021-01-15,Equal Weight,0.17134248527390383,0.20537547966048375,0.7369063021744149
2021-01-19,Equal Weight,0.17871721930939,0.2054725973992262,0.7724495690342976
2021-01-20,Equal Weight,0.1924611018505955,0.20568028530700672,0.8384911640567452
2021-01-21,Equal Weight,0.18945907734573986,0.20569280831674724,0.8238454165339077
2021-01-22,Equal Weight,0.18682151362774202,0.20569971066160822,0.8109953732612497
2021-01-25,Equal Weight,0.1954210989559011,0.2057074139623539,0.8527699394830979
2021-01-26,Equal Weight,0.20343182555991213,0.20553897765606707,0.8924430181162654
2021-01-27,Equal Weight,0.1820104125234543,0.2060782552861555,0.7861596668629127
2021-01-28,Equal Weight,0.18220609752836814,0.20607930245537392,0.7871052337412369
2021-01-29,Equal Weight,0.16841427166488954,0.2064878212438482,0.7187555700421784
2021-02-01,Equal Weight,0.19471295639310138,0.20673294796349803,0.8451142312542737
2021-02-02,Equal Weight,0.19570984561344584,0.20674834202596562,0.8498730577069313
2021-02-03,Equal Weight,0.18600417898127564,0.2066583306175898,0.8032784281435889
2021-02-04,Equal Weight,0.18570998108988857,0.20665558695123284,0.8018654783767993
2021-02-05,Equal Weight,0.18681698631891464,0.20666646683580805,0.8071797465403376
2021-02-08,Equal Weight,0.19806282125507368,0.20674782894750984,0.861256063299611
2021-02-09,Equal Weight,0.1948498985808227,0.20670572708708104,0.8458880218019401
2021-02-10,Equal Weight,0.19335512179869774,0.20669976369138332,0.8386807933536327
2021-02-11,Equal Weight,0.18988280201938768,0.20667884220769334,0.8219651329799448
2021-02-12,Equal Weight,0.1901375883660572,0.20667771232365542,0.8232023978455079
2021-02-16,Equal Weight,0.18123827882779286,0.2067575244834295,0.7798423744462817
2021-02-17,Equal Weight,0.1784914890611391,0.20677362108676334,0.7664976229953202
2021-02-18,Equal Weight,0.16976878231953885,0.20685801373107102,0.7240173083854904
2021-02-19,Equal Weight,0.17115624622479042,0.2068559625006162,0.7307318793111423
2021-02-22,Equal Weight,0.16559540940086404,0.20696515560674125,0.7034778824195551
2021-02-23,Equal Weight,0.18436894027287143,0.20627932475138713,0.7968270231200965
2021-02-24,Equal Weight,0.20763637076676078,0.20567084462920474,0.9123139018806602
2021-02-25,Equal Weight,0.1831577148174366,0.20691108366772296,0.7885402363435031
2021-02-26,Equal Weight,0.2089555255791733,0.2055848977634211,0.9191118979790811
2021-03-01,Equal Weight,0.22983442329443027,0.20583775608748012,1.0194165894679283
2021-03-02,Equal Weight,0.19870908412753185,0.20504072640704893,0.8715784774033466
2021-03-03,Equal Weight,0.18989824237507236,0.20530190624167133,0.8275531654103421
2021-03-04,Equal Weight,0.15272779353474797,0.20496313525796875,0.6475691024519867
2021-03-05,Equal Weight,0.175136393019927,0.2047731659129533,0.7576011843557359
2021-03-08,Equal Weight,0.16978835431075812,0.20492035604267853,0.7309588817987506
2021-03-09,Equal Weight,0.24557898086681607,0.20021995697872502,1.126655825277126
2021-03-10,Equal Weight,0.23211941906088063,0.19972442875652985,1.0620604619150553
2021-03-11,Equal Weight,0.2953206804077344,0.1957095228513601,1.4067822372488148
2021-03-12,Equal Weight,0.38582459881464315,0.18269038679613137,2.002429384655448
2021-03-15,Equal Weight,0.33437785328361014,0.17763368283822412,1.7698099158925995
2021-03-16,Equal Weight,0.4329720939669941,0.16256662846499892,2.54032514462775
2021-03-17,Equal Weight,0.40362175649169196,0.1611009084334831,2.3812513549548693
2021-03-18,Equal Weight,0.46242802693671203,0.1521006257914402,2.9087850535432223
2021-03-19,Equal Weight,0.46035438116647276,0.15208790458568616,2.895393834020361
2021-03-22,Equal Weight,0.4705979094541699,0.1520427293258864,2.9636268136726502
2021-03-23,Equal Weight,0.4526327791989435,0.15226491706847886,2.8413162239097622
2021-03-24,Equal Weight,0.3675082167008892,0.1425904241206332,2.4371076728609284
2021-03-25,Equal Weight,0.348933614178607,0.14168807433165323,2.3215335216474386
2021-03-26,Equal Weight,0.3173637957443125,0.13795877112791122,2.1554540774258255
2021-03-29,Equal Weight,0.3290717903672773,0.13714773965358198,2.2535682407012607
2021-03-30,Equal Weight,0.3084819766356308,0.13633811654949363,2.1159304817806084
2021-03-31,Equal Weight,0.3262296009430934,0.13594000729983288,2.252681951588139
2021-04-01,Equal Weight,0.38320011725305325,0.1328438105714345,2.7340386856619756
2021-04-05,Equal Weight,0.3715566824386112,0.13233167640876345,2.656632878681872
2021-04-06,Equal Weight,0.38958884446019915,0.13175296431412886,2.805165306026935
2021-04-07,Equal Weight,0.3264625762102027,0.12478469121421548,2.4559308776435103
2021-04-08,Equal Weight,0.3338249815821335,0.12487651962841043,2.513082383429396
2021-04-09,Equal Weight,0.30808339971627396,0.12363808886971511,2.330053807446383
2021-04-12,Equal Weight,0.27806030049252217,0.12193298606415387,2.1164108976774028
2021-04-13,Equal Weight,0.2947494684474983,0.12166636343469778,2.2582204373599533
2021-04-14,Equal Weight,0.2716748655810892,0.12068678701298324,2.085355587053739
2021-04-15,Equal Weight,0.3030867981758032,0.12025007554310584,2.354150688864437
2021-04-16,Equal Weight,0.30181763710965814,0.12024927029919856,2.343612035303439
2021-04-19,Equal Weight,0.2801379113809821,0.11976803157793486,2.1720145848076866
2021-04-20,Equal Weight,0.287115481337366,0.11941860824972704,2.236799484204142
2021-04-21,Equal Weight,0.3175399852908467,0.11851906824110145,2.510481981562375
2021-04-22,Equal Weight,0.2956409114504772,0.11801333243813934,2.3356760270706163
2021-04-23,Equal Weight,0.30256659352448856,0.11814432796020047,2.3917068081311306
2021-04-26,Equal Weight,0.2980061650523089,0.11805261425539786,2.3549344231451217
2021-04-27,Equal Weight,0.28285905625011787,0.1178337786645043,2.230761494957475
2021-04-28,Equal Weight,0.2813334502277096,0.11782685805600182,2.217944656586707
2021-04-29,Equal Weight,0.25823275011135327,0.11649124582702658,2.0450699828989385
2021-04-30,Equal Weight,0.2695980726508638,0.11568132240875208,2.1576350222633693
2021-05-03,Equal Weight,0.29572492529577055,0.11421988429014635,2.4139835809618053
2021-05-04,Equal Weight,0.28382380475758295,0.11447570384057376,2.3046270597733205
2021-05-05,Equal Weight,0.27954053148553326,0.11444766088752752,2.2677661515563394
2021-05-06,Equal Weight,0.29756760325475606,0.11420436075385171,2.430446625878029
2021-05-07,Equal Weight,0.29124434865234927,0.11384948509602952,2.3824819973806703
2021-05-10,Equal Weight,0.26539872238570505,0.11398372344486493,2.1529277599393994
2021-05-11,Equal Weight,0.26419746160289415,0.11403173695436991,2.1414868187144287
2021-05-12,Equal Weight,0.2555612701507297,0.11494912652456311,2.049265420911166
2021-05-13,Equal Weight,0.27410736521697454,0.11478464721674955,2.2137748503694907
2021-05-14,Equal Weight,0.2844768209823858,0.11538217690178783,2.2921808903597465
2021-05-17,Equal Weight,0.28218329816319554,0.11538663247879619,2.2722155290507775
2021-05-18,Equal Weight,0.2533654604302007,0.1134911957248139,2.0562428560189825
2021-05-19,Equal Weight,0.2559060069138699,0.11340203192964049,2.0802626099348567
2021-05-20,Equal Weight,0.2514372961255258,0.11308404947698936,2.04659540577046
2021-05-21,Equal Weight,0.2564870496494358,0.11294299824878352,2.093861977424377
2021-05-24,Equal Weight,0.26345550739495827,0.11310263066902901,2.15251852193765
2021-05-25,Equal Weight,0.25472900290712075,0.11278944382695125,2.0811256350129446
2021-05-26,Equal Weight,0.24709881339327455,0.11250637850850852,2.0185416720715064
2021-05-27,Equal Weight,0.24939936065482726,0.11247377037306223,2.039580960911479
2021-05-28,Equal Weight,0.24699615152909016,0.11243473907832764,2.018914735693506
2021-06-01,Equal Weight,0.24257463739004925,0.112258034961466,1.9827056251826505
2021-06-02,Equal Weight,0.23952640766089428,0.11218122993612763,1.9568907185799758
2021-06-03,Equal Weight,0.2205364175241833,0.11222040821589947,1.786987061554559
2021-06-04,Equal Weight,0.23721049303748742,0.11233171072098573,1.93365249797543
2021-06-07,Equal Weight,0.22336280710683432,0.1115878079923635,1.8224464730121004
2021-06-08,Equal Weight,0.21399186297355377,0.11120124387656989,1.7445116278454496
2021-06-09,Equal Weight,0.21814854494481706,0.11112864356648011,1.7830555524263134
2021-06-10,Equal Weight,0.22323342509501987,0.11118484268998509,1.827887868328351
2021-06-11,Equal Weight,0.2671408785803766,0.10521100165319243,2.349002240231762
2021-06-14,Equal Weight,0.2526353816925795,0.10470800996392253,2.2217534434350794
2021-06-15,Equal Weight,0.24049602896598965,0.10463133192527392,2.107361388875987
2021-06-16,Equal Weight,0.2228533968709403,0.10465776854812664,1.9382545575454213
2021-06-17,Equal Weight,0.22363827284947924,0.10464574039128444,1.9459776584125497
2021-06-18,Equal Weight,0.2157364350889026,0.10489547864678633,1.8660140323874614
2021-06-21,Equal Weight,0.225988805757934,0.10502568263560857,1.961318418396971
2021-06-22,Equal Weight,0.22049222622078202,0.10491532453026102,1.9109908597094745
2021-06-23,Equal Weight,0.2163492557119997,0.10490663144234627,1.8716572347469542
2021-06-24,Equal Weight,0.2391890939346577,0.10392188852586087,2.1091715811160676
2021-06-25,Equal Weight,0.2317351261903906,0.10373943109018488,2.0410284109455037
2021-06-28,Equal Weight,0.24626959688785854,0.1031541245748557,2.1935099330290164
2021-06-29,Equal Weight,0.23340593862984438,0.1028249339691341,2.0754298630904486
2021-06-30,Equal Weight,0.2257577565121056,0.10273538765600229,2.0027934016374376
2021-07-01,Equal Weight,0.22264921942164007,0.10267999378877697,1.9735998410606628
2021-07-02,Equal Weight,0.22020714574072486,0.10260941922664109,1.9511575764649092
2021-07-06,Equal Weight,0.2066468660663019,0.10211255427491617,1.8278542476157753
2021-07-07,Equal Weight,0.21689118093815107,0.1018895573216654,1.9323980407193793
2021-07-08,Equal Weight,0.20312756146794753,0.10193911853385938,1.7964405039182398
2021-07-09,Equal Weight,0.2129888743968067,0.10210129237110918,1.8901707306049271
2021-07-12,Equal Weight,0.2117133800434985,0.10208475060995453,1.8779825478145808
2021-07-13,Equal Weight,0.2129642556355147,0.10201746255524136,1.8914826030987257
2021-07-14,Equal Weight,0.2080856838928451,0.10183825592363085,1.8469059803409411
2021-07-15,Equal Weight,0.19922071059693214,0.10165356998196522,1.7630537779315418
2021-07-16,Equal Weight,0.19832304353377395,0.10169835312926853,1.7534506513306853
2021-07-19,Equal Weight,0.18729954726167208,0.10181933725055024,1.643101907548195
2021-07-20,Equal Weight,0.1907059589783453,0.10197836778670805,1.6739428437939294
2021-07-21,Equal Weight,0.1900288724327457,0.10196452022936142,1.6675297647679674
2021-07-22,Equal Weight,0.18527391393794845,0.10189327518716447,1.6220296544042003
2021-07-23,Equal Weight,0.19125502984972664,0.10180948684732191,1.6821126906036605
2021-07-26,Equal Weight,0.19357338876559593,0.10174037646490473,1.7060423284896136
2021-07-27,Equal Weight,0.18055215167196792,0.10148947402637438,1.5819586534682872
2021-07-28,Equal Weight,0.18775554319047916,0.10158857298782054,1.6513229613983396
2021-07-29,Equal Weight,0.1784649472415465,0.10113421840694203,1.566877657608606
2021-07-30,Equal Weight,0.17929888640240943,0.10110628331447372,1.5755587207863
2021-08-02,Equal Weight,0.18185005781896657,0.10110715676717638,1.6007774621895994
2021-08-03,Equal Weight,0.1801065500384953,0.10105910883589209,1.5842861854094636
2021-08-04,Equal Weight,0.16831956826489836,0.10076633830011121,1.4719158279142774
2021-08-05,Equal Weight,0.16777699441339156,0.10075479377996654,1.4666993883796189
2021-08-06,Equal Weight,0.15431343306209389,0.10092120294800144,1.3308742775420288
2021-08-09,Equal Weight,0.1540771697019685,0.10092925335039218,1.328427242362509
2021-08-10,Equal Weight,0.15158995449859147,0.10095350715842016,1.3034708570559654
2021-08-11,Equal Weight,0.1700945615811429,0.10018403843899341,1.4981883733159973
2021-08-12,Equal Weight,0.1615025086813029,0.09998802560858754,1.4151945477474241
2021-08-13,Equal Weight,0.16932888312464556,0.1000414953010627,1.4926694435669767
2021-08-16,Equal Weight,0.1704964051450366,0.10001831997429969,1.5046883929234922
2021-08-17,Equal Weight,0.15461602925186013,0.09999513694602635,1.3462257602039274
2021-08-18,Equal Weight,0.14836699561267674,0.10008444027474539,1.2825869361939968
2021-08-19,Equal Weight,0.15625967548830588,0.09968271100050374,1.366933885732876
2021-08-20,Equal Weight,0.15693800276057446,0.09970366627407246,1.3734500232333449
2021-08-23,Equal Weight,0.1653469145353037,0.09996246038194305,1.454014977021902
2021-08-24,Equal Weight,0.16238802478268477,0.09989034569841108,1.4254433077304856
2021-08-25,Equal Weight,0.15929277289220578,0.09990884105166285,1.3941986657634984
2021-08-26,Equal Weight,0.15167269506955594,0.0999524543210462,1.317353295264013
2021-08-27,Equal Weight,0.16924245308226893,0.10037019714443304,1.4869199954594945
2021-08-30,Equal Weight,0.1642027164324129,0.1001959300371775,1.4392073248774355
2021-08-31,Equal Weight,0.16892524422971134,0.10012346003530029,1.4874160778822978
2021-09-01,Equal Weight,0.16558121589553543,0.0999547307218012,1.4564714930874465
2021-09-02,Equal Weight,0.16049478410851048,0.09980116208748153,1.4077469757852983
2021-09-03,Equal Weight,0.18154678392358292,0.09814183233535835,1.6460542877533086
2021-09-07,Equal Weight,0.18311904671074863,0.09805537348811291,1.663540109105018
2021-09-08,Equal Weight,0.19585610360152983,0.09714733000723372,1.8102000702277188
2021-09-09,Equal Weight,0.18152476075548796,0.09655309854985276,1.672911208251786
2021-09-10,Equal Weight,0.18430541698267988,0.09635475784372917,1.7052133247966332
2021-09-13,Equal Weight,0.18816295386691473,0.09640455392710877,1.7443465792504191
2021-09-14,Equal Weight,0.17379441618641978,0.09583697973489384,1.6047502395406132
2021-09-15,Equal Weight,0.1705914026321813,0.09576305272187086,1.5725417930185561
2021-09-16,Equal Weight,0.16620463886573078,0.09588724161189777,1.5247559154688375
2021-09-17,Equal Weight,0.16592327681672092,0.09590311464622055,1.5215697358216262
2021-09-20,Equal Weight,0.16415759122057239,0.09603465508594303,1.5010996925179076
2021-09-21,Equal Weight,0.18150944477719877,0.09517767314002495,1.696925754211146
2021-09-22,Equal Weight,0.18530911223757185,0.09533027533694524,1.7340672903050594
2021-09-23,Equal Weight,0.20588435409989048,0.09375445399786493,1.9826722483405816
2021-09-24,Equal Weight,0.19829535219299177,0.09393221676045783,1.8981278026012463
2021-09-27,Equal Weight,0.18812982841828085,0.09368014743523663,1.794722073153366
2021-09-28,Equal Weight,0.1560435623603016,0.0943305470063408,1.4422005032066325
2021-09-29,Equal Weight,0.15676756961290694,0.09431908809412311,1.450051865179438
2021-09-30,Equal Weight,0.15276387770725064,0.09435551864384907,1.4070600174259693
2021-10-01,Equal Weight,0.15099754615851224,0.09423411285900957,1.3901287143702101
2021-10-04,Equal Weight,0.1470970566091896,0.09444075542096429,1.3457861073078217
2021-10-05,Equal Weight,0.13983055320928184,0.09417400071370317,1.2724377460991247
2021-10-06,Equal Weight,0.14747690525820745,0.09397930930698774,1.3564358601721394
2021-10-07,Equal Weight,0.14426863125500766,0.09383617581753516,1.3243147450579031
2021-10-08,Equal Weight,0.13243326126632549,0.0936883654931936,1.2000770925445772
2021-10-11,Equal Weight,0.1220869652938188,0.09359994725116032,1.0906733207860142
2021-10-12,Equal Weight,0.11769499891162738,0.09336416540298764,1.04638646412086
2021-10-13,Equal Weight,0.13284907273590574,0.0935034090914957,1.206897949843516
2021-10-14,Equal Weight,0.1472934912066226,0.09377108442247349,1.3574919389128344
2021-10-15,Equal Weight,0.1486518783689601,0.09375664798316692,1.3721893981540199
2021-10-18,Equal Weight,0.15143827728963366,0.09373168911063076,1.4022821794505178
2021-10-19,Equal Weight,0.16206881625954384,0.09341109756158754,1.5208986937111562
2021-10-20,Equal Weight,0.16263908160734042,0.09342107079981792,1.5268405766081032
2021-10-21,Equal Weight,0.16376633015549102,0.0934039960343025,1.5391882174151632
2021-10-22,Equal Weight,0.16647336430452309,0.0934105376585942,1.5680603920712672
2021-10-25,Equal Weight,0.1664780883600081,0.09341067868121719,1.5681085977321092
2021-10-26,Equal Weight,0.17698377252027453,0.09294299695243789,1.6890328229958895
2021-10-27,Equal Weight,0.17693137752011268,0.09294371409752197,1.6884560622943379
2021-10-28,Equal Weight,0.2082367655549202,0.09066922401896972,2.076082238395881
2021-10-29,Equal Weight,0.19891441898953954,0.09066215670096284,1.9734189600150938
2021-11-01,Equal Weight,0.21530496279848488,0.0902756733831899,2.163428479447403
2021-11-02,Equal Weight,0.20433580060690226,0.0897624901978403,2.053594994976392
2021-11-03,Equal Weight,0.19417373409193717,0.08917106799542342,1.9532538749101491
2021-11-04,Equal Weight,0.18011160138237714,0.08795005898372317,1.8204831609266896
2021-11-05,Equal Weight,0.1704153608869663,0.0869984505235174,1.7289429867064823
2021-11-08,Equal Weight,0.17400533423057185,0.08694275054733222,1.7713418687706495
2021-11-09,Equal Weight,0.172278953404839,0.08693298657714903,1.751682064548633
2021-11-10,Equal Weight,0.16184196151247332,0.08741837419455668,1.622564624649648
2021-11-11,Equal Weight,0.15962476759900213,0.08734077294179113,1.598620700231907
2021-11-12,Equal Weight,0.1662705244148046,0.0872772075163416,1.6759303898147433
2021-11-15,Equal Weight,0.15099406984218966,0.08677917197081839,1.50951048353215
2021-11-16,Equal Weight,0.14128299460361204,0.08648274406766084,1.402395309158146
2021-11-17,Equal Weight,0.14158423043760382,0.08648262919426458,1.4058803666166422
2021-11-18,Equal Weight,0.1490041585441242,0.08621294666599612,1.496343223760912
2021-11-19,Equal Weight,0.14281378046467208,0.08615260600774316,1.4255376146559502
2021-11-22,Equal Weight,0.13242116208741272,0.08665443513238316,1.2973503539162812
2021-11-23,Equal Weight,0.12832412910098667,0.08673885682833102,1.2488535480168488
2021-11-24,Equal Weight,0.1261382392378152,0.08665114973238093,1.2248912976413984
2021-11-26,Equal Weight,0.11320518009993852,0.0875737254192772,1.0643052999481244
2021-11-29,Equal Weight,0.11369791890962255,0.08759005695314376,1.0697323665372906
2021-11-30,Equal Weight,0.11566181911175621,0.08742996435850339,1.094153701350013
2021-12-01,Equal Weight,0.09981248693156575,0.08725764488082242,0.914676152909864
2021-12-02,Equal Weight,0.11173401664923,0.08778808842344343,1.044948332930471
2021-12-03,Equal Weight,0.10238791490486676,0.08774530898647169,0.9389438119998994
2021-12-06,Equal Weight,0.10299050330552428,0.08777157352495588,0.9455282612875545
2021-12-07,Equal Weight,0.11419754051565945,0.08849382975280541,1.0644532028819016
2021-12-08,Equal Weight,0.11117952951774224,0.08846424689837301,1.03069355942733
2021-12-09,Equal Weight,0.11200508004834808,0.08839854380204255,1.0407985934064923
2021-12-10,Equal Weight,0.11086730831557001,0.0883659134195285,1.0283072374770328
2021-12-13,Equal Weight,0.10905997025781833,0.08840899543507211,1.0073632193143094
2021-12-14,Equal Weight,0.10355553337889267,0.08865377504528518,0.9424926726043162
2021-12-15,Equal Weight,0.1004086871338532,0.08837961262364737,0.9098103595029627
2021-12-16,Equal Weight,0.09459971261394706,0.08847438252406209,0.8431786748402389
2021-12-17,Equal Weight,0.08726842751482944,0.08833235905331778,0.7615377675380087
2021-12-20,Equal Weight,0.08380589724317167,0.0885620751030305,0.7204652462009473
2021-12-21,Equal Weight,0.09918672726470001,0.089000418304814,0.8897343267926734
2021-12-22,Equal Weight,0.10600252650688402,0.0892635214524389,0.9634677761699957
2021-12-23,Equal Weight,0.10655147351740335,0.08927195717879585,0.9695258875534244
2021-12-27,Equal Weight,0.11230744812943727,0.0895473628089917,1.0308226309950963
2021-12-28,Equal Weight,0.10677271762621454,0.08954638615576406,0.9690253437506146
2021-12-29,Equal Weight,0.10534769771713903,0.08956875589477213,0.952873542392482
2021-12-30,Equal Weight,0.10385257492692923,0.08951891301062646,0.9367023359295638
2021-12-31,Equal Weight,0.10153483222586512,0.08952197790809568,0.91078005793806
2022-01-03,Equal Weight,0.10352674782763183,0.08944020076657672,0.9338837246756861
2022-01-04,Equal Weight,0.09620456927616905,0.08929668500448847,0.853386318566458
2022-01-05,Equal Weight,0.08049949720716754,0.09070152990729055,0.6670173840397879
2022-01-06,Equal Weight,0.07409295857114495,0.09058468079596185,0.5971534932378582
2022-01-07,Equal Weight,0.06851514013706139,0.09063112137864389,0.5353033196441657
2022-01-10,Equal Weight,0.07464422972318907,0.09033944241136058,0.6048767655036724
2022-01-11,Equal Weight,0.08037584381960605,0.09072274829808158,0.6654983998195605
2022-01-12,Equal Weight,0.0794637354316372,0.09069830593193978,0.6556212359275919
2022-01-13,Equal Weight,0.07112027059952264,0.09090285157831475,0.562361572953313
2022-01-14,Equal Weight,0.0728936001008138,0.09081680919802662,0.5824208157928008
2022-01-18,Equal Weight,0.04957446280925715,0.09181959519323267,0.32209315176154096
2022-01-19,Equal Weight,0.03676424002191614,0.09129430507757157,0.18362854076901933
2022-01-20,Equal Weight,0.0332618883722855,0.0914180956942011,0.1450685257834214
2022-01-21,Equal Weight,0.02645361001238289,0.0917358360377095,0.07034993401847918
2022-01-24,Equal Weight,0.02205168535627755,0.09162520775664161,0.022392149567910042
2022-01-25,Equal Weight,0.016664635391728355,0.09184315266855479,-0.036315876702407726
2022-01-26,Equal Weight,0.021880919261346943,0.09118292606868807,0.020627976557037075
2022-01-27,Equal Weight,0.013741652433570728,0.09135412065721044,-0.06850646168345895
2022-01-28,Equal Weight,0.03838393668717721,0.09124420354456952,0.20148059792310333
2022-01-31,Equal Weight,0.0383690075101617,0.09124195801266442,0.2013219346697062
2022-02-01,Equal Weight,0.036718505417377756,0.09117102069540821,0.18337521385476577
2022-02-02,Equal Weight,0.04149599488106426,0.09122632265973522,0.23563368832965131
2022-02-03,Equal Weight,0.023774115473285784,0.09230352434261944,0.04088809717900615
2022-02-04,Equal Weight,0.01862353009598494,0.09224863647864813,-0.014921303517951257
2022-02-07,Equal Weight,0.01146717793362284,0.09196562966732821,-0.09278272869161398
2022-02-08,Equal Weight,0.012414337986134116,0.09199709560578231,-0.08245545105436025
2022-02-09,Equal Weight,0.02332501400099507,0.09275334031705797,0.03584791652385998
2022-02-10,Equal Weight,0.008054437167695827,0.09383819741993077,-0.12729957693930505
2022-02-11,Equal Weight,0.003292412764979602,0.09396974736807752,-0.17779751146480294
2022-02-14,Equal Weight,0.0033743692401120295,0.09396525971759734,-0.1769338030869552
2022-02-15,Equal Weight,0.014075493591697574,0.09435398283619312,-0.06279021012380467
2022-02-16,Equal Weight,0.02342792524738435,0.09427251661011968,0.03636187269255927
2022-02-17,Equal Weight,0.013470021928915443,0.09468782182760793,-0.06896323038218442
2022-02-18,Equal Weight,0.01682644776163289,0.09451858238735929,-0.033575961024903546
2022-02-22,Equal Weight,0.010881648150383283,0.09472031298513003,-0.09626606545364974
2022-02-23,Equal Weight,-0.005444149027881151,0.09542613005318869,-0.26663712563528535
2022-02-24,Equal Weight,0.02283409283930382,0.09303665420251546,0.030462110483194853
2022-02-25,Equal Weight,0.0374000783489723,0.09389862269527167,0.18530706680800432
2022-02-28,Equal Weight,0.025821479056680197,0.09308684301291945,0.06253815113132839
2022-03-01,Equal Weight,0.026903173092460708,0.09302652505449074,0.07420650280570128
2022-03-02,Equal Weight,0.03922478462133605,0.09246526996612302,0.20791357261358276
2022-03-03,Equal Weight,0.049506401467594774,0.09157748251368122,0.322201491651473
2022-03-04,Equal Weight,0.03684688973737216,0.09130797510964168,0.18450622431548377
2022-03-07,Equal Weight,0.02560456903808417,0.0929127652586897,0.060320764563187926
2022-03-08,Equal Weight,0.009564538939204281,0.09146128635983891,-0.11409702920358203
2022-03-09,Equal Weight,0.018427603229608458,0.09230689904837915,-0.017034444733837615
2022-03-10,Equal Weight,0.0014068646399951756,0.0921061615501277,-0.20186635776680076
2022-03-11,Equal Weight,-0.004007517849492048,0.09249656171830573,-0.25955038115477097
2022-03-14,Equal Weight,-0.022683218630547675,0.09332613185167292,-0.4573554885826178
2022-03-15,Equal Weight,-0.014020778174079651,0.0936134195770487,-0.3634177485213943
2022-03-16,Equal Weight,0.0076141811048764385,0.09668232007076222,-0.1281084161619035
2022-03-17,Equal Weight,0.0286194064810128,0.09584060203550425,0.08993481153029205
2022-03-18,Equal Weight,0.03399474510151079,0.09609662870074663,0.14563200905925286
2022-03-21,Equal Weight,0.021338066091173058,0.09637742472224689,0.013883604952397016
2022-03-22,Equal Weight,0.03335644778559366,0.09618091694487761,0.13886796060853102
2022-03-23,Equal Weight,0.03701481386232364,0.09599940884548366,0.17723873581044564
2022-03-24,Equal Weight,0.039921359939670165,0.09614135009940417,0.20720907204935982
2022-03-25,Equal Weight,0.0264594284514319,0.09561663073662706,0.06755549114906785
2022-03-28,Equal Weight,0.03717135641859026,0.0953830264034649,0.1800252840160091
2022-03-29,Equal Weight,0.05206013180750779,0.09647400002889843,0.33231888174953145
2022-03-30,Equal Weight,0.044965951809635696,0.096457230059335,0.25882924270454444
2022-03-31,Equal Weight,0.0241905031988503,0.09605261903109523,0.04362716229001213
2022-04-01,Equal Weight,0.024414550174643557,0.09606402579344021,0.045954249139379774
2022-04-04,Equal Weight,0.02734667971859417,0.09616217954837192,0.07639884779128378
2022-04-05,Equal Weight,0.01530062655678921,0.09732937558109413,-0.048283197289140184
2022-04-06,Equal Weight,0.0017614517384374473,0.09743500895109981,-0.18718680747200447
2022-04-07,Equal Weight,0.00041887874057566776,0.09745696973295807,-0.2009206864637653
2022-04-08,Equal Weight,-0.0017220803683661856,0.09752002365498846,-0.22274482259372413
2022-04-11,Equal Weight,-0.017290704795174805,0.09797209652665596,-0.380625771186073
2022-04-12,Equal Weight,-0.016300670095897418,0.09796217043798779,-0.3705580422891564
2022-04-13,Equal Weight,-0.01773178900103778,0.09780554443007819,-0.38578374284304995
2022-04-14,Equal Weight,-0.029287713637529245,0.09842257829322577,-0.5007764934859629
2022-04-18,Equal Weight,-0.028450497085770743,0.09839229980509723,-0.49242163443425035
2022-04-19,Equal Weight,-0.020380801715476404,0.0984113833634233,-0.4103265327178075
2022-04-20,Equal Weight,-0.02351887312688039,0.09819396229803727,-0.4431929632780514
2022-04-21,Equal Weight,-0.03177147551697446,0.09887246821169678,-0.5236187227178962
2022-04-22,Equal Weight,-0.05150486932138032,0.09959630551747366,-0.7179470056631284
2022-04-25,Equal Weight,-0.05189632322843918,0.09958647664638058,-0.7219486585887986
2022-04-26,Equal Weight,-0.06331264913733803,0.10060478759872629,-0.8281181355865495
2022-04-27,Equal Weight,-0.06700568651703531,0.10062946672107247,-0.8646144052238702
2022-04-28,Equal Weight,-0.0546867906087658,0.10156233001835781,-0.7353788613875426
2022-04-29,Equal Weight,-0.06829907279487257,0.10325297828089723,-0.8551721632150608
2022-05-02,Equal Weight,-0.07504321751139797,0.10328864030943367,-0.9201710587598604
2022-05-03,Equal Weight,-0.06333348745962275,0.10326647897394037,-0.8069751993834536
2022-05-04,Equal Weight,-0.04840344473441527,0.10457132197515105,-0.6541319689031928
2022-05-05,Equal Weight,-0.08048705656394006,0.10799285839299794,-0.9304972389771976
2022-05-06,Equal Weight,-0.09553905041745292,0.10816694106585906,-1.0681549212629138
2022-05-09,Equal Weight,-0.10580254325350535,0.10972881992328659,-1.1464858853075808
2022-05-10,Equal Weight,-0.09952506872467615,0.10964029232562425,-1.0901564214157218
2022-05-11,Equal Weight,-0.08742291904975408,0.1083080202434835,-0.9918279256537083
2022-05-12,Equal Weight,-0.09434406397187467,0.10805709490265827,-1.058181918317163
2022-05-13,Equal Weight,-0.09376721995217585,0.10814197560439728,-1.0520172145583573
2022-05-16,Equal Weight,-0.09504574034281821,0.10814850719905057,-1.0637755741840529
2022-05-17,Equal Weight,-0.08478156192689823,0.10866335663135265,-0.964276874700055
2022-05-18,Equal Weight,-0.0974511828838015,0.1098814621643961,-1.0688898797877315
2022-05-19,Equal Weight,-0.10247651980913652,0.10953903381601174,-1.1181084545154503
2022-05-20,Equal Weight,-0.09852569733061023,0.109602360247699,-1.0814155558579641
2022-05-23,Equal Weight,-0.0991921513620706,0.1095548039470186,-1.087968277682398
2022-05-24,Equal Weight,-0.10191501066848352,0.10951623631513467,-1.1132140289926618
2022-05-25,Equal Weight,-0.09882164496788237,0.10967903814242026,-1.0833578319094144
2022-05-26,Equal Weight,-0.09044699909488485,0.11009142852641708,-1.0032297752261654
2022-05-27,Equal Weight,-0.0793605862775213,0.11104963017037121,-0.89474036181015
2022-05-31,Equal Weight,-0.09036874597372468,0.11116259538284515,-0.9928586643161179
2022-06-01,Equal Weight,-0.09803659685731003,0.11121840910678782,-1.0613044891154273
2022-06-02,Equal Weight,-0.0790539716306875,0.11190114773270604,-0.8851917396530544
2022-06-03,Equal Weight,-0.09716107433509746,0.11208219826453539,-1.0453138513448403
2022-06-06,Equal Weight,-0.10123808111102262,0.11205743847200396,-1.0819280073166435
2022-06-07,Equal Weight,-0.09621441871992209,0.11234185218263308,-1.0344712719440785
2022-06-08,Equal Weight,-0.10398020198559288,0.11262959706489387,-1.100778172136753
2022-06-09,Equal Weight,-0.12101325594736934,0.1134274215865479,-1.2432025164194778
2022-06-10,Equal Weight,-0.1348462628037752,0.1144977116633557,-1.3523961357328402
2022-06-13,Equal Weight,-0.16471102639704072,0.11951505103154231,-1.5455043093132423
2022-06-14,Equal Weight,-0.16566451183466258,0.11954413012007754,-1.5531043778407991
2022-06-15,Equal Weight,-0.1458555183330159,0.12071255045082571,-1.3739707902251634
2022-06-16,Equal Weight,-0.159855544309763,0.12184783465227667,-1.4760668076131667
2022-06-17,Equal Weight,-0.15213428248738115,0.12175408830365472,-1.413786468164241
2022-06-21,Equal Weight,-0.15119400219924484,0.12182606569553707,-1.4052329542274324
2022-06-22,Equal Weight,-0.14923584962072556,0.1218812043868804,-1.3885311559896476
2022-06-23,Equal Weight,-0.1424856442462067,0.12213772953396733,-1.3303476727968675
2022-06-24,Equal Weight,-0.13317897761605813,0.12308157902674284,-1.2445321129880516
2022-06-27,Equal Weight,-0.13715168848047576,0.12311152743881665,-1.2764985680043341
2022-06-28,Equal Weight,-0.14630138677995863,0.12338707806159657,-1.347802293340139
2022-06-29,Equal Weight,-0.1449540968841062,0.12339078764705674,-1.336842887784588
2022-06-30,Equal Weight,-0.1465678132467847,0.12340848737483642,-1.34972737118848
2022-07-01,Equal Weight,-0.14158498832202826,0.12365979530828394,-1.3066897605579628
2022-07-05,Equal Weight,-0.14574799310343767,0.1235983171632873,-1.3410214387018384
2022-07-06,Equal Weight,-0.14981483956388153,0.12367927789409743,-1.3730258007270102
2022-07-07,Equal Weight,-0.14469387876465423,0.12396991348400124,-1.3284987795519316
2022-07-08,Equal Weight,-0.14199842212105906,0.12388856156106359,-1.3076140370005946
2022-07-11,Equal Weight,-0.15428169295893113,0.12385639119116268,-1.4071271678660564
2022-07-12,Equal Weight,-0.15786101604979463,0.12384348579352067,-1.436175790031744
2022-07-13,Equal Weight,-0.15227812221048742,0.1237667398215036,-1.3919581501374838
2022-07-14,Equal Weight,-0.16138112538023053,0.12389741492555531,-1.4639621455315652
2022-07-15,Equal Weight,-0.15171499287251478,0.12445635637431005,-1.37972055325219
2022-07-18,Equal Weight,-0.14981466250923647,0.12438464035741693,-1.3652382000002348
2022-07-19,Equal Weight,-0.13185809930214287,0.12537303348950324,-1.2112500996066038
2022-07-20,Equal Weight,-0.13717333387213737,0.12511560095969962,-1.2562249045405913
2022-07-21,Equal Weight,-0.12969903861070953,0.12565629353594285,-1.1913373727507683
2022-07-22,Equal Weight,-0.13114534644581444,0.12565376590257893,-1.2028716000680748
2022-07-25,Equal Weight,-0.13341314162102047,0.12563802274615432,-1.221072556442443
2022-07-26,Equal Weight,-0.1368253317815088,0.12574305108101969,-1.247188854042216
2022-07-27,Equal Weight,-0.12147374079478557,0.1267160366120282,-1.1164627980587938
2022-07-28,Equal Weight,-0.11602700467123606,0.12715826251140608,-1.069745701023828
2022-07-29,Equal Weight,-0.11321522984952226,0.1272736551352133,-1.0466834609880318
2022-08-01,Equal Weight,-0.10894045185614065,0.127268861599019,-1.013134322379564
2022-08-02,Equal Weight,-0.11919446499191166,0.1275881010893521,-1.0909674476182651
2022-08-03,Equal Weight,-0.11255020788039871,0.1280305761791888,-1.0353011900445117
2022-08-04,Equal Weight,-0.1081160048943659,0.12808798138413285,-1.0002187832920015
2022-08-05,Equal Weight,-0.11677691422943037,0.12820536825784576,-1.0668579333928168
2022-08-08,Equal Weight,-0.1061609906428791,0.12818511143934053,-0.9842093923878259
2022-08-09,Equal Weight,-0.10670313817312149,0.12820105363102088,-0.9883158880877018
2022-08-10,Equal Weight,-0.09373404055256163,0.128881383144612,-0.8824706701428381
2022-08-11,Equal Weight,-0.10094337270335463,0.1288767936100985,-0.9384418196285556
2022-08-12,Equal Weight,-0.08911815371650955,0.1295419524432562,-0.8423383441306942
2022-08-15,Equal Weight,-0.09364298825601536,0.12944004520427133,-0.8779585025381721
2022-08-16,Equal Weight,-0.09317145068202781,0.12943778373830517,-0.8743308747531995
2022-08-17,Equal Weight,-0.09554599748102188,0.1295788217640973,-0.891704338008084
2022-08-18,Equal Weight,-0.09214795541324328,0.12953406322886932,-0.8657796460464062
2022-08-19,Equal Weight,-0.1028249240410749,0.13020312522862904,-0.9433331483050162
2022-08-22,Equal Weight,-0.11896473548442288,0.130783798625721,-1.0625531368920869
2022-08-23,Equal Weight,-0.12652102959036993,0.13052134144253277,-1.1225829275964165
2022-08-24,Equal Weight,-0.12755062410627416,0.1305024874108075,-1.1306345728246618
2022-08-25,Equal Weight,-0.11508409693341692,0.13118155688690936,-1.0297491517795594
2022-08-26,Equal Weight,-0.12858509956900677,0.13239596293115527,-1.1222781743448604
2022-08-29,Equal Weight,-0.14352891905468612,0.1320238090479276,-1.2386320333730219
2022-08-30,Equal Weight,-0.15194942173473702,0.1321627721856914,-1.3010427890627518
2022-08-31,Equal Weight,-0.15770965211301669,0.13226091992812514,-1.343629336689854
2022-09-01,Equal Weight,-0.167608236902413,0.13228002140784587,-1.4182658492621432
2022-09-02,Equal Weight,-0.17262541037443602,0.1322988969260855,-1.455986518784465
2022-09-06,Equal Weight,-0.1796781633501796,0.13250252260759382,-1.506976315775711
2022-09-07,Equal Weight,-0.1637052508125415,0.1332862672134392,-1.378275906837149
2022-09-08,Equal Weight,-0.162143444397026,0.13327666591186335,-1.3666566697990368
2022-09-09,Equal Weight,-0.15167794379850597,0.13386364365147602,-1.2824837208636146
2022-09-12,Equal Weight,-0.1406956182326865,0.13393195322822607,-1.1998303194970503
2022-09-13,Equal Weight,-0.16660966654489762,0.13634218473576806,-1.3686861986739336
2022-09-14,Equal Weight,-0.1643366072327982,0.1363632634313863,-1.3518054833408306
2022-09-15,Equal Weight,-0.17428770995204657,0.1366628613693699,-1.4216569739962437
2022-09-16,Equal Weight,-0.17459635936448759,0.13667342595120507,-1.423805381405761
2022-09-19,Equal Weight,-0.16717716482150247,0.1366316293457507,-1.3699402233420246
2022-09-20,Equal Weight,-0.16943375645373782,0.1368119002251652,-1.384629232851583
2022-09-21,Equal Weight,-0.17703700195382976,0.13690628184134884,-1.4392108185522283
2022-09-22,Equal Weight,-0.1923078830310253,0.1371501949207681,-1.5479954888410907
2022-09-23,Equal Weight,-0.20419109110486844,0.13778995547973233,-1.6270495938859995
2022-09-26,Equal Weight,-0.2119605492690705,0.13842610698440821,-1.6756994350436918
2022-09-27,Equal Weight,-0.21654477472267786,0.13854363288835803,-1.707366623721291
2022-09-28,Equal Weight,-0.18677625836230016,0.1397094248952542,-1.480045161715673
2022-09-29,Equal Weight,-0.19857432865578906,0.1404628599852595,-1.5561005142478712
2022-09-30,Equal Weight,-0.20117707015092234,0.1405301749721545,-1.5738760034615178
2022-10-03,Equal Weight,-0.19093855071011112,0.14185785715647686,-1.4869712185024373
2022-10-04,Equal Weight,-0.1679650148221491,0.14344082140339287,-1.3104011325586502
2022-10-05,Equal Weight,-0.175015861918966,0.14357459428076205,-1.358289486353065
2022-10-06,Equal Weight,-0.1833517714033036,0.1437982525160895,-1.4141463324149277
2022-10-07,Equal Weight,-0.20213449084014978,0.14489505461261112,-1.5330715836647748
2022-10-10,Equal Weight,-0.20728917091097787,0.14514930949934243,-1.565899084845509
2022-10-11,Equal Weight,-0.2074178848356164,0.14515200344822712,-1.5667567751948521
2022-10-12,Equal Weight,-0.21113955195163658,0.1450674949219423,-1.593324211436944
2022-10-13,Equal Weight,-0.2099210085674279,0.14517377426704292,-1.5837640767298293
2022-10-14,Equal Weight,-0.23018898809462962,0.1457350612008262,-1.7167384844328133
2022-10-17,Equal Weight,-0.2160165887876112,0.14702062767024682,-1.605329759011598
2022-10-18,Equal Weight,-0.21173954850620091,0.14718692708411038,-1.5744574134207767
2022-10-19,Equal Weight,-0.22417635332003472,0.14773084292345307,-1.6528461388835032
2022-10-20,Equal Weight,-0.2310472691452493,0.1477738108598933,-1.6988617109108137
2022-10-21,Equal Weight,-0.22174168591194443,0.14830557056881088,-1.6300243138863149
2022-10-24,Equal Weight,-0.22517517426977085,0.1482817017438918,-1.6534418703477713
2022-10-25,Equal Weight,-0.21342812620045315,0.1495546159153577,-1.5608219430188948
2022-10-26,Equal Weight,-0.21119060346081409,0.14960377068273098,-1.5453527835946503
2022-10-27,Equal Weight,-0.21196540185404056,0.1496066885987898,-1.5505015452625757
2022-10-28,Equal Weight,-0.2099904278003818,0.149740597231094,-1.5359256744878516
2022-10-31,Equal Weight,-0.2120569510248781,0.14980091087005676,-1.549102403163446
2022-11-01,Equal Weight,-0.21287112329892355,0.14976364085694965,-1.5549242924813507
2022-11-02,Equal Weight,-0.2264965890761249,0.15051337506402693,-1.6377055459109042
2022-11-03,Equal Weight,-0.23299163386406052,0.1505454515756102,-1.6805000165481427
2022-11-04,Equal Weight,-0.22408547982228344,0.15136190966565782,-1.61259513943397
2022-11-07,Equal Weight,-0.22845457848610562,0.15119002608662602,-1.643326513772481
2022-11-08,Equal Weight,-0.2227861466876926,0.15144575642133046,-1.6031228106005697
2022-11-09,Equal Weight,-0.23198061856299312,0.15179484361970344,-1.660007761490821
2022-11-10,Equal Weight,-0.18811642943445095,0.15933901777807108,-1.306123461387954
2022-11-11,Equal Weight,-0.18365077009524733,0.15957155992628197,-1.2762347512885681
2022-11-14,Equal Weight,-0.19196799146615584,0.1596890598600898,-1.3273795440455958
2022-11-15,Equal Weight,-0.1801195134936363,0.16017748441673899,-1.2493610710789966
2022-11-16,Equal Weight,-0.18208076331461343,0.16019457323442327,-1.2614707179805356
2022-11-17,Equal Weight,-0.18668399839776173,0.16024480914023642,-1.2898015199786257
2022-11-18,Equal Weight,-0.18663078621073248,0.16024521636335687,-1.2894661750288763
2022-11-21,Equal Weight,-0.1887166936931699,0.1602724872508047,-1.302261525189639
2022-11-22,Equal Weight,-0.1741484549151593,0.16036989522298925,-1.210629056315102
2022-11-23,Equal Weight,-0.16492730182100024,0.1605737458600741,-1.1516658643695594
2022-11-25,Equal Weight,-0.16774185488801996,0.16052331044146276,-1.1695613202325705
2022-11-28,Equal Weight,-0.1664254079860531,0.16041779564897077,-1.1621242346079401
2022-11-29,Equal Weight,-0.1680933973588702,0.16037325537010255,-1.172847660445604
2022-11-30,Equal Weight,-0.14447969223634738,0.16178996179696736,-1.0166248289418314
2022-12-01,Equal Weight,-0.1330122412135719,0.16191460861268786,-0.9450181334754599
2022-12-02,Equal Weight,-0.1401334294203066,0.16158081017106563,-0.991042372239459
2022-12-05,Equal Weight,-0.15059591177679532,0.16224666303071048,-1.0514602185963262
2022-12-06,Equal Weight,-0.15815497906510423,0.16219122461525037,-1.0984255127718718
2022-12-07,Equal Weight,-0.16461039803447464,0.16178200773974505,-1.1411058659344435
2022-12-08,Equal Weight,-0.1612674952164187,0.1618489423862841,-1.1199794854623666
2022-12-09,Equal Weight,-0.1613426687886298,0.16185250036978902,-1.1204193223725987
2022-12-12,Equal Weight,-0.16039206028316266,0.1618802095585021,-1.1143552431464485
2022-12-13,Equal Weight,-0.1487666949810864,0.16229092295026148,-1.039902244149598
2022-12-14,Equal Weight,-0.1451589210349309,0.1621936538956608,-1.0182822636277598
2022-12-15,Equal Weight,-0.16452560989310394,0.16267945398288472,-1.1342895822143442
2022-12-16,Equal Weight,-0.1671599913487859,0.1627713316872153,-1.1498338768182859
2022-12-19,Equal Weight,-0.17356088710494777,0.16297480242322396,-1.1876737030936586
2022-12-20,Equal Weight,-0.16830131671303739,0.1628277452929133,-1.156444906697561
2022-12-21,Equal Weight,-0.16979692587994633,0.16271629497556622,-1.1664285123284461
2022-12-22,Equal Weight,-0.18287164183967586,0.1627108457617413,-1.2468231044459217
2022-12-23,Equal Weight,-0.18428755530877272,0.16268879352915855,-1.2556953117496594
2022-12-27,Equal Weight,-0.19390475831723653,0.16249971493923254,-1.3163392834087562
2022-12-28,Equal Weight,-0.2002728660899481,0.1627514774868178,-1.3534308228187315
2022-12-29,Equal Weight,-0.18674902498312307,0.1635267618841103,-1.264313086133534
2022-12-30,Equal Weight,-0.19358090806929573,0.16354876590627782,-1.3059157425357095
2023-01-03,Equal Weight,-0.18940393021606494,0.16363137773179054,-1.2797296772707039
2023-01-04,Equal Weight,-0.1766867267499509,0.16418971787758696,-1.1979235319509614
2023-01-05,Equal Weight,-0.18310454316721214,0.16438903157317436,-1.23551152545603
2023-01-06,Equal Weight,-0.15250339698794446,0.16517764592851714,-1.044350741398734
2023-01-09,Equal Weight,-0.14887788233279908,0.16522527155527042,-1.0221068529235662
2023-01-10,Equal Weight,-0.14450273799285174,0.1652258913788879,-0.9956232441537999
2023-01-11,Equal Weight,-0.1329087546898704,0.16570430877071496,-0.9227808004766505
2023-01-12,Equal Weight,-0.1316025086475373,0.1658029869880899,-0.914353302081508
2023-01-13,Equal Weight,-0.13229664074951564,0.16579031523709628,-0.9186099955942337
2023-01-17,Equal Weight,-0.12887890492422338,0.16570736394751456,-0.8984447122783188
2023-01-18,Equal Weight,-0.12775183857946848,0.16568801380791454,-0.8917472977300589
2023-01-19,Equal Weight,-0.1164112705448086,0.16506657394130456,-0.8264015378020422
2023-01-20,Equal Weight,-0.10861240401754202,0.16521265195825324,-0.7784658286947687
2023-01-23,Equal Weight,-0.09945601555115602,0.1652511691709282,-0.7228754637590262
2023-01-24,Equal Weight,-0.0902609727072251,0.16511859591957256,-0.6677683521541814
2023-01-25,Equal Weight,-0.08894189600199165,0.16513046824617475,-0.6597322538901921
2023-01-26,Equal Weight,-0.07945354606476196,0.16507682903021528,-0.6024682364510298
2023-01-27,Equal Weight,-0.06954233795103937,0.16483714637650032,-0.5432169867010316
2023-01-30,Equal Weight,-0.07333761719160803,0.16502576663323823,-0.5655942044435179
2023-01-31,Equal Weight,-0.07468032138387215,0.1649256269550312,-0.5740788932073473
2023-02-01,Equal Weight,-0.07690924333921123,0.16472932483671845,-0.5882938173592878
2023-02-02,Equal Weight,-0.07386611995790837,0.16483633142581774,-0.5694504308969742
2023-02-03,Equal Weight,-0.09034714367725294,0.16538814840663588,-0.667201034296273
2023-02-06,Equal Weight,-0.08492906864789862,0.16499872716041958,-0.6359386551259975
2023-02-07,Equal Weight,-0.0800818570995091,0.16504723288158257,-0.6063831265278796
2023-02-08,Equal Weight,-0.08427640292703087,0.1650968090054049,-0.6316076219475392
2023-02-09,Equal Weight,-0.0936463248609456,0.1651726683967605,-0.6880455826260328
2023-02-10,Equal Weight,-0.10736500472077648,0.1647401920783832,-0.773126479421466
2023-02-13,Equal Weight,-0.08764941880828536,0.1643552533422819,-0.6549800911084815
2023-02-14,Equal Weight,-0.08404452879504898,0.16429140155361482,-0.6332925996805445
2023-02-15,Equal Weight,-0.08063436439666571,0.16422444270361117,-0.6127855436129475
2023-02-16,Equal Weight,-0.09620006777445955,0.16416453771200376,-0.7078268509993981
2023-02-17,Equal Weight,-0.09980725371406984,0.16411070654919171,-0.7300392292087169
2023-02-21,Equal Weight,-0.10682294747543641,0.16468981942324032,-0.7700715679911645
2023-02-22,Equal Weight,-0.10484747796587546,0.16466789659041411,-0.7581774016122537
2023-02-23,Equal Weight,-0.09397629677554709,0.16468955249484366,-0.6920675601393453
2023-02-24,Equal Weight,-0.09445099018593206,0.1647277890198272,-0.694788601649697
2023-02-27,Equal Weight,-0.09590926813495038,0.16467421649111952,-0.7038701662272738
2023-02-28,Equal Weight,-0.10827020543610189,0.16413821252580246,-0.781476802155
2023-03-01,Equal Weight,-0.11071190206628834,0.16413458742203302,-0.7963702478515012
2023-03-02,Equal Weight,-0.10446635755680755,0.16410061789504396,-0.7584758616595471
2023-03-03,Equal Weight,-0.0931578972024052,0.16474966149268672,-0.6868475247667098
2023-03-06,Equal Weight,-0.09383851542629873,0.1647647053955945,-0.6909156615367126
2023-03-07,Equal Weight,-0.10032090738984045,0.16507228134882046,-0.7288983129492578
2023-03-08,Equal Weight,-0.0805085618463941,0.1640436401462252,-0.6126940474912822
2023-03-09,Equal Weight,-0.09002556148830987,0.1643194623452261,-0.6695832612764534
2023-03-10,Equal Weight,-0.10350875106002477,0.163758831610939,-0.7542112376171501
2023-03-13,Equal Weight,-0.09369910413370963,0.16365905856399798,-0.6947315054317523
2023-03-14,Equal Weight,-0.08085954290286879,0.1634851625108763,-0.6169339244847912
2023-03-15,Equal Weight,-0.06966538305442271,0.162947951841991,-0.5502700834274391
2023-03-16,Equal Weight,-0.07003335203942396,0.16292971845515875,-0.5525901161131804
2023-03-17,Equal Weight,-0.09412812387141445,0.16108029839153068,-0.7085169633471148
2023-03-20,Equal Weight,-0.09618875091124113,0.1609998047640524,-0.7216701354484092
2023-03-21,Equal Weight,-0.09978735717677778,0.16085504974107503,-0.7446913066739089
2023-03-22,Equal Weight,-0.09656178645129221,0.16072029292777998,-0.7252462295079907
2023-03-23,Equal Weight,-0.09697065725060405,0.16070757713139516,-0.7278478049293742
2023-03-24,Equal Weight,-0.09099657256852223,0.16073284133651897,-0.6905656096511963
2023-03-27,Equal Weight,-0.10111711516032673,0.16065230736397126,-0.7539083449696478
2023-03-28,Equal Weight,-0.09781119507912617,0.16064397534702043,-0.7333682749361276
2023-03-29,Equal Weight,-0.09373258103212112,0.16080811556555213,-0.7072564754094077
2023-03-30,Equal Weight,-0.10097582692042917,0.16025371603766977,-0.7549018513367403
2023-03-31,Equal Weight,-0.08943698087044405,0.1605584652062538,-0.6816020614662767
2023-04-03,Equal Weight,-0.07967587615671157,0.1604012022082797,-0.6214160167408423
2023-04-04,Equal Weight,-0.0840896218127869,0.1603086739166504,-0.6493074845526227
2023-04-05,Equal Weight,-0.09079806626375231,0.1602412469734748,-0.6914453572749159
2023-04-06,Equal Weight,-0.07451648821723289,0.15954834237449436,-0.5924003146042239
2023-04-10,Equal Weight,-0.06964200273846333,0.1593983136357276,-0.5623773595454835
2023-04-11,Equal Weight,-0.06539916451342398,0.15940588220159888,-0.5357340854299253
2023-04-12,Equal Weight,-0.06369943026114222,0.15937395923087225,-0.5251763253235968
2023-04-13,Equal Weight,-0.04663239036066713,0.15920665499354386,-0.4185276699857126
2023-04-14,Equal Weight,-0.053164802792458166,0.15936979099953208,-0.4590882772298609
2023-04-17,Equal Weight,-0.061077978201729666,0.15907390714727906,-0.5096874758137636
2023-04-18,Equal Weight,-0.04953156631841249,0.15870296681281146,-0.438123922411761
2023-04-19,Equal Weight,-0.04840567860352363,0.15868516835330482,-0.4310779596693102
2023-04-20,Equal Weight,-0.05318022339753037,0.1586239055569695,-0.46134422892044996
2023-04-21,Equal Weight,-0.05953845551787762,0.1585506508253917,-0.5016595964999951
2023-04-24,Equal Weight,-0.046315025786338504,0.15810146981767162,-0.4194459789830886
2023-04-25,Equal Weight,-0.03944707303035955,0.1576399502935059,-0.3771066466316218
2023-04-26,Equal Weight,-0.04484404487222504,0.15766626678716805,-0.4112740549616571
2023-04-27,Equal Weight,-0.02198393731880799,0.15724571395360212,-0.2669957499203828
2023-04-28,Equal Weight,-0.012045142157000477,0.15739047492733022,-0.20360280488254612
2023-05-01,Equal Weight,-0.032511060524567426,0.15698409891021736,-0.33449923201839477
2023-05-02,Equal Weight,-0.014122557396159086,0.155779511948882,-0.21904393568363584
2023-05-03,Equal Weight,-0.008804218559349208,0.15571976930713896,-0.1849747060858809
2023-05-04,Equal Weight,-0.0158765775244043,0.15561536495272793,-0.23054649863978866
2023-05-05,Equal Weight,-0.0238560513602174,0.1549682108145421,-0.28300030780314067
2023-05-08,Equal Weight,0.001062527985197903,0.1524601955944058,-0.124212565391048
2023-05-09,Equal Weight,0.008242497183980735,0.1521684026805684,-0.07726638782363111
2023-05-10,Equal Weight,0.03526276297149211,0.15075751633432694,0.10124047770623053
2023-05-11,Equal Weight,0.03209998618860932,0.15075763399386663,0.08026118391524764
2023-05-12,Equal Weight,0.032555788194492674,0.15074395243851305,0.08329215196618951
2023-05-15,Equal Weight,0.03627527220537785,0.1507676296174261,0.10794938042520444
2023-05-16,Equal Weight,0.013113922881248463,0.15036897374826763,-0.0457945342519894
2023-05-17,Equal Weight,0.020762042017917537,0.1504737653819183,0.005064284900317297
2023-05-18,Equal Weight,0.0096093256135934,0.15013477754160215,-0.06920897713740815
2023-05-19,Equal Weight,0.026212863294225563,0.1491701935000473,0.04164949544175253
2023-05-22,Equal Weight,0.02497133236425353,0.14914808536470564,0.033331519825395915
2023-05-23,Equal Weight,0.015354625421901247,0.14924033642442788,-0.03112680317798045
2023-05-24,Equal Weight,0.00040479938462545384,0.14936702279129954,-0.13118826531578925
2023-05-25,Equal Weight,0.0009203617095927541,0.14936594148706034,-0.12773754244410615
2023-05-26,Equal Weight,0.005128384357429905,0.1496085042717362,-0.09940354470464162
2023-05-30,Equal Weight,-0.0024854083058729604,0.14933835120578026,-0.15056687129811197
2023-05-31,Equal Weight,-0.01847908164140455,0.14864957542508617,-0.2588576626025856
2023-06-01,Equal Weight,-0.0030462666582726783,0.1486947642090081,-0.154990438169554
2023-06-02,Equal Weight,0.009955678677042279,0.14879123570952668,-0.06750613552646645
2023-06-05,Equal Weight,-0.0063083303126817425,0.14818173335474294,-0.17754098104454166
2023-06-06,Equal Weight,0.011521514239752895,0.1478860371198686,-0.057331212096615264
2023-06-07,Equal Weight,0.00958593694665466,0.1479259901115049,-0.07040049585265808
2023-06-08,Equal Weight,0.00794763739312998,0.14784613022348353,-0.081519635235983
2023-06-09,Equal Weight,0.014937256039971647,0.14760818363289965,-0.03429853166284707
2023-06-12,Equal Weight,0.0345710863808002,0.14691835042815177,0.0991781240283253
2023-06-13,Equal Weight,0.05390348482626539,0.14602016778328175,0.2321835767000611
2023-06-14,Equal Weight,0.09471455857077049,0.14172907382177888,0.5271646568771229
2023-06-15,Equal Weight,0.10942878018845126,0.1419154455813977,0.6301553704889582
2023-06-16,Equal Weight,0.08692771922022802,0.14098534361596804,0.47471401993765655
2023-06-20,Equal Weight,0.10014823018140584,0.13999368419990985,0.5725131861445607
2023-06-21,Equal Weight,0.09397069019708626,0.1400156773595132,0.5283029128742089
2023-06-22,Equal Weight,0.08024592847898271,0.1399191078225535,0.43057684841292054
2023-06-23,Equal Weight,0.0704334546086367,0.14001378250198826,0.3602035007369401
2023-06-26,Equal Weight,0.06454292487341728,0.13984551134459883,0.3185152275903751
2023-06-27,Equal Weight,0.054831306157826054,0.13914109954128137,0.2503308244124666
2023-06-28,Equal Weight,0.06014659413246504,0.1390907426306342,0.28863598952143993
2023-06-29,Equal Weight,0.0678115876145442,0.13879185321075835,0.34448410701701127
2023-06-30,Equal Weight,0.07644378213063563,0.1390381110187306,0.40595906918666186
2023-07-03,Equal Weight,0.08082536827086795,0.1390087941364104,0.43756489399641535
2023-07-05,Equal Weight,0.06713344670080601,0.13892387703616776,0.3392753478117745
2023-07-06,Equal Weight,0.056686187250656994,0.13939124868817235,0.26318859753331053
2023-07-07,Equal Weight,0.06426221984842817,0.13929960076714704,0.31774836111997773
2023-07-10,Equal Weight,0.05970190484088822,0.13911520975254313,0.28538867109864985
2023-07-11,Equal Weight,0.06956867176069448,0.13925853712854444,0.35594709511374123
2023-07-12,Equal Weight,0.09080476586785946,0.13953822734755975,0.5074219962068172
2023-07-13,Equal Weight,0.10380702704259193,0.13980760662138977,0.5994454026349803
2023-07-14,Equal Weight,0.097432215706867,0.13989422407234034,0.553505451853582
2023-07-17,Equal Weight,0.10814109642763081,0.1396776625756975,0.6310321550510144
2023-07-18,Equal Weight,0.10048531831005958,0.1393161143564747,0.5777172201639073
2023-07-19,Equal Weight,0.10826738396303881,0.1392956549388656,0.633669327315183
2023-07-20,Equal Weight,0.08165827166866957,0.13873325373396808,0.4444375808189733
2023-07-21,Equal Weight,0.07983061965173022,0.13872853093459978,0.4312784057371437
2023-07-24,Equal Weight,0.06922827309395196,0.13827564208509635,0.3560155089618484
2023-07-25,Equal Weight,0.07175029656229848,0.1382706101179247,0.3742682303792758
2023-07-26,Equal Weight,0.07631839027631737,0.1382929531852693,0.40723976876007806
2023-07-27,Equal Weight,0.07004483144615237,0.13867401074443694,0.36088111375375337
2023-07-28,Equal Weight,0.06392219405348931,0.13816632647957813,0.3178936226547305
2023-07-31,Equal Weight,0.0549032249409549,0.13772551286509208,0.25342599359309753
2023-08-01,Equal Weight,0.04059919176241378,0.1378559167659538,0.14942551792960945
2023-08-02,Equal Weight,0.026085068598170613,0.138395524046853,0.043968680635296756
2023-08-03,Equal Weight,0.030284057449521562,0.1381645849592592,0.0744333828567866
2023-08-04,Equal Weight,0.021810633588206008,0.1377729002459286,0.013142160649692168
2023-08-07,Equal Weight,0.020289804629505692,0.13774390077581852,0.0021039380173889202
2023-08-08,Equal Weight,0.02430587284427066,0.13760082096694662,0.03129249385296169
2023-08-09,Equal Weight,0.016707013682433214,0.13752079652842714,-0.023945369723670035
2023-08-10,Equal Weight,0.017555261625008534,0.1374979070045094,-0.017780186100660345
2023-08-11,Equal Weight,0.0009662922479702907,0.13694935314137416,-0.13898355352128627
2023-08-14,Equal Weight,0.004472294646608477,0.136882971271657,-0.11343781632687785
2023-08-15,Equal Weight,-0.016719168879393065,0.13656501002065122,-0.26887684388439204
2023-08-16,Equal Weight,-0.024538535333883615,0.13680670446883147,-0.3255581333298675
2023-08-17,Equal Weight,-0.029062636040722123,0.13690543186967047,-0.35836880517223135
2023-08-18,Equal Weight,-0.019460331859100566,0.13663996296075093,-0.28879056320027935
2023-08-21,Equal Weight,-0.019894441005297248,0.13664064187157013,-0.2919661416900722
2023-08-22,Equal Weight,-0.005900670666806218,0.13596023940561125,-0.190501802438995
2023-08-23,Equal Weight,0.021954161542955042,0.13598206355863884,0.014370730167014699
2023-08-24,Equal Weight,0.014196581847107259,0.13624810774985835,-0.04259448625552581
2023-08-25,Equal Weight,0.01622321660117554,0.13627585289888156,-0.027714252514177137
2023-08-28,Equal Weight,0.009575297562744556,0.13581341836791933,-0.07675752928193638
2023-08-29,Equal Weight,0.04130258158805722,0.13506316524813364,0.15772310347473947
2023-08-30,Equal Weight,0.049381518663699,0.13490579791889548,0.21779285336100218
2023-08-31,Equal Weight,0.05535696153752756,0.13470395311287914,0.2624790195125094
2023-09-01,Equal Weight,0.06136468890343605,0.13456198106148032,0.3074024964342405
2023-09-05,Equal Weight,0.05922709319340802,0.13468216686605838,0.2912567721933032
2023-09-06,Equal Weight,0.05993822778943447,0.13466189332135167,0.2965815109559429
2023-09-07,Equal Weight,0.06683229841369887,0.13441152416505953,0.3484247255182379
2023-09-08,Equal Weight,0.05203167930899766,0.13367068750160024,0.2396312902079911
2023-09-11,Equal Weight,0.05612567307018468,0.1337080218412234,0.27018328872656167
2023-09-12,Equal Weight,0.041302072265152256,0.1332239869000872,0.15989667297022106
2023-09-13,Equal Weight,0.03286791513808551,0.13308302938834726,0.09669087934973192
2023-09-14,Equal Weight,0.06712162488566276,0.13048484542391772,0.361127184789732
2023-09-15,Equal Weight,0.059568100860057704,0.1305988354434118,0.302974377418568
2023-09-18,Equal Weight,0.06990120613793804,0.13018748198263444,0.3833026446013781
2023-09-19,Equal Weight,0.07148263086759998,0.1301382076205452,0.3955996613823987
2023-09-20,Equal Weight,0.06432273859531068,0.13016511677186876,0.34051164931532324
2023-09-21,Equal Weight,0.058185218778906034,0.1307923443181596,0.29195301130178064
2023-09-22,Equal Weight,0.0676782842548227,0.13061929231779248,0.3650171686646639
2023-09-25,Equal Weight,0.0758669819164508,0.13012819418581084,0.42932265575497036
2023-09-26,Equal Weight,0.08013029717546405,0.12975003570821775,0.46343183527660237
2023-09-27,Equal Weight,0.09393407325979264,0.12888769260599753,0.573631754630017
2023-09-28,Equal Weight,0.1063006247392817,0.12876429757863841,0.6702216869282149
2023-09-29,Equal Weight,0.08038839282517518,0.1269191389346076,0.47580209992039907
2023-10-02,Equal Weight,0.0873445051966486,0.12629111638348992,0.5332481581060168
2023-10-03,Equal Weight,0.07821372587668929,0.1269464731993025,0.45856906780935397
2023-10-04,Equal Weight,0.06347600380614993,0.12552505082290769,0.3463532061619032
2023-10-05,Equal Weight,0.04224521249531232,0.12373444960465378,0.1797818842399058
2023-10-06,Equal Weight,0.05512784700896933,0.12360648325106076,0.2841909751418146
2023-10-09,Equal Weight,0.07414668339909025,0.12356130694591187,0.4382171469163287
2023-10-10,Equal Weight,0.10066323769262397,0.1220891500664437,0.6606912870531508
2023-10-11,Equal Weight,0.12012085399081429,0.12187557860014027,0.8215005429373121
2023-10-12,Equal Weight,0.11081572950710061,0.12241794584135611,0.7418498070927488
2023-10-13,Equal Weight,0.11384084442474762,0.12242358102070595,0.7665258902112655
2023-10-16,Equal Weight,0.10648879071740458,0.12209680865856236,0.7083624188676886
2023-10-17,Equal Weight,0.12311360861099363,0.12086374534890239,0.8531392793871421
2023-10-18,Equal Weight,0.09089159371648559,0.12003909468086743,0.5905708794701925
2023-10-19,Equal Weight,0.0739239676155301,0.120285905370443,0.4482983060189898
2023-10-20,Equal Weight,0.08364352940865238,0.11955691164457109,0.5323283157217815
2023-10-23,Equal Weight,0.09077556327410297,0.1193797514278703,0.5928607023182305
2023-10-24,Equal Weight,0.08670381088458612,0.1190839837398609,0.5601409088757113
2023-10-25,Equal Weight,0.0747914333251063,0.11983549347829195,0.4572220778231425
2023-10-26,Equal Weight,0.05576289871574591,0.11834831802222574,0.30218341344766436
2023-10-27,Equal Weight,0.049935493184481095,0.11834390643237912,0.25295339732245553
2023-10-30,Equal Weight,0.05625536013210186,0.1183917567621312,0.30623213240213104
2023-10-31,Equal Weight,0.04975224192327121,0.11813097773561795,0.2518580857754176
2023-11-01,Equal Weight,0.0665848533822575,0.11841123258195274,0.3934158302930931
2023-11-02,Equal Weight,0.08142284369615771,0.1196603981571622,0.5133097051497758
2023-11-03,Equal Weight,0.112940653521032,0.11914638060605573,0.7800543587499308
2023-11-06,Equal Weight,0.11424196508067053,0.11909107056758265,0.7913436719606061
2023-11-07,Equal Weight,0.09922952459109102,0.11815250857533861,0.6705699738958247
2023-11-08,Equal Weight,0.0986298573635469,0.11815209379994966,0.6654969441056185
2023-11-09,Equal Weight,0.07957797278597312,0.11832365995523687,0.5035169872915705
2023-11-10,Equal Weight,0.0997264986133286,0.1179328480463717,0.6760330131430371
2023-11-13,Equal Weight,0.0485699116941567,0.1077918078374432,0.2650471521661638
2023-11-14,Equal Weight,0.06716760865388993,0.1106508327241955,0.4262743215991723
2023-11-15,Equal Weight,0.07381412459397163,0.11037486421579094,0.48755778751184753
2023-11-16,Equal Weight,0.06259645226629917,0.10976791412663485,0.3880592302879815
2023-11-17,Equal Weight,0.06985726035580475,0.10977103398273237,0.45419322882252877
2023-11-20,Equal Weight,0.08159000438201147,0.10978554108166813,0.5610028768378107
2023-11-21,Equal Weight,0.07848821085298252,0.10982505443258002,0.5325579955791195
2023-11-22,Equal Weight,0.08498266714010616,0.1097652621241802,0.5920148677510525
2023-11-24,Equal Weight,0.07528347355789555,0.10941898900938851,0.5052456987438628
2023-11-27,Equal Weight,0.07007776039847502,0.10919203036075331,0.4586210205362604
2023-11-28,Equal Weight,0.07419629896551938,0.10925032050669305,0.4960745077374773
2023-11-29,Equal Weight,0.08951913187847538,0.10873464145190007,0.6393466787604014
2023-11-30,Equal Weight,0.08617011331073599,0.1087356254300343,0.6085412490068676
2023-12-01,Equal Weight,0.07762108180317573,0.10745260586627041,0.5362464813081197
2023-12-04,Equal Weight,0.0641167020611797,0.107331894687094,0.4110306837477682
2023-12-05,Equal Weight,0.06276810487292694,0.1073211963301502,0.3985056664981651
2023-12-06,Equal Weight,0.08078821138694048,0.10615285389203254,0.5726479238021035
2023-12-07,Equal Weight,0.0891176520909589,0.10610994304054497,0.6513777136281075
2023-12-08,Equal Weight,0.08262774617919422,0.10607346778534266,0.5904185795634767
2023-12-11,Equal Weight,0.07959418982458222,0.10601208643143352,0.5621452405158212
2023-12-12,Equal Weight,0.0898739574116656,0.10576526879590156,0.660651253546223
2023-12-13,Equal Weight,0.10749151520315059,0.10753308888256857,0.8136241236285477
2023-12-14,Equal Weight,0.10978398942976453,0.10776158938373111,0.8331724684391052
2023-12-15,Equal Weight,0.10719704598753244,0.10784391150123727,0.8085486215559979
2023-12-18,Equal Weight,0.124837540145456,0.10665661339737144,0.9829445808002726
2023-12-19,Equal Weight,0.14072767324702307,0.10659298555330687,1.132604294929402
2023-12-20,Equal Weight,0.14171625013773914,0.10652059986185475,1.1426545691217609
2023-12-21,Equal Weight,0.15245491798192146,0.10676981066584482,1.2405652604973028
2023-12-22,Equal Weight,0.14405637008472838,0.106485369266425,1.1650085916905726
2023-12-26,Equal Weight,0.16047636436015456,0.10620816083838976,1.322651322188966
2023-12-27,Equal Weight,0.16724749762739055,0.10635877233613736,1.3844414935707237
2023-12-28,Equal Weight,0.17078994568907868,0.10626533587618446,1.418994674470067
2023-12-29,Equal Weight,0.1764352641255178,0.10589466814225765,1.477272339296295
2024-01-02,Equal Weight,0.15182668384383047,0.105114600674859,1.2541234328768218
2024-01-03,Equal Weight,0.14809901611380227,0.10534824073961052,1.2159578101586423
2024-01-04,Equal Weight,0.13862125255721525,0.10537203187662549,1.125737545766438
2024-01-05,Equal Weight,0.12213977869788706,0.10466263502474106,0.9758953486479904
2024-01-08,Equal Weight,0.14273394273415319,0.10462160877410778,1.1731223040084613
2024-01-09,Equal Weight,0.11411593160679123,0.10264342244787626,0.9169212148453506
2024-01-10,Equal Weight,0.11131109447321363,0.1026021826645233,0.8899527485859833
2024-01-11,Equal Weight,0.1099130475975314,0.1025905970123299,0.8764258149967209
2024-01-12,Equal Weight,0.09954537994450186,0.10194915909188895,0.7802455719404797
2024-01-16,Equal Weight,0.07567175871937382,0.10202778904815599,0.5456528974973412
2024-01-17,Equal Weight,0.06536522691875302,0.10234710947831338,0.44324873609025156
2024-01-18,Equal Weight,0.07133371884309825,0.10237296345080564,0.5014382422148616
2024-01-19,Equal Weight,0.08177522276511029,0.10258492434176035,0.6021861707409066
2024-01-22,Equal Weight,0.0875736414027326,0.10259961960573498,0.658614931150831
2024-01-23,Equal Weight,0.07955904956219495,0.1024060771702649,0.5815968271411219
2024-01-24,Equal Weight,0.07210010875198347,0.10229942569730813,0.5092903346900648
2024-01-25,Equal Weight,0.075054226952048,0.10239837350923765,0.5376474749091732
2024-01-26,Equal Weight,0.0718812543695857,0.10239917171327097,0.5066569729182865
2024-01-29,Equal Weight,0.0758383509072722,0.10260163374466191,0.5442247737129947
2024-01-30,Equal Weight,0.07224130672713769,0.1026209733221863,0.5090704661621378
2024-01-31,Equal Weight,0.07643298892079242,0.10230698103849882,0.5516044784818379
2024-02-01,Equal Weight,0.07827580205320395,0.10248993158623451,0.568600262984574
2024-02-02,Equal Weight,0.0599639886557366,0.10201161578424975,0.39175919671989845
2024-02-05,Equal Weight,0.043671095862219955,0.1022021316891195,0.23161058845840096
2024-02-06,Equal Weight,0.06709432052414122,0.10144517770830991,0.4642341961246667
2024-02-07,Equal Weight,0.0766325979191953,0.10108047479892915,0.5602723773493322
2024-02-08,Equal Weight,0.07283033433076991,0.10101758811230054,0.5229815452734705
2024-02-09,Equal Weight,0.08099392818899886,0.10095129506043499,0.604191636694552
2024-02-12,Equal Weight,0.09077334739631526,0.10072588599223362,0.7026331582903343
2024-02-13,Equal Weight,0.0749723555591022,0.10228812675922533,0.5374265547799199
2024-02-14,Equal Weight,0.07637044392706382,0.10239073741771818,0.5505424157371994
2024-02-15,Equal Weight,0.08759493723709255,0.10278635717710262,0.6576255749644414
2024-02-16,Equal Weight,0.08456836936538603,0.10287131514809549,0.6276615524204409
2024-02-20,Equal Weight,0.09241443475331867,0.10251705834511401,0.7063647350233393
2024-02-21,Equal Weight,0.09123013914252587,0.1025284593521096,0.694735291963209
2024-02-22,Equal Weight,0.11930800798763608,0.10146182025619128,0.9787721897447056
2024-02-23,Equal Weight,0.12335474149555092,0.10147655840585691,1.0185085414720332
2024-02-26,Equal Weight,0.11394933888937508,0.10136892823529407,0.9268060787947082
2024-02-27,Equal Weight,0.12971859800147012,0.10050610148728725,1.0916610671178817
2024-02-28,Equal Weight,0.12356743725915087,0.10044900950534197,1.0310448830622174
2024-02-29,Equal Weight,0.12980657975967547,0.10052219411387966,1.0923615498809913
2024-03-01,Equal Weight,0.14342397688604103,0.10099312968400487,1.2221027041366035
2024-03-04,Equal Weight,0.14160532491874478,0.1009779751079946,1.2042757322939928
2024-03-05,Equal Weight,0.12223074573579829,0.10007547115312684,1.021536491987868
2024-03-06,Equal Weight,0.13455933721664337,0.10018097730644852,1.143523853497777
2024-03-07,Equal Weight,0.15407974807303382,0.09965928776552888,1.3453813596228674
2024-03-08,Equal Weight,0.1504254938570908,0.09964309596712187,1.3089265502160419
2024-03-11,Equal Weight,0.15946614050217378,0.09912944854293798,1.4069092742078955
2024-03-12,Equal Weight,0.16312462963881247,0.0991041016902703,1.4441847229100504
2024-03-13,Equal Weight,0.15730278804223174,0.09908101314571735,1.3857628589273916
2024-03-14,Equal Weight,0.14221570935123928,0.09940340137770574,1.2294922272010895
2024-03-15,Equal Weight,0.14055072685250591,0.09944444057380568,1.2122419931864925
2024-03-18,Equal Weight,0.1334720153307074,0.0992335635600272,1.1434842331553199
2024-03-19,Equal Weight,0.13794056347688244,0.09919897470973406,1.1889292588153064
2024-03-20,Equal Weight,0.14289448228209056,0.09945499422830223,1.235679346579441
2024-03-21,Equal Weight,0.14243466398399818,0.09944411199249488,1.2311906811862166
2024-03-22,Equal Weight,0.1447394448797994,0.0993588673131807,1.255443507489057
2024-03-25,Equal Weight,0.13807018611428212,0.09933349532855587,1.1886240962703738
2024-03-26,Equal Weight,0.1336461244727316,0.09929032278507459,1.1445840972713102
2024-03-27,Equal Weight,0.14994288285758128,0.09955118651434584,1.305287133256376
2024-03-28,Equal Weight,0.15094927217221366,0.09955974146793807,1.31528336897484
2024-04-01,Equal Weight,0.1358105665335272,0.0994882681613919,1.1640625439942016
2024-04-02,Equal Weight,0.1234635269681883,0.09942785417288787,1.0405889559708599
2024-04-03,Equal Weight,0.11557390874623596,0.09900850433053421,0.9653100952537164
2024-04-04,Equal Weight,0.10704225382422727,0.09913428600347578,0.8780237124134375
2024-04-05,Equal Weight,0.10976677214290675,0.09916345732434141,0.9052404440609587
2024-04-08,Equal Weight,0.11617592357383288,0.09915799874724752,0.9699260250197675
2024-04-09,Equal Weight,0.1195163973362725,0.09925828985200319,1.0026003619914685
2024-04-10,Equal Weight,0.1026544795739841,0.10078840265994174,0.8200792689696534
2024-04-11,Equal Weight,0.10603278556588358,0.10089337577313169,0.8527099515367237
2024-04-12,Equal Weight,0.09728773201160856,0.10139898246736502,0.7622140787900253
2024-04-15,Equal Weight,0.0800844266650158,0.10153720253494965,0.5917479028864757
2024-04-16,Equal Weight,0.08208449357070102,0.10141413064151696,0.6121878004373963
2024-04-17,Equal Weight,0.07860814383915349,0.10143884218034319,0.577768264891637
2024-04-18,Equal Weight,0.07590743317490345,0.10145103499568779,0.5510779971567545
2024-04-19,Equal Weight,0.07610790972429782,0.10144706041976663,0.5530757568739307
2024-04-22,Equal Weight,0.0810169743621525,0.10150133383074517,0.60114455701537
2024-04-23,Equal Weight,0.09088511960108558,0.10171455503305267,0.696902420484965
2024-04-24,Equal Weight,0.08752826690365145,0.10172133315982228,0.6638555041109474
2024-04-25,Equal Weight,0.09161089095433583,0.10152647746792343,0.7053420224981289
2024-04-26,Equal Weight,0.103255951380117,0.10165822581416704,0.8189789927310978
2024-04-29,Equal Weight,0.09942495158370335,0.10142430934067018,0.7830958090818835
2024-04-30,Equal Weight,0.07650025102636526,0.10216400871297135,0.553034789238763
2024-05-01,Equal Weight,0.08630541680595716,0.10186873587602079,0.650890739300565
2024-05-02,Equal Weight,0.09869143069791608,0.10237616392864633,0.7686499247301557
2024-05-03,Equal Weight,0.10751073194961824,0.10273555537939819,0.8518057027719829
2024-05-06,Equal Weight,0.11574996030951112,0.10287627692438817,0.9307292523803643
2024-05-07,Equal Weight,0.10850755425419045,0.10260248858873844,0.8626258044184024
2024-05-08,Equal Weight,0.10858767595531105,0.10260004997659729,0.8634272203134168
2024-05-09,Equal Weight,0.1197966180440675,0.1027947803492583,0.9708335161084621
2024-05-10,Equal Weight,0.11334270032477467,0.10269408973927502,0.9089393611819129
2024-05-13,Equal Weight,0.11577810398463462,0.10267874006095365,0.932793915544517
2024-05-14,Equal Weight,0.12750800710522148,0.10272729555160165,1.046537889739523
2024-05-15,Equal Weight,0.13750202890804974,0.10332479933452991,1.1372103276737937
2024-05-16,Equal Weight,0.14459831825595004,0.10296319899423333,1.2101247773287274
2024-05-17,Equal Weight,0.1393702827465766,0.10282342418038778,1.160924990565962
2024-05-20,Equal Weight,0.14037287889400218,0.10281554708962365,1.1707653394974782
2024-05-21,Equal Weight,0.14153765102819804,0.10280828990791528,1.1821775377944572
2024-05-22,Equal Weight,0.13292916571986235,0.10296078598286708,1.0968172459236474
2024-05-23,Equal Weight,0.12881104532414867,0.10325474628923752,1.0538115605780176
2024-05-24,Equal Weight,0.14393530195641446,0.10293251001110776,1.20404429993051
2024-05-28,Equal Weight,0.1415822423887274,0.10296435060852534,1.1808188141834455
2024-05-29,Equal Weight,0.11809577776961544,0.1030039163194394,0.952349981192922
2024-05-30,Equal Weight,0.12035048780568847,0.10304388008270446,0.9738616958634104
2024-05-31,Equal Weight,0.12739028461761848,0.10309309346384725,1.0416826288686174
2024-06-03,Equal Weight,0.12379426767319535,0.10290078962127862,1.0086829076356472
2024-06-04,Equal Weight,0.11477244397824471,0.10265326912929838,0.9232286977521654
2024-06-05,Equal Weight,0.12833061792361167,0.10300849771440967,1.051666807373092
2024-06-06,Equal Weight,0.12193161677062059,0.10283459057673926,0.9912191627247756
2024-06-07,Equal Weight,0.11298512489700552,0.10348278897647546,0.8985564248576992
2024-06-10,Equal Weight,0.1077796339834518,0.1033154861941491,0.8496270715747054
2024-06-11,Equal Weight,0.1106645967583535,0.10329784379870297,0.8777007672593056
2024-06-12,Equal Weight,0.115718180178775,0.10357283786332336,0.9241629577156752
2024-06-13,Equal Weight,0.11362660288610038,0.10355666244055606,0.9041098919139484
2024-06-14,Equal Weight,0.11126354120223403,0.1035349673656885,0.8814755393691154
2024-06-17,Equal Weight,0.10242539863787425,0.10317265970432413,0.7989073740474646
2024-06-18,Equal Weight,0.11120526657249052,0.10317216506249484,0.8840103967697531
2024-06-20,Equal Weight,0.11498427878253681,0.10304065633701742,0.9218136040580871
2024-06-21,Equal Weight,0.1155167267378816,0.10302595158700754,0.9271132687109009
2024-06-24,Equal Weight,0.12270639928423188,0.10289164306339879,0.99819962269382
2024-06-25,Equal Weight,0.12877979552956886,0.10270882197681838,1.0591085890764156
2024-06-26,Equal Weight,0.12151328835064334,0.10283205761827542,0.9871755044275443
2024-06-27,Equal Weight,0.11961692329575935,0.10275100000332611,0.9694983337635126
2024-06-28,Equal Weight,0.11536429786907765,0.10278752889106438,0.9277808202797251
2024-07-01,Equal Weight,0.11371928294864997,0.10283201028132602,0.9113823865959091
2024-07-02,Equal Weight,0.10963782842697656,0.10260506244247129,0.8736199393400768
2024-07-03,Equal Weight,0.11656734757005194,0.10285250354890266,0.938891560613667
2024-07-05,Equal Weight,0.12879300171355146,0.10283400851451586,1.0579476895349695
2024-07-08,Equal Weight,0.1415089670050833,0.1021583586702866,1.1894177685180933
2024-07-09,Equal Weight,0.13818910652096816,0.10215671758242785,1.1569391550350485
2024-07-10,Equal Weight,0.1412671016800029,0.10228609491913147,1.1855678113029735
2024-07-11,Equal Weight,0.142548177221536,0.10236471612140723,1.1971720517076476
2024-07-12,Equal Weight,0.13509117840430585,0.10182370586613827,1.1302984646385739
2024-07-15,Equal Weight,0.12382854108098273,0.1014286508139772,1.023660871437667
2024-07-16,Equal Weight,0.14110829742410336,0.1018187805581899,1.1894494980215307
2024-07-17,Equal Weight,0.13049243113754283,0.10209711906404006,1.0822286872584215
2024-07-18,Equal Weight,0.11671786239660342,0.10239385087261384,0.9445670962890945
2024-07-19,Equal Weight,0.1050962026287301,0.10260942684660446,0.8293214887160837
2024-07-22,Equal Weight,0.12208460430888701,0.10239581738597403,0.9969606856507242
2024-07-23,Equal Weight,0.12136569721087542,0.10240154206581112,0.9898844799205271
2024-07-24,Equal Weight,0.1033432597866979,0.10347633235684187,0.8054330675278057
2024-07-25,Equal Weight,0.09997597426649474,0.10349830908184879,0.7727273515478204
2024-07-26,Equal Weight,0.10824690934012615,0.1039750132685245,0.8487318882299235
2024-07-29,Equal Weight,0.12093871571899073,0.1032685102576237,0.9774394485519271
2024-07-30,Equal Weight,0.11126777684965083,0.10287589481752182,0.8871638687715803
2024-07-31,Equal Weight,0.12181382955914333,0.10355573791257058,0.9831790262081093
2024-08-01,Equal Weight,0.12034931828879758,0.10366907585839448,0.9679773592837705
2024-08-02,Equal Weight,0.12801875200895618,0.10306239777126089,1.04809081046897
2024-08-05,Equal Weight,0.11417321899468202,0.1045088985397127,0.9011023971216845
2024-08-06,Equal Weight,0.112665764927254,0.10449154412264684,0.8868254910511002
2024-08-07,Equal Weight,0.10583060028481284,0.10457866389647998,0.8207276425884976
2024-08-08,Equal Weight,0.1239858346838012,0.1053290365886358,0.9872475629860691
2024-08-09,Equal Weight,0.13124937474153575,0.10536496153536579,1.0558479130103877
2024-08-12,Equal Weight,0.1365767073122568,0.10530112891223448,1.1070793686307028
2024-08-13,Equal Weight,0.15346779413521916,0.10575220703569642,1.26208046031765
2024-08-14,Equal Weight,0.15463639701547427,0.10574366399662136,1.2732337042886663
2024-08-15,Equal Weight,0.17362133061340312,0.10557035002713756,1.4551560222535376
2024-08-16,Equal Weight,0.18962019652967643,0.10530205396437112,1.610796657271921
2024-08-19,Equal Weight,0.20453374642109035,0.1053266793989929,1.752013331038848
2024-08-20,Equal Weight,0.20204462485796815,0.10533926578884086,1.7281744228490066
2024-08-21,Equal Weight,0.20780455273141984,0.10539223434226577,1.7819581670649145
2024-08-22,Equal Weight,0.1977693152114537,0.1057435081968157,1.6811369155691294
2024-08-23,Equal Weight,0.19764493758884116,0.10573030838370388,1.680170428938439
2024-08-26,Equal Weight,0.2045867334476541,0.10538504426454261,1.75154581692157
2024-08-27,Equal Weight,0.20146890192206768,0.1053621537173679,1.7223347807492126
2024-08-28,Equal Weight,0.1882563663679957,0.10536530439091157,1.596885875674544
2024-08-29,Equal Weight,0.1744779143901911,0.10472325604194462,1.4751061056420778
2024-08-30,Equal Weight,0.17486494704750855,0.10472586891398433,1.4787649761560395
2024-09-03,Equal Weight,0.16560161542938379,0.10520105123970802,1.3840319437266861
2024-09-04,Equal Weight,0.16795241340760914,0.10520297214009644,1.4063520297752066
2024-09-05,Equal Weight,0.17986159699209514,0.10477837228651045,1.5257117810053662
2024-09-06,Equal Weight,0.17127021889825755,0.1053165356522744,1.4363387283997766
2024-09-09,Equal Weight,0.18130619160477712,0.10547258513998514,1.5293660565035796
2024-09-10,Equal Weight,0.18536328929754586,0.10551457570340801,1.5672080202679033
2024-09-11,Equal Weight,0.18642661108618563,0.10554213814335295,1.576873597729621
2024-09-12,Equal Weight,0.19663342188242305,0.10564227481442452,1.6719956304680532
2024-09-13,Equal Weight,0.20688731786635506,0.10579843400887683,1.7664469197216532
2024-09-16,Equal Weight,0.20369821846197955,0.1057047068716719,1.7378433174692371
2024-09-17,Equal Weight,0.20845341704447962,0.10554935515383451,1.7854530401423612
2024-09-18,Equal Weight,0.20369743584194655,0.10566744247212123,1.7384487742325396
2024-09-19,Equal Weight,0.22174788719999183,0.10614673934452509,1.9006508202307557
2024-09-20,Equal Weight,0.22358631777125848,0.10609498351524055,1.918906163381545
2024-09-23,Equal Weight,0.2471753354211077,0.10460275150313146,2.171791202015435
2024-09-24,Equal Weight,0.25281422668497777,0.10475751521422356,2.2224107378729347
2024-09-25,Equal Weight,0.2512292718577829,0.10482824916167051,2.2057916039518264
2024-09-26,Equal Weight,0.2734238157340392,0.10442195116351907,2.4269209003496908
2024-09-27,Equal Weight,0.27596541479502923,0.1043807485800356,2.4522281960716508
2024-09-30,Equal Weight,0.267510292879825,0.10436077455960081,2.371679339524938
2024-10-01,Equal Weight,0.26760066865016574,0.10435892680896819,2.372587340835781
2024-10-02,Equal Weight,0.2792424057804852,0.10388496733407836,2.4954756441978825
2024-10-03,Equal Weight,0.2890955632927712,0.10307862217932168,2.6105855666622766
2024-10-04,Equal Weight,0.283247509560133,0.1029519864292534,2.5569930089793025
2024-10-07,Equal Weight,0.27519883233900844,0.10314746992986824,2.4741162581352945
2024-10-08,Equal Weight,0.2685049113471094,0.1030726612704223,2.4109682265322503
2024-10-09,Equal Weight,0.25681818071381524,0.10277302708031762,2.304283404328849
2024-10-10,Equal Weight,0.24873497633992359,0.10271728495520208,2.226840170470641
2024-10-11,Equal Weight,0.2464245268032228,0.10261000482380526,2.2066515559766633
2024-10-14,Equal Weight,0.2644166245919741,0.10184824226235019,2.399811908018825
2024-10-15,Equal Weight,0.25922742029666535,0.10188612992393765,2.347988096861259
2024-10-16,Equal Weight,0.26240785080076434,0.10197118091066489,2.3772192166052633
2024-10-17,Equal Weight,0.2609952216768854,0.10201249355273236,2.362408890165105
2024-10-18,Equal Weight,0.2803297305194694,0.10138671859434938,2.567690661348403
2024-10-21,Equal Weight,0.28088177184743923,0.10134373916534832,2.574226824429629
2024-10-22,Equal Weight,0.2874138318145292,0.10117061676896238,2.643196615329597
2024-10-23,Equal Weight,0.2788176261617503,0.10143160558971677,2.5516467441977424
2024-10-24,Equal Weight,0.2737771265521678,0.10124252858878263,2.5066257242836736
2024-10-25,Equal Weight,0.28839700697892856,0.10026645978309857,2.676837374726687
2024-10-28,Equal Weight,0.2908390885109713,0.10028458683026227,2.700705034257984
2024-10-29,Equal Weight,0.29505382234903665,0.10022411805893296,2.7443875553716697
2024-10-30,Equal Weight,0.2873378024172095,0.10021512942884425,2.6676391473108594
2024-10-31,Equal Weight,0.27086951686651806,0.10089730012986901,2.4863848343178034
2024-11-01,Equal Weight,0.2553404079784747,0.10050655855145181,2.341542794523186
2024-11-04,Equal Weight,0.23906585781176326,0.09912560552625467,2.2099825433473987
2024-11-05,Equal Weight,0.2350734859628596,0.09879105314752264,2.1770542889313553
2024-11-06,Equal Weight,0.23872890110085576,0.09867125005132232,2.216743995713922
2024-11-07,Equal Weight,0.2511858233882247,0.09926835944907908,2.328897391588448
2024-11-08,Equal Weight,0.2510135410232288,0.09926941723398534,2.327137072626435
2024-11-11,Equal Weight,0.2592641139258838,0.09879360198763826,2.421858390747026
2024-11-12,Equal Weight,0.23628579888397594,0.0993494690402698,2.1770201791044075
2024-11-13,Equal Weight,0.2319985441818777,0.09946403847217064,2.1314089739196893
2024-11-14,Equal Weight,0.1957185289127812,0.09615178667003779,1.8275118434958577
2024-11-15,Equal Weight,0.19058501725065402,0.09634823520136848,1.7705048452016807
2024-11-18,Equal Weight,0.19641803109584988,0.09650288880172986,1.8281113994246305
2024-11-19,Equal Weight,0.19663520855606742,0.09650875499790723,1.8302506188158547
2024-11-20,Equal Weight,0.18894301175171324,0.09637658867684412,1.752946582475421
2024-11-21,Equal Weight,0.19629530503848724,0.09636083631814726,1.8295327414596778
2024-11-22,Equal Weight,0.19956373079017475,0.09644294204398533,1.8618649222488466
2024-11-25,Equal Weight,0.20670410012097906,0.09658125381693212,1.9331298025481534
2024-11-26,Equal Weight,0.20206432018838738,0.09657154821485944,1.8852790863755997
2024-11-27,Equal Weight,0.1998872987907041,0.09652962503807061,1.8635449865236482
2024-11-29,Equal Weight,0.20280855667591502,0.09662865405091711,1.8918669464192954
2024-12-02,Equal Weight,0.204209751735559,0.09661186160800374,1.906699122339428
2024-12-03,Equal Weight,0.18652378964300786,0.09578436220492652,1.7385279372298517
2024-12-04,Equal Weight,0.19786496634621598,0.09568888471094902,1.8587839839862206
2024-12-05,Equal Weight,0.19570744751453928,0.09570967025618668,1.8358379779621228
2024-12-06,Equal Weight,0.196481404357167,0.095715097418616,1.843819931408673
2024-12-09,Equal Weight,0.1921357690738783,0.0956750584142797,1.7991707758203646
2024-12-10,Equal Weight,0.18911071166520532,0.09578062935525349,1.7656045152717486
2024-12-11,Equal Weight,0.19152476568689725,0.09581335166768813,1.7901969057694687
2024-12-12,Equal Weight,0.17971031673082205,0.09616105596722413,1.6608627590909388
2024-12-13,Equal Weight,0.15224147715435676,0.09426290050845931,1.4029005731951691
2024-12-16,Equal Weight,0.13944251869809166,0.09342007898789997,1.2785529619768592
2024-12-17,Equal Weight,0.14118708090446308,0.09334948848727999,1.2982083016017416
2024-12-18,Equal Weight,0.11229913341177289,0.09680788028092936,0.9534258279793708
2024-12-19,Equal Weight,0.09919258554733168,0.09672183366175148,0.8187663793087111
2024-12-20,Equal Weight,0.11599470247565935,0.09659430520416777,0.993792566474379
2024-12-23,Equal Weight,0.10797091833061367,0.0962911205674971,0.9135932556621228
2024-12-24,Equal Weight,0.11313648123128117,0.09643245736223759,0.9658208841596201
2024-12-26,Equal Weight,0.10926990455385699,0.09630682289354503,0.9269322969207855
2024-12-27,Equal Weight,0.09395065986439022,0.09646260398348076,0.7666251667543028
2024-12-30,Equal Weight,0.09113196359727249,0.09653696171218075,0.7368365684570459
2024-12-31,Equal Weight,0.0958081519222389,0.09638606162715745,0.7865053374157102
2025-01-02,Equal Weight,0.10252758484120816,0.09616503467983643,0.8581870231313115
2025-01-03,Equal Weight,0.11831892179154568,0.09587175735233006,1.0255253946187954
2025-01-06,Equal Weight,0.12366237340832553,0.09577277112868512,1.0823783439349326
2025-01-07,Equal Weight,0.1178379439867272,0.09603383605132108,1.018786169641729
2025-01-08,Equal Weight,0.10782507406186492,0.09561586520364854,0.9185198907609076
2025-01-10,Equal Weight,0.09929889471083331,0.09630097890519781,0.823448480091755
2025-01-13,Equal Weight,0.09705058759254759,0.0963129954071197,0.8000019858883115
2025-01-14,Equal Weight,0.10071390866994445,0.09638348825285784,0.8374246474478602
2025-01-15,Equal Weight,0.11319231254610185,0.0973098654523019,0.9576861720334169
2025-01-16,Equal Weight,0.12918305216323844,0.09666947757086403,1.129447007543837
2025-01-17,Equal Weight,0.14278255436955867,0.09636566958932426,1.2741316995234262
2025-01-21,Equal Weight,0.15211264214913833,0.09696833910734837,1.3624307002194151
2025-01-22,Equal Weight,0.142166110256009,0.09674401392191687,1.26277694405579
2025-01-23,Equal Weight,0.14032933757808275,0.09671137514628288,1.2442108014292632
2025-01-24,Equal Weight,0.14329792493738824,0.09671270455607756,1.2748886043807781
2025-01-27,Equal Weight,0.1402191143607443,0.09680995637249838,1.2418052736040273
2025-01-28,Equal Weight,0.13702434899781823,0.09671079246936115,1.2100443601978816
2025-01-29,Equal Weight,0.13496563988150623,0.09676020478864963,1.1881500264765061
2025-01-30,Equal Weight,0.13568670024105534,0.0968102217083815,1.1949843539201355
2025-01-31,Equal Weight,0.13244260805450336,0.09692556403104367,1.1600923778838144
2025-02-03,Equal Weight,0.13570462336178424,0.09677344885411117,1.1956236419372877
2025-02-04,Equal Weight,0.13130486835636912,0.09638652653359914,1.1547762157148556
2025-02-05,Equal Weight,0.1461943246264381,0.09646025126357363,1.3082520828358344
2025-02-06,Equal Weight,0.15757604125575853,0.09600570597198405,1.432998589645342
2025-02-07,Equal Weight,0.14177238331893238,0.09595193230325358,1.2690977700592203
2025-02-10,Equal Weight,0.14747673958799146,0.09608382591680316,1.3267242261811132
2025-02-11,Equal Weight,0.14515177112942523,0.09611039751825232,1.3021668244131201
2025-02-12,Equal Weight,0.13728766201039933,0.09616544677577059,1.2196445391022774
2025-02-13,Equal Weight,0.1467334661800197,0.09668014474108366,1.310853086943767
2025-02-14,Equal Weight,0.1683066630346044,0.09490179328051575,1.562738257181629
2025-02-18,Equal Weight,0.1607285108284462,0.0945513645390928,1.4883815957014688
2025-02-19,Equal Weight,0.14898159508768005,0.09414634132930746,1.3700117632455302
2025-02-20,Equal Weight,0.15487388835134341,0.09402658539116655,1.4344229112462732
2025-02-21,Equal Weight,0.1486366159432675,0.09427866892570788,1.3644296998362788
2025-02-24,Equal Weight,0.1474753173581218,0.09430358214943775,1.3517547738125009
2025-02-25,Equal Weight,0.13978392856881383,0.0939532855232245,1.2749307052088583
2025-02-26,Equal Weight,0.13939977261966208,0.09394610537844948,1.2709390361492459
2025-02-27,Equal Weight,0.12924811330511843,0.09464794497491778,1.154257636909811
2025-02-28,Equal Weight,0.1340100604158816,0.09477595949061093,1.2029428246218505
2025-03-03,Equal Weight,0.13137264081972932,0.09484655171607265,1.1742402734168793
2025-03-04,Equal Weight,0.12174653073386366,0.09486255869795358,1.0725678511142518
2025-03-05,Equal Weight,0.11943946944101236,0.09466519520890887,1.0504332581955547
2025-03-06,Equal Weight,0.10579762246727387,0.09541634386880066,0.899192098423382
2025-03-07,Equal Weight,0.11251154968730614,0.09540049167307227,0.969717745316594
2025-03-10,Equal Weight,0.0898797571055141,0.09619711363869844,0.7264225969187778
2025-03-11,Equal Weight,0.08086388192647198,0.09606614135454544,0.6335622631270821
2025-03-12,Equal Weight,0.08360521365502627,0.09607770413399196,0.6620184592079876
2025-03-13,Equal Weight,0.08116624577285059,0.096160013661793,0.6360881560185718
2025-03-14,Equal Weight,0.09227584798876798,0.09682273671859498,0.7464759873378715
2025-03-17,Equal Weight,0.10320840416306476,0.0971496537599349,0.8564971767030672
2025-03-18,Equal Weight,0.10914436651948356,0.09680940703142302,0.9208233915795859
2025-03-19,Equal Weight,0.1196494404886963,0.09693639219207732,1.0279879231655653
2025-03-20,Equal Weight,0.11528820484546798,0.09700361871216968,0.9823159806873627
2025-03-21,Equal Weight,0.10892718772094567,0.09710258342239819,0.9158066097388018
2025-03-24,Equal Weight,0.10612028582677002,0.09692239637239931,0.8885488705404583
2025-03-25,Equal Weight,0.10289560115357088,0.09688779977422052,0.8555834826133328
2025-03-26,Equal Weight,0.09814985531714249,0.0971183978371952,0.8046864142893841
2025-03-27,Equal Weight,0.10028399896112594,0.09709082396653312,0.8268958453663917
2025-03-28,Equal Weight,0.09401054554549138,0.09730085775816456,0.7606361058957993
2025-03-31,Equal Weight,0.08693951481884432,0.09690418868917439,0.6907804061345229
2025-04-01,Equal Weight,0.08803001953569733,0.0969264053941993,0.7018729236787387
2025-04-02,Equal Weight,0.09868056180820695,0.09682077785444719,0.8126412899356082
2025-04-03,Equal Weight,0.07767577923963698,0.09960158872377037,0.5790648520636739
2025-04-04,Equal Weight,0.038049190557058576,0.10535051326397482,0.1713251316757523
2025-04-07,Equal Weight,0.024601314540257713,0.10676645577459573,0.04309700557984206
2025-04-08,Equal Weight,0.007870591194718335,0.1076016652117168,-0.11272510310519701
2025-04-09,Equal Weight,0.06215131623832826,0.12182820829874448,0.345989790270622
2025-04-10,Equal Weight,0.03392076119337828,0.12364432747902301,0.11258713988104321
2025-04-11,Equal Weight,0.06657571356172065,0.12315843603798106,0.37817720864332083
2025-04-14,Equal Weight,0.06982198216190905,0.12332349082721863,0.403994257928619
2025-04-15,Equal Weight,0.08362775077780449,0.12291387630450246,0.5176612494115421
2025-04-16,Equal Weight,0.08939411309147505,0.12264876322247882,0.565795457436432
2025-04-17,Equal Weight,0.09822564382493026,0.1225251034034085,0.6384458502954761
2025-04-21,Equal Weight,0.08972521654331733,0.12292355313284486,0.5672242199830044
2025-04-22,Equal Weight,0.10524080123042112,0.12353525281229277,0.6900119544009138
2025-04-23,Equal Weight,0.11400599870359307,0.12364843235242547,0.7602684232635891
2025-04-24,Equal Weight,0.12516409899373326,0.12432837030028954,0.8458576167268265
2025-04-25,Equal Weight,0.1198392389082985,0.12415890996171935,0.8041246410674909
2025-04-28,Equal Weight,0.12655476121946907,0.12421208516860117,0.857845362428586
2025-04-29,Equal Weight,0.13378588682536563,0.12419236534092074,0.9162067773893486
2025-04-30,Equal Weight,0.12371644156813755,0.1240494674440847,0.836089373901486
2025-05-01,Equal Weight,0.11683905314135501,0.12395745240352211,0.7812281655007894
2025-05-02,Equal Weight,0.1430182623317835,0.12345593706247521,0.9964548101848659
2025-05-05,Equal Weight,0.14227445662057292,0.12345250778011542,0.9904574546056143
2025-05-06,Equal Weight,0.12965438552670205,0.12304504181633477,0.8911727275478478
2025-05-07,Equal Weight,0.11864233021111414,0.12275702517176953,0.8035575159392095
2025-05-08,Equal Weight,0.11014942375553005,0.12264349760209746,0.7350526160629351
2025-05-09,Equal Weight,0.11115961724486745,0.12265440860250919,0.7432233238373999
2025-05-12,Equal Weight,0.1252559646345084,0.1229499810356721,0.856087684990939
2025-05-13,Equal Weight,0.11871283788603226,0.12275600311966231,0.8041385787854887
2025-05-14,Equal Weight,0.11439743505885036,0.12285225431067623,0.7683817898866747
2025-05-15,Equal Weight,0.12235508829509745,0.12308124455790859,0.8316058930241018
2025-05-16,Equal Weight,0.11833646569182266,0.12296650353139445,0.7997012427593054
2025-05-19,Equal Weight,0.10736524844916606,0.12244348525351463,0.7135148780539822
2025-05-20,Equal Weight,0.10992425327724109,0.12241219547441556,0.7346020788920126
2025-05-21,Equal Weight,0.09492006868844505,0.12305630594271273,0.6088275453622272
2025-05-22,Equal Weight,0.0947497402886639,0.12305681944435924,0.6074408604592805
2025-05-23,Equal Weight,0.0959788057242299,0.12306137071792592,0.6174058137088695
2025-05-27,Equal Weight,0.11390086434417324,0.12337833887319233,0.7610806337787065
2025-05-28,Equal Weight,0.11917614149615807,0.1230812240699085,0.8057779912866916
2025-05-29,Equal Weight,0.11951816415782601,0.12309213075365329,0.8084851854339388
2025-05-30,Equal Weight,0.11985038584185692,0.123086344253349,0.8112222882851615
2025-06-02,Equal Weight,0.13657711806643236,0.12269951866527018,0.9501024888651763
2025-06-03,Equal Weight,0.13389031898844195,0.1226647843214768,0.9284679349369012
2025-06-04,Equal Weight,0.13529458986749687,0.1227107659169379,0.9395637701873608
2025-06-05,Equal Weight,0.12752630879532245,0.12265117032310906,0.8766839200315654
2025-06-06,Equal Weight,0.12889146327057488,0.1226477269915943,0.8878392281826616
2025-06-09,Equal Weight,0.12153223864550444,0.12233743360225047,0.8299359865240519
2025-06-10,Equal Weight,0.12548440516923964,0.1223961668877143,0.8618276850614983
2025-06-11,Equal Weight,0.13932568813119106,0.12176238818606798,0.9799880727441602
2025-06-12,Equal Weight,0.14312914170843238,0.12184127942923077,1.0105699996358757
2025-06-13,Equal Weight,0.13205227644861717,0.12218899161104302,0.9170406840356498
2025-06-16,Equal Weight,0.12461641658860434,0.12191046926777355,0.8581413656838346
2025-06-17,Equal Weight,0.12003259757712992,0.12198182046920587,0.8200615238594754
2025-06-18,Equal Weight,0.12040504996120704,0.12198214538430827,0.8231126747679182
2025-06-20,Equal Weight,0.11645088619342103,0.12201649432178023,0.7904741627723058
2025-06-23,Equal Weight,0.11996220747267361,0.12215915816301492,0.8182948292692009
2025-06-24,Equal Weight,0.13096697135656488,0.12236461067240517,0.906855100888981
2025-06-25,Equal Weight,0.1299551177070184,0.12238979696841044,0.8984010140600076
2025-06-26,Equal Weight,0.13517154052270497,0.12251546502152626,0.9400571634158108
2025-06-27,Equal Weight,0.13409889933529695,0.12252555097986757,0.931225351959811
2025-06-30,Equal Weight,0.14561265518583433,0.12250995040350247,1.0253261451181124
2025-07-01,Equal Weight,0.142736431931346,0.12245465875060534,1.0023010409209054
2025-07-02,Equal Weight,0.1491597499186308,0.12244594029210927,1.0548308062358371
2025-07-03,Equal Weight,0.15458115507999426,0.12238351520236992,1.0996673437386946
2025-07-07,Equal Weight,0.1396199411497514,0.12261934183995327,0.975538926851224
2025-07-08,Equal Weight,0.1313385571622765,0.1224137329353554,0.9095266886524283
2025-07-09,Equal Weight,0.13121509207563564,0.12240907091319297,0.9085527015763758
2025-07-10,Equal Weight,0.1332961215873536,0.12241356184810367,0.9255193613918088
2025-07-11,Equal Weight,0.12891399141366922,0.12251839307117647,0.8889603322694263
2025-07-14,Equal Weight,0.12288395468372748,0.1223614208458191,0.8408202027448333
2025-07-15,Equal Weight,0.10711542521793627,0.12228465561114975,0.7123986634508966
2025-07-16,Equal Weight,0.10577281581915599,0.1222393846613189,0.7016790542328188
2025-07-17,Equal Weight,0.11012699579838214,0.12227232228779177,0.7371005482847596
2025-07-18,Equal Weight,0.097994536021899,0.12183603046476284,0.640159858494868
2025-07-21,Equal Weight,0.11152227952208227,0.12168716538142355,0.7521111962400417
2025-07-22,Equal Weight,0.12590844948398217,0.12145821249195231,0.8719743795916604
2025-07-23,Equal Weight,0.13850354664901943,0.12128744855775536,0.9770470733629928
2025-07-24,Equal Weight,0.1266459054864646,0.12121176342911558,0.8798313172700513
2025-07-25,Equal Weight,0.12849038930385803,0.12120576587192322,0.8950926428574248
2025-07-28,Equal Weight,0.138825467893414,0.12042082999671061,0.9867517762222682
2025-07-29,Equal Weight,0.14513953600888363,0.12043687547421228,1.0390466833032237
2025-07-30,Equal Weight,0.12582581598968123,0.12020077891428953,0.8804087373272471
2025-07-31,Equal Weight,0.12157879086317913,0.12028604969840202,0.8444769041619677
2025-08-01,Equal Weight,0.11918260304993988,0.12030064565547778,0.8244561158381754
2025-08-04,Equal Weight,0.1165267622474222,0.1200821017536044,0.8038397133111874
2025-08-05,Equal Weight,0.12739788984647094,0.11968904306936003,0.8973076155704048
2025-08-06,Equal Weight,0.13501882456678382,0.11954654594588644,0.9621258703605529
2025-08-07,Equal Weight,0.15851605969250837,0.11812345748712967,1.1726380402266892
2025-08-08,Equal Weight,0.1579743525045112,0.11812243488598352,1.1680622113630619
2025-08-11,Equal Weight,0.1592531066998839,0.11808335387375796,1.1792780449711684
2025-08-12,Equal Weight,0.15277995405801748,0.11760133671937761,1.1290684082516795
2025-08-13,Equal Weight,0.15597850501731436,0.11772268795721325,1.1550747555707892
2025-08-14,Equal Weight,0.14816233529797795,0.11786892155139642,1.087329328300447
2025-08-15,Equal Weight,0.1345091496542561,0.11739674130217934,0.9754031362719806
2025-08-18,Equal Weight,0.1333728036311561,0.11740375692223763,0.9656658918185095
2025-08-19,Equal Weight,0.12328671985557049,0.11719910663005684,0.8812927233447154
2025-08-20,Equal Weight,0.11809709829186565,0.11709723279594184,0.8377405336538861
2025-08-21,Equal Weight,0.10648734029564433,0.11696267602311326,0.7394439255011006
2025-08-22,Equal Weight,0.12476307727642211,0.11793226550664573,0.8883326104722247
2025-08-25,Equal Weight,0.11406213249337305,0.11800831692869808,0.7970805358592346
2025-08-26,Equal Weight,0.12513972276756036,0.11772363524637353,0.8931063209823805
2025-08-27,Equal Weight,0.11104536164554069,0.11695556440777606,0.7784611369844949
2025-08-28,Equal Weight,0.11780302206428428,0.11694947144105272,0.8362844300119899
2025-08-29,Equal Weight,0.11412197241728483,0.11699828717653625,0.8044730798089904
2025-09-02,Equal Weight,0.11521837501849386,0.11695792329650907,0.8141250488613618
2025-09-03,Equal Weight,0.11979542687266265,0.11703272509527916,0.8527138609428839
2025-09-04,Equal Weight,0.12420945707018927,0.11713909930763905,0.8896214644480658
2025-09-05,Equal Weight,0.14320290319883378,0.11688642667036589,1.0540394356162595
2025-09-08,Equal Weight,0.14737446915901398,0.11698071984313081,1.0888501056398099
2025-09-09,Equal Weight,0.14437697679912964,0.11699322170398418,1.0631126742866164
2025-09-10,Equal Weight,0.15925640619373538,0.11645325091043748,1.195813814599607
2025-09-11,Equal Weight,0.16142346392825302,0.11656974286722743,1.213209023625744
2025-09-12,Equal Weight,0.1545718846730315,0.11656348617951502,1.1544943368095772
2025-09-15,Equal Weight,0.1550641285840586,0.11657817659865392,1.1585712911692438
2025-09-16,Equal Weight,0.14782718924672267,0.11644250058643457,1.0977709049784388
2025-09-17,Equal Weight,0.13812564226974833,0.11628544301290816,1.0158248462504107
2025-09-18,Equal Weight,0.1371081048771352,0.11626869902549355,1.0072195342226853
2025-09-19,Equal Weight,0.13862033588339973,0.11625374165520108,1.020357144591679
2025-09-22,Equal Weight,0.1475642454936419,0.11618579937512423,1.0979331913169574
2025-09-23,Equal Weight,0.13499155170443888,0.11565293860787053,0.9942812788728687
2025-09-24,Equal Weight,0.13115974981441947,0.11577820247515894,0.9601094803511879
2025-09-25,Equal Weight,0.12495045787629366,0.11583442360544428,0.9060385903397453
2025-09-26,Equal Weight,0.12187459538727419,0.11571818360025235,0.8803680823335359
2025-09-29,Equal Weight,0.13413094002018577,0.11565696222815862,0.9868056174174588
2025-09-30,Equal Weight,0.12862768469704733,0.11547212565162256,0.9407264660977595
2025-10-01,Equal Weight,0.1332881065012268,0.11552162108572618,0.9806658306600291
2025-10-02,Equal Weight,0.13726902787711293,0.11549670235950928,1.0153452477983906
2025-10-03,Equal Weight,0.14161832632790827,0.11548556519970611,1.0531041357211781
2025-10-06,Equal Weight,0.14345117290476583,0.1154908560419795,1.0689259490802705
2025-10-07,Equal Weight,0.14768556884292594,0.11533546452030191,1.1070798507119215
2025-10-08,Equal Weight,0.15158170378534952,0.11541549991800508,1.1400696083180288
2025-10-09,Equal Weight,0.1512231427262194,0.11543187069888,1.1368016643213998
2025-10-10,Equal Weight,0.13712478517221127,0.11616317217889362,1.0082781227068829
2025-10-13,Equal Weight,0.15299314482855508,0.11688602144992981,1.1378019645020174
2025-10-14,Equal Weight,0.1579310703697845,0.11688984034605282,1.1800090577713087
2025-10-15,Equal Weight,0.15937536057205137,0.11695303762835257,1.1917207402081451
2025-10-16,Equal Weight,0.1580813959921301,0.1169391166710723,1.1807973236237714
2025-10-17,Equal Weight,0.1592612309973982,0.1169203445814662,1.1910778359053298
2025-10-20,Equal Weight,0.16651992388502457,0.11735952684552643,1.248470642505915
2025-10-21,Equal Weight,0.16068409570095477,0.11763624847648771,1.1959247045273949
2025-10-22,Equal Weight,0.15264312017627013,0.1176189247975318,1.127736207456418
2025-10-23,Equal Weight,0.16682348206934727,0.11725801616457501,1.2521402533646508
2025-10-24,Equal Weight,0.17157837702385637,0.11731033451695703,1.292114438578691
2025-10-27,Equal Weight,0.18264663527367953,0.11712921992752841,1.3886085416970608
2025-10-28,Equal Weight,0.17592729485844139,0.11711582174685208,1.3313939357867548
2025-10-29,Equal Weight,0.17176044785736844,0.11724959249264813,1.294336676410063
2025-10-30,Equal Weight,0.16397175753352666,0.11730915548532839,1.2272849202425034
2025-10-31,Equal Weight,0.16299348022703053,0.11731084048063116,1.2189281028179129
2025-11-03,Equal Weight,0.16566679823004016,0.11728549086426293,1.2419848112212237
2025-11-04,Equal Weight,0.1678351970684946,0.11712058003605358,1.2622478220564315
2025-11-05,Equal Weight,0.17416753004345886,0.11712064686786827,1.3163138538449646
2025-11-06,Equal Weight,0.16360057180898946,0.11715667362974864,1.225713972238677
2025-11-07,Equal Weight,0.15535127841260743,0.11684060884850471,1.1584266784171215
2025-11-10,Equal Weight,0.16903378452555562,0.117208329184025,1.2715289567140104
2025-11-11,Equal Weight,0.15956127015814925,0.11671295457309842,1.1957650345552748
2025-11-12,Equal Weight,0.16098433562229464,0.1167137714857444,1.2079494461329672
2025-11-13,Equal Weight,0.1500483699797237,0.11738185895831446,1.1079085911044182
2025-11-14,Equal Weight,0.16028196682091167,0.1168179445728031,1.2008597423445109
2025-11-17,Equal Weight,0.1560252385384402,0.11702461746700063,1.162364308319978
2025-11-18,Equal Weight,0.15766780235794475,0.11698147964902775,1.1768341687161157
2025-11-19,Equal Weight,0.16377315011261562,0.11680971353094467,1.2308321437200334
2025-11-20,Equal Weight,0.1471404954331894,0.11700600877800747,1.0866150957632428
2025-11-21,Equal Weight,0.15244652923060342,0.11723120573854141,1.1297890215852293
2025-11-24,Equal Weight,0.164576932391149,0.11759977863700023,1.229397997741307
2025-11-25,Equal Weight,0.16854005404660044,0.11773455312714627,1.2616521666853917
2025-11-26,Equal Weight,0.17017280964975678,0.11779485708747647,1.2748672850652207
2025-11-28,Equal Weight,0.1669380375948626,0.11770175852349304,1.2483928824694157
2025-12-01,Equal Weight,0.1614789774755392,0.1178570177772658,1.200428961667058
2025-12-02,Equal Weight,0.15950613492933252,0.11784853939117985,1.1837748320856456
2025-12-03,Equal Weight,0.15723379921905067,0.11777679040285362,1.1652024032039308
2025-12-04,Equal Weight,0.15718393092098593,0.11777704083352203,1.1647765128935066
2025-12-05,Equal Weight,0.15865137132539942,0.1177623014049232,1.177383336358633
2025-12-08,Equal Weight,0.1502612249137052,0.11774496450357272,1.106299751016127
2025-12-09,Equal Weight,0.15161524384957148,0.11773226579379664,1.1179199088896354
2025-12-10,Equal Weight,0.15709663919308725,0.11788013298928839,1.1630173441146783
2025-12-11,Equal Weight,0.15998888684459267,0.11789259996041349,1.187427259146026
2025-12-12,Equal Weight,0.15639745490525048,0.11806784451330897,1.1552464218136493
2025-12-15,Equal Weight,0.15215442770586662,0.1180420287015996,1.1195540195258926
2025-12-16,Equal Weight,0.15949171225640169,0.11776960778321349,1.1844457571190485
2025-12-17,Equal Weight,0.15848174130533188,0.11780450051952135,1.1755216540507645
2025-12-18,Equal Weight,0.16210348750262504,0.1178813320466839,1.2054791461496939
2025-12-19,Equal Weight,0.16977463241360957,0.11786151073215859,1.270767967279614
2025-12-22,Equal Weight,0.20648270075374908,0.1150879136362879,1.6203499990719268
2025-12-23,Equal Weight,0.215936959571146,0.11497191169596102,1.7042158965686687
2025-12-24,Equal Weight,0.21053497304944657,0.11480902049094402,1.6595819059746766
2025-12-26,Equal Weight,0.21118628340179857,0.11481051689987053,1.665233190862972
2025-12-29,Equal Weight,0.19772538057656752,0.11487676705209117,1.5470959458319147
2025-12-30,Equal Weight,0.1943159272392918,0.11487727258742533,1.5174100438938585
2025-12-31,Equal Weight,0.196178659249989,0.11477466216484586,1.53499610390446
2026-01-02,Equal Weight,0.20682539560388746,0.11477351670374672,1.6277744288878155
2026-01-05,Equal Weight,0.2190550102390727,0.11507197844157213,1.7298304325248306
2026-01-06,Equal Weight,0.225471052466516,0.11515330054965905,1.7843262111094076
2026-01-07,Equal Weight,0.21543949216710034,0.1151084032134173,1.6978733672879192
2026-01-08,Equal Weight,0.21550607916340647,0.11510844770505743,1.6984511828736675
2026-01-09,Equal Weight,0.2311515700658271,0.11495549754277108,1.8368114146717054
2026-01-12,Equal Weight,0.23591431990027867,0.11500313675913106,1.8774646151826415
2026-01-13,Equal Weight,0.24989309649621894,0.11429180772965739,2.011457348194208
2026-01-14,Equal Weight,0.25508983489680803,0.11429036305258738,2.056952385291123
2026-01-15,Equal Weight,0.2522134893212842,0.11424964075738582,2.0325095797403847
2026-01-16,Equal Weight,0.23411507827041622,0.11350673762140759,1.8863644815920928
2026-01-20,Equal Weight,0.2200315506412529,0.11384450815397817,1.7570592897700794
2026-01-21,Equal Weight,0.2280519745629368,0.11422379212693629,1.821441668927694
2026-01-22,Equal Weight,0.21940569249121755,0.11376237798731549,1.752826338716753
2026-01-23,Equal Weight,0.2231470871246546,0.11374659044060052,1.7859619909287725
2026-01-26,Equal Weight,0.225166480019932,0.11377116500685425,1.803325825199835
2026-01-27,Equal Weight,0.2311080610662095,0.11392040734002012,1.853118909907966
2026-01-28,Equal Weight,0.23862682240004807,0.11380737162449052,1.921025143445112
2026-01-29,Equal Weight,0.23701661510586725,0.11379594109910524,1.9070681520781732
2026-01-30,Equal Weight,0.21971178719351037,0.11512060669275327,1.7348048531964697
2026-02-02,Equal Weight,0.2065625994221143,0.11491704113794994,1.623454603205097
2026-02-03,Equal Weight,0.21840237015048203,0.11485567989732975,1.7274058220528163
2026-02-04,Equal Weight,0.21844385571210245,0.11485450239067493,1.7277847326968538
2026-02-05,Equal Weight,0.20022384451490627,0.11488975047803401,1.568667733762409
2026-02-06,Equal Weight,0.21175309454718994,0.11587426577665337,1.6548376230214252
2026-02-09,Equal Weight,0.21891145127460887,0.11603969958539247,1.714167237465415
2026-02-10,Equal Weight,0.2281070534507481,0.11584411895680859,1.7964403832044242
2026-02-11,Equal Weight,0.22337722381145753,0.1157498861378525,1.7570403790224478
2026-02-12,Equal Weight,0.21482116679114172,0.1161133787046574,1.6778528793540937
2026-02-13,Equal Weight,0.22821051665154024,0.11620853555644498,1.7916972764053802
2026-02-17,Equal Weight,0.21253927300780528,0.1158312384730508,1.6622396129572707
2026-02-18,Equal Weight,0.21495237610264706,0.11584599464659182,1.6828581488499703
2026-02-19,Equal Weight,0.21131682821072495,0.11584316036859327,1.6515159600444886
2026-02-20,Equal Weight,0.2207264635398598,0.11599678741439211,1.730448472014795
2026-02-23,Equal Weight,0.21743846406569078,0.11602539362506015,1.701683208278695
2026-02-24,Equal Weight,0.2298708697256049,0.11582717442209338,1.8119311877608335
2026-02-25,Equal Weight,0.23783341639730526,0.11583349358771793,1.880573654910488
2026-02-26,Equal Weight,0.2353438622532582,0.11583088603283395,1.8591229820362063
2026-02-27,Equal Weight,0.2318923991601647,0.11582857516327696,1.8293620452593156
2026-03-02,Equal Weight,0.24229547727277834,0.11524532642351619,1.9288893022512905
2026-03-03,Equal Weight,0.21433329956869462,0.11655464457193229,1.6673149344019564
2026-03-04,Equal Weight,0.22599131200510136,0.11659153677556208,1.7667775698130925
2026-03-05,Equal Weight,0.2177193487869109,0.11706178916259635,1.6890169730131401
2026-03-06,Equal Weight,0.19936969458565112,0.11705944644912462,1.5322957695994852
2026-03-09,Equal Weight,0.22276050639430567,0.11662302761380244,1.7385975183713098
2026-03-10,Equal Weight,0.2179637024362282,0.11660871430200356,1.697675029016479
2026-03-11,Equal Weight,0.2294659774050256,0.11582627903621769,1.8084495085914636
2026-03-12,Equal Weight,0.21523106395716507,0.11671500220334653,1.672716105655587
2026-03-13,Equal Weight,0.20664745387439476,0.11685431462623275,1.5972662581728418
2026-03-16,Equal Weight,0.22420158604613527,0.11712065983666865,1.7435146483199964
2026-03-17,Equal Weight,0.21429380432459055,0.11664412602684492,1.6656972874902853
2026-03-18,Equal Weight,0.18674639070387955,0.1173600036505157,1.4208110558724139
2026-03-19,Equal Weight,0.18628243142410028,0.1173732531274097,1.4166978165255353
2026-03-20,Equal Weight,0.15259010946996643,0.11942717871646569,1.1102172126560161
2026-03-23,Equal Weight,0.16769399250207018,0.11972972056677059,1.23356165706329
2026-03-24,Equal Weight,0.1677164647216851,0.11972896122905023,1.2337571729123478
2026-03-25,Equal Weight,0.17270954279358208,0.11999797715309618,1.2726009755877112
2026-03-26,Equal Weight,0.15184194113964455,0.12139398083279555,1.0860665432929473
2026-03-27,Equal Weight,0.15421133496630124,0.12128392405322634,1.1065880001326607
2026-03-30,Equal Weight,0.15418857860847335,0.12128402509458845,1.106399449588029
2026-03-31,Equal Weight,0.18770514673154892,0.12312088450068767,1.36211778701616
2026-04-01,Equal Weight,0.19240452536058594,0.12325812977714355,1.3987274159708685
2026-04-02,Equal Weight,0.18869670783924453,0.12324019879254382,1.3688448208625488
2026-04-06,Equal Weight,0.18618803204337775,0.12319838336476775,1.3489465324502317
2026-04-07,Equal Weight,0.2170497025464897,0.1207919970198724,1.6313142212068203
2026-04-08,Equal Weight,0.28678217367707504,0.11736049133760912,2.2731855553469593
2026-04-09,Equal Weight,0.31356355055474805,0.11581983070729301,2.5346570510594155
2026-04-10,Equal Weight,0.33144039182688956,0.11488863620491772,2.71080240931225
2026-04-13,Equal Weight,0.26662070710392527,0.10025305059082881,2.4599820718720977
2026-04-14,Equal Weight,0.3092832304669082,0.0982536034959418,2.9442505941154264
2026-04-15,Equal Weight,0.2919502578025306,0.09742079092141692,2.791501231209417
2026-04-16,Equal Weight,0.2819127522638136,0.09713735487428352,2.696313406956414
2026-04-17,Equal Weight,0.2947210656045376,0.09783534592143052,2.807994012973187
2026-04-20,Equal Weight,0.2966151474165357,0.09778347064684544,2.8288538501109084
2026-04-21,Equal Weight,0.2781919354256275,0.09859921657570207,2.6186002728266504
2026-04-22,Equal Weight,0.2992622118531685,0.09815843384835493,2.8450149508762634
2026-04-23,Equal Weight,0.27742706965851305,0.09759037503583441,2.6378325686727595
2026-04-24,Equal Weight,0.27801160080231924,0.09761594654156915,2.643129631411673
2026-04-27,Equal Weight,0.25743259858419276,0.09681776206815641,2.452366110435896
2026-04-28,Equal Weight,0.24804936167045089,0.09698431041677989,2.3514046827825315
2026-04-29,Equal Weight,0.23586251908388944,0.09710604118000395,2.222956640604352
2026-04-30,Equal Weight,0.24625173431478053,0.0976864442126571,2.3161016468389932
2026-05-01,Equal Weight,0.25111981552898444,0.09764891687563323,2.3668446402057
2026-05-04,Equal Weight,0.24385478087847767,0.09791978755267651,2.2861036208647176
2026-05-05,Equal Weight,0.24383639726143747,0.09791848606218012,2.2859462626831983
2026-05-06,Equal Weight,0.2639386272621467,0.09924479071249027,2.4579489312323797
2026-05-07,Equal Weight,0.2558722571176477,0.09954712458791853,2.369453242311674
2026-05-08,Equal Weight,0.268020050613047,0.09984396277277345,2.4840765903642583
2026-05-11,Equal Weight,0.26963375984004156,0.09982002941437738,2.500838371863734
2026-05-12,Equal Weight,0.25734917473394026,0.10015435457762902,2.369833800386307
2026-05-13,Equal Weight,0.24890518371955217,0.09979006937705062,2.2938673672492205
2026-05-14,Equal Weight,0.24774817243026837,0.09978778195491358,2.282325230288917
2026-05-15,Equal Weight,0.23216572765368237,0.10122882543395466,2.095902296052096
2026-05-18,Equal Weight,0.22337399249018453,0.10097594845751405,2.0140835079727406
2026-05-19,Equal Weight,0.21158752497771816,0.10126834058435681,1.8918797708364266
2026-05-20,Equal Weight,0.2261350881774733,0.10211627171367177,2.0186311615005335
2026-05-21,Equal Weight,0.23046977726331264,0.10214640394507805,2.0604717262144416
2026-05-22,Equal Weight,0.2474697511727204,0.10130917662874178,2.2453025356854637
2026-05-26,Equal Weight,0.2613963077569432,0.10181327661613199,2.37097081814863
2026-05-27,Equal Weight,0.2573531155121078,0.1018478192211406,2.3304683136783386
2026-05-28,Equal Weight,0.24862148539454254,0.10139529356039846,2.2547544108480624
2026-05-29,Equal Weight,0.25555810155823955,0.1012248225714164,2.327078433672215
2026-06-01,Equal Weight,0.24803633730664698,0.10116128030446614,2.2541859555387567
2026-06-02,Equal Weight,0.25525763805571633,0.10117318208297109,2.3252964195866053
2026-06-03,Equal Weight,0.24130959099581606,0.10137057602376824,2.1831738525775553
2026-06-04,Equal Weight,0.24512455107898679,0.1014251076033681,2.2196136282088688
2026-06-05,Equal Weight,0.20761522089099382,0.10447081817060525,1.7958624635695901
2026-06-08,Equal Weight,0.2137780795232338,0.1044662421372097,1.8549349106357127
2026-06-09,Equal Weight,0.21389879041822568,0.10446626588253706,1.856089990200736
2026-06-10,Equal Weight,0.1952906827234684,0.1052740818233635,1.6650886874281539
2026-06-11,Equal Weight,0.21571748229089738,0.10723662188804381,1.8250992883310755
2026-06-12,Equal Weight,0.2194704836960979,0.10726542709109758,1.859597161037667
2026-06-15,Equal Weight,0.22737406904211355,0.10772303533894513,1.9250670795677214
2026-06-16,Equal Weight,0.23402191615874646,0.10738081028142475,1.9931113911120208
2026-06-17,Equal Weight,0.21999319198834977,0.10783031826787401,1.8547027886120404
2026-06-18,Equal Weight,0.2368218979562462,0.10813126975406719,2.0051729573636194
2026-06-22,Equal Weight,0.23597882543480808,0.10813406771310691,1.9973245250315257
2026-06-23,Equal Weight,0.22218712699928056,0.109048120901963,1.8541092256055642
2026-06-24,Equal Weight,0.21227982927310562,0.10884816745821896,1.766495787326063
2026-06-25,Equal Weight,0.20859993241161745,0.10868882566580612,1.7352283572510034
2026-06-26,Equal Weight,0.21195899216189185,0.10861803161169786,1.767284762148262
2026-06-29,Equal Weight,0.20880177943752898,0.10851965761693975,1.7397933571074713
2026-06-30,Equal Weight,0.21123975591476118,0.108500697966951,1.7625670571539758
2026-07-01,Equal Weight,0.19772273841813193,0.10860019699705767,1.6364863354985169
2026-07-02,Equal Weight,0.19680760506810557,0.10859413117213715,1.6281506482872483
2026-07-06,Equal Weight,0.20126958467937217,0.10874307683991036,1.6669528759631667
2026-07-07,Equal Weight,0.18826642015016137,0.10922500208276298,1.5405485643539836
2026-07-08,Equal Weight,0.19325042211258592,0.10896532168210854,1.5899592589468088
2026-07-09,Equal Weight,0.20108247644212174,0.10913725052565022,1.6592178707998735
2026-07-10,Equal Weight,0.1949154222924694,0.10902696641010665,1.6043317360085236
2026-07-13,Equal Weight,0.17893061785968856,0.10972370795015847,1.4484619671427996
2026-07-14,Equal Weight,0.19172638718699986,0.10972168175405504,1.5651089597034298
2026-07-15,Equal Weight,0.19270891975851545,0.10972970718492413,1.573948606893249
2026-07-16,Equal Weight,0.19379194315404868,0.10967823637849344,1.584561795416754
2026-07-17,Equal Weight,0.1845489184469451,0.10969657239713705,1.500037009827662
2026-07-20,Equal Weight,0.17677773084486392,0.10972978131286872,1.4287619000884457
2026-07-21,Equal Weight,0.18841962936446,0.11008718081729685,1.529875032806708
2026-07-22,Equal Weight,0.18016518078353383,0.11003121783211584,1.4556339913270044
2026-07-23,Equal Weight,0.16412593607475512,0.11037310865673278,1.3058066210945978
2026-07-24,Equal Weight,0.1589013926689582,0.11031789378545026,1.259101202014408
2026-07-27,Equal Weight,0.1666945387138239,0.11024955380519319,1.330568094389095
2026-07-28,Equal Weight,0.16288678517611,0.11029065728805452,1.2955474986691002
2026-07-29,Equal Weight,0.15725321651116664,0.11066055642160738,1.2403083894521862
2026-07-30,Equal Weight,0.169056911482381,0.11141629593002877,1.337837613772326
2026-07-31,Equal Weight,0.17407340819786077,0.11122971913316505,1.385182030473375
2026-08-03,Equal Weight,0.18678455849072373,0.11128866966736971,1.498666117487301
2026-08-04,Equal Weight,0.2041937580016211,0.11197159519717995,1.6450043216519266
2026-08-05,Equal Weight,0.1948637058164573,0.11158513712790871,1.5670877889051937
2026-08-06,Equal Weight,0.1891168182718086,0.11170129900808394,1.5140094141570317
2026-08-07,Equal Weight,0.19738677325913145,0.111958271536711,1.5844007845455754
2026-08-10,Equal Weight,0.18941052560761729,0.1120548172504978,1.5118540172074992
2026-08-11,Equal Weight,0.1878438886549072,0.11206351075949632,1.4977568301882247
2026-08-12,Equal Weight,0.1980897033515241,0.11210633788770596,1.588578368601354
2026-08-13,Equal Weight,0.19338066743878302,0.11192683249687284,1.5490536413029214
2026-08-14,Equal Weight,0.1844713015469941,0.111749787207085,1.4717817873085535
2026-08-17,Equal Weight,0.18915569657456532,0.11160592617138297,1.5156515641903143
2026-08-18,Equal Weight,0.1793162247586384,0.11202819460928481,1.4221082943831926
2026-08-19,Equal Weight,0.19174721316449173,0.11238367953867148,1.528222014704485
2026-08-20,Equal Weight,0.18878948063484602,0.1124559892349524,1.5009381161744708
2026-08-21,Equal Weight,0.19302619976879698,0.11251267369239158,1.537837419470172
2026-08-24,Equal Weight,0.19553186533267786,0.11245731072480836,1.5608755375825922
2026-08-25,Equal Weight,0.18491510984419235,0.11162002663777787,1.4774688271609562
2026-08-26,Equal Weight,0.1872169528020835,0.11153354593659147,1.499252546827023
2018-02-01,Minimum Variance,,,
2018-02-02,Minimum Variance,,,
2018-02-05,Minimum Variance,,,
2018-02-06,Minimum Variance,,,
2018-02-07,Minimum Variance,,,
2018-02-08,Minimum Variance,,,
2018-02-09,Minimum Variance,,,
2018-02-12,Minimum Variance,,,
2018-02-13,Minimum Variance,,,
2018-02-14,Minimum Variance,,,
2018-02-15,Minimum Variance,,,
2018-02-16,Minimum Variance,,,
2018-02-20,Minimum Variance,,,
2018-02-21,Minimum Variance,,,
2018-02-22,Minimum Variance,,,
2018-02-23,Minimum Variance,,,
2018-02-26,Minimum Variance,,,
2018-02-27,Minimum Variance,,,
2018-02-28,Minimum Variance,,,
2018-03-01,Minimum Variance,,,
2018-03-02,Minimum Variance,,,
2018-03-05,Minimum Variance,,,
2018-03-06,Minimum Variance,,,
2018-03-07,Minimum Variance,,,
2018-03-08,Minimum Variance,,,
2018-03-09,Minimum Variance,,,
2018-03-12,Minimum Variance,,,
2018-03-13,Minimum Variance,,,
2018-03-14,Minimum Variance,,,
2018-03-15,Minimum Variance,,,
2018-03-16,Minimum Variance,,,
2018-03-19,Minimum Variance,,,
2018-03-20,Minimum Variance,,,
2018-03-21,Minimum Variance,,,
2018-03-22,Minimum Variance,,,
2018-03-23,Minimum Variance,,,
2018-03-26,Minimum Variance,,,
2018-03-27,Minimum Variance,,,
2018-03-28,Minimum Variance,,,
2018-03-29,Minimum Variance,,,
2018-04-02,Minimum Variance,,,
2018-04-03,Minimum Variance,,,
2018-04-04,Minimum Variance,,,
2018-04-05,Minimum Variance,,,
2018-04-06,Minimum Variance,,,
2018-04-09,Minimum Variance,,,
2018-04-10,Minimum Variance,,,
2018-04-11,Minimum Variance,,,
2018-04-12,Minimum Variance,,,
2018-04-13,Minimum Variance,,,
2018-04-16,Minimum Variance,,,
2018-04-17,Minimum Variance,,,
2018-04-18,Minimum Variance,,,
2018-04-19,Minimum Variance,,,
2018-04-20,Minimum Variance,,,
2018-04-23,Minimum Variance,,,
2018-04-24,Minimum Variance,,,
2018-04-25,Minimum Variance,,,
2018-04-26,Minimum Variance,,,
2018-04-27,Minimum Variance,,,
2018-04-30,Minimum Variance,,,
2018-05-01,Minimum Variance,,,
2018-05-02,Minimum Variance,,,
2018-05-03,Minimum Variance,,,
2018-05-04,Minimum Variance,,,
2018-05-07,Minimum Variance,,,
2018-05-08,Minimum Variance,,,
2018-05-09,Minimum Variance,,,
2018-05-10,Minimum Variance,,,
2018-05-11,Minimum Variance,,,
2018-05-14,Minimum Variance,,,
2018-05-15,Minimum Variance,,,
2018-05-16,Minimum Variance,,,
2018-05-17,Minimum Variance,,,
2018-05-18,Minimum Variance,,,
2018-05-21,Minimum Variance,,,
2018-05-22,Minimum Variance,,,
2018-05-23,Minimum Variance,,,
2018-05-24,Minimum Variance,,,
2018-05-25,Minimum Variance,,,
2018-05-29,Minimum Variance,,,
2018-05-30,Minimum Variance,,,
2018-05-31,Minimum Variance,,,
2018-06-01,Minimum Variance,,,
2018-06-04,Minimum Variance,,,
2018-06-05,Minimum Variance,,,
2018-06-06,Minimum Variance,,,
2018-06-07,Minimum Variance,,,
2018-06-08,Minimum Variance,,,
2018-06-11,Minimum Variance,,,
2018-06-12,Minimum Variance,,,
2018-06-13,Minimum Variance,,,
2018-06-14,Minimum Variance,,,
2018-06-15,Minimum Variance,,,
2018-06-18,Minimum Variance,,,
2018-06-19,Minimum Variance,,,
2018-06-20,Minimum Variance,,,
2018-06-21,Minimum Variance,,,
2018-06-22,Minimum Variance,,,
2018-06-25,Minimum Variance,,,
2018-06-26,Minimum Variance,,,
2018-06-27,Minimum Variance,,,
2018-06-28,Minimum Variance,,,
2018-06-29,Minimum Variance,,,
2018-07-02,Minimum Variance,,,
2018-07-03,Minimum Variance,,,
2018-07-05,Minimum Variance,,,
2018-07-06,Minimum Variance,,,
2018-07-09,Minimum Variance,,,
2018-07-10,Minimum Variance,,,
2018-07-11,Minimum Variance,,,
2018-07-12,Minimum Variance,,,
2018-07-13,Minimum Variance,,,
2018-07-16,Minimum Variance,,,
2018-07-17,Minimum Variance,,,
2018-07-18,Minimum Variance,,,
2018-07-19,Minimum Variance,,,
2018-07-20,Minimum Variance,,,
2018-07-23,Minimum Variance,,,
2018-07-24,Minimum Variance,,,
2018-07-25,Minimum Variance,,,
2018-07-26,Minimum Variance,,,
2018-07-27,Minimum Variance,,,
2018-07-30,Minimum Variance,,,
2018-07-31,Minimum Variance,,,
2018-08-01,Minimum Variance,,,
2018-08-02,Minimum Variance,,,
2018-08-03,Minimum Variance,,,
2018-08-06,Minimum Variance,,,
2018-08-07,Minimum Variance,,,
2018-08-08,Minimum Variance,,,
2018-08-09,Minimum Variance,,,
2018-08-10,Minimum Variance,,,
2018-08-13,Minimum Variance,,,
2018-08-14,Minimum Variance,,,
2018-08-15,Minimum Variance,,,
2018-08-16,Minimum Variance,,,
2018-08-17,Minimum Variance,,,
2018-08-20,Minimum Variance,,,
2018-08-21,Minimum Variance,,,
2018-08-22,Minimum Variance,,,
2018-08-23,Minimum Variance,,,
2018-08-24,Minimum Variance,,,
2018-08-27,Minimum Variance,,,
2018-08-28,Minimum Variance,,,
2018-08-29,Minimum Variance,,,
2018-08-30,Minimum Variance,,,
2018-08-31,Minimum Variance,,,
2018-09-04,Minimum Variance,,,
2018-09-05,Minimum Variance,,,
2018-09-06,Minimum Variance,,,
2018-09-07,Minimum Variance,,,
2018-09-10,Minimum Variance,,,
2018-09-11,Minimum Variance,,,
2018-09-12,Minimum Variance,,,
2018-09-13,Minimum Variance,,,
2018-09-14,Minimum Variance,,,
2018-09-17,Minimum Variance,,,
2018-09-18,Minimum Variance,,,
2018-09-19,Minimum Variance,,,
2018-09-20,Minimum Variance,,,
2018-09-21,Minimum Variance,,,
2018-09-24,Minimum Variance,,,
2018-09-25,Minimum Variance,,,
2018-09-26,Minimum Variance,,,
2018-09-27,Minimum Variance,,,
2018-09-28,Minimum Variance,,,
2018-10-01,Minimum Variance,,,
2018-10-02,Minimum Variance,,,
2018-10-03,Minimum Variance,,,
2018-10-04,Minimum Variance,,,
2018-10-05,Minimum Variance,,,
2018-10-08,Minimum Variance,,,
2018-10-09,Minimum Variance,,,
2018-10-10,Minimum Variance,,,
2018-10-11,Minimum Variance,,,
2018-10-12,Minimum Variance,,,
2018-10-15,Minimum Variance,,,
2018-10-16,Minimum Variance,,,
2018-10-17,Minimum Variance,,,
2018-10-18,Minimum Variance,,,
2018-10-19,Minimum Variance,,,
2018-10-22,Minimum Variance,,,
2018-10-23,Minimum Variance,,,
2018-10-24,Minimum Variance,,,
2018-10-25,Minimum Variance,,,
2018-10-26,Minimum Variance,,,
2018-10-29,Minimum Variance,,,
2018-10-30,Minimum Variance,,,
2018-10-31,Minimum Variance,,,
2018-11-01,Minimum Variance,,,
2018-11-02,Minimum Variance,,,
2018-11-05,Minimum Variance,,,
2018-11-06,Minimum Variance,,,
2018-11-07,Minimum Variance,,,
2018-11-08,Minimum Variance,,,
2018-11-09,Minimum Variance,,,
2018-11-12,Minimum Variance,,,
2018-11-13,Minimum Variance,,,
2018-11-14,Minimum Variance,,,
2018-11-15,Minimum Variance,,,
2018-11-16,Minimum Variance,,,
2018-11-19,Minimum Variance,,,
2018-11-20,Minimum Variance,,,
2018-11-21,Minimum Variance,,,
2018-11-23,Minimum Variance,,,
2018-11-26,Minimum Variance,,,
2018-11-27,Minimum Variance,,,
2018-11-28,Minimum Variance,,,
2018-11-29,Minimum Variance,,,
2018-11-30,Minimum Variance,,,
2018-12-03,Minimum Variance,,,
2018-12-04,Minimum Variance,,,
2018-12-06,Minimum Variance,,,
2018-12-07,Minimum Variance,,,
2018-12-10,Minimum Variance,,,
2018-12-11,Minimum Variance,,,
2018-12-12,Minimum Variance,,,
2018-12-13,Minimum Variance,,,
2018-12-14,Minimum Variance,,,
2018-12-17,Minimum Variance,,,
2018-12-18,Minimum Variance,,,
2018-12-19,Minimum Variance,,,
2018-12-20,Minimum Variance,,,
2018-12-21,Minimum Variance,,,
2018-12-24,Minimum Variance,,,
2018-12-26,Minimum Variance,,,
2018-12-27,Minimum Variance,,,
2018-12-28,Minimum Variance,,,
2018-12-31,Minimum Variance,,,
2019-01-02,Minimum Variance,,,
2019-01-03,Minimum Variance,,,
2019-01-04,Minimum Variance,,,
2019-01-07,Minimum Variance,,,
2019-01-08,Minimum Variance,,,
2019-01-09,Minimum Variance,,,
2019-01-10,Minimum Variance,,,
2019-01-11,Minimum Variance,,,
2019-01-14,Minimum Variance,,,
2019-01-15,Minimum Variance,,,
2019-01-16,Minimum Variance,,,
2019-01-17,Minimum Variance,,,
2019-01-18,Minimum Variance,,,
2019-01-22,Minimum Variance,,,
2019-01-23,Minimum Variance,,,
2019-01-24,Minimum Variance,,,
2019-01-25,Minimum Variance,,,
2019-01-28,Minimum Variance,,,
2019-01-29,Minimum Variance,,,
2019-01-30,Minimum Variance,,,
2019-01-31,Minimum Variance,,,
2019-02-01,Minimum Variance,-0.06908449959804508,0.14744736101696188,-0.6041783249535208
2019-02-04,Minimum Variance,-0.05655028320371447,0.14721311715356816,-0.5199963473625763
2019-02-05,Minimum Variance,-0.030261867936005715,0.14629557025310017,-0.34356384030664533
2019-02-06,Minimum Variance,-0.0008221778945778357,0.14186950102043483,-0.146769938181277
2019-02-07,Minimum Variance,-0.025464022692116117,0.1408820560265667,-0.3227098182293903
2019-02-08,Minimum Variance,-0.01316684925817968,0.14014640571643563,-0.23665857920957048
2019-02-11,Minimum Variance,0.016960100417443114,0.13670841013251114,-0.022236375798755315
2019-02-12,Minimum Variance,0.009124714054939975,0.13608077862401954,-0.0799178697757718
2019-02-13,Minimum Variance,-0.003207429493524816,0.13562850921135822,-0.17111026013977088
2019-02-14,Minimum Variance,-0.005408268221242518,0.1355866432131521,-0.187395067973612
2019-02-15,Minimum Variance,-0.01110887922930548,0.13517666618407215,-0.23013497896851548
2019-02-19,Minimum Variance,-0.018947906972672457,0.13467958114992906,-0.28918939782946435
2019-02-20,Minimum Variance,-0.01931018247256222,0.13467468002112867,-0.29188992664690183
2019-02-21,Minimum Variance,-0.010880437182993474,0.13425162318439388,-0.2300190973525837
2019-02-22,Minimum Variance,0.0036150262220644436,0.1341889106971785,-0.1221037840817652
2019-02-25,Minimum Variance,0.0016461324589982507,0.13412870745732514,-0.13683772764932728
2019-02-26,Minimum Variance,-0.012115429540918266,0.13338045514158015,-0.24078062641807987
2019-02-27,Minimum Variance,-0.025042001091984845,0.1332603417256957,-0.33800004193820626
2019-02-28,Minimum Variance,-0.008444150465430567,0.131636208023671,-0.21608150897445863
2019-03-01,Minimum Variance,0.0017025167868047753,0.13136933195541847,-0.1392827606020305
2019-03-04,Minimum Variance,0.009122848806180528,0.13115675224038628,-0.08293245302295721
2019-03-05,Minimum Variance,0.009376849589596725,0.13116354339536523,-0.08099163940990826
2019-03-06,Minimum Variance,-0.0009900508083764414,0.13107486238794636,-0.16013788171107543
2019-03-07,Minimum Variance,-0.018183356871708467,0.13138660317704715,-0.29061834272597276
2019-03-08,Minimum Variance,-0.021473627754070135,0.13138683670742907,-0.3156604481347185
2019-03-11,Minimum Variance,-0.010473664168929142,0.13202576672130356,-0.23081603633673076
2019-03-12,Minimum Variance,-0.019035862739227083,0.13151086705437992,-0.29682613774484284
2019-03-13,Minimum Variance,-0.016229569808764444,0.1315888521730439,-0.2753240051149721
2019-03-14,Minimum Variance,-0.01304796378112194,0.1314953509921698,-0.25132419915811216
2019-03-15,Minimum Variance,-0.005391463520557416,0.13177443447036333,-0.19268884455936006
2019-03-18,Minimum Variance,0.0002728408250769476,0.1318277247360249,-0.14964347761007943
2019-03-19,Minimum Variance,-0.00017276815835864934,0.13182568138902181,-0.15302608676702503
2019-03-20,Minimum Variance,0.011308528134590379,0.13147153368635986,-0.0661091539872358
2019-03-21,Minimum Variance,0.013918406642489334,0.1315471074251501,-0.04623129673125709
2019-03-22,Minimum Variance,-0.005005900486450776,0.13281632852516784,-0.18827429401282025
2019-03-25,Minimum Variance,0.017222595344473124,0.13122408534022473,-0.021165357322368822
2019-03-26,Minimum Variance,0.03907441642252607,0.13023525634330552,0.14646123452350815
2019-03-27,Minimum Variance,0.012553844984203977,0.12847136884066124,-0.0579596456626164
2019-03-28,Minimum Variance,0.02541357142326195,0.12815198748223555,0.04224336687725876
2019-03-29,Minimum Variance,0.025100539438452474,0.1281392150328796,0.039804672107158705
2019-04-01,Minimum Variance,0.024405517173373248,0.12808504338123688,0.03439525066373682
2019-04-02,Minimum Variance,0.04138216901818503,0.12709654026188708,0.16823564964181
2019-04-03,Minimum Variance,0.03690914420095481,0.12688471214588895,0.13326384175828127
2019-04-04,Minimum Variance,0.03300223732005758,0.12678702852990587,0.10255179469712614
2019-04-05,Minimum Variance,0.0343870604848604,0.1268304549203384,0.11343537712528778
2019-04-08,Minimum Variance,0.04725380647041777,0.12617575630940744,0.2159987565565777
2019-04-09,Minimum Variance,0.0405601259083781,0.1262084657337431,0.1629060759818835
2019-04-10,Minimum Variance,0.034038480031632457,0.12581621072090385,0.11157926272929805
2019-04-11,Minimum Variance,0.03000910201722884,0.1259145435367805,0.07949123060836187
2019-04-12,Minimum Variance,0.03653016631639039,0.12602716582202486,0.1311635170764233
2019-04-15,Minimum Variance,0.03606337718061714,0.12603475204762055,0.1274519679663257
2019-04-16,Minimum Variance,0.031235061994360436,0.12599805828537217,0.0891685328111503
2019-04-17,Minimum Variance,0.024804906653184355,0.12583506115532916,0.03818416432645303
2019-04-18,Minimum Variance,0.022285874572533615,0.12578782801404914,0.018172462380686843
2019-04-22,Minimum Variance,0.025681144587276217,0.12563561441600077,0.045219220789297736
2019-04-23,Minimum Variance,0.039566547770381266,0.12541606036001163,0.156013095246452
2019-04-24,Minimum Variance,0.03773330537642505,0.1254761076523803,0.14132814372560473
2019-04-25,Minimum Variance,0.040571197093189015,0.12542391367594113,0.1640133567059548
2019-04-26,Minimum Variance,0.04856421995871085,0.12545594176364705,0.22768327715019243
2019-04-29,Minimum Variance,0.0378246050765938,0.12502519481913626,0.14256810479183174
2019-04-30,Minimum Variance,0.03241452689380342,0.12486541694072929,0.09942326064306746
2019-05-01,Minimum Variance,0.03274363249125334,0.12485200653428866,0.10206990536234192
2019-05-02,Minimum Variance,0.03286595058543207,0.12485133912291412,0.10305016090188468
2019-05-03,Minimum Variance,0.0479030656477093,0.1251829054333854,0.22289837059707474
2019-05-06,Minimum Variance,0.03657796970100269,0.12564979849865346,0.13193789324843483
2019-05-07,Minimum Variance,0.013127439710849176,0.12651928343177557,-0.0543202593528503
2019-05-08,Minimum Variance,0.01211265343803225,0.12652242136769953,-0.0623395164011724
2019-05-09,Minimum Variance,0.005244617514218453,0.12666940595067183,-0.11648734258316215
2019-05-10,Minimum Variance,0.007633786609485327,0.12676276804344916,-0.09755398672168498
2019-05-13,Minimum Variance,-0.02471217387878122,0.12796000146672967,-0.3494230491268527
2019-05-14,Minimum Variance,-0.01581916952604856,0.1282885053836482,-0.27920794165409396
2019-05-15,Minimum Variance,-0.010752388401173096,0.1283575548822888,-0.23958378164319807
2019-05-16,Minimum Variance,0.005380363237495134,0.1276709421646815,-0.11451029118001761
2019-05-17,Minimum Variance,-0.008610753741559174,0.12790308952396304,-0.22369087289481668
2019-05-20,Minimum Variance,-0.00940754519155862,0.12793944403093946,-0.22985518980719521
2019-05-21,Minimum Variance,0.0024820439724495547,0.1281648297582427,-0.13668302029967633
2019-05-22,Minimum Variance,-0.007095999829696886,0.12799761472449458,-0.21169144353212382
2019-05-23,Minimum Variance,-0.015072938721600426,0.1282184500631494,-0.2735404983005684
2019-05-24,Minimum Variance,-0.010127203692842923,0.12828947591923592,-0.2348376862324184
2019-05-28,Minimum Variance,-0.011771337105179747,0.1283346022588002,-0.24756641268977103
2019-05-29,Minimum Variance,-0.0143557383263202,0.1283659370507923,-0.2676390568685383
2019-05-30,Minimum Variance,0.003299673606508957,0.1277777014313903,-0.13069828464912725
2019-05-31,Minimum Variance,-0.009790578535180727,0.12730346492531475,-0.23401231500382175
2019-06-03,Minimum Variance,-0.001889225977623532,0.1273309643615451,-0.17190811431751193
2019-06-04,Minimum Variance,-0.003969127665018224,0.12720154983979967,-0.18843424231234174
2019-06-05,Minimum Variance,-0.008302149991093577,0.12706978111519113,-0.22272919448438452
2019-06-06,Minimum Variance,-0.0024363100889656097,0.1270751582667392,-0.17655937159543256
2019-06-07,Minimum Variance,-0.0014390775476145201,0.12714621455597297,-0.16861750562126643
2019-06-10,Minimum Variance,0.008488247117200087,0.12704498488221608,-0.09061162779052244
2019-06-11,Minimum Variance,0.013182440976862386,0.12715136446262612,-0.05361766310531032
2019-06-12,Minimum Variance,0.006041492712249852,0.1272475569002784,-0.10969568004114356
2019-06-13,Minimum Variance,0.008998514679607661,0.12724845250747768,-0.08645673172132166
2019-06-14,Minimum Variance,0.008677454809627339,0.12726232387325073,-0.08897012757404588
2019-06-17,Minimum Variance,0.01191441657679837,0.12730349940766375,-0.06351422750217715
2019-06-18,Minimum Variance,0.030480220278339187,0.12791503950284125,0.08193110301237409
2019-06-19,Minimum Variance,0.042896166939133895,0.127889179579597,0.1790313067485396
2019-06-20,Minimum Variance,0.06081815068112095,0.12811720234479257,0.3186000781633524
2019-06-21,Minimum Variance,0.05211206317258421,0.12817721057755935,0.2505286472368141
2019-06-24,Minimum Variance,0.0594542161193059,0.1280072682945324,0.30821856168765
2019-06-25,Minimum Variance,0.042052317995495914,0.1280907426242731,0.17216168431610773
2019-06-26,Minimum Variance,0.05342955930880189,0.12759572901345265,0.26199591136218475
2019-06-27,Minimum Variance,0.05907520647091791,0.1277080208635871,0.3059730015913141
2019-06-28,Minimum Variance,0.07296071469853693,0.12727269545180314,0.4161200052417575
2019-07-01,Minimum Variance,0.07264206285223951,0.12725930270708175,0.4136598404393903
2019-07-02,Minimum Variance,0.06986401380890195,0.1271519886428468,0.392160707363873
2019-07-03,Minimum Variance,0.08221197635268629,0.1270492063823076,0.4896683586159708
2019-07-05,Minimum Variance,0.07312067548720869,0.1272066215359437,0.41759363503100994
2019-07-08,Minimum Variance,0.062312436393100024,0.12716210037440048,0.3327440823053447
2019-07-09,Minimum Variance,0.052272832494823174,0.12691486951069247,0.25428724482204357
2019-07-10,Minimum Variance,0.04990715731320483,0.12679604802894492,0.2358682133876731
2019-07-11,Minimum Variance,0.04658914101887279,0.1268430960357298,0.20962229596936857
2019-07-12,Minimum Variance,0.06155313456435896,0.12619435876284846,0.32927885978206
2019-07-15,Minimum Variance,0.05425794423145858,0.12591748117585988,0.27206662578973423
2019-07-16,Minimum Variance,0.050273676119820365,0.12596064740911528,0.24034233502700764
2019-07-17,Minimum Variance,0.05181512418722467,0.12593021979987615,0.2526409009512104
2019-07-18,Minimum Variance,0.05384858307032414,0.12596963017845642,0.2687043140665899
2019-07-19,Minimum Variance,0.04830721592442111,0.12613479818960605,0.2244203529137903
2019-07-22,Minimum Variance,0.052234682060866566,0.12610379848461065,0.25562023070066675
2019-07-23,Minimum Variance,0.053220541845267366,0.1261319272224531,0.26337932494028904
2019-07-24,Minimum Variance,0.05837501519865218,0.12611168534509531,0.30429388913201644
2019-07-25,Minimum Variance,0.04343619955927691,0.1262472479724214,0.18563731040217626
2019-07-26,Minimum Variance,0.0364899672707899,0.1258970321793477,0.13097979344976915
2019-07-29,Minimum Variance,0.042295977418796094,0.12577936955276434,0.17726259479654133
2019-07-30,Minimum Variance,0.03861779826817857,0.12587414734011992,0.1479080387958625
2019-07-31,Minimum Variance,0.03181367231541499,0.12614253469289397,0.0936533608126434
2019-08-01,Minimum Variance,0.019255903601363533,0.12615332521238531,-0.005898349467869709
2019-08-02,Minimum Variance,0.016304764069274613,0.12626734662478006,-0.029265174484946328
2019-08-05,Minimum Variance,-0.004011590796863973,0.1286984516398718,-0.18657249167265808
2019-08-06,Minimum Variance,0.001602861155651114,0.12905779052301408,-0.1425496188164498
2019-08-07,Minimum Variance,0.009770866037583259,0.12910360564543352,-0.07923197738186914
2019-08-08,Minimum Variance,0.017174203410958988,0.1296235432453316,-0.021800025815470706
2019-08-09,Minimum Variance,0.011794142572705724,0.12979941513971224,-0.06321952543824434
2019-08-12,Minimum Variance,0.006280347022433075,0.1299826830342052,-0.10554985215958783
2019-08-13,Minimum Variance,0.030839330180123747,0.1294899366135138,0.083707896255102
2019-08-14,Minimum Variance,0.01484689099429648,0.13128672367913297,-0.039250800547798025
2019-08-15,Minimum Variance,0.01676399534573081,0.13135100936210967,-0.02463631356914924
2019-08-16,Minimum Variance,0.04191773857753134,0.1311296788455024,0.16714552167366262
2019-08-19,Minimum Variance,0.04065813765386328,0.131077512362322,0.15760245431543163
2019-08-20,Minimum Variance,0.03116618294615492,0.13089984535243018,0.08530325544763996
2019-08-21,Minimum Variance,0.034118450023082225,0.1310089624872853,0.10776705467347282
2019-08-22,Minimum Variance,0.024421484408959637,0.13100193411732583,0.03375129106872375
2019-08-23,Minimum Variance,0.007853847953383175,0.1316625167865561,-0.0922521636610326
2019-08-26,Minimum Variance,0.023064869267029886,0.13160709964010298,0.023288023787555352
2019-08-27,Minimum Variance,0.013340181930485473,0.13122887755051185,-0.0507496382947501
2019-08-28,Minimum Variance,0.006714465792765356,0.13095122696993203,-0.10145406434630172
2019-08-29,Minimum Variance,0.0149338145718092,0.13124789300865616,-0.03860012768248151
2019-08-30,Minimum Variance,0.01343372191557779,0.13120233598750244,-0.050046960177962646
2019-09-03,Minimum Variance,0.024429241980020056,0.13061564382059263,0.033910501456501256
2019-09-04,Minimum Variance,0.03781900561787244,0.13123570270708548,0.1357786429325865
2019-09-05,Minimum Variance,0.054581808637695683,0.1308055555392603,0.26437568721854643
2019-09-06,Minimum Variance,0.06479979871325536,0.13062768577858125,0.3429579146735606
2019-09-09,Minimum Variance,0.06558431198453962,0.13062438260568268,0.3489724588566708
2019-09-10,Minimum Variance,0.07048585192051982,0.13045981916044322,0.386983917695232
2019-09-11,Minimum Variance,0.0761302734198881,0.1305598907201747,0.4299197334669229
2019-09-12,Minimum Variance,0.08007205840461395,0.1306408226405374,0.45982608797484564
2019-09-13,Minimum Variance,0.07700635668301214,0.13061136375796661,0.4364578627985963
2019-09-16,Minimum Variance,0.06448463500953006,0.13042289056612802,0.3410799654603201
2019-09-17,Minimum Variance,0.06972416622951627,0.1304485758111988,0.38117829896037486
2019-09-18,Minimum Variance,0.07072613143625617,0.1304283457883605,0.3889195337842198
2019-09-19,Minimum Variance,0.06537590156394146,0.13031653040175747,0.34819758801167033
2019-09-20,Minimum Variance,0.06166566155494557,0.13028853114878558,0.3197953126615929
2019-09-23,Minimum Variance,0.05068724046403972,0.12989257674594876,0.23625091774150847
2019-09-24,Minimum Variance,0.04402525370492194,0.13001636972631986,0.18478637540406875
2019-09-25,Minimum Variance,0.05175128075113444,0.12974211702642532,0.24472608801864604
2019-09-26,Minimum Variance,0.05109163090939273,0.1297316634957053,0.2396610825114564
2019-09-27,Minimum Variance,0.04530903462201996,0.12992381347682902,0.19479904372213985
2019-09-30,Minimum Variance,0.046822871439201164,0.12995417993085884,0.20640252936436576
2019-10-01,Minimum Variance,0.041404912880373734,0.13014222133120584,0.16447324059345225
2019-10-02,Minimum Variance,0.03177178586206297,0.13058714386386164,0.0901450595652446
2019-10-03,Minimum Variance,0.04739175983791921,0.13077262496519484,0.20946096207221912
2019-10-04,Minimum Variance,0.0608482086497284,0.13081780560182593,0.3122526666901852
2019-10-07,Minimum Variance,0.07127959000674089,0.13007191679447122,0.3942402885302952
2019-10-08,Minimum Variance,0.06799660992935364,0.13021121506062777,0.36860580639698265
2019-10-09,Minimum Variance,0.07208670245907967,0.1303164180181342,0.39969409266475947
2019-10-10,Minimum Variance,0.07873634249459016,0.13038019348193405,0.4505005010805485
2019-10-11,Minimum Variance,0.11647329962089459,0.12855061709105087,0.7504693622167811
2019-10-14,Minimum Variance,0.13266705058798234,0.12749847048165555,0.8836737426131934
2019-10-15,Minimum Variance,0.12707511348776568,0.12715993879808007,0.8420506843573784
2019-10-16,Minimum Variance,0.13239079193529069,0.12710780281796752,0.8842163065020231
2019-10-17,Minimum Variance,0.1125131711190932,0.12549390620904874,0.7371925371817181
2019-10-18,Minimum Variance,0.11736291911143848,0.12533356507404597,0.7768303650655538
2019-10-21,Minimum Variance,0.14106997072973182,0.12440135043672587,0.9732207110670515
2019-10-22,Minimum Variance,0.13265943069275532,0.12426844249433804,0.9065811756503535
2019-10-23,Minimum Variance,0.1374084486756686,0.1242655318487821,0.9448191057399742
2019-10-24,Minimum Variance,0.14529285417400017,0.12411487961395878,1.0094910019145595
2019-10-25,Minimum Variance,0.17192825897161024,0.12229466278910797,1.2423130781561922
2019-10-28,Minimum Variance,0.15664915707703186,0.12138265652500084,1.1257716793246046
2019-10-29,Minimum Variance,0.17087932402581685,0.12054459825161692,1.2516473256717917
2019-10-30,Minimum Variance,0.1820975099464357,0.12051432193679378,1.3450476867923722
2019-10-31,Minimum Variance,0.162932212352344,0.11972087867924039,1.1938787447032702
2019-11-01,Minimum Variance,0.1674636836388863,0.11991275412590767,1.2297581246783003
2019-11-04,Minimum Variance,0.15131640297912052,0.11875018370012161,1.1058206302293583
2019-11-05,Minimum Variance,0.14950867847480054,0.11878074747839272,1.090317086094776
2019-11-06,Minimum Variance,0.14409676927520065,0.1187171278050507,1.0453147879300453
2019-11-07,Minimum Variance,0.14126550006924754,0.11869820231982882,1.0216287837494051
2019-11-08,Minimum Variance,0.119735757039098,0.11778051504486359,0.8467933511846829
2019-11-11,Minimum Variance,0.12915349761036188,0.11725681906039707,0.9308925355900938
2019-11-12,Minimum Variance,0.1379609875194472,0.11686399002815696,1.0093869590711897
2019-11-13,Minimum Variance,0.1496731117406036,0.11622217140996663,1.1157347188359579
2019-11-14,Minimum Variance,0.14618470886911128,0.11616280166595584,1.0862746684775648
2019-11-15,Minimum Variance,0.1519093861173062,0.11627431962947685,1.1344670649344801
2019-11-18,Minimum Variance,0.1436757792640977,0.1160375000039327,1.0658259550568232
2019-11-19,Minimum Variance,0.14084273378488654,0.11599807038576257,1.0417650343924911
2019-11-20,Minimum Variance,0.1480325607677908,0.1156307013567022,1.1072540360438607
2019-11-21,Minimum Variance,0.16325971450746413,0.1144255518642541,1.2519905927778852
2019-11-22,Minimum Variance,0.15190003238656824,0.11398503503111737,1.1571697315402867
2019-11-25,Minimum Variance,0.16804754565700852,0.11391819336885507,1.2995952734050673
2019-11-26,Minimum Variance,0.1566194838742616,0.11343010003958329,1.2044376565531196
2019-11-27,Minimum Variance,0.15608899629578588,0.11342430505803022,1.1998221741465371
2019-11-29,Minimum Variance,0.12810663176177606,0.1125145735149047,0.9608233705605725
2019-12-02,Minimum Variance,0.1266972522394183,0.11257450843520077,0.9477922997179642
2019-12-03,Minimum Variance,0.12413129664113542,0.11257852428096093,0.9249659054088872
2019-12-04,Minimum Variance,0.11509066800598489,0.11192155902083659,0.8496188655510215
2019-12-05,Minimum Variance,0.14074989339005683,0.10967807869842516,1.1009482917919735
2019-12-06,Minimum Variance,0.14664013307643087,0.10976876604513128,1.1536991590518832
2019-12-09,Minimum Variance,0.16060740753244152,0.10871056321391105,1.2934107171882339
2019-12-10,Minimum Variance,0.16869710745644917,0.10849386744993805,1.3705577186200129
2019-12-11,Minimum Variance,0.1725579689351706,0.10863082074569355,1.4043709500484325
2019-12-12,Minimum Variance,0.1713057629275756,0.10857478043429636,1.3935626885208185
2019-12-13,Minimum Variance,0.17476457140354862,0.10861099712159787,1.424943840910313
2019-12-16,Minimum Variance,0.19680556455164822,0.10808831886383119,1.6357508971379828
2019-12-17,Minimum Variance,0.21629764077061342,0.10678770582175913,1.8382044942351004
2019-12-18,Minimum Variance,0.21257080076334445,0.10671648848003676,1.8045084082706515
2019-12-19,Minimum Variance,0.23045157909636926,0.10587908395304407,1.9876596135805413
2019-12-20,Minimum Variance,0.23832222864872965,0.1057658754523997,2.064202917196921
2019-12-23,Minimum Variance,0.256636916360641,0.1047424699119713,2.259226048034935
2019-12-24,Minimum Variance,0.279100431914481,0.10312107433778664,2.512584683376779
2019-12-26,Minimum Variance,0.2517865338726246,0.09972114621658532,2.324346867907086
2019-12-27,Minimum Variance,0.2523199241415699,0.09972487740885683,2.329608520741455
2019-12-30,Minimum Variance,0.2392619062202106,0.09981781999821504,2.19662086613524
2019-12-31,Minimum Variance,0.24095206861475482,0.09982938192253302,2.2132969708879124
2020-01-02,Minimum Variance,0.2602361903763939,0.1002549596774828,2.3962524263061553
2020-01-03,Minimum Variance,0.263014297053789,0.10003875962512748,2.4292014211734516
2020-01-06,Minimum Variance,0.23274579235284376,0.09678316401192204,2.1981694287927716
2020-01-07,Minimum Variance,0.2233534637251473,0.09673853199431591,2.1020937524366796
2020-01-08,Minimum Variance,0.21613741693397692,0.09643225186886271,2.033940026628252
2020-01-09,Minimum Variance,0.20939920298424686,0.09609939325555833,1.9708678334791894
2020-01-10,Minimum Variance,0.20386769648380776,0.0959361749811768,1.9165627201614366
2020-01-13,Minimum Variance,0.21686870297318217,0.09612975947460937,2.047947524774374
2020-01-14,Minimum Variance,0.22162925709589198,0.09594710934167831,2.1014625503501914
2020-01-15,Minimum Variance,0.21205612487809633,0.09571412535067342,2.0065598904492847
2020-01-16,Minimum Variance,0.21028991275738718,0.09563956183943627,1.9896568856814079
2020-01-17,Minimum Variance,0.20812284139002357,0.09558584668346579,1.9681035207335211
2020-01-21,Minimum Variance,0.18992749174102208,0.09583946195213117,1.7730430480285417
2020-01-22,Minimum Variance,0.2084945098017288,0.09494586842662943,1.9852839615384656
2020-01-23,Minimum Variance,0.2003307297996504,0.09490453626227652,1.9001276114061771
2020-01-24,Minimum Variance,0.18989117698861047,0.09496741718414264,1.788941744716401
2020-01-27,Minimum Variance,0.15504081383425494,0.09618422888570255,1.4039808334350363
2020-01-28,Minimum Variance,0.16695540510580176,0.09624969293086795,1.5268142747359574
2020-01-29,Minimum Variance,0.16668230797588213,0.0962452147982743,1.5240478010602578
2020-01-30,Minimum Variance,0.14550595388466214,0.09537786530395187,1.3158813471521673
2020-01-31,Minimum Variance,0.12220993840334149,0.09626399396106111,1.0617670657284957
2020-02-03,Minimum Variance,0.13287463502617847,0.09628426103517305,1.1723061880793255
2020-02-04,Minimum Variance,0.1448841107480885,0.09724081223439884,1.2842767134344324
2020-02-05,Minimum Variance,0.1410396641553493,0.09701710470081283,1.2476115889937003
2020-02-06,Minimum Variance,0.15261247898490748,0.0967422266684814,1.3707817522057575
2020-02-07,Minimum Variance,0.1530836444364858,0.09671100940300625,1.3760961162333698
2020-02-10,Minimum Variance,0.16142209389430473,0.09677910159427232,1.461287525556804
2020-02-11,Minimum Variance,0.16997581342603718,0.09692175340929993,1.5473906336866432
2020-02-12,Minimum Variance,0.16916176169610564,0.09687752544671244,1.5396941757988254
2020-02-13,Minimum Variance,0.16469820928038592,0.09702426588427278,1.4913610318162778
2020-02-14,Minimum Variance,0.16475584613389893,0.09702470885682006,1.4919482659568297
2020-02-18,Minimum Variance,0.15388973604419043,0.09689558750743912,1.3817939442692486
2020-02-19,Minimum Variance,0.15289370851622364,0.09686621182812173,1.3719304802796324
2020-02-20,Minimum Variance,0.14487291294914706,0.09704675562549435,1.2867293929024735
2020-02-21,Minimum Variance,0.14402956989780047,0.09707229512453369,1.2777030741745972
2020-02-24,Minimum Variance,0.10437353325246357,0.1010396731080412,0.8350535057872107
2020-02-25,Minimum Variance,0.0841507474480756,0.10220520445164367,0.6276661525434082
2020-02-26,Minimum Variance,0.08565077064817861,0.10221268336918714,0.6422957355600506
2020-02-27,Minimum Variance,0.06169184475098133,0.10575205005723004,0.3942414802211292
2020-02-28,Minimum Variance,0.05990141776870095,0.1058421423213469,0.3769898916780843
2020-03-02,Minimum Variance,0.08072876993805256,0.10791254301623461,0.5627591403245532
2020-03-03,Minimum Variance,0.07436859526317674,0.10809361195058426,0.5029769500905541
2020-03-04,Minimum Variance,0.09567119653288447,0.11052706872226531,0.6846394951722877
2020-03-05,Minimum Variance,0.08050256563567637,0.11192736948037912,0.5405520197299238
2020-03-06,Minimum Variance,0.08094447430940699,0.11188691819763406,0.5446970502999849
2020-03-09,Minimum Variance,0.017533356649636955,0.12724417532635485,-0.019385117975236336
2020-03-10,Minimum Variance,0.03741106480541356,0.13075561589270962,0.13315730025469852
2020-03-11,Minimum Variance,-0.012878052122768602,0.13840696431520624,-0.23754622670498396
2020-03-12,Minimum Variance,-0.10554977208134397,0.16466742161077605,-0.7624445130264178
2020-03-13,Minimum Variance,-0.05231614797234374,0.1744208614118767,-0.41460721720423505
2020-03-16,Minimum Variance,-0.15227000980627736,0.19967751931947061,-0.8627411357743128
2020-03-17,Minimum Variance,-0.11705018334603401,0.20494552042689454,-0.6687151934844106
2020-03-18,Minimum Variance,-0.17433666884563626,0.21472903377526636,-0.9050321022215719
2020-03-19,Minimum Variance,-0.16851530815620008,0.21492183590900474,-0.8771342723687469
2020-03-20,Minimum Variance,-0.17733877341495452,0.21489546454906197,-0.9183012486049972
2020-03-23,Minimum Variance,-0.17127637936107554,0.2144234224223917,-0.892049838586575
2020-03-24,Minimum Variance,-0.11318333578367867,0.22627235944722113,-0.5885974588723205
2020-03-25,Minimum Variance,-0.0950679080740815,0.22765275300916465,-0.5054536198358611
2020-03-26,Minimum Variance,-0.05366928605773846,0.23139612136897109,-0.3183687160437301
2020-03-27,Minimum Variance,-0.08382447007399663,0.23314479587155154,-0.44532184253084306
2020-03-30,Minimum Variance,-0.0722369826205459,0.23379315890676866,-0.3945238733753022
2020-03-31,Minimum Variance,-0.08835686131074327,0.23369333810997087,-0.4636711606205606
2020-04-01,Minimum Variance,-0.13239474064877477,0.2384623217005573,-0.6390726197832645
2020-04-02,Minimum Variance,-0.11835997210402605,0.23933220060345506,-0.5781084691285316
2020-04-03,Minimum Variance,-0.13549425473900023,0.23996638445183976,-0.647983487746415
2020-04-06,Minimum Variance,-0.08640254626096189,0.24790337326792142,-0.4292097556331652
2020-04-07,Minimum Variance,-0.08185185341912882,0.24795033061269206,-0.410775227310446
2020-04-08,Minimum Variance,-0.05498832213244964,0.24925584863733335,-0.30084879669787595
2020-04-09,Minimum Variance,-0.041692683520431206,0.24993348377838984,-0.24683640858274383
2020-04-13,Minimum Variance,-0.04688071065293553,0.2500978045230398,-0.2674182237644324
2020-04-14,Minimum Variance,-0.027454698104001918,0.2513967880731955,-0.18876413842719916
2020-04-15,Minimum Variance,-0.051931509634737916,0.2528661366335647,-0.2844647788445309
2020-04-16,Minimum Variance,-0.048476289940120654,0.2528763304030912,-0.2707896378872935
2020-04-17,Minimum Variance,-0.025475158635355988,0.2540610904554627,-0.17899300736618642
2020-04-20,Minimum Variance,-0.04474221259586508,0.2547327519498168,-0.2541573947609984
2020-04-21,Minimum Variance,-0.06500997556466526,0.2559359030739067,-0.3321533811538622
2020-04-22,Minimum Variance,-0.049560206305841126,0.2567960316758123,-0.27087726337475576
2020-04-23,Minimum Variance,-0.04817103796347422,0.25677230856855565,-0.26549217220311444
2020-04-24,Minimum Variance,-0.03940167433443598,0.25690906584092565,-0.23121673086934438
2020-04-27,Minimum Variance,-0.02646249272269985,0.2575070302300551,-0.1804319388142163
2020-04-28,Minimum Variance,-0.0257304939567069,0.2575086803296067,-0.17758816478797007
2020-04-29,Minimum Variance,-0.0020712440150271183,0.2587772839269332,-0.08529050031013936
2020-04-30,Minimum Variance,-0.011763288775684111,0.2591475366573222,-0.12256836080863685
2020-05-01,Minimum Variance,-0.03941915741735036,0.2607142487429511,-0.22790912926256726
2020-05-04,Minimum Variance,-0.04598451250977997,0.2605315387451493,-0.2532688089418829
2020-05-05,Minimum Variance,-0.03009931971039692,0.2603822989767154,-0.19240677998191053
2020-05-06,Minimum Variance,-0.02014574891671661,0.2599521269502844,-0.15443516230353618
2020-05-07,Minimum Variance,-0.006865841547624263,0.2602592150769224,-0.1032272441906957
2020-05-08,Minimum Variance,0.017563685327749434,0.26082533438381755,-0.00934078998884904
2020-05-11,Minimum Variance,0.008598609756811149,0.2607717986528845,-0.043721714932699975
2020-05-12,Minimum Variance,0.01017594645671438,0.26065196171100397,-0.03769031116741784
2020-05-13,Minimum Variance,-0.010976112135985372,0.2607814613503053,-0.1187818795691748
2020-05-14,Minimum Variance,-0.012861089383874758,0.2607577237993789,-0.1260215379436175
2020-05-15,Minimum Variance,-0.01666274363100828,0.2607485629838015,-0.1406057360833313
2020-05-18,Minimum Variance,0.03044179858717455,0.263383685959812,0.039644819112933966
2020-05-19,Minimum Variance,0.02624944738810786,0.26351419132042797,0.023715790625138126
2020-05-20,Minimum Variance,0.0344304046743078,0.263886459171476,0.05468414226184597
2020-05-21,Minimum Variance,0.02836311690995652,0.26401459068259536,0.031676722443006414
2020-05-22,Minimum Variance,0.03458818750615711,0.2639050143347182,0.05527817477410451
2020-05-26,Minimum Variance,0.05198421467169667,0.26470263952567696,0.12083073568518043
2020-05-27,Minimum Variance,0.06843019634478797,0.26488497243848036,0.18283482033332754
2020-05-28,Minimum Variance,0.07344829763612282,0.26486846211760157,0.2017918524871103
2020-05-29,Minimum Variance,0.07230674607575605,0.264853677446774,0.19749299530216188
2020-06-01,Minimum Variance,0.0919506902629823,0.265315960017348,0.27118869991190026
2020-06-02,Minimum Variance,0.09941195415587689,0.26550679668047744,0.299095748767007
2020-06-03,Minimum Variance,0.11400805821999316,0.2661585735183629,0.353203193785179
2020-06-04,Minimum Variance,0.10401868775654988,0.26627413286161,0.31553454649767537
2020-06-05,Minimum Variance,0.12734688882239809,0.2673186452484495,0.4015690290612855
2020-06-08,Minimum Variance,0.13093996933678054,0.26744471110533796,0.4148145943072503
2020-06-09,Minimum Variance,0.11754749724780345,0.26757238490471563,0.3645648906651588
2020-06-10,Minimum Variance,0.10872293325924054,0.26754983869903304,0.3316127331291162
2020-06-11,Minimum Variance,0.053406245909611405,0.2731637526739782,0.12229384602678915
2020-06-12,Minimum Variance,0.0714489739000792,0.27377813747335583,0.18792214153727388
2020-06-15,Minimum Variance,0.08334319532048085,0.27375492542259316,0.23138650463621244
2020-06-16,Minimum Variance,0.09515309090380031,0.2740869667360948,0.2741943252491886
2020-06-17,Minimum Variance,0.08087407439361316,0.2737765385179006,0.22234949248448097
2020-06-18,Minimum Variance,0.07149081955774705,0.27374195160945075,0.18809984825128048
2020-06-19,Minimum Variance,0.05505685795231585,0.273609542333106,0.12812732207137667
2020-06-22,Minimum Variance,0.06943868312505197,0.2736889752843421,0.18063819733216846
2020-06-23,Minimum Variance,0.07404310076452814,0.2737255869817701,0.19743532696535002
2020-06-24,Minimum Variance,0.05885607309770413,0.27455240105292666,0.1415251622229072
2020-06-25,Minimum Variance,0.07034582284058821,0.27474288971392513,0.18324704560329325
2020-06-26,Minimum Variance,0.04553077232152858,0.27529089458954537,0.0927410707121083
2020-06-29,Minimum Variance,0.05422247207212649,0.27548333326694113,0.12422701463019249
2020-06-30,Minimum Variance,0.05447486776227328,0.2754882489812939,0.12514097385189804
2020-07-01,Minimum Variance,0.0606651618819416,0.2756340662863778,0.14753314940284404
2020-07-02,Minimum Variance,0.06520330309071998,0.27573860262352495,0.16393534550705452
2020-07-06,Minimum Variance,0.09290181267074549,0.2763229771077935,0.2638282687664678
2020-07-07,Minimum Variance,0.08268367606157878,0.2766393955113389,0.2265898388973652
2020-07-08,Minimum Variance,0.0955330575868969,0.27682026228085815,0.27285956947133466
2020-07-09,Minimum Variance,0.08511027579611663,0.2768049702370875,0.23522076117473154
2020-07-10,Minimum Variance,0.09436044778010522,0.2768207463940139,0.26862310267115597
2020-07-13,Minimum Variance,0.08189706837535282,0.2770144163046987,0.22344349150143103
2020-07-14,Minimum Variance,0.09012595982093385,0.2771561027266867,0.2530197211283762
2020-07-15,Minimum Variance,0.10159767003943654,0.27721837654143144,0.2943443759300763
2020-07-16,Minimum Variance,0.0943702799471271,0.2773475959001005,0.2681482769149907
2020-07-17,Minimum Variance,0.0964057516624035,0.2773758055143364,0.27545932321214806
2020-07-20,Minimum Variance,0.11216208655933158,0.2773885570748975,0.33224905717522785
2020-07-21,Minimum Variance,0.11263582136779471,0.2773896191897684,0.33395561679047725
2020-07-22,Minimum Variance,0.11217319236846457,0.27738405982505926,0.3322944816172797
2020-07-23,Minimum Variance,0.09791282364281262,0.27760765480750016,0.2806580520873578
2020-07-24,Minimum Variance,0.10058305729127359,0.27754312010436677,0.2903442796959669
2020-07-27,Minimum Variance,0.1106269216786977,0.2777877992866732,0.32624514795616333
2020-07-28,Minimum Variance,0.10664223423060637,0.27781418778900335,0.3118711643928356
2020-07-29,Minimum Variance,0.126982597463714,0.27805251831543604,0.38475680102399873
2020-07-30,Minimum Variance,0.1277261949756201,0.2780323027478369,0.387459276893171
2020-07-31,Minimum Variance,0.13033457035170315,0.2779859016528718,0.39690707224958766
2020-08-03,Minimum Variance,0.14693993774979686,0.27800277012832225,0.4566139311892581
2020-08-04,Minimum Variance,0.18630781429016374,0.27685861934317163,0.6006958160981869
2020-08-05,Minimum Variance,0.17760935334691452,0.27668444070297243,0.5696357660968441
2020-08-06,Minimum Variance,0.17724561087702884,0.2766800628388231,0.5683301111892204
2020-08-07,Minimum Variance,0.1569140154708597,0.276467530647678,0.49522638390885354
2020-08-10,Minimum Variance,0.1666366344770207,0.27636360789423353,0.5305931399373671
2020-08-11,Minimum Variance,0.16733573108380861,0.2763474426840462,0.5331539516081596
2020-08-12,Minimum Variance,0.1762287781447902,0.27669776027856435,0.5646188750769342
2020-08-13,Minimum Variance,0.19878395951405659,0.2757308925985349,0.6484001768143065
2020-08-14,Minimum Variance,0.18938783985599672,0.27571131006662014,0.614366671483544
2020-08-17,Minimum Variance,0.18620822760174294,0.27562288345271996,0.6030276786878406
2020-08-18,Minimum Variance,0.18106874487768443,0.2755882018993695,0.5844544279021726
2020-08-19,Minimum Variance,0.1733251589408984,0.2757304640798772,0.5560689837176684
2020-08-20,Minimum Variance,0.1690225692893459,0.27567769532401637,0.5405681047724699
2020-08-21,Minimum Variance,0.1760155386816471,0.27562840246784215,0.5660357832674723
2020-08-24,Minimum Variance,0.20364599054538424,0.27540953206588975,0.666810582654228
2020-08-25,Minimum Variance,0.20029065737749518,0.2753602958396075,0.6547445659432009
2020-08-26,Minimum Variance,0.20673418558038215,0.2754045396335196,0.6780359751109007
2020-08-27,Minimum Variance,0.20086210657691184,0.2754233126509884,0.6566695637928701
2020-08-28,Minimum Variance,0.19933891581641583,0.2753888508379511,0.6512206840281469
2020-08-31,Minimum Variance,0.18642723186624255,0.275502892300034,0.6040852438129631
2020-09-01,Minimum Variance,0.19854630268373108,0.2755985521170221,0.6478492042582227
2020-09-02,Minimum Variance,0.1954835490259541,0.27549748591104917,0.6369696930106037
2020-09-03,Minimum Variance,0.15902497398409743,0.2767716173093972,0.5023093600984537
2020-09-04,Minimum Variance,0.1509209191907197,0.2768113654981143,0.47296077946485754
2020-09-08,Minimum Variance,0.12671071617543683,0.27765849149443267,0.38432361856138836
2020-09-09,Minimum Variance,0.1492743897887312,0.27817977597548676,0.46471527031541965
2020-09-10,Minimum Variance,0.12668616886365291,0.27854545108401224,0.3830117075991136
2020-09-11,Minimum Variance,0.12446513246524948,0.27852102264184914,0.37507090658496345
2020-09-14,Minimum Variance,0.13928992830124254,0.27881571634329355,0.42784506506930936
2020-09-15,Minimum Variance,0.15348609931551582,0.27890711295011283,0.4786041413701487
2020-09-16,Minimum Variance,0.14625634893690664,0.27891678272652637,0.4526667334346068
2020-09-17,Minimum Variance,0.1403621835740172,0.27901462625877504,0.43138306112449465
2020-09-18,Minimum Variance,0.1266707805405105,0.27927342379201386,0.38195822249077493
2020-09-21,Minimum Variance,0.11021274605697373,0.2797103326569232,0.32252203627966636
2020-09-22,Minimum Variance,0.11562912930996117,0.2797417519573914,0.34184789592840903
2020-09-23,Minimum Variance,0.10079685705112107,0.28034173104772764,0.288208454549942
2020-09-24,Minimum Variance,0.10282092388933783,0.28033798300259605,0.29543240271002047
2020-09-25,Minimum Variance,0.11221701847902166,0.2805144043619818,0.32874254243294704
2020-09-28,Minimum Variance,0.13771384864478287,0.28081620627463316,0.4191846695972413
2020-09-29,Minimum Variance,0.13010135951844104,0.2808250646943082,0.392063862384548
2020-09-30,Minimum Variance,0.14297312466735068,0.2807399522641835,0.43803214923834494
2020-10-01,Minimum Variance,0.16691743715608887,0.2806610923320903,0.5234691988665455
2020-10-02,Minimum Variance,0.1480283945766192,0.28063710171064493,0.4562062314505542
2020-10-05,Minimum Variance,0.15522963552193025,0.28085242181778586,0.4814971316489692
2020-10-06,Minimum Variance,0.1509703268363045,0.2809498167342628,0.46616982477046137
2020-10-07,Minimum Variance,0.17104286330015883,0.28099716155892573,0.537524516127487
2020-10-08,Minimum Variance,0.17413606941441984,0.2810571080591682,0.5484154821018477
2020-10-09,Minimum Variance,0.17689455583363523,0.28110041102850525,0.558144170830562
2020-10-12,Minimum Variance,0.1784258270355874,0.2811493591026553,0.5634934667510368
2020-10-13,Minimum Variance,0.17211147660486836,0.2812494412773986,0.5408418801260465
2020-10-14,Minimum Variance,0.15771670048950903,0.2812639795812677,0.4896350421214087
2020-10-15,Minimum Variance,0.14938151342307582,0.28133779486847177,0.45987960303578473
2020-10-16,Minimum Variance,0.14614558723235338,0.28133029942615023,0.44838962418787337
2020-10-19,Minimum Variance,0.13819311211055485,0.2814820824382618,0.419895686029957
2020-10-20,Minimum Variance,0.13800107636966463,0.28147926922117505,0.41921764503709913
2020-10-21,Minimum Variance,0.1370258465587204,0.2814855265995011,0.4157437434615433
2020-10-22,Minimum Variance,0.1347012403253227,0.2814793063400073,0.4074943974274672
2020-10-23,Minimum Variance,0.13897262524874887,0.28151311705439364,0.42261840760251723
2020-10-26,Minimum Variance,0.11966523679106422,0.28193326050537626,0.35350648806887996
2020-10-27,Minimum Variance,0.11429037211229698,0.28194411139688313,0.3344293010594842
2020-10-28,Minimum Variance,0.08390318056240909,0.28346908136457677,0.22543263009422032
2020-10-29,Minimum Variance,0.08845743003588225,0.2835690371376719,0.24141362797182392
2020-10-30,Minimum Variance,0.07837917642678649,0.2837945827285749,0.20570926994269353
2020-11-02,Minimum Variance,0.08225184162413002,0.2839199210064077,0.21925844936652072
2020-11-03,Minimum Variance,0.09645816600543355,0.2843612074579706,0.26887692132455965
2020-11-04,Minimum Variance,0.12322401885741119,0.2851419694116734,0.3620092092033692
2020-11-05,Minimum Variance,0.14446792343506698,0.2857133926037111,0.4356390937813192
2020-11-06,Minimum Variance,0.14448489614560112,0.2857133679265427,0.4356985360853201
2020-11-09,Minimum Variance,0.16251351190505758,0.28591699727754344,0.49844365064703666
2020-11-10,Minimum Variance,0.16422018001373773,0.28590285716629854,0.5044377011239537
2020-11-11,Minimum Variance,0.17700236395133762,0.2860242319464129,0.5489128067329354
2020-11-12,Minimum Variance,0.16826406709385733,0.2861850268177296,0.5180706647810973
2020-11-13,Minimum Variance,0.18366396679342611,0.28651346556235435,0.5712260904463762
2020-11-16,Minimum Variance,0.1890146053084676,0.28662638775419447,0.5896686855413027
2020-11-17,Minimum Variance,0.18641669129309557,0.28663532310612555,0.5805868219231323
2020-11-18,Minimum Variance,0.17587127754625875,0.2867640416833551,0.5435523806655363
2020-11-19,Minimum Variance,0.1855950938407791,0.2867696288404652,0.5774499011989254
2020-11-20,Minimum Variance,0.18920744287645896,0.28673996267355867,0.5901076407305476
2020-11-23,Minimum Variance,0.18960548017632428,0.28674003731911396,0.5914956340316361
2020-11-24,Minimum Variance,0.19576306776084995,0.28690009856819365,0.6126281191188668
2020-11-25,Minimum Variance,0.1933196681278846,0.2869046191852631,0.6041020483395103
2020-11-27,Minimum Variance,0.19814371209853365,0.28694637707936127,0.6208257929991712
2020-11-30,Minimum Variance,0.19077921158867017,0.287192094052506,0.5946515072154019
2020-12-01,Minimum Variance,0.21603213884377737,0.2874959045435814,0.6818606308670422
2020-12-02,Minimum Variance,0.21641598258890715,0.2874941106062838,0.6832000216445966
2020-12-03,Minimum Variance,0.2155325269320585,0.2874836513159375,0.6801518139797558
2020-12-04,Minimum Variance,0.22371805288377766,0.28755833804219927,0.708440778559104
2020-12-07,Minimum Variance,0.21487958789938255,0.28754628745238525,0.6777329299779349
2020-12-08,Minimum Variance,0.22097391224221163,0.28752089508418077,0.6989888932537242
2020-12-09,Minimum Variance,0.21109103875727886,0.2876420485757587,0.6643362460511388
2020-12-10,Minimum Variance,0.2076832745329964,0.28759817802385235,0.6525885380172006
2020-12-11,Minimum Variance,0.19731497519106078,0.2875819511321535,0.6165719875430522
2020-12-14,Minimum Variance,0.1919370133712679,0.28757668511349216,0.5978823119941484
2020-12-15,Minimum Variance,0.1969791591771357,0.28769842680628643,0.6151551162158408
2020-12-16,Minimum Variance,0.20081756189226474,0.28770755121007924,0.6284769417130619
2020-12-17,Minimum Variance,0.20634761723995787,0.2877577566067103,0.6475850362381244
2020-12-18,Minimum Variance,0.19751789223957306,0.28782312731422444,0.6167603482598947
2020-12-21,Minimum Variance,0.18503315395306474,0.2879657851919903,0.5730998696356762
2020-12-22,Minimum Variance,0.1826435813759517,0.287972875001546,0.5647878515470548
2020-12-23,Minimum Variance,0.18669089280943396,0.28798556202564835,0.5788168394170686
2020-12-24,Minimum Variance,0.1820056271057331,0.2879466281619303,0.5626238033759065
2020-12-28,Minimum Variance,0.1874641829772068,0.28800258135624146,0.5814676458405209
2020-12-29,Minimum Variance,0.19856114788121126,0.28795563427393356,0.6200995105771926
2020-12-30,Minimum Variance,0.2008430529207741,0.287972028814667,0.627988258669251
2020-12-31,Minimum Variance,0.1871766036840128,0.28778092367031327,0.5809162106781378
2021-01-04,Minimum Variance,0.1905920507514136,0.28770848003899735,0.5929336901306864
2021-01-05,Minimum Variance,0.20111593208421152,0.28786687645670594,0.6291655862373963
2021-01-06,Minimum Variance,0.20286287746444098,0.28785369574689385,0.635263261046438
2021-01-07,Minimum Variance,0.20876339902340768,0.28792805166507707,0.655592249285181
2021-01-08,Minimum Variance,0.21930574424373828,0.288145790647923,0.691683691771379
2021-01-11,Minimum Variance,0.20265242233753455,0.2884276526837704,0.6332694547072194
2021-01-12,Minimum Variance,0.19743666332446508,0.2883545542913882,0.6153419832764692
2021-01-13,Minimum Variance,0.20390975535373812,0.2883557663993546,0.6377876803026532
2021-01-14,Minimum Variance,0.20812860955721013,0.28836195407899584,0.6524044066703505
2021-01-15,Minimum Variance,0.19192939568879908,0.28849030672699105,0.5959624697252035
2021-01-19,Minimum Variance,0.19965459204003277,0.2886053993746241,0.6224921378093562
2021-01-20,Minimum Variance,0.22667746007633838,0.288744974446178,0.7157785532813248
2021-01-21,Minimum Variance,0.22444228524608567,0.28873833349877853,0.7080538381196639
2021-01-22,Minimum Variance,0.2222475511553701,0.2887627350071946,0.7003935294847897
2021-01-25,Minimum Variance,0.23345596160851945,0.28873925199224176,0.7392689429501427
2021-01-26,Minimum Variance,0.25557787338466276,0.28810761464826457,0.817673193651155
2021-01-27,Minimum Variance,0.21916574162453362,0.2890463649739657,0.6890442702591068
2021-01-28,Minimum Variance,0.2234864478738825,0.28908532943266013,0.7038975249046073
2021-01-29,Minimum Variance,0.20442794157018018,0.28977463558256783,0.636453018737831
2021-02-01,Minimum Variance,0.24388596072420254,0.28992373849027825,0.7722236264268851
2021-02-02,Minimum Variance,0.25037425868773533,0.2900510137188855,0.7942542787008211
2021-02-03,Minimum Variance,0.23293874452370167,0.2897365854791737,0.7349390970820554
2021-02-04,Minimum Variance,0.23190846021549127,0.2897254436332489,0.7314112891090683
2021-02-05,Minimum Variance,0.23394254668370418,0.28974146624844793,0.738391192168029
2021-02-08,Minimum Variance,0.24893683504554676,0.28967392427605565,0.7903260040326336
2021-02-09,Minimum Variance,0.24793419683591633,0.28966367966102763,0.786892568314575
2021-02-10,Minimum Variance,0.2407206805389721,0.28961868248658174,0.7621078814527039
2021-02-11,Minimum Variance,0.239479924956026,0.28960173933059913,0.7578681173094595
2021-02-12,Minimum Variance,0.2488808298194365,0.2895427818112813,0.7904905395590792
2021-02-16,Minimum Variance,0.2472593558938012,0.28954361771125414,0.7848881549875308
2021-02-17,Minimum Variance,0.24805213966247774,0.28953594320384435,0.7876470780759691
2021-02-18,Minimum Variance,0.23557728400932998,0.2896270873367436,0.7443270793200452
2021-02-19,Minimum Variance,0.24351289083103533,0.28955526042815916,0.7719179078305524
2021-02-22,Minimum Variance,0.23201670795487628,0.28983618457630833,0.7315053096797041
2021-02-23,Minimum Variance,0.26947687953817323,0.2883520543695113,0.8651815576055474
2021-02-24,Minimum Variance,0.2925344026589596,0.287888632751444,0.9466660772753022
2021-02-25,Minimum Variance,0.26154895983323456,0.28885467945819143,0.8362300388773731
2021-02-26,Minimum Variance,0.2889038285616641,0.2875352343375617,0.9352030514840326
2021-03-01,Minimum Variance,0.3215105206965525,0.2879833303332707,1.0469721297674672
2021-03-02,Minimum Variance,0.284707151598931,0.28739839562613023,0.9210460309711759
2021-03-03,Minimum Variance,0.27879186398977285,0.2875482156826793,0.8999946787197587
2021-03-04,Minimum Variance,0.2319535138519495,0.2870506873093601,0.7383835790071567
2021-03-05,Minimum Variance,0.2674035517146425,0.2865853879547736,0.8632804117482973
2021-03-08,Minimum Variance,0.26550936224877075,0.2866498945586665,0.8564781181125611
2021-03-09,Minimum Variance,0.37256837558328915,0.28051356350446455,1.256867479699169
2021-03-10,Minimum Variance,0.33133322750747074,0.278734815484065,1.1169513466295686
2021-03-11,Minimum Variance,0.41412531066000424,0.27506506714718015,1.4328439257941759
2021-03-12,Minimum Variance,0.5460371710280802,0.2595569013040497,2.0266737982507763
2021-03-15,Minimum Variance,0.47026918314245925,0.25357780068928065,1.7756648331144438
2021-03-16,Minimum Variance,0.6319605763786,0.2330963509673198,2.625354596239034
2021-03-17,Minimum Variance,0.5645557205442213,0.22891949481813795,2.378808851455995
2021-03-18,Minimum Variance,0.6461980068511914,0.21972916790042293,2.8498629145811556
2021-03-19,Minimum Variance,0.6368545978606133,0.21962988484539459,2.808609576492013
2021-03-22,Minimum Variance,0.6550857607171996,0.21952863270594805,2.892951834523917
2021-03-23,Minimum Variance,0.6579221216475075,0.2194336539842135,2.907129832023856
2021-03-24,Minimum Variance,0.531646785967967,0.20836936671017428,2.4554798723347284
2021-03-25,Minimum Variance,0.5000110938588249,0.20705828173071733,2.318241462483916
2021-03-26,Minimum Variance,0.4632985096721012,0.2036974929423359,2.1762590362248257
2021-03-29,Minimum Variance,0.5005719147163514,0.20148009570285458,2.385207893811531
2021-03-30,Minimum Variance,0.47353209314913913,0.20082313336772187,2.2583657845766636
2021-03-31,Minimum Variance,0.4876761877913769,0.2006065155596028,2.3313110568057507
2021-04-01,Minimum Variance,0.5833702772144753,0.19473519889631277,2.8930069160965766
2021-04-05,Minimum Variance,0.5677066413603555,0.19403025486090078,2.822789887860547
2021-04-06,Minimum Variance,0.5942558798576587,0.1930372308921574,2.974845200605233
2021-04-07,Minimum Variance,0.49730410188432383,0.18343061508642694,2.6020961749456744
2021-04-08,Minimum Variance,0.4998540342831479,0.18346596602045903,2.6154934601311144
2021-04-09,Minimum Variance,0.4633935784584464,0.1819019403333818,2.4375417746826358
2021-04-12,Minimum Variance,0.43245674630875497,0.18111455535347254,2.2773252293488118
2021-04-13,Minimum Variance,0.45634591292040794,0.18078338386661946,2.4136394816148616
2021-04-14,Minimum Variance,0.4166288232628397,0.1791349201185261,2.2141345919623427
2021-04-15,Minimum Variance,0.47326575116168357,0.17708250615168014,2.5596303159016647
2021-04-16,Minimum Variance,0.4737972247059452,0.17708461501637415,2.562601074429785
2021-04-19,Minimum Variance,0.4334681723907552,0.1756682459049352,2.3536876016540176
2021-04-20,Minimum Variance,0.4486492197169769,0.17478551269792364,2.4524299131003953
2021-04-21,Minimum Variance,0.4976921120744515,0.17283427443985022,2.76387373755949
2021-04-22,Minimum Variance,0.4588928927618767,0.1718189340002064,2.5543918970033275
2021-04-23,Minimum Variance,0.4787048680831478,0.1719509179855375,2.667650009997206
2021-04-26,Minimum Variance,0.46939130298701626,0.1718180012584775,2.6155076865954596
2021-04-27,Minimum Variance,0.4393766774648822,0.1710698772938216,2.4514934136801916
2021-04-28,Minimum Variance,0.44034613372499276,0.17106907956047587,2.4571718910569875
2021-04-29,Minimum Variance,0.4064663023226196,0.1693431338441731,2.282149228903723
2021-04-30,Minimum Variance,0.41456038583534105,0.16889895347693282,2.336073597337166
2021-05-03,Minimum Variance,0.4597142382682602,0.16621496883835257,2.645455107571516
2021-05-04,Minimum Variance,0.4392859014057948,0.16665295375682146,2.51592241213806
2021-05-05,Minimum Variance,0.43548272532848586,0.16660419963147907,2.49383104536089
2021-05-06,Minimum Variance,0.4549007499208313,0.16654344358473555,2.6113351601233004
2021-05-07,Minimum Variance,0.4490663933485397,0.16631900560292615,2.579779693806628
2021-05-10,Minimum Variance,0.40580642170937953,0.1660027103557735,2.3240971239718156
2021-05-11,Minimum Variance,0.3988566319551694,0.1661975607889114,2.2795559101878617
2021-05-12,Minimum Variance,0.39630586558845904,0.16643139208884206,2.2610269665207436
2021-05-13,Minimum Variance,0.4219474115580095,0.1659527761254449,2.4220589793217715
2021-05-14,Minimum Variance,0.44216426046649704,0.16664090091475658,2.5333772090109545
2021-05-17,Minimum Variance,0.44073307704240894,0.16666024605548427,2.524495715086963
2021-05-18,Minimum Variance,0.38897293980924896,0.16249453826018484,2.270679025644866
2021-05-19,Minimum Variance,0.39780565262399237,0.16216506532583272,2.3297598151912706
2021-05-20,Minimum Variance,0.39124336561822237,0.16178995645864308,2.2946008129566433
2021-05-21,Minimum Variance,0.3989751635570906,0.1615490498271372,2.3458829622495863
2021-05-24,Minimum Variance,0.41409999466970326,0.16171415114930865,2.4370161291935153
2021-05-25,Minimum Variance,0.3889532210344828,0.1605016434271545,2.2987504249570905
2021-05-26,Minimum Variance,0.3769380668221398,0.16019862110095415,2.2280969983955363
2021-05-27,Minimum Variance,0.373655397917273,0.16020889338616864,2.2074642077754043
2021-05-28,Minimum Variance,0.37327484847849535,0.1602052582122748,2.2051389100500054
2021-06-01,Minimum Variance,0.36056414735545705,0.15959832811756663,2.1338829257947087
2021-06-02,Minimum Variance,0.3497086985841149,0.15929376107934065,2.0698155178839324
2021-06-03,Minimum Variance,0.3140996373130953,0.15835910706790238,1.8571690808220402
2021-06-04,Minimum Variance,0.3367366733812147,0.15836256288099254,2.0000729188705937
2021-06-07,Minimum Variance,0.30651065045881176,0.15665987480685062,1.828870671651289
2021-06-08,Minimum Variance,0.29047245035488767,0.1562316172211157,1.7312273607978217
2021-06-09,Minimum Variance,0.3001560809420616,0.15596589215546194,1.7962650491737688
2021-06-10,Minimum Variance,0.3116285486361863,0.15600265696436758,1.8693819343269062
2021-06-11,Minimum Variance,0.38775831909098724,0.1455460401742893,2.526749052400202
2021-06-14,Minimum Variance,0.36599436739579194,0.14450380921627784,2.3943615692368674
2021-06-15,Minimum Variance,0.353711300773099,0.14452831077946088,2.308968388084995
2021-06-16,Minimum Variance,0.32539414874910944,0.14416951642637965,2.1182990435086833
2021-06-17,Minimum Variance,0.3281278800604335,0.14417174950793013,2.1372278626852963
2021-06-18,Minimum Variance,0.31740212719879324,0.14462095483965245,2.0564248626939015
2021-06-21,Minimum Variance,0.3351261920056545,0.14466779325900003,2.178274686484512
2021-06-22,Minimum Variance,0.32470478957466087,0.14446774686043642,2.1091544389421535
2021-06-23,Minimum Variance,0.3169525400019797,0.14443465318320037,2.055964641846207
2021-06-24,Minimum Variance,0.3565428860918165,0.14254101066359037,2.3610249746726435
2021-06-25,Minimum Variance,0.3457610543278018,0.14223652776071252,2.290277043853576
2021-06-28,Minimum Variance,0.37157207949885107,0.14095984588369992,2.494129284086466
2021-06-29,Minimum Variance,0.357463292274359,0.14063556497358207,2.3995586915567935
2021-06-30,Minimum Variance,0.3437434588117054,0.14065246723458213,2.3017261280725463
2021-07-01,Minimum Variance,0.33107235523677336,0.14036968204486772,2.2160936087134706
2021-07-02,Minimum Variance,0.32471007232594684,0.1401748238393891,2.173786019343107
2021-07-06,Minimum Variance,0.2942312598917556,0.13903536133064373,1.9723849908916253
2021-07-07,Minimum Variance,0.3162383583651338,0.13827799355426987,2.1423391441449384
2021-07-08,Minimum Variance,0.2885528984905823,0.13844619792149204,1.9397636231431157
2021-07-09,Minimum Variance,0.3088282253401824,0.13877714057130758,2.0812377611410313
2021-07-12,Minimum Variance,0.3062629984495715,0.1387319881710997,2.0634246090131727
2021-07-13,Minimum Variance,0.31435782627169284,0.13837895746541493,2.127186327048762
2021-07-14,Minimum Variance,0.30701486107425113,0.13815408856632266,2.07749813308251
2021-07-15,Minimum Variance,0.29380376058526037,0.1380630639784586,1.983178937908989
2021-07-16,Minimum Variance,0.29597568392361073,0.1379609655244267,2.000389623793607
2021-07-19,Minimum Variance,0.27277396416273936,0.13853746850195833,1.8245891663536944
2021-07-20,Minimum Variance,0.27289876845267136,0.13854247373267922,1.825424085761924
2021-07-21,Minimum Variance,0.2802281182092816,0.13868257620488372,1.8764297962336067
2021-07-22,Minimum Variance,0.27754518327129385,0.13865242412755469,1.857487778463668
2021-07-23,Minimum Variance,0.29399961440188904,0.13815807922899329,1.9832326558893603
2021-07-26,Minimum Variance,0.2964455256425955,0.138079050534437,2.002081594366481
2021-07-27,Minimum Variance,0.2716813806687264,0.1378227244463508,1.8261239696121119
2021-07-28,Minimum Variance,0.28585941975253015,0.13792611172941874,1.9275495873768191
2021-07-29,Minimum Variance,0.273488820200142,0.13739610433932264,1.844949108412193
2021-07-30,Minimum Variance,0.2772093711412196,0.1372445229311593,1.8740957063199792
2021-08-02,Minimum Variance,0.2865483969732303,0.1371814104426693,1.9430358392810512
2021-08-03,Minimum Variance,0.2827181999699433,0.13705488395461643,1.9168831667242028
2021-08-04,Minimum Variance,0.2722452148885348,0.13687897378415403,1.8428339131640705
2021-08-05,Minimum Variance,0.27226766856176354,0.13687931205715403,1.8429933988594933
2021-08-06,Minimum Variance,0.2599816153214727,0.13697109103286018,1.7520603326719482
2021-08-09,Minimum Variance,0.2658455555730952,0.13685966290576462,1.7963331952846715
2021-08-10,Minimum Variance,0.2627049797440739,0.13687272929252017,1.773216483653017
2021-08-11,Minimum Variance,0.2749354905271548,0.13669016588002827,1.8650609492339734
2021-08-12,Minimum Variance,0.25181325397015986,0.13574034495489878,1.7077697426449179
2021-08-13,Minimum Variance,0.2617242182475483,0.13568257593062497,1.781542077820979
2021-08-16,Minimum Variance,0.26071047609002207,0.13570487479646895,1.773779139850659
2021-08-17,Minimum Variance,0.23830070135625148,0.1358927715937759,1.6064187873716895
2021-08-18,Minimum Variance,0.23195160668917203,0.13599170941694738,1.5585627064906833
2021-08-19,Minimum Variance,0.23639835463392256,0.1357927785157817,1.5935925091095546
2021-08-20,Minimum Variance,0.23804973562164666,0.1358190024516636,1.6054435070618933
2021-08-23,Minimum Variance,0.24809489604574986,0.13609812418912032,1.6759591464228554
2021-08-24,Minimum Variance,0.24275385098988722,0.13588203239660737,1.63931792203197
2021-08-25,Minimum Variance,0.237523116947727,0.13584190222787423,1.601296163998299
2021-08-26,Minimum Variance,0.22385197901353138,0.13588984487409064,1.5001266592246931
2021-08-27,Minimum Variance,0.23917718374240415,0.13614570989663707,1.6098721282426398
2021-08-30,Minimum Variance,0.23468535597670415,0.13601322218331313,1.578415337351246
2021-08-31,Minimum Variance,0.24717090972303235,0.13576701970533145,1.6732407488658423
2021-09-01,Minimum Variance,0.24608232423818777,0.13572032006810122,1.6657956901718554
2021-09-02,Minimum Variance,0.23504857420409242,0.1353940942449402,1.5883157637219394
2021-09-03,Minimum Variance,0.27079570760569993,0.1326931366560183,1.8900428004489789
2021-09-07,Minimum Variance,0.27578794508273163,0.13259303361349015,1.9291205436052976
2021-09-08,Minimum Variance,0.2960597143764776,0.13090701227181983,2.108822969721879
2021-09-09,Minimum Variance,0.26977549610699403,0.12986801391639105,1.9233026560935886
2021-09-10,Minimum Variance,0.2814805076159772,0.12910721120198548,2.0252974654289178
2021-09-13,Minimum Variance,0.2831584008082091,0.12913469744534362,2.037859738817223
2021-09-14,Minimum Variance,0.2618792301579731,0.12860429610371013,1.8808020998218822
2021-09-15,Minimum Variance,0.2544623710841951,0.128370673811493,1.8264480829047713
2021-09-16,Minimum Variance,0.25359009391892484,0.12839311829087904,1.8193350004142623
2021-09-17,Minimum Variance,0.25093334884674223,0.12854364003100938,1.7965365598098262
2021-09-20,Minimum Variance,0.24427961221004013,0.12915348232461776,1.736535540298711
2021-09-21,Minimum Variance,0.26924942897209414,0.1282148458309615,1.9439981958150518
2021-09-22,Minimum Variance,0.2739781191725643,0.1283818354438115,1.9783026025026895
2021-09-23,Minimum Variance,0.3057840289468674,0.12693752088808463,2.2513755345736657
2021-09-24,Minimum Variance,0.29534745910480553,0.12720197368677622,2.1646476947191453
2021-09-27,Minimum Variance,0.2793797854039697,0.1268731429500033,2.0444026164480142
2021-09-28,Minimum Variance,0.23613370476984863,0.12752238211689837,1.6948687844595096
2021-09-29,Minimum Variance,0.237359347900034,0.12749552089204258,1.7048390906538908
2021-09-30,Minimum Variance,0.22856642163730823,0.12750764652399382,1.6357169732409824
2021-10-01,Minimum Variance,0.22235721354279248,0.1272406115255234,1.5903508409514466
2021-10-04,Minimum Variance,0.2165468520101701,0.12761992533069347,1.5400953377842108
2021-10-05,Minimum Variance,0.20717231673260383,0.1270837829087866,1.4728261344482114
2021-10-06,Minimum Variance,0.21696659016976838,0.1267458128239951,1.554028379961435
2021-10-07,Minimum Variance,0.2152734707644095,0.12664934193290436,1.5418435483688537
2021-10-08,Minimum Variance,0.20316667819132728,0.12644004707182757,1.4486444954206215
2021-10-11,Minimum Variance,0.1904580814761132,0.1263510944037869,1.3490827466153263
2021-10-12,Minimum Variance,0.17745749915717512,0.12585296085617026,1.2511227235815596
2021-10-13,Minimum Variance,0.19723241544924708,0.12592067879606067,1.4074925353308345
2021-10-14,Minimum Variance,0.2162431789329271,0.12609306430185235,1.556336028626788
2021-10-15,Minimum Variance,0.23147151570813462,0.1260576938724952,1.6775772204910695
2021-10-18,Minimum Variance,0.23228753839709304,0.12605510731886468,1.6840851823647078
2021-10-19,Minimum Variance,0.25068117224587416,0.12577047294017443,1.834144110721464
2021-10-20,Minimum Variance,0.24667187844376226,0.1257006666683013,1.80326711426204
2021-10-21,Minimum Variance,0.24678663037754545,0.1256987089273226,1.8042081125007465
2021-10-22,Minimum Variance,0.24781361902144794,0.1256986695779863,1.8123789200498037
2021-10-25,Minimum Variance,0.24528476996287218,0.1256475254472209,1.7929901059412792
2021-10-26,Minimum Variance,0.2652043470657015,0.1246556094597684,1.967054255547475
2021-10-27,Minimum Variance,0.2653278894293767,0.1246529758682506,1.9680869046293044
2021-10-28,Minimum Variance,0.3119643720271932,0.1211472778822708,2.409995314223403
2021-10-29,Minimum Variance,0.293472839057616,0.12101832207476942,2.25976392970194
2021-11-01,Minimum Variance,0.31477289141435993,0.12047975412615067,2.446659138312253
2021-11-02,Minimum Variance,0.2981203834935806,0.11999113873093753,2.317841020887589
2021-11-03,Minimum Variance,0.2836667566823492,0.11905293758670228,2.2147018127152847
2021-11-04,Minimum Variance,0.25876221457004833,0.11720755917414767,2.0370888725299197
2021-11-05,Minimum Variance,0.23890748209267287,0.1158557947728718,1.8894823735129314
2021-11-08,Minimum Variance,0.24082743885524382,0.11585751647243007,1.9060260014100407
2021-11-09,Minimum Variance,0.22377663438035644,0.11531844067469156,1.7670776086471869
2021-11-10,Minimum Variance,0.21296775742136398,0.11581464944653717,1.6661774511560608
2021-11-11,Minimum Variance,0.20842232853261078,0.11559318931765657,1.6300469746086481
2021-11-12,Minimum Variance,0.2247980105938121,0.11522141094728482,1.777430157382031
2021-11-15,Minimum Variance,0.2049665511475376,0.1144325707586379,1.616380283351936
2021-11-16,Minimum Variance,0.1932872772620864,0.11403985217445693,1.5195326366873345
2021-11-17,Minimum Variance,0.19406220390986895,0.11402948020925105,1.5264666960724034
2021-11-18,Minimum Variance,0.20318279885565294,0.11371476499680863,1.610897220433898
2021-11-19,Minimum Variance,0.19492286075546827,0.11365727627580824,1.5390379436067863
2021-11-22,Minimum Variance,0.18658241874136983,0.11394244530588708,1.4619873945496498
2021-11-23,Minimum Variance,0.18318357230668614,0.11396893159647765,1.4318250598721023
2021-11-24,Minimum Variance,0.17021001246691747,0.11337859315714421,1.3248533809087262
2021-11-26,Minimum Variance,0.14575640733473305,0.11554558894094959,1.088370473398182
2021-11-29,Minimum Variance,0.14729337037433665,0.11561534601248213,1.1010075631360714
2021-11-30,Minimum Variance,0.1542523064555632,0.11502733903347284,1.1671338968946845
2021-12-01,Minimum Variance,0.13008450569794516,0.11421102185307873,0.9638693701520162
2021-12-02,Minimum Variance,0.14476233019436457,0.11482846309383363,1.0865104942875823
2021-12-03,Minimum Variance,0.13100447630172218,0.1150286113918147,0.9650162247339894
2021-12-06,Minimum Variance,0.13115063923351822,0.1150366197287543,0.9662196220264567
2021-12-07,Minimum Variance,0.15368751858205942,0.11627636775908191,1.1497393766122144
2021-12-08,Minimum Variance,0.15307587575397652,0.11627115632013245,1.144530423242504
2021-12-09,Minimum Variance,0.15301107263263036,0.1162750156158761,1.1439351087429066
2021-12-10,Minimum Variance,0.15271220281482267,0.11626778223762807,1.1414357465216418
2021-12-13,Minimum Variance,0.1473712010895467,0.11649786793701589,1.093335039903129
2021-12-14,Minimum Variance,0.14173704457198588,0.11666949293294687,1.0434351046845765
2021-12-15,Minimum Variance,0.1393842955633764,0.11649725243122304,1.0247820705802293
2021-12-16,Minimum Variance,0.13035143786292713,0.11657956581138687,0.9465761610526481
2021-12-17,Minimum Variance,0.11649583115334194,0.11661454832580502,0.8274767817454975
2021-12-20,Minimum Variance,0.11303189134126823,0.11680905584441478,0.7964441683800884
2021-12-21,Minimum Variance,0.13751169379631256,0.11720807115891713,1.0025904584419256
2021-12-22,Minimum Variance,0.14840593257760815,0.11745729653570276,1.0932137582323582
2021-12-23,Minimum Variance,0.14877309144676065,0.11746606375869698,1.0962578239728114
2021-12-27,Minimum Variance,0.15767918130126835,0.11779446324919092,1.1688085968014632
2021-12-28,Minimum Variance,0.14832359703805942,0.11765840565758973,1.0906453841598671
2021-12-29,Minimum Variance,0.14195375000966992,0.11762436561778015,1.0368068670904298
2021-12-30,Minimum Variance,0.13972294433237198,0.11757787312087466,1.0182438341038207
2021-12-31,Minimum Variance,0.13732595212560494,0.11760872401448579,0.9975956554987705
2022-01-03,Minimum Variance,0.14588127779305826,0.11749335993183983,1.0713905693571486
2022-01-04,Minimum Variance,0.1321876520692573,0.11709547022611809,0.9580870366088159
2022-01-05,Minimum Variance,0.11442722638059633,0.11833947232160426,0.7979351650645946
2022-01-06,Minimum Variance,0.10554349601702362,0.1181181318521116,0.7242198524112058
2022-01-07,Minimum Variance,0.0914803421699153,0.11750247416231545,0.6083305281825288
2022-01-10,Minimum Variance,0.10110336804105247,0.11691545795327857,0.6936924292206319
2022-01-11,Minimum Variance,0.11141262232328741,0.11754136875818295,0.7777059539892713
2022-01-12,Minimum Variance,0.11566742570452715,0.11770935444924804,0.8127427607784175
2022-01-13,Minimum Variance,0.10067815204169195,0.1181688479384675,0.6827362155862128
2022-01-14,Minimum Variance,0.10829364581074796,0.11784346696687129,0.7492451476802654
2022-01-18,Minimum Variance,0.07962884037444251,0.11877800386526441,0.5020192159659659
2022-01-19,Minimum Variance,0.0618955833352266,0.11803346491349108,0.35494665318799756
2022-01-20,Minimum Variance,0.056503711754047226,0.11810658002659132,0.30907432715288624
2022-01-21,Minimum Variance,0.04664901819559586,0.11879362386787119,0.22433037504804437
2022-01-24,Minimum Variance,0.03567813173050749,0.11885116179165439,0.13191399641503876
2022-01-25,Minimum Variance,0.028072166210089566,0.11911664298692075,0.06776690483945141
2022-01-26,Minimum Variance,0.0443987017623364,0.11710694423378586,0.20834547363500644
2022-01-27,Minimum Variance,0.03208766119766526,0.11712820380276436,0.10320026095525235
2022-01-28,Minimum Variance,0.06639690135809939,0.11613208316178246,0.3995183767905405
2022-01-31,Minimum Variance,0.06777255022068696,0.11634575024326298,0.4106084676131368
2022-02-01,Minimum Variance,0.06227786842849414,0.11599515992711953,0.36447959082997583
2022-02-02,Minimum Variance,0.06797407505650388,0.11612402582144365,0.4131279011138529
2022-02-03,Minimum Variance,0.04433514422862439,0.11745305417127576,0.20719039109138618
2022-02-04,Minimum Variance,0.04091383265958992,0.11737478775959989,0.1781799401624853
2022-02-07,Minimum Variance,0.03360628861843029,0.11726932364818374,0.11602598356625743
2022-02-08,Minimum Variance,0.03472761142675074,0.11731309111432689,0.12554107377835622
2022-02-09,Minimum Variance,0.05067932685523657,0.11834822235744068,0.2592293001459496
2022-02-10,Minimum Variance,0.029730806561483192,0.11916694547842455,0.08165692694745605
2022-02-11,Minimum Variance,0.012149786935519824,0.12004533934170167,-0.06539373463000532
2022-02-14,Minimum Variance,0.005945476309543007,0.12019485286546229,-0.1169311609889705
2022-02-15,Minimum Variance,0.02422472020930111,0.12122789903572584,0.034849405482611596
2022-02-16,Minimum Variance,0.03516626040304471,0.12110064281286685,0.12523682823451793
2022-02-17,Minimum Variance,0.0188372415636755,0.12202113176241311,-0.009529156298832758
2022-02-18,Minimum Variance,0.02581922619051369,0.12151211258899094,0.04789009150221056
2022-02-22,Minimum Variance,0.014426793984378516,0.1219067332369308,-0.04571696630398361
2022-02-23,Minimum Variance,-0.002484623965714805,0.12269619362632413,-0.18325445395798157
2022-02-24,Minimum Variance,0.0197673765833557,0.12061142402821995,-0.0019287013524512597
2022-02-25,Minimum Variance,0.04591798522830559,0.12194090791856727,0.21254545066708663
2022-02-28,Minimum Variance,0.018378323233359195,0.12075707157665895,-0.01342924886689831
2022-03-01,Minimum Variance,0.012342781994021834,0.12125233858573903,-0.06315109543692349
2022-03-02,Minimum Variance,0.029953993203141627,0.12096480692580003,0.08228834035379744
2022-03-03,Minimum Variance,0.03388242200681901,0.12058480066237766,0.11512580300802633
2022-03-04,Minimum Variance,0.008525630976366383,0.12100194015070513,-0.09482797556256169
2022-03-07,Minimum Variance,-0.009632629156461237,0.12406416806188915,-0.2388492150423244
2022-03-08,Minimum Variance,-0.02806812731391839,0.12255614794009181,-0.3922131049469274
2022-03-09,Minimum Variance,-0.002656979329324516,0.12571935746878682,-0.1802187012843246
2022-03-10,Minimum Variance,-0.027840035607789138,0.1254586246003847,-0.38132121853057876
2022-03-11,Minimum Variance,-0.03625550716954207,0.12605394047934856,-0.44628122655759755
2022-03-14,Minimum Variance,-0.05082467866594287,0.12630843742195047,-0.56072800924093
2022-03-15,Minimum Variance,-0.04191781188964161,0.12677739747804911,-0.4883978778659057
2022-03-16,Minimum Variance,-0.0061755689751554765,0.13296084669011102,-0.19686674405858975
2022-03-17,Minimum Variance,0.014789905830371541,0.13211990577082236,-0.03943458890037346
2022-03-18,Minimum Variance,0.02385942032429611,0.13262078484135864,0.029101172406065603
2022-03-21,Minimum Variance,0.008970274201828055,0.132819633044795,-0.08304288714946262
2022-03-22,Minimum Variance,0.0288446989640625,0.13287046614607068,0.06656632749627829
2022-03-23,Minimum Variance,0.03126538366497322,0.1327123876891026,0.08488569802062461
2022-03-24,Minimum Variance,0.03623329973802836,0.13293949202465571,0.12211043904859842
2022-03-25,Minimum Variance,0.018300660359771515,0.13201438424186546,-0.012872382430047178
2022-03-28,Minimum Variance,0.02730037524812068,0.13202793397483029,0.055294171682732055
2022-03-29,Minimum Variance,0.04610198277747135,0.1332230805703506,0.19592688193160177
2022-03-30,Minimum Variance,0.03999086822425424,0.13327927377178855,0.14999232557707512
2022-03-31,Minimum Variance,0.012742927113477576,0.1332554540756708,-0.054459856347804
2022-04-01,Minimum Variance,0.011322922865359963,0.13315335383157684,-0.06516604264895579
2022-04-04,Minimum Variance,0.020899410074961544,0.13339053639082196,0.006742682796674235
2022-04-05,Minimum Variance,0.007221075850291747,0.13433036642094576,-0.09513056868812107
2022-04-06,Minimum Variance,-0.009950366266759048,0.1346254484244927,-0.22247180319371263
2022-04-07,Minimum Variance,-0.012337699031911509,0.1346365936183244,-0.24018506531429556
2022-04-08,Minimum Variance,-0.012587560489264016,0.13464174677283747,-0.24203162295751063
2022-04-11,Minimum Variance,-0.03258707792474835,0.1352442789028693,-0.3888303324277082
2022-04-12,Minimum Variance,-0.03492642354160502,0.13529866264599794,-0.40596427538472585
2022-04-13,Minimum Variance,-0.03511397797554827,0.13528171998002653,-0.40740151724627316
2022-04-14,Minimum Variance,-0.04907679295650391,0.135745123227201,-0.5088712678162872
2022-04-18,Minimum Variance,-0.048766425520575196,0.1357372619631768,-0.506614208405282
2022-04-19,Minimum Variance,-0.03488015817923551,0.13565801836884386,-0.4045478390375755
2022-04-20,Minimum Variance,-0.040373052178559576,0.1354408275819481,-0.44575223923547747
2022-04-21,Minimum Variance,-0.04902137447354893,0.1360623333004659,-0.5072776043104399
2022-04-22,Minimum Variance,-0.07391706921901386,0.13664331058933263,-0.6873155283925455
2022-04-25,Minimum Variance,-0.07562641008189253,0.13662491481879957,-0.6999192658873252
2022-04-26,Minimum Variance,-0.09429786899788661,0.13845800265137476,-0.8255056898782422
2022-04-27,Minimum Variance,-0.09353642242988314,0.13847275243899937,-0.8199188680090598
2022-04-28,Minimum Variance,-0.07905231968258708,0.1396105407760479,-0.709490265792172
2022-04-29,Minimum Variance,-0.08825523860199525,0.14057438530990965,-0.7700922067938355
2022-05-02,Minimum Variance,-0.09231431570195969,0.1405532627202072,-0.7990872180999351
2022-05-03,Minimum Variance,-0.07655367210880981,0.14033685410529811,-0.6880136563155625
2022-05-04,Minimum Variance,-0.06287241459589232,0.14149010450460092,-0.5857117350082777
2022-05-05,Minimum Variance,-0.10255107408298225,0.1455294513961022,-0.8421049684948143
2022-05-06,Minimum Variance,-0.12018095606377821,0.1456406991942443,-0.9625122430702951
2022-05-09,Minimum Variance,-0.13457407011536493,0.14780785126908957,-1.0457771274541918
2022-05-10,Minimum Variance,-0.1237613550743002,0.1477319531829116,-0.9731229566585687
2022-05-11,Minimum Variance,-0.11163742890015849,0.1464426601285337,-0.8989008311145087
2022-05-12,Minimum Variance,-0.1190960690240388,0.14630698614237037,-0.9507137881214046
2022-05-13,Minimum Variance,-0.1129722479209242,0.14730187612983767,-0.9027193095878644
2022-05-16,Minimum Variance,-0.11398552776286364,0.1473202331650277,-0.9094849015937506
2022-05-17,Minimum Variance,-0.09942568505858684,0.14840517706391523,-0.8047272165387634
2022-05-18,Minimum Variance,-0.11847355555045502,0.15039669852720233,-0.9207220431465072
2022-05-19,Minimum Variance,-0.12427549983337582,0.15000466123543324,-0.9618067775036305
2022-05-20,Minimum Variance,-0.11781177385695585,0.1500655797538673,-0.9183436607048081
2022-05-23,Minimum Variance,-0.11641084079862163,0.15017830958267508,-0.9083258506350792
2022-05-24,Minimum Variance,-0.12404514978952641,0.15022714998619374,-0.9588489817104598
2022-05-25,Minimum Variance,-0.12147525401775083,0.1503144472300232,-0.9411953183798365
2022-05-26,Minimum Variance,-0.10947882453384017,0.15092409706232485,-0.8579069019069316
2022-05-27,Minimum Variance,-0.09770173150943251,0.15182882474671275,-0.7752265204304091
2022-05-31,Minimum Variance,-0.10641536918652605,0.15167539906092747,-0.8334599412245188
2022-06-01,Minimum Variance,-0.1161619243676758,0.15180796572767405,-0.8969353071493926
2022-06-02,Minimum Variance,-0.09450590613605747,0.15273678507606597,-0.7496943586905489
2022-06-03,Minimum Variance,-0.11665114202222504,0.15309361125986817,-0.8925985930939148
2022-06-06,Minimum Variance,-0.11657519385076132,0.15309451343929384,-0.8920972462211528
2022-06-07,Minimum Variance,-0.11129739238575909,0.1532378625387361,-0.8568208288116076
2022-06-08,Minimum Variance,-0.11751033677376588,0.15341221839219985,-0.8963454033512464
2022-06-09,Minimum Variance,-0.14062953910986287,0.15453292795843482,-1.0394518581377548
2022-06-10,Minimum Variance,-0.15831903325818286,0.15581915815672454,-1.1443973601681747
2022-06-13,Minimum Variance,-0.19138825903927603,0.15988811640052175,-1.3221011279521597
2022-06-14,Minimum Variance,-0.18957152905247443,0.15986363215138177,-1.3109393689618043
2022-06-15,Minimum Variance,-0.16958065327200145,0.16078509791813458,-1.179093434197045
2022-06-16,Minimum Variance,-0.1921439124248171,0.16256541545766773,-1.3049756728857231
2022-06-17,Minimum Variance,-0.18142598168439927,0.16227599058132924,-1.2412555977185602
2022-06-21,Minimum Variance,-0.17652436101167046,0.16272770200218914,-1.2076884180975325
2022-06-22,Minimum Variance,-0.1799212421907339,0.16273899895217359,-1.2284777679472367
2022-06-23,Minimum Variance,-0.1744346599663339,0.16286588318188056,-1.1938329634647846
2022-06-24,Minimum Variance,-0.16054855321315853,0.16450794949126102,-1.097506556804719
2022-06-27,Minimum Variance,-0.1655441085313062,0.1644983307846654,-1.1279391568671326
2022-06-28,Minimum Variance,-0.17508839260570197,0.16477200878095116,-1.1839898903281174
2022-06-29,Minimum Variance,-0.17616907993392972,0.16476797745511573,-1.1905777018314612
2022-06-30,Minimum Variance,-0.17658183320391274,0.16477897764007265,-1.1930031125287546
2022-07-01,Minimum Variance,-0.17420483533981168,0.1648272151214289,-1.178232825184483
2022-07-05,Minimum Variance,-0.18277824031436185,0.16483299120426503,-1.230204213567138
2022-07-06,Minimum Variance,-0.18147141645313591,0.16481041981119443,-1.222443439461777
2022-07-07,Minimum Variance,-0.17293598598800286,0.1653955308360554,-1.1665126924091214
2022-07-08,Minimum Variance,-0.16505989768249496,0.16509550146650148,-1.120926348923228
2022-07-11,Minimum Variance,-0.1865892649465707,0.16517546226665816,-1.2507261194344614
2022-07-12,Minimum Variance,-0.1916984347718067,0.16514053797875602,-1.2819289398163396
2022-07-13,Minimum Variance,-0.18932830713742832,0.16511359857804234,-1.2677835680414142
2022-07-14,Minimum Variance,-0.19900808726450836,0.16521608254553805,-1.3255857655633723
2022-07-15,Minimum Variance,-0.186667662740155,0.16574705537852813,-1.246885878413789
2022-07-18,Minimum Variance,-0.1817525976996026,0.16564598739867598,-1.2179745544576666
2022-07-19,Minimum Variance,-0.15425941696520884,0.16662614899032993,-1.045810744718837
2022-07-20,Minimum Variance,-0.16145255818788995,0.16640007878649515,-1.0904595689567451
2022-07-21,Minimum Variance,-0.1578184530291128,0.166664895668194,-1.0669220552786587
2022-07-22,Minimum Variance,-0.16323579916652664,0.16668980117365864,-1.099262209663507
2022-07-25,Minimum Variance,-0.16327472087998873,0.16668904674413376,-1.0995006838170587
2022-07-26,Minimum Variance,-0.16845490485677916,0.16691918499298683,-1.1290188414513116
2022-07-27,Minimum Variance,-0.14594368864825347,0.16808716708193194,-0.9872478162914503
2022-07-28,Minimum Variance,-0.1455514096575109,0.16811107780989948,-0.984773947167937
2022-07-29,Minimum Variance,-0.1427222417144276,0.16822652852155337,-0.967280506496212
2022-08-01,Minimum Variance,-0.13891261068093785,0.16817529651474014,-0.9449224349487593
2022-08-02,Minimum Variance,-0.15093847711978936,0.16842284339119767,-1.0149364164500452
2022-08-03,Minimum Variance,-0.14617623924553536,0.1687146210633423,-0.9849545830597933
2022-08-04,Minimum Variance,-0.14293064894327434,0.16876602698172538,-0.9654232659095369
2022-08-05,Minimum Variance,-0.15053923132363334,0.16878064636211526,-1.0104193519779814
2022-08-08,Minimum Variance,-0.14373804520167088,0.16875178121240933,-0.9702892853946968
2022-08-09,Minimum Variance,-0.14754501508581086,0.16879555872257782,-0.9925913712053154
2022-08-10,Minimum Variance,-0.13271494293298947,0.16964532154848164,-0.9002013232021033
2022-08-11,Minimum Variance,-0.13737593044650975,0.16961237117776512,-0.9278564373206553
2022-08-12,Minimum Variance,-0.12599227148186254,0.17006578065520095,-0.8584458961668124
2022-08-15,Minimum Variance,-0.13071243439053892,0.17001221492543103,-0.8864800359000252
2022-08-16,Minimum Variance,-0.12764921283888442,0.16999240035525542,-0.8685636094926742
2022-08-17,Minimum Variance,-0.12569166014422262,0.169889072389217,-0.8575693427205373
2022-08-18,Minimum Variance,-0.12368379253634343,0.16985275955167523,-0.8459314580204376
2022-08-19,Minimum Variance,-0.13192791433682727,0.17035324654314174,-0.8918404399082098
2022-08-22,Minimum Variance,-0.14850424516124516,0.1709000769979031,-0.985981095627667
2022-08-23,Minimum Variance,-0.15677122179805203,0.17059384227961263,-1.0362110345595847
2022-08-24,Minimum Variance,-0.1608789756778114,0.17048715567021466,-1.060953682796482
2022-08-25,Minimum Variance,-0.14787201097112923,0.1712541208449524,-0.980250928519932
2022-08-26,Minimum Variance,-0.16214523448083418,0.17251930103450172,-1.0557962696846737
2022-08-29,Minimum Variance,-0.1751433523046203,0.1722707657561158,-1.1327711434271168
2022-08-30,Minimum Variance,-0.18559949853436664,0.17239399314026804,-1.1926140510422598
2022-08-31,Minimum Variance,-0.19111867919621184,0.17239543074181216,-1.2246187633150991
2022-09-01,Minimum Variance,-0.2032585824413886,0.17231656867819983,-1.2956303862939766
2022-09-02,Minimum Variance,-0.2104224445661117,0.17243709951754876,-1.3362695453054858
2022-09-06,Minimum Variance,-0.21816118268654194,0.17253876176079733,-1.3803343680924383
2022-09-07,Minimum Variance,-0.2078996452499996,0.17307377855132702,-1.3167774295885806
2022-09-08,Minimum Variance,-0.20410499433081508,0.17301369070614844,-1.2953020851479413
2022-09-09,Minimum Variance,-0.1882128162254274,0.17393574299031608,-1.1970674494259623
2022-09-12,Minimum Variance,-0.17507441237929922,0.1742633017234323,-1.1194233694073785
2022-09-13,Minimum Variance,-0.20578693667904258,0.17715851118671033,-1.2744910485338292
2022-09-14,Minimum Variance,-0.20026487711904262,0.17719542133922284,-1.243061899987628
2022-09-15,Minimum Variance,-0.21062367066586585,0.17738854396066936,-1.3001046489056238
2022-09-16,Minimum Variance,-0.21350531339622225,0.17748097032412832,-1.315663943969758
2022-09-19,Minimum Variance,-0.2028102839970205,0.17735284803628135,-1.2563107187962375
2022-09-20,Minimum Variance,-0.1987717837933748,0.17697783235914347,-1.2361535954933514
2022-09-21,Minimum Variance,-0.21227996149281836,0.17725462472077608,-1.310431035910753
2022-09-22,Minimum Variance,-0.22529197536440637,0.17714645355982805,-1.3846846517961104
2022-09-23,Minimum Variance,-0.24597231107364637,0.17815173591418512,-1.4929537997977411
2022-09-26,Minimum Variance,-0.25073822747043084,0.17847600447937748,-1.5169446910254767
2022-09-27,Minimum Variance,-0.2540349376080404,0.17854910550236364,-1.5347875131438995
2022-09-28,Minimum Variance,-0.225057497992608,0.178862673171834,-1.3700874176088176
2022-09-29,Minimum Variance,-0.23731020776480427,0.1796572159700446,-1.4322286270299727
2022-09-30,Minimum Variance,-0.2406062889762427,0.1797548536262526,-1.4497872169732726
2022-10-03,Minimum Variance,-0.2293116104882077,0.18086960544370054,-1.3784052321925984
2022-10-04,Minimum Variance,-0.19669113964051632,0.1831905074945142,-1.1828731881590824
2022-10-05,Minimum Variance,-0.20550341293718577,0.18313563200715904,-1.2313464641789125
2022-10-06,Minimum Variance,-0.21413403146691068,0.183436268182076,-1.2763780782681038
2022-10-07,Minimum Variance,-0.2373222660251153,0.18427599569440417,-1.3963960148767727
2022-10-10,Minimum Variance,-0.2436727898863903,0.18449074861354173,-1.42919247641362
2022-10-11,Minimum Variance,-0.2478879227584907,0.1846492505561117,-1.4507934473153155
2022-10-12,Minimum Variance,-0.24945545887889664,0.18463947524550847,-1.4593599690456844
2022-10-13,Minimum Variance,-0.2464243550938804,0.18491994618762733,-1.4407550974709638
2022-10-14,Minimum Variance,-0.26685535902613444,0.18529747529317242,-1.5480802346188476
2022-10-17,Minimum Variance,-0.2544867399533237,0.18679343041796725,-1.4694667758878603
2022-10-18,Minimum Variance,-0.2506723981937443,0.18691299381772236,-1.448119751683525
2022-10-19,Minimum Variance,-0.26508746662593485,0.18719214882769825,-1.5229670069568182
2022-10-20,Minimum Variance,-0.2687168124752993,0.18717350521715884,-1.5425089792507218
2022-10-21,Minimum Variance,-0.25680299981211185,0.18783154652808243,-1.4736768393201056
2022-10-24,Minimum Variance,-0.26389163352187917,0.18795067785744737,-1.5104581518838627
2022-10-25,Minimum Variance,-0.2525629766848948,0.18892639159687874,-1.4426940269228
2022-10-26,Minimum Variance,-0.2489890081281163,0.1890391540147719,-1.4229274857371452
2022-10-27,Minimum Variance,-0.2519012642868742,0.18910499549560503,-1.4378322665367846
2022-10-28,Minimum Variance,-0.2507774094050924,0.18917547562754497,-1.4313557743510479
2022-10-31,Minimum Variance,-0.25211453329873124,0.18922024459730669,-1.4380836145616338
2022-11-01,Minimum Variance,-0.25068556100967354,0.18929448506465815,-1.42997066669541
2022-11-02,Minimum Variance,-0.26190513693649575,0.18985959947839495,-1.4848084464044975
2022-11-03,Minimum Variance,-0.2691773808310476,0.1897835977296233,-1.523721671896148
2022-11-04,Minimum Variance,-0.25023176049286733,0.19198719931070465,-1.4075509276820832
2022-11-07,Minimum Variance,-0.250011668171772,0.19199313276978175,-1.4063610727970255
2022-11-08,Minimum Variance,-0.24525875848692913,0.1921926582040651,-1.3801711312264822
2022-11-09,Minimum Variance,-0.2555453264159421,0.19271589840872,-1.429800699844462
2022-11-10,Minimum Variance,-0.21028972913544908,0.19918811670941153,-1.156141907157095
2022-11-11,Minimum Variance,-0.2013524858912662,0.19988486698346639,-1.1073999209233558
2022-11-14,Minimum Variance,-0.2116090638441508,0.1999674111425559,-1.1582340468419512
2022-11-15,Minimum Variance,-0.19952545605652783,0.20047064475011672,-1.0950503817162986
2022-11-16,Minimum Variance,-0.20505908978810683,0.20054773650442578,-1.122222039056223
2022-11-17,Minimum Variance,-0.20566404927263182,0.2005489230886793,-1.1252319174650818
2022-11-18,Minimum Variance,-0.2056652467893032,0.20054891812476827,-1.1252379165112683
2022-11-21,Minimum Variance,-0.20975673490905933,0.20063866503006508,-1.145126911976966
2022-11-22,Minimum Variance,-0.1959134313003943,0.20082227056150875,-1.0751468484879187
2022-11-23,Minimum Variance,-0.1870781356826876,0.20106694493839794,-1.0298964643150634
2022-11-25,Minimum Variance,-0.1882605620038037,0.20105850711387335,-1.0358206921622635
2022-11-28,Minimum Variance,-0.17894591754797617,0.20019752845357963,-0.9937481200928328
2022-11-29,Minimum Variance,-0.17971411469865506,0.20016241542712188,-0.9977603151545198
2022-11-30,Minimum Variance,-0.15267525090281875,0.20167935216423344,-0.8561870565817972
2022-12-01,Minimum Variance,-0.14462664102812606,0.20165982702453056,-0.8163581386395831
2022-12-02,Minimum Variance,-0.15422085395640528,0.2012445830661324,-0.8657169862761142
2022-12-05,Minimum Variance,-0.15990523196122697,0.20158156682325076,-0.8924686656442655
2022-12-06,Minimum Variance,-0.17108516543639418,0.20147732947801236,-0.9484201817219723
2022-12-07,Minimum Variance,-0.18610400109970482,0.200633908216499,-1.027264049889828
2022-12-08,Minimum Variance,-0.18103715204852366,0.2007993779107475,-1.0011841378207946
2022-12-09,Minimum Variance,-0.17939772090408646,0.20074228860189322,-0.9933020206794928
2022-12-12,Minimum Variance,-0.17885910628937118,0.2007578171212718,-0.9905422819438524
2022-12-13,Minimum Variance,-0.16412476583781455,0.20094209878607414,-0.9163075679518826
2022-12-14,Minimum Variance,-0.16081166123213364,0.20087596433167884,-0.9001159587892965
2022-12-15,Minimum Variance,-0.18692765313220883,0.2018027338511524,-1.0253956880724742
2022-12-16,Minimum Variance,-0.18871295213630213,0.20185706173292023,-1.0339640850041354
2022-12-19,Minimum Variance,-0.1878406843194066,0.20183193472963265,-1.0297710548027152
2022-12-20,Minimum Variance,-0.18094515660192845,0.20168638671614614,-0.9963248381495331
2022-12-21,Minimum Variance,-0.18332187478059858,0.20149919516021012,-1.0090455925590138
2022-12-22,Minimum Variance,-0.19813407655096127,0.20149917679818244,-1.0825556710310533
2022-12-23,Minimum Variance,-0.20001163562318625,0.2014574824341633,-1.092099598212176
2022-12-27,Minimum Variance,-0.20606283781583423,0.20121253394304106,-1.123502762903566
2022-12-28,Minimum Variance,-0.21460136604716684,0.20153516549364964,-1.1640716173404442
2022-12-29,Minimum Variance,-0.20010135550176322,0.20231929082765795,-1.0878910982801566
2022-12-30,Minimum Variance,-0.20908126505853097,0.20245627120442686,-1.1315098499824683
2023-01-03,Minimum Variance,-0.2032681218282224,0.20253896087867349,-1.1023465354992428
2023-01-04,Minimum Variance,-0.19176322970479265,0.20329248173729614,-1.0416677876875091
2023-01-05,Minimum Variance,-0.197253268326266,0.20343504299948423,-1.0679245085951923
2023-01-06,Minimum Variance,-0.16470227708681395,0.20421941303630486,-0.9044305550617694
2023-01-09,Minimum Variance,-0.1609110037021524,0.2042765398543607,-0.8856181127364561
2023-01-10,Minimum Variance,-0.15703879162987844,0.20433278145570707,-0.8664238325765407
2023-01-11,Minimum Variance,-0.145833968488721,0.2045980196041994,-0.8105355506838797
2023-01-12,Minimum Variance,-0.14916833772049276,0.20437519569424412,-0.8277341932118678
2023-01-13,Minimum Variance,-0.15218646649403322,0.204264978580137,-0.8429563779895887
2023-01-17,Minimum Variance,-0.14445585473716982,0.20403234272629484,-0.8060283606985974
2023-01-18,Minimum Variance,-0.148468307345635,0.20411338584987482,-0.8253662867047007
2023-01-19,Minimum Variance,-0.1347130239232589,0.2034544387994343,-0.7604308111251149
2023-01-20,Minimum Variance,-0.1214795376167912,0.20385539128149716,-0.6940191119175592
2023-01-23,Minimum Variance,-0.11159597792307885,0.20396766830579444,-0.6451805769813783
2023-01-24,Minimum Variance,-0.0993135201647688,0.20356701249436085,-0.5861142171454424
2023-01-25,Minimum Variance,-0.09198219579418188,0.20351268161524566,-0.5502467703997519
2023-01-26,Minimum Variance,-0.07848183653472562,0.20350132211710664,-0.4839370845858848
2023-01-27,Minimum Variance,-0.07218972495713172,0.20337791115066242,-0.45329271224954976
2023-01-30,Minimum Variance,-0.0785679274048271,0.20368631566226464,-0.48392022352775077
2023-01-31,Minimum Variance,-0.08421194282929145,0.20337675323865734,-0.5124083316788987
2023-02-01,Minimum Variance,-0.09208279109710071,0.20269749746466453,-0.5529559688650802
2023-02-02,Minimum Variance,-0.09296553330210677,0.20267187325786093,-0.5573814041693881
2023-02-03,Minimum Variance,-0.11026263975682338,0.20300501960772233,-0.6416720138671298
2023-02-06,Minimum Variance,-0.10335640857967376,0.2024898041260689,-0.609198122898439
2023-02-07,Minimum Variance,-0.09800570675385956,0.20262770711876668,-0.5823769534375306
2023-02-08,Minimum Variance,-0.10173547962943441,0.2026959892601218,-0.600581590557325
2023-02-09,Minimum Variance,-0.10805455413639198,0.20261818326668052,-0.6319993204551146
2023-02-10,Minimum Variance,-0.12578829013021287,0.20200716761016138,-0.7216986003761948
2023-02-13,Minimum Variance,-0.1039686719965568,0.20176633088310011,-0.6144170410095928
2023-02-14,Minimum Variance,-0.09098660653987822,0.20126157208613885,-0.5514545344621306
2023-02-15,Minimum Variance,-0.088230245811317,0.20119962359687005,-0.5379246932795986
2023-02-16,Minimum Variance,-0.10871114699456952,0.20063797006672365,-0.6415094159483654
2023-02-17,Minimum Variance,-0.1152259654197868,0.20061129326004354,-0.674069556216356
2023-02-21,Minimum Variance,-0.11551222006884043,0.20063453508449422,-0.675418217565443
2023-02-22,Minimum Variance,-0.11364917801755015,0.20059082341809414,-0.6662776279599958
2023-02-23,Minimum Variance,-0.09983107208188535,0.20046203077176722,-0.5977744095504902
2023-02-24,Minimum Variance,-0.10230869637508822,0.20066676448143053,-0.6095114788498348
2023-02-27,Minimum Variance,-0.09592535749407038,0.20078302119422958,-0.5773663370765239
2023-02-28,Minimum Variance,-0.11747885772620303,0.19987944821772102,-0.687808871557683
2023-03-01,Minimum Variance,-0.1056169008331812,0.19982126013980325,-0.6286463249470772
2023-03-02,Minimum Variance,-0.08991385134546315,0.1994724633479615,-0.5510226800264078
2023-03-03,Minimum Variance,-0.08341631709419162,0.19985477705767596,-0.5174573188428054
2023-03-06,Minimum Variance,-0.07608162750970271,0.19961954566048556,-0.48132374608806633
2023-03-07,Minimum Variance,-0.07721530207242477,0.19970877424899114,-0.48678533248228517
2023-03-08,Minimum Variance,-0.04473027978440236,0.1975285105131557,-0.3277009461380575
2023-03-09,Minimum Variance,-0.059619988307202054,0.19811632334682522,-0.4018850489559015
2023-03-10,Minimum Variance,-0.09386700352800315,0.19630201664101,-0.5800602840277438
2023-03-13,Minimum Variance,-0.08378063195422114,0.19597738208024276,-0.52955412942361
2023-03-14,Minimum Variance,-0.06320628187484345,0.19577848925503322,-0.4250021654138611
2023-03-15,Minimum Variance,-0.06784269033726564,0.19608248167087652,-0.44798846683667115
2023-03-16,Minimum Variance,-0.06476208482567836,0.1962995623507796,-0.4317996627736329
2023-03-17,Minimum Variance,-0.10897931297790353,0.1923045460175338,-0.670703400668144
2023-03-20,Minimum Variance,-0.10590809621133712,0.19243468764208854,-0.6542900230415579
2023-03-21,Minimum Variance,-0.10724763530894899,0.19234310301858137,-0.6615658857113071
2023-03-22,Minimum Variance,-0.10481097105193637,0.19224020785202287,-0.6492448819448311
2023-03-23,Minimum Variance,-0.10935979956316655,0.19202506087840318,-0.6736610261776278
2023-03-24,Minimum Variance,-0.10078895967258783,0.19189936703942187,-0.6294390728645508
2023-03-27,Minimum Variance,-0.1085266950311401,0.1916802106658402,-0.6705266787044759
2023-03-28,Minimum Variance,-0.1038677948121951,0.19171507689684683,-0.6461035658600953
2023-03-29,Minimum Variance,-0.09899167074966353,0.1919386159296056,-0.6199464874400485
2023-03-30,Minimum Variance,-0.10658879112952235,0.19130808852769038,-0.6617011967646083
2023-03-31,Minimum Variance,-0.09642184453704838,0.19142828068795043,-0.6081747384380946
2023-04-03,Minimum Variance,-0.08130040959029194,0.19104112896800368,-0.530254454302655
2023-04-04,Minimum Variance,-0.0906031045813952,0.19082018715776008,-0.5796195163038719
2023-04-05,Minimum Variance,-0.1028778310349957,0.19069956976015381,-0.6443529536513444
2023-04-06,Minimum Variance,-0.08428955236154567,0.1901131206492066,-0.5485657802334376
2023-04-10,Minimum Variance,-0.07431700023726784,0.18981656552913156,-0.4968849793185875
2023-04-11,Minimum Variance,-0.06992542241468558,0.18983557692994982,-0.47370163100601775
2023-04-12,Minimum Variance,-0.06909223184704127,0.18982509990914206,-0.469338522090516
2023-04-13,Minimum Variance,-0.04475866400980921,0.18966521156521007,-0.34143670035948637
2023-04-14,Minimum Variance,-0.04526435457684208,0.18967775198307543,-0.34408017753534687
2023-04-17,Minimum Variance,-0.05374569972606902,0.18934229355704918,-0.38948350281734234
2023-04-18,Minimum Variance,-0.04114847526878673,0.1889931658374486,-0.32354860556905013
2023-04-19,Minimum Variance,-0.04160701258858379,0.18900179874173462,-0.32595992735904045
2023-04-20,Minimum Variance,-0.04992019803234504,0.1889035773400434,-0.3701369715539183
2023-04-21,Minimum Variance,-0.05313568305112937,0.1888932733602846,-0.38717992308616733
2023-04-24,Minimum Variance,-0.03930698342285488,0.1883811002782106,-0.314824487887943
2023-04-25,Minimum Variance,-0.037376855123853026,0.18821940037825716,-0.3048402821842223
2023-04-26,Minimum Variance,-0.037744678753691585,0.18821930197992812,-0.3067946706116758
2023-04-27,Minimum Variance,-0.0006373028341343234,0.18741260887329,-0.11011693908005539
2023-04-28,Minimum Variance,0.002134808311101466,0.1874692277708145,-0.09529666229136627
2023-05-01,Minimum Variance,-0.02061792330279022,0.18673227362263758,-0.21751956699715408
2023-05-02,Minimum Variance,-0.00804248437103905,0.1858801210370775,-0.15086327798035712
2023-05-03,Minimum Variance,-0.006862552395324184,0.18587146108607308,-0.1445221995800889
2023-05-04,Minimum Variance,-0.0136430214943426,0.18575811986143312,-0.18111198325779096
2023-05-05,Minimum Variance,-0.01864588807840184,0.18532533342663332,-0.20852998002942214
2023-05-08,Minimum Variance,0.015422246658646666,0.1819413034869575,-0.02516060539096606
2023-05-09,Minimum Variance,0.022089405985974198,0.18165299197064905,0.011502183164215633
2023-05-10,Minimum Variance,0.05393866506523537,0.17942243703750985,0.18915507795794897
2023-05-11,Minimum Variance,0.0473978612719923,0.1793730380641253,0.15274236065621888
2023-05-12,Minimum Variance,0.04969964156416751,0.17929013249846915,0.16565128906032292
2023-05-15,Minimum Variance,0.059783313350005196,0.17940768130818577,0.22174810498590405
2023-05-16,Minimum Variance,0.026917980539119535,0.17805818387573108,0.03885235931614171
2023-05-17,Minimum Variance,0.036368360012833056,0.1781115308228953,0.091899496552578
2023-05-18,Minimum Variance,0.017506880876691167,0.17726326255010877,-0.0140644998148112
2023-05-19,Minimum Variance,0.0444203010574713,0.17545719359700812,0.13918096235803304
2023-05-22,Minimum Variance,0.041934011371503876,0.17540809853477482,0.12504560253901525
2023-05-23,Minimum Variance,0.025239176884058967,0.17575683270783776,0.029809235881987584
2023-05-24,Minimum Variance,0.0041362145023882135,0.17571561649853842,-0.09028102233442489
2023-05-25,Minimum Variance,0.010599221217692412,0.17562308332781162,-0.05352815019629532
2023-05-26,Minimum Variance,0.018080590621631698,0.17600741658562705,-0.010905275559422325
2023-05-30,Minimum Variance,3.0388187884478057e-05,0.17559649457790968,-0.11372443316774349
2023-05-31,Minimum Variance,-0.021939929882953346,0.1749128466879861,-0.2397761552515742
2023-06-01,Minimum Variance,-0.007062526012840631,0.17532356221773768,-0.15435760984157487
2023-06-02,Minimum Variance,0.012791426090816627,0.1755646822188899,-0.04105936238471866
2023-06-05,Minimum Variance,-0.007511818018312688,0.17471215391498152,-0.15746939982034963
2023-06-06,Minimum Variance,0.0144304649765159,0.1741945947060625,-0.03197306456541998
2023-06-07,Minimum Variance,0.007550499390159837,0.17428468364197192,-0.07143198329128461
2023-06-08,Minimum Variance,0.009069830250009625,0.17434480798576305,-0.06269283195908495
2023-06-09,Minimum Variance,0.017659122483937084,0.17416818753867505,-0.013440327703606095
2023-06-12,Minimum Variance,0.04310152295796965,0.1730161453828679,0.13352235369045026
2023-06-13,Minimum Variance,0.07179310414863416,0.17186256735868927,0.3013634961040603
2023-06-14,Minimum Variance,0.11796541113081882,0.16786025589141323,0.5836129023548698
2023-06-15,Minimum Variance,0.13087466674204573,0.16812449380144798,0.6594795572915552
2023-06-16,Minimum Variance,0.10814271826036714,0.16729307171770003,0.526876082526025
2023-06-20,Minimum Variance,0.12426022691396454,0.165729561527022,0.6290985503932865
2023-06-21,Minimum Variance,0.1192511953313724,0.16574356003573304,0.5988238415415634
2023-06-22,Minimum Variance,0.09854856235186005,0.16522536988684272,0.4754025511073469
2023-06-23,Minimum Variance,0.09079927843115221,0.16553110810612087,0.4277098077888977
2023-06-26,Minimum Variance,0.08668651344757783,0.1654526213344718,0.4030550432487091
2023-06-27,Minimum Variance,0.07057255732333045,0.16400391502335157,0.30836189072760684
2023-06-28,Minimum Variance,0.07330992975936845,0.16396606440333217,0.32512782418338676
2023-06-29,Minimum Variance,0.08147545722688299,0.16364692615182316,0.37565910141110276
2023-06-30,Minimum Variance,0.09361583890081393,0.16394662060758652,0.44902321638587894
2023-07-03,Minimum Variance,0.10209723884613986,0.16389238337433595,0.5009216240307329
2023-07-05,Minimum Variance,0.09110224709483505,0.16401193170602862,0.433518746808477
2023-07-06,Minimum Variance,0.08105502598471603,0.16462642532993224,0.3708701434921764
2023-07-07,Minimum Variance,0.08816631157679011,0.16465173584651416,0.4140029938119432
2023-07-10,Minimum Variance,0.07569231940178756,0.16411713117720472,0.33934494834456996
2023-07-11,Minimum Variance,0.08621707541986234,0.16431509314805978,0.40298839352630844
2023-07-12,Minimum Variance,0.11947130772231507,0.16438607150550796,0.605107882993494
2023-07-13,Minimum Variance,0.13652456165979543,0.16476088884631482,0.7072343592931625
2023-07-14,Minimum Variance,0.13242920039502848,0.1648309698316526,0.6820878413192387
2023-07-17,Minimum Variance,0.14237102702975934,0.16459677730817684,0.7434594348140994
2023-07-18,Minimum Variance,0.1299278372423216,0.16415835965083048,0.6696450761090769
2023-07-19,Minimum Variance,0.1324801921287393,0.1641591418569146,0.6851899373766218
2023-07-20,Minimum Variance,0.10161014324629747,0.1630664094349002,0.5004718232842312
2023-07-21,Minimum Variance,0.10272605269201418,0.16306346492890997,0.5073242662179408
2023-07-24,Minimum Variance,0.09475971819508056,0.1627242823724094,0.4594257052797203
2023-07-25,Minimum Variance,0.10276368821543769,0.16266634419863882,0.5087941738849888
2023-07-26,Minimum Variance,0.10388169705122352,0.16267936970753466,0.5156259038993465
2023-07-27,Minimum Variance,0.10447422601949952,0.1626461513112991,0.5193742694705317
2023-07-28,Minimum Variance,0.09596853925553783,0.16188260466959362,0.4692816711875343
2023-07-31,Minimum Variance,0.0883616900530324,0.16169107819333192,0.42279197353915354
2023-08-01,Minimum Variance,0.06992922975810179,0.16189856961211416,0.3083982142505958
2023-08-02,Minimum Variance,0.051837674368441444,0.16284073778577193,0.19551418644593754
2023-08-03,Minimum Variance,0.059205917052516766,0.1625270085175919,0.24122708840895896
2023-08-04,Minimum Variance,0.04880606771945106,0.16217699030578342,0.17762117588406007
2023-08-07,Minimum Variance,0.04891772956165408,0.16217925441669667,0.1783072049853803
2023-08-08,Minimum Variance,0.04868799041842453,0.1621868792134552,0.17688231352345143
2023-08-09,Minimum Variance,0.04564299806161709,0.16216691097986388,0.1581271907238904
2023-08-10,Minimum Variance,0.04996635691943041,0.16209999517934212,0.18486340413691324
2023-08-11,Minimum Variance,0.026068148932470336,0.16143636251639887,0.03758848897412395
2023-08-14,Minimum Variance,0.02582092729502472,0.16144003301513643,0.03605628161931159
2023-08-15,Minimum Variance,0.0025453406003639323,0.16139441346670702,-0.10814909280138543
2023-08-16,Minimum Variance,-0.004406676310133029,0.16161112112922296,-0.1510210197144641
2023-08-17,Minimum Variance,-0.008746069633016385,0.16166245932743428,-0.17781536760364097
2023-08-18,Minimum Variance,-0.002750364932486482,0.1615033877276395,-0.14086617780955074
2023-08-21,Minimum Variance,0.0001620133987361161,0.1614924479544665,-0.12284157465281158
2023-08-22,Minimum Variance,0.013945058929356158,0.1608569060128909,-0.03764178499217563
2023-08-23,Minimum Variance,0.04406678111434292,0.16076393635919775,0.14970261153950648
2023-08-24,Minimum Variance,0.03481607613495452,0.1610304235049294,0.09200793124971801
2023-08-25,Minimum Variance,0.03843558234896771,0.16107794377110976,0.11445131417349418
2023-08-28,Minimum Variance,0.03095339143567699,0.16054257223576787,0.06822733237132378
2023-08-29,Minimum Variance,0.06732784228513533,0.15947577906358656,0.2967713502516558
2023-08-30,Minimum Variance,0.07332541090038869,0.15935932534431282,0.3346237239971583
2023-08-31,Minimum Variance,0.0771381627144041,0.1591965708463099,0.3589157882650997
2023-09-01,Minimum Variance,0.08435173784922201,0.15914498904720886,0.4043591836255219
2023-09-05,Minimum Variance,0.0835739969897773,0.15918183120698898,0.39937973139101596
2023-09-06,Minimum Variance,0.08784893801034555,0.1590316464409309,0.4266379650137538
2023-09-07,Minimum Variance,0.09143558909188543,0.15890059338302506,0.4495614998723894
2023-09-08,Minimum Variance,0.07832584576692714,0.15842083775929242,0.36817028991822726
2023-09-11,Minimum Variance,0.0872463305716884,0.1585842981817425,0.4240415434737557
2023-09-12,Minimum Variance,0.06581363020936659,0.1577208807651141,0.2904728276124362
2023-09-13,Minimum Variance,0.052365739576822445,0.15738043045361902,0.20565288507303214
2023-09-14,Minimum Variance,0.09770487406743311,0.1540147638789112,0.5045287354952924
2023-09-15,Minimum Variance,0.08809975788255664,0.154084767080968,0.441962947880317
2023-09-18,Minimum Variance,0.09737696173135935,0.15374620162588243,0.5032772251482621
2023-09-19,Minimum Variance,0.10201192522812419,0.15359499329948081,0.5339492093223158
2023-09-20,Minimum Variance,0.0934802211516983,0.15360066958367657,0.47838477104859684
2023-09-21,Minimum Variance,0.08557152101077747,0.1543269645821389,0.4248870000671705
2023-09-22,Minimum Variance,0.10284604714633372,0.15384073082963612,0.5385182890094157
2023-09-25,Minimum Variance,0.1073573626256461,0.15366810126706104,0.5684807836196728
2023-09-26,Minimum Variance,0.11638851074688472,0.15275104314623675,0.6310170376683244
2023-09-27,Minimum Variance,0.1303052560015301,0.1521239135633015,0.7251013559786581
2023-09-28,Minimum Variance,0.14371821366736226,0.1520534832656114,0.8136493226613409
2023-09-29,Minimum Variance,0.12076459851934773,0.1508689994142885,0.6678946563610901
2023-10-02,Minimum Variance,0.13082392491088424,0.15004745015870805,0.7385925238560446
2023-10-03,Minimum Variance,0.12291150264268014,0.15056809783039948,0.6834880969181139
2023-10-04,Minimum Variance,0.10493724038462915,0.14934008047668582,0.5687504661408637
2023-10-05,Minimum Variance,0.07664013092960986,0.14638248558788416,0.3869324304894702
2023-10-06,Minimum Variance,0.09266673659042901,0.14654541327382783,0.4958649675008755
2023-10-09,Minimum Variance,0.10805698888637805,0.14608577689063834,0.6027759222056136
2023-10-10,Minimum Variance,0.14294002650617488,0.14478848257274599,0.8491008699148856
2023-10-11,Minimum Variance,0.16275522129685038,0.1445564655171293,0.9875395111949146
2023-10-12,Minimum Variance,0.16077127955782666,0.14468037664671995,0.9729811521127119
2023-10-13,Minimum Variance,0.1580569243060097,0.14472969570226715,0.9538949393634847
2023-10-16,Minimum Variance,0.14951524536276062,0.1442470913626469,0.8978707587049404
2023-10-17,Minimum Variance,0.16766961229995547,0.14314021617171072,1.0316430717333227
2023-10-18,Minimum Variance,0.12324013282129753,0.1421447972145234,0.7263025790911548
2023-10-19,Minimum Variance,0.10551419384143568,0.14243436100329254,0.6003761538935041
2023-10-20,Minimum Variance,0.11062785790843632,0.1420593926082197,0.6379575207559525
2023-10-23,Minimum Variance,0.11386825788072463,0.14201947750482374,0.6609534095598708
2023-10-24,Minimum Variance,0.10820399469611308,0.14159900147318696,0.6229139596921189
2023-10-25,Minimum Variance,0.10298463319110218,0.14196314837781784,0.5845505269455462
2023-10-26,Minimum Variance,0.0794935076433485,0.14084874153954116,0.4223928946262299
2023-10-27,Minimum Variance,0.06922817224461397,0.1408045782900624,0.3496205367925054
2023-10-30,Minimum Variance,0.08620983589144049,0.14095572667546039,0.46972079427381824
2023-10-31,Minimum Variance,0.07889700074322836,0.14072787070588777,0.41851696076834216
2023-11-01,Minimum Variance,0.0973544072583763,0.1408982031675071,0.5490091819440264
2023-11-02,Minimum Variance,0.11186096065784312,0.1421630666297327,0.6461661445240016
2023-11-03,Minimum Variance,0.14559757067262535,0.1418878972233909,0.8851887520390992
2023-11-06,Minimum Variance,0.14998925899912585,0.141797879495251,0.9167221644064104
2023-11-07,Minimum Variance,0.11714091237804047,0.1391158333246684,0.6982735901192002
2023-11-08,Minimum Variance,0.11317419313024146,0.13909829723021214,0.6698442395454718
2023-11-09,Minimum Variance,0.0955069741632466,0.1391329358158753,0.5426966211880302
2023-11-10,Minimum Variance,0.12153433846826656,0.13845714299755865,0.7333268350774569
2023-11-13,Minimum Variance,0.06751860179198044,0.1291905462489867,0.3678179493134014
2023-11-14,Minimum Variance,0.07810395932134284,0.13088419499325088,0.4439341153784
2023-11-15,Minimum Variance,0.08924107020645722,0.1305858097735063,0.5302342599594239
2023-11-16,Minimum Variance,0.07273540275941848,0.12995207189301292,0.4058065561496744
2023-11-17,Minimum Variance,0.08517774864219918,0.12985637455873306,0.5019218260457423
2023-11-20,Minimum Variance,0.09520849533492193,0.13004991374613661,0.5783048459511657
2023-11-21,Minimum Variance,0.09078299774531873,0.13013045705967025,0.5439387468904514
2023-11-22,Minimum Variance,0.1002696499118243,0.12993177475690848,0.617783063934916
2023-11-24,Minimum Variance,0.09147995197057712,0.12958501239276443,0.5516066298927044
2023-11-27,Minimum Variance,0.08056280374014158,0.12928923028280237,0.46842883670719354
2023-11-28,Minimum Variance,0.08488951058827698,0.12933089477772636,0.5017324800837332
2023-11-29,Minimum Variance,0.09687341129657079,0.12887607912797017,0.5964909222621347
2023-11-30,Minimum Variance,0.09111263617577592,0.12874337994619905,0.5523595559281835
2023-12-01,Minimum Variance,0.07472781351432967,0.12669259053423346,0.4319732770760712
2023-12-04,Minimum Variance,0.06383632880500878,0.12682429933652303,0.34564613433180413
2023-12-05,Minimum Variance,0.06016715165683051,0.1268488956186014,0.3166535385345547
2023-12-06,Minimum Variance,0.07541417819800666,0.12603045724438774,0.4396887816613417
2023-12-07,Minimum Variance,0.08661747567141154,0.12595256329576074,0.5289092490716599
2023-12-08,Minimum Variance,0.08721792756506885,0.1259488381951787,0.5336923192646167
2023-12-11,Minimum Variance,0.08271395100160328,0.12577381145436095,0.4986248748958367
2023-12-12,Minimum Variance,0.09066285676712083,0.1256471905335123,0.5623910607716597
2023-12-13,Minimum Variance,0.10335975819484333,0.12655816910355092,0.6586675422480054
2023-12-14,Minimum Variance,0.10515483114089341,0.12669766981330224,0.6721104757993965
2023-12-15,Minimum Variance,0.10014116527667749,0.12686603230394,0.6316991539916599
2023-12-18,Minimum Variance,0.12639420803585755,0.1248016858931263,0.8525061762945095
2023-12-19,Minimum Variance,0.14266375184853253,0.12477932072681991,0.9830455169497275
2023-12-20,Minimum Variance,0.13422025261875392,0.1253201522089987,0.9114276563298992
2023-12-21,Minimum Variance,0.14913444086446237,0.12595322553166266,1.0252571168334232
2023-12-22,Minimum Variance,0.1364201377827876,0.1255568254994862,0.9272306568730826
2023-12-26,Minimum Variance,0.1542423794478096,0.1252199361476785,1.0720527703311593
2023-12-27,Minimum Variance,0.15863114288462077,0.12530784143247822,1.1063245627714509
2023-12-28,Minimum Variance,0.1587891334825864,0.12530920724865235,1.1075733102930392
2023-12-29,Minimum Variance,0.17050532067030955,0.12467592942302842,1.2071722373902776
2024-01-02,Minimum Variance,0.14223870698277064,0.12387341270756308,0.986803417383425
2024-01-03,Minimum Variance,0.14320731092570438,0.12381177210066946,0.9951179022421744
2024-01-04,Minimum Variance,0.13500894131759678,0.12375595096471316,0.9293204926394978
2024-01-05,Minimum Variance,0.11610776511454035,0.1226519333211164,0.7835813306172641
2024-01-08,Minimum Variance,0.13610094170498477,0.12264537792026978,0.9466393570939178
2024-01-09,Minimum Variance,0.10117540143724968,0.12082463259606312,0.671844802612664
2024-01-10,Minimum Variance,0.09910374702307911,0.12077980271692099,0.6549418465973107
2024-01-11,Minimum Variance,0.09514739120269167,0.12072032512750001,0.6224916237039949
2024-01-12,Minimum Variance,0.08749014067762118,0.12035406550098555,0.5607632812127025
2024-01-16,Minimum Variance,0.06162889397610272,0.12102478919190625,0.3439699771762686
2024-01-17,Minimum Variance,0.04628033281709021,0.12145398655490024,0.21638098149385027
2024-01-18,Minimum Variance,0.05386993973407872,0.12158057048578319,0.27858020075698886
2024-01-19,Minimum Variance,0.06914307857815305,0.12164337178097984,0.40399306479793795
2024-01-22,Minimum Variance,0.06994125019053654,0.12163765480709109,0.41057393181198626
2024-01-23,Minimum Variance,0.05795528136062189,0.12102288262368081,0.31362070162089406
2024-01-24,Minimum Variance,0.0545712870098678,0.12087924195343246,0.2859985424394541
2024-01-25,Minimum Variance,0.05855479911006389,0.12094651737761204,0.31877560384554426
2024-01-26,Minimum Variance,0.056906301489846545,0.12092920104865718,0.30518932705920127
2024-01-29,Minimum Variance,0.05487252280647614,0.12083691596177104,0.2885916321921746
2024-01-30,Minimum Variance,0.05183931813384146,0.12088947404525509,0.26337543764912386
2024-01-31,Minimum Variance,0.05789292485192532,0.12040744888008732,0.3147058193190567
2024-02-01,Minimum Variance,0.06304649534940077,0.12077279187240299,0.35642543889255773
2024-02-02,Minimum Variance,0.04791788703615252,0.12034515085819071,0.23198181926789635
2024-02-05,Minimum Variance,0.037602389475257514,0.12039794614735165,0.1462017421270164
2024-02-06,Minimum Variance,0.0636851485465979,0.12013550504089798,0.36363228782137363
2024-02-07,Minimum Variance,0.07637714320412803,0.11968117907340088,0.47106106106751944
2024-02-08,Minimum Variance,0.06695731945850514,0.11948925483724487,0.392983616162518
2024-02-09,Minimum Variance,0.07704048861725754,0.11938300063031834,0.47779406042816125
2024-02-12,Minimum Variance,0.08190887357403254,0.1193924943720783,0.5185323742470602
2024-02-13,Minimum Variance,0.06871885996576133,0.12048971242175423,0.4043404120281161
2024-02-14,Minimum Variance,0.06970306366653722,0.12056791311526294,0.41224122058927143
2024-02-15,Minimum Variance,0.07997519835633526,0.1209032538098137,0.49605942326977376
2024-02-16,Minimum Variance,0.0823839078072004,0.12086388825148514,0.5161500983436534
2024-02-20,Minimum Variance,0.09027589556505577,0.12064986906467036,0.5824780093825607
2024-02-21,Minimum Variance,0.09534263853640068,0.12059590435334497,0.6247528797963767
2024-02-22,Minimum Variance,0.12479493156668564,0.12007910123054104,0.8727158222602684
2024-02-23,Minimum Variance,0.129727954579129,0.12001166469000842,0.9143107452309542
2024-02-26,Minimum Variance,0.11881783044249761,0.11998447714379713,0.8235884573974344
2024-02-27,Minimum Variance,0.1398233477441586,0.11873415165903328,1.0091734018385303
2024-02-28,Minimum Variance,0.127268908222131,0.1186946790061419,0.9037381382242107
2024-02-29,Minimum Variance,0.13637167969671204,0.11858590020656042,0.9813281300222749
2024-03-01,Minimum Variance,0.14212683939345383,0.11890485730252955,1.0270971444230121
2024-03-04,Minimum Variance,0.13652735401008798,0.11884976305610195,0.9804592875383545
2024-03-05,Minimum Variance,0.11356434228724921,0.11830282784212823,0.7908884681278132
2024-03-06,Minimum Variance,0.12698520168790361,0.11864280261916473,0.901742030077617
2024-03-07,Minimum Variance,0.15349725018182525,0.11776102580682742,1.1336284587127425
2024-03-08,Minimum Variance,0.14734717603518166,0.11771478054743492,1.0818282584646643
2024-03-11,Minimum Variance,0.1630973142302623,0.11664921739577148,1.226731884061912
2024-03-12,Minimum Variance,0.18306837473889748,0.11641525322838918,1.4007474984311714
2024-03-13,Minimum Variance,0.18137006141066303,0.11643956089628421,1.3858697178908088
2024-03-14,Minimum Variance,0.1630549786238471,0.11635544343239404,1.229465286744116
2024-03-15,Minimum Variance,0.17633008632602176,0.11540302155805855,1.3546446550134137
2024-03-18,Minimum Variance,0.16187218912479784,0.1146093418892625,1.2378763090872398
2024-03-19,Minimum Variance,0.17305748486047223,0.11418909135208619,1.3403862229583803
2024-03-20,Minimum Variance,0.17420305776699263,0.11426166520137523,1.349560742837281
2024-03-21,Minimum Variance,0.1643363904636168,0.11384672867384014,1.2678132445696055
2024-03-22,Minimum Variance,0.1664016917218647,0.11375253807419272,1.2870191223898428
2024-03-25,Minimum Variance,0.15817713399778444,0.11369550335041229,1.2153262875482347
2024-03-26,Minimum Variance,0.15508156233737314,0.11369672382478735,1.1880866729769712
2024-03-27,Minimum Variance,0.16403849823335692,0.11392801804056062,1.2642938998734832
2024-03-28,Minimum Variance,0.16141137302519049,0.11389297990739522,1.2416162360504581
2024-04-01,Minimum Variance,0.1452789258890821,0.11357259036762006,1.103073597983194
2024-04-02,Minimum Variance,0.12981666740695808,0.11332887298528614,0.9690087310867014
2024-04-03,Minimum Variance,0.12417017924652685,0.11313608057062664,0.9207511761157156
2024-04-04,Minimum Variance,0.11232969857197239,0.11334755705723884,0.8145715793887578
2024-04-05,Minimum Variance,0.11854638600402723,0.11339954508230068,0.8690192357694764
2024-04-08,Minimum Variance,0.13025101628604663,0.1133314566695681,0.9728191935933296
2024-04-09,Minimum Variance,0.1300514984782466,0.113325453967459,0.9711101489154192
2024-04-10,Minimum Variance,0.11163452673941432,0.11457542438424961,0.7997747093835864
2024-04-11,Minimum Variance,0.11350159754488454,0.11462403208215223,0.8157242058791909
2024-04-12,Minimum Variance,0.09772405614172497,0.11579239937254386,0.6712362517997404
2024-04-15,Minimum Variance,0.07614934270230767,0.11557639544023457,0.4858201580732193
2024-04-16,Minimum Variance,0.07134526005681519,0.11586161082168783,0.4431602468900251
2024-04-17,Minimum Variance,0.06665024915722384,0.11586401862673323,0.40262930381788303
2024-04-18,Minimum Variance,0.06493640042569093,0.1158588248297945,0.38785479217233515
2024-04-19,Minimum Variance,0.06649429711526822,0.11581719977959479,0.4014455297118986
2024-04-22,Minimum Variance,0.07974468183340222,0.11619570515373019,0.5141728926586255
2024-04-23,Minimum Variance,0.09147542034723877,0.11655226493410314,0.6132478025000189
2024-04-24,Minimum Variance,0.09146531796786128,0.11655226325389352,0.6131611345219753
2024-04-25,Minimum Variance,0.10475102985922269,0.11563475200010905,0.732920064196123
2024-04-26,Minimum Variance,0.11404672531546334,0.1158932386998679,0.8114944958870196
2024-04-29,Minimum Variance,0.10478393882464099,0.11514739245247597,0.7363079355846751
2024-04-30,Minimum Variance,0.08372184179337627,0.11593044014035674,0.5496558256505226
2024-05-01,Minimum Variance,0.08892341974197482,0.11578389979653353,0.5952763714393244
2024-05-02,Minimum Variance,0.11326330630689663,0.1166390540158169,0.799589014964487
2024-05-03,Minimum Variance,0.12480094414983722,0.11699389420896147,0.8957813128491426
2024-05-06,Minimum Variance,0.1306553209352499,0.11707161524857754,0.945193424557234
2024-05-07,Minimum Variance,0.11688885698681117,0.11640827596744122,0.8323193190655145
2024-05-08,Minimum Variance,0.11712603172195712,0.11640456000314732,0.8343833928785183
2024-05-09,Minimum Variance,0.13042217854609683,0.11648402509224193,0.9479598464995967
2024-05-10,Minimum Variance,0.129117070634867,0.11647386615111663,0.9368373716838357
2024-05-13,Minimum Variance,0.13383087277571626,0.11647834084709793,0.9772707264532808
2024-05-14,Minimum Variance,0.14687676424959006,0.11645124606220103,1.089526892497315
2024-05-15,Minimum Variance,0.15153106882008882,0.11675825337237955,1.1265248067782756
2024-05-16,Minimum Variance,0.1590268272924109,0.11645552684062578,1.193819057490289
2024-05-17,Minimum Variance,0.15523364993347388,0.11635468910920088,1.1622535453346
2024-05-20,Minimum Variance,0.15474795133250296,0.11636118929006901,1.1580145592754199
2024-05-21,Minimum Variance,0.15183006591435522,0.11638481583292579,1.1327084634786173
2024-05-22,Minimum Variance,0.14231682404956425,0.11653429721998283,1.049620815223742
2024-05-23,Minimum Variance,0.1461468354555311,0.11623272436074193,1.085295351625929
2024-05-24,Minimum Variance,0.16342158214594682,0.115835707795877,1.238146551482044
2024-05-28,Minimum Variance,0.16074025184894003,0.11585601147940296,1.2147859230762579
2024-05-29,Minimum Variance,0.13191883112927405,0.11591309277306583,0.9655408931964939
2024-05-30,Minimum Variance,0.1402382659793886,0.11580191440779959,1.0383098292828412
2024-05-31,Minimum Variance,0.15215069375484602,0.11569552937523445,1.1422281782923753
2024-06-03,Minimum Variance,0.14299687032985586,0.11515579284257312,1.068091038181658
2024-06-04,Minimum Variance,0.12579434980713433,0.11462693338398212,0.922944954417824
2024-06-05,Minimum Variance,0.13977602354326324,0.1149338225493826,1.0421303397596484
2024-06-06,Minimum Variance,0.13512133353018685,0.11478143626255466,1.0029612564426769
2024-06-07,Minimum Variance,0.13169507140162962,0.11498127441588443,0.9714196678463599
2024-06-10,Minimum Variance,0.12588403719686858,0.11477156593991546,0.9225633224548001
2024-06-11,Minimum Variance,0.12046137089201281,0.11486389605335363,0.8746122527948126
2024-06-12,Minimum Variance,0.12661585567742684,0.11517995156377525,0.9256459499237897
2024-06-13,Minimum Variance,0.11522624649873348,0.11510634371434805,0.8272892998412865
2024-06-14,Minimum Variance,0.10672086641901135,0.1150679680604417,0.7536490639467929
2024-06-17,Minimum Variance,0.10011166150293027,0.11471542144349135,0.6983512808902782
2024-06-18,Minimum Variance,0.10914318461944927,0.11476832715153705,0.7767228714743483
2024-06-20,Minimum Variance,0.11953128641830779,0.11423829490484667,0.8712602591032289
2024-06-21,Minimum Variance,0.11855695162585023,0.11426230477121,0.8625500056487837
2024-06-24,Minimum Variance,0.12652333130295057,0.11418099488685451,0.932933991409935
2024-06-25,Minimum Variance,0.13737159243379637,0.11367558856474587,1.0325136110198838
2024-06-26,Minimum Variance,0.1314998024973415,0.11373063045945268,0.980384985530292
2024-06-27,Minimum Variance,0.12444501222922866,0.11346516182305319,0.9205029151776887
2024-06-28,Minimum Variance,0.12619241461355246,0.11345772972203913,0.9359645647212753
2024-07-01,Minimum Variance,0.12946233342798363,0.11341012572004676,0.9651901250704168
2024-07-02,Minimum Variance,0.12241007838508189,0.1130351707694139,0.9060018902788525
2024-07-03,Minimum Variance,0.12905467630243495,0.11333069689372288,0.9622695288347355
2024-07-05,Minimum Variance,0.1422998408935221,0.11320262262039768,1.0803622571857732
2024-07-08,Minimum Variance,0.15902852895901032,0.11210306340277294,1.2401849221505874
2024-07-09,Minimum Variance,0.15419770178397751,0.1120432754458397,1.1977309771602223
2024-07-10,Minimum Variance,0.16233758215374694,0.1123603164015261,1.2667958467213223
2024-07-11,Minimum Variance,0.15812850310238336,0.11216039758670743,1.2315265109113123
2024-07-12,Minimum Variance,0.14792298182745345,0.11128758695973143,1.14948113551731
2024-07-15,Minimum Variance,0.1288533373928391,0.11079737271234068,0.9824541388309919
2024-07-16,Minimum Variance,0.1410958809310796,0.11083951315324218,1.0925334971803546
2024-07-17,Minimum Variance,0.13082894377481735,0.11120794482229962,0.9965919606905075
2024-07-18,Minimum Variance,0.11910937346496997,0.11159416649053004,0.8881232467772449
2024-07-19,Minimum Variance,0.10980023272222272,0.11181085214897371,0.8031441581589536
2024-07-22,Minimum Variance,0.12795436854703546,0.11190262976672741,0.9647169934440101
2024-07-23,Minimum Variance,0.1220088155424528,0.11202825746416037,0.9105632619081578
2024-07-24,Minimum Variance,0.10018283819800655,0.11305807562523504,0.7092181408057631
2024-07-25,Minimum Variance,0.09228010606231551,0.11313585459838546,0.6388788622218707
2024-07-26,Minimum Variance,0.10194600396425635,0.11369158515345706,0.7207745749489586
2024-07-29,Minimum Variance,0.11087483322145819,0.11327762283432305,0.8022311110321355
2024-07-30,Minimum Variance,0.09674747991910082,0.11266459400239932,0.6812031818751008
2024-07-31,Minimum Variance,0.11075343652582936,0.11349212606411802,0.7996452236215726
2024-08-01,Minimum Variance,0.10570311116634334,0.11400130094858645,0.7517730977911793
2024-08-02,Minimum Variance,0.11102551058401833,0.11336422674367855,0.8029473952998504
2024-08-05,Minimum Variance,0.08695318303271549,0.11615886865824629,0.5763932087673822
2024-08-06,Minimum Variance,0.09290288150787807,0.11631841290505833,0.6267527185690112
2024-08-07,Minimum Variance,0.08961134270443294,0.11627058692607886,0.5987012239706815
2024-08-08,Minimum Variance,0.11545561697492834,0.11745771118524789,0.8126807172700731
2024-08-09,Minimum Variance,0.12076970716989743,0.11753089507085342,0.8573890899847949
2024-08-12,Minimum Variance,0.12109281359794766,0.11752925457684357,0.860150215041572
2024-08-13,Minimum Variance,0.14397460005484364,0.11802515802010279,1.050408253075395
2024-08-14,Minimum Variance,0.14761163217938233,0.11798726995215439,1.0815711918000204
2024-08-15,Minimum Variance,0.17240620886196512,0.11780774198318826,1.293685850321401
2024-08-16,Minimum Variance,0.1891452891201173,0.11755924540101566,1.4388089047622958
2024-08-19,Minimum Variance,0.2057154597231019,0.11781332998962538,1.5763535394463086
2024-08-20,Minimum Variance,0.20284258304486635,0.11787795959334493,1.5511176446863877
2024-08-21,Minimum Variance,0.20838691486346694,0.11797366762120112,1.5968556260228688
2024-08-22,Minimum Variance,0.2007528465221975,0.11821853741316385,1.528972109428841
2024-08-23,Minimum Variance,0.20281276225010947,0.11843112670608787,1.5436208987844757
2024-08-26,Minimum Variance,0.20833153072403365,0.11814005992736622,1.5941377619058423
2024-08-27,Minimum Variance,0.20606941548640423,0.11810160418480495,1.5755028627320211
2024-08-28,Minimum Variance,0.19049628776571614,0.11799182008005198,1.4449839628716832
2024-08-29,Minimum Variance,0.17663470355664912,0.11739076689208083,1.3343017317592436
2024-08-30,Minimum Variance,0.18187897510170914,0.11744219099667935,1.3783715522327598
2024-09-03,Minimum Variance,0.1703628256264207,0.11832979710665695,1.2707097392459032
2024-09-04,Minimum Variance,0.1661947772865715,0.11832870363801537,1.235497159960465
2024-09-05,Minimum Variance,0.1756053172510248,0.11799938763385336,1.3186959726762388
2024-09-06,Minimum Variance,0.16251411849027497,0.11893397352453637,1.1982624835188405
2024-09-09,Minimum Variance,0.17865368698026352,0.11916051914684381,1.3314282961855137
2024-09-10,Minimum Variance,0.1785012356160478,0.11916076031738593,1.3301462259377845
2024-09-11,Minimum Variance,0.17652814342527123,0.11907402486817696,1.314544827039806
2024-09-12,Minimum Variance,0.18849762116928304,0.11920037581290283,1.4135661907119932
2024-09-13,Minimum Variance,0.1964755855822713,0.11924050855459686,1.4799969215282918
2024-09-16,Minimum Variance,0.19146524139061527,0.11903435600192418,1.4404685096783618
2024-09-17,Minimum Variance,0.19509899363443317,0.11892101490283863,1.472397404087859
2024-09-18,Minimum Variance,0.19332217416509923,0.11895866514870301,1.4569949481901103
2024-09-19,Minimum Variance,0.2160229638320692,0.11987026385804794,1.6352926699502586
2024-09-20,Minimum Variance,0.21498789526570472,0.11990442496814825,1.6261943236665524
2024-09-23,Minimum Variance,0.24473376822997417,0.11836465498786262,1.8986560494179523
2024-09-24,Minimum Variance,0.2563561372137182,0.11894227725501359,1.9871499240507053
2024-09-25,Minimum Variance,0.25329009723554496,0.11906916852189581,1.9592821561750045
2024-09-26,Minimum Variance,0.29173999163636677,0.11934592597240799,2.276910497130763
2024-09-27,Minimum Variance,0.29015956362818685,0.11937407622241666,2.263134276531096
2024-09-30,Minimum Variance,0.27779293823406337,0.11939783784650038,2.159108932654926
2024-10-01,Minimum Variance,0.2755237038999072,0.11944025948572558,2.139343174572097
2024-10-02,Minimum Variance,0.2933557787507812,0.11907411730520683,2.295677557282451
2024-10-03,Minimum Variance,0.3010754602079708,0.11846257310091225,2.372694200796541
2024-10-04,Minimum Variance,0.3037782209393196,0.11852458433293739,2.394256200402966
2024-10-07,Minimum Variance,0.2955760659267541,0.1185522158602732,2.3245121478922903
2024-10-08,Minimum Variance,0.27655573926209676,0.11843460493719395,2.166222780902158
2024-10-09,Minimum Variance,0.2733253604721977,0.11842786784526152,2.139068827982227
2024-10-10,Minimum Variance,0.25912178087945636,0.11811938112634858,2.024407667897238
2024-10-11,Minimum Variance,0.2582823764067499,0.11808533926471386,2.0178828116214187
2024-10-14,Minimum Variance,0.27487809957175147,0.11750623527044246,2.1690602118699953
2024-10-15,Minimum Variance,0.2651605660194738,0.11804729196427428,2.0767995770175647
2024-10-16,Minimum Variance,0.26459473122027566,0.1180282503600775,2.0723405665514187
2024-10-17,Minimum Variance,0.26461339796919314,0.11802790246221265,2.0725048303515146
2024-10-18,Minimum Variance,0.2929849319135318,0.11704216890898787,2.332363920270524
2024-10-21,Minimum Variance,0.29416977090650787,0.11695928370414171,2.3441471444032027
2024-10-22,Minimum Variance,0.30283266575342993,0.11657937200865047,2.4260952935348037
2024-10-23,Minimum Variance,0.2951379293492722,0.11678483722685945,2.3559388006407476
2024-10-24,Minimum Variance,0.28582622973808713,0.11648989009978145,2.2819682421400604
2024-10-25,Minimum Variance,0.29904657807281,0.11571077342123559,2.411586836922814
2024-10-28,Minimum Variance,0.3095216924514492,0.11569081797840702,2.50254685298782
2024-10-29,Minimum Variance,0.311113100889286,0.11564558173279871,2.5172868390416183
2024-10-30,Minimum Variance,0.29222557324359144,0.11549059917776766,2.357123221991178
2024-10-31,Minimum Variance,0.27649140233908676,0.11606710507222745,2.209854395691825
2024-11-01,Minimum Variance,0.2635557391201073,0.1156961701901183,2.105132250444273
2024-11-04,Minimum Variance,0.24224105520686212,0.11404791025800683,1.9486639843210938
2024-11-05,Minimum Variance,0.23934291332258062,0.11379593890351442,1.927510906242073
2024-11-06,Minimum Variance,0.23297752621969514,0.11398917735081794,1.868401291854458
2024-11-07,Minimum Variance,0.2532330966239391,0.11484508394396693,2.0308496333873016
2024-11-08,Minimum Variance,0.2435207077519317,0.115210593885753,1.940105507776333
2024-11-11,Minimum Variance,0.24990259034078832,0.11493410343175066,2.000299158180735
2024-11-12,Minimum Variance,0.2221435361221653,0.11569646647035571,1.7471885035828598
2024-11-13,Minimum Variance,0.21907882703112813,0.11575178244846032,1.719876988674192
2024-11-14,Minimum Variance,0.18248013399883978,0.11278858843182142,1.4405724573550804
2024-11-15,Minimum Variance,0.17600056468448488,0.11287377748771604,1.3820797722612084
2024-11-18,Minimum Variance,0.18663720448746024,0.11302190136801747,1.4743797659611364
2024-11-19,Minimum Variance,0.1818604854444701,0.11293911936991609,1.433165818429299
2024-11-20,Minimum Variance,0.17123194497619387,0.1127372701589891,1.341454735979656
2024-11-21,Minimum Variance,0.1780982704421581,0.11263521555934926,1.4036309129168723
2024-11-22,Minimum Variance,0.17959555244580994,0.11265442689067107,1.4166824762305554
2024-11-25,Minimum Variance,0.18316580507307223,0.11272862572952917,1.447421220804709
2024-11-26,Minimum Variance,0.1826157374184998,0.11273620734898954,1.4424446346248079
2024-11-27,Minimum Variance,0.1811223728550304,0.11270947210180585,1.4295371085537087
2024-11-29,Minimum Variance,0.18700937844293897,0.1128111762350061,1.4804329146877098
2024-12-02,Minimum Variance,0.18637459178276883,0.11281119487276851,1.4748056872406197
2024-12-03,Minimum Variance,0.176945719434765,0.11246059419969366,1.3955618903816225
2024-12-04,Minimum Variance,0.18711923921918294,0.11224433479629767,1.4888879650137612
2024-12-05,Minimum Variance,0.19319939740123493,0.11222070619984184,1.5433818166569249
2024-12-06,Minimum Variance,0.1928118108948793,0.1122229602377029,1.5398970988542926
2024-12-09,Minimum Variance,0.19347180291672617,0.11224348293814548,1.5454955457175368
2024-12-10,Minimum Variance,0.18142454604501967,0.11278032703088124,1.431318300760192
2024-12-11,Minimum Variance,0.18243608730264405,0.1128052952962979,1.439968636897624
2024-12-12,Minimum Variance,0.1735289539857996,0.11298034585012506,1.3588996637473973
2024-12-13,Minimum Variance,0.15359163268813592,0.11193642039693302,1.1934599321151442
2024-12-16,Minimum Variance,0.13754453703485492,0.11138595961923582,1.0552904283149485
2024-12-17,Minimum Variance,0.14186237119517098,0.11120913664580738,1.0957945980939798
2024-12-18,Minimum Variance,0.10969258710601659,0.11461041754903277,0.782586688227047
2024-12-19,Minimum Variance,0.09877565613783079,0.1144248807907846,0.6884486625060581
2024-12-20,Minimum Variance,0.11860480323276956,0.1138266393088225,0.8662717605607713
2024-12-23,Minimum Variance,0.11005082100929808,0.11322179550809414,0.7953488160577741
2024-12-24,Minimum Variance,0.11680017821141941,0.11332936204224182,0.8541491495852469
2024-12-26,Minimum Variance,0.11143908787214696,0.1132114556343435,0.8076840577642768
2024-12-27,Minimum Variance,0.09921788469809423,0.1132661855447453,0.6993957138849666
2024-12-30,Minimum Variance,0.08896575912817695,0.11352455447533838,0.6074964085691152
2024-12-31,Minimum Variance,0.09069388455049121,0.11349877949041562,0.6228603062331691
2025-01-02,Minimum Variance,0.09551575856189887,0.11327299244635791,0.6666704651389912
2025-01-03,Minimum Variance,0.1139347497686376,0.11325099159871503,0.8294386516409398
2025-01-06,Minimum Variance,0.11995127165128228,0.11325713507545328,0.8825163340454756
2025-01-07,Minimum Variance,0.1127871926315771,0.11346276513301376,0.8177765853211982
2025-01-08,Minimum Variance,0.10122929353741306,0.11312213867866375,0.7180671660403634
2025-01-10,Minimum Variance,0.09186880335012981,0.11407889593493475,0.6299921011781215
2025-01-13,Minimum Variance,0.08832051615823966,0.11406968234161184,0.5989366741079878
2025-01-14,Minimum Variance,0.09432518237313481,0.1142132189103479,0.6507581441293292
2025-01-15,Minimum Variance,0.10520318376692606,0.11488195668428638,0.7416585356487072
2025-01-16,Minimum Variance,0.12627212643427121,0.11387404026128056,0.9332427846630629
2025-01-17,Minimum Variance,0.14485617317164934,0.11344751010555547,1.1005633623468585
2025-01-21,Minimum Variance,0.15415680059146042,0.1141301814136202,1.175471719485502
2025-01-22,Minimum Variance,0.14293686304729714,0.11391282351158649,1.0792188206518538
2025-01-23,Minimum Variance,0.14933303809102894,0.11400994997221481,1.134401323064772
2025-01-24,Minimum Variance,0.15209598999520413,0.11404754904247487,1.158253650378821
2025-01-27,Minimum Variance,0.1401370305399947,0.11420995921142979,1.0518962739282
2025-01-28,Minimum Variance,0.13751438643551284,0.11415747507040475,1.029405970682496
2025-01-29,Minimum Variance,0.1333520189998052,0.11420750235040324,0.992509394453148
2025-01-30,Minimum Variance,0.14059446388722874,0.11464062079126357,1.0519348469580068
2025-01-31,Minimum Variance,0.13553523915404497,0.11487857823940367,1.005716130236856
2025-02-03,Minimum Variance,0.1351980391705847,0.11489865218811009,1.002605661396136
2025-02-04,Minimum Variance,0.13392258630506082,0.11479366415444317,0.9924117950603057
2025-02-05,Minimum Variance,0.14378789487166665,0.11482484047624575,1.0780584963867215
2025-02-06,Minimum Variance,0.15426435130205762,0.11471232514313856,1.1704439879021018
2025-02-07,Minimum Variance,0.13473049198918563,0.11437670581106897,1.0030931663541793
2025-02-10,Minimum Variance,0.14094114492629561,0.11455991417014835,1.0557021258471757
2025-02-11,Minimum Variance,0.14374791561953382,0.1145418824068077,1.080372637670035
2025-02-12,Minimum Variance,0.14021000717108079,0.11449965020498921,1.0498722655996615
2025-02-13,Minimum Variance,0.14788305326881335,0.11483363459011506,1.1136376003883934
2025-02-14,Minimum Variance,0.16984223084997518,0.11355074720296311,1.3196058550116265
2025-02-18,Minimum Variance,0.16325374877738508,0.11317916363836865,1.2657254583989601
2025-02-19,Minimum Variance,0.14915941315342307,0.11289676169174963,1.1440488745467878
2025-02-20,Minimum Variance,0.15454542745444022,0.11294151776927758,1.1912840389598462
2025-02-21,Minimum Variance,0.14513884977687463,0.11324769738943469,1.1050012729755452
2025-02-24,Minimum Variance,0.137775356193917,0.1133887580381065,1.0386863586100512
2025-02-25,Minimum Variance,0.12935508298043108,0.1129186371286022,0.9684413995883371
2025-02-26,Minimum Variance,0.1317816026197638,0.11294553265489606,0.9896947669573737
2025-02-27,Minimum Variance,0.12232447650934519,0.1135865388910172,0.9008503781202664
2025-02-28,Minimum Variance,0.12190503339429615,0.11358316962941292,0.8971842723422937
2025-03-03,Minimum Variance,0.12438153063929858,0.11350575800109151,0.9196144096786244
2025-03-04,Minimum Variance,0.11895592980104475,0.11350425124689519,0.8718257573083774
2025-03-05,Minimum Variance,0.12939107239543057,0.11472481339541767,0.9535083924555755
2025-03-06,Minimum Variance,0.11581931192682582,0.11546668720870693,0.8298437778303249
2025-03-07,Minimum Variance,0.13066668068006027,0.11541237999073009,0.9588805004190105
2025-03-10,Minimum Variance,0.09581605212784772,0.1170758353780199,0.6475807059847092
2025-03-11,Minimum Variance,0.08504959788346556,0.11687828744814484,0.5565584447181944
2025-03-12,Minimum Variance,0.0910205306218268,0.11693992782789114,0.6073249055391311
2025-03-13,Minimum Variance,0.08342742240367662,0.11727794162036798,0.5408299423347059
2025-03-14,Minimum Variance,0.09498848174147922,0.11842990229619638,0.6331887495265428
2025-03-17,Minimum Variance,0.1110533234108344,0.11903820068319518,0.7649084318164475
2025-03-18,Minimum Variance,0.11325761479268115,0.11893831921551741,0.7840838462135775
2025-03-19,Minimum Variance,0.12210794738840347,0.11893750218725013,0.8585008555808501
2025-03-20,Minimum Variance,0.11338178980029778,0.11911210218586255,0.7839823837092961
2025-03-21,Minimum Variance,0.10754164649994413,0.11923048654922319,0.7342220017176847
2025-03-24,Minimum Variance,0.10501119711484952,0.1190758863658151,0.7139245376153248
2025-03-25,Minimum Variance,0.10261258649295635,0.11906772094885872,0.6938285694444394
2025-03-26,Minimum Variance,0.09884483923212661,0.11925837849909683,0.6611262053401449
2025-03-27,Minimum Variance,0.1023211502416046,0.11923606708960291,0.6904047764318016
2025-03-28,Minimum Variance,0.08926147482724511,0.11994147697388924,0.5774605797319224
2025-03-31,Minimum Variance,0.08044426520563963,0.11970626617627944,0.5049381885876334
2025-04-01,Minimum Variance,0.08151839515418113,0.11971801354828161,0.5138608078338278
2025-04-02,Minimum Variance,0.0893668195782098,0.11968303130031724,0.579587756297295
2025-04-03,Minimum Variance,0.06373678367877522,0.12284293027748866,0.3560382643101938
2025-04-04,Minimum Variance,0.0031428681971950034,0.13460243831431798,-0.12523645198343977
2025-04-07,Minimum Variance,-0.013369686400073855,0.1364502337847975,-0.24455572903380188
2025-04-08,Minimum Variance,-0.03026327627645331,0.13698642065419267,-0.36692159731173274
2025-04-09,Minimum Variance,0.0373820099363118,0.15616985276724973,0.11130195507206733
2025-04-10,Minimum Variance,0.007883742099486835,0.15802603678437357,-0.07667254173466231
2025-04-11,Minimum Variance,0.047556670011237534,0.15871977223837383,0.17361838177194114
2025-04-14,Minimum Variance,0.05442219138114246,0.15903723129175928,0.21644108804933707
2025-04-15,Minimum Variance,0.07442442533069893,0.15819941503335108,0.3440241882008562
2025-04-16,Minimum Variance,0.07350463252044803,0.1582483732190495,0.33810541891881696
2025-04-17,Minimum Variance,0.09209998265800201,0.1581289128651307,0.4559569869394891
2025-04-21,Minimum Variance,0.08317196410664196,0.1584616863371391,0.39865765389015784
2025-04-22,Minimum Variance,0.10389741425583376,0.15954987372540583,0.5258381739632453
2025-04-23,Minimum Variance,0.11571525853374687,0.15972382032707244,0.5992547532218248
2025-04-24,Minimum Variance,0.11892324612914429,0.15992438486829494,0.6185626176434076
2025-04-25,Minimum Variance,0.11084052547206902,0.15967426993421918,0.5689114815398403
2025-04-28,Minimum Variance,0.11441152744444882,0.1597051008504614,0.5911616281614592
2025-04-29,Minimum Variance,0.12117978477289548,0.15970851414913786,0.6335278072802837
2025-04-30,Minimum Variance,0.112879780983701,0.15952230395084266,0.5822369579887852
2025-05-01,Minimum Variance,0.1067368496607759,0.15941216634454627,0.5441043281057154
2025-05-02,Minimum Variance,0.14380631121724408,0.15984748592798353,0.7745277349749674
2025-05-05,Minimum Variance,0.1460253568038452,0.1598423779885691,0.7884351971594026
2025-05-06,Minimum Variance,0.1231054930055262,0.15916955076610623,0.6477714645123043
2025-05-07,Minimum Variance,0.10874952016656803,0.15894959040968915,0.558350102934006
2025-05-08,Minimum Variance,0.10297209543306929,0.15889071509519775,0.5221959973139865
2025-05-09,Minimum Variance,0.1067575994020542,0.1589308367900242,0.5458827321011112
2025-05-12,Minimum Variance,0.12628725976294808,0.1596928526581255,0.6655730547345818
2025-05-13,Minimum Variance,0.11921439392724298,0.15955285600005178,0.6218277529749187
2025-05-14,Minimum Variance,0.11776508258519969,0.15955441632571013,0.6127381794661494
2025-05-15,Minimum Variance,0.12238936869093608,0.15966661951162403,0.641269721900024
2025-05-16,Minimum Variance,0.1196935389298488,0.15960152823008522,0.6246402527307151
2025-05-19,Minimum Variance,0.11132214394675533,0.15926436034144945,0.573399747130923
2025-05-20,Minimum Variance,0.11255936586690485,0.15925362231175935,0.5812072876164037
2025-05-21,Minimum Variance,0.09842183908560065,0.15959903334799125,0.4913678826275152
2025-05-22,Minimum Variance,0.0984457532167764,0.15959878487800078,0.491518486664803
2025-05-23,Minimum Variance,0.10065693766784589,0.1595839115704424,0.5054202323662361
2025-05-27,Minimum Variance,0.11909286970772737,0.1598143470158128,0.6200498988862536
2025-05-28,Minimum Variance,0.12128733178230089,0.1597183050301143,0.6341623257472181
2025-05-29,Minimum Variance,0.1209422990703184,0.1597098967561813,0.6320353410810879
2025-05-30,Minimum Variance,0.1189455636235468,0.1597427113447815,0.6194058106975983
2025-06-02,Minimum Variance,0.14043686384838638,0.15934671267800582,0.7558164321328352
2025-06-03,Minimum Variance,0.1371188676246673,0.15933914657743084,0.7350288371712433
2025-06-04,Minimum Variance,0.1383858616411937,0.15937143033398607,0.7428298873461754
2025-06-05,Minimum Variance,0.13355138040411907,0.1593290248140565,0.7126848390407095
2025-06-06,Minimum Variance,0.14243019030880943,0.15934006228695802,0.7683578665127103
2025-06-09,Minimum Variance,0.13506513206534176,0.1591050658851316,0.7232021898561976
2025-06-10,Minimum Variance,0.13717714088788302,0.1591415320590437,0.7363077342023369
2025-06-11,Minimum Variance,0.14656252795060576,0.1588790284977866,0.7965968142382552
2025-06-12,Minimum Variance,0.1488842313885248,0.15891719266269907,0.8110150275689864
2025-06-13,Minimum Variance,0.13903020030840896,0.15940041259072957,0.7467370904115936
2025-06-16,Minimum Variance,0.1358455136207286,0.1592609715282569,0.7273942417221453
2025-06-17,Minimum Variance,0.12892455384226298,0.15954224055830316,0.6827317546819681
2025-06-18,Minimum Variance,0.13311203336797162,0.15950724581091977,0.7091341386588472
2025-06-20,Minimum Variance,0.12285133306945406,0.15956365088943036,0.6445787151155428
2025-06-23,Minimum Variance,0.1269959909665992,0.15971744158824447,0.6699079944095118
2025-06-24,Minimum Variance,0.14497882008604535,0.1603147433927282,0.7795840696939563
2025-06-25,Minimum Variance,0.14359660600966273,0.1603471155050661,0.7708065444168076
2025-06-26,Minimum Variance,0.14870245341261157,0.16046961719282257,0.8020362711899591
2025-06-27,Minimum Variance,0.15287562609975702,0.16048035233156033,0.8279868791989529
2025-06-30,Minimum Variance,0.16041974251192692,0.16045454945932594,0.8751371836142441
2025-07-01,Minimum Variance,0.15928657824752168,0.16044837435749068,0.868108379441608
2025-07-02,Minimum Variance,0.16243462040152812,0.16047295203513118,0.8875926976799551
2025-07-03,Minimum Variance,0.16591895303174842,0.16049053835338994,0.9092059540011274
2025-07-07,Minimum Variance,0.14893794539512517,0.16084673905137728,0.8016198908076099
2025-07-08,Minimum Variance,0.14272033651888583,0.16065051999239463,0.763896291930431
2025-07-09,Minimum Variance,0.14070913773450933,0.16061009139172747,0.7515663348954839
2025-07-10,Minimum Variance,0.1440285400530188,0.16061215345955512,0.7722238783396381
2025-07-11,Minimum Variance,0.13838488085578016,0.1607027389585439,0.7366699635798966
2025-07-14,Minimum Variance,0.1300840672924839,0.16047615652713265,0.6859839472406066
2025-07-15,Minimum Variance,0.11979606272338494,0.16048661895802627,0.6218341651866044
2025-07-16,Minimum Variance,0.11742827386823218,0.16041463660671748,0.6073527698541212
2025-07-17,Minimum Variance,0.1267701814695743,0.16036300665892372,0.6658030657698002
2025-07-18,Minimum Variance,0.11824217961954986,0.16026577114615523,0.612995394568422
2025-07-21,Minimum Variance,0.1331670191044605,0.16006665989665234,0.7069993162694044
2025-07-22,Minimum Variance,0.14850849940131106,0.1598400507519691,0.8039818480833906
2025-07-23,Minimum Variance,0.1705359745001902,0.1601131180040048,0.9401851414599581
2025-07-24,Minimum Variance,0.15476083394564322,0.15996188259452335,0.8424559136206182
2025-07-25,Minimum Variance,0.16003900049616426,0.15987171275851572,0.8759460825173712
2025-07-28,Minimum Variance,0.16689615179821793,0.1593967029996061,0.921575848394938
2025-07-29,Minimum Variance,0.1741116085057013,0.1593181707271452,0.9673197212993309
2025-07-30,Minimum Variance,0.152252183810488,0.15910023071266194,0.8312507355777377
2025-07-31,Minimum Variance,0.1448151647225624,0.15931207230553363,0.783463317727661
2025-08-01,Minimum Variance,0.13828793585394306,0.15945868231179702,0.741809314733011
2025-08-04,Minimum Variance,0.13577324228501775,0.15928339967869212,0.7268380918448285
2025-08-05,Minimum Variance,0.15329229260133825,0.15855168870460123,0.8406866788386976
2025-08-06,Minimum Variance,0.1721205473546774,0.15803681698389835,0.9625639788111924
2025-08-07,Minimum Variance,0.20897312961835834,0.15595794198234422,1.211692891149793
2025-08-08,Minimum Variance,0.2032617069871958,0.1558565879622522,1.1758354868616847
2025-08-11,Minimum Variance,0.1982118260924024,0.1559155364559664,1.1430023597599135
2025-08-12,Minimum Variance,0.1891875540746375,0.15524845583512503,1.089785744821294
2025-08-13,Minimum Variance,0.1929198008160904,0.15536026277964737,1.113024641708725
2025-08-14,Minimum Variance,0.18711971733921184,0.15546111205081803,1.0749937082952474
2025-08-15,Minimum Variance,0.1742273023817491,0.15494011144295775,0.9953994543145075
2025-08-18,Minimum Variance,0.17328837956344634,0.1549418425348216,0.9893284929085334
2025-08-19,Minimum Variance,0.16049676672572666,0.15464565362989294,0.9085076976167192
2025-08-20,Minimum Variance,0.1545970751281167,0.154561860393025,0.8708298074690537
2025-08-21,Minimum Variance,0.1388120703180744,0.1543523584300349,0.7697457397253166
2025-08-22,Minimum Variance,0.1623448258677218,0.15516434179978617,0.917381043973326
2025-08-25,Minimum Variance,0.1472063779937558,0.15530436739506587,0.8190779185891539
2025-08-26,Minimum Variance,0.15449045540317274,0.15512471291221533,0.8669827835831713
2025-08-27,Minimum Variance,0.13509505404247824,0.15435966132957676,0.7456290915068556
2025-08-28,Minimum Variance,0.1432028501845075,0.15428991777928186,0.7985152364962325
2025-08-29,Minimum Variance,0.13645872555908567,0.15433917783535353,0.7545635994207633
2025-09-02,Minimum Variance,0.1333881010146294,0.15445573901921228,0.7341138745289703
2025-09-03,Minimum Variance,0.1359277326118551,0.15447542215139762,0.7504606946355332
2025-09-04,Minimum Variance,0.13605068611630577,0.154478079065109,0.7512437157338877
2025-09-05,Minimum Variance,0.16067719117077028,0.15380405354885165,0.9146520389079864
2025-09-08,Minimum Variance,0.16828362725122425,0.15386891683030743,0.9637009885158103
2025-09-09,Minimum Variance,0.16929423722687376,0.15386654361128818,0.9702839468730422
2025-09-10,Minimum Variance,0.18978364683627413,0.15308623953692294,1.1090719018891568
2025-09-11,Minimum Variance,0.1930895105164745,0.15327319436644093,1.1292875524121806
2025-09-12,Minimum Variance,0.18995472520096368,0.15330180058765835,1.1086283693307513
2025-09-15,Minimum Variance,0.18899010678993688,0.15327621511584347,1.1025200919935108
2025-09-16,Minimum Variance,0.18071538260107523,0.15313752451418172,1.0494840053796988
2025-09-17,Minimum Variance,0.1746761741563887,0.1530861962064301,1.0103861614525622
2025-09-18,Minimum Variance,0.17142991648489647,0.153043515850946,0.9894565976410196
2025-09-19,Minimum Variance,0.17175164057305903,0.15303862880518904,0.9915904354202737
2025-09-22,Minimum Variance,0.17921844828111255,0.15301672056468588,1.0405297387993948
2025-09-23,Minimum Variance,0.16003790117584837,0.15225182640452153,0.9197781365445057
2025-09-24,Minimum Variance,0.15923410649293057,0.15227642914938772,0.9143510080364294
2025-09-25,Minimum Variance,0.1469874663477646,0.15232306186105085,0.8336719653364284
2025-09-26,Minimum Variance,0.13752627892151414,0.1518744154225608,0.773838559934669
2025-09-29,Minimum Variance,0.15025891452472173,0.15176462987304876,0.8582956030906769
2025-09-30,Minimum Variance,0.1350718656128238,0.15088074958155376,0.7626676427043159
2025-10-01,Minimum Variance,0.14437331515918994,0.15094692280318395,0.8239539624226544
2025-10-02,Minimum Variance,0.15042232501269148,0.1508751172165878,0.8644389308110002
2025-10-03,Minimum Variance,0.15824783788432217,0.15087711147915464,0.9162943042120916
2025-10-06,Minimum Variance,0.15380681339777258,0.15081908947986522,0.8872007771644596
2025-10-07,Minimum Variance,0.15617765171455278,0.15071202966412015,0.9035619254683321
2025-10-08,Minimum Variance,0.1536472961777644,0.150654647068892,0.8871103465972052
2025-10-09,Minimum Variance,0.1483820462839056,0.15082093016337605,0.8512216848472979
2025-10-10,Minimum Variance,0.1269239419257373,0.15270132163623318,0.7002162180393745
2025-10-13,Minimum Variance,0.14413953157702775,0.15341531172282924,0.8091730231028493
2025-10-14,Minimum Variance,0.1462402685962796,0.15340200559857994,0.8229375365966416
2025-10-15,Minimum Variance,0.15001120845941718,0.15356727830306233,0.8466074927944113
2025-10-16,Minimum Variance,0.14927758279521708,0.1535615853641709,0.8418614752422335
2025-10-17,Minimum Variance,0.16542424403469602,0.15311969632993533,0.9497422442723665
2025-10-20,Minimum Variance,0.1709613120246123,0.1533524974447437,0.9844072613098916
2025-10-21,Minimum Variance,0.16598429449748076,0.15348006429106195,0.951161280598853
2025-10-22,Minimum Variance,0.15702385786556428,0.15336274938700287,0.893462450388078
2025-10-23,Minimum Variance,0.17358145527913593,0.15311110132270886,1.003071978141126
2025-10-24,Minimum Variance,0.18166143689861558,0.15313182621220203,1.0557010968744909
2025-10-27,Minimum Variance,0.19848135749323226,0.15316960923962736,1.1652530706271227
2025-10-28,Minimum Variance,0.19195959164583876,0.1532178022705332,1.1223212257164061
2025-10-29,Minimum Variance,0.18958902574588454,0.1532761293157081,1.1064281600990602
2025-10-30,Minimum Variance,0.1770217497423121,0.1533601033966765,1.0238761337827513
2025-10-31,Minimum Variance,0.17965258380505378,0.15332823890448952,1.0412470980280664
2025-11-03,Minimum Variance,0.18797617329970095,0.1532280930482881,1.0962491926775149
2025-11-04,Minimum Variance,0.1880108792448918,0.15322596324231205,1.0964909320178253
2025-11-05,Minimum Variance,0.19433933481434584,0.15329440961072896,1.1372843618828483
2025-11-06,Minimum Variance,0.18366148231706303,0.1534088685356419,1.0668319496733603
2025-11-07,Minimum Variance,0.17364819970436107,0.1530272019429567,1.0040580874087726
2025-11-10,Minimum Variance,0.19406873223823684,0.15324960974766044,1.1358510636657215
2025-11-11,Minimum Variance,0.18240083914803162,0.15264096063842192,1.0639401014563126
2025-11-12,Minimum Variance,0.19304016004819124,0.15236840864793014,1.1356695366427714
2025-11-13,Minimum Variance,0.18170006442943243,0.1528824022072633,1.057676109839084
2025-11-14,Minimum Variance,0.19829501714463804,0.15214853746467946,1.1718483799821497
2025-11-17,Minimum Variance,0.18897723093138863,0.1525370363389616,1.1077783795136436
2025-11-18,Minimum Variance,0.1859848657762777,0.15263124301262165,1.0874894451495216
2025-11-19,Minimum Variance,0.18735661788602576,0.15260124060376548,1.0966923808999243
2025-11-20,Minimum Variance,0.16499606002387646,0.1529908114651225,0.947743584306247
2025-11-21,Minimum Variance,0.17497164285552746,0.15324891639217428,1.0112413614654516
2025-11-24,Minimum Variance,0.18460410827845464,0.15335795074394093,1.0733327322121775
2025-11-25,Minimum Variance,0.19240463914859007,0.15353862816304276,1.1228746877008273
2025-11-26,Minimum Variance,0.1979604915497628,0.1536788406744225,1.1580025641056364
2025-11-28,Minimum Variance,0.19570654086782158,0.15363875988763917,1.143634204001134
2025-12-01,Minimum Variance,0.19123689271933375,0.15373601558162828,1.1138371972988539
2025-12-02,Minimum Variance,0.18917209051360429,0.1537267491630229,1.1004726986986633
2025-12-03,Minimum Variance,0.18624047365888297,0.1536698988057686,1.0818024541618458
2025-12-04,Minimum Variance,0.18605419350099228,0.1536702781385141,1.0805875769373936
2025-12-05,Minimum Variance,0.18687510703438504,0.15367570914577888,1.0858912443741193
2025-12-08,Minimum Variance,0.17982802453585522,0.15373497090376995,1.0396334913017236
2025-12-09,Minimum Variance,0.17440212251920806,0.15374236966185015,1.004291288464
2025-12-10,Minimum Variance,0.1848020138172104,0.15394529205135174,1.0705232464155978
2025-12-11,Minimum Variance,0.180681902690641,0.1538843987290209,1.0441727947586812
2025-12-12,Minimum Variance,0.184284206964767,0.15369708023237974,1.0688830699736145
2025-12-15,Minimum Variance,0.1807559195435433,0.15365456385609297,1.046216366824621
2025-12-16,Minimum Variance,0.18135028142515108,0.15363440793981253,1.0502223010379375
2025-12-17,Minimum Variance,0.1761596416173925,0.15375262808890305,1.0156551049462237
2025-12-18,Minimum Variance,0.18547098348247926,0.15381030959093797,1.0758120435655654
2025-12-19,Minimum Variance,0.1953599568689972,0.15384569700356568,1.1398431043861623
2025-12-22,Minimum Variance,0.23422028769087144,0.15131226965520403,1.4157496162010934
2025-12-23,Minimum Variance,0.24232424903979055,0.15131142103677944,1.4693157166619297
2025-12-24,Minimum Variance,0.2392874019868354,0.15125592880771882,1.4497772332984071
2025-12-26,Minimum Variance,0.23604154206363526,0.15119997328271775,1.428846430148999
2025-12-29,Minimum Variance,0.22713524941970697,0.1511521949833685,1.3703753984022422
2025-12-30,Minimum Variance,0.2284816071618747,0.1511557362944177,1.3792503829017708
2025-12-31,Minimum Variance,0.22892817739609694,0.15114050250513436,1.382344070140957
2026-01-02,Minimum Variance,0.2528340818219199,0.1513122503558815,1.5387655743292543
2026-01-05,Minimum Variance,0.2642202035560617,0.15148698186574736,1.6121530744635042
2026-01-06,Minimum Variance,0.27490007591308374,0.15148573812364868,1.682667154481725
2026-01-07,Minimum Variance,0.2565572511754961,0.151449749742018,1.5619520770318316
2026-01-08,Minimum Variance,0.2548513731881352,0.15143478085955808,1.55084170132579
2026-01-09,Minimum Variance,0.2701154546518696,0.151331163512477,1.6527689924966973
2026-01-12,Minimum Variance,0.2798570019100106,0.15141625392197053,1.716176402329455
2026-01-13,Minimum Variance,0.29759174361044516,0.150427845748265,1.8453481283976094
2026-01-14,Minimum Variance,0.30372940214871735,0.1504384280089672,1.8860167970633477
2026-01-15,Minimum Variance,0.30043647155612585,0.1503752292943309,1.8649113479137234
2026-01-16,Minimum Variance,0.28631989527715884,0.1498989391391697,1.7766629757793093
2026-01-20,Minimum Variance,0.2623636332420487,0.15072551632472928,1.6079801161197582
2026-01-21,Minimum Variance,0.26891528021598243,0.15098137369781603,1.648648930126823
2026-01-22,Minimum Variance,0.2540811437985131,0.15040968714237704,1.5562903443641438
2026-01-23,Minimum Variance,0.261466955913787,0.1504167299209196,1.605319807449187
2026-01-26,Minimum Variance,0.2580634860228799,0.15036208828727607,1.5832680214446402
2026-01-27,Minimum Variance,0.2677187970870174,0.15069294645181752,1.6438645797281752
2026-01-28,Minimum Variance,0.2715850746435955,0.1505739345191397,1.6708408095135223
2026-01-29,Minimum Variance,0.27307342003855983,0.1505861030032782,1.6805894766600773
2026-01-30,Minimum Variance,0.2641953831079493,0.1509251362880086,1.617990144742717
2026-02-02,Minimum Variance,0.2517102310689028,0.1505603908083586,1.5389853189464426
2026-02-03,Minimum Variance,0.2615132007427592,0.15030680072286678,1.6068015524331283
2026-02-04,Minimum Variance,0.2698782083499358,0.15008253776296124,1.6649385869566704
2026-02-05,Minimum Variance,0.24683853021924018,0.15003333315794856,1.5119208874766148
2026-02-06,Minimum Variance,0.26658583852976214,0.15133791988484238,1.6293724581215125
2026-02-09,Minimum Variance,0.2718808973223632,0.15147223441162955,1.662884939281153
2026-02-10,Minimum Variance,0.2840449585697804,0.1513446589472053,1.7446599067753634
2026-02-11,Minimum Variance,0.2819857092939688,0.15128842262328643,1.731697011253284
2026-02-12,Minimum Variance,0.2702341386440241,0.15157165352353674,1.650929661496149
2026-02-13,Minimum Variance,0.2756501099076265,0.15161917854122003,1.6861330628969475
2026-02-17,Minimum Variance,0.2648447880787852,0.1513745726511247,1.6174763290204806
2026-02-18,Minimum Variance,0.2622344873257143,0.15137108945820488,1.6002691675982008
2026-02-19,Minimum Variance,0.25270356542983263,0.1513504060074289,1.5375153035163354
2026-02-20,Minimum Variance,0.2709228459075643,0.15167417153898977,1.6543544847585432
2026-02-23,Minimum Variance,0.25808384515950133,0.15181141834637277,1.568286811050599
2026-02-24,Minimum Variance,0.2767685734766674,0.15168028607291378,1.6928275923295457
2026-02-25,Minimum Variance,0.29230892581164647,0.1516701628396548,1.7954020798377501
2026-02-26,Minimum Variance,0.2841301455307734,0.15168561849811416,1.7412998552269292
2026-02-27,Minimum Variance,0.27837657518875236,0.15169399882572673,1.7032748637972661
2026-03-02,Minimum Variance,0.28060067512195275,0.15155160466042553,1.7195507477856686
2026-03-03,Minimum Variance,0.24445670232842254,0.15411137531177735,1.4564577201023092
2026-03-04,Minimum Variance,0.25804758903032554,0.15426117620858543,1.5431464667976322
2026-03-05,Minimum Variance,0.23911006315321304,0.15526935868160036,1.4111609979823914
2026-03-06,Minimum Variance,0.2041903407931014,0.15439136618505236,1.1930093329981433
2026-03-09,Minimum Variance,0.23195577021909375,0.1540879351206865,1.3755507207821518
2026-03-10,Minimum Variance,0.22518081879856866,0.15397995307942347,1.3325164392843762
2026-03-11,Minimum Variance,0.24867766312701955,0.1524049138148414,1.5004612213805841
2026-03-12,Minimum Variance,0.22856913472083762,0.15358412030472127,1.3580123668190591
2026-03-13,Minimum Variance,0.21700063589945184,0.15365567258066243,1.282091527054006
2026-03-16,Minimum Variance,0.2493315454824725,0.15425634931080204,1.4866911249170423
2026-03-17,Minimum Variance,0.23200315270529748,0.1533014884306589,1.38291646660163
2026-03-18,Minimum Variance,0.19622498870547456,0.15385305413717232,1.145411052733187
2026-03-19,Minimum Variance,0.20009717985534103,0.15377473893631452,1.1711753250312973
2026-03-20,Minimum Variance,0.16049339879671742,0.15653294244633886,0.8975324720857404
2026-03-23,Minimum Variance,0.19064652988783393,0.15754665974252158,1.0831491455719942
2026-03-24,Minimum Variance,0.18694815000127862,0.15768721650435902,1.0587297670807931
2026-03-25,Minimum Variance,0.1902743251673762,0.15782924739816365,1.0788515308434357
2026-03-26,Minimum Variance,0.16696913201736097,0.1591574731318169,0.9234196115669583
2026-03-27,Minimum Variance,0.16594830814054218,0.159206949169993,0.9167207141486399
2026-03-30,Minimum Variance,0.1633462505229073,0.15921574444240832,0.9003271066245503
2026-03-31,Minimum Variance,0.21249258022480655,0.1611757070590448,1.194302688272304
2026-04-01,Minimum Variance,0.2238471564678628,0.16138316472088562,1.2631252883187614
2026-04-02,Minimum Variance,0.21905648642075315,0.1613969460188195,1.2333349008818446
2026-04-06,Minimum Variance,0.22145725243003445,0.16144042718553547,1.2478736332784206
2026-04-07,Minimum Variance,0.25754078366624755,0.1588793107179168,1.4951020532055979
2026-04-08,Minimum Variance,0.37907401781104966,0.15284254553036764,2.349306710150982
2026-04-09,Minimum Variance,0.4138175043518062,0.1508111275081094,2.6113292225776235
2026-04-10,Minimum Variance,0.43596799052766677,0.15012882285476287,2.7707403722873463
2026-04-13,Minimum Variance,0.34480247664852426,0.13081850523433217,2.4828480960450747
2026-04-14,Minimum Variance,0.3956268662948812,0.12877683208951415,2.916882332015893
2026-04-15,Minimum Variance,0.36568656152589507,0.1270444076499624,2.720989990195742
2026-04-16,Minimum Variance,0.3547541572978965,0.12666844174528977,2.6427589436288654
2026-04-17,Minimum Variance,0.37208822431512245,0.1274476992611011,2.762609496730122
2026-04-20,Minimum Variance,0.38094832763269304,0.12708013027664253,2.8403207239946915
2026-04-21,Minimum Variance,0.3478320406449207,0.12812634765040765,2.5586621850753866
2026-04-22,Minimum Variance,0.36994072122891497,0.12771105614706704,2.7400973086146663
2026-04-23,Minimum Variance,0.3375636758304028,0.12662676453596874,2.5078716730553263
2026-04-24,Minimum Variance,0.33872941220181496,0.12668002327178102,2.5160195267568635
2026-04-27,Minimum Variance,0.31798995666564434,0.12619011432872956,2.3614366168919565
2026-04-28,Minimum Variance,0.31114753733453804,0.12624909704027532,2.306135601442422
2026-04-29,Minimum Variance,0.29823306545950556,0.12643946872875414,2.2005238416209143
2026-04-30,Minimum Variance,0.31766450421857084,0.1276295428715261,2.332253939969091
2026-05-01,Minimum Variance,0.31673543763859646,0.12763373196718303,2.324898230781911
2026-05-04,Minimum Variance,0.30737141836034887,0.12784821621155928,2.247754617747779
2026-05-05,Minimum Variance,0.2985893690345407,0.12705969286369972,2.192586513910362
2026-05-06,Minimum Variance,0.32766258703140605,0.12903332828459016,2.384365273077659
2026-05-07,Minimum Variance,0.3179070636199248,0.12955309427957115,2.2994978643817765
2026-05-08,Minimum Variance,0.33763192498569294,0.1299032223841438,2.4451427697952437
2026-05-11,Minimum Variance,0.3377505207993139,0.1299021721116769,2.4460755015408346
2026-05-12,Minimum Variance,0.3172366511247695,0.13047735399542776,2.278070807101019
2026-05-13,Minimum Variance,0.3058574724524916,0.12975528753735946,2.203050664661252
2026-05-14,Minimum Variance,0.3039913524535063,0.12976567685025822,2.1884935935811067
2026-05-15,Minimum Variance,0.2771338332245734,0.13161401958035654,1.9536963770609643
2026-05-18,Minimum Variance,0.2746630181498291,0.13154120537248393,1.935994256922782
2026-05-19,Minimum Variance,0.26279627734306477,0.13168886663077425,1.8437114963090275
2026-05-20,Minimum Variance,0.27759282323214474,0.13246501396547167,1.9446102447797187
2026-05-21,Minimum Variance,0.28466128098934185,0.1325170160901746,1.9971871447003173
2026-05-22,Minimum Variance,0.29740375510123673,0.13204258331325233,2.1008658581234783
2026-05-26,Minimum Variance,0.3217910800805617,0.133023308097718,2.268708276739502
2026-05-27,Minimum Variance,0.3189579753969627,0.13305494477986718,2.246876099881698
2026-05-28,Minimum Variance,0.30562624627855595,0.1326867208560911,2.1526362580648852
2026-05-29,Minimum Variance,0.3121176277109694,0.13249895100151055,2.2046787955901563
2026-06-01,Minimum Variance,0.3086509602730618,0.13245389895791274,2.179256047153287
2026-06-02,Minimum Variance,0.32117728267264734,0.1324773053454324,2.2734254888966263
2026-06-03,Minimum Variance,0.302543786773078,0.13263958546382892,2.1301618652157823
2026-06-04,Minimum Variance,0.3075253240827469,0.13264938862675701,2.1675586073884814
2026-06-05,Minimum Variance,0.260091184885463,0.13634498487104607,1.7609095421627663
2026-06-08,Minimum Variance,0.26633730062781114,0.1364002962388081,1.8059880177717986
2026-06-09,Minimum Variance,0.2667201760381177,0.1364089456357734,1.8086803243600107
2026-06-10,Minimum Variance,0.24787605706767768,0.1369973196437563,1.6633614267800254
2026-06-11,Minimum Variance,0.2743353994559523,0.1392084410475129,1.8270113330925506
2026-06-12,Minimum Variance,0.28202295265596056,0.13927751450775855,1.8813011819030154
2026-06-15,Minimum Variance,0.2936785233687058,0.13981048214705943,1.9574964563875652
2026-06-16,Minimum Variance,0.3035576288186548,0.1392700952929297,2.0360266733661816
2026-06-17,Minimum Variance,0.2819074401692445,0.13956309923521917,1.8766238468796583
2026-06-18,Minimum Variance,0.31257268018470663,0.1397203055498649,2.093988264864552
2026-06-22,Minimum Variance,0.3171386888029941,0.13975783790784357,2.1260967774768207
2026-06-23,Minimum Variance,0.29306521814015274,0.14172875736039134,1.9266747498942352
2026-06-24,Minimum Variance,0.2809720050496156,0.14151446195392736,1.8441366447379761
2026-06-25,Minimum Variance,0.2712218233453685,0.14098593483073488,1.7818928082931165
2026-06-26,Minimum Variance,0.2728758297041547,0.14094294919812844,1.7941715505660256
2026-06-29,Minimum Variance,0.27076782371185826,0.140879075633955,1.780021785232509
2026-06-30,Minimum Variance,0.27105349088817143,0.14088231735181764,1.782008527452238
2026-07-01,Minimum Variance,0.25281994346073966,0.14138415469241208,1.6467187851937897
2026-07-02,Minimum Variance,0.25390673061503555,0.1413882041298313,1.654358169796457
2026-07-06,Minimum Variance,0.26417164078268995,0.14177267477936592,1.7222757570362743
2026-07-07,Minimum Variance,0.24661750715377817,0.14224697140399192,1.5931271148836463
2026-07-08,Minimum Variance,0.25505808655243434,0.14186073280181682,1.6569637130016568
2026-07-09,Minimum Variance,0.2589967328810836,0.14195523123525564,1.683606379288733
2026-07-10,Minimum Variance,0.2584564660887636,0.14194859223749434,1.6798790486756068
2026-07-13,Minimum Variance,0.23729756992781326,0.14280375816173224,1.521651619852421
2026-07-14,Minimum Variance,0.25325899889585357,0.14286494153237764,1.632723860689012
2026-07-15,Minimum Variance,0.2540888006638262,0.14287049044991135,1.6384685173730464
2026-07-16,Minimum Variance,0.25298406589124145,0.14290509854715783,1.6303411722875523
2026-07-17,Minimum Variance,0.2373459286748485,0.14311178689852488,1.5187143797523834
2026-07-20,Minimum Variance,0.2300054209408402,0.1431190528740737,1.4673477550582863
2026-07-21,Minimum Variance,0.24992754802105832,0.14379075657166082,1.599042619310996
2026-07-22,Minimum Variance,0.24071008710136432,0.1437845376070106,1.535005716015204
2026-07-23,Minimum Variance,0.22396639198068247,0.1440735838261356,1.4157098516187674
2026-07-24,Minimum Variance,0.20885569858811648,0.1436042526337568,1.3151121580623895
2026-07-27,Minimum Variance,0.21663543932184326,0.14351542392120503,1.3701345398930986
2026-07-28,Minimum Variance,0.2103312777125772,0.14364769079409678,1.3249866855527543
2026-07-29,Minimum Variance,0.20804284144911778,0.14379350217961168,1.3077283646255065
2026-07-30,Minimum Variance,0.23235311029230665,0.1453301736309159,1.461177021859231
2026-07-31,Minimum Variance,0.2414634535037392,0.14511951853555063,1.5260762696748214
2026-08-03,Minimum Variance,0.2577997081007526,0.14491765337045767,1.6409298837654895
2026-08-04,Minimum Variance,0.2851254422597882,0.14543123758913162,1.8230295406604005
2026-08-05,Minimum Variance,0.2678329930043486,0.1450509389558889,1.7085928211724057
2026-08-06,Minimum Variance,0.25969840600811,0.14521153393689118,1.650684346549791
2026-08-07,Minimum Variance,0.2657545307151372,0.14538219464537055,1.690403225199647
2026-08-10,Minimum Variance,0.2501099350344489,0.14552872509851267,1.5811994152953703
2026-08-11,Minimum Variance,0.2468718547428077,0.14553759979635328,1.5588538979635722
2026-08-12,Minimum Variance,0.26230195784887833,0.1456837028181972,1.663205651432774
2026-08-13,Minimum Variance,0.2568210587116204,0.14546442685022135,1.628034178799365
2026-08-14,Minimum Variance,0.24689067196142367,0.14530560484822372,1.5614722652881707
2026-08-17,Minimum Variance,0.25314076910222516,0.14519054008654747,1.6057572963310898
2026-08-18,Minimum Variance,0.23157496440493386,0.14602441604228233,1.4489012874646314
2026-08-19,Minimum Variance,0.2403377010697838,0.14615268810507642,1.5075856895041992
2026-08-20,Minimum Variance,0.2413203333609375,0.1461461359353925,1.5143769073633095
2026-08-21,Minimum Variance,0.2469797493011887,0.14620775299417377,1.552446738650266
2026-08-24,Minimum Variance,0.24615748617791966,0.14623131019506505,1.546573615980307
2026-08-25,Minimum Variance,0.23567619809442997,0.14553658488334134,1.4819380176284258
2026-08-26,Minimum Variance,0.24106244864010606,0.145348151001276,1.5209168270614286
2018-02-01,Maximum Sharpe,,,
2018-02-02,Maximum Sharpe,,,
2018-02-05,Maximum Sharpe,,,
2018-02-06,Maximum Sharpe,,,
2018-02-07,Maximum Sharpe,,,
2018-02-08,Maximum Sharpe,,,
2018-02-09,Maximum Sharpe,,,
2018-02-12,Maximum Sharpe,,,
2018-02-13,Maximum Sharpe,,,
2018-02-14,Maximum Sharpe,,,
2018-02-15,Maximum Sharpe,,,
2018-02-16,Maximum Sharpe,,,
2018-02-20,Maximum Sharpe,,,
2018-02-21,Maximum Sharpe,,,
2018-02-22,Maximum Sharpe,,,
2018-02-23,Maximum Sharpe,,,
2018-02-26,Maximum Sharpe,,,
2018-02-27,Maximum Sharpe,,,
2018-02-28,Maximum Sharpe,,,
2018-03-01,Maximum Sharpe,,,
2018-03-02,Maximum Sharpe,,,
2018-03-05,Maximum Sharpe,,,
2018-03-06,Maximum Sharpe,,,
2018-03-07,Maximum Sharpe,,,
2018-03-08,Maximum Sharpe,,,
2018-03-09,Maximum Sharpe,,,
2018-03-12,Maximum Sharpe,,,
2018-03-13,Maximum Sharpe,,,
2018-03-14,Maximum Sharpe,,,
2018-03-15,Maximum Sharpe,,,
2018-03-16,Maximum Sharpe,,,
2018-03-19,Maximum Sharpe,,,
2018-03-20,Maximum Sharpe,,,
2018-03-21,Maximum Sharpe,,,
2018-03-22,Maximum Sharpe,,,
2018-03-23,Maximum Sharpe,,,
2018-03-26,Maximum Sharpe,,,
2018-03-27,Maximum Sharpe,,,
2018-03-28,Maximum Sharpe,,,
2018-03-29,Maximum Sharpe,,,
2018-04-02,Maximum Sharpe,,,
2018-04-03,Maximum Sharpe,,,
2018-04-04,Maximum Sharpe,,,
2018-04-05,Maximum Sharpe,,,
2018-04-06,Maximum Sharpe,,,
2018-04-09,Maximum Sharpe,,,
2018-04-10,Maximum Sharpe,,,
2018-04-11,Maximum Sharpe,,,
2018-04-12,Maximum Sharpe,,,
2018-04-13,Maximum Sharpe,,,
2018-04-16,Maximum Sharpe,,,
2018-04-17,Maximum Sharpe,,,
2018-04-18,Maximum Sharpe,,,
2018-04-19,Maximum Sharpe,,,
2018-04-20,Maximum Sharpe,,,
2018-04-23,Maximum Sharpe,,,
2018-04-24,Maximum Sharpe,,,
2018-04-25,Maximum Sharpe,,,
2018-04-26,Maximum Sharpe,,,
2018-04-27,Maximum Sharpe,,,
2018-04-30,Maximum Sharpe,,,
2018-05-01,Maximum Sharpe,,,
2018-05-02,Maximum Sharpe,,,
2018-05-03,Maximum Sharpe,,,
2018-05-04,Maximum Sharpe,,,
2018-05-07,Maximum Sharpe,,,
2018-05-08,Maximum Sharpe,,,
2018-05-09,Maximum Sharpe,,,
2018-05-10,Maximum Sharpe,,,
2018-05-11,Maximum Sharpe,,,
2018-05-14,Maximum Sharpe,,,
2018-05-15,Maximum Sharpe,,,
2018-05-16,Maximum Sharpe,,,
2018-05-17,Maximum Sharpe,,,
2018-05-18,Maximum Sharpe,,,
2018-05-21,Maximum Sharpe,,,
2018-05-22,Maximum Sharpe,,,
2018-05-23,Maximum Sharpe,,,
2018-05-24,Maximum Sharpe,,,
2018-05-25,Maximum Sharpe,,,
2018-05-29,Maximum Sharpe,,,
2018-05-30,Maximum Sharpe,,,
2018-05-31,Maximum Sharpe,,,
2018-06-01,Maximum Sharpe,,,
2018-06-04,Maximum Sharpe,,,
2018-06-05,Maximum Sharpe,,,
2018-06-06,Maximum Sharpe,,,
2018-06-07,Maximum Sharpe,,,
2018-06-08,Maximum Sharpe,,,
2018-06-11,Maximum Sharpe,,,
2018-06-12,Maximum Sharpe,,,
2018-06-13,Maximum Sharpe,,,
2018-06-14,Maximum Sharpe,,,
2018-06-15,Maximum Sharpe,,,
2018-06-18,Maximum Sharpe,,,
2018-06-19,Maximum Sharpe,,,
2018-06-20,Maximum Sharpe,,,
2018-06-21,Maximum Sharpe,,,
2018-06-22,Maximum Sharpe,,,
2018-06-25,Maximum Sharpe,,,
2018-06-26,Maximum Sharpe,,,
2018-06-27,Maximum Sharpe,,,
2018-06-28,Maximum Sharpe,,,
2018-06-29,Maximum Sharpe,,,
2018-07-02,Maximum Sharpe,,,
2018-07-03,Maximum Sharpe,,,
2018-07-05,Maximum Sharpe,,,
2018-07-06,Maximum Sharpe,,,
2018-07-09,Maximum Sharpe,,,
2018-07-10,Maximum Sharpe,,,
2018-07-11,Maximum Sharpe,,,
2018-07-12,Maximum Sharpe,,,
2018-07-13,Maximum Sharpe,,,
2018-07-16,Maximum Sharpe,,,
2018-07-17,Maximum Sharpe,,,
2018-07-18,Maximum Sharpe,,,
2018-07-19,Maximum Sharpe,,,
2018-07-20,Maximum Sharpe,,,
2018-07-23,Maximum Sharpe,,,
2018-07-24,Maximum Sharpe,,,
2018-07-25,Maximum Sharpe,,,
2018-07-26,Maximum Sharpe,,,
2018-07-27,Maximum Sharpe,,,
2018-07-30,Maximum Sharpe,,,
2018-07-31,Maximum Sharpe,,,
2018-08-01,Maximum Sharpe,,,
2018-08-02,Maximum Sharpe,,,
2018-08-03,Maximum Sharpe,,,
2018-08-06,Maximum Sharpe,,,
2018-08-07,Maximum Sharpe,,,
2018-08-08,Maximum Sharpe,,,
2018-08-09,Maximum Sharpe,,,
2018-08-10,Maximum Sharpe,,,
2018-08-13,Maximum Sharpe,,,
2018-08-14,Maximum Sharpe,,,
2018-08-15,Maximum Sharpe,,,
2018-08-16,Maximum Sharpe,,,
2018-08-17,Maximum Sharpe,,,
2018-08-20,Maximum Sharpe,,,
2018-08-21,Maximum Sharpe,,,
2018-08-22,Maximum Sharpe,,,
2018-08-23,Maximum Sharpe,,,
2018-08-24,Maximum Sharpe,,,
2018-08-27,Maximum Sharpe,,,
2018-08-28,Maximum Sharpe,,,
2018-08-29,Maximum Sharpe,,,
2018-08-30,Maximum Sharpe,,,
2018-08-31,Maximum Sharpe,,,
2018-09-04,Maximum Sharpe,,,
2018-09-05,Maximum Sharpe,,,
2018-09-06,Maximum Sharpe,,,
2018-09-07,Maximum Sharpe,,,
2018-09-10,Maximum Sharpe,,,
2018-09-11,Maximum Sharpe,,,
2018-09-12,Maximum Sharpe,,,
2018-09-13,Maximum Sharpe,,,
2018-09-14,Maximum Sharpe,,,
2018-09-17,Maximum Sharpe,,,
2018-09-18,Maximum Sharpe,,,
2018-09-19,Maximum Sharpe,,,
2018-09-20,Maximum Sharpe,,,
2018-09-21,Maximum Sharpe,,,
2018-09-24,Maximum Sharpe,,,
2018-09-25,Maximum Sharpe,,,
2018-09-26,Maximum Sharpe,,,
2018-09-27,Maximum Sharpe,,,
2018-09-28,Maximum Sharpe,,,
2018-10-01,Maximum Sharpe,,,
2018-10-02,Maximum Sharpe,,,
2018-10-03,Maximum Sharpe,,,
2018-10-04,Maximum Sharpe,,,
2018-10-05,Maximum Sharpe,,,
2018-10-08,Maximum Sharpe,,,
2018-10-09,Maximum Sharpe,,,
2018-10-10,Maximum Sharpe,,,
2018-10-11,Maximum Sharpe,,,
2018-10-12,Maximum Sharpe,,,
2018-10-15,Maximum Sharpe,,,
2018-10-16,Maximum Sharpe,,,
2018-10-17,Maximum Sharpe,,,
2018-10-18,Maximum Sharpe,,,
2018-10-19,Maximum Sharpe,,,
2018-10-22,Maximum Sharpe,,,
2018-10-23,Maximum Sharpe,,,
2018-10-24,Maximum Sharpe,,,
2018-10-25,Maximum Sharpe,,,
2018-10-26,Maximum Sharpe,,,
2018-10-29,Maximum Sharpe,,,
2018-10-30,Maximum Sharpe,,,
2018-10-31,Maximum Sharpe,,,
2018-11-01,Maximum Sharpe,,,
2018-11-02,Maximum Sharpe,,,
2018-11-05,Maximum Sharpe,,,
2018-11-06,Maximum Sharpe,,,
2018-11-07,Maximum Sharpe,,,
2018-11-08,Maximum Sharpe,,,
2018-11-09,Maximum Sharpe,,,
2018-11-12,Maximum Sharpe,,,
2018-11-13,Maximum Sharpe,,,
2018-11-14,Maximum Sharpe,,,
2018-11-15,Maximum Sharpe,,,
2018-11-16,Maximum Sharpe,,,
2018-11-19,Maximum Sharpe,,,
2018-11-20,Maximum Sharpe,,,
2018-11-21,Maximum Sharpe,,,
2018-11-23,Maximum Sharpe,,,
2018-11-26,Maximum Sharpe,,,
2018-11-27,Maximum Sharpe,,,
2018-11-28,Maximum Sharpe,,,
2018-11-29,Maximum Sharpe,,,
2018-11-30,Maximum Sharpe,,,
2018-12-03,Maximum Sharpe,,,
2018-12-04,Maximum Sharpe,,,
2018-12-06,Maximum Sharpe,,,
2018-12-07,Maximum Sharpe,,,
2018-12-10,Maximum Sharpe,,,
2018-12-11,Maximum Sharpe,,,
2018-12-12,Maximum Sharpe,,,
2018-12-13,Maximum Sharpe,,,
2018-12-14,Maximum Sharpe,,,
2018-12-17,Maximum Sharpe,,,
2018-12-18,Maximum Sharpe,,,
2018-12-19,Maximum Sharpe,,,
2018-12-20,Maximum Sharpe,,,
2018-12-21,Maximum Sharpe,,,
2018-12-24,Maximum Sharpe,,,
2018-12-26,Maximum Sharpe,,,
2018-12-27,Maximum Sharpe,,,
2018-12-28,Maximum Sharpe,,,
2018-12-31,Maximum Sharpe,,,
2019-01-02,Maximum Sharpe,,,
2019-01-03,Maximum Sharpe,,,
2019-01-04,Maximum Sharpe,,,
2019-01-07,Maximum Sharpe,,,
2019-01-08,Maximum Sharpe,,,
2019-01-09,Maximum Sharpe,,,
2019-01-10,Maximum Sharpe,,,
2019-01-11,Maximum Sharpe,,,
2019-01-14,Maximum Sharpe,,,
2019-01-15,Maximum Sharpe,,,
2019-01-16,Maximum Sharpe,,,
2019-01-17,Maximum Sharpe,,,
2019-01-18,Maximum Sharpe,,,
2019-01-22,Maximum Sharpe,,,
2019-01-23,Maximum Sharpe,,,
2019-01-24,Maximum Sharpe,,,
2019-01-25,Maximum Sharpe,,,
2019-01-28,Maximum Sharpe,,,
2019-01-29,Maximum Sharpe,,,
2019-01-30,Maximum Sharpe,,,
2019-01-31,Maximum Sharpe,,,
2019-02-01,Maximum Sharpe,-0.005818910212569195,0.15717043393792685,-0.16427332778610357
2019-02-04,Maximum Sharpe,0.009688011241709038,0.1569710127026414,-0.06569358622808603
2019-02-05,Maximum Sharpe,0.035085099846996926,0.15602422895400406,0.09668434158033246
2019-02-06,Maximum Sharpe,0.06605297048586789,0.1520830358653248,0.30281464480134074
2019-02-07,Maximum Sharpe,0.04416653666991155,0.15143761051907115,0.15958081078457165
2019-02-08,Maximum Sharpe,0.054811723263485934,0.1510243053190609,0.23050411117562225
2019-02-11,Maximum Sharpe,0.09041769366490082,0.1476059371227432,0.4770654557502269
2019-02-12,Maximum Sharpe,0.08058509169836525,0.14688134603087652,0.41247641947418845
2019-02-13,Maximum Sharpe,0.07061960483630236,0.1466162396261143,0.34525237426213684
2019-02-14,Maximum Sharpe,0.06661058027088096,0.14653625074316873,0.3180822495081741
2019-02-15,Maximum Sharpe,0.06152788825693167,0.1462256540672901,0.2839986493602646
2019-02-19,Maximum Sharpe,0.05192015247965687,0.14567183951055676,0.219123700139337
2019-02-20,Maximum Sharpe,0.05220885799258301,0.14567498559495973,0.221100814673411
2019-02-21,Maximum Sharpe,0.0604757063494592,0.14529265356671286,0.2785805431716084
2019-02-22,Maximum Sharpe,0.07576299805882813,0.14534251177563765,0.38366612340447487
2019-02-25,Maximum Sharpe,0.07474262112717889,0.14532640833063235,0.37668736023967414
2019-02-26,Maximum Sharpe,0.0548532461373743,0.1445509890970486,0.24111385439206184
2019-02-27,Maximum Sharpe,0.04389693006440232,0.14445767898315212,0.16542512819404623
2019-02-28,Maximum Sharpe,0.061179221158840225,0.14293819922803724,0.2880910867860083
2019-03-01,Maximum Sharpe,0.07281930150404214,0.14254647872115195,0.37054090692318503
2019-03-04,Maximum Sharpe,0.07390965333985111,0.1425223493475855,0.3782540323439062
2019-03-05,Maximum Sharpe,0.0690005957123565,0.14239379661102652,0.34412029792428506
2019-03-06,Maximum Sharpe,0.05067163417662801,0.1424628705603631,0.21529563496779391
2019-03-07,Maximum Sharpe,0.03324232121032389,0.14261984277402825,0.09285048246270663
2019-03-08,Maximum Sharpe,0.028022403528668693,0.14255201301258566,0.05627702730483651
2019-03-11,Maximum Sharpe,0.040968594853797224,0.14316924540174986,0.14646018979115846
2019-03-12,Maximum Sharpe,0.029938135676680577,0.14249687441550982,0.06974283272839897
2019-03-13,Maximum Sharpe,0.031904260654213035,0.14253619222093575,0.08351745945170923
2019-03-14,Maximum Sharpe,0.031635009865824903,0.1425447557590983,0.08162355608148893
2019-03-15,Maximum Sharpe,0.0396801353477203,0.14265518268237504,0.13795597872906282
2019-03-18,Maximum Sharpe,0.047753427466728615,0.14271201577744078,0.19447155388800655
2019-03-19,Maximum Sharpe,0.04290616892703514,0.14268491640456743,0.16053672318163756
2019-03-20,Maximum Sharpe,0.05283668820199505,0.1422985813478684,0.23075906935235888
2019-03-21,Maximum Sharpe,0.058403725356263925,0.1424559816460752,0.2695831014781539
2019-03-22,Maximum Sharpe,0.034139985444146204,0.144231392154674,0.09803680899774202
2019-03-25,Maximum Sharpe,0.05935953188141796,0.14276448311148124,0.27569554432304477
2019-03-26,Maximum Sharpe,0.08657219602985955,0.14136649412653632,0.47091919794142423
2019-03-27,Maximum Sharpe,0.056302718403759666,0.1397947269260981,0.2596858923223259
2019-03-28,Maximum Sharpe,0.07331598571271702,0.13930000682827476,0.3827421615164995
2019-03-29,Maximum Sharpe,0.07259366084537566,0.13927673579735905,0.3776198554932886
2019-04-01,Maximum Sharpe,0.07267702550638688,0.13928215153121795,0.3782037032546854
2019-04-02,Maximum Sharpe,0.0943145710181803,0.13788749756721813,0.538950755719916
2019-04-03,Maximum Sharpe,0.0864035628450317,0.13749837001849946,0.48294072748715167
2019-04-04,Maximum Sharpe,0.0800257676541174,0.13725831130725663,0.43731973009450775
2019-04-05,Maximum Sharpe,0.08355779910465833,0.13739426283302375,0.4625942728183678
2019-04-08,Maximum Sharpe,0.10016771659672097,0.13633865523533337,0.5880043077903616
2019-04-09,Maximum Sharpe,0.09274621191294008,0.1364978894609463,0.5329475217545664
2019-04-10,Maximum Sharpe,0.08825562673494747,0.13618279540895842,0.5012059455085723
2019-04-11,Maximum Sharpe,0.08337624397891963,0.1362551737335335,0.4651290827521966
2019-04-12,Maximum Sharpe,0.08877381648245075,0.13634082719089446,0.5044256947785616
2019-04-15,Maximum Sharpe,0.0877479018757199,0.13636675286054087,0.49680659291641355
2019-04-16,Maximum Sharpe,0.07825309560506577,0.13626547161986627,0.4274971121633207
2019-04-17,Maximum Sharpe,0.06442802589925245,0.1360492026834642,0.32655851723453244
2019-04-18,Maximum Sharpe,0.0631187829344464,0.13603621914619773,0.3169654611475695
2019-04-22,Maximum Sharpe,0.06673089034831636,0.13585698832748977,0.3439711929699878
2019-04-23,Maximum Sharpe,0.08720097998746557,0.1359235760895408,0.49440267774588526
2019-04-24,Maximum Sharpe,0.08821004142652189,0.13590661475742616,0.5018890474776893
2019-04-25,Maximum Sharpe,0.089456976800812,0.13587340003953624,0.511188921309112
2019-04-26,Maximum Sharpe,0.09894504930726611,0.13597676527085978,0.580577491676692
2019-04-29,Maximum Sharpe,0.08747536215458607,0.13561216145738378,0.4975612911810291
2019-04-30,Maximum Sharpe,0.0807788830159284,0.13548954048637418,0.4485872695246225
2019-05-01,Maximum Sharpe,0.08256001358061305,0.13541225925779568,0.46199667536387745
2019-05-02,Maximum Sharpe,0.07799262484955838,0.1352956019344471,0.42863643769925897
2019-05-03,Maximum Sharpe,0.0952456238436532,0.13590476150624814,0.5536643676770209
2019-05-06,Maximum Sharpe,0.08964610210894652,0.1361029981680885,0.5117161491397341
2019-05-07,Maximum Sharpe,0.055054011008295545,0.1369167011095864,0.2560243617047036
2019-05-08,Maximum Sharpe,0.04557175515698142,0.13679564905374367,0.18693398023891025
2019-05-09,Maximum Sharpe,0.039823544415871215,0.13692101109582136,0.144780879553965
2019-05-10,Maximum Sharpe,0.03812823719223957,0.13684237111850303,0.1324753221101441
2019-05-13,Maximum Sharpe,0.005799003687030124,0.13867355237969659,-0.10240594597365392
2019-05-14,Maximum Sharpe,0.015949936627358774,0.1390471171584067,-0.029127273225141886
2019-05-15,Maximum Sharpe,0.024568421990650124,0.13909048094542972,0.03284496508745615
2019-05-16,Maximum Sharpe,0.03586023579808395,0.13885654214450122,0.1142202992609378
2019-05-17,Maximum Sharpe,0.019942433762419,0.13926667835357054,-0.00041335255684674745
2019-05-20,Maximum Sharpe,0.011244046387726359,0.13958738625718836,-0.06272739856408577
2019-05-21,Maximum Sharpe,0.0234134405141333,0.1400491520450049,0.02437316088166237
2019-05-22,Maximum Sharpe,0.011440193703996737,0.1398634606005738,-0.06120116189923693
2019-05-23,Maximum Sharpe,0.002941172555564142,0.1402765874248971,-0.12160851470363157
2019-05-24,Maximum Sharpe,0.0016179774412465875,0.1402331531347483,-0.13108186008689654
2019-05-28,Maximum Sharpe,-0.002070572521760239,0.140307740406135,-0.15730117567195315
2019-05-29,Maximum Sharpe,-0.007428727034685667,0.14041050396035998,-0.19534668889465145
2019-05-30,Maximum Sharpe,-0.0025281777335099953,0.14041052455590236,-0.16044507920444906
2019-05-31,Maximum Sharpe,-0.01859456100097545,0.13982678870391108,-0.2760169303659044
2019-06-03,Maximum Sharpe,-0.011517024212413851,0.13975284119310089,-0.22551973858524846
2019-06-04,Maximum Sharpe,-0.009392710788936665,0.1398934715979444,-0.21010780884337252
2019-06-05,Maximum Sharpe,-0.01107508113764788,0.13982691706775222,-0.22223962159296307
2019-06-06,Maximum Sharpe,-0.0129580974195187,0.13980300740135848,-0.2357466983875373
2019-06-07,Maximum Sharpe,-0.010788456418125203,0.13990661159745524,-0.22006434196770452
2019-06-10,Maximum Sharpe,-0.001737943963148969,0.13994732072623794,-0.15532947576518658
2019-06-11,Maximum Sharpe,-0.00044249332353152315,0.1399730042524991,-0.14604597102634911
2019-06-12,Maximum Sharpe,-0.00419494070175197,0.13999053971743683,-0.17283268391269954
2019-06-13,Maximum Sharpe,-0.003453594538117555,0.1400127693359026,-0.16751039672567564
2019-06-14,Maximum Sharpe,-0.004628152393803986,0.1400604725289345,-0.1758394209952145
2019-06-17,Maximum Sharpe,-0.004278077934918301,0.14007782149711132,-0.1733185002125334
2019-06-18,Maximum Sharpe,0.010500936822714912,0.14055976101677622,-0.06758024564477842
2019-06-19,Maximum Sharpe,0.015268808519253607,0.14066465979824172,-0.03363454251787507
2019-06-20,Maximum Sharpe,0.025454438964982895,0.14089057644923977,0.03871400843439679
2019-06-21,Maximum Sharpe,0.01104196715983452,0.14098099024936794,-0.06354071442057871
2019-06-24,Maximum Sharpe,0.011271393539864949,0.14097252724816725,-0.06191707441528137
2019-06-25,Maximum Sharpe,-0.0003374703660460332,0.1414146535294437,-0.1438144482092982
2019-06-26,Maximum Sharpe,0.010365348250908957,0.14077190866801467,-0.06844157929131048
2019-06-27,Maximum Sharpe,0.019089640603419333,0.1412340734331343,-0.006445749063604447
2019-06-28,Maximum Sharpe,0.03488391785007772,0.14085989077745173,0.10566469821841061
2019-07-01,Maximum Sharpe,0.035080682716697176,0.14086721719922146,0.10705601357460849
2019-07-02,Maximum Sharpe,0.03498549414180374,0.14086633809560492,0.1063809448332021
2019-07-03,Maximum Sharpe,0.03831132421944816,0.14094816432909155,0.12991530827385683
2019-07-05,Maximum Sharpe,0.03477636442979959,0.1409938316038048,0.10480149565210369
2019-07-08,Maximum Sharpe,0.018772822379932386,0.1407072056677338,-0.008721498051531731
2019-07-09,Maximum Sharpe,0.009285800007142297,0.14043834396389096,-0.07629113026006987
2019-07-10,Maximum Sharpe,0.009933386836269209,0.14045924758363149,-0.07166928014288973
2019-07-11,Maximum Sharpe,0.005709016707285963,0.1405376098511979,-0.10168796315694724
2019-07-12,Maximum Sharpe,0.015017854680333897,0.1403987887222547,-0.035485671671442134
2019-07-15,Maximum Sharpe,0.0061286396117934405,0.14015260634441387,-0.09897326029113433
2019-07-16,Maximum Sharpe,0.005912418390185303,0.14015528825513401,-0.10051409251265735
2019-07-17,Maximum Sharpe,0.00482411013516626,0.1401832165244973,-0.10825753782145328
2019-07-18,Maximum Sharpe,0.007195561159306196,0.14022258509187308,-0.09131509615447758
2019-07-19,Maximum Sharpe,0.0002060092186295659,0.14040791228371788,-0.1409748956410187
2019-07-22,Maximum Sharpe,-0.0020065345130403367,0.1403932694444388,-0.15674921312199736
2019-07-23,Maximum Sharpe,0.006519277732168538,0.14048870754220366,-0.09595591349419862
2019-07-24,Maximum Sharpe,0.011763078664967175,0.1406060037382028,-0.05858157629150258
2019-07-25,Maximum Sharpe,0.0046018413175810124,0.14090464432184027,-0.10928070367395454
2019-07-26,Maximum Sharpe,0.0020424859417160768,0.14077999617577625,-0.12755728474280098
2019-07-29,Maximum Sharpe,0.0033718575935783868,0.14075760004121418,-0.11813317647894574
2019-07-30,Maximum Sharpe,0.01614367047874743,0.14021941984919284,-0.02750210723593127
2019-07-31,Maximum Sharpe,0.014329540914155503,0.14031485045542944,-0.04041239446458805
2019-08-01,Maximum Sharpe,-0.005740503117969253,0.1404189231563966,-0.18331220991703412
2019-08-02,Maximum Sharpe,-0.010410817201723321,0.14055427583231445,-0.21636351524449074
2019-08-05,Maximum Sharpe,-0.038014264421345034,0.1434665120296788,-0.40437495552511704
2019-08-06,Maximum Sharpe,-0.031537774285014586,0.14382381304168243,-0.3583396462314493
2019-08-07,Maximum Sharpe,-0.027371323896170474,0.14389027931928583,-0.329218374724645
2019-08-08,Maximum Sharpe,-0.015940283367159025,0.1447242452507689,-0.2483362984887847
2019-08-09,Maximum Sharpe,-0.022355285909069433,0.1449445962853461,-0.29221707462406143
2019-08-12,Maximum Sharpe,-0.031224596949109396,0.145242503070867,-0.3526832426188345
2019-08-13,Maximum Sharpe,-0.01274575801253186,0.14516659959357592,-0.2255736381799286
2019-08-14,Maximum Sharpe,-0.029791538598959666,0.14709034642117308,-0.33850990095834305
2019-08-15,Maximum Sharpe,-0.03287620164837457,0.14696987840498638,-0.35977577325518556
2019-08-16,Maximum Sharpe,-0.005353766685126327,0.14716170792817942,-0.17228508041983273
2019-08-19,Maximum Sharpe,-0.0058729759859607045,0.14713583868158642,-0.17584414659131328
2019-08-20,Maximum Sharpe,-0.016105412187499946,0.14702576540187534,-0.24557200629978437
2019-08-21,Maximum Sharpe,-0.011382647199535745,0.14719146137576694,-0.21320969916467228
2019-08-22,Maximum Sharpe,-0.02170637142610088,0.14707971849387988,-0.2835630354285477
2019-08-23,Maximum Sharpe,-0.04252254018271895,0.1482807992091364,-0.42164960342934676
2019-08-26,Maximum Sharpe,-0.02836783449883451,0.1483638035300476,-0.3260083210864754
2019-08-27,Maximum Sharpe,-0.042482939259859576,0.14809638411595316,-0.4219072574448415
2019-08-28,Maximum Sharpe,-0.04320900373617442,0.14806704166313903,-0.4268944866203143
2019-08-29,Maximum Sharpe,-0.03349584710428788,0.14854028143428916,-0.36014370369934456
2019-08-30,Maximum Sharpe,-0.03519103172913418,0.14849800721294557,-0.37166176681408564
2019-09-03,Maximum Sharpe,-0.0294206499102182,0.14822051426824662,-0.3334265176059076
2019-09-04,Maximum Sharpe,-0.021499345860294672,0.14864263479878187,-0.27918871268981815
2019-09-05,Maximum Sharpe,-0.0038550510412873606,0.1485275672592758,-0.16061025896724618
2019-09-06,Maximum Sharpe,0.0024151865782175985,0.1484353385563429,-0.11846783651931768
2019-09-09,Maximum Sharpe,0.008862979304829377,0.1484757666881843,-0.07500901287520954
2019-09-10,Maximum Sharpe,0.01483765066921472,0.1484232876125788,-0.03478126252168918
2019-09-11,Maximum Sharpe,0.025688465503985514,0.148703699382182,0.038253691923061314
2019-09-12,Maximum Sharpe,0.028075050415086844,0.14875286479183888,0.054285007730014954
2019-09-13,Maximum Sharpe,0.027632920739091293,0.1487515061021601,0.051313233318452105
2019-09-16,Maximum Sharpe,0.020598409202773782,0.14861529058654768,0.004026565506227582
2019-09-17,Maximum Sharpe,0.02347900897356925,0.14863223874017722,0.023406826157351197
2019-09-18,Maximum Sharpe,0.026417225510412257,0.14852299686942752,0.04320694872628981
2019-09-19,Maximum Sharpe,0.020415994338021104,0.148462929642403,0.002802008144545532
2019-09-20,Maximum Sharpe,0.018584284149836705,0.14846185167832554,-0.009535889753219215
2019-09-23,Maximum Sharpe,0.008871563712655295,0.14814993850208463,-0.07511603717060009
2019-09-24,Maximum Sharpe,0.0006353039466908683,0.14841557173649522,-0.13047617461387562
2019-09-25,Maximum Sharpe,0.011884776513696682,0.14822476356109757,-0.05474944463620791
2019-09-26,Maximum Sharpe,0.009448368595147194,0.1482189852380535,-0.07118947271097494
2019-09-27,Maximum Sharpe,0.005948811915008623,0.14837100376785953,-0.09470306008696815
2019-09-30,Maximum Sharpe,0.005795038681250642,0.14836784018916302,-0.09574151177666673
2019-10-01,Maximum Sharpe,-0.005964746830680379,0.14872362828157518,-0.1745838716462854
2019-10-02,Maximum Sharpe,-0.008490776870572758,0.1488525071807409,-0.19140273422454657
2019-10-03,Maximum Sharpe,0.008517710616329888,0.14899116547347566,-0.07706691431791143
2019-10-04,Maximum Sharpe,0.01933497271907325,0.1491813318831065,-0.004457845177624787
2019-10-07,Maximum Sharpe,0.030352589197194968,0.14848932803500542,0.06971941575999596
2019-10-08,Maximum Sharpe,0.025142620016920247,0.14874707885088612,0.0345729143499722
2019-10-09,Maximum Sharpe,0.027386894909520176,0.14881609481788297,0.04963774192946035
2019-10-10,Maximum Sharpe,0.03526484064573987,0.14892024492727604,0.10250346185768314
2019-10-11,Maximum Sharpe,0.07367752976575748,0.14698593425235698,0.36518820687699055
2019-10-14,Maximum Sharpe,0.09279323418068786,0.14567564244530357,0.49969392932671863
2019-10-15,Maximum Sharpe,0.0910489625089792,0.14558398805222572,0.4880273130276636
2019-10-16,Maximum Sharpe,0.09238796565455742,0.14557999960131876,0.49723839712046325
2019-10-17,Maximum Sharpe,0.07216531032454898,0.14362235472988522,0.3632116352823891
2019-10-18,Maximum Sharpe,0.0758913132566923,0.1435221427635198,0.3894264130990848
2019-10-21,Maximum Sharpe,0.10206972626587696,0.14288422329660277,0.5743792027725446
2019-10-22,Maximum Sharpe,0.09778590173880031,0.1429010791257636,0.5443339001684019
2019-10-23,Maximum Sharpe,0.10173495789165754,0.142881132041176,0.5720486443801611
2019-10-24,Maximum Sharpe,0.10807479658920927,0.14278652073387157,0.6168285082971162
2019-10-25,Maximum Sharpe,0.13515420588156601,0.14104733319105162,0.8164224255526135
2019-10-28,Maximum Sharpe,0.1183193723236784,0.13990623214763545,0.7027519132952369
2019-10-29,Maximum Sharpe,0.13606643261871887,0.13889567306652462,0.8356374972395894
2019-10-30,Maximum Sharpe,0.14379439801862803,0.13884461646067847,0.8916038747075747
2019-10-31,Maximum Sharpe,0.1197863870702911,0.1378730802987007,0.7237554050007793
2019-11-01,Maximum Sharpe,0.12809529045328283,0.1381545838239304,0.7824227576194193
2019-11-04,Maximum Sharpe,0.11128712027328191,0.13699673253009945,0.666345237491159
2019-11-05,Maximum Sharpe,0.10918117643472658,0.1370286203670235,0.6508215305376335
2019-11-06,Maximum Sharpe,0.10117927801719051,0.1369409264791958,0.5928050883278005
2019-11-07,Maximum Sharpe,0.0981378727092399,0.13690500033654696,0.5707452066553985
2019-11-08,Maximum Sharpe,0.07785145542440164,0.13593765880536166,0.4255734277962999
2019-11-11,Maximum Sharpe,0.08302429574147951,0.13576314297678907,0.4642224270857853
2019-11-12,Maximum Sharpe,0.09217412907754508,0.13528259000494747,0.5335064110977293
2019-11-13,Maximum Sharpe,0.10472775677977042,0.134743980637694,0.6288055049196626
2019-11-14,Maximum Sharpe,0.10599087619032832,0.13475507395969832,0.6381271863354542
2019-11-15,Maximum Sharpe,0.1162093597803251,0.13486682746334774,0.713365633268652
2019-11-18,Maximum Sharpe,0.10691334737135372,0.134586814440942,0.6457790663400547
2019-11-19,Maximum Sharpe,0.10359815612774792,0.13452111167522177,0.6214500838320559
2019-11-20,Maximum Sharpe,0.11255417392394529,0.13404546336807271,0.6904685290974948
2019-11-21,Maximum Sharpe,0.1251221613123319,0.1330618332530281,0.7900248985179198
2019-11-22,Maximum Sharpe,0.1144167876482367,0.1327661873376684,0.7111508550599824
2019-11-25,Maximum Sharpe,0.13062497816472196,0.13299047639003092,0.8318263169483202
2019-11-26,Maximum Sharpe,0.12339136880153112,0.13268998662158352,0.7791949598758445
2019-11-27,Maximum Sharpe,0.12726167627028406,0.13274575338905517,0.8080234096522725
2019-11-29,Maximum Sharpe,0.09686395261573044,0.13166333602626099,0.5837916229040369
2019-12-02,Maximum Sharpe,0.09109611569879483,0.13190749914634498,0.5389846381661526
2019-12-03,Maximum Sharpe,0.0829802039090013,0.13184956438224882,0.4776671368167254
2019-12-04,Maximum Sharpe,0.07713456385628392,0.13150374058033498,0.43447101659728604
2019-12-05,Maximum Sharpe,0.10973510292671929,0.12856329286277177,0.6979838562668301
2019-12-06,Maximum Sharpe,0.11247717145201142,0.12866294198347453,0.7187552999051521
2019-12-09,Maximum Sharpe,0.1309964625452571,0.127287210581134,0.8720158297011855
2019-12-10,Maximum Sharpe,0.1358723300444491,0.12717194653106978,0.9111469408557017
2019-12-11,Maximum Sharpe,0.1371981762881822,0.12718761869115247,0.9214590028041373
2019-12-12,Maximum Sharpe,0.13952082412898248,0.12724214744007056,0.9393178795986233
2019-12-13,Maximum Sharpe,0.14261343191202291,0.12720279491484124,0.9639208949308796
2019-12-16,Maximum Sharpe,0.1654020408143737,0.1268283009836593,1.1464479117567574
2019-12-17,Maximum Sharpe,0.19422343541055564,0.12454876110368544,1.3988371611783164
2019-12-18,Maximum Sharpe,0.19568436918067222,0.12458877897309335,1.4101139013378858
2019-12-19,Maximum Sharpe,0.22070251084878945,0.12353264578512722,1.6246920769258966
2019-12-20,Maximum Sharpe,0.23744045866137564,0.12307676064794704,1.7667060582082572
2019-12-23,Maximum Sharpe,0.258576048376973,0.12178713505207843,1.958959361963425
2019-12-24,Maximum Sharpe,0.2885201155626269,0.11943617133882821,2.248231105808497
2019-12-26,Maximum Sharpe,0.2493403832921015,0.11391996294387517,2.0131711542523094
2019-12-27,Maximum Sharpe,0.2481533920766037,0.1139133856390308,2.0028672732068302
2019-12-30,Maximum Sharpe,0.2385110705468929,0.11397254247124117,1.9172255510754275
2019-12-31,Maximum Sharpe,0.2384723583314443,0.11397183227163125,1.916897833236154
2020-01-02,Maximum Sharpe,0.25218948539367125,0.11402777789959467,2.0362537065145827
2020-01-03,Maximum Sharpe,0.25771453853993864,0.11364385317995866,2.091750076121672
2020-01-06,Maximum Sharpe,0.22568199319518834,0.11046451958286885,1.8619733645868868
2020-01-07,Maximum Sharpe,0.208652065028059,0.11018712585265235,1.7121062335388786
2020-01-08,Maximum Sharpe,0.1988744182729303,0.10956678853811283,1.632560565656342
2020-01-09,Maximum Sharpe,0.195609756861159,0.10944338277134086,1.6045717193159041
2020-01-10,Maximum Sharpe,0.18917906268614137,0.1092246098233313,1.5489097462539372
2020-01-13,Maximum Sharpe,0.2032771289995201,0.10977319069669698,1.6695982674486916
2020-01-14,Maximum Sharpe,0.20788791594211586,0.10957245145757444,1.7147368106011989
2020-01-15,Maximum Sharpe,0.19865306900606705,0.1092749364615572,1.6348951991284573
2020-01-16,Maximum Sharpe,0.1996666170215433,0.10933230150029487,1.6433077375679206
2020-01-17,Maximum Sharpe,0.19542159771579137,0.10920599233165974,1.606336740048423
2020-01-21,Maximum Sharpe,0.1791873015196852,0.10923956520118633,1.4572311893269643
2020-01-22,Maximum Sharpe,0.19454105079210637,0.10851526955000161,1.608446917340803
2020-01-23,Maximum Sharpe,0.19201347998043272,0.10851194240133892,1.5852032151837168
2020-01-24,Maximum Sharpe,0.17695785762882776,0.1087298250251042,1.4435584495108715
2020-01-27,Maximum Sharpe,0.14108554664167894,0.10983315103074273,1.1024499024687602
2020-01-28,Maximum Sharpe,0.1536154070801199,0.11009495668543735,1.2136378550189637
2020-01-29,Maximum Sharpe,0.15131218550853953,0.11008974990044246,1.1927739469595415
2020-01-30,Maximum Sharpe,0.1324135641634805,0.10940630863133542,1.027487039547953
2020-01-31,Maximum Sharpe,0.10309194372835595,0.110474434123444,0.7521373102079808
2020-02-03,Maximum Sharpe,0.1170840377214657,0.11077062273395383,0.8764421046421285
2020-02-04,Maximum Sharpe,0.13117683410321246,0.11209843372156883,0.9917786574909204
2020-02-05,Maximum Sharpe,0.13038916653578858,0.11206299481612444,0.9850635057265574
2020-02-06,Maximum Sharpe,0.14073786507611885,0.11187909829194627,1.0791816069258604
2020-02-07,Maximum Sharpe,0.13871282957325803,0.11198853785907575,1.060044463859721
2020-02-10,Maximum Sharpe,0.14943762771532154,0.11226235670657429,1.1529922541501523
2020-02-11,Maximum Sharpe,0.1563821188600314,0.1124541783747659,1.212779470101351
2020-02-12,Maximum Sharpe,0.15838250332454185,0.11257304729401799,1.2292685207598122
2020-02-13,Maximum Sharpe,0.1559204636975584,0.11260762968174179,1.2070271266849744
2020-02-14,Maximum Sharpe,0.15779044100048512,0.11263265293028168,1.2233614091090959
2020-02-18,Maximum Sharpe,0.1462630960378477,0.11248364168714367,1.1225018513272313
2020-02-19,Maximum Sharpe,0.14283618379642693,0.11241964431649312,1.0926576448739536
2020-02-20,Maximum Sharpe,0.136857488414468,0.1124722778499796,1.0389892571602184
2020-02-21,Maximum Sharpe,0.1323727768480749,0.11266436178708525,0.9974119150511731
2020-02-24,Maximum Sharpe,0.09010913161398659,0.11638623812448831,0.6023833465516507
2020-02-25,Maximum Sharpe,0.06275355875823396,0.11866211593118048,0.36029661550135683
2020-02-26,Maximum Sharpe,0.0644181889776767,0.11862718851731192,0.37443514874496503
2020-02-27,Maximum Sharpe,0.025070567599333682,0.12539398035983776,0.04043708944227538
2020-02-28,Maximum Sharpe,0.01942876268095417,0.12574131209660647,-0.0045429565631297944
2020-03-02,Maximum Sharpe,0.056170765954396185,0.13094569369362927,0.2762272277469782
2020-03-03,Maximum Sharpe,0.04370081901362588,0.13172629579901568,0.17992473613459783
2020-03-04,Maximum Sharpe,0.07460735637117089,0.13541730214577682,0.40325243160128843
2020-03-05,Maximum Sharpe,0.0565406073479402,0.13756951505514237,0.26561558593336265
2020-03-06,Maximum Sharpe,0.04699815055298706,0.1384932625916044,0.19494197802676153
2020-03-09,Maximum Sharpe,-0.03201761027219274,0.15803950491961502,-0.3291430854497482
2020-03-10,Maximum Sharpe,-0.00041472311875900836,0.1642247335674697,-0.1243096741598419
2020-03-11,Maximum Sharpe,-0.056186961315889516,0.17232389074444593,-0.44211490923724434
2020-03-12,Maximum Sharpe,-0.1538466992986368,0.1990268767350371,-0.8734835322270446
2020-03-13,Maximum Sharpe,-0.08250843931657703,0.2144040227646109,-0.4781087499888872
2020-03-16,Maximum Sharpe,-0.21372885607039438,0.2546433701927671,-0.9178674311978345
2020-03-17,Maximum Sharpe,-0.16890138315345993,0.26231895502074576,-0.7201209807294348
2020-03-18,Maximum Sharpe,-0.22905108598526802,0.2722771694072923,-0.9146969117073456
2020-03-19,Maximum Sharpe,-0.22066608505423468,0.27249388320802037,-0.8831981188748794
2020-03-20,Maximum Sharpe,-0.24662216736578502,0.27357323116239024,-0.9745915791282989
2020-03-23,Maximum Sharpe,-0.24829869445104846,0.2737521402140003,-0.9800788926848619
2020-03-24,Maximum Sharpe,-0.1882950340117795,0.2864568666615134,-0.7271427508069045
2020-03-25,Maximum Sharpe,-0.17034632757224677,0.28776043205332036,-0.6614749853342473
2020-03-26,Maximum Sharpe,-0.11922630549155044,0.2930254047635809,-0.47513390725927385
2020-03-27,Maximum Sharpe,-0.15003391823074275,0.2946135152371842,-0.5771422879016724
2020-03-30,Maximum Sharpe,-0.1337172605226148,0.2955863700196163,-0.5200417749722813
2020-03-31,Maximum Sharpe,-0.14945250589928005,0.29551256555898225,-0.573418952858228
2020-04-01,Maximum Sharpe,-0.19259915631258617,0.29967262296428226,-0.7094380334433342
2020-04-02,Maximum Sharpe,-0.181721344899751,0.3001900558381448,-0.6719787713704756
2020-04-03,Maximum Sharpe,-0.2009297446254944,0.3008328958798027,-0.7343935708206808
2020-04-06,Maximum Sharpe,-0.1540722873767717,0.3081942526733241,-0.5648135416765304
2020-04-07,Maximum Sharpe,-0.15067840454386683,0.30820523291115165,-0.5537816568905221
2020-04-08,Maximum Sharpe,-0.12363523414226951,0.3092381108872915,-0.46448102315118744
2020-04-09,Maximum Sharpe,-0.11194054732179726,0.30991964011926665,-0.42572502752978947
2020-04-13,Maximum Sharpe,-0.1155108163402927,0.3099946803388207,-0.43713916700822375
2020-04-14,Maximum Sharpe,-0.09568609934067729,0.311211036392699,-0.371728781477723
2020-04-15,Maximum Sharpe,-0.1162886426659171,0.31230326703262246,-0.436398389171128
2020-04-16,Maximum Sharpe,-0.11032681666336297,0.31232860747912344,-0.4172746701471277
2020-04-17,Maximum Sharpe,-0.0834607164932103,0.3134246425430474,-0.33009758152312624
2020-04-20,Maximum Sharpe,-0.09683078037158255,0.3137067394429506,-0.37242037126470123
2020-04-21,Maximum Sharpe,-0.11688812590749231,0.31483813948158174,-0.43478889226348116
2020-04-22,Maximum Sharpe,-0.10828074104745045,0.31532487803810116,-0.40682086946514284
2020-04-23,Maximum Sharpe,-0.10587598189598113,0.3153244251637836,-0.39919515220110047
2020-04-24,Maximum Sharpe,-0.09005902370101126,0.3156629501969017,-0.34865993501093345
2020-04-27,Maximum Sharpe,-0.0787211961834321,0.31617167776642285,-0.3122392140904033
2020-04-28,Maximum Sharpe,-0.07864147831514468,0.31617166693789595,-0.3119870900213217
2020-04-29,Maximum Sharpe,-0.04654222543399755,0.31809102738803874,-0.20919239998814176
2020-04-30,Maximum Sharpe,-0.058574174439249505,0.31854522421426645,-0.24666568030665978
2020-05-01,Maximum Sharpe,-0.08775420761301467,0.31986450840178854,-0.3368745352568543
2020-05-04,Maximum Sharpe,-0.09548569271598029,0.31961146551274505,-0.3613315077126828
2020-05-05,Maximum Sharpe,-0.0821296409223452,0.3196143750618186,-0.3195401987241396
2020-05-06,Maximum Sharpe,-0.06693148333914245,0.3190535359498981,-0.2724667604147586
2020-05-07,Maximum Sharpe,-0.051857708485471665,0.3193387716585555,-0.22502030715613702
2020-05-08,Maximum Sharpe,-0.02569583322985236,0.32002938253291385,-0.14278636813965892
2020-05-11,Maximum Sharpe,-0.030340887565478702,0.3199781894897641,-0.15732599664293395
2020-05-12,Maximum Sharpe,-0.029144727127700443,0.3198910270853398,-0.15362958934946847
2020-05-13,Maximum Sharpe,-0.05570375604438671,0.32020367431926666,-0.2364237581137326
2020-05-14,Maximum Sharpe,-0.05764899282389646,0.3201774170182269,-0.24251864340412274
2020-05-15,Maximum Sharpe,-0.053461495132856474,0.32024594990539734,-0.22939086397363484
2020-05-18,Maximum Sharpe,-0.006238989831993336,0.3223004229155344,-0.08141158982862959
2020-05-19,Maximum Sharpe,-0.008405499363918545,0.32237204872149083,-0.08811402687228355
2020-05-20,Maximum Sharpe,0.0025389068554524385,0.3229573755633854,-0.05406624671162078
2020-05-21,Maximum Sharpe,-0.0010482017949220435,0.32301934638188606,-0.06516080857286498
2020-05-22,Maximum Sharpe,0.011829388371362048,0.3228267982617574,-0.025309582948603235
2020-05-26,Maximum Sharpe,0.0251354484276054,0.323248521760398,0.015886997408798537
2020-05-27,Maximum Sharpe,0.04596467062796794,0.3235705105812094,0.08024424284317268
2020-05-28,Maximum Sharpe,0.04717358961842377,0.3235521127302333,0.08398520222638813
2020-05-29,Maximum Sharpe,0.04706438791917278,0.3235514522890435,0.08364786412701652
2020-06-01,Maximum Sharpe,0.06164180632790073,0.3236955507205572,0.12864497592013438
2020-06-02,Maximum Sharpe,0.06799376483553599,0.3237823531526372,0.1482284762224543
2020-06-03,Maximum Sharpe,0.07502364814622253,0.32404944076882947,0.16980016387522584
2020-06-04,Maximum Sharpe,0.06572459490910254,0.3240563941232944,0.14110073350907437
2020-06-05,Maximum Sharpe,0.09140819461797345,0.3249761829519413,0.21973362469007016
2020-06-08,Maximum Sharpe,0.09727342339965883,0.3251394663416842,0.23766239229307629
2020-06-09,Maximum Sharpe,0.08320119263127923,0.32521146764546044,0.1943387577592436
2020-06-10,Maximum Sharpe,0.0739408310805203,0.3252476191264062,0.1658454294773989
2020-06-11,Maximum Sharpe,0.013064667708364563,0.330640905830332,-0.02097542127831665
2020-06-12,Maximum Sharpe,0.024225327287354936,0.3309695385437407,0.012766514120744437
2020-06-15,Maximum Sharpe,0.04338647475662638,0.3311220471233037,0.07062796017299837
2020-06-16,Maximum Sharpe,0.05460201791157959,0.33151682980126473,0.10437484556160408
2020-06-17,Maximum Sharpe,0.03858915324305179,0.33133450106500056,0.05610388650533258
2020-06-18,Maximum Sharpe,0.03197832150386426,0.33129566003169547,0.03615598677845124
2020-06-19,Maximum Sharpe,0.01975864708617525,0.33122339018445335,-0.0007286711052934484
2020-06-22,Maximum Sharpe,0.03885777248030431,0.3312851659842825,0.05692308143129777
2020-06-23,Maximum Sharpe,0.05035278982417579,0.3312865391103056,0.09162095721030636
2020-06-24,Maximum Sharpe,0.034575015678536714,0.3321367338942852,0.04388257663536774
2020-06-25,Maximum Sharpe,0.050986782936212505,0.33234225482936475,0.0932375660510642
2020-06-26,Maximum Sharpe,0.015971370482450453,0.33288049994920454,-0.012102329569212648
2020-06-29,Maximum Sharpe,0.02819638474471997,0.33324888564853306,0.024595385304197043
2020-06-30,Maximum Sharpe,0.03357490787503825,0.333374598099988,0.04071968276049266
2020-07-01,Maximum Sharpe,0.034983220201536325,0.3333819667499169,0.04494310339459913
2020-07-02,Maximum Sharpe,0.036787345091571444,0.3334129466176987,0.050350009685797587
2020-07-06,Maximum Sharpe,0.05696953139198513,0.3337568242224644,0.1107678666289778
2020-07-07,Maximum Sharpe,0.04890875154491159,0.33396949642635293,0.08656105379158949
2020-07-08,Maximum Sharpe,0.059337271577156736,0.33408711355903276,0.117745551925354
2020-07-09,Maximum Sharpe,0.046260364270592325,0.3341502985159344,0.0785884806544324
2020-07-10,Maximum Sharpe,0.06273629819966553,0.33428014824346713,0.12784575579564267
2020-07-13,Maximum Sharpe,0.04692588045380797,0.33451884449597674,0.08049137110460097
2020-07-14,Maximum Sharpe,0.06083608173543831,0.3347485974995506,0.12199029970691103
2020-07-15,Maximum Sharpe,0.07902335569508567,0.3350704053455561,0.17615210043457952
2020-07-16,Maximum Sharpe,0.07704042646567744,0.33510075205227713,0.1702187360557725
2020-07-17,Maximum Sharpe,0.07677167053433731,0.33509855765110214,0.16941783018190973
2020-07-20,Maximum Sharpe,0.09464715063129181,0.3351251994804275,0.2227440692225577
2020-07-21,Maximum Sharpe,0.09692113482353437,0.3351270634903551,0.22952826913588895
2020-07-22,Maximum Sharpe,0.09355148080337328,0.335092420490496,0.2194961040769329
2020-07-23,Maximum Sharpe,0.0751220411973057,0.33525450056440076,0.16441849730430994
2020-07-24,Maximum Sharpe,0.07527728568783232,0.33525028904608284,0.16488363319571667
2020-07-27,Maximum Sharpe,0.08298802586045406,0.335437087143399,0.1877789555020991
2020-07-28,Maximum Sharpe,0.07492389869380034,0.3355685254135422,0.16367416647945202
2020-07-29,Maximum Sharpe,0.08977909307142329,0.33584743671336764,0.20777021183870745
2020-07-30,Maximum Sharpe,0.09383921290482578,0.33576973832498436,0.21991026729561428
2020-07-31,Maximum Sharpe,0.10249459839791308,0.33559780695833585,0.24581387806313856
2020-08-03,Maximum Sharpe,0.12627569129762417,0.33583383592582394,0.3164531977686055
2020-08-04,Maximum Sharpe,0.16560505181054186,0.334555655783994,0.43521922075815045
2020-08-05,Maximum Sharpe,0.1623637694682032,0.3344830316635732,0.42562329323597586
2020-08-06,Maximum Sharpe,0.16306002114709295,0.33448982720337417,0.427696179412089
2020-08-07,Maximum Sharpe,0.14476595810821746,0.3341429581755381,0.37339095454668575
2020-08-10,Maximum Sharpe,0.15777041227635724,0.3340303897008891,0.41244873677429517
2020-08-11,Maximum Sharpe,0.1605624410408233,0.33396600989266095,0.4208884643260584
2020-08-12,Maximum Sharpe,0.16976076682706975,0.3342538157410236,0.44804504772834924
2020-08-13,Maximum Sharpe,0.19784017630767736,0.3332579023124361,0.5336412882445277
2020-08-14,Maximum Sharpe,0.19049254999523435,0.33326127263203037,0.5115882462091036
2020-08-17,Maximum Sharpe,0.18150771129965082,0.33302399968593405,0.48497318947572665
2020-08-18,Maximum Sharpe,0.1735604073488517,0.33296870585849236,0.46118570498367795
2020-08-19,Maximum Sharpe,0.17335135456173245,0.33297115354928325,0.46055447424527374
2020-08-20,Maximum Sharpe,0.16725914761225913,0.3329084473393466,0.4423412766758427
2020-08-21,Maximum Sharpe,0.17034667211111532,0.3328826339961152,0.4516506923364164
2020-08-24,Maximum Sharpe,0.20507694762452644,0.3324095226818806,0.5567739038620955
2020-08-25,Maximum Sharpe,0.1992183167405157,0.3323403354463346,0.5392614065332295
2020-08-26,Maximum Sharpe,0.21390546559126045,0.3323543928902225,0.5834298259307436
2020-08-27,Maximum Sharpe,0.2041485831262122,0.33235083155586087,0.5540788998906443
2020-08-28,Maximum Sharpe,0.19815848671640546,0.3322233890569241,0.5362611200317364
2020-08-31,Maximum Sharpe,0.19082543324421697,0.33224975929700107,0.5141476508686184
2020-09-01,Maximum Sharpe,0.2069735531701431,0.3323215118892437,0.5626284982491827
2020-09-02,Maximum Sharpe,0.20617646261862643,0.33230061309273645,0.5602651794285719
2020-09-03,Maximum Sharpe,0.15643039468153241,0.33401745958190543,0.40845288402679414
2020-09-04,Maximum Sharpe,0.14824517003911142,0.33408853227651497,0.3838658249214217
2020-09-08,Maximum Sharpe,0.11399978053684734,0.33512045145152436,0.28049550580903454
2020-09-09,Maximum Sharpe,0.13493315157396935,0.3357088212065145,0.34235964119413803
2020-09-10,Maximum Sharpe,0.10748067506271686,0.33596725456556625,0.26038452817622565
2020-09-11,Maximum Sharpe,0.10191039407383773,0.3359477878412111,0.24381882256225318
2020-09-14,Maximum Sharpe,0.11877972597889075,0.3362872112142682,0.29373619538553436
2020-09-15,Maximum Sharpe,0.1269034790169823,0.33634273028912437,0.31784090866208625
2020-09-16,Maximum Sharpe,0.12197643839080197,0.3363486853016744,0.303186671591531
2020-09-17,Maximum Sharpe,0.11865788516544762,0.3364036878221423,0.2932723056758175
2020-09-18,Maximum Sharpe,0.1108847003108746,0.3365158909444097,0.2700755083387375
2020-09-21,Maximum Sharpe,0.09070256425718015,0.3370774991311998,0.20975165782175445
2020-09-22,Maximum Sharpe,0.09984822581183761,0.3371691857727574,0.23681946388082178
2020-09-23,Maximum Sharpe,0.08466265947552376,0.3378306582315998,0.1914055397281151
2020-09-24,Maximum Sharpe,0.08271708061221705,0.3378217411725157,0.18565140418298084
2020-09-25,Maximum Sharpe,0.09887084402868829,0.3380924393900697,0.23328189228654145
2020-09-28,Maximum Sharpe,0.1295405354919743,0.3385050626918556,0.32360087799245146
2020-09-29,Maximum Sharpe,0.12202112723487324,0.33852489467597474,0.30136964471261296
2020-09-30,Maximum Sharpe,0.13636942308322753,0.3383487229234523,0.3439333894266089
2020-10-01,Maximum Sharpe,0.15958085796935362,0.3383807522234115,0.4124964468345326
2020-10-02,Maximum Sharpe,0.13842031846063385,0.33839328955260756,0.3499487788815147
2020-10-05,Maximum Sharpe,0.15258886849289288,0.3388987896218879,0.39123441143246146
2020-10-06,Maximum Sharpe,0.1445901375774803,0.3390708389752298,0.3674457465998189
2020-10-07,Maximum Sharpe,0.1744986379760851,0.339236974883547,0.4554298305163265
2020-10-08,Maximum Sharpe,0.17693640881625283,0.33927447248695447,0.4625647419503017
2020-10-09,Maximum Sharpe,0.18083821037752457,0.33934150974134786,0.4739715176611265
2020-10-12,Maximum Sharpe,0.18564172510217203,0.33948252305293036,0.4879241606094286
2020-10-13,Maximum Sharpe,0.18051377804107038,0.3395451620200687,0.4727317482190581
2020-10-14,Maximum Sharpe,0.16377530309330623,0.33955241336057934,0.4234259496799029
2020-10-15,Maximum Sharpe,0.1598957151850513,0.3395717819295351,0.41197685623383523
2020-10-16,Maximum Sharpe,0.15227013644378773,0.3395401264965097,0.38955671545686194
2020-10-19,Maximum Sharpe,0.14177295055232286,0.33973944886109037,0.35843041177744506
2020-10-20,Maximum Sharpe,0.13580192875531294,0.33965880582336266,0.3409360416097528
2020-10-21,Maximum Sharpe,0.13339519268487443,0.3396834042861937,0.3338261194218823
2020-10-22,Maximum Sharpe,0.13826613382038166,0.33971946608686987,0.3481288110529991
2020-10-23,Maximum Sharpe,0.14239845005944263,0.33974107430867134,0.3602698034334161
2020-10-26,Maximum Sharpe,0.11916940192981396,0.3402672467108317,0.29144562954097897
2020-10-27,Maximum Sharpe,0.11184951819897138,0.3402754041520789,0.26992699759727906
2020-10-28,Maximum Sharpe,0.07554881477311648,0.34196284406161737,0.16244108311108585
2020-10-29,Maximum Sharpe,0.08427301415150579,0.3421163847720148,0.1878688569515228
2020-10-30,Maximum Sharpe,0.07353489130153901,0.34238697569037263,0.15635784975054562
2020-11-02,Maximum Sharpe,0.0752737315262928,0.34243357232887756,0.16141446398020576
2020-11-03,Maximum Sharpe,0.0963491581948972,0.3431605841615311,0.22248813447338825
2020-11-04,Maximum Sharpe,0.1207152853233795,0.3436557333911251,0.29307028964580767
2020-11-05,Maximum Sharpe,0.15048021570826564,0.34450463425521627,0.37874734541771987
2020-11-06,Maximum Sharpe,0.14806238518347992,0.34451105421994405,0.37172213667698994
2020-11-09,Maximum Sharpe,0.16741657517481068,0.3447839832215694,0.42756213266460236
2020-11-10,Maximum Sharpe,0.17297593733768868,0.3447740684030161,0.4436990811004696
2020-11-11,Maximum Sharpe,0.18824406966306872,0.3448634263715834,0.48785709587478593
2020-11-12,Maximum Sharpe,0.17515204488443303,0.34507811418418144,0.4496142713983375
2020-11-13,Maximum Sharpe,0.18974458195640742,0.3453540826513881,0.4915088324806435
2020-11-16,Maximum Sharpe,0.19793024074432553,0.34553946581426037,0.5149346408956056
2020-11-17,Maximum Sharpe,0.19618239997700826,0.34554353988721354,0.5098703336619019
2020-11-18,Maximum Sharpe,0.1829162743860968,0.345693020283631,0.47127441060982017
2020-11-19,Maximum Sharpe,0.19534652240986028,0.34571828063846377,0.5071948237334595
2020-11-20,Maximum Sharpe,0.2001502364009673,0.3456636591690978,0.521172045780023
2020-11-23,Maximum Sharpe,0.20716176177390855,0.34569251200223905,0.5414110959183759
2020-11-24,Maximum Sharpe,0.21449759482548725,0.345903628855327,0.5622883907553199
2020-11-25,Maximum Sharpe,0.2105418421445393,0.34589611680074744,0.5508643575039047
2020-11-27,Maximum Sharpe,0.21274135026965157,0.3459187572402846,0.5571867562410563
2020-11-30,Maximum Sharpe,0.20852739039055335,0.3460270452836851,0.5448342635645488
2020-12-01,Maximum Sharpe,0.23672714788940175,0.34617379852299224,0.626064562985714
2020-12-02,Maximum Sharpe,0.24083744707218702,0.34615659771040397,0.6379697759132141
2020-12-03,Maximum Sharpe,0.23665281817900707,0.34612579157823015,0.6259366491908476
2020-12-04,Maximum Sharpe,0.24811504762743541,0.3462796900216333,0.6587595351410425
2020-12-07,Maximum Sharpe,0.23877937143941885,0.34623682081872464,0.6318778312545873
2020-12-08,Maximum Sharpe,0.24892717025791877,0.3462582946357365,0.6611456643912315
2020-12-09,Maximum Sharpe,0.23800696443845548,0.3464155069917687,0.6293221869067069
2020-12-10,Maximum Sharpe,0.239929338125489,0.3464268273293991,0.6348507701349865
2020-12-11,Maximum Sharpe,0.22996946850993516,0.34643085863173945,0.6060934333021859
2020-12-14,Maximum Sharpe,0.23259225458020816,0.34643126123084766,0.613663599020717
2020-12-15,Maximum Sharpe,0.2410945303750296,0.34664164550860227,0.6378187192442891
2020-12-16,Maximum Sharpe,0.24232097205098557,0.34664263445502913,0.6413549573915088
2020-12-17,Maximum Sharpe,0.2457099656380375,0.3466875598685419,0.6510472014733466
2020-12-18,Maximum Sharpe,0.2344897463873823,0.3467106810501118,0.6186418766729054
2020-12-21,Maximum Sharpe,0.22408854573494486,0.3467542283891453,0.5885682971568735
2020-12-22,Maximum Sharpe,0.22804064550563918,0.34675892460061103,0.599957580746496
2020-12-23,Maximum Sharpe,0.23272774277468877,0.34677340314300614,0.6134488425196838
2020-12-24,Maximum Sharpe,0.2280119847003843,0.34674505135933836,0.5998989282901621
2020-12-28,Maximum Sharpe,0.23307052560922448,0.34677145763780265,0.6144407820085738
2020-12-29,Maximum Sharpe,0.23335792092038088,0.34676822316629446,0.6152752953319601
2020-12-30,Maximum Sharpe,0.2334767833771314,0.3467688958352944,0.6156168731999739
2020-12-31,Maximum Sharpe,0.22307828724809387,0.3467274847528237,0.5856999983513422
2021-01-04,Maximum Sharpe,0.2217380446012822,0.34675412113488546,0.5817898975245552
2021-01-05,Maximum Sharpe,0.23327877357224658,0.3468918882881691,0.6148277915195072
2021-01-06,Maximum Sharpe,0.2529049690165739,0.34701929850329905,0.6711585494555996
2021-01-07,Maximum Sharpe,0.26465104517710336,0.3472508960664717,0.7045368289856669
2021-01-08,Maximum Sharpe,0.2676466735123266,0.347280366461381,0.7131030067600034
2021-01-11,Maximum Sharpe,0.2529089917738092,0.3474347001386931,0.6703676739278888
2021-01-12,Maximum Sharpe,0.24596765698531486,0.3473086778653095,0.6506248515706476
2021-01-13,Maximum Sharpe,0.24964766239259673,0.3472853244680318,0.6612650930308349
2021-01-14,Maximum Sharpe,0.2560032631965381,0.3473223210830431,0.6794935104102072
2021-01-15,Maximum Sharpe,0.23024294559932135,0.3474985817235208,0.6050181400930041
2021-01-19,Maximum Sharpe,0.24043591436731826,0.3476399622308543,0.634092562180568
2021-01-20,Maximum Sharpe,0.263180361741171,0.3477226846478044,0.6993514443484741
2021-01-21,Maximum Sharpe,0.26215803598906406,0.3477239545890676,0.6964088403838644
2021-01-22,Maximum Sharpe,0.2632270680411324,0.347721724390336,0.6994876965699651
2021-01-25,Maximum Sharpe,0.27567434643315947,0.34761411199207637,0.7355119876116749
2021-01-26,Maximum Sharpe,0.29829866013812745,0.34704808932298997,0.8019022974050176
2021-01-27,Maximum Sharpe,0.25724323875942945,0.34783151006241314,0.6820636770856663
2021-01-28,Maximum Sharpe,0.2620789353294126,0.3478385585583489,0.6959519851184198
2021-01-29,Maximum Sharpe,0.24202293553729803,0.34840187953057256,0.6372610154584868
2021-02-01,Maximum Sharpe,0.2888150843058641,0.3484298100143384,0.7715042645025175
2021-02-02,Maximum Sharpe,0.2942458803345318,0.3485548802933283,0.786808321558254
2021-02-03,Maximum Sharpe,0.2714789607385357,0.34812852591556365,0.7223738993440897
2021-02-04,Maximum Sharpe,0.2780918690616132,0.3482373480715336,0.7411378201989894
2021-02-05,Maximum Sharpe,0.28384505773667423,0.34828749046696056,0.7575496248312806
2021-02-08,Maximum Sharpe,0.3091430376965505,0.34835828545806813,0.8300162498398638
2021-02-09,Maximum Sharpe,0.30180814679674195,0.3482868597761429,0.8091265544094046
2021-02-10,Maximum Sharpe,0.28782253294794047,0.34827180262260565,0.7690043550214094
2021-02-11,Maximum Sharpe,0.2806409816577786,0.3481895540403614,0.7485606004928156
2021-02-12,Maximum Sharpe,0.28959542040708874,0.3481888425860388,0.7742793203962893
2021-02-16,Maximum Sharpe,0.284833467837033,0.3481883405725023,0.7606040667576215
2021-02-17,Maximum Sharpe,0.2814221266795449,0.34822895417085725,0.7507190988813616
2021-02-18,Maximum Sharpe,0.26963112506206066,0.3483450797208401,0.7166202125263612
2021-02-19,Maximum Sharpe,0.2806439402643395,0.34834289794712403,0.7482395702636181
2021-02-22,Maximum Sharpe,0.2752366460305933,0.3484665212191325,0.7324567224926843
2021-02-23,Maximum Sharpe,0.3102485553576946,0.3471134247745965,0.8361778445940891
2021-02-24,Maximum Sharpe,0.35632167495654543,0.3464118111107642,0.9708724245808337
2021-02-25,Maximum Sharpe,0.31927749787864834,0.34772304950593197,0.8606777672745068
2021-02-26,Maximum Sharpe,0.36950208978196963,0.3452151742642005,1.0124180969938716
2021-03-01,Maximum Sharpe,0.42210383323741696,0.34597534643646727,1.1622326196911743
2021-03-02,Maximum Sharpe,0.356022602885135,0.34443012333270207,0.9755900547657794
2021-03-03,Maximum Sharpe,0.35507016297105265,0.3444626627857538,0.9727328943614911
2021-03-04,Maximum Sharpe,0.2907295753028447,0.3436324651850047,0.7878463263274308
2021-03-05,Maximum Sharpe,0.343835097633727,0.3428246338496907,0.9446086006051433
2021-03-08,Maximum Sharpe,0.35731977249430136,0.34239351952852626,0.9851815331049155
2021-03-09,Maximum Sharpe,0.5034504161199163,0.3341806328553806,1.4466739499207706
2021-03-10,Maximum Sharpe,0.44561769726695477,0.33118725444817504,1.2851270438414664
2021-03-11,Maximum Sharpe,0.549715799737974,0.327023942777241,1.61980739159151
2021-03-12,Maximum Sharpe,0.7220471615653519,0.3106457282173243,2.2599607778099156
2021-03-15,Maximum Sharpe,0.6036507879796258,0.30090891037887924,1.9396261388363067
2021-03-16,Maximum Sharpe,0.8544027835117749,0.2661948276169921,3.134556711644055
2021-03-17,Maximum Sharpe,0.7554425580443276,0.25934928958300557,2.8357222771915356
2021-03-18,Maximum Sharpe,0.8524715463393209,0.24915345498414507,3.3412000904916024
2021-03-19,Maximum Sharpe,0.8415018118743869,0.24904652816127199,3.298587689375124
2021-03-22,Maximum Sharpe,0.8996126383353584,0.24734733067394027,3.556184074995686
2021-03-23,Maximum Sharpe,0.9138913753519426,0.24664708938522392,3.624171595051037
2021-03-24,Maximum Sharpe,0.7419064295173619,0.23349739906540923,3.0917107959525296
2021-03-25,Maximum Sharpe,0.7114814640868594,0.23225807811860422,2.9772116848988546
2021-03-26,Maximum Sharpe,0.6470779829511406,0.22651998624219846,2.7683119417138746
2021-03-29,Maximum Sharpe,0.6833179287093882,0.2243689140686177,2.9563717926919626
2021-03-30,Maximum Sharpe,0.6483085675775635,0.22329285630768758,2.813831924438202
2021-03-31,Maximum Sharpe,0.6752659171087674,0.22311605387087183,2.93688376851628
2021-04-01,Maximum Sharpe,0.7882152270421869,0.2171299834252659,3.5380430418841686
2021-04-05,Maximum Sharpe,0.7799334659234136,0.216850834325851,3.5044064657897476
2021-04-06,Maximum Sharpe,0.8096679043848443,0.21572385103672923,3.6605498214028964
2021-04-07,Maximum Sharpe,0.6905792953806382,0.20591760383048582,3.256541854151859
2021-04-08,Maximum Sharpe,0.6988822811610453,0.20598150308846708,3.2958409904867616
2021-04-09,Maximum Sharpe,0.6622042772733796,0.20465523418065854,3.1379811996720126
2021-04-12,Maximum Sharpe,0.6215915682309849,0.20373408892482883,2.952827243618285
2021-04-13,Maximum Sharpe,0.6419035338504442,0.203495936459967,3.056098046325308
2021-04-14,Maximum Sharpe,0.597050500641247,0.20187078795079702,2.8585141342089297
2021-04-15,Maximum Sharpe,0.655991881566919,0.1999699688567878,3.180436968625006
2021-04-16,Maximum Sharpe,0.6546134927867757,0.19996259438057515,3.17366102771681
2021-04-19,Maximum Sharpe,0.6007161961978567,0.19870635378666812,2.922484284630957
2021-04-20,Maximum Sharpe,0.599941731430945,0.1987442008584864,2.9180309610336055
2021-04-21,Maximum Sharpe,0.6677538303496386,0.19691562533584514,3.289499394702052
2021-04-22,Maximum Sharpe,0.6241668036433079,0.1962653127878363,3.078316769588394
2021-04-23,Maximum Sharpe,0.6441272561162175,0.19659034262946765,3.174760508417084
2021-04-26,Maximum Sharpe,0.6289959029068799,0.1962113298566339,3.1037754208783768
2021-04-27,Maximum Sharpe,0.5961789598761789,0.19551155081442115,2.9470328350220383
2021-04-28,Maximum Sharpe,0.5969105706341706,0.19550725775340977,2.950839663261089
2021-04-29,Maximum Sharpe,0.5446877320459222,0.19271027038132307,2.722676539282016
2021-04-30,Maximum Sharpe,0.556654173454737,0.19208413446412925,2.7938495542689106
2021-05-03,Maximum Sharpe,0.6092366499329613,0.18955999378151286,3.108444129894393
2021-05-04,Maximum Sharpe,0.5798687214693368,0.19015951972264125,2.944205592683122
2021-05-05,Maximum Sharpe,0.571057481082569,0.190084089242741,2.8990194985696993
2021-05-06,Maximum Sharpe,0.5847784303629979,0.19006132173604265,2.9715589958243203
2021-05-07,Maximum Sharpe,0.5797961240784599,0.1898902117431865,2.9479988406961484
2021-05-10,Maximum Sharpe,0.5202951239726274,0.1897418557148424,2.6367146146420466
2021-05-11,Maximum Sharpe,0.5084376452552759,0.1899287108373002,2.571689362298095
2021-05-12,Maximum Sharpe,0.5054694765928034,0.1901830940945352,2.552642646309502
2021-05-13,Maximum Sharpe,0.5497921341889256,0.1894671167682733,2.7962220739173693
2021-05-14,Maximum Sharpe,0.5761613395730991,0.1903397935317708,2.9219393866804144
2021-05-17,Maximum Sharpe,0.5619903576321712,0.19030514189314407,2.848006902180802
2021-05-18,Maximum Sharpe,0.49813140631783837,0.18689370728294763,2.558306607905057
2021-05-19,Maximum Sharpe,0.5079311848114696,0.18654597964343725,2.61560815057016
2021-05-20,Maximum Sharpe,0.49283015355605575,0.1856714108269141,2.5465964385698325
2021-05-21,Maximum Sharpe,0.5031370522563989,0.1854708880670057,2.6049212212854362
2021-05-24,Maximum Sharpe,0.5148698392253774,0.18563825445566473,2.6657751155679246
2021-05-25,Maximum Sharpe,0.4851896828296667,0.18504240806846717,2.513962543427033
2021-05-26,Maximum Sharpe,0.4721101159346053,0.18458095967602361,2.4493865278853715
2021-05-27,Maximum Sharpe,0.48232777130077475,0.18449251839871136,2.5059431965779053
2021-05-28,Maximum Sharpe,0.48130411926191186,0.18449100326131368,2.5004152566102054
2021-06-01,Maximum Sharpe,0.4709150886940807,0.1842768216576987,2.44694413891983
2021-06-02,Maximum Sharpe,0.4620540952960508,0.18416089439024216,2.400368964104429
2021-06-03,Maximum Sharpe,0.42836835515430494,0.18370978288157896,2.2228993401921495
2021-06-04,Maximum Sharpe,0.44712686078428887,0.18377476763624165,2.324186645849724
2021-06-07,Maximum Sharpe,0.4194023107133982,0.18231167675131393,2.1907664820515653
2021-06-08,Maximum Sharpe,0.4054800154896536,0.1819481871099522,2.118625206508412
2021-06-09,Maximum Sharpe,0.4120538119164032,0.18177384169447142,2.156821951176968
2021-06-10,Maximum Sharpe,0.42158457761357937,0.1816539178775357,2.210712448736243
2021-06-11,Maximum Sharpe,0.5178235398607385,0.17122112355427752,2.9074890383073977
2021-06-14,Maximum Sharpe,0.4973211034266194,0.1706518843874469,2.797045606264228
2021-06-15,Maximum Sharpe,0.47599291395018506,0.17035373793082484,2.676741464489315
2021-06-16,Maximum Sharpe,0.4437336274840695,0.16967368509999275,2.4973444010151202
2021-06-17,Maximum Sharpe,0.4440305083170222,0.1696678922276807,2.4991794425547953
2021-06-18,Maximum Sharpe,0.4201762687791646,0.17069756474841463,2.3443583941514974
2021-06-21,Maximum Sharpe,0.44614494839916063,0.17112277850403365,2.490287687732441
2021-06-22,Maximum Sharpe,0.4369009191214823,0.1708958253886586,2.43950323639181
2021-06-23,Maximum Sharpe,0.4267930374125928,0.17085761700123828,2.3808890967362877
2021-06-24,Maximum Sharpe,0.4787072479193464,0.16881088060790564,2.7172848472059004
2021-06-25,Maximum Sharpe,0.4628071057165666,0.16845019297799174,2.628712368257245
2021-06-28,Maximum Sharpe,0.4930194680304618,0.16684128096753692,2.8351464654751686
2021-06-29,Maximum Sharpe,0.46802159920805986,0.16619041742532348,2.6958329255618803
2021-06-30,Maximum Sharpe,0.4487515861726845,0.1659721424610723,2.5832743966249962
2021-07-01,Maximum Sharpe,0.45098311653779133,0.1659915409108589,2.59641614369517
2021-07-02,Maximum Sharpe,0.44376286493084716,0.16589808480486198,2.5543565824120225
2021-07-06,Maximum Sharpe,0.4130993140965711,0.165409413313782,2.3765232354150294
2021-07-07,Maximum Sharpe,0.43115373081245023,0.164808819435631,2.494731363408823
2021-07-08,Maximum Sharpe,0.40462779715938324,0.16497435819879627,2.3314398756193473
2021-07-09,Maximum Sharpe,0.43600038419097054,0.16526670683195263,2.517145722604434
2021-07-12,Maximum Sharpe,0.4246864278940401,0.16499681256831397,2.4526923980818536
2021-07-13,Maximum Sharpe,0.4311759982393275,0.16467979824824217,2.4968211196100154
2021-07-14,Maximum Sharpe,0.4084297665726446,0.1643510313205977,2.363415449550414
2021-07-15,Maximum Sharpe,0.37781888969003696,0.16395681085239397,2.1823972290615723
2021-07-16,Maximum Sharpe,0.3734687151732661,0.16412610443721615,2.1536410456173347
2021-07-19,Maximum Sharpe,0.34930894120823996,0.16485671006247304,1.9975464819323832
2021-07-20,Maximum Sharpe,0.35907416415848603,0.16537762973623643,2.0503024786319717
2021-07-21,Maximum Sharpe,0.3738894198626106,0.16578126356995126,2.134676815955666
2021-07-22,Maximum Sharpe,0.36621817917969945,0.1658259896959761,2.0878402704814416
2021-07-23,Maximum Sharpe,0.3925317879971222,0.1654880245057834,2.2511102486700065
2021-07-26,Maximum Sharpe,0.40816310188604277,0.1651452002256068,2.3504352615502513
2021-07-27,Maximum Sharpe,0.3792770048272778,0.16501536937761538,2.1772335884975713
2021-07-28,Maximum Sharpe,0.40100360996024476,0.1647631444291913,2.3124322571058062
2021-07-29,Maximum Sharpe,0.3889555096444024,0.1643127231306536,2.245446990438024
2021-07-30,Maximum Sharpe,0.38768982702990784,0.16434830108117907,2.237259677228359
2021-08-02,Maximum Sharpe,0.3911881123426042,0.16430326546694823,2.259164547263813
2021-08-03,Maximum Sharpe,0.3789423556080693,0.1637979120254018,2.1913732059808213
2021-08-04,Maximum Sharpe,0.3648779263885358,0.1638791170705867,2.104465367847866
2021-08-05,Maximum Sharpe,0.3667454863198891,0.16394189160737738,2.1150511496494504
2021-08-06,Maximum Sharpe,0.36004618289138257,0.16390744540279875,2.074623163430599
2021-08-09,Maximum Sharpe,0.35792442255697776,0.16392675157614756,2.0614354844944542
2021-08-10,Maximum Sharpe,0.35405259495388797,0.1639197271849406,2.0379035561534145
2021-08-11,Maximum Sharpe,0.36838589732411964,0.16372771839146336,2.127837001253199
2021-08-12,Maximum Sharpe,0.3462579871233724,0.162987831999649,2.0017321730132283
2021-08-13,Maximum Sharpe,0.34864892291792193,0.16296709875807716,2.0166581194759905
2021-08-16,Maximum Sharpe,0.34657805936381614,0.1630080048242545,2.003447988434145
2021-08-17,Maximum Sharpe,0.32393353722563,0.1632500550798828,1.8617668280534843
2021-08-18,Maximum Sharpe,0.313297598920556,0.16349570868265356,1.7939161907291945
2021-08-19,Maximum Sharpe,0.31150741835668905,0.16354252232868813,1.782456416874975
2021-08-20,Maximum Sharpe,0.3216643257492915,0.16377792104090433,1.841910825537646
2021-08-23,Maximum Sharpe,0.34083480410425016,0.16421859053921897,1.9537057470215458
2021-08-24,Maximum Sharpe,0.33347795650513756,0.16401183243851494,1.911313054944708
2021-08-25,Maximum Sharpe,0.33161106019280684,0.1640008122216919,1.9000580300271888
2021-08-26,Maximum Sharpe,0.3122748499528223,0.16409312185604438,1.7811523520725576
2021-08-27,Maximum Sharpe,0.335808124722607,0.16462348252936415,1.918366200680245
2021-08-30,Maximum Sharpe,0.32950814724272326,0.16452946712668695,1.8811715168590644
2021-08-31,Maximum Sharpe,0.334297798966831,0.16446465002606894,1.9110355867781452
2021-09-01,Maximum Sharpe,0.3285633012410054,0.1643031526296176,1.878012054562264
2021-09-02,Maximum Sharpe,0.31903055982219874,0.16402836033787935,1.823041815489898
2021-09-03,Maximum Sharpe,0.36575438479008104,0.16027468432874922,2.157261368120264
2021-09-07,Maximum Sharpe,0.37112974042654323,0.16014151168437574,2.192621617801309
2021-09-08,Maximum Sharpe,0.39820434724909903,0.15802085559637954,2.3933824799374404
2021-09-09,Maximum Sharpe,0.3669858181387291,0.1568848580949488,2.211722803284997
2021-09-10,Maximum Sharpe,0.3786407673725507,0.15622923082546386,2.2956060493776413
2021-09-13,Maximum Sharpe,0.3855151668688439,0.1562466814269541,2.3393467530363106
2021-09-14,Maximum Sharpe,0.3550639137762561,0.15577834655952957,2.150901721429004
2021-09-15,Maximum Sharpe,0.35486982665118116,0.15577318477143812,2.149727035128201
2021-09-16,Maximum Sharpe,0.35692470352454686,0.15574925416489427,2.163250831158647
2021-09-17,Maximum Sharpe,0.35561061572203756,0.15580372022440983,2.15406034745926
2021-09-20,Maximum Sharpe,0.33935374279640973,0.15698014879434194,2.03435749837893
2021-09-21,Maximum Sharpe,0.36981962259012513,0.15569901746655743,2.2467683372842275
2021-09-22,Maximum Sharpe,0.3718017568232377,0.15577318529670126,2.258423079384046
2021-09-23,Maximum Sharpe,0.42127487271844943,0.15434481288504304,2.599859789375114
2021-09-24,Maximum Sharpe,0.41418470078497105,0.15442971023982696,2.5525185547056215
2021-09-27,Maximum Sharpe,0.39716545242392565,0.15390193759421295,2.4506868355249862
2021-09-28,Maximum Sharpe,0.33871854244725075,0.15475959816078255,2.059442814759239
2021-09-29,Maximum Sharpe,0.3418417534744058,0.15470399602213195,2.0803713009996403
2021-09-30,Maximum Sharpe,0.329183708574287,0.15492319647251193,1.9957224974321102
2021-10-01,Maximum Sharpe,0.32600328577407534,0.15478115851299967,1.9770060433316559
2021-10-04,Maximum Sharpe,0.32036736990090287,0.15510677489043362,1.9365199883311373
2021-10-05,Maximum Sharpe,0.3040416151192469,0.15402491374627797,1.844127733693412
2021-10-06,Maximum Sharpe,0.316935764401308,0.15355824962487302,1.9337011533192874
2021-10-07,Maximum Sharpe,0.30984833476322704,0.15312648499574893,1.8928687272569062
2021-10-08,Maximum Sharpe,0.29469889037184527,0.15304515604899063,1.7948878452834702
2021-10-11,Maximum Sharpe,0.275413168613718,0.15296752948514236,1.669721472742528
2021-10-12,Maximum Sharpe,0.2577530390288747,0.15236284247818832,1.5604397710216684
2021-10-13,Maximum Sharpe,0.27416399960481264,0.1523061308248151,1.6687706412629972
2021-10-14,Maximum Sharpe,0.3010770255633115,0.15271917927853956,1.8404828187994922
2021-10-15,Maximum Sharpe,0.3105005939974026,0.15270504351100125,1.9023641087301362
2021-10-18,Maximum Sharpe,0.3134284297649723,0.15269203218812516,1.92170099225251
2021-10-19,Maximum Sharpe,0.3362858431042264,0.15226780962779576,2.0771681412989205
2021-10-20,Maximum Sharpe,0.33646229807903527,0.1522696911050731,2.078301307255307
2021-10-21,Maximum Sharpe,0.34375021331399624,0.15217112162069213,2.1275404286037207
2021-10-22,Maximum Sharpe,0.33482715837752,0.15211909807806012,2.0696096831705244
2021-10-25,Maximum Sharpe,0.33596719111392215,0.15214071697338039,2.076808874045243
2021-10-26,Maximum Sharpe,0.35977810352788686,0.15090083415801825,2.2516648461471243
2021-10-27,Maximum Sharpe,0.3546012164969954,0.1510570975230139,2.215064515230859
2021-10-28,Maximum Sharpe,0.4194421895079341,0.14747738621384926,2.7084978908476436
2021-10-29,Maximum Sharpe,0.40346591097322415,0.1471720254078376,2.605562503543576
2021-11-01,Maximum Sharpe,0.43992424844569555,0.14675640180949004,2.861369202761014
2021-11-02,Maximum Sharpe,0.4265481252812364,0.14644181149381488,2.7761751997885344
2021-11-03,Maximum Sharpe,0.41034045561505716,0.14517914174004762,2.68868138312862
2021-11-04,Maximum Sharpe,0.3883839414526671,0.1440709186033323,2.5569625363945345
2021-11-05,Maximum Sharpe,0.3617196542518213,0.14216166610107608,2.4037397958522844
2021-11-08,Maximum Sharpe,0.3643489446274979,0.14213969889147654,2.4226092169395113
2021-11-09,Maximum Sharpe,0.33827662854576657,0.1416085506715453,2.2475805806670177
2021-11-10,Maximum Sharpe,0.3171664177482161,0.14234096373185634,2.0877083445073605
2021-11-11,Maximum Sharpe,0.31004795087285886,0.14211368664840165,2.040957192184142
2021-11-12,Maximum Sharpe,0.33244407031647594,0.14163568971627272,2.205969914379418
2021-11-15,Maximum Sharpe,0.31091293537225884,0.14100578296479552,2.0631276906202505
2021-11-16,Maximum Sharpe,0.2960614348525181,0.14045005552651535,1.9655487768774922
2021-11-17,Maximum Sharpe,0.2913179002779338,0.14054480689045576,1.9304726106984937
2021-11-18,Maximum Sharpe,0.30622124508062565,0.14016721886272068,2.0419984601460186
2021-11-19,Maximum Sharpe,0.29180519332506005,0.14013849327824685,1.9395469935971639
2021-11-22,Maximum Sharpe,0.2856258085172716,0.1403157729013867,1.893057373556658
2021-11-23,Maximum Sharpe,0.27624975570046795,0.14026804903964038,1.826857630478988
2021-11-24,Maximum Sharpe,0.25588115266241007,0.1394724083376766,1.6912388297713932
2021-11-26,Maximum Sharpe,0.22114676297509872,0.1423411382560923,1.4131316177422062
2021-11-29,Maximum Sharpe,0.22414085871778067,0.1424556911544894,1.4330130096129003
2021-11-30,Maximum Sharpe,0.2195524160481772,0.14282699090989476,1.3971618023799774
2021-12-01,Maximum Sharpe,0.1842347921117462,0.14296506444051185,1.148775700934159
2021-12-02,Maximum Sharpe,0.20238360448843018,0.14381240092267408,1.26820499010023
2021-12-03,Maximum Sharpe,0.18361541823861272,0.14447068761894846,1.132516366712117
2021-12-06,Maximum Sharpe,0.18507725602395975,0.14456938279836404,1.141854885374995
2021-12-07,Maximum Sharpe,0.21434525721660003,0.14642230112634583,1.3272927397097942
2021-12-08,Maximum Sharpe,0.21210254841875376,0.14636670675834937,1.3124743507136087
2021-12-09,Maximum Sharpe,0.20624301263152334,0.1467819209035354,1.2688416358437062
2021-12-10,Maximum Sharpe,0.20562361001554885,0.14677015233739396,1.2647231542612214
2021-12-13,Maximum Sharpe,0.1949859283393851,0.14726833933364122,1.1882114589677608
2021-12-14,Maximum Sharpe,0.18286333199595828,0.14751860653252186,1.1040189154718836
2021-12-15,Maximum Sharpe,0.18517189120755506,0.14772450745123397,1.1181075777970066
2021-12-16,Maximum Sharpe,0.1663733828307925,0.14844538359185333,0.9860419993473308
2021-12-17,Maximum Sharpe,0.15278986660281513,0.14831550279758335,0.8953202065737043
2021-12-20,Maximum Sharpe,0.14755723455864045,0.14853467211548455,0.8587707687499772
2021-12-21,Maximum Sharpe,0.17648409183363567,0.14970957483562253,1.0452510602975889
2021-12-22,Maximum Sharpe,0.18481350769407823,0.14999583408880363,1.0987872342941334
2021-12-23,Maximum Sharpe,0.18787799438356734,0.15008031573617336,1.1185876945960094
2021-12-27,Maximum Sharpe,0.19950126542215396,0.15046282162623656,1.1929941462087663
2021-12-28,Maximum Sharpe,0.1895565785969413,0.15043936241720504,1.1270758920575559
2021-12-29,Maximum Sharpe,0.19439455781507275,0.1503761582801125,1.1597221249010772
2021-12-30,Maximum Sharpe,0.18792373536124973,0.15037366056900772,1.116709766363559
2021-12-31,Maximum Sharpe,0.18634211120890587,0.15039932287647173,1.1060030592393593
2022-01-03,Maximum Sharpe,0.20653343882247843,0.15036867641097842,1.240507286987462
2022-01-04,Maximum Sharpe,0.19088438044506706,0.1500621729300763,1.1387572038204006
2022-01-05,Maximum Sharpe,0.1490463854110451,0.15163110360698215,0.8510548452217617
2022-01-06,Maximum Sharpe,0.13267098259697874,0.15100088374261278,0.7461610806797069
2022-01-07,Maximum Sharpe,0.11835343383192587,0.15101967405136218,0.6512623898160157
2022-01-10,Maximum Sharpe,0.12440481024920458,0.15076762146778008,0.6924882758830051
2022-01-11,Maximum Sharpe,0.13050242304170068,0.15106928168637285,0.7314685143675275
2022-01-12,Maximum Sharpe,0.1330331662935016,0.1510757286654123,0.7481887877822939
2022-01-13,Maximum Sharpe,0.1111199610759781,0.15159663570174525,0.6010684910927023
2022-01-14,Maximum Sharpe,0.12671374201785568,0.1510684232307615,0.7063934324305965
2022-01-18,Maximum Sharpe,0.08939062597224967,0.15241396642107738,0.4552773449943733
2022-01-19,Maximum Sharpe,0.06642119758537213,0.1523005769915948,0.3047998799632521
2022-01-20,Maximum Sharpe,0.05353042889692383,0.15278603391803872,0.21946003857205335
2022-01-21,Maximum Sharpe,0.032365990280229795,0.15404678976646888,0.08027424848629647
2022-01-24,Maximum Sharpe,0.03587244006119694,0.15413090453665687,0.10298025635359849
2022-01-25,Maximum Sharpe,0.023201791169389363,0.15473254391287236,0.02069242247572847
2022-01-26,Maximum Sharpe,0.04076617949728445,0.15308974223370336,0.13564709950052214
2022-01-27,Maximum Sharpe,0.024705313109234073,0.15351582808481665,0.030650345100795815
2022-01-28,Maximum Sharpe,0.06417821484654729,0.1534068982899902,0.28798062759235066
2022-01-31,Maximum Sharpe,0.06885562251630928,0.15404795339903496,0.3171455474631144
2022-02-01,Maximum Sharpe,0.06240232053702588,0.153639174391272,0.2759863863173342
2022-02-02,Maximum Sharpe,0.06523812589935218,0.15366667577280127,0.29439125738775984
2022-02-03,Maximum Sharpe,0.028056408133722455,0.1552343949111964,0.05189834468276965
2022-02-04,Maximum Sharpe,0.025672425946140942,0.1551434635447262,0.03656245526905903
2022-02-07,Maximum Sharpe,0.012184935380186168,0.15466597018888872,-0.05052866257696853
2022-02-08,Maximum Sharpe,0.019290347506377703,0.1549524174624567,-0.004579809113299175
2022-02-09,Maximum Sharpe,0.04233295925864433,0.15603398700613616,0.14312881242832096
2022-02-10,Maximum Sharpe,0.020008213825992494,0.15705717590178897,5.2298317127702557e-05
2022-02-11,Maximum Sharpe,-0.003383649038845027,0.15807148054716427,-0.14793085354741126
2022-02-14,Maximum Sharpe,-0.006048670937983225,0.1581041556913759,-0.16475639633932848
2022-02-15,Maximum Sharpe,0.020934602706572436,0.15947194086085648,0.005860609092278506
2022-02-16,Maximum Sharpe,0.030861640140086744,0.15928377746847497,0.06819049819581564
2022-02-17,Maximum Sharpe,0.0017187021685241,0.16086711171911094,-0.11364223324526868
2022-02-18,Maximum Sharpe,0.004836465045913396,0.16068193992287913,-0.094369877295261
2022-02-22,Maximum Sharpe,-0.003280083838664849,0.16103836586928771,-0.1445623452088487
2022-02-23,Maximum Sharpe,-0.03262597994246319,0.16166069256411517,-0.3255335549276554
2022-02-24,Maximum Sharpe,0.01426085296781765,0.16009274678053656,-0.03584888851991447
2022-02-25,Maximum Sharpe,0.03984133658736466,0.16140885178956285,0.12292595088423557
2022-02-28,Maximum Sharpe,0.008595317527378965,0.15911310665475517,-0.07167657468574856
2022-03-01,Maximum Sharpe,0.0039616713883241506,0.15950969058275755,-0.10054767552416993
2022-03-02,Maximum Sharpe,0.0388331465886842,0.15992863850780992,0.11775968809841712
2022-03-03,Maximum Sharpe,0.04675909213486307,0.1592776370996435,0.16800281961819086
2022-03-04,Maximum Sharpe,0.018684010579367527,0.15915662834785216,-0.008268517838642898
2022-03-07,Maximum Sharpe,-0.0030887310184428696,0.16171036246397116,-0.14277830230939595
2022-03-08,Maximum Sharpe,-0.027553179193039457,0.159981439715114,-0.2972418505404096
2022-03-09,Maximum Sharpe,-0.004504505661075853,0.16268478306168754,-0.1506256774598527
2022-03-10,Maximum Sharpe,-0.02566804626684205,0.16199646722160002,-0.28190766780346704
2022-03-11,Maximum Sharpe,-0.04113387204250363,0.16274397581408098,-0.37564445465153856
2022-03-14,Maximum Sharpe,-0.05913674315447004,0.16323396488364297,-0.48480561757401763
2022-03-15,Maximum Sharpe,-0.03639310315977251,0.1645924389753477,-0.3426226837079615
2022-03-16,Maximum Sharpe,-0.013546825752726144,0.1671474315535762,-0.2007020116367944
2022-03-17,Maximum Sharpe,0.02241701370724436,0.166159839786869,0.014546317030304259
2022-03-18,Maximum Sharpe,0.03140105559430606,0.16659936453229565,0.06843396807852734
2022-03-21,Maximum Sharpe,0.022480443361727165,0.16661016660261488,0.014887707108794373
2022-03-22,Maximum Sharpe,0.05362210921694244,0.16618063787635456,0.20232266313695768
2022-03-23,Maximum Sharpe,0.05290050287349102,0.16623970670966784,0.19791001515029533
2022-03-24,Maximum Sharpe,0.05898805317593725,0.16666116714383628,0.23393603827512355
2022-03-25,Maximum Sharpe,0.04546951978261293,0.16598855627327766,0.15344142002585298
2022-03-28,Maximum Sharpe,0.06347738812370807,0.1658220645251925,0.2621930214667106
2022-03-29,Maximum Sharpe,0.08174585980981885,0.1669674968495661,0.3698076630174941
2022-03-30,Maximum Sharpe,0.06075979089770134,0.1672380661272041,0.2437231656738888
2022-03-31,Maximum Sharpe,0.032834883529829995,0.16720346905137187,0.07676206482227102
2022-04-01,Maximum Sharpe,0.026107750763383564,0.16683189124933878,0.03661021113915935
2022-04-04,Maximum Sharpe,0.03869174839199685,0.166955444964712,0.11195650669522979
2022-04-05,Maximum Sharpe,0.024042791335240787,0.1678541664957611,0.024085141403641486
2022-04-06,Maximum Sharpe,0.004872830236887227,0.16810629823001194,-0.08998574070327203
2022-04-07,Maximum Sharpe,0.0014206258431064267,0.16807469550714532,-0.11054236392237708
2022-04-08,Maximum Sharpe,-0.0024095678169124835,0.1681860991849083,-0.13324268727033622
2022-04-11,Maximum Sharpe,-0.02155311080378597,0.16879391227989915,-0.24617659631516423
2022-04-12,Maximum Sharpe,-0.02266905474322478,0.16879996838034997,-0.25277880767773825
2022-04-13,Maximum Sharpe,-0.016706377176526233,0.1692567804569763,-0.21686798648433878
2022-04-14,Maximum Sharpe,-0.03315967582783308,0.1697471727862611,-0.313169727396695
2022-04-18,Maximum Sharpe,-0.028270703338010073,0.1696087032981253,-0.2846003913676735
2022-04-19,Maximum Sharpe,0.004921012965243277,0.17017427890588127,-0.08860908435578857
2022-04-20,Maximum Sharpe,-0.009681910163887308,0.16960958133395657,-0.17500137628100415
2022-04-21,Maximum Sharpe,-0.020829085038489015,0.17040781046472306,-0.23959632441226186
2022-04-22,Maximum Sharpe,-0.05821454509038182,0.17174626385979438,-0.455407549093659
2022-04-25,Maximum Sharpe,-0.0569177585000924,0.17179620898209272,-0.4477267511072376
2022-04-26,Maximum Sharpe,-0.08414318673797316,0.17444004963918178,-0.5970142003134417
2022-04-27,Maximum Sharpe,-0.0859065381110008,0.17444372491708707,-0.607110047445605
2022-04-28,Maximum Sharpe,-0.06378550189277554,0.17628643024250773,-0.47528049537060996
2022-04-29,Maximum Sharpe,-0.09000230371069973,0.1799970604397854,-0.6111338898642676
2022-05-02,Maximum Sharpe,-0.0876167474059768,0.1800746088282627,-0.5976231080341314
2022-05-03,Maximum Sharpe,-0.06978586543105547,0.17969525259768127,-0.4996563021733054
2022-05-04,Maximum Sharpe,-0.0455093183916766,0.1818514562109982,-0.36023532478985265
2022-05-05,Maximum Sharpe,-0.08880922285842197,0.186049976445468,-0.5848386811826036
2022-05-06,Maximum Sharpe,-0.1086679039805315,0.1860744602357141,-0.6914861062476734
2022-05-09,Maximum Sharpe,-0.1284431083620724,0.18924654085909853,-0.7843900749160541
2022-05-10,Maximum Sharpe,-0.12108909540058899,0.18915488248116713,-0.7458919037664082
2022-05-11,Maximum Sharpe,-0.11766530703318756,0.18871134032032555,-0.7295020362820243
2022-05-12,Maximum Sharpe,-0.12460253262327381,0.18837235369234587,-0.7676420121576972
2022-05-13,Maximum Sharpe,-0.1159672941854829,0.1897359907079732,-0.7166130878919705
2022-05-16,Maximum Sharpe,-0.12008994107123694,0.18983056870460005,-0.737973562567967
2022-05-17,Maximum Sharpe,-0.09493474930619072,0.19136746259490042,-0.6005971325934982
2022-05-18,Maximum Sharpe,-0.12635601762774407,0.19530637352775213,-0.7493663160303755
2022-05-19,Maximum Sharpe,-0.13995324583720248,0.19490071265877948,-0.820690923368962
2022-05-20,Maximum Sharpe,-0.14023995739475315,0.19490062569872163,-0.8221623548938877
2022-05-23,Maximum Sharpe,-0.13541270643477088,0.19527737200921697,-0.7958561959110936
2022-05-24,Maximum Sharpe,-0.14286237834848514,0.1955662612944921,-0.8327733897987647
2022-05-25,Maximum Sharpe,-0.1375144737243459,0.19589841015563758,-0.8040620319440245
2022-05-26,Maximum Sharpe,-0.1223800248940492,0.19697706169176432,-0.7228254075433909
2022-05-27,Maximum Sharpe,-0.0995537845320017,0.1989722951801407,-0.6008564379466147
2022-05-31,Maximum Sharpe,-0.10973135740010864,0.19906917148286252,-0.6516898444582965
2022-06-01,Maximum Sharpe,-0.11822888015506128,0.19918137764191987,-0.6939849587925007
2022-06-02,Maximum Sharpe,-0.09423395524133182,0.20016358276463997,-0.570702990341917
2022-06-03,Maximum Sharpe,-0.1150964157901222,0.20043181363566806,-0.674026809115701
2022-06-06,Maximum Sharpe,-0.11788787502719,0.20036684502660454,-0.6881771033969286
2022-06-07,Maximum Sharpe,-0.11009550668398815,0.20071890880877935,-0.6481477378293611
2022-06-08,Maximum Sharpe,-0.12068452862869505,0.20122748718378308,-0.6991317667263144
2022-06-09,Maximum Sharpe,-0.14221624300311486,0.20247296006800972,-0.8011748479827981
2022-06-10,Maximum Sharpe,-0.16936176275518056,0.2041448203039368,-0.9275854389704975
2022-06-13,Maximum Sharpe,-0.20737171132399734,0.20866852614396958,-1.0896310791361203
2022-06-14,Maximum Sharpe,-0.20937724337974317,0.20869875808697597,-1.0990829340927337
2022-06-15,Maximum Sharpe,-0.19165651026139696,0.20951001972573663,-1.0102452882132809
2022-06-16,Maximum Sharpe,-0.21782433459261685,0.21234740536096153,-1.1199775866738189
2022-06-17,Maximum Sharpe,-0.19951272457453684,0.21180264676659216,-1.0364021787529465
2022-06-21,Maximum Sharpe,-0.19546905226044942,0.21223743570711467,-1.0152264210249615
2022-06-22,Maximum Sharpe,-0.19791377827454115,0.21218666320997487,-1.0269909285434158
2022-06-23,Maximum Sharpe,-0.18710781828366863,0.2125906909562255,-0.9742092532467198
2022-06-24,Maximum Sharpe,-0.17121837047801902,0.21445097905987212,-0.8916647119835864
2022-06-27,Maximum Sharpe,-0.17378966347717972,0.21443913294578393,-0.9037047520900723
2022-06-28,Maximum Sharpe,-0.18741626577469295,0.21514136685486218,-0.964092906942528
2022-06-29,Maximum Sharpe,-0.19095051339173896,0.21518166879357253,-0.9803368222509111
2022-06-30,Maximum Sharpe,-0.1945572664650267,0.21526106960816238,-0.9967304671280468
2022-07-01,Maximum Sharpe,-0.18775191106615396,0.21563164590270897,-0.9634574285069907
2022-07-05,Maximum Sharpe,-0.186273958882183,0.2156633964095283,-0.9564625352115133
2022-07-06,Maximum Sharpe,-0.18262139793992804,0.2156086521135847,-0.939764689188749
2022-07-07,Maximum Sharpe,-0.17067397822508534,0.21614673655703628,-0.8821506225923089
2022-07-08,Maximum Sharpe,-0.16429173449269596,0.21597242258349467,-0.8533114195237079
2022-07-11,Maximum Sharpe,-0.1864848705652905,0.21573430907783087,-0.9571257879561316
2022-07-12,Maximum Sharpe,-0.1936971311411846,0.215760676516203,-0.9904359524249848
2022-07-13,Maximum Sharpe,-0.19014955170828085,0.2156607970266191,-0.9744448439664348
2022-07-14,Maximum Sharpe,-0.1925039086499808,0.21571414929148017,-0.9851180803297164
2022-07-15,Maximum Sharpe,-0.17167600750609546,0.21652007927586242,-0.8852574234553379
2022-07-18,Maximum Sharpe,-0.16936406955976224,0.21642988568662413,-0.8749441832351592
2022-07-19,Maximum Sharpe,-0.13240029987192792,0.2180837466201745,-0.6988154882415692
2022-07-20,Maximum Sharpe,-0.14020539410993693,0.2175545769929725,-0.7363917428182258
2022-07-21,Maximum Sharpe,-0.14397633112670394,0.21732602261417283,-0.7545177018116112
2022-07-22,Maximum Sharpe,-0.14822119840984638,0.21743458953108455,-0.7736634671265006
2022-07-25,Maximum Sharpe,-0.15335038891742536,0.21728189979031526,-0.7978132973096914
2022-07-26,Maximum Sharpe,-0.1608873367998277,0.21736426268877276,-0.8321852661622965
2022-07-27,Maximum Sharpe,-0.136666740211285,0.21827150498588532,-0.7177608466181417
2022-07-28,Maximum Sharpe,-0.1263108953276414,0.21899299840504022,-0.668107639939387
2022-07-29,Maximum Sharpe,-0.122431709211833,0.21915957750476212,-0.6498995427600607
2022-08-01,Maximum Sharpe,-0.12054065833356709,0.21912003800126506,-0.6413866098944163
2022-08-02,Maximum Sharpe,-0.12598867426462745,0.2192047371171855,-0.6659923329420696
2022-08-03,Maximum Sharpe,-0.12025083368234246,0.21950250483655243,-0.6389486707077765
2022-08-04,Maximum Sharpe,-0.1164014106885487,0.21945214009127725,-0.6215542515639854
2022-08-05,Maximum Sharpe,-0.12314575972159236,0.21924162456589377,-0.6529132412926881
2022-08-08,Maximum Sharpe,-0.11860722685872616,0.21931192810175215,-0.6320095220466888
2022-08-09,Maximum Sharpe,-0.12154464596556924,0.21935428804520452,-0.6452786823861849
2022-08-10,Maximum Sharpe,-0.1021904904646791,0.22052390620419268,-0.5540918105792013
2022-08-11,Maximum Sharpe,-0.10547608887425353,0.22048954001804072,-0.5690795529982371
2022-08-12,Maximum Sharpe,-0.08956780204090109,0.22126358697944423,-0.49519129440435283
2022-08-15,Maximum Sharpe,-0.08599998543533616,0.22130720370685514,-0.4789721421619171
2022-08-16,Maximum Sharpe,-0.08293616915887958,0.2212777981099115,-0.465189775197193
2022-08-17,Maximum Sharpe,-0.08342420339930778,0.2213007715831313,-0.4673467817551492
2022-08-18,Maximum Sharpe,-0.07513993152611531,0.22117351779729408,-0.43015968852704706
2022-08-19,Maximum Sharpe,-0.08483622385028777,0.22165321037146962,-0.4729740826879623
2022-08-22,Maximum Sharpe,-0.11335856003652589,0.2224291827014338,-0.5995551411773732
2022-08-23,Maximum Sharpe,-0.12860322288848036,0.22202744213413586,-0.6693011524165696
2022-08-24,Maximum Sharpe,-0.1280213428475302,0.22204356827290128,-0.6666319767731596
2022-08-25,Maximum Sharpe,-0.11645323163615029,0.22257396825520367,-0.6130691414895959
2022-08-26,Maximum Sharpe,-0.13819086619985943,0.22465280835660126,-0.7041570829097142
2022-08-29,Maximum Sharpe,-0.15796300210372438,0.22425106337233938,-0.7935882195048513
2022-08-30,Maximum Sharpe,-0.1703388248609108,0.22455990619648236,-0.8476082310720717
2022-08-31,Maximum Sharpe,-0.17544199671697358,0.22462574914561334,-0.8700783301128961
2022-09-01,Maximum Sharpe,-0.18188184692994236,0.2245600745328796,-0.899010420039664
2022-09-02,Maximum Sharpe,-0.1922989806313914,0.2246705851589026,-0.944934471422856
2022-09-06,Maximum Sharpe,-0.19435248624653156,0.2246693673236372,-0.9540797163404829
2022-09-07,Maximum Sharpe,-0.17743792891259869,0.22551126724457138,-0.8755124802632295
2022-09-08,Maximum Sharpe,-0.16808100127891634,0.22550104905763432,-0.8340582097728776
2022-09-09,Maximum Sharpe,-0.15387394336190574,0.22602203964266118,-0.769278711212406
2022-09-12,Maximum Sharpe,-0.13931743607698233,0.2262043792479357,-0.7043074789562732
2022-09-13,Maximum Sharpe,-0.17554539295468474,0.2292222288340952,-0.8530821550305017
2022-09-14,Maximum Sharpe,-0.17120593143784724,0.22914577877633907,-0.8344292112161334
2022-09-15,Maximum Sharpe,-0.18732178708405656,0.22934921413608944,-0.9039568235059989
2022-09-16,Maximum Sharpe,-0.19204517310577252,0.22941567788612552,-0.924283706587066
2022-09-19,Maximum Sharpe,-0.1817902376084123,0.22936061313373288,-0.8797946380216328
2022-09-20,Maximum Sharpe,-0.17799036182393235,0.22901844959063203,-0.8645170822605688
2022-09-21,Maximum Sharpe,-0.19261303872996727,0.2293893214067849,-0.9268654592378884
2022-09-22,Maximum Sharpe,-0.21107970422614164,0.22947476093611605,-1.0069939861075718
2022-09-23,Maximum Sharpe,-0.23511970354832135,0.2297164959832993,-1.1105850385549538
2022-09-26,Maximum Sharpe,-0.24511910751528299,0.2302399762570793,-1.1514903355412907
2022-09-27,Maximum Sharpe,-0.24934714243541523,0.23023625385869984,-1.169872849828066
2022-09-28,Maximum Sharpe,-0.21332910862081034,0.2304916324234961,-1.012310538857657
2022-09-29,Maximum Sharpe,-0.2296340952542013,0.23146121101369907,-1.0785137352427776
2022-09-30,Maximum Sharpe,-0.22684241846367792,0.2313927494511118,-1.066768163865179
2022-10-03,Maximum Sharpe,-0.21568226058862572,0.23247603987180182,-1.0137916179172355
2022-10-04,Maximum Sharpe,-0.1823315141996995,0.23408140195004265,-0.8643639029591972
2022-10-05,Maximum Sharpe,-0.19647660006613088,0.2340799301648892,-0.9247977813118865
2022-10-06,Maximum Sharpe,-0.2062897420303783,0.23442578263568595,-0.9652937466441068
2022-10-07,Maximum Sharpe,-0.234604287797598,0.23545597370497096,-1.0813243927997347
2022-10-10,Maximum Sharpe,-0.23805108549669662,0.2355507408538992,-1.095522283484361
2022-10-11,Maximum Sharpe,-0.23300920758276766,0.2355102480014101,-1.0743023275201715
2022-10-12,Maximum Sharpe,-0.23688563156505815,0.2355333262802099,-1.090655134125036
2022-10-13,Maximum Sharpe,-0.22644899032360133,0.23638997663216982,-1.0425526235703455
2022-10-14,Maximum Sharpe,-0.25553159946731563,0.23696529820132115,-1.1627508397167476
2022-10-17,Maximum Sharpe,-0.23714702743414995,0.2388318003015134,-1.0766867188938596
2022-10-18,Maximum Sharpe,-0.23007159324786897,0.2391025849824492,-1.0458757410181279
2022-10-19,Maximum Sharpe,-0.24694204594728741,0.2394754628487599,-1.1146947698598832
2022-10-20,Maximum Sharpe,-0.2553715147839941,0.239530323930067,-1.1496311208780032
2022-10-21,Maximum Sharpe,-0.24289121286656423,0.24027353126193415,-1.094133055296771
2022-10-24,Maximum Sharpe,-0.23864610074298764,0.24033966595257056,-1.0761690115439777
2022-10-25,Maximum Sharpe,-0.2236044470118871,0.24168849587044353,-1.007927357628435
2022-10-26,Maximum Sharpe,-0.22326510869482596,0.24168920654472426,-1.0065203662696873
2022-10-27,Maximum Sharpe,-0.21899573966009656,0.24161603885605948,-0.9891551106939389
2022-10-28,Maximum Sharpe,-0.2136849978814347,0.2421099075754988,-0.9652021275030352
2022-10-31,Maximum Sharpe,-0.21581505606335305,0.2421194758257494,-0.9739615339043045
2022-11-01,Maximum Sharpe,-0.22501166752747648,0.24178397716682928,-1.0133494799716198
2022-11-02,Maximum Sharpe,-0.2467454086378823,0.24311331702086555,-1.0972060761895184
2022-11-03,Maximum Sharpe,-0.2596194771132977,0.2428423359486527,-1.1514445206638981
2022-11-04,Maximum Sharpe,-0.2507409950033278,0.24336755416375008,-1.1124777743427519
2022-11-07,Maximum Sharpe,-0.25182539099901957,0.24333399147242177,-1.1170876265752905
2022-11-08,Maximum Sharpe,-0.24857807846888458,0.2434023818473855,-1.1034324168499074
2022-11-09,Maximum Sharpe,-0.25869727354557714,0.24396850312557533,-1.142349401562407
2022-11-10,Maximum Sharpe,-0.2036779448656747,0.2511703065014357,-0.890542946661556
2022-11-11,Maximum Sharpe,-0.20233396148080407,0.25121039418299124,-0.885050804541342
2022-11-14,Maximum Sharpe,-0.2170877900754924,0.25142516240954255,-0.9429755868639105
2022-11-15,Maximum Sharpe,-0.20747735338826656,0.251684596864188,-0.9038191300638714
2022-11-16,Maximum Sharpe,-0.21748738114779742,0.25185487069566564,-0.9429532988256975
2022-11-17,Maximum Sharpe,-0.21912461683303897,0.2518929235846722,-0.9493105778045359
2022-11-18,Maximum Sharpe,-0.21582358077162822,0.25197975242595044,-0.9358830560837619
2022-11-21,Maximum Sharpe,-0.21387078228170442,0.25195954738401116,-0.928207661546805
2022-11-22,Maximum Sharpe,-0.20158765575905024,0.25208523833859064,-0.8790187684906116
2022-11-23,Maximum Sharpe,-0.1973710597881133,0.2521200326009948,-0.8621729005252223
2022-11-25,Maximum Sharpe,-0.19508012805681418,0.25214130552053665,-0.8530142556880516
2022-11-28,Maximum Sharpe,-0.18858809942870225,0.2514264361940634,-0.8296188045544407
2022-11-29,Maximum Sharpe,-0.19087763431266924,0.25133613728404197,-0.8390263198576595
2022-11-30,Maximum Sharpe,-0.1571308355293467,0.2523046441177109,-0.702051427347915
2022-12-01,Maximum Sharpe,-0.14438023587120874,0.25191185773268654,-0.6525307595708296
2022-12-02,Maximum Sharpe,-0.15796102654810784,0.25134800461759954,-0.7080264146869097
2022-12-05,Maximum Sharpe,-0.16455800358988493,0.2518544684986973,-0.7327962243037968
2022-12-06,Maximum Sharpe,-0.1845045198567512,0.25173332811121824,-0.8123855565378261
2022-12-07,Maximum Sharpe,-0.203518915203607,0.25051362758947343,-0.8922425392757325
2022-12-08,Maximum Sharpe,-0.2015589789783886,0.2505755437662772,-0.8842003319567625
2022-12-09,Maximum Sharpe,-0.19497430168428986,0.2502678824238903,-0.8589767876014467
2022-12-12,Maximum Sharpe,-0.19058848910936,0.2504285232438552,-0.8409125541354533
2022-12-13,Maximum Sharpe,-0.17097890114900383,0.25049683210236307,-0.7624004644935476
2022-12-14,Maximum Sharpe,-0.16947932512268915,0.250450410406842,-0.7565542608410626
2022-12-15,Maximum Sharpe,-0.20008901701779935,0.2506106841660934,-0.8782108302770297
2022-12-16,Maximum Sharpe,-0.19904072914808568,0.25054572875857967,-0.8742544933150646
2022-12-19,Maximum Sharpe,-0.20474737229181195,0.25072725437045373,-0.8963818985539718
2022-12-20,Maximum Sharpe,-0.19533741923540848,0.25062369287223357,-0.8592061539257032
2022-12-21,Maximum Sharpe,-0.20170765199741847,0.2500778232413766,-0.8865546297698893
2022-12-22,Maximum Sharpe,-0.21825556859367645,0.25002644301912524,-0.9529214818908238
2022-12-23,Maximum Sharpe,-0.21889294238236323,0.25000229120040784,-0.9555630119840017
2022-12-27,Maximum Sharpe,-0.2296663884067065,0.24969969274938258,-0.999866622412269
2022-12-28,Maximum Sharpe,-0.23813195906495355,0.25003164850372817,-1.0323971409607557
2022-12-29,Maximum Sharpe,-0.22313220331591366,0.2509155636777048,-0.9689801611039613
2022-12-30,Maximum Sharpe,-0.22423683262011884,0.2509254457095212,-0.9733442215456088
2023-01-03,Maximum Sharpe,-0.2234248600524824,0.2509194819079348,-0.9701313672479116
2023-01-04,Maximum Sharpe,-0.219682170325733,0.25115725575014014,-0.9543111530258837
2023-01-05,Maximum Sharpe,-0.23036136220189396,0.2516062999339944,-0.9950520406983966
2023-01-06,Maximum Sharpe,-0.1930770391121185,0.2517438584765804,-0.846404120448249
2023-01-09,Maximum Sharpe,-0.19246606322963855,0.2517469186610691,-0.8439668869023379
2023-01-10,Maximum Sharpe,-0.18137390955245647,0.25182594864226066,-0.7996551214764788
2023-01-11,Maximum Sharpe,-0.1632140170237376,0.25251103959705296,-0.7255683447191189
2023-01-12,Maximum Sharpe,-0.16360393386105665,0.2524887248507271,-0.7271767639113565
2023-01-13,Maximum Sharpe,-0.1632825223085732,0.252493109445726,-0.7258911845591185
2023-01-17,Maximum Sharpe,-0.152649025251004,0.25217197018445225,-0.6846479611699869
2023-01-18,Maximum Sharpe,-0.16612406480998443,0.2525345922949975,-0.7370240374537053
2023-01-19,Maximum Sharpe,-0.15141544353497793,0.2516291157574718,-0.681222612172566
2023-01-20,Maximum Sharpe,-0.13146928471384145,0.25187087563441546,-0.6013767345363721
2023-01-23,Maximum Sharpe,-0.11324040424644377,0.25177938311494624,-0.529195054011292
2023-01-24,Maximum Sharpe,-0.09554275255575684,0.25105072647316407,-0.46023667877379243
2023-01-25,Maximum Sharpe,-0.09925815839758123,0.25098643555430367,-0.47515778346427184
2023-01-26,Maximum Sharpe,-0.08003709416070104,0.2507549988433845,-0.39894356891039207
2023-01-27,Maximum Sharpe,-0.06893008743772289,0.2507413594912408,-0.35466860201350026
2023-01-30,Maximum Sharpe,-0.06916232700318636,0.2507529410093292,-0.3555783898058811
2023-01-31,Maximum Sharpe,-0.06945465564871067,0.2507290243896576,-0.35677822249126345
2023-02-01,Maximum Sharpe,-0.08165389927211786,0.2497639048869191,-0.40699995989469245
2023-02-02,Maximum Sharpe,-0.07478507588233674,0.2501102572540345,-0.37897316536708237
2023-02-03,Maximum Sharpe,-0.09003452452636673,0.250431721968799,-0.43937933925190126
2023-02-06,Maximum Sharpe,-0.07502081566257224,0.24939798453349254,-0.3810007359935644
2023-02-07,Maximum Sharpe,-0.07448575511185118,0.24941080424230364,-0.3788358543604145
2023-02-08,Maximum Sharpe,-0.08174619075423872,0.24955961363581997,-0.40770295029674153
2023-02-09,Maximum Sharpe,-0.10076320967755259,0.24958464170026007,-0.4838567343522034
2023-02-10,Maximum Sharpe,-0.11518330502958962,0.24885876537748167,-0.5432129538396475
2023-02-13,Maximum Sharpe,-0.09059307139692119,0.24841302310458857,-0.4451983636556709
2023-02-14,Maximum Sharpe,-0.07598869809926079,0.24775962624462058,-0.38742671497449
2023-02-15,Maximum Sharpe,-0.06908553274899687,0.24777984579878104,-0.359535023770021
2023-02-16,Maximum Sharpe,-0.09787486659581146,0.2470080312507507,-0.47721066395671385
2023-02-17,Maximum Sharpe,-0.10028604495376514,0.24699895270830668,-0.4869901011111448
2023-02-21,Maximum Sharpe,-0.09871064017693165,0.24684711476270016,-0.480907545915823
2023-02-22,Maximum Sharpe,-0.09402312033203086,0.2467386060633124,-0.4621211173689328
2023-02-23,Maximum Sharpe,-0.078451636043253,0.24657759504748425,-0.3992724319672834
2023-02-24,Maximum Sharpe,-0.07255761650051495,0.24619537659170343,-0.3759518874069468
2023-02-27,Maximum Sharpe,-0.08648072973409249,0.24552267486263543,-0.43369000355533815
2023-02-28,Maximum Sharpe,-0.10630778428690246,0.244586731133207,-0.5164130682874722
2023-03-01,Maximum Sharpe,-0.10679982901469876,0.2445943157655079,-0.5184087316904842
2023-03-02,Maximum Sharpe,-0.08632690601589066,0.2441781860178005,-0.4354480133951829
2023-03-03,Maximum Sharpe,-0.09042584389944053,0.24385553136781132,-0.45283304947011194
2023-03-06,Maximum Sharpe,-0.08676828200421238,0.24373096878456474,-0.4380579231955768
2023-03-07,Maximum Sharpe,-0.09056538561817806,0.24397643020465884,-0.45318060242717156
2023-03-08,Maximum Sharpe,-0.05888370860803027,0.24220638663764277,-0.32568797917804565
2023-03-09,Maximum Sharpe,-0.07606244231375081,0.24299791794255454,-0.39532207982317064
2023-03-10,Maximum Sharpe,-0.12170678045537309,0.2419487284220495,-0.585689296156098
2023-03-13,Maximum Sharpe,-0.11590376439108241,0.24189464933457194,-0.5618303867610966
2023-03-14,Maximum Sharpe,-0.09033664679045705,0.24176635124720774,-0.456377184919489
2023-03-15,Maximum Sharpe,-0.08337898191137871,0.2414596307279355,-0.4281418869055628
2023-03-16,Maximum Sharpe,-0.09433452459097325,0.240683814569757,-0.47504035448065357
2023-03-17,Maximum Sharpe,-0.13398783813457937,0.2392868727029593,-0.6435281484318339
2023-03-20,Maximum Sharpe,-0.1365990122351024,0.2391300461196647,-0.6548696609908133
2023-03-21,Maximum Sharpe,-0.14219684227515927,0.23885345360854252,-0.6790642539378311
2023-03-22,Maximum Sharpe,-0.1583413014596876,0.23989285893003615,-0.7434206347580367
2023-03-23,Maximum Sharpe,-0.1699267844963983,0.23951805228622688,-0.7929539451558063
2023-03-24,Maximum Sharpe,-0.14818895271950705,0.23940131437325932,-0.7025398050124215
2023-03-27,Maximum Sharpe,-0.15870630592193902,0.23890442917652693,-0.748024247762659
2023-03-28,Maximum Sharpe,-0.16154607126931153,0.23888650397804023,-0.7599678853603226
2023-03-29,Maximum Sharpe,-0.1559338671525191,0.23920142785158213,-0.7355050876271575
2023-03-30,Maximum Sharpe,-0.16734655223413097,0.2384095653704535,-0.7858181023190991
2023-03-31,Maximum Sharpe,-0.14426628695421373,0.23869840415783472,-0.6881750530916654
2023-04-03,Maximum Sharpe,-0.13342502986730254,0.2383742424719088,-0.6436309069147137
2023-04-04,Maximum Sharpe,-0.14350456700318426,0.23833140309459105,-0.6860387044265884
2023-04-05,Maximum Sharpe,-0.1548752841718909,0.2382295109709869,-0.7340622220107244
2023-04-06,Maximum Sharpe,-0.13726664955165235,0.2376454576999892,-0.661770063159341
2023-04-10,Maximum Sharpe,-0.12355174190782359,0.237429386764107,-0.6046081484026508
2023-04-11,Maximum Sharpe,-0.11962996114188162,0.2374770523240345,-0.5879724368119504
2023-04-12,Maximum Sharpe,-0.11753356964723283,0.23742531900341832,-0.5792708638847935
2023-04-13,Maximum Sharpe,-0.09663743114991885,0.23713713937732642,-0.49185644836648057
2023-04-14,Maximum Sharpe,-0.10429097562951395,0.2373310608272329,-0.5237029455659519
2023-04-17,Maximum Sharpe,-0.10853461729144243,0.23705664357492037,-0.5422105677068687
2023-04-18,Maximum Sharpe,-0.09770082489292287,0.2366981785381943,-0.497261219413779
2023-04-19,Maximum Sharpe,-0.09421449000761939,0.2366981531030114,-0.48253223994491024
2023-04-20,Maximum Sharpe,-0.11681294918349505,0.23590874230864695,-0.5799401406010561
2023-04-21,Maximum Sharpe,-0.11636805212281043,0.23590831362176307,-0.578055304746285
2023-04-24,Maximum Sharpe,-0.10110537561346822,0.2352682715745169,-0.5147543899692837
2023-04-25,Maximum Sharpe,-0.09121611200330493,0.23436558772220945,-0.47454113500284
2023-04-26,Maximum Sharpe,-0.10410515548362198,0.23437484459955657,-0.5295156811545328
2023-04-27,Maximum Sharpe,-0.06046204450862347,0.23303359293348508,-0.3452808820211162
2023-04-28,Maximum Sharpe,-0.05059795972157144,0.2332039418558262,-0.3027305591824741
2023-05-01,Maximum Sharpe,-0.08408914956295377,0.23207409325415312,-0.4485168857213278
2023-05-02,Maximum Sharpe,-0.05157775442590773,0.22900776411378493,-0.31255601618093426
2023-05-03,Maximum Sharpe,-0.057909370371269864,0.2289177186666129,-0.3403378769676371
2023-05-04,Maximum Sharpe,-0.06716600901970249,0.22887155517056737,-0.3808512113038324
2023-05-05,Maximum Sharpe,-0.08117319462494288,0.22749739684946144,-0.4447224277115169
2023-05-08,Maximum Sharpe,-0.049013228068040426,0.22407346386707824,-0.3079937573910113
2023-05-09,Maximum Sharpe,-0.04160098242745325,0.22381012512174117,-0.2752376926376566
2023-05-10,Maximum Sharpe,0.004501979043517679,0.2205889364495891,-0.07025747168432477
2023-05-11,Maximum Sharpe,0.0009710005413048339,0.22059206997452174,-0.08626329795487664
2023-05-12,Maximum Sharpe,0.01864820140623169,0.219646987281388,-0.006154414456122413
2023-05-15,Maximum Sharpe,0.014281503770491533,0.21962191503361866,-0.026037912603726763
2023-05-16,Maximum Sharpe,-0.027634448067414885,0.21791039357796013,-0.21859649411524318
2023-05-17,Maximum Sharpe,-0.011583980303648045,0.21803037426003588,-0.14486045997416458
2023-05-18,Maximum Sharpe,-0.03526520341194317,0.2166890090867229,-0.2550438697600257
2023-05-19,Maximum Sharpe,0.0005246751336338562,0.21305509762589564,-0.09140980470959184
2023-05-22,Maximum Sharpe,0.006889391316358129,0.21304610404754895,-0.06153883330678398
2023-05-23,Maximum Sharpe,0.002180706496638374,0.21311400850785586,-0.08361390050389281
2023-05-24,Maximum Sharpe,-0.024117521808397102,0.21287911334413193,-0.20724213435199004
2023-05-25,Maximum Sharpe,-0.013083920733035104,0.21257392989980198,-0.15563489252247167
2023-05-26,Maximum Sharpe,-0.015183311446908876,0.21245363641402207,-0.16560465634179544
2023-05-30,Maximum Sharpe,-0.03133988925143005,0.2115061148905028,-0.24273477520027653
2023-05-31,Maximum Sharpe,-0.056395188784472694,0.2096636118154959,-0.3643702792437846
2023-06-01,Maximum Sharpe,-0.042935222714641785,0.20962753164170747,-0.3002240317469836
2023-06-02,Maximum Sharpe,-0.015447449692096882,0.21055014099747252,-0.1683563331953428
2023-06-05,Maximum Sharpe,-0.04173444661119263,0.20966729125787514,-0.29444004470522717
2023-06-06,Maximum Sharpe,-0.016103375013200694,0.20953229005031432,-0.17230458849340743
2023-06-07,Maximum Sharpe,-0.009902435473890914,0.20969004611501044,-0.1426030277922209
2023-06-08,Maximum Sharpe,-0.021516070628481265,0.2093483455236233,-0.19831095643312122
2023-06-09,Maximum Sharpe,-0.010484262632154406,0.20884766923435027,-0.1459641026587071
2023-06-12,Maximum Sharpe,0.017044819452385784,0.2076080507475384,-0.014234421723885173
2023-06-13,Maximum Sharpe,0.051755234282666374,0.20587432915683862,0.15424572074002818
2023-06-14,Maximum Sharpe,0.09919330568091422,0.20103075757563907,0.3939362644600155
2023-06-15,Maximum Sharpe,0.11384940270705446,0.20113434604964187,0.46660058090671164
2023-06-16,Maximum Sharpe,0.08981814737467353,0.20042236624461526,0.3483550697603308
2023-06-20,Maximum Sharpe,0.12363146552063742,0.19725741386905227,0.525361574442177
2023-06-21,Maximum Sharpe,0.11320518608887453,0.19723486836950163,0.4725593748173526
2023-06-22,Maximum Sharpe,0.0841557099939656,0.19642860985001884,0.3266108233568983
2023-06-23,Maximum Sharpe,0.07242690193720325,0.1966819706587701,0.26655672485690296
2023-06-26,Maximum Sharpe,0.06593711558527748,0.19640294125202765,0.23389219780741563
2023-06-27,Maximum Sharpe,0.04687863707839357,0.19453816581267644,0.13816639509326611
2023-06-28,Maximum Sharpe,0.05101821485625302,0.1945444937972206,0.15944020954190669
2023-06-29,Maximum Sharpe,0.07655222753617319,0.1937491569629262,0.29188373473539514
2023-06-30,Maximum Sharpe,0.09030602870059057,0.19381925579970655,0.3627401643376706
2023-07-03,Maximum Sharpe,0.10130743612456272,0.19370322095845843,0.4197526283881459
2023-07-05,Maximum Sharpe,0.08313463219857176,0.19334911184506004,0.3265317931698832
2023-07-06,Maximum Sharpe,0.06700960511700504,0.1936523961058227,0.24275250945677077
2023-07-07,Maximum Sharpe,0.0693465995406819,0.19364830571615713,0.254825878068938
2023-07-10,Maximum Sharpe,0.06170107122602597,0.19324952486545352,0.21578873870484072
2023-07-11,Maximum Sharpe,0.07394242861101441,0.1934693070024977,0.2788164667913862
2023-07-12,Maximum Sharpe,0.09646642976058373,0.19322338769716912,0.39574106774499956
2023-07-13,Maximum Sharpe,0.11152327713299859,0.19326115031485055,0.4735730744844157
2023-07-14,Maximum Sharpe,0.11051622613558076,0.19328192335927136,0.46831190709609044
2023-07-17,Maximum Sharpe,0.11996319384729737,0.19317502071606837,0.5174747411790099
2023-07-18,Maximum Sharpe,0.10436854644974014,0.1923409314454764,0.43864062535049336
2023-07-19,Maximum Sharpe,0.11871125778174174,0.19231824097345349,0.5132703860127718
2023-07-20,Maximum Sharpe,0.07912322057484689,0.1902391274192447,0.31078370352568147
2023-07-21,Maximum Sharpe,0.07161217795396801,0.1901048628254371,0.2714932021563312
2023-07-24,Maximum Sharpe,0.06697987277865258,0.18996919414418367,0.24730258498120272
2023-07-25,Maximum Sharpe,0.07358188183894687,0.18980591812669026,0.2822982674501352
2023-07-26,Maximum Sharpe,0.07575586933034861,0.18983289976055243,0.2937102546538393
2023-07-27,Maximum Sharpe,0.0676306265916593,0.19027420344262802,0.2503262435468348
2023-07-28,Maximum Sharpe,0.05336264481999442,0.18929852544938633,0.1762435536187774
2023-07-31,Maximum Sharpe,0.04060630321491021,0.18850094956550775,0.1093167077535019
2023-08-01,Maximum Sharpe,0.022970737128950036,0.1883923924066244,0.015768880531746868
2023-08-02,Maximum Sharpe,0.01734318051899142,0.18857535133574585,-0.01408890113256791
2023-08-03,Maximum Sharpe,0.015176877692328672,0.18866206326406718,-0.025564876288459135
2023-08-04,Maximum Sharpe,0.003549054489865089,0.18824063421340395,-0.08739316874317829
2023-08-07,Maximum Sharpe,0.005905628655544115,0.18824473942020484,-0.07487259079784461
2023-08-08,Maximum Sharpe,0.0012943403885461446,0.18826123893375318,-0.09936012169789314
2023-08-09,Maximum Sharpe,-0.006186766763871088,0.18820821477325592,-0.139137214575993
2023-08-10,Maximum Sharpe,-0.007204429080427066,0.18823761847867343,-0.14452174491098982
2023-08-11,Maximum Sharpe,-0.02839581489714138,0.18691056273797696,-0.2589249863047371
2023-08-14,Maximum Sharpe,-0.03173219020342266,0.18694346350742444,-0.27672639220877665
2023-08-15,Maximum Sharpe,-0.05761596335132391,0.18626090000590234,-0.4167056174906509
2023-08-16,Maximum Sharpe,-0.07096099266524003,0.18647305383468837,-0.4877969808221114
2023-08-17,Maximum Sharpe,-0.07706188908303047,0.18659915781574904,-0.5201625249502515
2023-08-18,Maximum Sharpe,-0.06456500802716003,0.1863687110356005,-0.4537511020881948
2023-08-21,Maximum Sharpe,-0.07047697210094261,0.1864310320646999,-0.48531068620348067
2023-08-22,Maximum Sharpe,-0.05406265956394274,0.1858015627882153,-0.39861160720355504
2023-08-23,Maximum Sharpe,-0.018952769914642342,0.18515915592444077,-0.210374527363573
2023-08-24,Maximum Sharpe,-0.021504708693447894,0.18523365475910103,-0.22406678066912492
2023-08-25,Maximum Sharpe,-0.024759481881708623,0.18516915298101908,-0.24172212898925308
2023-08-28,Maximum Sharpe,-0.03318977538967216,0.18465821246617112,-0.2880444615991091
2023-08-29,Maximum Sharpe,0.010196607191617302,0.18230382975189757,-0.05377502393517686
2023-08-30,Maximum Sharpe,0.021259695848300453,0.18212316650573657,0.006916724942077998
2023-08-31,Maximum Sharpe,0.0320691043181236,0.18168440846525807,0.06642894907755097
2023-09-01,Maximum Sharpe,0.03960216523597859,0.18157611770368698,0.10795563581752118
2023-09-05,Maximum Sharpe,0.02762986788291011,0.18212603158081953,0.04189334065363582
2023-09-06,Maximum Sharpe,0.034733292893457834,0.1819065638058971,0.08099373978158894
2023-09-07,Maximum Sharpe,0.03645026033215504,0.1818947460594408,0.09043834793765461
2023-09-08,Maximum Sharpe,0.016315530304361392,0.1809412720884334,-0.020362793148916612
2023-09-11,Maximum Sharpe,0.011186923685297723,0.18088099423027082,-0.04872306431201267
2023-09-12,Maximum Sharpe,-0.003927661811002903,0.1802791052221977,-0.13272565215758958
2023-09-13,Maximum Sharpe,-0.019876934523408107,0.18007047733409542,-0.22145181772035885
2023-09-14,Maximum Sharpe,0.027250335603212106,0.17619811760956477,0.04114876879262714
2023-09-15,Maximum Sharpe,0.024437688341208297,0.17624335463922158,0.025179322932728173
2023-09-18,Maximum Sharpe,0.03532253407894537,0.17577825699344515,0.08716967809913345
2023-09-19,Maximum Sharpe,0.03748512812460003,0.17571406502869374,0.09950898422243402
2023-09-20,Maximum Sharpe,0.030704334390294186,0.17567267864765124,0.06093340451513234
2023-09-21,Maximum Sharpe,0.024637170160047628,0.17628884290873068,0.026304388204807783
2023-09-22,Maximum Sharpe,0.038836829379082394,0.17568629400333716,0.10721854818523628
2023-09-25,Maximum Sharpe,0.04767212859215264,0.17524367050434436,0.15790657952160753
2023-09-26,Maximum Sharpe,0.054586277048154,0.17468082709670218,0.1979969846891511
2023-09-27,Maximum Sharpe,0.06954936255841981,0.173875026951202,0.2849711279833523
2023-09-28,Maximum Sharpe,0.07903715185769955,0.17389545313782806,0.3394979615189087
2023-09-29,Maximum Sharpe,0.05124120688956313,0.17232741714664976,0.18128982263441587
2023-10-02,Maximum Sharpe,0.058282641684212155,0.1716004573803616,0.22309172288134774
2023-10-03,Maximum Sharpe,0.04533403954066739,0.1723026043022015,0.1470322497054892
2023-10-04,Maximum Sharpe,0.027931599465488954,0.17082089074121087,0.046432256798760736
2023-10-05,Maximum Sharpe,-0.0005893227711616378,0.1683334833133572,-0.12231269956455468
2023-10-06,Maximum Sharpe,0.011324995716316621,0.1680800132379598,-0.05161234888410983
2023-10-09,Maximum Sharpe,0.0388496455181182,0.16804363814068743,0.11217113439508572
2023-10-10,Maximum Sharpe,0.07063180633562083,0.1660818002968106,0.30486065447950916
2023-10-11,Maximum Sharpe,0.09052257433525579,0.16615915474733764,0.42442785919615883
2023-10-12,Maximum Sharpe,0.07094327408519763,0.1670748900531407,0.3049128092736996
2023-10-13,Maximum Sharpe,0.08317920583072258,0.16712860103164523,0.3780274916485408
2023-10-16,Maximum Sharpe,0.06589003880784072,0.1659415874268912,0.27654332780237184
2023-10-17,Maximum Sharpe,0.092909652106685,0.16419661427035978,0.44403870585683813
2023-10-18,Maximum Sharpe,0.049876274844770085,0.16204277844706488,0.18437276335970676
2023-10-19,Maximum Sharpe,0.024921634150209426,0.16227582547408495,0.030328819069821333
2023-10-20,Maximum Sharpe,0.037206306657460386,0.16152274162631475,0.10652559809359496
2023-10-23,Maximum Sharpe,0.04137469106700098,0.1613733412330682,0.13245490800199738
2023-10-24,Maximum Sharpe,0.03223804601808733,0.16063313007464108,0.07618631357305121
2023-10-25,Maximum Sharpe,0.012163117999118622,0.1612740021466161,-0.04859358542957702
2023-10-26,Maximum Sharpe,-0.003111795686589036,0.1595793798194486,-0.14482946175588723
2023-10-27,Maximum Sharpe,-0.009600270605954586,0.15972486587398332,-0.1853203660180754
2023-10-30,Maximum Sharpe,-0.006726972749351856,0.15972593748633063,-0.1673301980252215
2023-10-31,Maximum Sharpe,-0.02059349311228409,0.15858066185945202,-0.2559800964146661
2023-11-01,Maximum Sharpe,-0.007302371409785513,0.15889914983015893,-0.17182201062100047
2023-11-02,Maximum Sharpe,0.018885814858376593,0.16107216254432719,-0.006917304169904486
2023-11-03,Maximum Sharpe,0.06580669116422655,0.159888136981882,0.286492118983269
2023-11-06,Maximum Sharpe,0.061353512655844655,0.1601034762237463,0.25829240957924415
2023-11-07,Maximum Sharpe,0.04560702798414029,0.1593701729721242,0.16067641457990559
2023-11-08,Maximum Sharpe,0.043701378539545255,0.15933910437310475,0.14874803415517296
2023-11-09,Maximum Sharpe,0.021772636719991967,0.16010508274547472,0.011071707965761436
2023-11-10,Maximum Sharpe,0.05089674311825498,0.15936762325092726,0.19387089101283447
2023-11-13,Maximum Sharpe,-0.011600059127310991,0.14770134048464337,-0.2139456488588638
2023-11-14,Maximum Sharpe,0.023455893159679553,0.1533560293215383,0.022535098065389104
2023-11-15,Maximum Sharpe,0.03523110070943947,0.15279876494098987,0.09968078416943778
2023-11-16,Maximum Sharpe,0.02199651705724892,0.1524594553199514,0.01309539676013554
2023-11-17,Maximum Sharpe,0.038246688219421454,0.15216686845345354,0.1199123594043269
2023-11-20,Maximum Sharpe,0.05195937993124855,0.15215513509172107,0.21004470149484616
2023-11-21,Maximum Sharpe,0.03853807568079337,0.15217438893996513,0.12182125921403827
2023-11-22,Maximum Sharpe,0.04526193190621264,0.15223342948122354,0.1659420798197839
2023-11-24,Maximum Sharpe,0.0361038904778237,0.15197832873297143,0.1059617552849822
2023-11-27,Maximum Sharpe,0.036392523031081536,0.15198477257906662,0.10785635134963076
2023-11-28,Maximum Sharpe,0.0352574562960577,0.15197154258399584,0.10039679822046148
2023-11-29,Maximum Sharpe,0.06296025523876136,0.15079322515891466,0.2848951283685812
2023-11-30,Maximum Sharpe,0.05805731612647769,0.15069392533991602,0.2525471152246706
2023-12-01,Maximum Sharpe,0.051854284659392125,0.14978755818165693,0.2126630879499377
2023-12-04,Maximum Sharpe,0.05512543287375449,0.14982130329424476,0.23444885407764166
2023-12-05,Maximum Sharpe,0.05081575489844892,0.14987937968704101,0.2056036992066183
2023-12-06,Maximum Sharpe,0.07179115575372963,0.14838445368313585,0.3490335710257481
2023-12-07,Maximum Sharpe,0.08937051879423041,0.1479766078315331,0.4687938168795344
2023-12-08,Maximum Sharpe,0.09170474471810519,0.14798814081391412,0.48453034360550173
2023-12-11,Maximum Sharpe,0.0870330398023591,0.14786599280216917,0.4533364199031418
2023-12-12,Maximum Sharpe,0.0950297802831217,0.14772390289243634,0.5079054832294396
2023-12-13,Maximum Sharpe,0.11541947000885688,0.1500418446885392,0.6359523918606247
2023-12-14,Maximum Sharpe,0.12484430214752229,0.15094286570544288,0.694595943024697
2023-12-15,Maximum Sharpe,0.12376597576384207,0.15098822720471033,0.6872454739345725
2023-12-18,Maximum Sharpe,0.14764395007707432,0.14950874666124536,0.8537557362198216
2023-12-19,Maximum Sharpe,0.1745146861670983,0.14923897851437382,1.0353507354797151
2023-12-20,Maximum Sharpe,0.17178963125237945,0.1494323161016473,1.0157751362772738
2023-12-21,Maximum Sharpe,0.18006075879779604,0.14970556215504338,1.0691704202147696
2023-12-22,Maximum Sharpe,0.17078925148369373,0.1493103748767858,1.0099047143115696
2023-12-26,Maximum Sharpe,0.19250128296269287,0.14903819615314795,1.157430024082114
2023-12-27,Maximum Sharpe,0.19104513460912975,0.14899924064338882,1.1479597739595535
2023-12-28,Maximum Sharpe,0.1944298291536497,0.1489650896938183,1.1709443434845805
2023-12-29,Maximum Sharpe,0.19894714562533689,0.14864192609084914,1.2038806972668354
2024-01-02,Maximum Sharpe,0.17358226411449884,0.14738058451264457,1.0420793527340244
2024-01-03,Maximum Sharpe,0.157247123171804,0.14840865817581855,0.9247918878776495
2024-01-04,Maximum Sharpe,0.15511654249219098,0.14844999244029644,0.9101822120100956
2024-01-05,Maximum Sharpe,0.1369117494781662,0.14788523519259858,0.7905572812992858
2024-01-08,Maximum Sharpe,0.17262844705862723,0.1476533082706798,1.033694732926857
2024-01-09,Maximum Sharpe,0.13900621349657194,0.14599452195668922,0.8151416361490355
2024-01-10,Maximum Sharpe,0.1402310307728154,0.14599929590019936,0.823504182205109
2024-01-11,Maximum Sharpe,0.12632575546816605,0.1459232241740843,0.7286417639821401
2024-01-12,Maximum Sharpe,0.10763864070630702,0.14484015697801655,0.6050714286343156
2024-01-16,Maximum Sharpe,0.08587433464880423,0.14473716526966807,0.45513075046115486
2024-01-17,Maximum Sharpe,0.07296046314518478,0.14505368035015956,0.36510940651308005
2024-01-18,Maximum Sharpe,0.07576047652773554,0.14505828484528632,0.3844004952023771
2024-01-19,Maximum Sharpe,0.10280317595453381,0.144673595423784,0.5723447717738904
2024-01-22,Maximum Sharpe,0.11893241319245607,0.14484462118488356,0.6830244187402449
2024-01-23,Maximum Sharpe,0.10059652113034989,0.1442672709798293,0.558661161211114
2024-01-24,Maximum Sharpe,0.08327008382867329,0.14420766052800865,0.4387428767446421
2024-01-25,Maximum Sharpe,0.09244847773877884,0.14444406607368704,0.501567698196891
2024-01-26,Maximum Sharpe,0.08923504695570661,0.14445053513631745,0.47929934555361625
2024-01-29,Maximum Sharpe,0.09272301640294889,0.1446467491487948,0.50276288150894
2024-01-30,Maximum Sharpe,0.08161587948624183,0.14464338341260644,0.42598477740580615
2024-01-31,Maximum Sharpe,0.07932370693894608,0.14483817623131134,0.40958612212987383
2024-02-01,Maximum Sharpe,0.07609656608986115,0.14448972550696976,0.3882391352951613
2024-02-02,Maximum Sharpe,0.059743720914480436,0.14416641085678947,0.27567947816888244
2024-02-05,Maximum Sharpe,0.030270830768068357,0.14403253682759337,0.07130910136202433
2024-02-06,Maximum Sharpe,0.053155396062380955,0.14363846765891589,0.23082532557442623
2024-02-07,Maximum Sharpe,0.06275788835643215,0.14339205866489255,0.298188677633518
2024-02-08,Maximum Sharpe,0.06377026434007638,0.14343080826912769,0.30516640649439586
2024-02-09,Maximum Sharpe,0.08063135075231442,0.14328793366399975,0.42314345110517626
2024-02-12,Maximum Sharpe,0.09867811032672891,0.14292471881326416,0.5504863747853472
2024-02-13,Maximum Sharpe,0.06919708332842633,0.14504107639352765,0.3391941410786559
2024-02-14,Maximum Sharpe,0.07266147183795746,0.145281135280564,0.3624797654303753
2024-02-15,Maximum Sharpe,0.09433767185984432,0.14627157706648217,0.5082167933832897
2024-02-16,Maximum Sharpe,0.07966424585878706,0.14653841270088885,0.4071577189837075
2024-02-20,Maximum Sharpe,0.08377353175842428,0.14631952515292718,0.43585113942770654
2024-02-21,Maximum Sharpe,0.08444085668169632,0.14631592297010237,0.4404227193704947
2024-02-22,Maximum Sharpe,0.1185734148089177,0.14498009234213322,0.6799100015490258
2024-02-23,Maximum Sharpe,0.12412979513382338,0.14494950797994444,0.7183866753671977
2024-02-26,Maximum Sharpe,0.11437454873623132,0.14488416425770645,0.6513793223693285
2024-02-27,Maximum Sharpe,0.13292980070401295,0.1443966678457674,0.7820803789228379
2024-02-28,Maximum Sharpe,0.13053452233426244,0.14437702582975173,0.7655963384687249
2024-02-29,Maximum Sharpe,0.13899756063602897,0.14448823178898565,0.8235796034227624
2024-03-01,Maximum Sharpe,0.15519890403491687,0.14473682236194718,0.9341016462059767
2024-03-04,Maximum Sharpe,0.14981144964225446,0.1446212390451711,0.897596027383703
2024-03-05,Maximum Sharpe,0.12408426623077462,0.1441928193740921,0.721840842578573
2024-03-06,Maximum Sharpe,0.1373090875167251,0.14414909370308449,0.8138038506045421
2024-03-07,Maximum Sharpe,0.16292164169831258,0.14316621059293821,0.9982917135711512
2024-03-08,Maximum Sharpe,0.15975346024711623,0.14312733877673653,0.9764274347692359
2024-03-11,Maximum Sharpe,0.17826120655177125,0.1417373030207796,1.1165811905463527
2024-03-12,Maximum Sharpe,0.20484448964370316,0.14009205116270862,1.3194502336825467
2024-03-13,Maximum Sharpe,0.20217891407058675,0.14010737850110686,1.3002806563049607
2024-03-14,Maximum Sharpe,0.17271159943207293,0.14016112654461224,1.0895431793170267
2024-03-15,Maximum Sharpe,0.17750714669860757,0.14001823121957865,1.1249045594041431
2024-03-18,Maximum Sharpe,0.16699852766956846,0.1397768318032064,1.0516659003727427
2024-03-19,Maximum Sharpe,0.18905725313828547,0.13885365522503884,1.217521086242173
2024-03-20,Maximum Sharpe,0.18954365916053662,0.13888269373100404,1.2207687985150872
2024-03-21,Maximum Sharpe,0.1902076262334471,0.13890629574878624,1.2253413375968913
2024-03-22,Maximum Sharpe,0.2092121409982468,0.1370804997532749,1.3802994688434995
2024-03-25,Maximum Sharpe,0.20759384538151138,0.1371060133654434,1.3682393702273097
2024-03-26,Maximum Sharpe,0.19173546843311118,0.1367310242305154,1.2560095223420666
2024-03-27,Maximum Sharpe,0.2097571152525024,0.13777861382951817,1.3772610275154924
2024-03-28,Maximum Sharpe,0.21453366647584304,0.13778322920342695,1.4118820381878856
2024-04-01,Maximum Sharpe,0.18559193151764442,0.13759316857503748,1.2034894844894688
2024-04-02,Maximum Sharpe,0.1644713557964972,0.13804553701864536,1.0465485441733906
2024-04-03,Maximum Sharpe,0.14951237226228598,0.13723634890966782,0.9437177051943728
2024-04-04,Maximum Sharpe,0.14090139225602738,0.13749388860428116,0.8793219355661082
2024-04-05,Maximum Sharpe,0.15208627906276817,0.1374107933628458,0.9612511203103401
2024-04-08,Maximum Sharpe,0.164167140446968,0.13734847935651565,1.0496449696596433
2024-04-09,Maximum Sharpe,0.16822503933644395,0.13745218036985954,1.0783753225128663
2024-04-10,Maximum Sharpe,0.13368532421937207,0.13987681722038653,0.8127531529420792
2024-04-11,Maximum Sharpe,0.134255882297444,0.13989157944847838,0.8167459596059824
2024-04-12,Maximum Sharpe,0.125003997293057,0.14041298959456242,0.7478225312077775
2024-04-15,Maximum Sharpe,0.09910906170822154,0.1410192766072078,0.5609804816157885
2024-04-16,Maximum Sharpe,0.1029061972665064,0.14080809151924703,0.5887885871613704
2024-04-17,Maximum Sharpe,0.08461236398832916,0.14057398718266467,0.4596324347289841
2024-04-18,Maximum Sharpe,0.08466392320221106,0.14057340505187574,0.4600011159888185
2024-04-19,Maximum Sharpe,0.08252170161730121,0.14056930781046845,0.44477491275407066
2024-04-22,Maximum Sharpe,0.09815306607006713,0.14067665266643606,0.555551078226029
2024-04-23,Maximum Sharpe,0.11099987650331644,0.14110028698533233,0.6449304848882134
2024-04-24,Maximum Sharpe,0.1099768967331074,0.14111096025982864,0.6376322332966361
2024-04-25,Maximum Sharpe,0.12039125667700112,0.14042062254562437,0.7149324284214933
2024-04-26,Maximum Sharpe,0.13616936153147763,0.14030874327955106,0.8279552565018835
2024-04-29,Maximum Sharpe,0.12568624431308084,0.13953100197358972,0.7574391555869785
2024-04-30,Maximum Sharpe,0.09704642972668376,0.1403406244178631,0.5489959165157953
2024-05-01,Maximum Sharpe,0.1098210087758471,0.13987159536003832,0.6421676148373239
2024-05-02,Maximum Sharpe,0.12840842934627728,0.140366888869197,0.7723219501381078
2024-05-03,Maximum Sharpe,0.13984365994804215,0.1406639506850852,0.8519855966248597
2024-05-06,Maximum Sharpe,0.15318049418105972,0.14076502946124123,0.9461191795347874
2024-05-07,Maximum Sharpe,0.1442222128113675,0.1403270021385454,0.8852338532018407
2024-05-08,Maximum Sharpe,0.14587873894264258,0.14026384361265035,0.8974425318777564
2024-05-09,Maximum Sharpe,0.16346321529702412,0.1406109952216919,1.0202844739903543
2024-05-10,Maximum Sharpe,0.1507641847953558,0.14048400186762847,0.9308119291659189
2024-05-13,Maximum Sharpe,0.15509125513235977,0.14046854382194487,0.961718911983588
2024-05-14,Maximum Sharpe,0.16731801480628405,0.14057772688595624,1.0479470544135052
2024-05-15,Maximum Sharpe,0.1833101577294527,0.1411094555214965,1.1573296567966287
2024-05-16,Maximum Sharpe,0.1945350337495717,0.14054180352791332,1.2418727337230089
2024-05-17,Maximum Sharpe,0.1828663968216797,0.14024938447624305,1.1612628278541057
2024-05-20,Maximum Sharpe,0.18213263422369663,0.14025581046274643,1.1559780210799961
2024-05-21,Maximum Sharpe,0.18789026191757396,0.14017658300089333,1.197705482066887
2024-05-22,Maximum Sharpe,0.17728552653713403,0.14031812479444034,1.1209209556324258
2024-05-23,Maximum Sharpe,0.16674684687418417,0.14098130083726265,1.0408958209541335
2024-05-24,Maximum Sharpe,0.18707905298918104,0.14055418469842137,1.1887163185334715
2024-05-28,Maximum Sharpe,0.18300603993066056,0.14061811179255382,1.1592108431318893
2024-05-29,Maximum Sharpe,0.1579263444907173,0.14071069949598883,0.9802122012381091
2024-05-30,Maximum Sharpe,0.16097755559576044,0.14079130713412039,1.0013228690423523
2024-05-31,Maximum Sharpe,0.17304069880575312,0.14121382058075455,1.0837515632418944
2024-06-03,Maximum Sharpe,0.16494777441880948,0.14110030442741667,1.027267623602981
2024-06-04,Maximum Sharpe,0.14092996018134474,0.13961475205490106,0.8661689284366679
2024-06-05,Maximum Sharpe,0.15862045834990535,0.13964119558837365,0.9926902857414859
2024-06-06,Maximum Sharpe,0.14280459159132297,0.13918547828534034,0.8823089384336823
2024-06-07,Maximum Sharpe,0.12358586713095576,0.1392595926827182,0.7438329032525637
2024-06-10,Maximum Sharpe,0.126063774243526,0.13927062348974278,0.7615660186323323
2024-06-11,Maximum Sharpe,0.12997919890075882,0.139205734586842,0.790047904471561
2024-06-12,Maximum Sharpe,0.13703002394840236,0.13951399098194703,0.8388407723462368
2024-06-13,Maximum Sharpe,0.1309325616080581,0.13940399924949964,0.7957631216125692
2024-06-14,Maximum Sharpe,0.12755473806795115,0.13946512873662276,0.7711944845443496
2024-06-17,Maximum Sharpe,0.12091079070035327,0.13924221104695075,0.724714078738145
2024-06-18,Maximum Sharpe,0.12926223292942418,0.13919783386165982,0.7849420490121506
2024-06-20,Maximum Sharpe,0.1314114443484633,0.13912847618779856,0.8007810291695985
2024-06-21,Maximum Sharpe,0.1367437638947122,0.1390654330776488,0.8394880115860782
2024-06-24,Maximum Sharpe,0.14815496370095005,0.13888560628009575,0.9227375473488246
2024-06-25,Maximum Sharpe,0.15542810043061173,0.13856405432978722,0.9773682004734662
2024-06-26,Maximum Sharpe,0.14512169386578155,0.13849159312019893,0.903460571481668
2024-06-27,Maximum Sharpe,0.14060146760205838,0.13825250379966694,0.8723275476935624
2024-06-28,Maximum Sharpe,0.13836667942602077,0.13823808236221286,0.8562523249988029
2024-07-01,Maximum Sharpe,0.12449991253015269,0.13831400272837038,0.7555266312072256
2024-07-02,Maximum Sharpe,0.12162534728773777,0.1382012621561764,0.7353431198978091
2024-07-03,Maximum Sharpe,0.1205929945454498,0.13818610060542003,0.7279530582651399
2024-07-05,Maximum Sharpe,0.12712704293026578,0.138125072046816,0.7755799967579833
2024-07-08,Maximum Sharpe,0.14383596264413212,0.13767311523930362,0.899492703632661
2024-07-09,Maximum Sharpe,0.14086985503995697,0.13768815867021633,0.8778522147969041
2024-07-10,Maximum Sharpe,0.14216793206440848,0.13774916665335027,0.8868869048903039
2024-07-11,Maximum Sharpe,0.15122304683805465,0.13851653473873587,0.9473457236391462
2024-07-12,Maximum Sharpe,0.15080508199568676,0.13849612307482398,0.9444674629990759
2024-07-15,Maximum Sharpe,0.15031986002792297,0.13847450399661776,0.9411108634922862
2024-07-16,Maximum Sharpe,0.17515372411111874,0.1393632696280269,1.1133042768387826
2024-07-17,Maximum Sharpe,0.16627721871950896,0.13948044509481242,1.0487292223657332
2024-07-18,Maximum Sharpe,0.14746672111145775,0.1399496790672939,0.9108039543996826
2024-07-19,Maximum Sharpe,0.13463497021954418,0.13991593146163836,0.8193132048795628
2024-07-22,Maximum Sharpe,0.15472241709632728,0.1400821444424358,0.9617386829175006
2024-07-23,Maximum Sharpe,0.1568711064413706,0.14009278508106104,0.9770032508253276
2024-07-24,Maximum Sharpe,0.13061567756132786,0.14137973322697048,0.7824012327406635
2024-07-25,Maximum Sharpe,0.1347337673701008,0.1413710782895377,0.8115787808813208
2024-07-26,Maximum Sharpe,0.14656523450798487,0.14200577024379685,0.8912682512175139
2024-07-29,Maximum Sharpe,0.16223253387346936,0.14120196508125377,1.0072985442633364
2024-07-30,Maximum Sharpe,0.15684103961799556,0.14106761109794175,0.9700386825363356
2024-07-31,Maximum Sharpe,0.15721998886246213,0.1410812097509037,0.972631217897415
2024-08-01,Maximum Sharpe,0.153782778651135,0.14127542158352194,0.9469642854475059
2024-08-02,Maximum Sharpe,0.14867587856056685,0.1416381315007138,0.9084833102300448
2024-08-05,Maximum Sharpe,0.12803718578445555,0.14390342198644532,0.7507617559965453
2024-08-06,Maximum Sharpe,0.1377141377245812,0.14419579502837318,0.816349309641233
2024-08-07,Maximum Sharpe,0.12645921453587983,0.14446444776362546,0.7369232789375952
2024-08-08,Maximum Sharpe,0.1484195130860153,0.14531053429608964,0.8837591418137889
2024-08-09,Maximum Sharpe,0.15468887885988192,0.1453011370501067,0.926963694808767
2024-08-12,Maximum Sharpe,0.15641714596243528,0.14524203395637295,0.9392401238570617
2024-08-13,Maximum Sharpe,0.17114285620961622,0.14578489733662586,1.0367524961150025
2024-08-14,Maximum Sharpe,0.17590881482207377,0.14572337303711227,1.0698957317050815
2024-08-15,Maximum Sharpe,0.200764999357522,0.14582230581630415,1.2396251612235238
2024-08-16,Maximum Sharpe,0.21498788420060921,0.14541782220772181,1.340880239026542
2024-08-19,Maximum Sharpe,0.2352804328444793,0.14545858730169695,1.4800118496817534
2024-08-20,Maximum Sharpe,0.22686676531490702,0.14550568099427422,1.421709199952457
2024-08-21,Maximum Sharpe,0.24141716555115478,0.14549110721803943,1.5218604750827087
2024-08-22,Maximum Sharpe,0.23285585257309172,0.14561257174013154,1.4617958465356025
2024-08-23,Maximum Sharpe,0.23918649772110712,0.1462053901050956,1.499168379247517
2024-08-26,Maximum Sharpe,0.24618787700842404,0.14602368737188653,1.5489807241504523
2024-08-27,Maximum Sharpe,0.24182619352894918,0.14604298974323449,1.5189102463524813
2024-08-28,Maximum Sharpe,0.22781719120621058,0.1460638355638435,1.4227833358201463
2024-08-29,Maximum Sharpe,0.21455720242408938,0.1456465072014566,1.3358178384256072
2024-08-30,Maximum Sharpe,0.2192794619541183,0.14574497749836393,1.3673161530136113
2024-09-03,Maximum Sharpe,0.2050341069555559,0.1464536956510545,1.263430780172488
2024-09-04,Maximum Sharpe,0.20490093081075167,0.14645347308645273,1.262523359221417
2024-09-05,Maximum Sharpe,0.2190629774201196,0.14571842036695712,1.3660797098872397
2024-09-06,Maximum Sharpe,0.20824891728210027,0.14617100854934778,1.2878676773893016
2024-09-09,Maximum Sharpe,0.2182044805815988,0.1463433905373445,1.3543794485957341
2024-09-10,Maximum Sharpe,0.22689646585017642,0.14642658052248417,1.412970685458348
2024-09-11,Maximum Sharpe,0.23127267179678146,0.14644240705487604,1.4427014417866795
2024-09-12,Maximum Sharpe,0.240580494147709,0.146573230249963,1.5049166465904826
2024-09-13,Maximum Sharpe,0.26320324245382287,0.14686751370055082,1.655936267496784
2024-09-16,Maximum Sharpe,0.2570498088894062,0.14670162205665965,1.6158635846429288
2024-09-17,Maximum Sharpe,0.2622725523927629,0.14661668135329953,1.6524214718034929
2024-09-18,Maximum Sharpe,0.262159622516714,0.14661873691511135,1.6516280770916645
2024-09-19,Maximum Sharpe,0.2814259220395616,0.14687153350567758,1.7799631814251855
2024-09-20,Maximum Sharpe,0.2771609469576286,0.14697747467336328,1.7496623038947468
2024-09-23,Maximum Sharpe,0.30819806608319844,0.14525576660994863,1.984073147726306
2024-09-24,Maximum Sharpe,0.31145066010801026,0.14524564694926292,2.006605128825785
2024-09-25,Maximum Sharpe,0.30833796498443067,0.14536130561355567,1.983595041110732
2024-09-26,Maximum Sharpe,0.32414881509367377,0.14479932438996548,2.1004850428345723
2024-09-27,Maximum Sharpe,0.33111634211444874,0.14475222806010177,2.149302613741267
2024-09-30,Maximum Sharpe,0.32937273537491896,0.14472180989451175,2.137706373354658
2024-10-01,Maximum Sharpe,0.3222346490884376,0.1449617418288631,2.0849269971193194
2024-10-02,Maximum Sharpe,0.3400690848371941,0.1440391166963458,2.222098358961362
2024-10-03,Maximum Sharpe,0.35294869695487185,0.14323287660259354,2.324527055884341
2024-10-04,Maximum Sharpe,0.34986371299239205,0.1431660115445843,2.3040644174798914
2024-10-07,Maximum Sharpe,0.3376984172086839,0.1434928756925115,2.2140361720081105
2024-10-08,Maximum Sharpe,0.33960999531079583,0.14351194462304323,2.227061978362163
2024-10-09,Maximum Sharpe,0.32525031093242474,0.14299883553935633,2.1346349414741446
2024-10-10,Maximum Sharpe,0.3127568838403896,0.14310863368629584,2.0456968688704915
2024-10-11,Maximum Sharpe,0.31355843939058436,0.14314955017378367,2.050711574253668
2024-10-14,Maximum Sharpe,0.3451262164814197,0.1420788411402065,2.2883507063559034
2024-10-15,Maximum Sharpe,0.33967955219790213,0.1419758185331223,2.251647889765977
2024-10-16,Maximum Sharpe,0.3472492417864972,0.14221265380400633,2.3011260463327217
2024-10-17,Maximum Sharpe,0.3393268359695518,0.14233789728843882,2.2434421334920804
2024-10-18,Maximum Sharpe,0.35848052313141565,0.14179220960534572,2.3871588155196823
2024-10-21,Maximum Sharpe,0.3592309035254708,0.1417367651572241,2.3933868051043263
2024-10-22,Maximum Sharpe,0.3639673640420178,0.1416443879277684,2.428386814855129
2024-10-23,Maximum Sharpe,0.3643365913177641,0.14163489770462984,2.4311564232979865
2024-10-24,Maximum Sharpe,0.3556557346455307,0.141427708413988,2.373337858681817
2024-10-25,Maximum Sharpe,0.36978464344585515,0.14062191569307853,2.4874120205366514
2024-10-28,Maximum Sharpe,0.36525022338749014,0.14045764629553656,2.4580379387893916
2024-10-29,Maximum Sharpe,0.37115480827960945,0.14027575992202845,2.503317811108612
2024-10-30,Maximum Sharpe,0.3694794601992646,0.14027905740100008,2.491316000222661
2024-10-31,Maximum Sharpe,0.3403279265594321,0.14124405815507288,2.2679037316227615
2024-11-01,Maximum Sharpe,0.3241661601738046,0.14096577069194022,2.1577306226950275
2024-11-04,Maximum Sharpe,0.29740548088914776,0.1387463276789688,1.999371698910896
2024-11-05,Maximum Sharpe,0.2915408885648547,0.13824422541122786,1.9642114363700636
2024-11-06,Maximum Sharpe,0.32522334451618584,0.13857387974405933,2.2026037308035376
2024-11-07,Maximum Sharpe,0.33271308326168647,0.1386609939891894,2.2552346861588695
2024-11-08,Maximum Sharpe,0.342198842244928,0.1388868555496786,2.319865627094425
2024-11-11,Maximum Sharpe,0.3680943756449695,0.1377980034482233,2.5261206035961448
2024-11-12,Maximum Sharpe,0.3384893806872171,0.13814338194530087,2.3054986507665336
2024-11-13,Maximum Sharpe,0.33982531614803047,0.1381159561910277,2.3156290190373165
2024-11-14,Maximum Sharpe,0.2758012644493151,0.13232061576960055,1.933192820797642
2024-11-15,Maximum Sharpe,0.26713121610668855,0.13263034956091885,1.8633081864356995
2024-11-18,Maximum Sharpe,0.2753848004683541,0.13262799503430933,1.9255723529733597
2024-11-19,Maximum Sharpe,0.2754575767863645,0.1326298346257886,1.9260943626080134
2024-11-20,Maximum Sharpe,0.2667770446719069,0.13251395215299763,1.8622721657790695
2024-11-21,Maximum Sharpe,0.28556812879347215,0.13250728461563352,2.0041775783407743
2024-11-22,Maximum Sharpe,0.2906565587622061,0.13268116395415241,2.039901902396113
2024-11-25,Maximum Sharpe,0.3062648750183723,0.13314997137487358,2.1499431961003985
2024-11-26,Maximum Sharpe,0.3015149264432375,0.1331251356406437,2.1146639595031496
2024-11-27,Maximum Sharpe,0.3023693621535877,0.13312863747226036,2.1210264561779515
2024-11-29,Maximum Sharpe,0.2973710836572434,0.1330245501522387,2.085111983763964
2024-12-02,Maximum Sharpe,0.29100653381544106,0.1331113590981514,2.0359384477143747
2024-12-03,Maximum Sharpe,0.26047717619406363,0.1318790822736222,1.8234671643765503
2024-12-04,Maximum Sharpe,0.2601400974943957,0.13187430603698252,1.8209771464279887
2024-12-05,Maximum Sharpe,0.25940403755524066,0.1318971490377445,1.8150812151878382
2024-12-06,Maximum Sharpe,0.26274786714610454,0.13187820121810348,1.8406974382721677
2024-12-09,Maximum Sharpe,0.25290418210529264,0.13188512968873078,1.7659624148301054
2024-12-10,Maximum Sharpe,0.24124903267241748,0.13212061437492512,1.6745988786017019
2024-12-11,Maximum Sharpe,0.24087253620938354,0.13211746604890118,1.6717890738808985
2024-12-12,Maximum Sharpe,0.23057919357330392,0.13235982191110887,1.590960085415695
2024-12-13,Maximum Sharpe,0.19216676890573758,0.129583309310446,1.3286183986339886
2024-12-16,Maximum Sharpe,0.1707848333022961,0.1280542919324518,1.1775070638150464
2024-12-17,Maximum Sharpe,0.17224328284708745,0.12798476384947874,1.1895422413416246
2024-12-18,Maximum Sharpe,0.12979485815928715,0.13310645343371041,0.8248650259017465
2024-12-19,Maximum Sharpe,0.10968879851811786,0.13297290999897624,0.6744892513731434
2024-12-20,Maximum Sharpe,0.13779409098891682,0.13278453197777157,0.8871070239464022
2024-12-23,Maximum Sharpe,0.12816943584680285,0.13244981306573197,0.8166824349772445
2024-12-24,Maximum Sharpe,0.13302234536730606,0.13263788479213828,0.8521120910848928
2024-12-26,Maximum Sharpe,0.12874091576085256,0.13248652304867878,0.8207696394968301
2024-12-27,Maximum Sharpe,0.11058249949243892,0.1329430637001315,0.6813631111793711
2024-12-30,Maximum Sharpe,0.10297458996196607,0.13312361580214338,0.6232897856777574
2024-12-31,Maximum Sharpe,0.115919676173597,0.13269701290863825,0.7228472900112498
2025-01-02,Maximum Sharpe,0.1142963014001146,0.13272610618621974,0.7104578301107796
2025-01-03,Maximum Sharpe,0.1472587671935539,0.1320231126556581,0.9639127924931559
2025-01-06,Maximum Sharpe,0.14867784257193062,0.1319894564591365,0.9749100119354522
2025-01-07,Maximum Sharpe,0.13999485822622937,0.13236352109429586,0.9065553502520151
2025-01-08,Maximum Sharpe,0.12316400114959669,0.13157128019937234,0.7840920981635994
2025-01-10,Maximum Sharpe,0.10800942688749804,0.13289203206787906,0.6622626316869342
2025-01-13,Maximum Sharpe,0.11125931650272247,0.1329533978886657,0.6864007836726551
2025-01-14,Maximum Sharpe,0.12368081097250916,0.13298545187171867,0.7796402502171624
2025-01-15,Maximum Sharpe,0.13878292794960267,0.1337474830760653,0.8881133701936512
2025-01-16,Maximum Sharpe,0.15641527658828203,0.13355307430368143,1.0214311972938366
2025-01-17,Maximum Sharpe,0.1724540441036735,0.13322029024754467,1.1443755588611122
2025-01-21,Maximum Sharpe,0.18788916272340006,0.13399208982699562,1.2529781641600692
2025-01-22,Maximum Sharpe,0.16845222556949735,0.1337965928530176,1.1095366660986632
2025-01-23,Maximum Sharpe,0.16275347985568245,0.13356278841471103,1.068811766735765
2025-01-24,Maximum Sharpe,0.16580590939989714,0.13351992235834811,1.0920161338064236
2025-01-27,Maximum Sharpe,0.17170540948110546,0.13332504545494184,1.1378612995288677
2025-01-28,Maximum Sharpe,0.16077721312175552,0.133092951410967,1.0577360531066813
2025-01-29,Maximum Sharpe,0.15520931608159283,0.13325238701323242,1.0146858837745705
2025-01-30,Maximum Sharpe,0.15307018473105916,0.13312236136751648,0.9996080550561053
2025-01-31,Maximum Sharpe,0.15199514835152805,0.1331626151542191,0.9912327735427924
2025-02-03,Maximum Sharpe,0.1621339455730464,0.13248138624075081,1.072859739818502
2025-02-04,Maximum Sharpe,0.15233511038201208,0.1318042356854953,1.0040277514129634
2025-02-05,Maximum Sharpe,0.1693139448539409,0.132066997571026,1.1305924083996797
2025-02-06,Maximum Sharpe,0.18591755485025918,0.1313304075025005,1.263359780918217
2025-02-07,Maximum Sharpe,0.16658025325882986,0.13137020120836143,1.115780077297319
2025-02-10,Maximum Sharpe,0.16904086593946976,0.13139111945205542,1.1343298280813776
2025-02-11,Maximum Sharpe,0.16051881117152011,0.13126586880718175,1.0704900858724378
2025-02-12,Maximum Sharpe,0.14362655417886727,0.13138354836838315,0.9409591666091539
2025-02-13,Maximum Sharpe,0.15008770910352132,0.13172027775804512,0.9876057909813807
2025-02-14,Maximum Sharpe,0.17752608684140259,0.1293264915031431,1.2180496432749368
2025-02-18,Maximum Sharpe,0.1661469702522156,0.12879310689398368,1.134742175080199
2025-02-19,Maximum Sharpe,0.1459826579870691,0.12766798635749702,0.9867991309449448
2025-02-20,Maximum Sharpe,0.15400673906080087,0.1273201471561538,1.05251794043598
2025-02-21,Maximum Sharpe,0.1431346863475551,0.12816618235115346,0.9607424055917269
2025-02-24,Maximum Sharpe,0.14097146973895303,0.1281912079645826,0.9436799267261425
2025-02-25,Maximum Sharpe,0.13329294544974402,0.12789301939756093,0.8858415102201007
2025-02-26,Maximum Sharpe,0.13075991067870496,0.12788534429735832,0.8660875981313904
2025-02-27,Maximum Sharpe,0.12384515796137263,0.12818911928613064,0.8100933881102661
2025-02-28,Maximum Sharpe,0.13183339176996878,0.12860893637184734,0.8695615944340338
2025-03-03,Maximum Sharpe,0.11785157689221837,0.1291749082800358,0.7575122614377074
2025-03-04,Maximum Sharpe,0.09785122782229072,0.12959710019833362,0.6007173594405142
2025-03-05,Maximum Sharpe,0.09643609643186579,0.12950481777799128,0.5902181690483467
2025-03-06,Maximum Sharpe,0.07478326656355505,0.13079370828178702,0.41885246074320226
2025-03-07,Maximum Sharpe,0.08809323292859683,0.13057769095875302,0.521476773165687
2025-03-10,Maximum Sharpe,0.06280662490520839,0.13168199785621248,0.32507575524446564
2025-03-11,Maximum Sharpe,0.05007572543001437,0.13177000674418343,0.22824409114892885
2025-03-12,Maximum Sharpe,0.049400022060828164,0.13176635690385527,0.2231223716861217
2025-03-13,Maximum Sharpe,0.03943024218376956,0.13241808183845605,0.14673405560634506
2025-03-14,Maximum Sharpe,0.05780976449275266,0.13374826251028177,0.2826935003349749
2025-03-17,Maximum Sharpe,0.07163060377540975,0.1342313436491347,0.38463895519340263
2025-03-18,Maximum Sharpe,0.07669749136093995,0.13388223168343963,0.42348779705883155
2025-03-19,Maximum Sharpe,0.0885646534262503,0.13412551981917512,0.5111976715444425
2025-03-20,Maximum Sharpe,0.08546514877447664,0.1341657303074467,0.48794240246343357
2025-03-21,Maximum Sharpe,0.07596357001645804,0.1342724554203571,0.41679114187088423
2025-03-24,Maximum Sharpe,0.0821639402319696,0.13484718892869194,0.4609954477051968
2025-03-25,Maximum Sharpe,0.07021249391812523,0.1347697335041074,0.37257990063915125
2025-03-26,Maximum Sharpe,0.07170522290261472,0.1346960306505277,0.38386597327997907
2025-03-27,Maximum Sharpe,0.07087209489142121,0.1347144274453144,0.377629151206333
2025-03-28,Maximum Sharpe,0.060966572732836566,0.1351906673039765,0.30302811244154254
2025-03-31,Maximum Sharpe,0.046857983216739285,0.13410291539258637,0.20027889131352977
2025-04-01,Maximum Sharpe,0.04697540081217433,0.1341052503609147,0.2011509671662816
2025-04-02,Maximum Sharpe,0.06425193402564,0.13382068595548854,0.3306808189606731
2025-04-03,Maximum Sharpe,0.040001987542604756,0.13769193756660775,0.14526622179987045
2025-04-04,Maximum Sharpe,0.0005413738067483465,0.1422066690514038,-0.136833429283249
2025-04-07,Maximum Sharpe,-0.00874215012166879,0.14301682185313092,-0.2009704155724082
2025-04-08,Maximum Sharpe,-0.03410925830955491,0.1445452941970687,-0.3743411960252679
2025-04-09,Maximum Sharpe,0.023259847902586284,0.1583334018791587,0.020588504155770144
2025-04-10,Maximum Sharpe,-0.01714242576407321,0.16169350470007104,-0.22970882988138294
2025-04-11,Maximum Sharpe,0.021464478971875645,0.16015350417272817,0.009144220599108339
2025-04-14,Maximum Sharpe,0.029461715192963034,0.16057917982659803,0.05892242819511408
2025-04-15,Maximum Sharpe,0.04369226986664376,0.1600775232673098,0.14800497523365963
2025-04-16,Maximum Sharpe,0.05184701863886443,0.15953622744225313,0.19962248794175605
2025-04-17,Maximum Sharpe,0.06319904700324508,0.15943863610393458,0.27094465970647513
2025-04-21,Maximum Sharpe,0.047469630302460875,0.1606974414024753,0.17094006016973054
2025-04-22,Maximum Sharpe,0.06897086347451453,0.16180050093590875,0.30266200160846546
2025-04-23,Maximum Sharpe,0.07989500974573982,0.16208105833663067,0.3695373806194071
2025-04-24,Maximum Sharpe,0.08476869328893422,0.162377351846115,0.39887763011627075
2025-04-25,Maximum Sharpe,0.0762891264322505,0.16203225323401957,0.3473945792196901
2025-04-28,Maximum Sharpe,0.08254441747340735,0.16206500063999776,0.38592180437736867
2025-04-29,Maximum Sharpe,0.09538928295318372,0.16207495029623417,0.46515073930542733
2025-04-30,Maximum Sharpe,0.08654673165944304,0.16197793727681192,0.4108382461107534
2025-05-01,Maximum Sharpe,0.08188141075436728,0.16184773607802164,0.38234338183474015
2025-05-02,Maximum Sharpe,0.11657395865131726,0.16156679046285358,0.5977339673249308
2025-05-05,Maximum Sharpe,0.11101618491239162,0.16164306635640147,0.5630689083298694
2025-05-06,Maximum Sharpe,0.0898515253401575,0.16129615083304197,0.4330638082768694
2025-05-07,Maximum Sharpe,0.08170336852381666,0.16103490197591472,0.3831676721425605
2025-05-08,Maximum Sharpe,0.07921737970401743,0.16094669362029274,0.36793163234358667
2025-05-09,Maximum Sharpe,0.07536708491016775,0.16089490806284054,0.3441195596354304
2025-05-12,Maximum Sharpe,0.1028631840429044,0.16208038870485433,0.5112474415013705
2025-05-13,Maximum Sharpe,0.09211852902483408,0.16170874223005746,0.4459779232110626
2025-05-14,Maximum Sharpe,0.09034763184131656,0.1617536049330667,0.4349061145835127
2025-05-15,Maximum Sharpe,0.09732274041257427,0.161940516806323,0.477476186549722
2025-05-16,Maximum Sharpe,0.09616946517586378,0.16189844730811176,0.4704768108795036
2025-05-19,Maximum Sharpe,0.08284211906486694,0.1614070432732274,0.38933938563318293
2025-05-20,Maximum Sharpe,0.08476224398550491,0.16137870919938746,0.4013059982124998
2025-05-21,Maximum Sharpe,0.06424496325294071,0.1625341142990248,0.27221954876217747
2025-05-22,Maximum Sharpe,0.0655107420735721,0.1625285284265206,0.2800169454198164
2025-05-23,Maximum Sharpe,0.0620335251504176,0.16255018313760872,0.258587990115235
2025-05-27,Maximum Sharpe,0.0895771138351702,0.1635924826577986,0.42530752455607035
2025-05-28,Maximum Sharpe,0.09682632343780817,0.16313523588509055,0.4709364167770794
2025-05-29,Maximum Sharpe,0.09577643873783015,0.16310605478172718,0.4645838490743717
2025-05-30,Maximum Sharpe,0.09824857484860106,0.16306581591579847,0.47985884968683995
2025-06-02,Maximum Sharpe,0.11426117810592773,0.1627193820731499,0.5792867260493465
2025-06-03,Maximum Sharpe,0.11239781341517441,0.1626684785505115,0.568013017878465
2025-06-04,Maximum Sharpe,0.10199176215870143,0.16229600908569394,0.5051988808634779
2025-06-05,Maximum Sharpe,0.10095582185701502,0.16230425912995278,0.49879049564679506
2025-06-06,Maximum Sharpe,0.10930472693577054,0.16245838624201156,0.5497083222452719
2025-06-09,Maximum Sharpe,0.10268377185450683,0.16226971044078084,0.5095453219822049
2025-06-10,Maximum Sharpe,0.11008410132054203,0.16231798116156612,0.5549853483630701
2025-06-11,Maximum Sharpe,0.11678045705099094,0.16209443332115986,0.597062188182851
2025-06-12,Maximum Sharpe,0.1179780549933076,0.1621100555182787,0.6043922116987992
2025-06-13,Maximum Sharpe,0.10354655648212718,0.1626900720212064,0.513531990269431
2025-06-16,Maximum Sharpe,0.09859247362860302,0.1624717154965517,0.48373018890337904
2025-06-17,Maximum Sharpe,0.09016269952530354,0.16264137411160806,0.4313951471976396
2025-06-18,Maximum Sharpe,0.0969335421772155,0.1625982221239261,0.473151189307468
2025-06-20,Maximum Sharpe,0.09028109516192773,0.1626249055815189,0.43216686220732625
2025-06-23,Maximum Sharpe,0.09731769695712211,0.16287325837271696,0.47471081336255544
2025-06-24,Maximum Sharpe,0.11285875426322223,0.16313387741039181,0.5692180909157194
2025-06-25,Maximum Sharpe,0.1044475960634812,0.16328372097412291,0.5171831922967042
2025-06-26,Maximum Sharpe,0.11182086414621373,0.16352820362348067,0.5614986412840981
2025-06-27,Maximum Sharpe,0.11876241231333284,0.163500663246302,0.604049001101325
2025-06-30,Maximum Sharpe,0.1260540567417754,0.16349900815641255,0.6486526000226128
2025-07-01,Maximum Sharpe,0.12395946903207666,0.16343718773316968,0.6360820965776935
2025-07-02,Maximum Sharpe,0.13004537034139463,0.1635292327431126,0.6729400517292492
2025-07-03,Maximum Sharpe,0.14314640914437726,0.16344058282567686,0.7534628610308082
2025-07-07,Maximum Sharpe,0.12537558475812016,0.16374073715433315,0.6435514251948117
2025-07-08,Maximum Sharpe,0.12505260884126157,0.1637378712754028,0.6415901710641263
2025-07-09,Maximum Sharpe,0.13006461429756788,0.1638380643580287,0.6717890297888782
2025-07-10,Maximum Sharpe,0.13053913076487045,0.16384661106911194,0.6746500891510296
2025-07-11,Maximum Sharpe,0.1247205121910957,0.16399222184315507,0.6385699944431034
2025-07-14,Maximum Sharpe,0.11999517608607757,0.16384150030631686,0.6103165309102231
2025-07-15,Maximum Sharpe,0.0869184941383987,0.16341732749680704,0.4094944836232632
2025-07-16,Maximum Sharpe,0.0856590735791034,0.16336608900734334,0.401913726270034
2025-07-17,Maximum Sharpe,0.08378107315203098,0.16330018042340555,0.39057564410926604
2025-07-18,Maximum Sharpe,0.06352081165666323,0.16244885454186792,0.26790470009406325
2025-07-21,Maximum Sharpe,0.0706133870568757,0.1623560263188331,0.3117431992175125
2025-07-22,Maximum Sharpe,0.0916334183765255,0.1620950713837835,0.44192224825221876
2025-07-23,Maximum Sharpe,0.10684278733834263,0.16225462698575244,0.5352253365690969
2025-07-24,Maximum Sharpe,0.088972566640251,0.16204218491790842,0.42564574573709263
2025-07-25,Maximum Sharpe,0.0893349413447555,0.1620465614533141,0.4278704881049329
2025-07-28,Maximum Sharpe,0.10314680819773625,0.16104649064078322,0.5162907174624285
2025-07-29,Maximum Sharpe,0.10357180331186244,0.1610507464779004,0.5189159636917937
2025-07-30,Maximum Sharpe,0.08085062295131329,0.16059314440601102,0.3789117099386942
2025-07-31,Maximum Sharpe,0.07270583613468706,0.1608369640131603,0.3276972831343326
2025-08-01,Maximum Sharpe,0.05822972922500802,0.16123599981584924,0.2371041781529617
2025-08-04,Maximum Sharpe,0.06723568725100892,0.16179885148282255,0.29194080686057106
2025-08-05,Maximum Sharpe,0.07979301486284851,0.1614637549890504,0.3703184957323911
2025-08-06,Maximum Sharpe,0.09386698111501102,0.16088732999224192,0.4591224251068926
2025-08-07,Maximum Sharpe,0.12357668034142644,0.1586147903813877,0.6530077056015856
2025-08-08,Maximum Sharpe,0.113448274061136,0.15834552767858381,0.5901541737940404
2025-08-11,Maximum Sharpe,0.11964179014845988,0.15813388057106237,0.630110320373013
2025-08-12,Maximum Sharpe,0.11700362893573923,0.15790770151567973,0.6143058761836709
2025-08-13,Maximum Sharpe,0.12513195934203303,0.1581961932723971,0.6645669353181396
2025-08-14,Maximum Sharpe,0.12292476702477306,0.158269035861667,0.6503152462161527
2025-08-15,Maximum Sharpe,0.10774631374003674,0.1577591544406167,0.5562042599123208
2025-08-18,Maximum Sharpe,0.10529688120688507,0.15777400763941,0.5406269542308245
2025-08-19,Maximum Sharpe,0.09398194063641507,0.15735947943616,0.4701460687433781
2025-08-20,Maximum Sharpe,0.09140699629121118,0.15735840497188197,0.45378571487154273
2025-08-21,Maximum Sharpe,0.07907308393755308,0.15710941745549978,0.37599963703184847
2025-08-22,Maximum Sharpe,0.10814499015702106,0.15872584019846098,0.555328546674001
2025-08-25,Maximum Sharpe,0.09317084856621483,0.1587804034942084,0.46083047376110087
2025-08-26,Maximum Sharpe,0.10194234797994328,0.15870243349327723,0.5163269785867173
2025-08-27,Maximum Sharpe,0.08517652420191801,0.15753392303884134,0.4137300902856852
2025-08-28,Maximum Sharpe,0.08751223546507658,0.15752977002807203,0.42856810781254745
2025-08-29,Maximum Sharpe,0.08697720170782386,0.15753688076244282,0.42515251910326884
2025-09-02,Maximum Sharpe,0.08192985536896624,0.1577647363212972,0.3925456145208675
2025-09-03,Maximum Sharpe,0.08322903990649255,0.15777358180290846,0.400758093870738
2025-09-04,Maximum Sharpe,0.08625610478928403,0.1579072241573173,0.41958881325958486
2025-09-05,Maximum Sharpe,0.10703323267757603,0.15732406021898623,0.5532099321389917
2025-09-08,Maximum Sharpe,0.10674247415883897,0.15732332654360867,0.5513643530464931
2025-09-09,Maximum Sharpe,0.10721598522401155,0.1573155076017344,0.5544017023726019
2025-09-10,Maximum Sharpe,0.11971818698567427,0.15689164007308976,0.6355863635514257
2025-09-11,Maximum Sharpe,0.12682507464631376,0.15732768044985693,0.6789973280026891
2025-09-12,Maximum Sharpe,0.11442879174522469,0.15732268949328568,0.6002236044232817
2025-09-15,Maximum Sharpe,0.11392091271040106,0.15731514671288685,0.5970239654151961
2025-09-16,Maximum Sharpe,0.10317596482591163,0.15719900342595616,0.5291125453291384
2025-09-17,Maximum Sharpe,0.08935674260866455,0.15674336739211667,0.4424859805082433
2025-09-18,Maximum Sharpe,0.0956127642628295,0.15696187139695206,0.48172695438631075
2025-09-19,Maximum Sharpe,0.09225840438371669,0.15699920907160486,0.4602469325228305
2025-09-22,Maximum Sharpe,0.09844356837807888,0.15699825075964025,0.4996461298041702
2025-09-23,Maximum Sharpe,0.08600590065930902,0.1566387107240617,0.4213894531830417
2025-09-24,Maximum Sharpe,0.0840035558353962,0.15671623844546348,0.40840410968432694
2025-09-25,Maximum Sharpe,0.075436877147667,0.1568125092361291,0.35352330893570394
2025-09-26,Maximum Sharpe,0.08169257967578836,0.15697401129547203,0.3930114237806185
2025-09-29,Maximum Sharpe,0.09155093118854651,0.15679983350490678,0.45632019874757995
2025-09-30,Maximum Sharpe,0.09430732360728356,0.1568187100645086,0.47384220656270326
2025-10-01,Maximum Sharpe,0.09567375848994675,0.15684045338150582,0.482488776705296
2025-10-02,Maximum Sharpe,0.09156432929860614,0.15680284126403224,0.456396891291674
2025-10-03,Maximum Sharpe,0.10435558215256036,0.1566101777351859,0.538634100110647
2025-10-06,Maximum Sharpe,0.10544544046392801,0.15659669972781595,0.5456401099923723
2025-10-07,Maximum Sharpe,0.10678070182147614,0.15654983290249708,0.5543327655643376
2025-10-08,Maximum Sharpe,0.10456103084597301,0.15651379213580793,0.540278461674476
2025-10-09,Maximum Sharpe,0.10821324098554763,0.15636061490256567,0.5641653496983029
2025-10-10,Maximum Sharpe,0.0831303573055695,0.1575165993776602,0.4007854255043229
2025-10-13,Maximum Sharpe,0.09324797482462488,0.15792115032838996,0.46382624919023824
2025-10-14,Maximum Sharpe,0.10483625978916145,0.1578944528975407,0.5372972782280866
2025-10-15,Maximum Sharpe,0.10165622311664912,0.15772799019713965,0.5177028060434256
2025-10-16,Maximum Sharpe,0.09029570936218079,0.1576658810773912,0.44585238659006843
2025-10-17,Maximum Sharpe,0.09075983883874095,0.15767285530808814,0.4487762887307285
2025-10-20,Maximum Sharpe,0.09141885905254443,0.15771118621735816,0.45284586823229317
2025-10-21,Maximum Sharpe,0.09351942380169476,0.15766009849703744,0.4663159829440056
2025-10-22,Maximum Sharpe,0.08797101201681623,0.15766337728570798,0.4311147787583117
2025-10-23,Maximum Sharpe,0.10625038272857412,0.15713869886794013,0.548880596249936
2025-10-24,Maximum Sharpe,0.11284164034709043,0.15720557856519377,0.5905747187501278
2025-10-27,Maximum Sharpe,0.12422310550465432,0.15727355897791837,0.66268676172889
2025-10-28,Maximum Sharpe,0.11498345951898803,0.1573796467199184,0.6035307709644685
2025-10-29,Maximum Sharpe,0.1087153023262113,0.15766105904238795,0.5626963491496004
2025-10-30,Maximum Sharpe,0.09688424286191877,0.1576144299799451,0.4877995172884966
2025-10-31,Maximum Sharpe,0.1015092111024889,0.15759273104264207,0.517214281161444
2025-11-03,Maximum Sharpe,0.10097734760278088,0.15759387522485263,0.5138356264622821
2025-11-04,Maximum Sharpe,0.11039534117183525,0.15694802543445224,0.5759571738580932
2025-11-05,Maximum Sharpe,0.11651990452106786,0.15696824142726823,0.6149008464606561
2025-11-06,Maximum Sharpe,0.10276474151511095,0.15704822512565386,0.5270020813599842
2025-11-07,Maximum Sharpe,0.09443157492100096,0.1565795924010081,0.4753593605632719
2025-11-10,Maximum Sharpe,0.0862217558053362,0.15601316687402414,0.4244626087156364
2025-11-11,Maximum Sharpe,0.08605447263899935,0.15600751504320312,0.4234057097871657
2025-11-12,Maximum Sharpe,0.07514170212513416,0.1557652043557999,0.3540052629416459
2025-11-13,Maximum Sharpe,0.05626074036214557,0.15647587995080744,0.2317337366854568
2025-11-14,Maximum Sharpe,0.06894135338657081,0.1560018354669455,0.31372293306728927
2025-11-17,Maximum Sharpe,0.06013909918138993,0.1563453325148178,0.2567335943820753
2025-11-18,Maximum Sharpe,0.06477371468054272,0.15617182167324933,0.2866952194117359
2025-11-19,Maximum Sharpe,0.07164558550229727,0.15594381677371338,0.3311807198950314
2025-11-20,Maximum Sharpe,0.0556154723811908,0.15629295231944454,0.22787638119725917
2025-11-21,Maximum Sharpe,0.06527898198405802,0.15685860962252784,0.2886611203109574
2025-11-24,Maximum Sharpe,0.07403124078930601,0.15704705770753866,0.34404490971060303
2025-11-25,Maximum Sharpe,0.07666192201152966,0.1571924063943283,0.360462208774826
2025-11-26,Maximum Sharpe,0.07482890450951163,0.15710895877688924,0.34898649279048605
2025-11-28,Maximum Sharpe,0.0657917346309016,0.1566908578844389,0.2922425420931288
2025-12-01,Maximum Sharpe,0.05741670965221002,0.15689465478620185,0.23848301080235806
2025-12-02,Maximum Sharpe,0.05591543745262739,0.15688428477389585,0.22892947820993859
2025-12-03,Maximum Sharpe,0.06184606659867975,0.15707361729890637,0.266410536144004
2025-12-04,Maximum Sharpe,0.06949896846801384,0.1570529442522146,0.31517376960805277
2025-12-05,Maximum Sharpe,0.07335185372823139,0.15698775615420543,0.33984722780434606
2025-12-08,Maximum Sharpe,0.06735599992872587,0.15698644985262483,0.30165660777208836
2025-12-09,Maximum Sharpe,0.0717379819170676,0.15691405653102025,0.3297217793030514
2025-12-10,Maximum Sharpe,0.08081455625163692,0.15719824592473253,0.3868653615941446
2025-12-11,Maximum Sharpe,0.09105679092934138,0.1572742684236853,0.45180175779244197
2025-12-12,Maximum Sharpe,0.08827685217736692,0.1574151329967001,0.43373753766607814
2025-12-15,Maximum Sharpe,0.08531883045442723,0.1574088550298109,0.414962871320402
2025-12-16,Maximum Sharpe,0.08834027362944719,0.15730094751340204,0.4344555751873306
2025-12-17,Maximum Sharpe,0.08323273480833504,0.15750006868484204,0.40147750624073614
2025-12-18,Maximum Sharpe,0.08704176487816828,0.15758203608545424,0.425440402621861
2025-12-19,Maximum Sharpe,0.10110688050718997,0.1575932446415795,0.5146596270141814
2025-12-22,Maximum Sharpe,0.14951146581630637,0.15342610481968189,0.8441292697127271
2025-12-23,Maximum Sharpe,0.1598761080023281,0.15321127477282404,0.9129622360347251
2025-12-24,Maximum Sharpe,0.14933493769522665,0.15280186000794646,0.8464225349645652
2025-12-26,Maximum Sharpe,0.1466486157676754,0.15280694009000126,0.8288145531418996
2025-12-29,Maximum Sharpe,0.1329244649307637,0.15266175438526558,0.7397037023810255
2025-12-30,Maximum Sharpe,0.12644748120589488,0.15264408082067976,0.6973574123122742
2025-12-31,Maximum Sharpe,0.1319083853814913,0.15234544033168995,0.734569968998362
2026-01-02,Maximum Sharpe,0.14742767285491087,0.15232448585688418,0.8365540979054084
2026-01-05,Maximum Sharpe,0.15784502524212862,0.15264354318032633,0.9030517922352249
2026-01-06,Maximum Sharpe,0.1692931728699827,0.15273272887507178,0.9774799021112072
2026-01-07,Maximum Sharpe,0.15123623827530785,0.1523808783344785,0.861238232183189
2026-01-08,Maximum Sharpe,0.15873255355249283,0.15239107499802865,0.9103719069787224
2026-01-09,Maximum Sharpe,0.17848250024255718,0.15217348297817196,1.0414593734789537
2026-01-12,Maximum Sharpe,0.18320281597759713,0.15220728095230812,1.0722405324928859
2026-01-13,Maximum Sharpe,0.20392001053616626,0.1509141858151236,1.2187059125208828
2026-01-14,Maximum Sharpe,0.20174308292444487,0.15087797405074638,1.204570011414107
2026-01-15,Maximum Sharpe,0.1988843375804803,0.1508070099636599,1.1861805205446765
2026-01-16,Maximum Sharpe,0.18373146819913533,0.1501546989297411,1.0904185441159384
2026-01-20,Maximum Sharpe,0.15714557503571291,0.15096923061129122,0.9084339535970026
2026-01-21,Maximum Sharpe,0.16717838418869513,0.15143193405740663,0.971911143477181
2026-01-22,Maximum Sharpe,0.15459953105502144,0.15078010244919093,0.8926876216998068
2026-01-23,Maximum Sharpe,0.1574653612993384,0.15069151161319494,0.9122302897338618
2026-01-26,Maximum Sharpe,0.15454845433848208,0.15064732376728893,0.893135377209386
2026-01-27,Maximum Sharpe,0.16290310631397564,0.15078022606277464,0.9477576075159916
2026-01-28,Maximum Sharpe,0.15854939687764835,0.15089193359589648,0.9182028063123464
2026-01-29,Maximum Sharpe,0.1626549181210175,0.15090017725781246,0.9453595132449186
2026-01-30,Maximum Sharpe,0.1605269327114347,0.15099383697894764,0.9306799239165485
2026-02-02,Maximum Sharpe,0.156572472226699,0.15084435122715745,0.9053867189301221
2026-02-03,Maximum Sharpe,0.1609355355562878,0.15073515372871293,0.934987838403893
2026-02-04,Maximum Sharpe,0.165142554028197,0.15063246390925566,0.9635542715123753
2026-02-05,Maximum Sharpe,0.14161033099215659,0.1511780215089512,0.8044180614240679
2026-02-06,Maximum Sharpe,0.15820850527909047,0.1528332000455389,0.9043094382497339
2026-02-09,Maximum Sharpe,0.16658701999077996,0.15301238464974004,0.9580075516523167
2026-02-10,Maximum Sharpe,0.1762639156754744,0.15277351267929412,1.0228469119742467
2026-02-11,Maximum Sharpe,0.17296594436982526,0.15275666999930151,1.0013699851569475
2026-02-12,Maximum Sharpe,0.15838860952992095,0.15338054939287504,0.9022565773672311
2026-02-13,Maximum Sharpe,0.17422677324915914,0.15323342766991663,1.0064825645053266
2026-02-17,Maximum Sharpe,0.16282399234238798,0.1528719830458857,0.9342718626180068
2026-02-18,Maximum Sharpe,0.16630788604344326,0.1528670544424288,0.957092334755127
2026-02-19,Maximum Sharpe,0.16174470546882103,0.15286276279246785,0.9272677196163129
2026-02-20,Maximum Sharpe,0.1681490348610395,0.15293811710452498,0.9686861435582315
2026-02-23,Maximum Sharpe,0.1602730288322085,0.15321715777893136,0.9155177583609845
2026-02-24,Maximum Sharpe,0.18614101210991651,0.15245259573958878,1.0897880177370647
2026-02-25,Maximum Sharpe,0.19651529420189862,0.1525415733333587,1.1571618827881673
2026-02-26,Maximum Sharpe,0.19352610422946204,0.15252941416855237,1.137656662325519
2026-02-27,Maximum Sharpe,0.18536269711468267,0.15272341542055587,1.0827592917518372
2026-03-02,Maximum Sharpe,0.19253610052288495,0.15246186648267063,1.1316672457404031
2026-03-03,Maximum Sharpe,0.15760011918594508,0.153221779806627,0.8980454303533273
2026-03-04,Maximum Sharpe,0.18179155785696222,0.15296455409699936,1.0577062039769385
2026-03-05,Maximum Sharpe,0.17760892745128487,0.15328650623957424,1.0281983151534229
2026-03-06,Maximum Sharpe,0.15030149059171127,0.15381446825194225,0.8471341615164731
2026-03-09,Maximum Sharpe,0.18121934381076432,0.1528751782913662,1.054581558711218
2026-03-10,Maximum Sharpe,0.17604604881529573,0.15283762887370606,1.020992343084836
2026-03-11,Maximum Sharpe,0.19398019639917408,0.15177459570975801,1.1463064393983322
2026-03-12,Maximum Sharpe,0.1821281015160363,0.15258037552947293,1.0625750589053906
2026-03-13,Maximum Sharpe,0.17411751719956148,0.15273372114755412,1.0090601868507512
2026-03-16,Maximum Sharpe,0.2051425212105331,0.15251274875248685,1.2139478353445794
2026-03-17,Maximum Sharpe,0.18732493455702337,0.15144331593094923,1.1048684025996591
2026-03-18,Maximum Sharpe,0.15515336991138717,0.1519205298753369,0.8896320334209699
2026-03-19,Maximum Sharpe,0.16406244631188494,0.15171150228482996,0.9495815685841384
2026-03-20,Maximum Sharpe,0.12726423583097746,0.15333375381995656,0.6995474457432665
2026-03-23,Maximum Sharpe,0.15070156828697145,0.15426185849190885,0.8472708002142141
2026-03-24,Maximum Sharpe,0.1550739123496263,0.15415377508567188,0.8762283782836858
2026-03-25,Maximum Sharpe,0.14744463893426696,0.15360563638440236,0.829687255846089
2026-03-26,Maximum Sharpe,0.13261300842325197,0.1545532014104545,0.7286358832786652
2026-03-27,Maximum Sharpe,0.12377689477379583,0.155083546960902,0.669167663543051
2026-03-30,Maximum Sharpe,0.12276632533017517,0.15510802351501674,0.6625468044870412
2026-03-31,Maximum Sharpe,0.17043360513599826,0.15757120171778052,0.9547024043481872
2026-04-01,Maximum Sharpe,0.1751344911939432,0.15771481448277125,0.9836393093617092
2026-04-02,Maximum Sharpe,0.17573341776409523,0.1577233125823569,0.9873836353949097
2026-04-06,Maximum Sharpe,0.17300286023259925,0.15766029123290579,0.9704590739755372
2026-04-07,Maximum Sharpe,0.21518018536794092,0.15370644242491985,1.2698243631738437
2026-04-08,Maximum Sharpe,0.2944663312621958,0.15166870886755152,1.8096437512491805
2026-04-09,Maximum Sharpe,0.3221967125741618,0.15059677326385235,2.0066612718500916
2026-04-10,Maximum Sharpe,0.3521242483713174,0.1488836950945141,2.2307630675103733
2026-04-13,Maximum Sharpe,0.2795824157477962,0.13472001257695138,1.9268289156336296
2026-04-14,Maximum Sharpe,0.3375057091810476,0.1305782322556602,2.4315362805601515
2026-04-15,Maximum Sharpe,0.3233698046049096,0.1300644977343124,2.3324566648818683
2026-04-16,Maximum Sharpe,0.3106378377935377,0.1295574585449645,2.2433122805713905
2026-04-17,Maximum Sharpe,0.32830424740131914,0.13026279755672254,2.3667866281396956
2026-04-20,Maximum Sharpe,0.33801414226725934,0.13000215381382374,2.4462221043098085
2026-04-21,Maximum Sharpe,0.3130394323650827,0.13091624709831412,2.2383733024749706
2026-04-22,Maximum Sharpe,0.34403663961674535,0.12907035307371517,2.510542753622749
2026-04-23,Maximum Sharpe,0.3181316909971601,0.12781465727648444,2.3325313180025313
2026-04-24,Maximum Sharpe,0.31004187860487287,0.12753886882023552,2.2741449825282936
2026-04-27,Maximum Sharpe,0.290525834762281,0.12699846270271117,2.1301504680064585
2026-04-28,Maximum Sharpe,0.28437020163066973,0.1269973033784247,2.0816993321732453
2026-04-29,Maximum Sharpe,0.2713307592354939,0.12715318642995793,1.9765981985354246
2026-04-30,Maximum Sharpe,0.2844100045590452,0.12801670920502511,2.0654335375515664
2026-05-01,Maximum Sharpe,0.28748735068672016,0.12798720917976267,2.0899537727322772
2026-05-04,Maximum Sharpe,0.2751784097443841,0.12819369368580047,1.9905691333757805
2026-05-05,Maximum Sharpe,0.2685201319029755,0.12773143286313643,1.9456458471679683
2026-05-06,Maximum Sharpe,0.29524618090429655,0.12855194249500726,2.1411281351504012
2026-05-07,Maximum Sharpe,0.2906430411174872,0.12880389856006821,2.1012022473160754
2026-05-08,Maximum Sharpe,0.2962927179621411,0.1289166121958048,2.1431894094648896
2026-05-11,Maximum Sharpe,0.2912929180888555,0.12884671180899834,2.1055478582256613
2026-05-12,Maximum Sharpe,0.28548351098564173,0.12893156553729268,2.0591040671793612
2026-05-13,Maximum Sharpe,0.2601147600595144,0.12742561554998788,1.8843523652849816
2026-05-14,Maximum Sharpe,0.2598306293060917,0.12742470222300176,1.8821360781865673
2026-05-15,Maximum Sharpe,0.24526436917134187,0.12846842507880685,1.7534609693639285
2026-05-18,Maximum Sharpe,0.23949578938267946,0.12828271333785848,1.711031702335395
2026-05-19,Maximum Sharpe,0.2258040432020063,0.12829343796027545,1.604166561236991
2026-05-20,Maximum Sharpe,0.24391316418447828,0.12912134973818423,1.7341296744380443
2026-05-21,Maximum Sharpe,0.25080656295692005,0.12914436416035213,1.7871981054499524
2026-05-22,Maximum Sharpe,0.2790780718633936,0.12760915164428674,2.030246800680717
2026-05-26,Maximum Sharpe,0.2911234060843635,0.1278915896904353,2.119947110991616
2026-05-27,Maximum Sharpe,0.2920489345604673,0.1278741879837839,2.1274734084330347
2026-05-28,Maximum Sharpe,0.2690469272057201,0.12648284172465357,1.9690174873512254
2026-05-29,Maximum Sharpe,0.27510168033617277,0.126246683870422,2.0206604444201153
2026-06-01,Maximum Sharpe,0.26162315700072813,0.12636705977525692,1.9120739014617696
2026-06-02,Maximum Sharpe,0.2689962190883002,0.12639434394142884,1.9699949485372943
2026-06-03,Maximum Sharpe,0.25586618746473055,0.126590599981965,1.8632203931281923
2026-06-04,Maximum Sharpe,0.26371169599030764,0.12692502735535793,1.9201232496722385
2026-06-05,Maximum Sharpe,0.23976314316702307,0.12816928041608208,1.7146319496652822
2026-06-08,Maximum Sharpe,0.24059779809782844,0.12815872423541208,1.7212858462340572
2026-06-09,Maximum Sharpe,0.23973731994763403,0.12812427813378677,1.7150326475844442
2026-06-10,Maximum Sharpe,0.22560933427091667,0.1284875917657898,1.600227161590095
2026-06-11,Maximum Sharpe,0.23911741690693256,0.12931953952949252,1.6943875434768372
2026-06-12,Maximum Sharpe,0.2503922396640921,0.12939459155620997,1.7805399506517086
2026-06-15,Maximum Sharpe,0.25347883362922086,0.12946548311271228,1.8034060354600838
2026-06-16,Maximum Sharpe,0.26735722046014576,0.12872262837316142,1.921629658952175
2026-06-17,Maximum Sharpe,0.24262907373270926,0.12945347463732282,1.719761283784985
2026-06-18,Maximum Sharpe,0.2612692380245498,0.12939755312859233,1.8645579625820434
2026-06-22,Maximum Sharpe,0.2634899317582946,0.1294289800115723,1.8812628496069743
2026-06-23,Maximum Sharpe,0.2607578713951135,0.12951886693168338,1.858863323148934
2026-06-24,Maximum Sharpe,0.24927372242308987,0.1292098433993191,1.7744292260654353
2026-06-25,Maximum Sharpe,0.24109343143948947,0.1288859719387392,1.7154188940327608
2026-06-26,Maximum Sharpe,0.25181275738701325,0.1286747444432829,1.801540452945616
2026-06-29,Maximum Sharpe,0.245081150242775,0.12841510798933609,1.7527622237522575
2026-06-30,Maximum Sharpe,0.23959574148590623,0.12842294673753532,1.709941619192912
2026-07-01,Maximum Sharpe,0.23321582474259928,0.12841239006750524,1.6603991610974116
2026-07-02,Maximum Sharpe,0.23267574431481752,0.12839905728760434,1.6563653098981848
2026-07-06,Maximum Sharpe,0.22893651868266063,0.12831265272929704,1.6283391718465745
2026-07-07,Maximum Sharpe,0.22029699892390497,0.12827410040846554,1.561476543480684
2026-07-08,Maximum Sharpe,0.22199060030272033,0.12816086343574457,1.5760708447785345
2026-07-09,Maximum Sharpe,0.22800854711344098,0.1283011628428855,1.621252235789657
2026-07-10,Maximum Sharpe,0.222371015183207,0.1281827274827189,1.5787697699792658
2026-07-13,Maximum Sharpe,0.21211908270830526,0.128246286999861,1.4980479139213871
2026-07-14,Maximum Sharpe,0.22299798379154367,0.1280351906807256,1.5854858551954574
2026-07-15,Maximum Sharpe,0.2229781770424475,0.12803476202291986,1.5853364651555475
2026-07-16,Maximum Sharpe,0.24264709696066356,0.1273846154422362,1.7478334898426182
2026-07-17,Maximum Sharpe,0.22797290453636543,0.12737340702414307,1.63278120131422
2026-07-20,Maximum Sharpe,0.21537349371241055,0.12740015821090478,1.533542002271137
2026-07-21,Maximum Sharpe,0.227398882353409,0.127571469754451,1.6257465932830395
2026-07-22,Maximum Sharpe,0.22154096052374794,0.12764150546320077,1.578961011094095
2026-07-23,Maximum Sharpe,0.2020055742582758,0.12776334366587092,1.4245523718779638
2026-07-24,Maximum Sharpe,0.19934822410522646,0.12763448322054646,1.4051706057783857
2026-07-27,Maximum Sharpe,0.20778791965048038,0.1274746132797446,1.4731397477423798
2026-07-28,Maximum Sharpe,0.2073335277752204,0.1274695448517891,1.4696336132135417
2026-07-29,Maximum Sharpe,0.20314107873001208,0.12770836191921783,1.4340570654712361
2026-07-30,Maximum Sharpe,0.21132938218881336,0.12797807390953178,1.4950168911282795
2026-07-31,Maximum Sharpe,0.21741554656761353,0.1277884475001551,1.5448622346505454
2026-08-03,Maximum Sharpe,0.23886326062268792,0.12768972135130374,1.7140241070817661
2026-08-04,Maximum Sharpe,0.2665919538757082,0.1275063905231101,1.9339576068621773
2026-08-05,Maximum Sharpe,0.24557629551140314,0.12673646452050683,1.7798847108828997
2026-08-06,Maximum Sharpe,0.23825700591731236,0.12684409836034605,1.7206713496222366
2026-08-07,Maximum Sharpe,0.24767419909325294,0.12699583795212502,1.7927689817605026
2026-08-10,Maximum Sharpe,0.23996970103403203,0.12718998613688365,1.729457701153435
2026-08-11,Maximum Sharpe,0.23622454529162273,0.1272324003850133,1.6994456179189703
2026-08-12,Maximum Sharpe,0.24648756575401154,0.12726158355799888,1.7797009861250932
2026-08-13,Maximum Sharpe,0.23761580780057878,0.12671050595465322,1.7174251350433285
2026-08-14,Maximum Sharpe,0.22615413172123366,0.12635142349063563,1.6315932660348105
2026-08-17,Maximum Sharpe,0.2277123504561751,0.12628565345578466,1.6447818479151293
2026-08-18,Maximum Sharpe,0.21912134862787536,0.12655418792708353,1.5734078175477109
2026-08-19,Maximum Sharpe,0.2278958328340317,0.12661401203041278,1.641965446795059
2026-08-20,Maximum Sharpe,0.21886348881948514,0.12678848579365895,1.568466470552572
2026-08-21,Maximum Sharpe,0.22444337955868643,0.1268158010789284,1.6121285976929933
2026-08-24,Maximum Sharpe,0.22599985707812364,0.12679454064900847,1.6246745011551456
2026-08-25,Maximum Sharpe,0.20250472848370982,0.12480838357520312,1.4622794018780145
2026-08-26,Maximum Sharpe,0.20740580032778166,0.12462097062577675,1.5038062966989798
