date,strategy,rolling_12m_return,rolling_12m_volatility,rolling_12m_sharpe
2018-02-01,SPY,,,
2018-02-02,SPY,,,
2018-02-05,SPY,,,
2018-02-06,SPY,,,
2018-02-07,SPY,,,
2018-02-08,SPY,,,
2018-02-09,SPY,,,
2018-02-12,SPY,,,
2018-02-13,SPY,,,
2018-02-14,SPY,,,
2018-02-15,SPY,,,
2018-02-16,SPY,,,
2018-02-20,SPY,,,
2018-02-21,SPY,,,
2018-02-22,SPY,,,
2018-02-23,SPY,,,
2018-02-26,SPY,,,
2018-02-27,SPY,,,
2018-02-28,SPY,,,
2018-03-01,SPY,,,
2018-03-02,SPY,,,
2018-03-05,SPY,,,
2018-03-06,SPY,,,
2018-03-07,SPY,,,
2018-03-08,SPY,,,
2018-03-09,SPY,,,
2018-03-12,SPY,,,
2018-03-13,SPY,,,
2018-03-14,SPY,,,
2018-03-15,SPY,,,
2018-03-16,SPY,,,
2018-03-19,SPY,,,
2018-03-20,SPY,,,
2018-03-21,SPY,,,
2018-03-22,SPY,,,
2018-03-23,SPY,,,
2018-03-26,SPY,,,
2018-03-27,SPY,,,
2018-03-28,SPY,,,
2018-03-29,SPY,,,
2018-04-02,SPY,,,
2018-04-03,SPY,,,
2018-04-04,SPY,,,
2018-04-05,SPY,,,
2018-04-06,SPY,,,
2018-04-09,SPY,,,
2018-04-10,SPY,,,
2018-04-11,SPY,,,
2018-04-12,SPY,,,
2018-04-13,SPY,,,
2018-04-16,SPY,,,
2018-04-17,SPY,,,
2018-04-18,SPY,,,
2018-04-19,SPY,,,
2018-04-20,SPY,,,
2018-04-23,SPY,,,
2018-04-24,SPY,,,
2018-04-25,SPY,,,
2018-04-26,SPY,,,
2018-04-27,SPY,,,
2018-04-30,SPY,,,
2018-05-01,SPY,,,
2018-05-02,SPY,,,
2018-05-03,SPY,,,
2018-05-04,SPY,,,
2018-05-07,SPY,,,
2018-05-08,SPY,,,
2018-05-09,SPY,,,
2018-05-10,SPY,,,
2018-05-11,SPY,,,
2018-05-14,SPY,,,
2018-05-15,SPY,,,
2018-05-16,SPY,,,
2018-05-17,SPY,,,
2018-05-18,SPY,,,
2018-05-21,SPY,,,
2018-05-22,SPY,,,
2018-05-23,SPY,,,
2018-05-24,SPY,,,
2018-05-25,SPY,,,
2018-05-29,SPY,,,
2018-05-30,SPY,,,
2018-05-31,SPY,,,
2018-06-01,SPY,,,
2018-06-04,SPY,,,
2018-06-05,SPY,,,
2018-06-06,SPY,,,
2018-06-07,SPY,,,
2018-06-08,SPY,,,
2018-06-11,SPY,,,
2018-06-12,SPY,,,
2018-06-13,SPY,,,
2018-06-14,SPY,,,
2018-06-15,SPY,,,
2018-06-18,SPY,,,
2018-06-19,SPY,,,
2018-06-20,SPY,,,
2018-06-21,SPY,,,
2018-06-22,SPY,,,
2018-06-25,SPY,,,
2018-06-26,SPY,,,
2018-06-27,SPY,,,
2018-06-28,SPY,,,
2018-06-29,SPY,,,
2018-07-02,SPY,,,
2018-07-03,SPY,,,
2018-07-05,SPY,,,
2018-07-06,SPY,,,
2018-07-09,SPY,,,
2018-07-10,SPY,,,
2018-07-11,SPY,,,
2018-07-12,SPY,,,
2018-07-13,SPY,,,
2018-07-16,SPY,,,
2018-07-17,SPY,,,
2018-07-18,SPY,,,
2018-07-19,SPY,,,
2018-07-20,SPY,,,
2018-07-23,SPY,,,
2018-07-24,SPY,,,
2018-07-25,SPY,,,
2018-07-26,SPY,,,
2018-07-27,SPY,,,
2018-07-30,SPY,,,
2018-07-31,SPY,,,
2018-08-01,SPY,,,
2018-08-02,SPY,,,
2018-08-03,SPY,,,
2018-08-06,SPY,,,
2018-08-07,SPY,,,
2018-08-08,SPY,,,
2018-08-09,SPY,,,
2018-08-10,SPY,,,
2018-08-13,SPY,,,
2018-08-14,SPY,,,
2018-08-15,SPY,,,
2018-08-16,SPY,,,
2018-08-17,SPY,,,
2018-08-20,SPY,,,
2018-08-21,SPY,,,
2018-08-22,SPY,,,
2018-08-23,SPY,,,
2018-08-24,SPY,,,
2018-08-27,SPY,,,
2018-08-28,SPY,,,
2018-08-29,SPY,,,
2018-08-30,SPY,,,
2018-08-31,SPY,,,
2018-09-04,SPY,,,
2018-09-05,SPY,,,
2018-09-06,SPY,,,
2018-09-07,SPY,,,
2018-09-10,SPY,,,
2018-09-11,SPY,,,
2018-09-12,SPY,,,
2018-09-13,SPY,,,
2018-09-14,SPY,,,
2018-09-17,SPY,,,
2018-09-18,SPY,,,
2018-09-19,SPY,,,
2018-09-20,SPY,,,
2018-09-21,SPY,,,
2018-09-24,SPY,,,
2018-09-25,SPY,,,
2018-09-26,SPY,,,
2018-09-27,SPY,,,
2018-09-28,SPY,,,
2018-10-01,SPY,,,
2018-10-02,SPY,,,
2018-10-03,SPY,,,
2018-10-04,SPY,,,
2018-10-05,SPY,,,
2018-10-08,SPY,,,
2018-10-09,SPY,,,
2018-10-10,SPY,,,
2018-10-11,SPY,,,
2018-10-12,SPY,,,
2018-10-15,SPY,,,
2018-10-16,SPY,,,
2018-10-17,SPY,,,
2018-10-18,SPY,,,
2018-10-19,SPY,,,
2018-10-22,SPY,,,
2018-10-23,SPY,,,
2018-10-24,SPY,,,
2018-10-25,SPY,,,
2018-10-26,SPY,,,
2018-10-29,SPY,,,
2018-10-30,SPY,,,
2018-10-31,SPY,,,
2018-11-01,SPY,,,
2018-11-02,SPY,,,
2018-11-05,SPY,,,
2018-11-06,SPY,,,
2018-11-07,SPY,,,
2018-11-08,SPY,,,
2018-11-09,SPY,,,
2018-11-12,SPY,,,
2018-11-13,SPY,,,
2018-11-14,SPY,,,
2018-11-15,SPY,,,
2018-11-16,SPY,,,
2018-11-19,SPY,,,
2018-11-20,SPY,,,
2018-11-21,SPY,,,
2018-11-23,SPY,,,
2018-11-26,SPY,,,
2018-11-27,SPY,,,
2018-11-28,SPY,,,
2018-11-29,SPY,,,
2018-11-30,SPY,,,
2018-12-03,SPY,,,
2018-12-04,SPY,,,
2018-12-06,SPY,,,
2018-12-07,SPY,,,
2018-12-10,SPY,,,
2018-12-11,SPY,,,
2018-12-12,SPY,,,
2018-12-13,SPY,,,
2018-12-14,SPY,,,
2018-12-17,SPY,,,
2018-12-18,SPY,,,
2018-12-19,SPY,,,
2018-12-20,SPY,,,
2018-12-21,SPY,,,
2018-12-24,SPY,,,
2018-12-26,SPY,,,
2018-12-27,SPY,,,
2018-12-28,SPY,,,
2018-12-31,SPY,,,
2019-01-02,SPY,,,
2019-01-03,SPY,,,
2019-01-04,SPY,,,
2019-01-07,SPY,,,
2019-01-08,SPY,,,
2019-01-09,SPY,,,
2019-01-10,SPY,,,
2019-01-11,SPY,,,
2019-01-14,SPY,,,
2019-01-15,SPY,,,
2019-01-16,SPY,,,
2019-01-17,SPY,,,
2019-01-18,SPY,,,
2019-01-22,SPY,,,
2019-01-23,SPY,,,
2019-01-24,SPY,,,
2019-01-25,SPY,,,
2019-01-28,SPY,,,
2019-01-29,SPY,,,
2019-01-30,SPY,,,
2019-01-31,SPY,,,
2019-02-01,SPY,-0.023803308259323752,0.1763934562624613,-0.24832728598586704
2019-02-04,SPY,-0.01581850849688382,0.17653142211667244,-0.20290160282746036
2019-02-05,SPY,0.010301473450943677,0.17522145057593677,-0.055350109916212656
2019-02-06,SPY,0.05300857060916053,0.17009828402534574,0.19405587068851346
2019-02-07,SPY,0.02281852399650308,0.16925399160812166,0.016652629398713894
2019-02-08,SPY,0.029653938575144423,0.16916481592906096,0.05706824153784312
2019-02-11,SPY,0.07037350073213222,0.16488042035596187,0.3055153584845332
2019-02-12,SPY,0.06809377302018627,0.16470101779983784,0.2920065319731959
2019-02-13,SPY,0.05605418206729418,0.16409517209655597,0.21971506904590327
2019-02-14,SPY,0.0510966580790142,0.1640987971245965,0.1894996101367106
2019-02-15,SPY,0.0484018296045734,0.16390869817488507,0.17327835508930467
2019-02-19,SPY,0.03698390027572751,0.1634333013354412,0.10391945911236683
2019-02-20,SPY,0.038769503425820195,0.16344339832274268,0.11483794156529399
2019-02-21,SPY,0.04159728278613839,0.16335833449616283,0.1322080250925042
2019-02-22,SPY,0.05329499081073852,0.16338418105516306,0.20378344216504776
2019-02-25,SPY,0.05336317744964081,0.16338460705752145,0.20420024903505696
2019-02-26,SPY,0.03609489375527963,0.16262695921449835,0.09896817743515159
2019-02-27,SPY,0.023761522916998956,0.16222336416952393,0.02318730681154012
2019-02-28,SPY,0.03477566611591376,0.16173997043288998,0.09135445045752967
2019-03-01,SPY,0.05189209940368689,0.16151997492486125,0.19744987837277103
2019-03-04,SPY,0.0635302229685979,0.16088418448631095,0.2705686895675051
2019-03-05,SPY,0.056636706723933505,0.16081853072959987,0.22781396246888008
2019-03-06,SPY,0.03823721279866299,0.1605416469644282,0.11359801735872235
2019-03-07,SPY,0.02694877932562023,0.1607523647792414,0.043226607180322826
2019-03-08,SPY,0.025270653920062225,0.16076600220491127,0.03278463013183772
2019-03-11,SPY,0.0351293858229389,0.16133828325993396,0.09377430772933024
2019-03-12,SPY,0.021260364391807673,0.1604515048706369,0.007855111068131363
2019-03-13,SPY,0.029312192649516344,0.16057620736087866,0.057992356417960106
2019-03-14,SPY,0.03534455154477523,0.16044041322386957,0.09564018962830954
2019-03-15,SPY,0.045826235437876894,0.16042124434452545,0.16099012037590046
2019-03-18,SPY,0.050763363941043194,0.1604516415725708,0.19172981740501052
2019-03-19,SPY,0.049885555322803254,0.16044944284214335,0.18626150888043824
2019-03-20,SPY,0.061082424857072715,0.1598866046565527,0.2569472592486441
2019-03-21,SPY,0.07124504563884715,0.16025924372777953,0.31976343109351807
2019-03-22,SPY,0.05264790615700066,0.16143510032945377,0.20223548714234643
2019-03-25,SPY,0.0788238413177118,0.1594357262521027,0.3689501888974273
2019-03-26,SPY,0.11053625690527347,0.15810064534458168,0.5726495088489293
2019-03-27,SPY,0.07530979802155668,0.15587820676261743,0.35482700994749333
2019-03-28,SPY,0.09806573157928433,0.15493911312204217,0.5038478019284495
2019-03-29,SPY,0.10826391894952936,0.15501339134610623,0.5693954450197019
2019-04-01,SPY,0.10725887081951724,0.15494279771880776,0.563168292455102
2019-04-02,SPY,0.1322405431215503,0.1533551327377919,0.731899487925587
2019-04-03,SPY,0.1196717056211476,0.15286280841357908,0.6520337200104298
2019-04-04,SPY,0.11075821450168011,0.15253494908245915,0.594999474203233
2019-04-05,SPY,0.10739483454472776,0.1524162007293087,0.5733959653012284
2019-04-08,SPY,0.1335002325920458,0.15069727309988223,0.7531671294199052
2019-04-09,SPY,0.12216013632778933,0.1507388414459776,0.6777293453220674
2019-04-10,SPY,0.10836464415352443,0.14997344642862567,0.5892019304602586
2019-04-11,SPY,0.11389619029417108,0.14986630493267278,0.6265330311330076
2019-04-12,SPY,0.11228215744405334,0.14979751522837176,0.6160459824942078
2019-04-15,SPY,0.11482376580699727,0.14976292168159402,0.6331591607741128
2019-04-16,SPY,0.10645706944447286,0.14956100850313728,0.5780722549932477
2019-04-17,SPY,0.0920666724715864,0.14923360297525157,0.48291183108095104
2019-04-18,SPY,0.09340703665327488,0.14924152312624772,0.49186737789574647
2019-04-22,SPY,0.10045553915682781,0.14912272060247206,0.5395256928775082
2019-04-23,SPY,0.11984599098597637,0.149098891702119,0.6696628650027541
2019-04-24,SPY,0.11752762665412719,0.1491222170991929,0.6540113777228372
2019-04-25,SPY,0.13208565400933425,0.14846732290947068,0.7549516742999368
2019-04-26,SPY,0.13455338177621323,0.14851199902399978,0.7713409187745242
2019-04-29,SPY,0.12489605635605439,0.14820131032183942,0.7077943921565757
2019-04-30,SPY,0.12441525638706552,0.14820068732941957,0.7045531182657199
2019-05-01,SPY,0.1246122464446704,0.14819113244944276,0.7059278427497013
2019-05-02,SPY,0.12019391491475462,0.1482096011406045,0.6760285038464003
2019-05-03,SPY,0.13880787964337937,0.1483222858235553,0.8010116550166549
2019-05-06,SPY,0.13662649662074355,0.1483703416995447,0.7860499294186194
2019-05-07,SPY,0.10336007730022123,0.1488449327793945,0.5600464573676186
2019-05-08,SPY,0.09811268453158406,0.14882650787376475,0.524857336556197
2019-05-09,SPY,0.09478993735280938,0.14886573904574593,0.5023985897106028
2019-05-10,SPY,0.0897563587037482,0.14864796920587894,0.4692721944094301
2019-05-13,SPY,0.05252828980223767,0.15054695232350584,0.2160674082085607
2019-05-14,SPY,0.05881633374289286,0.15077806401622237,0.2574401919546902
2019-05-15,SPY,0.06451126432956666,0.15088139101946352,0.2950083110237548
2019-05-16,SPY,0.08182049517801548,0.1509739683922386,0.40947784466658826
2019-05-17,SPY,0.07032534904247578,0.15107795402920488,0.33310848936137555
2019-05-20,SPY,0.06414733302471132,0.1512323996900011,0.29191716269268564
2019-05-21,SPY,0.07643222778086689,0.15145720100750723,0.37259521109247046
2019-05-22,SPY,0.06511843246892468,0.15132326503162702,0.2981592583235287
2019-05-23,SPY,0.055037034718001365,0.15180946138481935,0.23079612033657473
2019-05-24,SPY,0.05452886697202142,0.1518022669325692,0.22745949497156842
2019-05-28,SPY,0.046865865882897095,0.1520857520912013,0.17664945935755005
2019-05-29,SPY,0.04232425598947498,0.15222185234414284,0.1466560526343113
2019-05-30,SPY,0.05733141723028634,0.15178723039114222,0.2459457039573526
2019-05-31,SPY,0.029347344498420025,0.15183666176042182,0.06156184145545098
2019-06-03,SPY,0.03305821190067548,0.15172996900013755,0.08606217998148832
2019-06-04,SPY,0.04522110693746595,0.1529494705296365,0.16489829516983479
2019-06-05,SPY,0.04928892731712353,0.15311563716732982,0.1912863235850668
2019-06-06,SPY,0.05534430502035681,0.15324306334768512,0.23064212009496296
2019-06-07,SPY,0.05706741468065113,0.15333925238680743,0.2417346772185008
2019-06-10,SPY,0.06203295687880095,0.15339964655762406,0.2740094766972713
2019-06-11,SPY,0.0586466661377234,0.15337707627508784,0.2519715923415379
2019-06-12,SPY,0.05537353816148238,0.15338688752448473,0.23061644142062532
2019-06-13,SPY,0.058360454845722165,0.15343220149108547,0.25001567124063545
2019-06-14,SPY,0.060575533664354086,0.15339910540554336,0.2645095847011883
2019-06-17,SPY,0.05831449261483157,0.1533826891977645,0.24979671966391623
2019-06-18,SPY,0.07076135028641128,0.15371316822409065,0.33023423349396375
2019-06-19,SPY,0.07539087146600787,0.15370678992976697,0.3603671086444362
2019-06-20,SPY,0.08984237303287368,0.15392515960895992,0.453742410989244
2019-06-21,SPY,0.0864047281819984,0.15393043794226596,0.4313943952196416
2019-06-24,SPY,0.09191938609931016,0.15379442560383724,0.467633243642842
2019-06-25,SPY,0.07924241499463225,0.15412550170263636,0.38437775929470913
2019-06-26,SPY,0.09304545042046697,0.15349309651367746,0.47588752901312426
2019-06-27,SPY,0.0944984166229228,0.15351468577114807,0.4852852757942733
2019-06-28,SPY,0.10931963247601817,0.15333884570893594,0.5824984012567991
2019-07-01,SPY,0.11302688488471024,0.15349134448800042,0.6060725130463813
2019-07-02,SPY,0.11432153932329392,0.15350313782333383,0.6144600081846419
2019-07-03,SPY,0.1208341796389214,0.15367844245337198,0.6561374388572151
2019-07-05,SPY,0.12352582855693028,0.153634057808636,0.6738468672478879
2019-07-08,SPY,0.10831129126751238,0.15355824118564124,0.5750996533019036
2019-07-09,SPY,0.10038520091126313,0.1533500672201789,0.5241941028682213
2019-07-10,SPY,0.09577625418569125,0.15317085609741266,0.49471718129916
2019-07-11,SPY,0.09440731101183886,0.15314977720922968,0.4858466813842328
2019-07-12,SPY,0.10740653200464378,0.15300696800005223,0.5712585063747813
2019-07-15,SPY,0.09782234669254186,0.152762346606728,0.5094340877918564
2019-07-16,SPY,0.09342069259949382,0.1528052548682502,0.48048539078579244
2019-07-17,SPY,0.08695140632362786,0.15296978371643866,0.4376773287967526
2019-07-18,SPY,0.08653528517088516,0.15296101288778838,0.4349819860286568
2019-07-19,SPY,0.07823188025799932,0.1530658399646012,0.38043681249497807
2019-07-22,SPY,0.08497244466143616,0.1530243797397976,0.4245888450710612
2019-07-23,SPY,0.09397996437435352,0.15316669714810413,0.4830029357022616
2019-07-24,SPY,0.09708200545221657,0.1532201437887375,0.5030801012593914
2019-07-25,SPY,0.08637395671284742,0.15323729670385985,0.43314492059409676
2019-07-26,SPY,0.08441103013611428,0.15315083959425885,0.4205724911907623
2019-07-29,SPY,0.08499583256263232,0.1531421664500806,0.42441499992635184
2019-07-30,SPY,0.08971683407481579,0.15300060609028715,0.4556637771335049
2019-07-31,SPY,0.08345388659848951,0.1533176002714664,0.413872161357451
2019-08-01,SPY,0.06875146717138847,0.1535163090145117,0.3175653940896928
2019-08-02,SPY,0.0624791253225665,0.15370390728426866,0.27636984689011973
2019-08-05,SPY,0.02494325142685261,0.15658410327520692,0.03156930571786407
2019-08-06,SPY,0.0348817035270681,0.15714433743417383,0.09470085763225093
2019-08-07,SPY,0.03170956781103551,0.15710600181316156,0.07453291202051672
2019-08-08,SPY,0.04848950845456135,0.15827543360672383,0.17999956029405603
2019-08-09,SPY,0.041786045132310656,0.15843104356867227,0.13751121397409372
2019-08-12,SPY,0.0305111346419511,0.15890704811052053,0.06614643445292974
2019-08-13,SPY,0.05359670663271965,0.1594981416653019,0.21064011330752988
2019-08-14,SPY,0.026286169233211698,0.16221595257640462,0.03875185598809018
2019-08-15,SPY,0.022473558020355888,0.16211495142168378,0.015258049912508167
2019-08-16,SPY,0.04536637774175589,0.16259037935473059,0.15601401412818497
2019-08-19,SPY,0.049469149786022015,0.16283044245695813,0.18098059147515833
2019-08-20,SPY,0.037773780283653524,0.16298846884064808,0.10904931134134858
2019-08-21,SPY,0.0439824859884288,0.1631702949656969,0.14697825969776304
2019-08-22,SPY,0.041218901287935594,0.16315722429205223,0.13005186488067275
2019-08-23,SPY,0.01507530485815245,0.16519872202965577,-0.029810733892744586
2019-08-26,SPY,0.027665311279533755,0.16555418271070682,0.046300921873585615
2019-08-27,SPY,0.01750916213333653,0.16549961908636412,-0.01505041449892192
2019-08-28,SPY,0.016647440894733467,0.16546157044957643,-0.02026185957353891
2019-08-29,SPY,0.02913526649825382,0.16594435710525515,0.055050178611734925
2019-08-30,SPY,0.023173113786211452,0.16586288512017314,0.019130945322170335
2019-09-03,SPY,0.021325061863273653,0.165918295774384,0.007986231157264745
2019-09-04,SPY,0.032881828114099454,0.16629664502673724,0.07746294648354636
2019-09-05,SPY,0.04796498852817499,0.1667672307325758,0.16768875039376901
2019-09-06,SPY,0.05160441261993087,0.16674205322369526,0.1895407427754983
2019-09-09,SPY,0.05530992174333971,0.16671000044286566,0.21180446073744094
2019-09-10,SPY,0.0571163449585379,0.16669599592909662,0.22265888722561258
2019-09-11,SPY,0.06278615370360185,0.1668298765317855,0.2564657757536011
2019-09-12,SPY,0.06296266440320175,0.16683296843823472,0.25751903119261155
2019-09-13,SPY,0.061999927396022336,0.16683572879389916,0.25174420191436947
2019-09-16,SPY,0.05249406761321529,0.1667741190703583,0.1948387903011903
2019-09-17,SPY,0.05497776403212806,0.1667895909541791,0.20971191206852496
2019-09-18,SPY,0.06122747771359327,0.16669638274468634,0.247320769861801
2019-09-19,SPY,0.05542990902027767,0.1666169685820464,0.21264286177929762
2019-09-20,SPY,0.04932551518880035,0.16668977318117176,0.175928700538377
2019-09-23,SPY,0.04064543912882401,0.1665035744647625,0.12399396946996624
2019-09-24,SPY,0.033424211300680184,0.16669490572535275,0.08053162298071648
2019-09-25,SPY,0.043001365826423665,0.16675567825266654,0.13793452833175626
2019-09-26,SPY,0.04179467437577267,0.16676768207717982,0.13068883673568196
2019-09-27,SPY,0.03929266386927588,0.16683113317797327,0.11564186792818051
2019-09-30,SPY,0.0412030789108786,0.166870001219095,0.1270634551206099
2019-10-01,SPY,0.028712188711599307,0.16730885566331663,0.05207248998900123
2019-10-02,SPY,0.00704210442620834,0.16822230665124038,-0.07702840266395858
2019-10-03,SPY,0.015883744150328116,0.16841615161693554,-0.024440980334441764
2019-10-04,SPY,0.02906638782080795,0.16894902528465486,0.0536634514791215
2019-10-07,SPY,0.03269784260508568,0.16881910372308043,0.07521567361188206
2019-10-08,SPY,0.022387732743960997,0.1694511594832263,0.014090979083547403
2019-10-09,SPY,0.03209689828516793,0.16970893063131143,0.07128026934214882
2019-10-10,SPY,0.040595576740365846,0.1698282261642514,0.12127298980586766
2019-10-11,SPY,0.0857621066726233,0.16708621858461056,0.39358187186049765
2019-10-14,SPY,0.10898025204363804,0.16557223803192017,0.5374104566158234
2019-10-15,SPY,0.10461766185591892,0.16529539401390334,0.5119178447815766
2019-10-16,SPY,0.10907358430402225,0.16519624722929932,0.539198594386859
2019-10-17,SPY,0.08854233971234282,0.16381316495868026,0.4184177732579169
2019-10-18,SPY,0.08358426829714194,0.1638823952059932,0.3879871795699545
2019-10-21,SPY,0.10691530328845045,0.16332965115725068,0.5321465066056502
2019-10-22,SPY,0.10389820821128537,0.16336908541406406,0.5135500881249517
2019-10-23,SPY,0.11210173169923054,0.16331227692416264,0.5639608572844762
2019-10-24,SPY,0.11961906340861095,0.16322062084779085,0.6103338100981085
2019-10-25,SPY,0.159329580905627,0.16030229302531993,0.8691677347598499
2019-10-28,SPY,0.14531651719380512,0.15943878835648484,0.7859851325112516
2019-10-29,SPY,0.16547484282972502,0.1583938888921421,0.9184372190570165
2019-10-30,SPY,0.1755618188482353,0.158289601137539,0.9827671415576219
2019-10-31,SPY,0.15531107982550196,0.15768741032820746,0.8580969117564183
2019-11-01,SPY,0.15369177279596546,0.15760302973544094,0.8482817431897477
2019-11-04,SPY,0.1461302529716506,0.1573189355230728,0.8017487059156463
2019-11-05,SPY,0.15168380722429387,0.15719240335790288,0.8377237348071467
2019-11-06,SPY,0.14562563449045762,0.15711557850388966,0.7995746550832804
2019-11-07,SPY,0.14242557447641802,0.15703761421086224,0.7795939532807158
2019-11-08,SPY,0.12123769321785849,0.15565108524408963,0.6504143100518643
2019-11-11,SPY,0.12113157547228548,0.15565252581968084,0.649726529908314
2019-11-12,SPY,0.13457819582032338,0.1553184949149195,0.7376983396799404
2019-11-13,SPY,0.15655574072167777,0.15411370480630832,0.8860713646025344
2019-11-14,SPY,0.16041072284633562,0.15409552523349818,0.9111927334267091
2019-11-15,SPY,0.1768537586631227,0.15405285610828381,1.0181814386671943
2019-11-18,SPY,0.16555693537962468,0.1537420006081768,0.9467610334445148
2019-11-19,SPY,0.1621979320146696,0.15373243139019996,0.9249702924020387
2019-11-20,SPY,0.17779876034270403,0.15278269062633337,1.0328314005716699
2019-11-21,SPY,0.19807546853114189,0.1515801988761958,1.1747937385712648
2019-11-22,SPY,0.19666214523349823,0.15156408431719356,1.1655937224796569
2019-11-25,SPY,0.21404439154213528,0.15154010448247826,1.28048210211292
2019-11-26,SPY,0.1974627820158228,0.15076416551191088,1.1770886099708
2019-11-27,SPY,0.19876751578351604,0.15078708439759295,1.1855625201436002
2019-11-29,SPY,0.16744095431828332,0.1491860431548461,0.9883025998970194
2019-12-02,SPY,0.16005833899676758,0.14944001104556756,0.9372211499239029
2019-12-03,SPY,0.14529799518297848,0.14951858660567077,0.8380094945214411
2019-12-04,SPY,0.13730523591537724,0.14908410057909022,0.786839344099916
2019-12-05,SPY,0.17750359192301635,0.14537010089965696,1.0834662076195065
2019-12-06,SPY,0.1900645678219708,0.14559775911596062,1.1680438548956218
2019-12-09,SPY,0.214543919299367,0.14365028245217795,1.3542884565098705
2019-12-10,SPY,0.21089224203097534,0.14365902787880874,1.3287869537305566
2019-12-11,SPY,0.21405416395074628,0.143672305855135,1.3506720226681084
2019-12-12,SPY,0.2183833387783729,0.14382272477150082,1.3793601747815276
2019-12-13,SPY,0.21952632381646264,0.14381816269960213,1.3873513614078081
2019-12-16,SPY,0.2510041520319821,0.1426324781617752,1.619576095214267
2019-12-17,SPY,0.27631761586411185,0.1411349503748452,1.816117235194748
2019-12-18,SPY,0.27779859831314013,0.14112235877450283,1.8267735924473343
2019-12-19,SPY,0.30254273413960964,0.1402390210627359,2.014722664194969
2019-12-20,SPY,0.3299015621081556,0.13918838085972446,2.2264901724841364
2019-12-23,SPY,0.35979451744644675,0.13747942346052913,2.4716027234723095
2019-12-24,SPY,0.3967431982067071,0.13464785126870807,2.79798893674779
2019-12-26,SPY,0.33664439315863737,0.1253438368440085,2.5262063227943474
2019-12-27,SPY,0.32613252401754544,0.1251820461755444,2.4454986427386864
2019-12-30,SPY,0.32052428095123275,0.12533590872729566,2.3977508441344595
2019-12-31,SPY,0.3122386169086351,0.1251089853482605,2.3358723283954625
2020-01-02,SPY,0.3231339435049918,0.12538013438569426,2.417719082773443
2020-01-03,SPY,0.34521547365426497,0.1231567984992018,2.640661966025146
2020-01-06,SPY,0.3065826635596278,0.11884539157151229,2.4113906292040252
2020-01-07,SPY,0.29271648439097797,0.11871267085426962,2.297282020768969
2020-01-08,SPY,0.28750880431448333,0.11849502562266785,2.257553031519911
2020-01-09,SPY,0.2902096223671311,0.11857877909500669,2.2787350690348736
2020-01-10,SPY,0.28197470397441404,0.11861683721394388,2.208579406833298
2020-01-13,SPY,0.29029297250105146,0.11875987121878376,2.2759621556266922
2020-01-14,SPY,0.2962337630237317,0.11857162989940401,2.329678383084453
2020-01-15,SPY,0.28444220119702557,0.11811728228772962,2.2388104100876065
2020-01-16,SPY,0.29200014927595097,0.11833447163071024,2.298570699878473
2020-01-17,SPY,0.2862634618699047,0.11817063114442274,2.2532118115243853
2020-01-21,SPY,0.26688246769034984,0.11756206956696502,2.100018046634694
2020-01-22,SPY,0.2843879009054795,0.11666361181333777,2.2662413480606203
2020-01-23,SPY,0.28317585192554406,0.11665872166699512,2.2559466464649365
2020-01-24,SPY,0.27108936406124196,0.1170780336762611,2.144632568356443
2020-01-27,SPY,0.2402201472834118,0.11806408586296849,1.8652594112235885
2020-01-28,SPY,0.2628139610004405,0.11814416978988185,2.055234392287682
2020-01-29,SPY,0.2634478032002552,0.11813551671543983,2.060750314290855
2020-01-30,SPY,0.24779398682885145,0.1172112949221965,1.943447403938831
2020-01-31,SPY,0.21447121821208603,0.11848288535429548,1.6413443817692754
2020-02-03,SPY,0.22290391286273947,0.11866771107752853,1.7098493854842904
2020-02-04,SPY,0.2328686809186704,0.11938031189476146,1.783113794394529
2020-02-05,SPY,0.24190014343812516,0.11981235582835006,1.852063937011904
2020-02-06,SPY,0.24772426118070046,0.11981726968552628,1.9005963145245093
2020-02-07,SPY,0.25301857074440104,0.11952296992588515,1.949571458012575
2020-02-10,SPY,0.26083316080057095,0.1197015611059121,2.0119466995712902
2020-02-11,SPY,0.26231809482655133,0.11970346669044339,2.0243197755767
2020-02-12,SPY,0.25432078452697193,0.11923374247737001,1.965222089472239
2020-02-13,SPY,0.24892751408179192,0.11922752834702305,1.9200894059925209
2020-02-14,SPY,0.25370950189238295,0.1191880596199159,1.960846603574801
2020-02-18,SPY,0.23699844398573688,0.11881734498575126,1.8263195833214387
2020-02-19,SPY,0.24076609327068366,0.11887862271616996,1.8570714248412545
2020-02-20,SPY,0.23318295098133923,0.11897780465837417,1.7917875657015203
2020-02-21,SPY,0.2248384688181928,0.11941930145513688,1.7152877828141206
2020-02-24,SPY,0.17691879908320707,0.12404195050591883,1.2650462076998659
2020-02-25,SPY,0.13970480369512317,0.12784942928647422,0.9362951744344414
2020-02-26,SPY,0.13632553122472468,0.12791322558764376,0.9094097243683421
2020-02-27,SPY,0.08575789854642868,0.13574616603050366,0.48441809053857293
2020-02-28,SPY,0.08321321622390077,0.13580481940909434,0.4654710819465043
2020-03-02,SPY,0.12311140134762644,0.14231986216915643,0.7245046459156335
2020-03-03,SPY,0.09493655662603717,0.1452150286596007,0.5160385761565791
2020-03-04,SPY,0.14251428187173265,0.151052433146826,0.8110712242062748
2020-03-05,SPY,0.11126581447786688,0.15465384836971469,0.5901296051792212
2020-03-06,SPY,0.10211470971027059,0.15533609625130618,0.5286260675524096
2020-03-09,SPY,0.018082303475620565,0.17404453136613787,-0.011018424476349523
2020-03-10,SPY,0.055456653039628545,0.1809782514018729,0.19591665166934863
2020-03-11,SPY,0.00023312993662383263,0.1874652397929352,-0.10544285482049724
2020-03-12,SPY,-0.10141401477006085,0.21038710680925599,-0.5770981720858915
2020-03-13,SPY,-0.023972896721978998,0.22721714416782998,-0.19352807589861787
2020-03-16,SPY,-0.1350465344119277,0.2521385338091339,-0.6149259776742265
2020-03-17,SPY,-0.09163959567923119,0.2579195079578575,-0.43284665267534717
2020-03-18,SPY,-0.13784620051094976,0.2627941857582392,-0.6006457108459863
2020-03-19,SPY,-0.1334059826448628,0.2627941146135117,-0.5837496888789736
2020-03-20,SPY,-0.1800124701457222,0.265967279233438,-0.7520190856641894
2020-03-23,SPY,-0.1852984421926953,0.2664858678469021,-0.7703914802365454
2020-03-24,SPY,-0.11081503821739691,0.28168311448134237,-0.464404969599488
2020-03-25,SPY,-0.10418137873499744,0.2819911239653106,-0.4403733599440305
2020-03-26,SPY,-0.04689048997391554,0.287982239883712,-0.23227296933632469
2020-03-27,SPY,-0.07877147638312065,0.28948905432245353,-0.3411924385683403
2020-03-30,SPY,-0.05481361254378536,0.2912532135981705,-0.25686793844960787
2020-03-31,SPY,-0.07981456358405781,0.2913838437890385,-0.3425535276290865
2020-04-01,SPY,-0.12165807395554618,0.29481339767334386,-0.48050080177327864
2020-04-02,SPY,-0.10280178503899862,0.29573621829451024,-0.4152409391963818
2020-04-03,SPY,-0.11810997454039629,0.29606191501787277,-0.46649017497592965
2020-04-06,SPY,-0.0634098538631318,0.30361720565170797,-0.27472044505545823
2020-04-07,SPY,-0.06316948106620246,0.30361802642846625,-0.2739280076500911
2020-04-08,SPY,-0.026733435927959404,0.3054319991554576,-0.1530076614669742
2020-04-09,SPY,-0.015281685892938546,0.3057893022678159,-0.11537907190107716
2020-04-13,SPY,-0.024001143573774253,0.3059291215544341,-0.14382790154204106
2020-04-14,SPY,-0.0019689585565813017,0.30726825624977006,-0.07149765102556943
2020-04-15,SPY,-0.022535458560994703,0.3080136678332108,-0.13809601002520325
2020-04-16,SPY,-0.018462571234422742,0.30804944855160304,-0.12485843235645225
2020-04-17,SPY,0.010525693266315805,0.3092100800569126,-0.03064035535950307
2020-04-20,SPY,-0.009227809767706097,0.30971956091065617,-0.09436862715990145
2020-04-21,SPY,-0.04013900456545905,0.3112183577378019,-0.1932373302224206
2020-04-22,SPY,-0.027578508722180706,0.31187940787348545,-0.15255418447338157
2020-04-23,SPY,-0.025485576954920708,0.31187088363304494,-0.14584746233778006
2020-04-24,SPY,-0.011293162268013468,0.3121772031204513,-0.10024166388581307
2020-04-27,SPY,-0.0016863482538272967,0.31247119871627355,-0.06940271085118051
2020-04-28,SPY,-0.007832228254890938,0.31250470187978713,-0.08906179039058847
2020-04-29,SPY,0.01762128633554161,0.31358555948051037,-0.007585533174419759
2020-04-30,SPY,0.01578213610476653,0.3136353769231454,-0.01344830400387847
2020-05-01,SPY,-0.00896965494973967,0.3147639805646903,-0.09203611829335671
2020-05-04,SPY,-0.015868708889652305,0.3146266218440401,-0.11400404924231862
2020-05-05,SPY,-0.002671488150659429,0.3147289606850814,-0.07203496018068886
2020-05-06,SPY,0.007390913950874989,0.3143506717476412,-0.0401115288827743
2020-05-07,SPY,0.020964810548784518,0.3145691632010583,0.003067085594044241
2020-05-08,SPY,0.04100830730070082,0.31497131504834947,0.06669911289374383
2020-05-11,SPY,0.03601697387958791,0.31493650190388583,0.050857788102555555
2020-05-12,SPY,0.04154177417050908,0.31455709195094556,0.06848287551522911
2020-05-13,SPY,0.01395159648243749,0.31495157482635094,-0.019204233288553352
2020-05-14,SPY,0.020110235507467156,0.31511994364077417,0.0003498207894858599
2020-05-15,SPY,0.015396070298119957,0.315020942701116,-0.014614678193786425
2020-05-18,SPY,0.05313344829028832,0.31639077390083814,0.10472318102636223
2020-05-19,SPY,0.049254164719213955,0.31649339733296133,0.09243214855581212
2020-05-20,SPY,0.057544737629497966,0.316811782584571,0.11850802177622805
2020-05-21,SPY,0.053478693650199416,0.3168773928263654,0.1056518843190061
2020-05-22,SPY,0.06853542746320551,0.31662703314853724,0.1532889563489558
2020-05-26,SPY,0.07925273790276921,0.31684407719439794,0.18700913846155
2020-05-27,SPY,0.10559321650669906,0.31701554250732544,0.2699969087626712
2020-05-28,SPY,0.1110091001830622,0.3169402343200576,0.28714909098968466
2020-05-29,SPY,0.1129200853738308,0.31695647130342447,0.2931635533160571
2020-06-01,SPY,0.132681419061337,0.31665801829320794,0.3558457785742858
2020-06-02,SPY,0.1449712963858123,0.31673187031729083,0.3945649557167091
2020-06-03,SPY,0.13555993996777982,0.31628468258983866,0.3653668556489635
2020-06-04,SPY,0.12285083345762149,0.3162009723055361,0.3252704528632493
2020-06-05,SPY,0.14418900019170988,0.3171329815145971,0.3915991316910495
2020-06-08,SPY,0.14654605857417313,0.3172008718984155,0.39894612463328877
2020-06-09,SPY,0.1327981230027071,0.31728297527878774,0.35551268675413333
2020-06-10,SPY,0.12674910336832168,0.3173437177257295,0.33638322552388344
2020-06-11,SPY,0.06367166204431918,0.32265111979082906,0.1353525816759322
2020-06-12,SPY,0.07198670329025036,0.3228362762294925,0.16103117003274722
2020-06-15,SPY,0.08319121865121226,0.32295348256988987,0.19566662712032265
2020-06-16,SPY,0.10362029226615821,0.32349565744421543,0.2584896901763757
2020-06-17,SPY,0.08764769058035515,0.32337820324836664,0.20919063159120585
2020-06-18,SPY,0.0856156389965308,0.3233736516940927,0.2029096639530865
2020-06-19,SPY,0.06919566828812318,0.3233065592438631,0.1521641515816447
2020-06-22,SPY,0.07762130707581383,0.3233552015854061,0.17819817585521233
2020-06-23,SPY,0.08390965244050363,0.3233764241649014,0.19763238029966518
2020-06-24,SPY,0.06672278279582722,0.32426023707076734,0.14409038622157772
2020-06-25,SPY,0.07923532017605295,0.32441883332145155,0.1825890302655747
2020-06-26,SPY,0.049878981398365996,0.3253097938286869,0.09184777699653494
2020-06-29,SPY,0.0598560171117446,0.3255896699834502,0.12241179861071909
2020-06-30,SPY,0.063774833324173,0.325710387893491,0.13439802644086252
2020-07-01,SPY,0.06844364901896705,0.32576923016991444,0.14870541638846568
2020-07-02,SPY,0.06580648912454401,0.3257210617058317,0.14063103222324996
2020-07-06,SPY,0.08349248398226128,0.3260607381231663,0.19472594077940655
2020-07-07,SPY,0.07824166854463344,0.32618574664957,0.17855368955530726
2020-07-08,SPY,0.08513660411658597,0.32626305948594403,0.1996444348287985
2020-07-09,SPY,0.07382866813875588,0.3262944196474316,0.1649696252755991
2020-07-10,SPY,0.08225527615538208,0.32643395801477826,0.19071323502612944
2020-07-13,SPY,0.0681026342773936,0.3265386364327278,0.14731069745035674
2020-07-14,SPY,0.08158430903439973,0.3267771668073951,0.1884596455623779
2020-07-15,SPY,0.09505274676086928,0.32686990566986146,0.22961045192295107
2020-07-16,SPY,0.09892452049675615,0.3268091751855166,0.24150032033817234
2020-07-17,SPY,0.09809035131722554,0.32680287043770995,0.23895246456260824
2020-07-20,SPY,0.11314809161556139,0.32683017685420007,0.2850045626512482
2020-07-21,SPY,0.11278240872901679,0.32682850349755305,0.2838871387780027
2020-07-22,SPY,0.11117178208603651,0.3268025909052665,0.2789812095231074
2020-07-23,SPY,0.09277821432960942,0.327017850851212,0.22255119755747635
2020-07-24,SPY,0.09095185286960805,0.3270493615915036,0.21694539480015698
2020-07-27,SPY,0.09159384638801349,0.32706106592420225,0.21890054747331392
2020-07-28,SPY,0.0866493649658433,0.32712537612418013,0.2037425703732092
2020-07-29,SPY,0.10272025295499154,0.3273222512604179,0.2527180863398719
2020-07-30,SPY,0.11094095447192931,0.32714419732637623,0.27798431155177067
2020-07-31,SPY,0.1295551552651395,0.32708980753466277,0.33493906793023376
2020-08-03,SPY,0.14603710338981157,0.32704470843533306,0.38538187635814647
2020-08-04,SPY,0.18613540199141543,0.32559052877687095,0.510258706282175
2020-08-05,SPY,0.17699696435299628,0.32536777953140245,0.48252154709081735
2020-08-06,SPY,0.1841651277122911,0.3254198112631864,0.5044718300187353
2020-08-07,SPY,0.16221268180152282,0.3248755979601606,0.43774504054614266
2020-08-10,SPY,0.17368006178135098,0.3247926656248948,0.4731635841766117
2020-08-11,SPY,0.17833687324398229,0.3246585430685451,0.48770277765508446
2020-08-12,SPY,0.1764696707484208,0.32458942064057483,0.4820541299208984
2020-08-13,SPY,0.21012298679983643,0.3231610894848677,0.588322644607061
2020-08-14,SPY,0.2069701962613446,0.32315804360328804,0.5785720020352365
2020-08-17,SPY,0.19319906996229097,0.3228689335454644,0.5364377057289785
2020-08-18,SPY,0.18154147661250342,0.3226778064406123,0.5006277884259591
2020-08-19,SPY,0.1857075095277383,0.3226038762956796,0.5136562877994083
2020-08-20,SPY,0.17980121122463633,0.3225296239193672,0.4954621199837037
2020-08-21,SPY,0.1843510599629914,0.32253860141876917,0.5095546990036259
2020-08-24,SPY,0.22789359703363976,0.3215640079603151,0.6465076684182154
2020-08-25,SPY,0.2187137245457913,0.3214159451578864,0.618244762089133
2020-08-26,SPY,0.23578059479388003,0.3215044666841991,0.6711589329358607
2020-08-27,SPY,0.2298227171283782,0.3214502305522326,0.6527378025765144
2020-08-28,SPY,0.22215619409021214,0.32128058804659393,0.629220069968542
2020-08-31,SPY,0.2182701909296898,0.3213106724115684,0.617066932267113
2020-09-01,SPY,0.23697718398006917,0.32134717703552723,0.6752111096220422
2020-09-02,SPY,0.24078547115844162,0.3214624385372636,0.6868157666042479
2020-09-03,SPY,0.18287828005842188,0.32319223234497624,0.5039671865769508
2020-09-04,SPY,0.17231483497542044,0.32331863768695696,0.47109822082973907
2020-09-08,SPY,0.1397107129077515,0.3245427957495157,0.3688595602046425
2020-09-09,SPY,0.1624900061720309,0.3250978741699637,0.4382987939734605
2020-09-10,SPY,0.13423890345451595,0.3255424776771477,0.3509185783362219
2020-09-11,SPY,0.13089925789261425,0.3255308068650263,0.34067208250000136
2020-09-14,SPY,0.146555638664164,0.3257665356045921,0.3884856939933643
2020-09-15,SPY,0.1559192861216836,0.3257718246124131,0.4172223496718709
2020-09-16,SPY,0.14842408543917562,0.325801725409783,0.39417865352814785
2020-09-17,SPY,0.1376424974549122,0.32594183123113973,0.36093095817298365
2020-09-18,SPY,0.12461969807106321,0.32617060592127595,0.3207514600390265
2020-09-21,SPY,0.11738274026272189,0.3263399602902211,0.2984088745249504
2020-09-22,SPY,0.12902755959346957,0.32647779042345026,0.33395092343665383
2020-09-23,SPY,0.1115669013644105,0.32724048582525406,0.2798153203247201
2020-09-24,SPY,0.10797635546834039,0.3272039681258068,0.2688731312528408
2020-09-25,SPY,0.1282392606908871,0.3275613272239026,0.3304396816566224
2020-09-28,SPY,0.153190663503892,0.32788979033759075,0.406205583183181
2020-09-29,SPY,0.1416159633464611,0.3279257468871556,0.37086433285859394
2020-09-30,SPY,0.16411875626374783,0.3277506568457758,0.43972072443950405
2020-10-01,SPY,0.19265964608691544,0.32727167444189015,0.5275728380140415
2020-10-02,SPY,0.17173715019329183,0.3273546283805325,0.46352529348357163
2020-10-05,SPY,0.17659401995057245,0.32754502101990624,0.47808395762808925
2020-10-06,SPY,0.16489296793360686,0.327851579637305,0.4419468348876
2020-10-07,SPY,0.20385984211698416,0.3278571550500237,0.5607925259063852
2020-10-08,SPY,0.20310365236950179,0.32784117436680493,0.5585132884029886
2020-10-09,SPY,0.20569320093829724,0.32788691905865974,0.566333056138407
2020-10-12,SPY,0.21251975740255413,0.3281015816244675,0.5867687575578495
2020-10-13,SPY,0.20594932896881968,0.32818089331224876,0.566606200294231
2020-10-14,SPY,0.1866243708821047,0.32813722794799155,0.5077886831801786
2020-10-15,SPY,0.18706387020439608,0.3281346079498947,0.5091321249171813
2020-10-16,SPY,0.18285861200206255,0.32813152442136684,0.4963211391811574
2020-10-19,SPY,0.16999639696523672,0.3284841266170255,0.4566321012525369
2020-10-20,SPY,0.1667730616082841,0.32844547151100273,0.4468719295567066
2020-10-21,SPY,0.16838139122905305,0.32843114940313023,0.4517884235362934
2020-10-22,SPY,0.1713821106104092,0.3284575985984397,0.46088783226928315
2020-10-23,SPY,0.17344173381024786,0.3284665774068901,0.46714565305733047
2020-10-26,SPY,0.14705963065113425,0.3290179917108049,0.38617836669191985
2020-10-27,SPY,0.13669822092298878,0.3290082381306283,0.35469695709155863
2020-10-28,SPY,0.0981728041082266,0.33085329802577,0.23627633327124262
2020-10-29,SPY,0.1059421602887729,0.3309827164911935,0.2596575470763579
2020-10-30,SPY,0.09733550257805423,0.3311509363941553,0.23353550927606306
2020-11-02,SPY,0.0994496583622213,0.33120779136303546,0.23987859112630858
2020-11-03,SPY,0.11438362716946004,0.3316297908634421,0.28460539363402715
2020-11-04,SPY,0.14055113075573544,0.3323338626302443,0.36274103939224817
2020-11-05,SPY,0.16252992235799324,0.33286242522370224,0.4281946881274002
2020-11-06,SPY,0.1581915285008948,0.3328530184829845,0.4151728265248079
2020-11-09,SPY,0.16986026755090822,0.33305681152327704,0.4499540689935255
2020-11-10,SPY,0.17037900067911393,0.33305343207038723,0.45151614185237693
2020-11-11,SPY,0.1765933749937305,0.33311617269748306,0.47008637775128265
2020-11-12,SPY,0.16480199650885852,0.3332833878872526,0.43447108908363596
2020-11-13,SPY,0.17921159575289725,0.33353700345744186,0.47734312565775655
2020-11-16,SPY,0.18535312530484416,0.33367865996842094,0.4955460002161752
2020-11-17,SPY,0.17810986666736328,0.33373763446069643,0.4737549809833735
2020-11-18,SPY,0.16426726728411456,0.33398529961572504,0.43195693777571886
2020-11-19,SPY,0.1735322822924492,0.33397109095454175,0.459717282276229
2020-11-20,SPY,0.16737466481010088,0.3340510187226103,0.4411741217663463
2020-11-23,SPY,0.17176657448402088,0.3340880139651973,0.4542712343455422
2020-11-24,SPY,0.1814915820024876,0.3343659720231192,0.48297851909201317
2020-11-25,SPY,0.17700321812347575,0.33437186716168893,0.4695467338690765
2020-11-27,SPY,0.17504347135210652,0.33435803478487774,0.4637049366911723
2020-11-30,SPY,0.17419604972721192,0.33436867084131305,0.461155793511502
2020-12-01,SPY,0.1972085983290075,0.3343874670984031,0.5299498807975922
2020-12-02,SPY,0.20782763316780706,0.3343013151740579,0.5618513138963046
2020-12-03,SPY,0.20009339573543317,0.3342628235221859,0.5387778211102197
2020-12-04,SPY,0.20826301595327634,0.3343498032844262,0.5630720105228353
2020-12-07,SPY,0.19486586595304356,0.33426284437924586,0.5231388079575047
2020-12-08,SPY,0.20214208790812482,0.3342436851121631,0.5449380078699254
2020-12-09,SPY,0.19269023560171883,0.3343847342004913,0.5164417449098522
2020-12-10,SPY,0.1889251790273323,0.3343815049628354,0.5051869691360692
2020-12-11,SPY,0.1773827672871977,0.33429821718278624,0.4707855417641806
2020-12-14,SPY,0.17141012272102074,0.3343409008325363,0.4528615025681785
2020-12-15,SPY,0.1791456717581017,0.3345271375401946,0.47573321832217513
2020-12-16,SPY,0.18073763972176682,0.33452719508308587,0.48049199611961213
2020-12-17,SPY,0.18726570626655303,0.3345592788188434,0.49995835373952907
2020-12-18,SPY,0.17769814743424228,0.33457957119874576,0.47133226595166805
2020-12-21,SPY,0.16836484432470145,0.3345903760439861,0.4434223305490324
2020-12-22,SPY,0.1646163241044618,0.33459918581303855,0.43220763897873915
2020-12-23,SPY,0.16562694475593598,0.3345982357442482,0.4352292666218559
2020-12-24,SPY,0.16396534943542918,0.3345819906215081,0.4302842157403752
2020-12-28,SPY,0.1742553636949029,0.3346702379289893,0.46091748298106205
2020-12-29,SPY,0.1785129054764223,0.33462070526023074,0.47370919666536654
2020-12-30,SPY,0.1773344627139577,0.33461753325781407,0.4701919268310893
2020-12-31,SPY,0.17235260963826438,0.3345361070574556,0.4554145469627835
2021-01-04,SPY,0.16521551762184306,0.33474339633356204,0.433811448447933
2021-01-05,SPY,0.1687816777088802,0.3347849929866852,0.4444096385013215
2021-01-06,SPY,0.17908461379181806,0.33480406132034807,0.47515735969404005
2021-01-07,SPY,0.19025971312218193,0.3350667301063506,0.5081367316538449
2021-01-08,SPY,0.1889788450894847,0.3350494392930376,0.5043400324621767
2021-01-11,SPY,0.1843723672779205,0.33511556331209247,0.49049457940227276
2021-01-12,SPY,0.1765312647773023,0.33506239795804893,0.4671704904257881
2021-01-13,SPY,0.18150105710407471,0.33505868387983484,0.4820082716077143
2021-01-14,SPY,0.17470880420770607,0.33508450545109847,0.46170085960684315
2021-01-15,SPY,0.1565216757878516,0.3350994426993212,0.40740645429944833
2021-01-19,SPY,0.16198573380035408,0.3351657680222753,0.4236283873444905
2021-01-20,SPY,0.18037730517869766,0.33540648589035743,0.4781580318966287
2021-01-21,SPY,0.18131093202531678,0.33540561391556994,0.4809428504852719
2021-01-22,SPY,0.1757810883571913,0.3354346931276311,0.4644155525615756
2021-01-25,SPY,0.1910102942783396,0.3353052886271155,0.5100137101282521
2021-01-26,SPY,0.20852297947749743,0.33488297231228287,0.5629518221717682
2021-01-27,SPY,0.1667598513483326,0.3357076535597957,0.43716564037820477
2021-01-28,SPY,0.17776687361568677,0.335793104158436,0.469833572107092
2021-01-29,SPY,0.15045516355226352,0.3364335252696786,0.3877591076801671
2021-02-01,SPY,0.1912351600917681,0.33626654649934795,0.5092244883542114
2021-02-02,SPY,0.19917122472067672,0.33646388475188993,0.5325125008670647
2021-02-03,SPY,0.18209737681387472,0.3361577016991138,0.48220634539845814
2021-02-04,SPY,0.18188428282398061,0.3361519462383445,0.4815806799143103
2021-02-05,SPY,0.18255697086212685,0.33615665439774595,0.48357504971413373
2021-02-08,SPY,0.19747985586910355,0.33615777937566416,0.5279659337312723
2021-02-09,SPY,0.1878144304671503,0.3360976618988019,0.4993025822288486
2021-02-10,SPY,0.18524312022345746,0.33609931804732057,0.4916496742197862
2021-02-11,SPY,0.17955793073921544,0.3360540572066048,0.47479840614190183
2021-02-12,SPY,0.18665033827542832,0.33607278754502634,0.4958757282694329
2021-02-16,SPY,0.18372660646499805,0.33607670912311,0.48717034540177706
2021-02-17,SPY,0.18705774445883816,0.3360593162547881,0.49710791035526897
2021-02-18,SPY,0.17638080838017323,0.33607620236915364,0.46531354281491505
2021-02-19,SPY,0.17914709781127902,0.3360495320527406,0.4735822628263682
2021-02-22,SPY,0.18225294013354332,0.3359725772289215,0.48293507009350084
2021-02-23,SPY,0.2242928379666882,0.3342283429052122,0.6112373241326995
2021-02-24,SPY,0.2764632586306257,0.3328913838762344,0.7704112243589221
2021-02-25,SPY,0.25030481225027823,0.3338160420550644,0.6899153522774333
2021-02-26,SPY,0.3023531809394526,0.33066579808204966,0.8538929111422373
2021-03-01,SPY,0.3395511007088068,0.33141589522507886,0.9641996817677855
2021-03-02,SPY,0.2739286139045696,0.3288554095686699,0.7721588470678494
2021-03-03,SPY,0.29410807683696394,0.32781341279008036,0.8361710233390989
2021-03-04,SPY,0.22653833024246373,0.3255227240298347,0.634482065293648
2021-03-05,SPY,0.29205277883427705,0.3241586184548064,0.8392582006028203
2021-03-08,SPY,0.30722949130830046,0.3237288041991792,0.8872534281242951
2021-03-09,SPY,0.4382094393440006,0.31402532066078354,1.3317698027152365
2021-03-10,SPY,0.37596351082374624,0.31000686806416344,1.1482439503568382
2021-03-11,SPY,0.4611431247701341,0.3059988389164273,1.4416496687773923
2021-03-12,SPY,0.6179074488763947,0.2899642990231624,2.0620036704195566
2021-03-15,SPY,0.49937952401272057,0.2776410854934794,1.7266159407231505
2021-03-16,SPY,0.6814824120603074,0.25423546457232743,2.601849483009961
2021-03-17,SPY,0.6007862214316719,0.24886332075196657,2.3337558129368583
2021-03-18,SPY,0.6616285224781684,0.24376662794972231,2.632142586024968
2021-03-19,SPY,0.6550368869135021,0.24379918268284984,2.604753961540553
2021-03-22,SPY,0.7433819151857306,0.23960371491493188,3.0190763755167893
2021-03-23,SPY,0.7750454737088583,0.23818494523671105,3.169996629965362
2021-03-24,SPY,0.6193069881586966,0.22122208504309554,2.7090739518251423
2021-03-25,SPY,0.6043983299239799,0.22086958735959422,2.645897685191626
2021-03-26,SPY,0.5403142819005555,0.21396630936484257,2.4317579877182753
2021-03-29,SPY,0.5868004898455901,0.2116164133654243,2.678433495925599
2021-03-30,SPY,0.5328115017092163,0.20942872023274636,2.448620710374913
2021-03-31,SPY,0.56231127934061,0.20876904178836145,2.597661390285899
2021-04-01,SPY,0.6536031261035211,0.20358646930062915,3.112206465783839
2021-04-05,SPY,0.63950555213348,0.20286896350523242,3.053722666244616
2021-04-06,SPY,0.6625684703477961,0.20220958235059106,3.1777350157111277
2021-04-07,SPY,0.5597309417716683,0.19136815601536095,2.8203801144864693
2021-04-08,SPY,0.5655384384392763,0.1913884404452196,2.8504252251087427
2021-04-09,SPY,0.5257051497023231,0.18880248491485346,2.678487785425001
2021-04-12,SPY,0.5033837224194946,0.18832231012084835,2.566789469125046
2021-04-13,SPY,0.521732820269668,0.18801278438983862,2.668610126156851
2021-04-14,SPY,0.4730901211947989,0.18600464162621774,2.4359076054956623
2021-04-15,SPY,0.5212383499811248,0.18480524677270077,2.7122517284242345
2021-04-16,SPY,0.5189941287606135,0.1847863009899884,2.700384855843013
2021-04-19,SPY,0.47177195358607116,0.1831508594483065,2.4666657582001776
2021-04-20,SPY,0.4871968960453019,0.18235380708839133,2.562035328491059
2021-04-21,SPY,0.5482801334804945,0.17966510351062176,2.9403602767482484
2021-04-22,SPY,0.5008284371555647,0.17882413163420285,2.688834178930238
2021-04-23,SPY,0.5172105022872509,0.17904995924820988,2.7769372546909525
2021-04-26,SPY,0.4994770418305443,0.17862967122187742,2.684195960003654
2021-04-27,SPY,0.477845582967134,0.17818016678495682,2.5695653519041852
2021-04-28,SPY,0.4842460184331028,0.1780813806361364,2.6069318239489077
2021-04-29,SPY,0.4555993111362411,0.1764342144846019,2.4689049819997217
2021-04-30,SPY,0.45962546596754716,0.17628604194868522,2.493818915598076
2021-05-03,SPY,0.5025510138025975,0.1740248399894188,2.7728858353321164
2021-05-04,SPY,0.48917451058206063,0.17419807269179383,2.693339273690843
2021-05-05,SPY,0.47600268887860864,0.17403582050578587,2.620165708147701
2021-05-06,SPY,0.4979438160619427,0.17394786255990258,2.747626840757257
2021-05-07,SPY,0.4908559305336111,0.17372613659183758,2.7103344365497963
2021-05-10,SPY,0.452066079394438,0.17346171418103742,2.49084405417268
2021-05-11,SPY,0.4388123428460169,0.17377228740280337,2.4101215970945455
2021-05-12,SPY,0.43688364258820744,0.17393988318233755,2.3967110645417473
2021-05-13,SPY,0.4803248658822572,0.17318484911536491,2.6579973261726697
2021-05-14,SPY,0.4852810018169338,0.17342111062718032,2.6829548036812665
2021-05-17,SPY,0.47472242739665127,0.17344551771219574,2.621701808121604
2021-05-18,SPY,0.4188003705262484,0.17130684829524753,2.3279884867119587
2021-05-19,SPY,0.429766297102105,0.17095189489349427,2.396968441662468
2021-05-20,SPY,0.42100720385730983,0.17049730639983585,2.3519855669561234
2021-05-21,SPY,0.4297143709822717,0.17030633528227607,2.40574944145904
2021-05-24,SPY,0.44155191900038315,0.1705288408917882,2.4720271175002333
2021-05-25,SPY,0.4208476849198526,0.17022300422581926,2.354838505776133
2021-05-26,SPY,0.4027952436950617,0.16968942900191095,2.2558579279016304
2021-05-27,SPY,0.4061261263636671,0.16966045427942694,2.2758758250624864
2021-05-28,SPY,0.40239232241382794,0.16963335403146754,2.254228389205185
2021-06-01,SPY,0.39551655450664547,0.1696278115705773,2.213767607031844
2021-06-02,SPY,0.3862332375797237,0.16948647032880088,2.1608405489195537
2021-06-03,SPY,0.362949837033538,0.1691354267515432,2.027664124662215
2021-06-04,SPY,0.3790378435572501,0.16927161661095974,2.121075291567834
2021-06-07,SPY,0.3432722056777673,0.16751927015343948,1.9297613067539376
2021-06-08,SPY,0.32751182993848116,0.16716688632483354,1.839549905481482
2021-06-09,SPY,0.33548992100052244,0.16696374769720013,1.8895713911063161
2021-06-10,SPY,0.3492269354888773,0.16685974595276074,1.9730758524712362
2021-06-11,SPY,0.43413217875247634,0.15603234402089833,2.654143160837276
2021-06-14,SPY,0.4203336864053344,0.15567817377860924,2.5715466509431892
2021-06-15,SPY,0.40461590560191896,0.15551015263107493,2.473252704692303
2021-06-16,SPY,0.37039605260849506,0.1546284525167847,2.266051602440114
2021-06-17,SPY,0.3756559036158045,0.15454035631725957,2.301378824866108
2021-06-18,SPY,0.35657546026220976,0.15524536100057965,2.168022658409439
2021-06-21,SPY,0.3839055436632588,0.15563375590371603,2.3382173202090657
2021-06-22,SPY,0.38243583509381374,0.15560241905765942,2.3292429339386485
2021-06-23,SPY,0.37444167627738434,0.1555882944636202,2.2780741796759023
2021-06-24,SPY,0.418763182629315,0.15330659967476304,2.60108295060541
2021-06-25,SPY,0.4087006953177128,0.153038062825916,2.539895553695475
2021-06-28,SPY,0.4458818936292819,0.1509400657338998,2.821529800974723
2021-06-29,SPY,0.42570596419651996,0.15036102724486736,2.6982122404352546
2021-06-30,SPY,0.40885884509477344,0.14992917857919014,2.5936168581713703
2021-07-01,SPY,0.40680535857023115,0.1498813260246035,2.5807441716037114
2021-07-02,SPY,0.4097939771906598,0.1499553004051477,2.5994011291199337
2021-07-06,SPY,0.38583286020204133,0.1493261118609895,2.44989208948668
2021-07-07,SPY,0.40522440951493865,0.14888249860753044,2.5874391759801783
2021-07-08,SPY,0.38319441487971595,0.1490542414235658,2.4366593758820345
2021-07-09,SPY,0.40596363783553024,0.14917838525144883,2.5872624722741575
2021-07-12,SPY,0.39673827357303626,0.14893227901647918,2.529594497988919
2021-07-13,SPY,0.4041350736266376,0.1486696188077742,2.5838169002324127
2021-07-14,SPY,0.3882403122644258,0.1482153955908551,2.4844943455195705
2021-07-15,SPY,0.3709036148237901,0.14808175371548002,2.369661393246369
2021-07-16,SPY,0.364645401884758,0.1482930897170571,2.3240826834368393
2021-07-19,SPY,0.34060601416075165,0.14914912862010724,2.1495667934967058
2021-07-20,SPY,0.34891584593077263,0.1495685583972914,2.1990975205971437
2021-07-21,SPY,0.3569506023246374,0.14972343801514676,2.2504866759107536
2021-07-22,SPY,0.3520961590381886,0.14965964201649237,2.219009444119824
2021-07-23,SPY,0.3825014183022608,0.14934508322599854,2.427273871170572
2021-07-26,SPY,0.39487894350546227,0.14914518202316274,2.5135169532143675
2021-07-27,SPY,0.3784692771005962,0.14914317025025448,2.4035245898226743
2021-07-28,SPY,0.3866988684858357,0.14895509903048407,2.461808094335795
2021-07-29,SPY,0.37553296115875545,0.148575692150128,2.392941644852025
2021-07-30,SPY,0.37375411544166437,0.148623741714098,2.380199229017986
2021-08-02,SPY,0.3601240607780163,0.1485144684390651,2.2901745826708315
2021-08-03,SPY,0.36172248485547986,0.14856467063793757,2.3001598118053335
2021-08-04,SPY,0.3498102722653815,0.14867028534062157,2.2184007484060877
2021-08-05,SPY,0.3499738872443907,0.14867443375344522,2.219439340805589
2021-08-06,SPY,0.34322564351327434,0.1485743877296615,2.1755138853501417
2021-08-09,SPY,0.3411697458409746,0.14858742877766257,2.161486664673052
2021-08-10,SPY,0.33883720186144894,0.14857669615990346,2.1459435436517253
2021-08-11,SPY,0.35333473534032134,0.14827825569718706,2.2480351807014474
2021-08-12,SPY,0.33872597472298205,0.1477402511376023,2.1573401444006417
2021-08-13,SPY,0.34359137271207385,0.14771059054920846,2.190712064103977
2021-08-16,SPY,0.34671529399820966,0.14771014207102756,2.211867712110832
2021-08-17,SPY,0.33364983326384245,0.14790153084382696,2.120666577785685
2021-08-18,SPY,0.31621008956378405,0.14839468534211747,1.9960963486049692
2021-08-19,SPY,0.32375973647330225,0.14829983501656482,2.048281014199192
2021-08-20,SPY,0.3301514521000637,0.14844301315925154,2.089363759864732
2021-08-23,SPY,0.33710882240742035,0.14861988598764364,2.1336903894125245
2021-08-24,SPY,0.325796610035195,0.1483494670115694,2.0613259770683685
2021-08-25,SPY,0.32394583615489525,0.14833393248187934,2.0490647761396446
2021-08-26,SPY,0.3030662386531253,0.14823309641090315,1.9096021435622161
2021-08-27,SPY,0.3118483792862037,0.1484367959220791,1.9661457758722274
2021-08-30,SPY,0.3091613692839881,0.1483766732041018,1.9488330816409916
2021-08-31,SPY,0.3119742118389477,0.1483235127087922,1.9684958002052513
2021-09-01,SPY,0.3004235149229313,0.1480904847188543,1.8935957665025378
2021-09-02,SPY,0.28582619828907774,0.14749433173935445,1.8022807734661572
2021-09-03,SPY,0.33133103072371783,0.1431414528453633,2.1749886181471894
2021-09-07,SPY,0.33749153330678383,0.1429141290732065,2.221554547235505
2021-09-08,SPY,0.37338634382736857,0.14003956900188955,2.523474946017581
2021-09-09,SPY,0.3410264102305607,0.13891837788832373,2.3108995016385325
2021-09-10,SPY,0.35396263283403995,0.13796656473085203,2.4206055538567695
2021-09-13,SPY,0.3567369427346252,0.13797087918415882,2.4406377978150027
2021-09-14,SPY,0.3318730501381397,0.13760893751526063,2.2663720523498223
2021-09-15,SPY,0.33624603719752644,0.13774178395312547,2.2959339433642536
2021-09-16,SPY,0.3394438425622226,0.13767278942307834,2.3203121248640413
2021-09-17,SPY,0.3381659443799867,0.13774493437987348,2.309819564780128
2021-09-20,SPY,0.3311789022004188,0.1383184595299618,2.2497279340579475
2021-09-21,SPY,0.3448886931887536,0.13778288450456816,2.357975697467576
2021-09-22,SPY,0.34431732595705333,0.13775549879968296,2.35429677060412
2021-09-23,SPY,0.39295432099801597,0.1359920283028213,2.74247193495443
2021-09-24,SPY,0.3915397542398289,0.13598597147202796,2.7321917857994187
2021-09-27,SPY,0.36548259740792677,0.1352334031056731,2.554713476654597
2021-09-28,SPY,0.31610630614597945,0.1360419203367643,2.176581346492203
2021-09-29,SPY,0.3255406176634916,0.1358827859777687,2.2485601503157286
2021-09-30,SPY,0.29948669791560656,0.1363846936050111,2.04925267292119
2021-10-01,SPY,0.3065421757869995,0.13670868999754146,2.0960055706199263
2021-10-04,SPY,0.3020550291637156,0.1370153030989001,2.0585658885133675
2021-10-05,SPY,0.2926798560766757,0.13631555513810467,2.0003575952899646
2021-10-06,SPY,0.3167716467847208,0.1354845770985114,2.190445976510942
2021-10-07,SPY,0.3054325344947393,0.13470881177656693,2.118885399777472
2021-10-08,SPY,0.291604716382438,0.13451383308179543,2.0191582542836324
2021-10-11,SPY,0.27090457046561545,0.13453488161118796,1.8649778218168078
2021-10-12,SPY,0.24770355141654532,0.13372091743893041,1.702826721335772
2021-10-13,SPY,0.26041806007298884,0.13353848443694633,1.8003653485112638
2021-10-14,SPY,0.2897231680748129,0.13427792158904803,2.0086933494568777
2021-10-15,SPY,0.30115344204210404,0.13441858706035664,2.091626226630849
2021-10-18,SPY,0.30579468524472,0.13442098675372458,2.1261165547633585
2021-10-19,SPY,0.33618304527232823,0.1335822041076371,2.366954845404078
2021-10-20,SPY,0.3360794310370925,0.13358057686524663,2.3662080105848546
2021-10-21,SPY,0.3421044977955159,0.13355225858141223,2.411823665259573
2021-10-22,SPY,0.3333996120587517,0.13350156441583547,2.3475351276226495
2021-10-25,SPY,0.33601452052533065,0.13354887319329342,2.3662836905253672
2021-10-26,SPY,0.362393770839206,0.13208184671329895,2.592284854878027
2021-10-27,SPY,0.3610506173615471,0.13212066885229154,2.5813570300861506
2021-10-28,SPY,0.4228130569914741,0.12750718228907565,3.159140134382733
2021-10-29,SPY,0.4113561510884731,0.12720708073268103,3.076528042577185
2021-11-01,SPY,0.4286773301284741,0.1266521585975727,3.226769560454269
2021-11-02,SPY,0.4185535538912577,0.12629996891886586,3.155610862796692
2021-11-03,SPY,0.4024530081410156,0.12533371517723588,3.05147747036928
2021-11-04,SPY,0.37825878093913645,0.12359926056914196,2.8985511668067376
2021-11-05,SPY,0.35658417527155084,0.12226184962505546,2.7529779428641468
2021-11-08,SPY,0.35805205946287044,0.12225358785871847,2.7651708664251067
2021-11-09,SPY,0.33676602078808626,0.12180742330828484,2.600547751399164
2021-11-10,SPY,0.3279597048718301,0.12212823103297726,2.5216094777355313
2021-11-11,SPY,0.31859350741518466,0.12196839893096106,2.4481218908530593
2021-11-12,SPY,0.34155933403306626,0.12165012510168777,2.6433128101123913
2021-11-15,SPY,0.32369325826727935,0.12098816096170181,2.5101072357270717
2021-11-16,SPY,0.31254818548561913,0.12048523400089386,2.4280833075648816
2021-11-17,SPY,0.31643955628769027,0.12036186879932041,2.462902572424698
2021-11-18,SPY,0.33700155646573093,0.11965569739953363,2.6492809231411196
2021-11-19,SPY,0.3290153454348861,0.1196536225254777,2.5825824485095534
2021-11-22,SPY,0.33441168126974663,0.11945052515595432,2.632149844960928
2021-11-23,SPY,0.32821921101939155,0.11935255162537298,2.5824266580143034
2021-11-24,SPY,0.31064562054147005,0.11841435072714952,2.4544797041633575
2021-11-26,SPY,0.2833929337225296,0.12067806653594322,2.1826081680226426
2021-11-29,SPY,0.2955279362626926,0.12118875025237116,2.273543837104646
2021-11-30,SPY,0.27596895521779086,0.12279310541324845,2.084554783074765
2021-12-01,SPY,0.24814525917496777,0.12298015784163258,1.8551387734333642
2021-12-02,SPY,0.2646015374590933,0.1238158344170191,1.9755271093619642
2021-12-03,SPY,0.2539397246898125,0.12418656207986975,1.8837764792889247
2021-12-06,SPY,0.2579503436673216,0.1244287427740987,1.9123422640323726
2021-12-07,SPY,0.2866143709513005,0.12594749139046,2.116869244538962
2021-12-08,SPY,0.2862573901118701,0.12594359687778237,2.1141002537052396
2021-12-09,SPY,0.28913551018227546,0.12578625063403046,2.1396258241714614
2021-12-10,SPY,0.30169612188353856,0.12605684783150622,2.234675281267285
2021-12-13,SPY,0.29168003255390174,0.12642838945663665,2.1488847063664016
2021-12-14,SPY,0.2885621655399908,0.12655658763694566,2.1220717985097557
2021-12-15,SPY,0.2912397142954155,0.12678242892797953,2.1394109309066547
2021-12-16,SPY,0.2778470738924337,0.12716442617957457,2.0276667118232914
2021-12-17,SPY,0.25721685541834916,0.12761208555178968,1.858890201446303
2021-12-20,SPY,0.2488347781001805,0.12804189863493576,1.7871866985713674
2021-12-21,SPY,0.2755737523739923,0.12906410607163135,1.98020782193422
2021-12-22,SPY,0.2905027917961809,0.12934863320499082,2.091269038517708
2021-12-23,SPY,0.29736648969729984,0.1294520791586011,2.1426190409616988
2021-12-27,SPY,0.3106279720358265,0.13008196469943473,2.2341911325474424
2021-12-28,SPY,0.29840284363580283,0.12987864988607548,2.143561269538966
2021-12-29,SPY,0.3025487667855504,0.12984438556209527,2.1760568665514426
2021-12-30,SPY,0.29709695035641603,0.1299008705683093,2.1331415959272007
2021-12-31,SPY,0.2872875817137177,0.1298874047611668,2.0578406521032453
2022-01-03,SPY,0.3126109473750691,0.1291373184928995,2.265889913078519
2022-01-04,SPY,0.30319582066472006,0.1290149902622264,2.195061365265517
2022-01-05,SPY,0.2705752034281832,0.13050469117835486,1.9200474800230236
2022-01-06,SPY,0.2507981589417012,0.12977277435864595,1.7784790383216815
2022-01-07,SPY,0.23879479579611562,0.12977505271257941,1.6859542047784297
2022-01-10,SPY,0.24565015606836105,0.12956707989890884,1.7415701291131853
2022-01-11,SPY,0.2567299328950452,0.12982444107434835,1.8234619840148114
2022-01-12,SPY,0.25674335979309193,0.12982458667209892,1.823563362393291
2022-01-13,SPY,0.2437830633726965,0.1305821589041941,1.7137338304912106
2022-01-14,SPY,0.25343259482080427,0.1303239130259793,1.7911723903983063
2022-01-18,SPY,0.22164266103474684,0.13146275224534315,1.5338387306727765
2022-01-19,SPY,0.19245552361890494,0.13128750839781958,1.3135714564430647
2022-01-20,SPY,0.17818340012083334,0.13181661446420975,1.2000262695548336
2022-01-21,SPY,0.15915786177456615,0.1333081000077816,1.0438815178255716
2022-01-24,SPY,0.15950705336277227,0.1333160110560531,1.0464388505002309
2022-01-25,SPY,0.14714162068528336,0.13391498033522184,0.9494204484592904
2022-01-26,SPY,0.17293059698460267,0.13157640881907126,1.1622949612106774
2022-01-27,SPY,0.15718621803673338,0.13145335433793212,1.0436113914907306
2022-01-28,SPY,0.21015246999979453,0.1320362611936859,1.4401533963526667
2022-01-31,SPY,0.21177780318881578,0.13220781361040446,1.4505784336919352
2022-02-01,SPY,0.20295575540638033,0.1316647365094323,1.3895577529468082
2022-02-02,SPY,0.21368722092078984,0.13196832484124443,1.4676796204982685
2022-02-03,SPY,0.17184045062659803,0.13376107255896152,1.1351617307020858
2022-02-04,SPY,0.17273491897101523,0.13378208000470831,1.1416694894087451
2022-02-07,SPY,0.1605897303590409,0.1336756352998183,1.0517229264982741
2022-02-08,SPY,0.17091872914127282,0.1338850044113546,1.1272265314910326
2022-02-09,SPY,0.1885740809143268,0.1346073494541982,1.2523393529243083
2022-02-10,SPY,0.16533841367217073,0.13589486969239842,1.0694915415213837
2022-02-11,SPY,0.13674399800111847,0.1373417561559426,0.8500255222349369
2022-02-14,SPY,0.13400971272586815,0.13738758306084078,0.8298400058131893
2022-02-15,SPY,0.15203314906114107,0.13826885311719328,0.954901599923108
2022-02-16,SPY,0.1582539466773396,0.138183798686054,1.0005076426610982
2022-02-17,SPY,0.13551755548683797,0.13990233514452713,0.8257014106841155
2022-02-18,SPY,0.13690987674796462,0.13983570663957381,0.8360516749080371
2022-02-22,SPY,0.12334495677828028,0.1402880806456478,0.736662418522342
2022-02-23,SPY,0.09139179439762013,0.14106863420175783,0.50607844048107
2022-02-24,SPY,0.13516911365359108,0.13967222001292998,0.8245670731297136
2022-02-25,SPY,0.16622457466971818,0.14120152913748044,1.035573591609954
2022-02-28,SPY,0.13571077802166065,0.13923583486435692,0.8310416505519983
2022-03-01,SPY,0.12720937018857215,0.1398794368892455,0.7664412480689278
2022-03-02,SPY,0.16335530928602937,0.14033259224223216,1.0215396651305324
2022-03-03,SPY,0.17206788379853744,0.13983794927262116,1.087457908168214
2022-03-04,SPY,0.14154444852145764,0.13897464918929045,0.8745799988018534
2022-03-07,SPY,0.11343648415306373,0.14208056792513662,0.6576302834198703
2022-03-08,SPY,0.08944016367788876,0.14162805189795255,0.49029950456370447
2022-03-09,SPY,0.11172891066542223,0.1439580133486469,0.6371921126979376
2022-03-10,SPY,0.09560023337765244,0.14371460113577583,0.5260442069224988
2022-03-11,SPY,0.08021467489463308,0.14430864734104643,0.41726310934317734
2022-03-14,SPY,0.0659634286377635,0.14440036444013774,0.31830548915836
2022-03-15,SPY,0.09078011711636047,0.1460118640486782,0.48475593115339877
2022-03-16,SPY,0.11117838145512349,0.14759898065879046,0.6177439779608209
2022-03-17,SPY,0.1416913280190819,0.14731623146293069,0.8260551251591255
2022-03-18,SPY,0.15633581763786775,0.14766110245433273,0.9233021789203588
2022-03-21,SPY,0.14684009767155892,0.14747846804870812,0.8600584163219481
2022-03-22,SPY,0.16946435813456762,0.14765020527879746,1.0122868292146605
2022-03-23,SPY,0.1603019169569504,0.14815975570746256,0.9469637438790919
2022-03-24,SPY,0.1712041771267523,0.14877938757555856,1.0162978863585004
2022-03-25,SPY,0.1582586074074528,0.14803092934969445,0.933984593725299
2022-03-28,SPY,0.1670864501185576,0.14816842428645585,0.992697673791776
2022-03-29,SPY,0.18466720770936051,0.14859256472824306,1.108179322501876
2022-03-30,SPY,0.17259951140695828,0.1487139217172988,1.0261279485120827
2022-03-31,SPY,0.1422167714552871,0.1492293088512032,0.8189863800625764
2022-04-01,SPY,0.12924554539892785,0.14860455461312055,0.7351426454144654
2022-04-04,SPY,0.13959214878506954,0.1488174523010399,0.8036164235841702
2022-04-05,SPY,0.12389704093232057,0.14939976877367137,0.6954297304818204
2022-04-06,SPY,0.10740245498887147,0.1497071245898298,0.5838229491638307
2022-04-07,SPY,0.1049492126144167,0.14962165488081083,0.5677601459634138
2022-04-08,SPY,0.10159306605111862,0.14965405018937786,0.5452112117772134
2022-04-11,SPY,0.0795647167173048,0.15065348896978756,0.3953756207348777
2022-04-12,SPY,0.07925042814593297,0.15066104555722004,0.39326972627061757
2022-04-13,SPY,0.08000996936327676,0.15071198906604727,0.39817648041907455
2022-04-14,SPY,0.06300915325700185,0.15122389558888713,0.2844071242148481
2022-04-18,SPY,0.06869644025242372,0.15113376444953244,0.322207551898072
2022-04-19,SPY,0.09395764375400195,0.1517645211378385,0.48731840089839384
2022-04-20,SPY,0.08289960767659599,0.15149570988593145,0.4151906857557629
2022-04-21,SPY,0.07653906659342202,0.1519729651995115,0.3720337134910608
2022-04-22,SPY,0.03576926596115526,0.15412278930017365,0.10231625078133395
2022-04-25,SPY,0.03960406990645815,0.15421336265699226,0.12712302986390572
2022-04-26,SPY,0.009713963488081179,0.15694617060333046,-0.06553862685771415
2022-04-27,SPY,0.012843992343510413,0.15696934198266826,-0.045588568863846775
2022-04-28,SPY,0.0318522599792066,0.1588520931420145,0.0746119219758132
2022-04-29,SPY,0.000291634516878414,0.162999282694831,-0.12091074977317415
2022-05-02,SPY,0.004147338336255135,0.16309506021659698,-0.09719890745122431
2022-05-03,SPY,0.015012380133717418,0.16303659712591625,-0.03059202629474994
2022-05-04,SPY,0.04559517941205993,0.16583581314040022,0.1543404824770298
2022-05-05,SPY,0.0004428349000542564,0.16946530245384764,-0.11540512905449753
2022-05-06,SPY,-0.01271411266505229,0.16941647398431015,-0.1930987695333689
2022-05-09,SPY,-0.034766275996653384,0.17213660624390112,-0.3181558948539674
2022-05-10,SPY,-0.0238240853271956,0.17192365781442645,-0.2549043330296003
2022-05-11,SPY,-0.018478795758419042,0.17134244630871265,-0.22457246635250372
2022-05-12,SPY,-0.03114213678052835,0.17091915476015326,-0.2992182874546442
2022-05-13,SPY,-0.022981361477613205,0.17190508522876555,-0.2500296103539639
2022-05-16,SPY,-0.024463486492255604,0.17193392983735953,-0.2586079811839102
2022-05-17,SPY,0.004256088325609753,0.17294655869433448,-0.09103339085350647
2022-05-18,SPY,-0.03369345780084965,0.17758149807942922,-0.3023595272117452
2022-05-19,SPY,-0.04983338963002959,0.17735004251941278,-0.39376020799310274
2022-05-20,SPY,-0.04863970742358226,0.17734966465780708,-0.3870303761556094
2022-05-23,SPY,-0.04062019611382306,0.17805067662000146,-0.3404659688162805
2022-05-24,SPY,-0.04582674094008754,0.17819759875591534,-0.3694030750114269
2022-05-25,SPY,-0.03930325849879035,0.17841049383910454,-0.3323978159730428
2022-05-26,SPY,-0.020621293643222516,0.1795358398735908,-0.22625729587932705
2022-05-27,SPY,0.001629909029572607,0.18120086908633984,-0.10137970674784284
2022-05-31,SPY,-0.0031121947373636827,0.18128754813339812,-0.12748914625044666
2022-06-01,SPY,-0.012727884879162876,0.1814635712174143,-0.18035512394909883
2022-06-02,SPY,0.00982068961201743,0.18241864806303482,-0.05580191770999808
2022-06-03,SPY,-0.015753699419428502,0.18293651063797767,-0.19544321302915477
2022-06-06,SPY,-0.011798270630848373,0.18295911745183877,-0.17379986891999955
2022-06-07,SPY,-0.0025316188598648592,0.1832093281881794,-0.12298292386467356
2022-06-08,SPY,-0.011902108351942164,0.18352878209308046,-0.17382618675997286
2022-06-09,SPY,-0.039865162960951106,0.18500508690254017,-0.32358657787873585
2022-06-10,SPY,-0.06924297593041884,0.18723978612453204,-0.4766240005800043
2022-06-13,SPY,-0.10658237977385243,0.19099005635948804,-0.6627694770433217
2022-06-14,SPY,-0.10763779907351989,0.1910027427328094,-0.668251132142486
2022-06-15,SPY,-0.08983393964086839,0.1914898164600412,-0.5735758781918713
2022-06-16,SPY,-0.1196650535544107,0.19427787949397404,-0.7188932364208902
2022-06-17,SPY,-0.10570305305581218,0.19385149414079578,-0.6484502665969296
2022-06-21,SPY,-0.0961300935073609,0.19497805885065017,-0.5956059578801867
2022-06-22,SPY,-0.10256664526444648,0.19490039671453754,-0.6288681158713325
2022-06-23,SPY,-0.09267570353268773,0.19516280690080934,-0.577342093619071
2022-06-24,SPY,-0.06933388575233779,0.19769095167495773,-0.45188656838083324
2022-06-27,SPY,-0.07617055217268476,0.19768764000752365,-0.48647731425710117
2022-06-28,SPY,-0.09686750072774764,0.19870281203303036,-0.5881522235745751
2022-06-29,SPY,-0.09808819662849344,0.19870151018551996,-0.5942994420034303
2022-06-30,SPY,-0.10616802431959205,0.19885060694602358,-0.634486493439969
2022-07-01,SPY,-0.10168791693555179,0.19906459029102963,-0.6112986581774578
2022-07-05,SPY,-0.1068183631832883,0.1989158077750408,-0.6375479385062778
2022-07-06,SPY,-0.10216657392396866,0.19894564590934607,-0.6140701062622729
2022-07-07,SPY,-0.0919290247497927,0.19949819809054234,-0.5610528106073102
2022-07-08,SPY,-0.08522212835655074,0.19934343524638445,-0.5278434588352424
2022-07-11,SPY,-0.10522379734398979,0.19934965386834125,-0.6281615990499424
2022-07-12,SPY,-0.11630678702223096,0.19949025293340056,-0.6832754233247512
2022-07-13,SPY,-0.11794080673923757,0.19952655970173377,-0.6913405761390419
2022-07-14,SPY,-0.12139402178651504,0.19952737513523197,-0.7086447245180447
2022-07-15,SPY,-0.10153939515472965,0.2004583317923225,-0.6063075256988874
2022-07-18,SPY,-0.10191366360461229,0.2004742789100193,-0.6081262108409026
2022-07-19,SPY,-0.06382245206767401,0.20180699136294267,-0.4153595051467881
2022-07-20,SPY,-0.07116672611637709,0.20138897379285894,-0.45268975952053725
2022-07-21,SPY,-0.06924413313845645,0.20148619658959965,-0.44292926587042974
2022-07-22,SPY,-0.07980689828304743,0.20167680665617277,-0.49488535611932066
2022-07-25,SPY,-0.08807050116998649,0.20140478558644795,-0.536583581444245
2022-07-26,SPY,-0.10106643606454668,0.20171605897818495,-0.6001824380162003
2022-07-27,SPY,-0.07350181043503023,0.20337821284678434,-0.4597434952654941
2022-07-28,SPY,-0.061496263615637536,0.2037781828617574,-0.3999263437878647
2022-07-29,SPY,-0.051746988737438326,0.20426643482826018,-0.35124218424706244
2022-08-01,SPY,-0.049941246337151024,0.20423118427529313,-0.3424611505110494
2022-08-02,SPY,-0.05422477965726269,0.20432446423435444,-0.3632691755018085
2022-08-03,SPY,-0.0471661210107448,0.20476841067511614,-0.3280101690944411
2022-08-04,SPY,-0.0431030673910181,0.20471229114392087,-0.30825246026216446
2022-08-05,SPY,-0.05073199100058701,0.2046166963472824,-0.345680446724339
2022-08-08,SPY,-0.05339792356494144,0.2046115206842366,-0.3587184305140452
2022-08-09,SPY,-0.05638926247554743,0.20464639758828582,-0.3732744058814551
2022-08-10,SPY,-0.03776681706301044,0.20573237187138238,-0.2807862298847383
2022-08-11,SPY,-0.04015179825588022,0.2057164118633747,-0.29240155275423374
2022-08-12,SPY,-0.02681930925124454,0.20639618443074845,-0.2268419320850076
2022-08-15,SPY,-0.02458405693834098,0.2064296377920481,-0.21597701480857034
2022-08-16,SPY,-0.024969363852956117,0.20642545537543136,-0.2178479576134114
2022-08-17,SPY,-0.02550187298360307,0.20644342466666965,-0.22040843905332366
2022-08-18,SPY,-0.01185458960895458,0.20617186847668245,-0.15450502459096285
2022-08-19,SPY,-0.02664027840844274,0.206605777264703,-0.22574527695170543
2022-08-22,SPY,-0.05443200510224222,0.20749235351127326,-0.35872167741448
2022-08-23,SPY,-0.0649448494412469,0.20731060575879223,-0.4097467620160302
2022-08-24,SPY,-0.06343802044925861,0.20733071120646834,-0.4024392718460684
2022-08-25,SPY,-0.052205111188578845,0.20781084065768057,-0.3474559409897185
2022-08-26,SPY,-0.07884929036772315,0.21045293248672978,-0.46969785215017684
2022-08-29,SPY,-0.09304908296593217,0.21034656018572637,-0.5374420331196051
2022-08-30,SPY,-0.10693281567215618,0.21056366407142932,-0.6028239308615796
2022-08-31,SPY,-0.11241349902877218,0.21068553665501033,-0.6284887948696465
2022-09-01,SPY,-0.11010126100532669,0.21071304017656037,-0.617433362910584
2022-09-02,SPY,-0.12218521450657094,0.21092917154954718,-0.6740898542484043
2022-09-06,SPY,-0.12528513219207993,0.2109555891967604,-0.6887000849101514
2022-09-07,SPY,-0.10637579235154515,0.2117327466198474,-0.596864653054564
2022-09-08,SPY,-0.09943742591634996,0.2118430627442009,-0.5638014498523838
2022-09-09,SPY,-0.08151578715260732,0.21239779936615671,-0.47795121915365174
2022-09-12,SPY,-0.06426628693839731,0.2125424106816801,-0.3964681056742177
2022-09-13,SPY,-0.10723926805605244,0.21689040095750833,-0.586652371401998
2022-09-14,SPY,-0.09897028216417791,0.21687113581420486,-0.5485759168343207
2022-09-15,SPY,-0.11657867942885869,0.2169752276999818,-0.6294666947772958
2022-09-16,SPY,-0.12192622733856451,0.21709255469888097,-0.6537590731078907
2022-09-19,SPY,-0.10641246588901643,0.2170435594885429,-0.5824290118854661
2022-09-20,SPY,-0.10169114171149529,0.21671324645763435,-0.5615307033632801
2022-09-21,SPY,-0.11652617034130441,0.21738706927433316,-0.6280326184857584
2022-09-22,SPY,-0.13241052026815292,0.21729387067243777,-0.701402758377414
2022-09-23,SPY,-0.15718692825894154,0.21753081751948455,-0.8145371321609207
2022-09-26,SPY,-0.16689688111057932,0.21771796599052406,-0.858435730190102
2022-09-27,SPY,-0.16663934990971185,0.2177150132342085,-0.8572644905702171
2022-09-28,SPY,-0.13276549128470094,0.2177723915824767,-0.701491544334922
2022-09-29,SPY,-0.15230822640911823,0.21871600594026414,-0.7878171772036618
2022-09-30,SPY,-0.1550896822503275,0.21891343337276606,-0.7998124169574581
2022-10-03,SPY,-0.14296791321599722,0.2202203087107192,-0.7400221812878821
2022-10-04,SPY,-0.10486790881741581,0.22210759856024573,-0.5621955737977417
2022-10-05,SPY,-0.11614840027576834,0.22185389426935975,-0.6136849692188242
2022-10-06,SPY,-0.12888643913931008,0.2220279584786563,-0.6705751841321489
2022-10-07,SPY,-0.16044390649168405,0.22352681714131903,-0.8072584256304381
2022-10-10,SPY,-0.16533172039145727,0.22363441901940664,-0.828726281062194
2022-10-11,SPY,-0.16456935917654736,0.22360929931752577,-0.8254100332135936
2022-10-12,SPY,-0.16527035335414597,0.22361780828163166,-0.8285134121375984
2022-10-13,SPY,-0.14631213421835054,0.22520519626403357,-0.7384915489399453
2022-10-14,SPY,-0.17956688774367824,0.2256247906874617,-0.884507802248206
2022-10-17,SPY,-0.16484458081172493,0.22701281196247394,-0.8142473511243075
2022-10-18,SPY,-0.15752593487874522,0.2273216307193197,-0.7809460732663025
2022-10-19,SPY,-0.16990003832289946,0.22726141006398048,-0.8356017780116617
2022-10-20,SPY,-0.18008122223133827,0.2273466902428389,-0.8800709701013144
2022-10-21,SPY,-0.16234076834176392,0.22869317720212187,-0.7973161708300938
2022-10-24,SPY,-0.15121120265484334,0.22905257409373941,-0.7474755668311128
2022-10-25,SPY,-0.14225746661882066,0.2295722077173531,-0.7067818366698392
2022-10-26,SPY,-0.14948521863547237,0.22967531838099123,-0.7379339662188951
2022-10-27,SPY,-0.1502623737550769,0.22969259690924052,-0.741261912861534
2022-10-28,SPY,-0.13836030010224976,0.2307553775955037,-0.6862691641355508
2022-10-31,SPY,-0.1463164924444188,0.23083963142591887,-0.7204850025841127
2022-11-01,SPY,-0.1515117255088131,0.23086068286843034,-0.742923062419248
2022-11-02,SPY,-0.17613665910859388,0.23211471773593245,-0.8449988049949104
2022-11-03,SPY,-0.18956770304624004,0.23221411327636082,-0.9024761677462342
2022-11-04,SPY,-0.18175878989940908,0.23264317713432256,-0.8672456780579403
2022-11-07,SPY,-0.1767882276551077,0.23283235035170904,-0.8451928065745407
2022-11-08,SPY,-0.1730525766950488,0.23290636153273056,-0.8288849451109516
2022-11-09,SPY,-0.1874035677864625,0.2337453814612093,-0.887305522316306
2022-11-10,SPY,-0.1357954730536457,0.24016358248782682,-0.6487056507059829
2022-11-11,SPY,-0.127713207536572,0.24037652781397098,-0.6145076180270324
2022-11-14,SPY,-0.14161193805290473,0.24037789851775773,-0.6723244485015155
2022-11-15,SPY,-0.13458706745493432,0.24054576926234428,-0.6426513670516416
2022-11-16,SPY,-0.1445747334411358,0.2406112178045542,-0.6839861206089652
2022-11-17,SPY,-0.1451153461971052,0.24061710565678723,-0.6862161596799495
2022-11-18,SPY,-0.14414089436608302,0.2406384540079809,-0.6821058381659948
2022-11-21,SPY,-0.14572509017283897,0.24065545632509922,-0.6886404850466489
2022-11-22,SPY,-0.13178498872136668,0.2410487870547759,-0.6296857601978934
2022-11-23,SPY,-0.1274707910445173,0.24113684138377944,-0.6115647455537967
2022-11-25,SPY,-0.12998880477932162,0.24111690573636613,-0.6220584339420699
2022-11-28,SPY,-0.1243415654246307,0.24062211531019165,-0.5998682425285663
2022-11-29,SPY,-0.13643870709395223,0.24028844797146062,-0.6510454764455953
2022-11-30,SPY,-0.09155984959279073,0.2416447525177806,-0.4616688276091656
2022-12-01,SPY,-0.08203229674983792,0.24140002278753075,-0.4226689607218558
2022-12-02,SPY,-0.0969231069189731,0.24089683527706504,-0.4853658902762055
2022-12-05,SPY,-0.10538461809026822,0.2414009724975341,-0.5194039476852108
2022-12-06,SPY,-0.12860048563019033,0.24150000587437243,-0.6153229068967057
2022-12-07,SPY,-0.14771218779884498,0.24057065907847308,-0.6971431530398643
2022-12-08,SPY,-0.14330387916572151,0.24069508010086907,-0.6784678735322928
2022-12-09,SPY,-0.1439239015861209,0.24071490022315487,-0.6809877636746008
2022-12-12,SPY,-0.13968011335912534,0.2409737105008578,-0.662645369186681
2022-12-13,SPY,-0.1254202580952326,0.2409603716155044,-0.6035027964153241
2022-12-14,SPY,-0.1249919484091242,0.24094776475068036,-0.6017567689791767
2022-12-15,SPY,-0.15952847962065453,0.24160229125232477,-0.7430744083182491
2022-12-16,SPY,-0.16206168434818224,0.2417230840756449,-0.7531828623004321
2022-12-19,SPY,-0.1602296877568733,0.24164239501737306,-0.7458529276036828
2022-12-20,SPY,-0.15004255786300635,0.24143890943549917,-0.7042881292852821
2022-12-21,SPY,-0.15238649906475576,0.24124169095028258,-0.7145800478586549
2022-12-22,SPY,-0.17274992019671476,0.24139765928220305,-0.7984746860009224
2022-12-23,SPY,-0.1731364011038199,0.2413847052918137,-0.800118635811388
2022-12-27,SPY,-0.18789001295013952,0.2409493714098592,-0.8627954152099234
2022-12-28,SPY,-0.1973269030245821,0.24123409909947222,-0.9008962822248772
2022-12-29,SPY,-0.18392240668711202,0.24195423816766207,-0.8428139479243347
2022-12-30,SPY,-0.18381575675143402,0.24195315166179582,-0.8423769450886485
2023-01-03,SPY,-0.1851983722462377,0.24197188420750598,-0.8480256824808096
2023-01-04,SPY,-0.18363472528462987,0.24203152357292224,-0.8413562096314131
2023-01-05,SPY,-0.1926816645657614,0.24226867101225025,-0.877875227024328
2023-01-06,SPY,-0.1580001121797383,0.24270726713832436,-0.733394241872008
2023-01-09,SPY,-0.15768615919659912,0.24270697721917533,-0.732101570512909
2023-01-10,SPY,-0.1484123312585246,0.24280096010690408,-0.6936230037326602
2023-01-11,SPY,-0.1365672925034439,0.24315656330587013,-0.6438949883762572
2023-01-12,SPY,-0.14124536105251484,0.2430018577070652,-0.6635560837847317
2023-01-13,SPY,-0.14023800578742784,0.24302020924193501,-0.6593608255349058
2023-01-17,SPY,-0.1298233599980757,0.2426573708506533,-0.6174276077947225
2023-01-18,SPY,-0.14391191117696023,0.24314087916409763,-0.6741437792792335
2023-01-19,SPY,-0.13482224647566576,0.24262284313288687,-0.6381190018075426
2023-01-20,SPY,-0.10945772345412819,0.24316528835200824,-0.5323857049313881
2023-01-23,SPY,-0.08868614935124042,0.2432378943885732,-0.44683066190999826
2023-01-24,SPY,-0.07143580218837009,0.24246016023287695,-0.3771168100381864
2023-01-25,SPY,-0.07501576929764098,0.24242013721541353,-0.3919466855726196
2023-01-26,SPY,-0.05329169377756271,0.24237573437363472,-0.30238874352240136
2023-01-27,SPY,-0.04872979614037687,0.24237545723265505,-0.283567473889914
2023-01-30,SPY,-0.05600381046759062,0.24264778990936514,-0.3132268812173393
2023-01-31,SPY,-0.0653366817796821,0.2418120091130428,-0.35290506080609396
2023-02-01,SPY,-0.07211547646020733,0.2413675228513124,-0.3816398965860558
2023-02-02,SPY,-0.06492637646887889,0.24171843715371163,-0.3513442229269139
2023-02-03,SPY,-0.08376571303433156,0.24174094471872595,-0.42924343311004515
2023-02-06,SPY,-0.0674455232390001,0.24068314608624589,-0.3633221713317021
2023-02-07,SPY,-0.05967081610144298,0.24099866656445182,-0.33058612828522066
2023-02-08,SPY,-0.066958604164858,0.241221504989412,-0.3604927519570649
2023-02-09,SPY,-0.08259569601679817,0.2412234215957926,-0.42531399039979306
2023-02-10,SPY,-0.09371916179120865,0.24077568254023676,-0.4723033513660778
2023-02-13,SPY,-0.06630586126156857,0.24041664939869464,-0.3589845440298245
2023-02-14,SPY,-0.04796235010522587,0.23961349087765246,-0.28363323724509193
2023-02-15,SPY,-0.04173803563107603,0.23961506134815916,-0.2576550709446893
2023-02-16,SPY,-0.06993122304499078,0.23945291139374955,-0.3755695536192936
2023-02-17,SPY,-0.07329333842764707,0.2394606075358186,-0.389597852388695
2023-02-21,SPY,-0.07206187133815123,0.23934866767639865,-0.38463498557100656
2023-02-22,SPY,-0.0673015294444056,0.2392684132535502,-0.36486859363209423
2023-02-23,SPY,-0.052168372441455446,0.2390949455519401,-0.3018398079259181
2023-02-24,SPY,-0.04535942323728859,0.2386760549819001,-0.27384156002681165
2023-02-27,SPY,-0.05630963061138161,0.2382190515126685,-0.3203338697170636
2023-02-28,SPY,-0.08009439920383044,0.23720147235456046,-0.4219805139076575
2023-03-01,SPY,-0.08127242576839899,0.2372175542553647,-0.42691792387075717
2023-03-02,SPY,-0.05980798751828631,0.2368718941683351,-0.3369246815815559
2023-03-03,SPY,-0.061985437864717774,0.23669833120049633,-0.3463710007962484
2023-03-06,SPY,-0.05663903939204962,0.23664994875034487,-0.3238498034618228
2023-03-07,SPY,-0.06349067568671662,0.23700396095539994,-0.3522754444700109
2023-03-08,SPY,-0.03346961153366279,0.23517340291081273,-0.22736249453319615
2023-03-09,SPY,-0.04405409606714983,0.23577432479907304,-0.2716754511829766
2023-03-10,SPY,-0.08244850743538656,0.2346580719024964,-0.43658633434078203
2023-03-13,SPY,-0.07960007674705971,0.23462178822590318,-0.4245133305827539
2023-03-14,SPY,-0.05233610670732225,0.23488064198190106,-0.3079696398006958
2023-03-15,SPY,-0.051329715785020436,0.2348505427279967,-0.3037238703239206
2023-03-16,SPY,-0.05545640726683321,0.23447248296332332,-0.3218134866539382
2023-03-17,SPY,-0.08675113460955419,0.23368436688179747,-0.45681761272268245
2023-03-20,SPY,-0.08936240930915129,0.2335435104652388,-0.4682742375983471
2023-03-21,SPY,-0.08740092675061872,0.23365863282108948,-0.4596488708930123
2023-03-22,SPY,-0.10269539141218464,0.23426123616544609,-0.5237545631558587
2023-03-23,SPY,-0.11067592291604511,0.2339702249933783,-0.5585151825183885
2023-03-24,SPY,-0.09316121227769258,0.23373321635248615,-0.4841469006571899
2023-03-27,SPY,-0.10495774931342561,0.23323479264078212,-0.5357594718120807
2023-03-28,SPY,-0.11130681540192333,0.23318366757894549,-0.5631046838109652
2023-03-29,SPY,-0.10475789809324165,0.23354030993215355,-0.5342028454509006
2023-03-30,SPY,-0.11051946747308428,0.2332752683685791,-0.5595083798890381
2023-03-31,SPY,-0.0923782822541126,0.23364806103065905,-0.48097245814236156
2023-04-03,SPY,-0.07467797307634905,0.23318952159810052,-0.4060129821764696
2023-04-04,SPY,-0.08241199135225985,0.233230655016507,-0.43910176106572096
2023-04-05,SPY,-0.09258798256801515,0.2330750891671021,-0.4830545510905961
2023-04-06,SPY,-0.07739465584619987,0.23278150461760858,-0.4183951641956718
2023-04-10,SPY,-0.06711943397086761,0.2325771296367324,-0.3745829785883998
2023-04-11,SPY,-0.07154729245200919,0.23251880641647615,-0.3937199483470349
2023-04-12,SPY,-0.07285251276443316,0.23253808450390318,-0.3993002391953333
2023-04-13,SPY,-0.04420067197980104,0.2323055935546656,-0.27636300528722957
2023-04-14,SPY,-0.04298951122851147,0.2322892031162989,-0.2711684847314013
2023-04-17,SPY,-0.050431596374511,0.2320305525853583,-0.3035444926960684
2023-04-18,SPY,-0.03783169023799693,0.23169993757832025,-0.2495973492373014
2023-04-19,SPY,-0.03838955009047851,0.23169951286783708,-0.25200549352809515
2023-04-20,SPY,-0.05883000404820293,0.2311902891978931,-0.34097454664597276
2023-04-21,SPY,-0.05739975449888013,0.23119127530868486,-0.3347866583439905
2023-04-24,SPY,-0.04209247221889978,0.23071437649147297,-0.2691313526411072
2023-04-25,SPY,-0.030701349957484303,0.22962399917666407,-0.22080161542033155
2023-04-26,SPY,-0.04037054282762642,0.22958801023062567,-0.26295163570163366
2023-04-27,SPY,0.007924116960144945,0.22861059561493632,-0.052822936781964605
2023-04-28,SPY,0.013676602363135837,0.22874948285763574,-0.02764333085202901
2023-05-01,SPY,-0.01229575783959147,0.22735946303447171,-0.1420471240059837
2023-05-02,SPY,0.014079289846660181,0.22459432248985378,-0.026361797964003706
2023-05-03,SPY,0.0010924439759785187,0.22462610717199175,-0.08417345722660964
2023-05-04,SPY,-0.010534078682197467,0.22469546698839693,-0.13589094204456834
2023-05-05,SPY,-0.021999276407013157,0.22338730066852866,-0.18801102963920688
2023-05-08,SPY,0.0143128240337409,0.22051708614454996,-0.025790182818446684
2023-05-09,SPY,0.015928578317735642,0.2204786372688919,-0.018466286496949466
2023-05-10,SPY,0.05443569064872156,0.21814328895525123,0.1578581253342408
2023-05-11,SPY,0.05017036398978281,0.21814353184375987,0.13830510460145853
2023-05-12,SPY,0.06572448419778909,0.21754464395473688,0.21018437120107947
2023-05-15,SPY,0.07051898922889932,0.21756222957097135,0.23220477804682282
2023-05-16,SPY,0.03853610683947917,0.21638607036342122,0.08566220001291075
2023-05-17,SPY,0.05542516472158532,0.21666889096800837,0.16349908177088476
2023-05-18,SPY,0.044114529680495895,0.21591667680511425,0.11168442399778873
2023-05-19,SPY,0.08638883942724362,0.21204739152535737,0.3130849144131283
2023-05-22,SPY,0.09352785145889131,0.21194563858534235,0.3469184454545144
2023-05-23,SPY,0.08078340583987442,0.21226648784933314,0.28635422602845584
2023-05-24,SPY,0.05324730982385817,0.21160417015198754,0.1571202958806428
2023-05-25,SPY,0.07054053390701043,0.21161859133052943,0.23882842045796723
2023-05-26,SPY,0.07490796423828239,0.2118240184240498,0.25921500614893594
2023-05-30,SPY,0.05425190955885717,0.21090744130867797,0.16240256553455157
2023-05-31,SPY,0.02328521172519271,0.20957607448268079,0.015675509398207565
2023-06-01,SPY,0.038836428556053404,0.20970179072949463,0.08982483406806718
2023-06-02,SPY,0.06245271448834999,0.21001503111106132,0.2021413146657103
2023-06-05,SPY,0.040600320924337074,0.20918399824404393,0.09847943005804759
2023-06-06,SPY,0.06026672060021765,0.20852289993575288,0.1931045492491427
2023-06-07,SPY,0.05339332919643369,0.20853891682781167,0.16012996377077282
2023-06-08,SPY,0.049695783116605385,0.20841031916472338,0.14248710541599635
2023-06-09,SPY,0.0631380995502775,0.2081146340593286,0.20728047186715295
2023-06-12,SPY,0.09891820508645321,0.2068827497588547,0.3814634384860087
2023-06-13,SPY,0.13919492766138242,0.20484671938982232,0.5818737445072529
2023-06-14,SPY,0.1855650485306375,0.20115416579649945,0.8230754151924141
2023-06-15,SPY,0.2038911409027353,0.20145439476428467,0.9128177179649044
2023-06-16,SPY,0.18292623759671134,0.20104523085317533,0.81039593381699
2023-06-20,SPY,0.2170688853289282,0.19824621383996466,0.9940612812308898
2023-06-21,SPY,0.20822852255298652,0.1983319754689049,0.9490578718230817
2023-06-22,SPY,0.18281417660648147,0.1968411360662321,0.8271349163098642
2023-06-23,SPY,0.17600421701278202,0.1969998845767955,0.7919000427229574
2023-06-26,SPY,0.159830030977397,0.1968465133802398,0.7103505598155729
2023-06-27,SPY,0.13641459643503118,0.19462895929568638,0.598136047463371
2023-06-28,SPY,0.14134755176321612,0.19457879732186315,0.6236422129924499
2023-06-29,SPY,0.1697471346961814,0.19345705972768135,0.7740587751461335
2023-06-30,SPY,0.18451559734587897,0.19376923250962952,0.8490284820512113
2023-07-03,SPY,0.19559170910878998,0.19356480978350957,0.9071468584872354
2023-07-05,SPY,0.18131909705386295,0.19332777722127167,0.834433103057025
2023-07-06,SPY,0.16985944547055087,0.19351377512348808,0.7744122886079825
2023-07-07,SPY,0.16297815014404415,0.19352169491847684,0.7388223330943607
2023-07-10,SPY,0.14871758752829867,0.19299761951005942,0.6669387314468387
2023-07-11,SPY,0.15698487182713983,0.1930774695180212,0.7094813919464287
2023-07-12,SPY,0.17977090221320324,0.19283639514288467,0.8285308491419314
2023-07-13,SPY,0.19975129172754058,0.19272985337897874,0.9326593082291332
2023-07-14,SPY,0.2053340546729241,0.1926395846942587,0.9620766934639663
2023-07-17,SPY,0.21246358432706458,0.19263022571180852,0.9991349156959758
2023-07-18,SPY,0.19857399894539385,0.19187099726074763,0.9306982373303481
2023-07-19,SPY,0.21124030779060732,0.19166089928679644,0.9978055435524188
2023-07-20,SPY,0.17155000240060203,0.1899919183604779,0.7976655202410307
2023-07-21,SPY,0.16413105209574552,0.18990772547063683,0.7589530743868068
2023-07-24,SPY,0.1575439186810983,0.1897062943928551,0.725036136103445
2023-07-25,SPY,0.17157419845332278,0.189455126470534,0.8000532964036587
2023-07-26,SPY,0.17033244822196814,0.18945519837836394,0.7934986714998279
2023-07-27,SPY,0.17649232197506048,0.18918114490220928,0.8272088746262417
2023-07-28,SPY,0.15794287345514912,0.1876992463162405,0.7349143705283688
2023-07-31,SPY,0.14577687092607228,0.18732371106684048,0.6714412724889527
2023-08-01,SPY,0.12608141615769375,0.18682917536368546,0.567798985095307
2023-08-02,SPY,0.11371436856832395,0.18735533518968395,0.5001958896630556
2023-08-03,SPY,0.11789800363269154,0.18725060642689373,0.5228180858838116
2023-08-04,SPY,0.09568407925610911,0.18669824055401169,0.4053818559378108
2023-08-07,SPY,0.10599525461441184,0.18687902347202678,0.4601653680370614
2023-08-08,SPY,0.10305005161192837,0.18692876110055795,0.4442871772271136
2023-08-09,SPY,0.0969490622741338,0.18705839122239712,0.411363862221223
2023-08-10,SPY,0.10171779779708512,0.18700607241185394,0.43697938116743845
2023-08-11,SPY,0.07842398512405713,0.18586684523153205,0.3143324730738238
2023-08-14,SPY,0.08437715543906132,0.18593784076674283,0.3462294451392593
2023-08-15,SPY,0.05390381803321942,0.18558150059250444,0.1826896426905429
2023-08-16,SPY,0.04187688926334254,0.18569691135920216,0.1178096560853673
2023-08-17,SPY,0.03191639047667394,0.18585441014423146,0.06411680232622018
2023-08-18,SPY,0.03979368495590241,0.18571038903780293,0.106583616880331
2023-08-21,SPY,0.043525894091213546,0.1857974815226913,0.12662116783504596
2023-08-22,SPY,0.054874869854711905,0.18531379660894837,0.188193596444982
2023-08-23,SPY,0.08930583814197135,0.18441373655210033,0.37581711339811796
2023-08-24,SPY,0.0768141380942986,0.18494380328265544,0.3071967651031149
2023-08-25,SPY,0.08094517797170253,0.18504315767493515,0.3293565605855298
2023-08-28,SPY,0.07265649095969406,0.18462632570692392,0.28520575686092053
2023-08-29,SPY,0.12628527700535952,0.18194371327110923,0.5841657020981362
2023-08-30,SPY,0.1384519432668181,0.1818367862229835,0.6514190320189799
2023-08-31,SPY,0.14940397614417833,0.18147819310212604,0.7130552378343156
2023-09-01,SPY,0.16037719401867,0.1812942060570611,0.7743060138087771
2023-09-05,SPY,0.15174827094395638,0.1813451110888154,0.7265057775912772
2023-09-06,SPY,0.15619682371254084,0.18114894298028017,0.7518499499462561
2023-09-07,SPY,0.15701268154286296,0.18113310893141849,0.7564198635531586
2023-09-08,SPY,0.13830565414324125,0.18029876304089523,0.6561645357289958
2023-09-11,SPY,0.13835120081645313,0.18030010371704888,0.6564122725197414
2023-09-12,SPY,0.11478819475622082,0.17977398887725948,0.5272631227031257
2023-09-13,SPY,0.10422016287419655,0.17948046187840433,0.46924418397839096
2023-09-14,SPY,0.16437125780380324,0.17415790720789343,0.8289675738435829
2023-09-15,SPY,0.1459693883503641,0.1745916414453689,0.7215087005741964
2023-09-18,SPY,0.15980930343102817,0.1741786478222578,0.8026776254096188
2023-09-19,SPY,0.16630167039535992,0.17400211458694448,0.8408039795531144
2023-09-20,SPY,0.14668682759265095,0.17413466148750995,0.7275221745656751
2023-09-21,SPY,0.14082924276510123,0.17455910336375624,0.6921967427462682
2023-09-22,SPY,0.15847214313982083,0.17364260918224955,0.7974548631349179
2023-09-25,SPY,0.1731983030191775,0.17344093248701456,0.8832880498416796
2023-09-26,SPY,0.17566043705651135,0.173244685588047,0.8985005025011349
2023-09-27,SPY,0.18788096356858408,0.17291821636592958,0.9708691605591996
2023-09-28,SPY,0.19782548389442844,0.17296007305186872,1.028130254322341
2023-09-29,SPY,0.17186030990267875,0.17194435337845396,0.8831945156607167
2023-10-02,SPY,0.1963859496647946,0.17057828511332115,1.034046916039842
2023-10-03,SPY,0.19891040387372905,0.17039235477392098,1.0499907939596818
2023-10-04,SPY,0.17657747084297593,0.16856857339860384,0.9288651359273636
2023-10-05,SPY,0.1407852102780487,0.16580641914907882,0.728471255201821
2023-10-06,SPY,0.15702327977951924,0.16616436699355153,0.8246249316788649
2023-10-09,SPY,0.17656801813718093,0.16589918407401844,0.9437539974116192
2023-10-10,SPY,0.21662861561241975,0.16345548554731226,1.2029490166942456
2023-10-11,SPY,0.23101137196327226,0.16326631923560314,1.2924366332946486
2023-10-12,SPY,0.23130428719259877,0.1632560065150627,1.2943124832169832
2023-10-13,SPY,0.22922580346388943,0.16330788534852306,1.2811739189284754
2023-10-16,SPY,0.21022016089898155,0.16158008464006418,1.1772500387205267
2023-10-17,SPY,0.23838584588467393,0.15983658961958158,1.3663069664113974
2023-10-18,SPY,0.19127209622723051,0.15851629806532821,1.0804699473655721
2023-10-19,SPY,0.167092174808521,0.1584150367832824,0.9285240706647597
2023-10-20,SPY,0.1609779178109063,0.15875553803409856,0.8880188972092813
2023-10-23,SPY,0.16876635330331058,0.1585149511612226,0.9385004519353074
2023-10-24,SPY,0.1496401581053186,0.1568837935543036,0.8263451257025163
2023-10-25,SPY,0.11944239718030936,0.15715699765423052,0.6327583159809267
2023-10-26,SPY,0.08865344608933023,0.15687900362796467,0.4376203602882414
2023-10-27,SPY,0.09194570629447574,0.15675554368908864,0.45896754016670666
2023-10-30,SPY,0.11093277948806612,0.1570738386192335,0.5789174078090654
2023-10-31,SPY,0.09193193095512298,0.15543071770273245,0.4627909593308043
2023-11-01,SPY,0.11160655616852488,0.15557955409408192,0.5888084504544129
2023-11-02,SPY,0.13788925653547013,0.15662117731169597,0.7527031692582388
2023-11-03,SPY,0.1778301106534197,0.1547197862268509,1.020102951939246
2023-11-06,SPY,0.19282154719791156,0.1543334811924997,1.1197929695005826
2023-11-07,SPY,0.1792433557170796,0.15373922126375478,1.035801758380719
2023-11-08,SPY,0.16892557517274853,0.15348141472967117,0.9703166695137201
2023-11-09,SPY,0.15358544365791982,0.15364026358519542,0.8694689825486082
2023-11-10,SPY,0.19623189983156664,0.15288508707842327,1.1527082411979626
2023-11-13,SPY,0.13283737308684596,0.1428821748772221,0.7897232330331373
2023-11-14,SPY,0.1437453898645984,0.14383437734900034,0.8603325028782379
2023-11-15,SPY,0.15600092863975457,0.1435530440252156,0.9473914646899827
2023-11-16,SPY,0.14762629248186876,0.14333445336070352,0.8904090362747266
2023-11-17,SPY,0.1578871410484015,0.1430982676942007,0.9635835798031093
2023-11-20,SPY,0.17038101704796604,0.14322465009310567,1.0499660285447252
2023-11-21,SPY,0.16255179615321325,0.14319974473331828,0.9954752113468379
2023-11-22,SPY,0.1712991455019457,0.14317131448139755,1.0567699685512366
2023-11-24,SPY,0.15645782244214157,0.14259441363947165,0.9569647152317937
2023-11-27,SPY,0.14714601543580708,0.14250029131877073,0.8922509158341551
2023-11-28,SPY,0.14853890275755788,0.14249854458933048,0.9020366006403562
2023-11-29,SPY,0.16634221581977693,0.1415334041188824,1.0339765141016133
2023-11-30,SPY,0.17294935585245197,0.1415513873821282,1.0805217715002267
2023-12-01,SPY,0.14385609844393366,0.1382303995394298,0.8960120122390594
2023-12-04,SPY,0.1386894674164536,0.1383468874223016,0.8579120905998842
2023-12-05,SPY,0.13978007618239774,0.13833834346087423,0.8658487096621533
2023-12-06,SPY,0.15598221846777327,0.13715868794653863,0.991422566835694
2023-12-07,SPY,0.18183864588702336,0.13650383834178118,1.1855977667221955
2023-12-08,SPY,0.18894229479315117,0.1365297438931119,1.237402854321728
2023-12-11,SPY,0.18428914574658628,0.13638040821998615,1.2046389059166211
2023-12-12,SPY,0.19865237405955294,0.13618677381825514,1.3118188282950978
2023-12-13,SPY,0.19791126782037116,0.13612503668241338,1.3069694756846766
2023-12-14,SPY,0.1927269327893748,0.13597557471571686,1.2702791155727324
2023-12-15,SPY,0.1984252572792733,0.1358084360955478,1.313800986219608
2023-12-18,SPY,0.23538623864566222,0.13351302329173537,1.6132226904564066
2023-12-19,SPY,0.25774767073156135,0.13300463800684859,1.7875141370582839
2023-12-20,SPY,0.25092631365714424,0.13349502810220615,1.7298495452605396
2023-12-21,SPY,0.26106146780273876,0.13376841343503573,1.8020806378167116
2023-12-22,SPY,0.24498056018081393,0.1330329267647835,1.6911644782393138
2023-12-26,SPY,0.2683316723682787,0.1321982197394007,1.8784797016011954
2023-12-27,SPY,0.2633576349329001,0.13211402407551184,1.8420272687614543
2023-12-28,SPY,0.26883860689530614,0.13202355119557965,1.884804677967469
2023-12-29,SPY,0.2810864866701621,0.13139425013042666,1.9870465139151694
2024-01-02,SPY,0.2513915808795022,0.13044759633628047,1.7738278617491618
2024-01-03,SPY,0.24444987463683865,0.1307161515785927,1.7170783558594045
2024-01-04,SPY,0.24568548858183603,0.13068106652633354,1.7269945416029961
2024-01-05,SPY,0.23783559593608894,0.13050278785000793,1.6692026241344062
2024-01-08,SPY,0.27000151259891436,0.1306015177927668,1.914231295501532
2024-01-09,SPY,0.2396473415287501,0.12875154310047202,1.7059783225848177
2024-01-10,SPY,0.24736532011468415,0.12883140318673908,1.7648284074428788
2024-01-11,SPY,0.23813278002874738,0.1286924691212707,1.6949925781841553
2024-01-12,SPY,0.22351570805788934,0.12814913444396822,1.588116134696753
2024-01-16,SPY,0.21460165606927695,0.12819690283181057,1.5179903084287996
2024-01-17,SPY,0.20318219828340123,0.12831696679732457,1.4275758136703447
2024-01-18,SPY,0.2161097499290794,0.12854688561555394,1.525589274216928
2024-01-19,SPY,0.2510211550271704,0.12798817007412971,1.8050195958998774
2024-01-22,SPY,0.26285979939655735,0.12772829325831886,1.9013782553673952
2024-01-23,SPY,0.2433798338493811,0.12650650393402052,1.7657577033816767
2024-01-24,SPY,0.22998109081825358,0.12601473353467568,1.6663217461033852
2024-01-25,SPY,0.2379994163883974,0.1260830356891153,1.729014654484697
2024-01-26,SPY,0.23596355221092824,0.12610037099918497,1.7126321714971329
2024-01-29,SPY,0.23220908012335362,0.12589019815918948,1.6856680124930221
2024-01-30,SPY,0.22843344534777366,0.1258924501377872,1.6556469043190973
2024-01-31,SPY,0.2237429847349901,0.12635083945465259,1.6125178559507207
2024-02-01,SPY,0.22179483112656606,0.1261830175681974,1.5992233742349933
2024-02-02,SPY,0.22167358478150945,0.12617523629958982,1.5983610627259437
2024-02-05,SPY,0.1997600671003552,0.12549748839381966,1.432379798201665
2024-02-06,SPY,0.2161700961056221,0.12499373492794698,1.569439430053874
2024-02-07,SPY,0.23385419546465314,0.12502600937962574,1.7104776560156518
2024-02-08,SPY,0.21846364637922266,0.12442382882845361,1.5950613981896482
2024-02-09,SPY,0.23905406742412771,0.12396095941016079,1.767121426507549
2024-02-12,SPY,0.24934098594289789,0.1235970171320622,1.855554375538443
2024-02-13,SPY,0.22926513153701755,0.12445775057298414,1.6814150229583407
2024-02-14,SPY,0.22604373938820155,0.12425292938889744,1.6582606172874061
2024-02-15,SPY,0.23507133418182757,0.12439353381769105,1.7289591153269452
2024-02-16,SPY,0.22494298398926826,0.12450761569688394,1.6460276975201718
2024-02-20,SPY,0.23520634442918809,0.12380670083669049,1.7382447232243108
2024-02-21,SPY,0.2394216216961862,0.12376054456732118,1.7729529428244308
2024-02-22,SPY,0.2909702374735599,0.12354676596071983,2.193260465917105
2024-02-23,SPY,0.29364332883351607,0.12352336508497809,2.215316338291648
2024-02-26,SPY,0.2820854045230574,0.12353840298652626,2.1214893360054345
2024-02-27,SPY,0.29833643491447415,0.12298132898475694,2.2632413977976515
2024-02-28,SPY,0.29221927668072745,0.12298190468613257,2.2134904917554334
2024-02-29,SPY,0.3016758120678147,0.12291565425515708,2.29161870206615
2024-03-01,SPY,0.31895563153785167,0.12309626898243674,2.42863276043327
2024-03-04,SPY,0.307373673960188,0.12293442504003589,2.337617586502718
2024-03-05,SPY,0.27387747515156513,0.12251286816528353,2.0722515026671
2024-03-06,SPY,0.27944620931501696,0.1225802683037273,2.11654137248391
2024-03-07,SPY,0.3122616736631374,0.12180018369329279,2.399517511394619
2024-03-08,SPY,0.3022598108417076,0.12200629601321779,2.31348561562043
2024-03-11,SPY,0.32559674195245836,0.12043765081901801,2.5373854427937936
2024-03-12,SPY,0.3594736003755499,0.11979896026636752,2.833694045597272
2024-03-13,SPY,0.3592797529275351,0.11980223431056275,2.8319985422644276
2024-03-14,SPY,0.3345328283651352,0.1188576934713762,2.6462975948703082
2024-03-15,SPY,0.3337103655042222,0.11889769059708394,2.6384899818391943
2024-03-18,SPY,0.3185038123408266,0.11785508639321242,2.5328038142104163
2024-03-19,SPY,0.34151659402214607,0.11723226259455084,2.742560681730719
2024-03-20,SPY,0.3410298971934309,0.11720641313649784,2.7390130676515247
2024-03-21,SPY,0.3280240998963604,0.11661196029185388,2.641445175310014
2024-03-22,SPY,0.34849367949968757,0.11521375834423471,2.8511671194530157
2024-03-25,SPY,0.34114224841862506,0.11527243768208438,2.7859413306094845
2024-03-26,SPY,0.3299379122309869,0.11518578517779865,2.6907652862944196
2024-03-27,SPY,0.33861154126543247,0.1154114119742059,2.7606588968571075
2024-03-28,SPY,0.34136617388691426,0.11536842432813108,2.785564384349083
2024-04-01,SPY,0.3198494135869483,0.11462427885928428,2.615932824799283
2024-04-02,SPY,0.3038230468096017,0.11476914175583564,2.4729909317734373
2024-04-03,SPY,0.2871139375798235,0.11402285003432794,2.342635160403425
2024-04-04,SPY,0.266577212965583,0.11475297545636853,2.148765310746446
2024-04-05,SPY,0.28694879921018135,0.11495620427847779,2.3221782668076467
2024-04-08,SPY,0.2910491304049485,0.11489892181960151,2.3590224008412592
2024-04-09,SPY,0.28752012371320457,0.11486309606371388,2.3290345888361976
2024-04-10,SPY,0.2733209666274463,0.11539266847310793,2.195295160250864
2024-04-11,SPY,0.28258615763332506,0.11557665580423426,2.2719653532638806
2024-04-12,SPY,0.2700593342030695,0.11641307230056713,2.1480348320113123
2024-04-15,SPY,0.23770772036688226,0.11653485910149468,1.8681768017351124
2024-04-16,SPY,0.23847582002550083,0.11651881532754908,1.8750261012467193
2024-04-17,SPY,0.22674437673144876,0.11668433344720645,1.7718263508356054
2024-04-18,SPY,0.2234219435500937,0.11672013538422538,1.7428179198084277
2024-04-19,SPY,0.21294867825327146,0.11710668310583383,1.6476316563325109
2024-04-22,SPY,0.23083556417590545,0.11723907190852921,1.7983387342097088
2024-04-23,SPY,0.24447446160027098,0.1177553231971049,1.9062786760351726
2024-04-24,SPY,0.24258745382461822,0.11776319608229485,1.8901274865966653
2024-04-25,SPY,0.2578337862658997,0.11665129500150437,2.0388439430769503
2024-04-26,SPY,0.27515143080339777,0.1168463303196141,2.1836495002065757
2024-04-29,SPY,0.2546887513449285,0.11532248489378344,2.0350649880731075
2024-04-30,SPY,0.22436306696535246,0.11628021367767441,1.757505086220785
2024-05-01,SPY,0.22162089696005016,0.1163372724244682,1.733072236938959
2024-05-02,SPY,0.24706299436358337,0.11601604267400309,1.957168932245124
2024-05-03,SPY,0.2712467606870146,0.11631969260778384,2.1599675433650667
2024-05-06,SPY,0.2935369307647291,0.11641101053899466,2.349751363708859
2024-05-07,SPY,0.27142664838851105,0.11508305990244384,2.1847407307526057
2024-05-08,SPY,0.27121050374913547,0.1150842432870577,2.1828401228006027
2024-05-09,SPY,0.2841669908573672,0.11505673181116527,2.2959716193827435
2024-05-10,SPY,0.2798412245749593,0.1149986033405746,2.259516350867544
2024-05-13,SPY,0.28224898852328617,0.11496885114304331,2.2810438298369884
2024-05-14,SPY,0.28982230011264365,0.11500048450240727,2.3462709855539394
2024-05-15,SPY,0.3013046891611537,0.11553441125259284,2.4348130233349905
2024-05-16,SPY,0.30736387755291084,0.11531510550897413,2.4919881596132036
2024-05-17,SPY,0.29354115580897844,0.11478102191643481,2.383156651176423
2024-05-20,SPY,0.2826749292501842,0.11445699569360578,2.294966136917909
2024-05-21,SPY,0.2876946903384223,0.11443905545423004,2.3391899668857974
2024-05-22,SPY,0.2834655371547625,0.11450417315380829,2.3009251968560234
2024-05-23,SPY,0.2885521604504939,0.11415012866837977,2.3526224944579
2024-05-24,SPY,0.30654333345244833,0.11398250164603002,2.513923885811016
2024-05-28,SPY,0.29623129863563236,0.11372922132908639,2.428850698241665
2024-05-29,SPY,0.27069789228798236,0.11338381989043202,2.2110552681171196
2024-05-30,SPY,0.26178783683277573,0.11363751308888405,2.1277114419395655
2024-05-31,SPY,0.2803802668073738,0.11374151448557314,2.289228062286793
2024-06-03,SPY,0.2693637132598048,0.11342146121020313,2.1985584615036915
2024-06-04,SPY,0.2526678704336296,0.11261024646488148,2.0661341018038635
2024-06-05,SPY,0.2699896598469398,0.11310596748655471,2.21022520210224
2024-06-06,SPY,0.26720669245717654,0.1131038309997766,2.185661531285044
2024-06-07,SPY,0.2700575114126944,0.11303800832623605,2.212154257805126
2024-06-10,SPY,0.26632207933116203,0.11294334396156543,2.1809348890447704
2024-06-11,SPY,0.26709826748285903,0.11294955332368553,2.187686982477358
2024-06-12,SPY,0.2660201555329569,0.11289093345462403,2.1792729318855666
2024-06-13,SPY,0.2602603994000554,0.11275439071230803,2.130829654457342
2024-06-14,SPY,0.2595273461204468,0.11275461176871353,2.1243241616739743
2024-06-17,SPY,0.2540047558383809,0.11238856873278,2.0821045990429945
2024-06-18,SPY,0.2614877404634459,0.1123158714504905,2.15007671974388
2024-06-20,SPY,0.2646222471283166,0.1122074486020063,2.1800892024198713
2024-06-21,SPY,0.2694309137067987,0.11206530827958652,2.2257638651607077
2024-06-24,SPY,0.26075342361374365,0.11211316272226163,2.147414431703823
2024-06-25,SPY,0.27524930254808244,0.11182442961414212,2.2825898010733225
2024-06-26,SPY,0.28207931026027433,0.11170851100851847,2.34609975456829
2024-06-27,SPY,0.27017523116831077,0.11126240754677504,2.2485153492938426
2024-06-28,SPY,0.2645389602956425,0.1113697397801731,2.1957397115080375
2024-07-01,SPY,0.2621669525798742,0.11133498261601242,2.1751200466352367
2024-07-02,SPY,0.25584107190711025,0.11095356319530454,2.1255835785280204
2024-07-03,SPY,0.25999582579340785,0.11100962857873893,2.161937021734824
2024-07-05,SPY,0.26914915298170783,0.11108724084413923,2.2428242081489462
2024-07-08,SPY,0.28064174780149287,0.11073534679533123,2.3537357794456457
2024-07-09,SPY,0.28513160673738924,0.11067859345011603,2.395509361590204
2024-07-10,SPY,0.294571673516961,0.11102398829692027,2.473084220165575
2024-07-11,SPY,0.27528742227784675,0.1113146187018907,2.293386306802402
2024-07-12,SPY,0.27308826848622325,0.11121752370063481,2.275615029583496
2024-07-15,SPY,0.26653660279924707,0.1110126716199719,2.2207969522903865
2024-07-16,SPY,0.2748416238101026,0.11111208756047446,2.2935544584328063
2024-07-17,SPY,0.2526176877447668,0.11209221370658044,2.0752350234930796
2024-07-18,SPY,0.23382355423241163,0.11222970873094883,1.905231303281882
2024-07-19,SPY,0.22291076869205018,0.11247130289226512,1.8041114797648954
2024-07-22,SPY,0.2437704163517258,0.11261947453857941,1.9869602239625976
2024-07-23,SPY,0.2418195536021499,0.1126428550498164,1.969228793997187
2024-07-24,SPY,0.20827928877807822,0.11501860985236016,1.6369463082518274
2024-07-25,SPY,0.1987110804059955,0.11515726341705614,1.5518871767451736
2024-07-26,SPY,0.21194978940996823,0.11562905430088263,1.6600480784914888
2024-07-29,SPY,0.2207556751381885,0.11538909797634368,1.7398149275709403
2024-07-30,SPY,0.2027952742394985,0.11518556748511607,1.58696335166399
2024-07-31,SPY,0.2200227902217451,0.11621804821808211,1.7210992035110084
2024-08-01,SPY,0.20619819386701632,0.11712277589868686,1.5897693035219798
2024-08-02,SPY,0.20044000021675767,0.11780783840294515,1.5316468128342025
2024-08-05,SPY,0.16882810476475418,0.12148646314115158,1.2250591622857203
2024-08-06,SPY,0.1849635304348427,0.12167628259831176,1.3557574813444504
2024-08-07,SPY,0.16685809259374262,0.12163176991227329,1.2073991252422274
2024-08-08,SPY,0.19904709944234455,0.12358575612490455,1.4487680866829575
2024-08-09,SPY,0.2124399256267484,0.12341341950132008,1.5593111867764915
2024-08-12,SPY,0.21264181604096843,0.12341294121912308,1.560953123213615
2024-08-13,SPY,0.2333038941782679,0.12439290726144134,1.7147592967656826
2024-08-14,SPY,0.23040242461824612,0.12432646437340668,1.6923381974920138
2024-08-15,SPY,0.26624205133678247,0.12475229713190582,1.9738478328492859
2024-08-16,SPY,0.27846251715111614,0.12447945022770146,2.0763468723418117
2024-08-19,SPY,0.30059711395045685,0.12446983589012439,2.25433826552285
2024-08-20,SPY,0.29785741561835644,0.12449775013283257,2.2318268026682984
2024-08-21,SPY,0.29389928177689106,0.1244008827422747,2.2017470916531754
2024-08-22,SPY,0.28723054306301665,0.12466285722261465,2.14362600871416
2024-08-23,SPY,0.2865780562050675,0.12462219468509646,2.1390897253789696
2024-08-26,SPY,0.3015495549058318,0.12377103281796309,2.27476129507558
2024-08-27,SPY,0.2942126421881386,0.12362607914199629,2.218080878171177
2024-08-28,SPY,0.27859170272326494,0.12370121773740558,2.0904539781670257
2024-08-29,SPY,0.2604859185240491,0.12296511750357915,1.9557247080014322
2024-08-30,SPY,0.26729862866223497,0.12322506726732896,2.0068857266333344
2024-09-03,SPY,0.24303814723575834,0.1250729268951534,1.7832647941686661
2024-09-04,SPY,0.2381843282978604,0.12510363220749376,1.744028726008413
2024-09-05,SPY,0.24053437699242286,0.12503901146808685,1.7637245720605275
2024-09-06,SPY,0.22791048858554563,0.12606091906994776,1.6492858383031603
2024-09-09,SPY,0.24548254713703677,0.12642265888859483,1.7835611837252585
2024-09-10,SPY,0.24902614483042096,0.1264684076620517,1.8109356246693924
2024-09-11,SPY,0.2535954932129232,0.12668735001866285,1.843873860953846
2024-09-12,SPY,0.2711276839047472,0.12674379381278247,1.9813805185261877
2024-09-13,SPY,0.2762784096955493,0.1268145392310371,2.020891383981204
2024-09-16,SPY,0.267236518776909,0.12658445169014718,1.95313496622866
2024-09-17,SPY,0.28321496003121993,0.12590916026393306,2.09051477652193
2024-09-18,SPY,0.2786595151142801,0.1259715687199577,2.0533166153491
2024-09-19,SPY,0.3031814351659605,0.12695157663477494,2.2306255871137455
2024-09-20,SPY,0.3129998789589741,0.12656375962908364,2.3150377313194506
2024-09-23,SPY,0.3384022973072416,0.12532525783927936,2.540607558259083
2024-09-24,SPY,0.3452566372434327,0.12528873291139758,2.596056562192624
2024-09-25,SPY,0.33666879791895243,0.12529881171576324,2.527308867360263
2024-09-26,SPY,0.3619771836063219,0.12431078576851355,2.7509856163497974
2024-09-27,SPY,0.35945932149355797,0.1243373578126737,2.7301474590202117
2024-09-30,SPY,0.3570399407403644,0.12428450397319206,2.7118420234678915
2024-10-01,SPY,0.34815465164834714,0.12464923106316997,2.6326247570836943
2024-10-02,SPY,0.3492601856516717,0.12464126638070742,2.6416627110155564
2024-10-03,SPY,0.3650663062985162,0.12381458761271716,2.7869600258885328
2024-10-04,SPY,0.3675132838007418,0.12391579326943113,2.804430933554537
2024-10-07,SPY,0.35566094957682304,0.12433378165211513,2.699676187088072
2024-10-08,SPY,0.35242528821283425,0.12414971947324996,2.6776161043558426
2024-10-09,SPY,0.3531295885993657,0.1241727488344052,2.6827914476116015
2024-10-10,SPY,0.34376746802156566,0.12414407224267558,2.6079978058772575
2024-10-11,SPY,0.34629937686190204,0.12420273244641963,2.627151355165763
2024-10-14,SPY,0.36563541951075074,0.12417981580899741,2.7833462085527416
2024-10-15,SPY,0.36180806923582587,0.12435189425419543,2.7487162241140832
2024-10-16,SPY,0.3534862047205656,0.1240429281651918,2.6884741407946424
2024-10-17,SPY,0.3536645939260832,0.12404163471726623,2.6899403146904675
2024-10-18,SPY,0.37722325641015564,0.12320402760911456,2.899444631335481
2024-10-21,SPY,0.38714938788104036,0.12282332084944757,2.98924817650126
2024-10-22,SPY,0.40366092400844966,0.12207505746287717,3.1428281254352086
2024-10-23,SPY,0.3932497723565682,0.12248823148031517,3.0472296631742326
2024-10-24,SPY,0.3858149987057291,0.12233322385045921,2.9903160171181566
2024-10-25,SPY,0.4055085037901549,0.12132880651682287,3.177386433259789
2024-10-28,SPY,0.4269405973441922,0.12059699292821902,3.374384281591572
2024-10-29,SPY,0.4357577994490913,0.12044788001057438,3.451765190160184
2024-10-30,SPY,0.4145028240018158,0.12006891768047567,3.2856365462680075
2024-10-31,SPY,0.3781192316909605,0.1217914023470984,2.940431137087506
2024-11-01,SPY,0.3693318433511259,0.1214641122496425,2.876008698216572
2024-11-04,SPY,0.34068927391951753,0.12017620415375882,2.668492287451626
2024-11-05,SPY,0.34463269861695367,0.12040929362032783,2.6960767633151224
2024-11-06,SPY,0.37490513601838393,0.12270796038704518,2.8922747546201806
2024-11-07,SPY,0.38160382408769844,0.12286718284673198,2.9430464320059597
2024-11-08,SPY,0.38657294692010513,0.1229028068855158,2.982624695150929
2024-11-11,SPY,0.39880326395786514,0.12256146253026143,3.0907208198852514
2024-11-12,SPY,0.3730320359780206,0.12180438690794788,2.898352390581959
2024-11-13,SPY,0.3750097434827009,0.12178630007063032,2.9150219957155437
2024-11-14,SPY,0.3401678572812925,0.1206647309827961,2.6533673483011433
2024-11-15,SPY,0.3202071366262691,0.1214702033860213,2.4714467273281664
2024-11-18,SPY,0.32399714904406296,0.12150636350292542,2.5019031125620335
2024-11-19,SPY,0.3271863902234553,0.12153229660669658,2.527611168392328
2024-11-20,SPY,0.3174944515503815,0.1213571128103508,2.4513969116526932
2024-11-21,SPY,0.32746037125988425,0.12138554961858104,2.532923994874097
2024-11-22,SPY,0.32645375511159935,0.12137089209052256,2.5249361674217212
2024-11-25,SPY,0.330134199451138,0.12139035133085774,2.554850497185282
2024-11-26,SPY,0.3394918129180602,0.12142138451110487,2.6312647825955264
2024-11-27,SPY,0.3341123502326082,0.12149454404117001,2.5854029307370965
2024-11-29,SPY,0.34334464306979484,0.12158404659318028,2.659433142176166
2024-12-02,SPY,0.34047433692756357,0.12155449872636023,2.6364662787924087
2024-12-03,SPY,0.33320952756226885,0.12146404467070242,2.578619281215292
2024-12-04,SPY,0.3485670626617996,0.12139642135390437,2.706563002412856
2024-12-05,SPY,0.34661316958459576,0.12142199647204158,2.689901163499656
2024-12-06,SPY,0.3546248589901677,0.12130976337289172,2.7584330369318324
2024-12-09,SPY,0.33744381050134065,0.12130644247153224,2.61687511424496
2024-12-10,SPY,0.32757807647710835,0.12134162222283382,2.5348109811179773
2024-12-11,SPY,0.3326575949644788,0.12148925952143284,2.5735410372578693
2024-12-12,SPY,0.3197631616749326,0.12160509956710262,2.465054202019883
2024-12-13,SPY,0.301552231832664,0.12094584784704245,2.3279197826512976
2024-12-16,SPY,0.30292866927622186,0.1209692916172307,2.338847037076655
2024-12-17,SPY,0.29970069639232766,0.1210505127948168,2.3106114128275217
2024-12-18,SPY,0.25391145629304135,0.12483729120340833,1.8737306299918743
2024-12-19,SPY,0.2459497605986094,0.12473601941710517,1.8114235299032213
2024-12-20,SPY,0.2786334557533634,0.12434433377635823,2.0799778156239377
2024-12-23,SPY,0.2742084600610257,0.1241541975357407,2.0475220742161846
2024-12-24,SPY,0.28578693713755965,0.12456229994248195,2.1337670969489944
2024-12-26,SPY,0.28046578630025065,0.12452464470710345,2.0916806220398914
2024-12-27,SPY,0.26470041217148554,0.12505524815385574,1.9567384478772942
2024-12-30,SPY,0.24979611239796773,0.12566489035686113,1.828642127052325
2024-12-31,SPY,0.24886484564421507,0.12568970941428648,1.8208717858504433
2025-01-02,SPY,0.2528071715663369,0.12556562018899936,1.8540677871531976
2025-01-03,SPY,0.2789161102720934,0.1257640056181288,2.0587457357096994
2025-01-06,SPY,0.290440232336421,0.12578148872116146,2.150079754072128
2025-01-07,SPY,0.2741078945729474,0.12638555036713503,2.0105771097628966
2025-01-08,SPY,0.25800999941244385,0.12568112024994316,1.8937609637717365
2025-01-10,SPY,0.24068570136607037,0.12669935433788587,1.741806045653072
2025-01-13,SPY,0.23562126186585375,0.12661074087915894,1.7030250385443135
2025-01-14,SPY,0.23786690982126313,0.12660486851727004,1.7208414840029957
2025-01-15,SPY,0.259510914101019,0.12778262941293708,1.8743620725398082
2025-01-16,SPY,0.26172104279250563,0.12773112203763706,1.8924208833089282
2025-01-17,SPY,0.2815121326510974,0.12788482735465617,2.0449035124851815
2025-01-21,SPY,0.2818431547586713,0.12790120487103776,2.04722977412673
2025-01-22,SPY,0.2731775957884881,0.1274685446704882,1.9861966451642112
2025-01-23,SPY,0.27742552376830876,0.12754195595495071,2.018359541696494
2025-01-24,SPY,0.2699926037311031,0.12758761199906604,1.95937991011959
2025-01-27,SPY,0.25066096700023444,0.12848106288451464,1.7952915536475935
2025-01-28,SPY,0.2545833490622076,0.12863100375960804,1.8236921286924614
2025-01-29,SPY,0.25054775439886123,0.12872633728685134,1.7909913329166895
2025-01-30,SPY,0.2473812329324796,0.12861227373058776,1.7679590472740527
2025-01-31,SPY,0.2417030688500872,0.12875241274235202,1.7219333147079723
2025-02-03,SPY,0.2538058454671781,0.1278193637638855,1.8291895576876465
2025-02-04,SPY,0.2459100948666173,0.12736853703902165,1.7736726833676804
2025-02-05,SPY,0.23792966697074047,0.12704163942997296,1.7154191960098737
2025-02-06,SPY,0.24677173681045228,0.12698671874311637,1.7857909792062014
2025-02-07,SPY,0.2317833420969302,0.12736826517055405,1.662763811796754
2025-02-10,SPY,0.2298907596959523,0.12728630440803937,1.6489657757924163
2025-02-11,SPY,0.23028261567377983,0.12728566801293525,1.6520525755689173
2025-02-12,SPY,0.21927261605411053,0.12725428409063547,1.5659403333893325
2025-02-13,SPY,0.23268626007529636,0.12761973281486771,1.6665624929949578
2025-02-14,SPY,0.2498397961556862,0.12677469254799853,1.812978533303608
2025-02-18,SPY,0.24222006091784953,0.12652564915755557,1.7563242109205137
2025-02-19,SPY,0.2366132171671449,0.12639057359355335,1.7138399724628943
2025-02-20,SPY,0.2376320558688696,0.1263551008155197,1.7223844107933213
2025-02-21,SPY,0.2231975865570952,0.12747083172344614,1.5940712381789566
2025-02-24,SPY,0.21652955623973003,0.12758437668544703,1.5403888888704917
2025-02-25,SPY,0.18593588404975336,0.12614173128105796,1.3154717504235736
2025-02-26,SPY,0.18571687597504072,0.12614189439692158,1.3137338452646938
2025-02-27,SPY,0.1710795952519748,0.12716518480878597,1.1880578436554639
2025-02-28,SPY,0.18714963974729226,0.1280354700206479,1.3054947954682912
2025-03-03,SPY,0.16789434143546567,0.12931226330388798,1.1436992722639865
2025-03-04,SPY,0.14993621773389898,0.12987888162906733,1.0004414582579746
2025-03-05,SPY,0.15148509546828137,0.12997844795769073,1.0115915179344277
2025-03-06,SPY,0.1322590671699222,0.13125686621069996,0.855262436250142
2025-03-07,SPY,0.150099618127417,0.1309280095865834,0.9936729240612295
2025-03-10,SPY,0.11382186425682272,0.13364934668615655,0.7020001712177529
2025-03-11,SPY,0.09370635195536337,0.1335973086082988,0.5517053653488411
2025-03-12,SPY,0.10614948672721103,0.13353261057223595,0.6451569122930275
2025-03-13,SPY,0.09234311954360686,0.13423457973037795,0.5389305772693923
2025-03-14,SPY,0.10304052769536676,0.13536261128795882,0.6134672411033314
2025-03-17,SPY,0.11329144011267211,0.13554334273402732,0.6882775518952275
2025-03-18,SPY,0.1034399350368922,0.13598988708688498,0.6135745592874989
2025-03-19,SPY,0.12316966987236655,0.13619288248816896,0.7575261495866267
2025-03-20,SPY,0.1133051869339301,0.13612477363384395,0.6854386930692544
2025-03-21,SPY,0.10751794951765392,0.136028701705218,0.6433785548237484
2025-03-24,SPY,0.11702015108360508,0.13686461658384935,0.708876797416564
2025-03-25,SPY,0.11601694396464945,0.1368488860964803,0.7016275156010858
2025-03-26,SPY,0.10478840243674759,0.13739078168471758,0.6171331249233213
2025-03-27,SPY,0.10490692994634143,0.13738832480089433,0.6180068799105753
2025-03-28,SPY,0.08465934706403044,0.13890239037233904,0.46550204709008863
2025-03-31,SPY,0.08284040506013501,0.1388143458216665,0.45269388180430215
2025-04-01,SPY,0.08610670487618854,0.13883520718878611,0.4761523119009546
2025-04-02,SPY,0.09488459729968635,0.13894673821973572,0.5389446219403938
2025-04-03,SPY,0.047588643489984817,0.14741386272984164,0.18715094346686517
2025-04-04,SPY,-0.014822522597807253,0.1586936176966372,-0.21943240757403923
2025-04-07,SPY,-0.004425354742764287,0.1582309183198078,-0.15436524670480065
2025-04-08,SPY,-0.030150673265666894,0.1586591770437145,-0.3160905924266149
2025-04-09,SPY,0.07110303100609783,0.19030728939545846,0.26852902570592424
2025-04-10,SPY,0.022985158071622047,0.19536176307866027,0.015280155259553558
2025-04-11,SPY,0.05176965412323087,0.19588997350880893,0.16218111399051377
2025-04-14,SPY,0.0540185613874995,0.1959820874886559,0.17357995224675113
2025-04-15,SPY,0.06577743045311979,0.19549633380473214,0.23416004567555582
2025-04-16,SPY,0.05530832479685599,0.19637540082495694,0.1798001412016404
2025-04-17,SPY,0.0587449358189589,0.19636719094360008,0.1973086014663574
2025-04-21,SPY,0.039697179639460956,0.1977455565948773,0.09960870918487794
2025-04-22,SPY,0.0689474843614355,0.19940538915949715,0.24546720912484551
2025-04-23,SPY,0.09506920790830042,0.1997700988421678,0.3757779985262474
2025-04-24,SPY,0.10791640333470531,0.20064094308264072,0.4381777815831636
2025-04-25,SPY,0.10283457601603829,0.20043019705328305,0.41328391247361423
2025-04-28,SPY,0.10377909215618764,0.20042798668782266,0.4180009665350681
2025-04-29,SPY,0.11496773668263094,0.20046641319232636,0.4737339046991349
2025-04-30,SPY,0.10494215675205765,0.20026434575232227,0.4241501722783455
2025-05-01,SPY,0.10884596220754816,0.2003502259414447,0.44345326684839725
2025-05-02,SPY,0.14341890965332293,0.2001890027907111,0.6165119358846701
2025-05-05,SPY,0.14056570941929802,0.2002525634189862,0.6020682450243582
2025-05-06,SPY,0.12055165997492456,0.2002585864162203,0.5021091069020959
2025-05-07,SPY,0.11148679690881558,0.19993862594330086,0.4575744005300889
2025-05-08,SPY,0.10779123500774745,0.19980099723789382,0.4393933775176231
2025-05-09,SPY,0.10516027123496174,0.19980774911393154,0.42621105343818705
2025-05-12,SPY,0.14157271914154546,0.20244468311990377,0.6005231516480009
2025-05-13,SPY,0.14252844725793334,0.20246796484320853,0.6051744894695787
2025-05-14,SPY,0.1425168182178711,0.20246793078214784,0.6051171548233838
2025-05-15,SPY,0.14794353633944168,0.20251246554574337,0.6317810412048037
2025-05-16,SPY,0.1499382287054376,0.20255425814925743,0.6414983811877666
2025-05-19,SPY,0.13711514948441827,0.20221118175034825,0.5791724694483498
2025-05-20,SPY,0.13562857340683765,0.20223253896255938,0.5717604792977687
2025-05-21,SPY,0.11488964919004419,0.20298066448916463,0.4674812225531438
2025-05-22,SPY,0.11404638199968575,0.2029796807728692,0.4633290467380429
2025-05-23,SPY,0.10373482799119604,0.203102531105705,0.4122786039904945
2025-05-27,SPY,0.12993575082849507,0.20408725104551118,0.5386703493986479
2025-05-28,SPY,0.1316646754399855,0.20403408508912677,0.5472844176560392
2025-05-29,SPY,0.12866393188273806,0.20397215273862693,0.5327390549335511
2025-05-30,SPY,0.1266141427100531,0.20397902217564443,0.5226720942815809
2025-06-02,SPY,0.14094992045949994,0.20390036212299958,0.5931814892341332
2025-06-03,SPY,0.15511908203029456,0.2038338524279005,0.6628883299847776
2025-06-04,SPY,0.14438574623618838,0.20365898403422922,0.6107550169025822
2025-06-05,SPY,0.13792740615330268,0.2037317573592944,0.5788366412867578
2025-06-06,SPY,0.14832909476945155,0.2039607782513694,0.6291851593706593
2025-06-09,SPY,0.1358640692244888,0.20364778454220714,0.5689434308600363
2025-06-10,SPY,0.1423253918540177,0.20371024016723355,0.6004872006119875
2025-06-11,SPY,0.14045388871823805,0.2037315302454246,0.5912383251288282
2025-06-12,SPY,0.14145990239327233,0.2037442942814311,0.5961389143270942
2025-06-13,SPY,0.1259864230828187,0.2040764952857946,0.5193465466681612
2025-06-16,SPY,0.1274394120598279,0.20412966812739566,0.5263292349683135
2025-06-17,SPY,0.1155590734973857,0.20432704922646458,0.4676770592006808
2025-06-18,SPY,0.1147127556033336,0.2043281133935304,0.4635326682673343
2025-06-20,SPY,0.10331392390648264,0.20421094603331982,0.40797971668418215
2025-06-23,SPY,0.1113879235373012,0.20441725686888707,0.44706559973024823
2025-06-24,SPY,0.12672668137183418,0.2046629840318441,0.5214752529711395
2025-06-25,SPY,0.12887135526709215,0.20465412871020006,0.5319773217048513
2025-06-26,SPY,0.1414138541962915,0.20474655164335417,0.592995843992435
2025-06-27,SPY,0.14268455232136956,0.2047673765034856,0.5991411054645279
2025-06-30,SPY,0.14671640392691065,0.2048088775776371,0.6187056216783189
2025-07-01,SPY,0.14454098535000437,0.20480883400895744,0.6080840504397261
2025-07-02,SPY,0.1542717597032881,0.20479489623385227,0.6556401657098191
2025-07-03,SPY,0.16097971362788588,0.20491780545002355,0.6879817657537269
2025-07-07,SPY,0.1446250541853913,0.20498780768112196,0.6079632520352499
2025-07-08,SPY,0.13891566845208003,0.20495470370646102,0.5802046320556404
2025-07-09,SPY,0.139176183318108,0.20496065692403986,0.5814588277899386
2025-07-10,SPY,0.14107230361476342,0.20497195631483353,0.5906774067609442
2025-07-11,SPY,0.13595649528842468,0.20501302916951805,0.5656054922857822
2025-07-14,SPY,0.12697227343990813,0.2048044653752296,0.52231416558189
2025-07-15,SPY,0.13191650611013417,0.2046548834979551,0.5468548035466372
2025-07-16,SPY,0.12858215238313653,0.20459296160121826,0.5307228143790161
2025-07-17,SPY,0.13237480034426574,0.20465688274016597,0.5490887911497103
2025-07-18,SPY,0.12487464938884285,0.20459030256088062,0.5126081152240094
2025-07-21,SPY,0.14303407392715917,0.20407075721403897,0.6028990905253282
2025-07-22,SPY,0.15205088395853683,0.20390129016889552,0.6476216204868368
2025-07-23,SPY,0.16961917874883814,0.20392070103829707,0.733712555846594
2025-07-24,SPY,0.15806685665834697,0.20369276270782563,0.6778191567679229
2025-07-25,SPY,0.1647858976339247,0.20371139802159713,0.7107402876817661
2025-07-28,SPY,0.19149551691134126,0.20236072193201182,0.8474743283874996
2025-07-29,SPY,0.1945771231572595,0.20230065756978644,0.8629587528505027
2025-07-30,SPY,0.17985879669981997,0.20204023656594192,0.791222577328775
2025-07-31,SPY,0.1747423224907747,0.20209002810498897,0.7657098370553129
2025-08-01,SPY,0.16137182704734765,0.202731760566656,0.6973343823986875
2025-08-04,SPY,0.16016661051729386,0.20265311692086116,0.6916578074248464
2025-08-05,SPY,0.1708647391482636,0.2021885506640376,0.7461586655267384
2025-08-06,SPY,0.2022167111691031,0.2013729894458547,0.9048716596527345
2025-08-07,SPY,0.2372430635715863,0.19912555049730615,1.0909853759551829
2025-08-08,SPY,0.23549970979646218,0.1990711322593045,1.0825261671579698
2025-08-11,SPY,0.24135357665458135,0.19894630959574888,1.1126297195678732
2025-08-12,SPY,0.2262221054739837,0.19793861511446204,1.0418487840522253
2025-08-13,SPY,0.2250178182909519,0.19792344365202313,1.0358440339760948
2025-08-14,SPY,0.22448838277675143,0.19792469858428657,1.0331625322125713
2025-08-15,SPY,0.20185609714263864,0.19733211368231734,0.921573755782126
2025-08-18,SPY,0.1978157314401816,0.19732063240642966,0.9011512342709658
2025-08-19,SPY,0.17124217812970777,0.19673309830134814,0.7687683436878571
2025-08-20,SPY,0.16551712399833263,0.1967556198392965,0.7395830630768576
2025-08-21,SPY,0.14984699578502014,0.1966088692649926,0.6604330530481323
2025-08-22,SPY,0.16940641812416546,0.19714597586256838,0.7578466538333888
2025-08-25,SPY,0.1602724773654427,0.19719242470347428,0.7113482050660705
2025-08-26,SPY,0.17434749598393662,0.19703790112986075,0.7833391195240739
2025-08-27,SPY,0.16464848250223896,0.19679300555374624,0.7350285753054061
2025-08-28,SPY,0.17156589124486166,0.1967895703887875,0.7701927035331211
2025-08-29,SPY,0.16298201589572758,0.1969012742699294,0.7261609475402145
2025-09-02,SPY,0.16110432244947992,0.19696084651140236,0.7164079813259291
2025-09-03,SPY,0.16729260500534848,0.19701721947311723,0.7476128502841164
2025-09-04,SPY,0.16591845690368756,0.19696716330484923,0.7408263106162891
2025-09-05,SPY,0.18696789307500428,0.19584110207267927,0.8525681856765709
2025-09-08,SPY,0.19232475528498094,0.1958281846309298,0.8799793329532983
2025-09-09,SPY,0.19799476295636764,0.19580768600784998,0.9090284788373005
2025-09-10,SPY,0.2220249758397952,0.19501728536080842,1.0359336889856794
2025-09-11,SPY,0.21853693677211528,0.19488516401852599,1.01873807466043
2025-09-12,SPY,0.21284653702347867,0.19485711166749395,0.9896818000286993
2025-09-15,SPY,0.2069219196375791,0.1946800328009916,0.9601494151619386
2025-09-16,SPY,0.19519284905033518,0.19454241536654507,0.9005380586040705
2025-09-17,SPY,0.18750589909160342,0.19450166395639024,0.8612054811477623
2025-09-18,SPY,0.19129508488437663,0.19453979920437628,0.8805143501994694
2025-09-19,SPY,0.19670654426829093,0.1945844211978798,0.9081227735523173
2025-09-22,SPY,0.20594468700819069,0.19458762422514045,0.9555833149648316
2025-09-23,SPY,0.179256767588458,0.1940017120636649,0.820903928601389
2025-09-24,SPY,0.17754026779942356,0.19402562588374161,0.8119559830402003
2025-09-25,SPY,0.16918616767812278,0.19409059049076047,0.768641938287187
2025-09-26,SPY,0.1725296622393857,0.19414392046305393,0.7856525297088172
2025-09-29,SPY,0.17842398645123603,0.19413320680380824,0.8160581543957078
2025-09-30,SPY,0.17819187695877936,0.19412999482975482,0.8148760169571327
2025-10-01,SPY,0.18392357504341095,0.19413613424977394,0.844374364807884
2025-10-02,SPY,0.18055626724520968,0.19410893840472568,0.8271451514017495
2025-10-03,SPY,0.19121037129346496,0.19386652592798365,0.8831352935940326
2025-10-06,SPY,0.1949780067842779,0.19388667838601018,0.9024756535150554
2025-10-07,SPY,0.19272812877466006,0.19392117071845177,0.8907131085003543
2025-10-08,SPY,0.1890350346036791,0.1938118142303805,0.8721606331116137
2025-10-09,SPY,0.1964066544589882,0.19359714000781295,0.9112048579429893
2025-10-10,SPY,0.153164103830304,0.1953859728279081,0.6815438278549923
2025-10-13,SPY,0.16280437177885343,0.19583867693039245,0.7291939162232537
2025-10-14,SPY,0.16341986380813434,0.1958328241128808,0.732358655694334
2025-10-15,SPY,0.16162879562577936,0.1957967649859979,0.7233459431053814
2025-10-16,SPY,0.1443587681546623,0.19579337640276936,0.6351530906686144
2025-10-17,SPY,0.1598662985637096,0.19567727008229152,0.7147805082567292
2025-10-20,SPY,0.16685796585881896,0.1958852145424044,0.7497143988222131
2025-10-21,SPY,0.16674030963848252,0.19588555146750536,0.7491124717425862
2025-10-22,SPY,0.15622704145699795,0.195947916162554,0.6952206694762044
2025-10-23,SPY,0.16499667545740748,0.19600523372883447,0.739759202848658
2025-10-24,SPY,0.1751418860527083,0.19614437534752982,0.7909576085361967
2025-10-27,SPY,0.1999703852631578,0.19620574062948493,0.9172534131048389
2025-10-28,SPY,0.20056094948906344,0.19620980258570137,0.920244284992832
2025-10-29,SPY,0.20155255656667248,0.19620669731968532,0.9253127393040187
2025-10-30,SPY,0.18467542328167497,0.1965473816236644,0.8378408398082062
2025-10-31,SPY,0.18664089894377534,0.19656179115422445,0.8477786957742318
2025-11-03,SPY,0.19247551037174881,0.19652826784035632,0.8776117159484355
2025-11-04,SPY,0.2019015543553382,0.19587322928384776,0.9286698086328957
2025-11-05,SPY,0.20099781981889375,0.19586146542471713,0.9241114347143671
2025-11-06,SPY,0.1906763365611306,0.19617887847382587,0.8700036308134068
2025-11-07,SPY,0.1776093311465059,0.19584935918234903,0.8047477500284336
2025-11-10,SPY,0.16696772741222587,0.1949199711759731,0.7539900941168513
2025-11-11,SPY,0.16066477446235639,0.1947984207395002,0.7221042856936937
2025-11-12,SPY,0.15630201576328195,0.1947636690564109,0.6998328611472387
2025-11-13,SPY,0.13603171916558732,0.19552526685711655,0.5934359330161635
2025-11-14,SPY,0.13938502628316463,0.19549169225467958,0.6106910473087218
2025-11-17,SPY,0.1282219611853348,0.19574266039552862,0.5528787693324256
2025-11-18,SPY,0.1259879923453877,0.19582300389322965,0.5412438285502785
2025-11-19,SPY,0.14500382560352554,0.1953907192028576,0.6397633731709881
2025-11-20,SPY,0.12295034830059803,0.19600053586721208,0.5252554430276946
2025-11-21,SPY,0.1300053720704919,0.1962026432503473,0.5606722225965586
2025-11-24,SPY,0.1462490043515845,0.19671261301954657,0.6417941504291829
2025-11-25,SPY,0.15085258528738632,0.1968519081992585,0.6647260190891013
2025-11-26,SPY,0.15521677044854876,0.1969364865137306,0.6866009079486717
2025-11-28,SPY,0.15759600052706246,0.19697622649291172,0.6985411538077867
2025-12-01,SPY,0.1463255235533707,0.19699166261359713,0.6412734522737676
2025-12-02,SPY,0.15193917868549933,0.1969613931456917,0.6698733014540792
2025-12-03,SPY,0.14879182257011858,0.1969024501265311,0.6540894868873187
2025-12-04,SPY,0.1475748166326576,0.19689900099173444,0.6479200808033202
2025-12-05,SPY,0.14922120439706466,0.19690307581695624,0.6562680844924457
2025-12-08,SPY,0.13869806477233193,0.19685642075926255,0.6029677077055507
2025-12-09,SPY,0.13959058627504461,0.1968490483615966,0.6075243302947844
2025-12-10,SPY,0.14497809057726152,0.19693744866238985,0.6346080515723124
2025-12-11,SPY,0.15358296733340082,0.19685969900512912,0.6785693974362949
2025-12-12,SPY,0.14473875920049606,0.19715409100056677,0.6326967833507318
2025-12-15,SPY,0.13424077213510244,0.19703566619915666,0.5797974262163882
2025-12-16,SPY,0.1370002555134633,0.19697987510251586,0.5939706046243144
2025-12-17,SPY,0.12471267063604352,0.19731910936574693,0.5306767852978198
2025-12-18,SPY,0.12838727731158617,0.1974085986878647,0.5490504366679801
2025-12-19,SPY,0.1433249108298016,0.1975352770945547,0.6243184136207192
2025-12-22,SPY,0.18578842158441589,0.1952388259831763,0.8491570298558436
2025-12-23,SPY,0.19157394697452634,0.19527321024874297,0.8786353578966207
2025-12-24,SPY,0.1815734951164032,0.19496681280285819,0.8287230672421114
2025-12-26,SPY,0.17442099471125916,0.19489721960691941,0.7923201522459111
2025-12-29,SPY,0.15737158778998062,0.1946632512464926,0.7056883459530513
2025-12-30,SPY,0.15588144021146522,0.19467141246550054,0.6980040802629199
2025-12-31,SPY,0.15952316215312523,0.19451663694986407,0.717281381895816
2026-01-02,SPY,0.17505783265611208,0.19414186097880098,0.7986831478505472
2026-01-05,SPY,0.18720293554130518,0.19418321501046354,0.8610576126896214
2026-01-06,SPY,0.19720520753086368,0.1942255124041686,0.9123683358451543
2026-01-07,SPY,0.1786094902858546,0.19390959097305435,0.817955880830541
2026-01-08,SPY,0.17173988641524374,0.19384537555440906,0.7827882712252425
2026-01-09,SPY,0.1929743630631724,0.1935590281088035,0.893651744138434
2026-01-12,SPY,0.1931048354823912,0.1935594495319486,0.8943238674266784
2026-01-13,SPY,0.2091802872651014,0.1929091161056653,0.9806705410514585
2026-01-14,SPY,0.20137426317361018,0.1929930970028676,0.939796635166258
2026-01-15,SPY,0.20299060039134154,0.19300182835983626,0.948128843889346
2026-01-16,SPY,0.18050936076203694,0.19221756411688873,0.8350400313284075
2026-01-20,SPY,0.15870615668617538,0.19335364126892174,0.7173702847067613
2026-01-21,SPY,0.16042832524894313,0.19343258642924485,0.7259807038785061
2026-01-22,SPY,0.15590895142065997,0.19329928366624796,0.7031011643856965
2026-01-23,SPY,0.14986411669299238,0.19323496151387357,0.6720529022056323
2026-01-26,SPY,0.14942987125218843,0.19322580435110226,0.6698374044131653
2026-01-27,SPY,0.15738809719278346,0.19322196943429143,0.711037660960726
2026-01-28,SPY,0.1738764903224228,0.19265161742173284,0.798729293746714
2026-01-29,SPY,0.161566650023532,0.19250737179427635,0.7353830074352564
2026-01-30,SPY,0.16331718707464815,0.1924729205688097,0.7446096139192308
2026-02-02,SPY,0.1628593403612253,0.19246363834014507,0.7422666514739109
2026-02-03,SPY,0.15919595257149677,0.19258707416015897,0.7227689250616002
2026-02-04,SPY,0.16139653715431534,0.19252366824892697,0.7344371652606064
2026-02-05,SPY,0.13924914049057935,0.1928756192541207,0.6182696441973012
2026-02-06,SPY,0.1564165514647997,0.19373997920446548,0.7041218442623611
2026-02-09,SPY,0.15796814925265545,0.19376436803732838,0.7120408703114915
2026-02-10,SPY,0.16558348356398378,0.1935426235507412,0.7522037311115403
2026-02-11,SPY,0.15745356465415639,0.1934474298623692,0.7105473810220668
2026-02-12,SPY,0.13870631083295537,0.19411638320969085,0.611521340291638
2026-02-13,SPY,0.14319130212270936,0.19407870269900188,0.6347492043666825
2026-02-17,SPY,0.1330733979048404,0.19382413341999277,0.5833814185554718
2026-02-18,SPY,0.13883737894031078,0.1938745827649158,0.6129600757640727
2026-02-19,SPY,0.13250907104757426,0.19388697234205085,0.5802817470845251
2026-02-20,SPY,0.1380192494503092,0.19399342318563764,0.6083672709737862
2026-02-23,SPY,0.13110418869052354,0.19423630510945064,0.572005262496716
2026-02-24,SPY,0.1591519676538804,0.19353851858707838,0.7189884921603967
2026-02-25,SPY,0.17427656162471128,0.19362331595602686,0.7967871062581561
2026-02-26,SPY,0.17359070905044227,0.19364131654518532,0.7931711671388197
2026-02-27,SPY,0.16736591240710164,0.19371962565268488,0.7607175158974875
2026-03-02,SPY,0.18697609824324313,0.19299717066373842,0.8651738140460508
2026-03-03,SPY,0.15843560903829546,0.19265503484360272,0.7185673042527928
2026-03-04,SPY,0.1874121138499396,0.19189312825551963,0.8724237046519886
2026-03-05,SPY,0.19493600703300396,0.19158256497715806,0.9131102668651564
2026-03-06,SPY,0.1667339575198843,0.19182131118809786,0.7649512799753443
2026-03-09,SPY,0.1982243697362429,0.19109392127889394,0.9326532657003337
2026-03-10,SPY,0.18963082237762996,0.19104753488470508,0.8878985142624329
2026-03-11,SPY,0.22065058824793393,0.1890691012141672,1.061255313318742
2026-03-12,SPY,0.21219173396605107,0.18952822067308128,1.0140533862635903
2026-03-13,SPY,0.19896812041491097,0.18958566956113082,0.9439960352974027
2026-03-16,SPY,0.2275336876895575,0.18928490928535005,1.0964090506375082
2026-03-17,SPY,0.20585474779980295,0.1882499724407916,0.9872763612661776
2026-03-18,SPY,0.17992997205932082,0.18869896131224934,0.8475402882301877
2026-03-19,SPY,0.18988299154181165,0.18837107545244644,0.9018528515260188
2026-03-20,SPY,0.1601896346763092,0.18869776041341366,0.7429321597096379
2026-03-23,SPY,0.1757715931300412,0.18891981168158864,0.8245381558636292
2026-03-24,SPY,0.1714382979545368,0.18896327433951213,0.8014165635299385
2026-03-25,SPY,0.1572419058889265,0.18823651246943535,0.7290929059855537
2026-03-26,SPY,0.13384958536281966,0.18913527708787056,0.6019479132384497
2026-03-27,SPY,0.12798128042021895,0.1895434645633936,0.5696913933115544
2026-03-30,SPY,0.12720367626185225,0.1895563795958197,0.5655503470283435
2026-03-31,SPY,0.1838088786075296,0.19054980049020578,0.8596643931723735
2026-04-01,SPY,0.18477511728679352,0.19057742567834488,0.8646098387586562
2026-04-02,SPY,0.18250204999969388,0.190566049923091,0.8527334751666247
2026-04-06,SPY,0.18062010752817192,0.19052559115635953,0.8430369198873399
2026-04-07,SPY,0.24236428842108615,0.18379116952212127,1.2098747126929958
2026-04-08,SPY,0.3532288433202293,0.17551354445947692,1.8985933213670934
2026-04-09,SPY,0.3634643147205254,0.17554456222948045,1.9565648195444074
2026-04-10,SPY,0.3842430666092258,0.1747291096037742,2.084615822945612
2026-04-13,SPY,0.2649286469437069,0.14062444863488194,1.7417216516854828
2026-04-14,SPY,0.3390159253611209,0.13369639370375916,2.3861221422919434
2026-04-15,SPY,0.3259237423525272,0.13281971874371926,2.3033006337170367
2026-04-16,SPY,0.3164111328169863,0.13254901255596346,2.236237955313614
2026-04-17,SPY,0.3360628994072803,0.13294158251456184,2.377457026078805
2026-04-20,SPY,0.3637036389002988,0.13088793030781168,2.6259383740884608
2026-04-21,SPY,0.3528453301988823,0.13112073830901558,2.53846442974152
2026-04-22,SPY,0.3998658010420393,0.12898887683798008,2.944950063556099
2026-04-23,SPY,0.35907324349633307,0.1266973890806066,2.6762449167804876
2026-04-24,SPY,0.348706426782295,0.12605815338695267,2.6075776770526367
2026-04-27,SPY,0.32317833993890543,0.12447744266062778,2.435608681048207
2026-04-28,SPY,0.3072941571073131,0.12447147465974151,2.308112424092893
2026-04-29,SPY,0.3065938524553822,0.12447571053594798,2.302407845043915
2026-04-30,SPY,0.3113333835791232,0.12468236521011833,2.336604563830336
2026-05-01,SPY,0.314442980205772,0.12469137012535271,2.361374166550318
2026-05-04,SPY,0.30041166903561023,0.12463796224276565,2.2498094801119564
2026-05-05,SPY,0.2916701430736248,0.12406663018960022,2.1897116304235476
2026-05-06,SPY,0.3171768455307722,0.12454189348897028,2.386159686556322
2026-05-07,SPY,0.3242062758484221,0.12424943940876522,2.448351294750081
2026-05-08,SPY,0.3295477495015948,0.12441551366559828,2.4880156853556987
2026-05-11,SPY,0.3233550545008168,0.12428409384847187,2.440819618242296
2026-05-12,SPY,0.32303607511584387,0.12428902735382857,2.4381563004202653
2026-05-13,SPY,0.28787734819945165,0.12017760912203519,2.229012127603851
2026-05-14,SPY,0.28952811771270115,0.1202445665630928,2.2414993493388216
2026-05-15,SPY,0.27238985550861483,0.12095218621181127,2.086691141461719
2026-05-18,SPY,0.265314294375677,0.12090039781548799,2.02906110160252
2026-05-19,SPY,0.24897537088152633,0.1210191256145955,1.8920593725882182
2026-05-20,SPY,0.26039746518606144,0.1213787310843885,1.9805567502507935
2026-05-21,SPY,0.26715732154470495,0.12130584424508482,2.0374724984012427
2026-05-22,SPY,0.2939431582126426,0.12001410191049754,2.2825914109405256
2026-05-26,SPY,0.3020191270299264,0.12014214870857375,2.347378751432307
2026-05-27,SPY,0.3107407612058277,0.11988673923081548,2.425128609479239
2026-05-28,SPY,0.2911279898096848,0.11833130230165335,2.291261775506518
2026-05-29,SPY,0.30187651975564256,0.11814115512295464,2.385929945092219
2026-06-01,SPY,0.3002891353338868,0.11811761535809916,2.372966424052242
2026-06-02,SPY,0.3035126998012161,0.11809750645630698,2.400666265600692
2026-06-03,SPY,0.28711549325778996,0.11828523290595347,2.258231959268904
2026-06-04,SPY,0.28465315590333273,0.11822455441773899,2.2385633611119187
2026-06-05,SPY,0.2518331984179123,0.12122529178801449,1.9124160890725412
2026-06-08,SPY,0.26076064406794974,0.1210947828985986,1.9881999728225783
2026-06-09,SPY,0.24428204284287292,0.1207939904640423,1.8567317958556617
2026-06-10,SPY,0.2235626531594479,0.12193774242150168,1.669398244686159
2026-06-11,SPY,0.23734396959535942,0.12291128865077088,1.768299494547658
2026-06-12,SPY,0.2475940676724102,0.122937354101535,1.851301171525445
2026-06-15,SPY,0.2645682308416828,0.12403337739747884,1.971793689515819
2026-06-16,SPY,0.27124198930449483,0.1236295937860209,2.0322156015439674
2026-06-17,SPY,0.24353558764472694,0.1240623425847293,1.8018004737582773
2026-06-18,SPY,0.2672939922752062,0.12406119993133252,1.9933225892711233
2026-06-22,SPY,0.2634961383661525,0.12412456339149866,1.9617079143162541
2026-06-23,SPY,0.2480787864482854,0.1250437874417539,1.8239913482669086
2026-06-24,SPY,0.23529876299472807,0.12472648883977369,1.7261671117135788
2026-06-25,SPY,0.223567325503075,0.12430874433708937,1.6375945762195079
2026-06-26,SPY,0.21403917140042017,0.12456973166282534,1.55767511746456
2026-06-29,SPY,0.2244602303758063,0.12535731737221853,1.6310195101631813
2026-06-30,SPY,0.22789416073155633,0.12548223918924095,1.656761642721638
2026-07-01,SPY,0.22039860690043866,0.12543903114191654,1.5975777640829827
2026-07-02,SPY,0.21918946546292895,0.1254520209915696,1.5877740660416664
2026-07-06,SPY,0.22427984500974096,0.12564668816200356,1.625827532726936
2026-07-07,SPY,0.20893409653389594,0.12557042122370532,1.5046066955314854
2026-07-08,SPY,0.2142477195261281,0.12535873777439518,1.549534743048471
2026-07-09,SPY,0.22519771406833922,0.12558513082107786,1.6339331951701037
2026-07-10,SPY,0.22314373952601296,0.12552688215005045,1.6183285687218938
2026-07-13,SPY,0.2103655936075408,0.1257970687087459,1.513275273911894
2026-07-14,SPY,0.21894826924049848,0.12575275705411149,1.5820589059124242
2026-07-15,SPY,0.22144898684425907,0.12578745320866092,1.6015030251871623
2026-07-16,SPY,0.2200439282614206,0.12583926987661959,1.5896780747182955
2026-07-17,SPY,0.20394396874942577,0.12626864039933494,1.4567668438314365
2026-07-20,SPY,0.19468916462277175,0.1261763818682988,1.3844838632725256
2026-07-21,SPY,0.2055374115905797,0.12639631298237491,1.4679020867994117
2026-07-22,SPY,0.201856790427835,0.12640605249337203,1.4386715417552531
2026-07-23,SPY,0.18684499784060393,0.1270828934105994,1.3128832163234976
2026-07-24,SPY,0.17802856371372555,0.1268420876058108,1.2458685180650249
2026-07-27,SPY,0.1778937781475458,0.12684245737513417,1.2448022642810992
2026-07-28,SPY,0.17574781900753544,0.12680434480101438,1.2282530165030239
2026-07-29,SPY,0.15794686735014163,0.12781464340995186,1.0792727943361837
2026-07-30,SPY,0.1804743502526105,0.1287880897864902,1.2460340899430296
2026-07-31,SPY,0.19047267037030613,0.12893717316529166,1.3221374890216326
2026-08-03,SPY,0.21197501510616568,0.12956408861485597,1.481699266814845
2026-08-04,SPY,0.25438562011707044,0.12955198253238098,1.8092013378373946
2026-08-05,SPY,0.23313770891423347,0.12878976034938666,1.6549274440454265
2026-08-06,SPY,0.2374412423384018,0.12867587560927474,1.6898368968450914
2026-08-07,SPY,0.23554453140688159,0.1286034031908241,1.6760406494612947
2026-08-10,SPY,0.23621255635774974,0.12859732585452138,1.6813145601670214
2026-08-11,SPY,0.2227282465187963,0.12847295693281366,1.5779838135493003
2026-08-12,SPY,0.2282196928343574,0.12845277007028688,1.6209825036892829
2026-08-13,SPY,0.22376128217384994,0.12822402539354671,1.5891037701278163
2026-08-14,SPY,0.2171720467808529,0.12822832773120585,1.5376637149489145
2026-08-17,SPY,0.2113052445105852,0.12834604058083718,1.4905426271416136
2026-08-18,SPY,0.20594543260156817,0.12853007944045783,1.4467075210025704
2026-08-19,SPY,0.20873846759530723,0.12853296293085806,1.4684051724290805
2026-08-20,SPY,0.20512310797048472,0.1287115693214692,1.4382786951196471
2026-08-21,SPY,0.21327723911537144,0.12870790135468196,1.5016734565716752
2026-08-24,SPY,0.21458493263932765,0.12867207753341972,1.5122545339239475
2026-08-25,SPY,0.20003800364028135,0.1278633805713077,1.4080497702770856
2026-08-26,SPY,0.20561034656847466,0.1277597058313359,1.452808186749516
2026-08-27,SPY,0.20845059186684645,0.1278450213301359,1.4740549917873453
2026-08-28,SPY,0.20296712734329136,0.12787253498645965,1.4308555575492865
2026-08-31,SPY,0.19513823165128175,0.12789698931604074,1.3693694635649727
2026-09-01,SPY,0.1940482249528388,0.12794790149065577,1.3603054284211908
2026-09-02,SPY,0.2082999083489625,0.1277388845314368,1.4741001460884176
2018-02-01,Maximum Sharpe,,,
2018-02-02,Maximum Sharpe,,,
2018-02-05,Maximum Sharpe,,,
2018-02-06,Maximum Sharpe,,,
2018-02-07,Maximum Sharpe,,,
2018-02-08,Maximum Sharpe,,,
2018-02-09,Maximum Sharpe,,,
2018-02-12,Maximum Sharpe,,,
2018-02-13,Maximum Sharpe,,,
2018-02-14,Maximum Sharpe,,,
2018-02-15,Maximum Sharpe,,,
2018-02-16,Maximum Sharpe,,,
2018-02-20,Maximum Sharpe,,,
2018-02-21,Maximum Sharpe,,,
2018-02-22,Maximum Sharpe,,,
2018-02-23,Maximum Sharpe,,,
2018-02-26,Maximum Sharpe,,,
2018-02-27,Maximum Sharpe,,,
2018-02-28,Maximum Sharpe,,,
2018-03-01,Maximum Sharpe,,,
2018-03-02,Maximum Sharpe,,,
2018-03-05,Maximum Sharpe,,,
2018-03-06,Maximum Sharpe,,,
2018-03-07,Maximum Sharpe,,,
2018-03-08,Maximum Sharpe,,,
2018-03-09,Maximum Sharpe,,,
2018-03-12,Maximum Sharpe,,,
2018-03-13,Maximum Sharpe,,,
2018-03-14,Maximum Sharpe,,,
2018-03-15,Maximum Sharpe,,,
2018-03-16,Maximum Sharpe,,,
2018-03-19,Maximum Sharpe,,,
2018-03-20,Maximum Sharpe,,,
2018-03-21,Maximum Sharpe,,,
2018-03-22,Maximum Sharpe,,,
2018-03-23,Maximum Sharpe,,,
2018-03-26,Maximum Sharpe,,,
2018-03-27,Maximum Sharpe,,,
2018-03-28,Maximum Sharpe,,,
2018-03-29,Maximum Sharpe,,,
2018-04-02,Maximum Sharpe,,,
2018-04-03,Maximum Sharpe,,,
2018-04-04,Maximum Sharpe,,,
2018-04-05,Maximum Sharpe,,,
2018-04-06,Maximum Sharpe,,,
2018-04-09,Maximum Sharpe,,,
2018-04-10,Maximum Sharpe,,,
2018-04-11,Maximum Sharpe,,,
2018-04-12,Maximum Sharpe,,,
2018-04-13,Maximum Sharpe,,,
2018-04-16,Maximum Sharpe,,,
2018-04-17,Maximum Sharpe,,,
2018-04-18,Maximum Sharpe,,,
2018-04-19,Maximum Sharpe,,,
2018-04-20,Maximum Sharpe,,,
2018-04-23,Maximum Sharpe,,,
2018-04-24,Maximum Sharpe,,,
2018-04-25,Maximum Sharpe,,,
2018-04-26,Maximum Sharpe,,,
2018-04-27,Maximum Sharpe,,,
2018-04-30,Maximum Sharpe,,,
2018-05-01,Maximum Sharpe,,,
2018-05-02,Maximum Sharpe,,,
2018-05-03,Maximum Sharpe,,,
2018-05-04,Maximum Sharpe,,,
2018-05-07,Maximum Sharpe,,,
2018-05-08,Maximum Sharpe,,,
2018-05-09,Maximum Sharpe,,,
2018-05-10,Maximum Sharpe,,,
2018-05-11,Maximum Sharpe,,,
2018-05-14,Maximum Sharpe,,,
2018-05-15,Maximum Sharpe,,,
2018-05-16,Maximum Sharpe,,,
2018-05-17,Maximum Sharpe,,,
2018-05-18,Maximum Sharpe,,,
2018-05-21,Maximum Sharpe,,,
2018-05-22,Maximum Sharpe,,,
2018-05-23,Maximum Sharpe,,,
2018-05-24,Maximum Sharpe,,,
2018-05-25,Maximum Sharpe,,,
2018-05-29,Maximum Sharpe,,,
2018-05-30,Maximum Sharpe,,,
2018-05-31,Maximum Sharpe,,,
2018-06-01,Maximum Sharpe,,,
2018-06-04,Maximum Sharpe,,,
2018-06-05,Maximum Sharpe,,,
2018-06-06,Maximum Sharpe,,,
2018-06-07,Maximum Sharpe,,,
2018-06-08,Maximum Sharpe,,,
2018-06-11,Maximum Sharpe,,,
2018-06-12,Maximum Sharpe,,,
2018-06-13,Maximum Sharpe,,,
2018-06-14,Maximum Sharpe,,,
2018-06-15,Maximum Sharpe,,,
2018-06-18,Maximum Sharpe,,,
2018-06-19,Maximum Sharpe,,,
2018-06-20,Maximum Sharpe,,,
2018-06-21,Maximum Sharpe,,,
2018-06-22,Maximum Sharpe,,,
2018-06-25,Maximum Sharpe,,,
2018-06-26,Maximum Sharpe,,,
2018-06-27,Maximum Sharpe,,,
2018-06-28,Maximum Sharpe,,,
2018-06-29,Maximum Sharpe,,,
2018-07-02,Maximum Sharpe,,,
2018-07-03,Maximum Sharpe,,,
2018-07-05,Maximum Sharpe,,,
2018-07-06,Maximum Sharpe,,,
2018-07-09,Maximum Sharpe,,,
2018-07-10,Maximum Sharpe,,,
2018-07-11,Maximum Sharpe,,,
2018-07-12,Maximum Sharpe,,,
2018-07-13,Maximum Sharpe,,,
2018-07-16,Maximum Sharpe,,,
2018-07-17,Maximum Sharpe,,,
2018-07-18,Maximum Sharpe,,,
2018-07-19,Maximum Sharpe,,,
2018-07-20,Maximum Sharpe,,,
2018-07-23,Maximum Sharpe,,,
2018-07-24,Maximum Sharpe,,,
2018-07-25,Maximum Sharpe,,,
2018-07-26,Maximum Sharpe,,,
2018-07-27,Maximum Sharpe,,,
2018-07-30,Maximum Sharpe,,,
2018-07-31,Maximum Sharpe,,,
2018-08-01,Maximum Sharpe,,,
2018-08-02,Maximum Sharpe,,,
2018-08-03,Maximum Sharpe,,,
2018-08-06,Maximum Sharpe,,,
2018-08-07,Maximum Sharpe,,,
2018-08-08,Maximum Sharpe,,,
2018-08-09,Maximum Sharpe,,,
2018-08-10,Maximum Sharpe,,,
2018-08-13,Maximum Sharpe,,,
2018-08-14,Maximum Sharpe,,,
2018-08-15,Maximum Sharpe,,,
2018-08-16,Maximum Sharpe,,,
2018-08-17,Maximum Sharpe,,,
2018-08-20,Maximum Sharpe,,,
2018-08-21,Maximum Sharpe,,,
2018-08-22,Maximum Sharpe,,,
2018-08-23,Maximum Sharpe,,,
2018-08-24,Maximum Sharpe,,,
2018-08-27,Maximum Sharpe,,,
2018-08-28,Maximum Sharpe,,,
2018-08-29,Maximum Sharpe,,,
2018-08-30,Maximum Sharpe,,,
2018-08-31,Maximum Sharpe,,,
2018-09-04,Maximum Sharpe,,,
2018-09-05,Maximum Sharpe,,,
2018-09-06,Maximum Sharpe,,,
2018-09-07,Maximum Sharpe,,,
2018-09-10,Maximum Sharpe,,,
2018-09-11,Maximum Sharpe,,,
2018-09-12,Maximum Sharpe,,,
2018-09-13,Maximum Sharpe,,,
2018-09-14,Maximum Sharpe,,,
2018-09-17,Maximum Sharpe,,,
2018-09-18,Maximum Sharpe,,,
2018-09-19,Maximum Sharpe,,,
2018-09-20,Maximum Sharpe,,,
2018-09-21,Maximum Sharpe,,,
2018-09-24,Maximum Sharpe,,,
2018-09-25,Maximum Sharpe,,,
2018-09-26,Maximum Sharpe,,,
2018-09-27,Maximum Sharpe,,,
2018-09-28,Maximum Sharpe,,,
2018-10-01,Maximum Sharpe,,,
2018-10-02,Maximum Sharpe,,,
2018-10-03,Maximum Sharpe,,,
2018-10-04,Maximum Sharpe,,,
2018-10-05,Maximum Sharpe,,,
2018-10-08,Maximum Sharpe,,,
2018-10-09,Maximum Sharpe,,,
2018-10-10,Maximum Sharpe,,,
2018-10-11,Maximum Sharpe,,,
2018-10-12,Maximum Sharpe,,,
2018-10-15,Maximum Sharpe,,,
2018-10-16,Maximum Sharpe,,,
2018-10-17,Maximum Sharpe,,,
2018-10-18,Maximum Sharpe,,,
2018-10-19,Maximum Sharpe,,,
2018-10-22,Maximum Sharpe,,,
2018-10-23,Maximum Sharpe,,,
2018-10-24,Maximum Sharpe,,,
2018-10-25,Maximum Sharpe,,,
2018-10-26,Maximum Sharpe,,,
2018-10-29,Maximum Sharpe,,,
2018-10-30,Maximum Sharpe,,,
2018-10-31,Maximum Sharpe,,,
2018-11-01,Maximum Sharpe,,,
2018-11-02,Maximum Sharpe,,,
2018-11-05,Maximum Sharpe,,,
2018-11-06,Maximum Sharpe,,,
2018-11-07,Maximum Sharpe,,,
2018-11-08,Maximum Sharpe,,,
2018-11-09,Maximum Sharpe,,,
2018-11-12,Maximum Sharpe,,,
2018-11-13,Maximum Sharpe,,,
2018-11-14,Maximum Sharpe,,,
2018-11-15,Maximum Sharpe,,,
2018-11-16,Maximum Sharpe,,,
2018-11-19,Maximum Sharpe,,,
2018-11-20,Maximum Sharpe,,,
2018-11-21,Maximum Sharpe,,,
2018-11-23,Maximum Sharpe,,,
2018-11-26,Maximum Sharpe,,,
2018-11-27,Maximum Sharpe,,,
2018-11-28,Maximum Sharpe,,,
2018-11-29,Maximum Sharpe,,,
2018-11-30,Maximum Sharpe,,,
2018-12-03,Maximum Sharpe,,,
2018-12-04,Maximum Sharpe,,,
2018-12-06,Maximum Sharpe,,,
2018-12-07,Maximum Sharpe,,,
2018-12-10,Maximum Sharpe,,,
2018-12-11,Maximum Sharpe,,,
2018-12-12,Maximum Sharpe,,,
2018-12-13,Maximum Sharpe,,,
2018-12-14,Maximum Sharpe,,,
2018-12-17,Maximum Sharpe,,,
2018-12-18,Maximum Sharpe,,,
2018-12-19,Maximum Sharpe,,,
2018-12-20,Maximum Sharpe,,,
2018-12-21,Maximum Sharpe,,,
2018-12-24,Maximum Sharpe,,,
2018-12-26,Maximum Sharpe,,,
2018-12-27,Maximum Sharpe,,,
2018-12-28,Maximum Sharpe,,,
2018-12-31,Maximum Sharpe,,,
2019-01-02,Maximum Sharpe,,,
2019-01-03,Maximum Sharpe,,,
2019-01-04,Maximum Sharpe,,,
2019-01-07,Maximum Sharpe,,,
2019-01-08,Maximum Sharpe,,,
2019-01-09,Maximum Sharpe,,,
2019-01-10,Maximum Sharpe,,,
2019-01-11,Maximum Sharpe,,,
2019-01-14,Maximum Sharpe,,,
2019-01-15,Maximum Sharpe,,,
2019-01-16,Maximum Sharpe,,,
2019-01-17,Maximum Sharpe,,,
2019-01-18,Maximum Sharpe,,,
2019-01-22,Maximum Sharpe,,,
2019-01-23,Maximum Sharpe,,,
2019-01-24,Maximum Sharpe,,,
2019-01-25,Maximum Sharpe,,,
2019-01-28,Maximum Sharpe,,,
2019-01-29,Maximum Sharpe,,,
2019-01-30,Maximum Sharpe,,,
2019-01-31,Maximum Sharpe,,,
2019-02-01,Maximum Sharpe,-0.01764525737711964,0.12452560172627944,-0.3023093793986873
2019-02-04,Maximum Sharpe,-0.01040957479074145,0.12451419449913537,-0.24422576809869348
2019-02-05,Maximum Sharpe,0.009649592676812091,0.12364036498619849,-0.0837138205176221
2019-02-06,Maximum Sharpe,0.031191244348086844,0.12131156702716746,0.09225207968487117
2019-02-07,Maximum Sharpe,0.01393298220514061,0.120803436313161,-0.05022222860558161
2019-02-08,Maximum Sharpe,0.02329661718475906,0.12062558813006828,0.0273293356398344
2019-02-11,Maximum Sharpe,0.048213307333456745,0.11795795489372791,0.23918104852593464
2019-02-12,Maximum Sharpe,0.046949184309139635,0.11787790695583501,0.22861946742264952
2019-02-13,Maximum Sharpe,0.03556612082541766,0.11745333305239505,0.13253026049481054
2019-02-14,Maximum Sharpe,0.034470804460702054,0.11743461678547894,0.12322435119055458
2019-02-15,Maximum Sharpe,0.02980179628226365,0.11712867735705473,0.08368400039542732
2019-02-19,Maximum Sharpe,0.023403104528385787,0.11671575104854984,0.029157200273425048
2019-02-20,Maximum Sharpe,0.02409317901882435,0.11671304506668749,0.035070450063963206
2019-02-21,Maximum Sharpe,0.02277771957393493,0.11676428112983181,0.023789120671640535
2019-02-22,Maximum Sharpe,0.03303017185994461,0.11679946485575267,0.11156020171870543
2019-02-25,Maximum Sharpe,0.03246680624172016,0.11679549523428454,0.10674047159706387
2019-02-26,Maximum Sharpe,0.020511610399193136,0.11617039918108879,0.004403965233825419
2019-02-27,Maximum Sharpe,0.009685595663870172,0.11592446192738148,-0.08897521855733155
2019-02-28,Maximum Sharpe,0.01683196747367277,0.11553639169735283,-0.027420213491052062
2019-03-01,Maximum Sharpe,0.023518936924066258,0.11546038131950419,0.030477440693085778
2019-03-04,Maximum Sharpe,0.032002896297417927,0.1150485827755517,0.10432893659224277
2019-03-05,Maximum Sharpe,0.026924112428026614,0.11496862324750887,0.060226105457661425
2019-03-06,Maximum Sharpe,0.014862717545511828,0.1149420149779149,-0.044694557124957804
2019-03-07,Maximum Sharpe,0.005335663757937814,0.11499508446118609,-0.1275214180742812
2019-03-08,Maximum Sharpe,0.00680996872908346,0.11499563014637137,-0.11470028255967381
2019-03-11,Maximum Sharpe,0.01453128939815107,0.11545514837857686,-0.047366537383998285
2019-03-12,Maximum Sharpe,0.007991715347856143,0.11506549411172479,-0.10436043181185325
2019-03-13,Maximum Sharpe,0.01048376382196814,0.11512398314297938,-0.08266076206043946
2019-03-14,Maximum Sharpe,0.012996888633450387,0.11502862773879,-0.06088146493803665
2019-03-15,Maximum Sharpe,0.01963593697830146,0.11514613859311779,-0.0031617475509534794
2019-03-18,Maximum Sharpe,0.023333559196477616,0.11515312520864528,0.02894892509810358
2019-03-19,Maximum Sharpe,0.024659498508680988,0.11515059309579473,0.04046439000800207
2019-03-20,Maximum Sharpe,0.03795945128554701,0.11465524895323859,0.1566387186762959
2019-03-21,Maximum Sharpe,0.04684379525693916,0.11495029016466511,0.23352525007536473
2019-03-22,Maximum Sharpe,0.032089333724171665,0.1156998711935163,0.10448873969748325
2019-03-25,Maximum Sharpe,0.04929858851488955,0.11471401945251514,0.2554054740189576
2019-03-26,Maximum Sharpe,0.0664442274561956,0.11405584747563097,0.4072060177898272
2019-03-27,Maximum Sharpe,0.0411762539446876,0.11223808988353681,0.1886726152116542
2019-03-28,Maximum Sharpe,0.05847991123263707,0.1112221799784188,0.3459733592715373
2019-03-29,Maximum Sharpe,0.06870804923433083,0.1110809228414607,0.438491578827167
2019-04-01,Maximum Sharpe,0.06223509604545052,0.11069418053109949,0.3815475740712908
2019-04-02,Maximum Sharpe,0.07825717242986752,0.10991468234051768,0.5300217513196802
2019-04-03,Maximum Sharpe,0.07329467151616309,0.10981014728189459,0.4853346692938119
2019-04-04,Maximum Sharpe,0.06628838818859073,0.10954237342745794,0.4225614868500563
2019-04-05,Maximum Sharpe,0.06656125647675837,0.10954940708302835,0.42502518011319973
2019-04-08,Maximum Sharpe,0.08021658588102287,0.10880849804087463,0.5534180414695378
2019-04-09,Maximum Sharpe,0.07431105212441036,0.10874806681114735,0.4994208514872021
2019-04-10,Maximum Sharpe,0.06649038475699443,0.10822266803546676,0.42958084106518774
2019-04-11,Maximum Sharpe,0.06602590175634182,0.10823146158743614,0.425254367642067
2019-04-12,Maximum Sharpe,0.06471998930603196,0.10820440746967017,0.4132917535597339
2019-04-15,Maximum Sharpe,0.06554544013596475,0.10819701199872438,0.4209491490994383
2019-04-16,Maximum Sharpe,0.059684528307718754,0.1080994576755354,0.367111261805155
2019-04-17,Maximum Sharpe,0.049846784518925435,0.10768011627278735,0.27718009185014447
2019-04-18,Maximum Sharpe,0.05192992821344,0.10769024151280968,0.2964978791475916
2019-04-22,Maximum Sharpe,0.0578892211533093,0.10753234822550023,0.3523518436875746
2019-04-23,Maximum Sharpe,0.0761039261447709,0.10733309135855568,0.5227085648483819
2019-04-24,Maximum Sharpe,0.07915687333079569,0.10730033431950274,0.5513204940689865
2019-04-25,Maximum Sharpe,0.09094905491047056,0.10679427509300876,0.6643526054994984
2019-04-26,Maximum Sharpe,0.09523308829522747,0.10682249914729249,0.7042812974398973
2019-04-29,Maximum Sharpe,0.0840057356104198,0.10645546456795137,0.6012442467860767
2019-04-30,Maximum Sharpe,0.08060690444532859,0.10646034623365613,0.5692908823752111
2019-05-01,Maximum Sharpe,0.08389279208049483,0.10632708051316697,0.6009079885587819
2019-05-02,Maximum Sharpe,0.07816108547110234,0.10638770884332276,0.5466898958859637
2019-05-03,Maximum Sharpe,0.09257659930976003,0.10667563539520816,0.680348413589296
2019-05-06,Maximum Sharpe,0.08878224257613332,0.10670751445575757,0.6445866809563013
2019-05-07,Maximum Sharpe,0.06680431830697287,0.10672039238529234,0.4385695860074742
2019-05-08,Maximum Sharpe,0.06034938377180299,0.10671268442968887,0.3781123489437518
2019-05-09,Maximum Sharpe,0.058817590142899556,0.1067305624742013,0.36369704462376895
2019-05-10,Maximum Sharpe,0.055667768164189946,0.1066425446464716,0.3344609628589733
2019-05-13,Maximum Sharpe,0.028913336077100116,0.10764037877316349,0.08280662125765723
2019-05-14,Maximum Sharpe,0.03446443700690738,0.10780199585786183,0.13417596670453952
2019-05-15,Maximum Sharpe,0.04335637479953047,0.10803959564277747,0.216183471074402
2019-05-16,Maximum Sharpe,0.06010664688024625,0.10755671342264941,0.3728883637662411
2019-05-17,Maximum Sharpe,0.052560508909515136,0.10764796571488369,0.302472124700943
2019-05-20,Maximum Sharpe,0.046237322232330014,0.10793524007670131,0.24308392897153105
2019-05-21,Maximum Sharpe,0.053379792660181336,0.1080768155898307,0.30885248124688586
2019-05-22,Maximum Sharpe,0.047636834485700996,0.10801204400938816,0.2558680815567092
2019-05-23,Maximum Sharpe,0.042759301815275874,0.10819295788204947,0.21035843978022825
2019-05-24,Maximum Sharpe,0.03919514659475909,0.108104725503602,0.17756066171334495
2019-05-28,Maximum Sharpe,0.03356699720580347,0.10812160915671357,0.12547905373974969
2019-05-29,Maximum Sharpe,0.029762873539214363,0.10819993006257443,0.09022994315771068
2019-05-30,Maximum Sharpe,0.03639008138903499,0.10827996662641431,0.15136762505278348
2019-05-31,Maximum Sharpe,0.023569040758873783,0.10835157682920518,0.032939444568487165
2019-06-03,Maximum Sharpe,0.020679074657202534,0.10846667302805223,0.006260675636533148
2019-06-04,Maximum Sharpe,0.029378533470244994,0.1092005673061578,0.08588355996311879
2019-06-05,Maximum Sharpe,0.03136053051830978,0.10925127715915313,0.10398533375275962
2019-06-06,Maximum Sharpe,0.033775880502466604,0.1093349989395547,0.1259969875710387
2019-06-07,Maximum Sharpe,0.04312066293902572,0.10985673295118017,0.21046195638550838
2019-06-10,Maximum Sharpe,0.04642974799463184,0.10988475203550657,0.24052243377763383
2019-06-11,Maximum Sharpe,0.04689929443795071,0.10988576601077059,0.24479325589188816
2019-06-12,Maximum Sharpe,0.044099656331890724,0.10990010834878573,0.21928692058616153
2019-06-13,Maximum Sharpe,0.04642025565026464,0.10995721127340127,0.2402776074829002
2019-06-14,Maximum Sharpe,0.045937606601002656,0.10996217837664889,0.23587752610865573
2019-06-17,Maximum Sharpe,0.04149727650868629,0.10979835315524775,0.19578869710632665
2019-06-18,Maximum Sharpe,0.05531124923123487,0.11017697332673436,0.3204957276010651
2019-06-19,Maximum Sharpe,0.06001802783093435,0.11023279565989683,0.36303195969376184
2019-06-20,Maximum Sharpe,0.06832825941414344,0.11046894217722016,0.4374827753542953
2019-06-21,Maximum Sharpe,0.06470951073003284,0.11052184943080141,0.4045309679515072
2019-06-24,Maximum Sharpe,0.06977060222957343,0.11045939205959965,0.45057827407486656
2019-06-25,Maximum Sharpe,0.06094305458052096,0.11081426143965145,0.3694745969391152
2019-06-26,Maximum Sharpe,0.07241447904461107,0.11024931517548263,0.4754177290007064
2019-06-27,Maximum Sharpe,0.07540537909188116,0.11032527947229955,0.5022002151899586
2019-06-28,Maximum Sharpe,0.08411236551565549,0.11019632104217479,0.5818013243029968
2019-07-01,Maximum Sharpe,0.08653190704219771,0.1102861694103443,0.6032660976250875
2019-07-02,Maximum Sharpe,0.08976430052122764,0.11033220860501759,0.6323112842867078
2019-07-03,Maximum Sharpe,0.09360343696799878,0.11042585451861717,0.6665417015685366
2019-07-05,Maximum Sharpe,0.08931332770785705,0.11054133596987767,0.6270353718788492
2019-07-08,Maximum Sharpe,0.07680647600448465,0.11038005351877646,0.5146443962796362
2019-07-09,Maximum Sharpe,0.0696084260130918,0.11012677479471761,0.4504665291938736
2019-07-10,Maximum Sharpe,0.07107522564783597,0.1101771593834936,0.46357362935868085
2019-07-11,Maximum Sharpe,0.06813125533385533,0.11021425477206781,0.436706263027362
2019-07-12,Maximum Sharpe,0.07608581214761778,0.11016155855582493,0.50912326298648
2019-07-15,Maximum Sharpe,0.06967334123767244,0.10990810984863549,0.451953375470492
2019-07-16,Maximum Sharpe,0.06585591162953963,0.10996904740213825,0.4169892593672499
2019-07-17,Maximum Sharpe,0.0683804399569683,0.10993496097683582,0.4400823862316415
2019-07-18,Maximum Sharpe,0.06989198672131591,0.10995403875082291,0.45375310709941985
2019-07-19,Maximum Sharpe,0.06624138895982679,0.11004541929682878,0.42020276041748283
2019-07-22,Maximum Sharpe,0.07077888361339824,0.11010235302946496,0.461197079047067
2019-07-23,Maximum Sharpe,0.0775783579773941,0.11008474233066778,0.5230366784566994
2019-07-24,Maximum Sharpe,0.08496382398796931,0.11011553588828152,0.5899605669982736
2019-07-25,Maximum Sharpe,0.07702822186927838,0.11024043837178067,0.517307647824779
2019-07-26,Maximum Sharpe,0.07524344012614037,0.11015906502215106,0.5014879176310354
2019-07-29,Maximum Sharpe,0.08037645370021451,0.10998595651121126,0.5489469348212662
2019-07-30,Maximum Sharpe,0.08573386116921755,0.10978137917199134,0.5987705899215767
2019-07-31,Maximum Sharpe,0.08703700263344283,0.109707434075458,0.6110525070464599
2019-08-01,Maximum Sharpe,0.080913497947942,0.10955364478035326,0.5560152569096988
2019-08-02,Maximum Sharpe,0.07673037602504396,0.10969762571115434,0.5171522688596847
2019-08-05,Maximum Sharpe,0.05377608860316707,0.11090078427656372,0.30456131418274246
2019-08-06,Maximum Sharpe,0.06049968070704059,0.1112693001632966,0.3639789290271806
2019-08-07,Maximum Sharpe,0.06013756208425747,0.11126425240616984,0.36074085985618637
2019-08-08,Maximum Sharpe,0.07229958711790485,0.11190853476793153,0.4673422561233623
2019-08-09,Maximum Sharpe,0.06596518083767311,0.11206558189074317,0.410163228193347
2019-08-12,Maximum Sharpe,0.06189868141234389,0.11213450053238128,0.37364665837384037
2019-08-13,Maximum Sharpe,0.07501717230634775,0.11249190750787962,0.48907671249591006
2019-08-14,Maximum Sharpe,0.0631446281286856,0.1133984610215417,0.38046925628461253
2019-08-15,Maximum Sharpe,0.062309157456056585,0.11337847659107504,0.3731674540720287
2019-08-16,Maximum Sharpe,0.07858460424730951,0.11347861166662777,0.5162612001230386
2019-08-19,Maximum Sharpe,0.08210834863371574,0.11359780136173024,0.5467390027729825
2019-08-20,Maximum Sharpe,0.07750219699479066,0.11359897377208836,0.5061858843034649
2019-08-21,Maximum Sharpe,0.08046957771737029,0.1136753415195673,0.5319498222660846
2019-08-22,Maximum Sharpe,0.07659513555392627,0.11370726716312193,0.49772663582474586
2019-08-23,Maximum Sharpe,0.06000151675310805,0.11457260380123506,0.3491368392264543
2019-08-26,Maximum Sharpe,0.0696093682610337,0.11476073838825908,0.4322851957713538
2019-08-27,Maximum Sharpe,0.06265994645678807,0.11455235032713564,0.37240568469316343
2019-08-28,Maximum Sharpe,0.06126345403367672,0.11451438797371695,0.36033423191457303
2019-08-29,Maximum Sharpe,0.07081453172845009,0.1146772631911821,0.4431090376104945
2019-08-30,Maximum Sharpe,0.06470485296241546,0.11458967772071746,0.3901298428587251
2019-09-03,Maximum Sharpe,0.06174842878509579,0.1146676286735273,0.36408208025264605
2019-09-04,Maximum Sharpe,0.07054842685162233,0.11492434765413953,0.43984088562108614
2019-09-05,Maximum Sharpe,0.07980572709741862,0.11497588472009668,0.5201588771681367
2019-09-06,Maximum Sharpe,0.08556087285382175,0.11488661408813869,0.5706571942622033
2019-09-09,Maximum Sharpe,0.08372849035531771,0.11493275129922524,0.5544850326379275
2019-09-10,Maximum Sharpe,0.08281817564308547,0.11496537379608882,0.546409528094124
2019-09-11,Maximum Sharpe,0.08470287781989194,0.1150109440536502,0.5625801818452112
2019-09-12,Maximum Sharpe,0.08419173116375456,0.11500574744555221,0.5581610709859973
2019-09-13,Maximum Sharpe,0.07725130690054405,0.11514184365826713,0.4972241635322593
2019-09-16,Maximum Sharpe,0.07251926305878031,0.11506683903624369,0.4564239662674476
2019-09-17,Maximum Sharpe,0.07859125910813458,0.11507136414887269,0.5091732382031431
2019-09-18,Maximum Sharpe,0.08469508991788577,0.1149566052451205,0.5627783612776078
2019-09-19,Maximum Sharpe,0.08471583317233167,0.11495678060566986,0.5629579467288924
2019-09-20,Maximum Sharpe,0.08354103403650659,0.11496842059223605,0.5526824993262331
2019-09-23,Maximum Sharpe,0.07667276870230255,0.11480487927595143,0.4936442515311628
2019-09-24,Maximum Sharpe,0.07513228794291171,0.11485297441243529,0.4800249033597728
2019-09-25,Maximum Sharpe,0.07818699059212197,0.11486359473148783,0.5065746960831536
2019-09-26,Maximum Sharpe,0.07701364052141191,0.11486781301475012,0.49634130767415946
2019-09-27,Maximum Sharpe,0.07150724781629214,0.11498119438858102,0.4479623654127514
2019-09-30,Maximum Sharpe,0.07464607369680643,0.11506709493013034,0.4749061730461515
2019-10-01,Maximum Sharpe,0.06995838600989113,0.11514147126186865,0.4338869866989082
2019-10-02,Maximum Sharpe,0.06123823625343894,0.11540110613854629,0.35734697554744266
2019-10-03,Maximum Sharpe,0.06846871315194103,0.11562352079051912,0.41919423332346195
2019-10-04,Maximum Sharpe,0.08075219292078994,0.11594156838944666,0.5239897455649718
2019-10-07,Maximum Sharpe,0.08547210500533864,0.11565101302692127,0.5661178686787467
2019-10-08,Maximum Sharpe,0.08544545784919055,0.11565248893691339,0.5658802369993958
2019-10-09,Maximum Sharpe,0.09284630516682646,0.11564065463897354,0.6299368106679292
2019-10-10,Maximum Sharpe,0.08908897964085138,0.11564873845032697,0.597403660140454
2019-10-11,Maximum Sharpe,0.11768018666308566,0.11315652906988155,0.8632306722907854
2019-10-14,Maximum Sharpe,0.12750232702763298,0.11295086010495996,0.9517619160025527
2019-10-15,Maximum Sharpe,0.11609385153422513,0.11236928176967705,0.855161215065772
2019-10-16,Maximum Sharpe,0.12181229497975332,0.11222565736190439,0.907210502242191
2019-10-17,Maximum Sharpe,0.1055465624688936,0.11113259043164357,0.7697702549416622
2019-10-18,Maximum Sharpe,0.10425341085678941,0.11115838667525084,0.7579582015969312
2019-10-21,Maximum Sharpe,0.11825452770540101,0.11053585977139865,0.8888927802127119
2019-10-22,Maximum Sharpe,0.1185781857652537,0.11053273980481056,0.891846035295358
2019-10-23,Maximum Sharpe,0.12089262930276057,0.11053533090608433,0.9127636247679338
2019-10-24,Maximum Sharpe,0.12573767274217662,0.11053634908802998,0.9565873453805522
2019-10-25,Maximum Sharpe,0.15250988581795322,0.10819508959092702,1.224731051279292
2019-10-28,Maximum Sharpe,0.13577174366694678,0.10720343405836931,1.079925700924023
2019-10-29,Maximum Sharpe,0.14711654103390082,0.10649496031445975,1.193639029100996
2019-10-30,Maximum Sharpe,0.16385374102886585,0.10622485760236189,1.3542380218325405
2019-10-31,Maximum Sharpe,0.15898448349323502,0.10600263447651205,1.3111417860471295
2019-11-01,Maximum Sharpe,0.15304142171852786,0.10572761400385056,1.258341285500707
2019-11-04,Maximum Sharpe,0.13908220686069317,0.1053355349228985,1.1305036514776965
2019-11-05,Maximum Sharpe,0.14097386638381093,0.10522450745869026,1.1496738669107447
2019-11-06,Maximum Sharpe,0.14331058135718244,0.10525239399375928,1.1715703242293365
2019-11-07,Maximum Sharpe,0.1319083786274049,0.1053841617029659,1.061908894268458
2019-11-08,Maximum Sharpe,0.11279397569684857,0.10415145327711575,0.8909522889704827
2019-11-11,Maximum Sharpe,0.11588620584225251,0.10408271668688505,0.9212500297307733
2019-11-12,Maximum Sharpe,0.12952299279649382,0.10359789414612616,1.0571932344687454
2019-11-13,Maximum Sharpe,0.15066362960919388,0.10228622046796798,1.2774313980064655
2019-11-14,Maximum Sharpe,0.15617901899052322,0.10234340925810653,1.3306085851320866
2019-11-15,Maximum Sharpe,0.16350261611421169,0.10227047500685375,1.4031675916690005
2019-11-18,Maximum Sharpe,0.1555023685967234,0.10198827639959296,1.3286073005667953
2019-11-19,Maximum Sharpe,0.1565756680845536,0.10199964826504415,1.3389817554043355
2019-11-20,Maximum Sharpe,0.17497001099585519,0.10077074049889177,1.5378472980215867
2019-11-21,Maximum Sharpe,0.18501952673072708,0.10008812701432458,1.6487422799620333
2019-11-22,Maximum Sharpe,0.18195300493088373,0.10003127325158573,1.6190237279451645
2019-11-25,Maximum Sharpe,0.19268107856672323,0.09999692535072303,1.7268638806750538
2019-11-26,Maximum Sharpe,0.1825848143740001,0.09940923690830329,1.6355101339724698
2019-11-27,Maximum Sharpe,0.18299959836703916,0.09941001630495713,1.6396697679538668
2019-11-29,Maximum Sharpe,0.15979295476385014,0.09792097729224689,1.4276098812477698
2019-12-02,Maximum Sharpe,0.15314557329869927,0.0982309756030691,1.3554336855689266
2019-12-03,Maximum Sharpe,0.15386337909035586,0.0982523566552041,1.3624444608501467
2019-12-04,Maximum Sharpe,0.1409361215258167,0.0976586013643814,1.2383560673225575
2019-12-05,Maximum Sharpe,0.16438278263864325,0.09534531733720104,1.5143143540863668
2019-12-06,Maximum Sharpe,0.1636647812344767,0.09533579407280782,1.5069343328148095
2019-12-09,Maximum Sharpe,0.18088768471501693,0.09392971066465143,1.712851914229986
2019-12-10,Maximum Sharpe,0.17620922410499062,0.09387855460491526,1.6639500337685418
2019-12-11,Maximum Sharpe,0.18038645973015366,0.09396965575413257,1.7067899040707109
2019-12-12,Maximum Sharpe,0.1731170880004862,0.09390040810260142,1.630632827848639
2019-12-13,Maximum Sharpe,0.178974623731321,0.09400748110179111,1.6910848144009265
2019-12-16,Maximum Sharpe,0.19661632272308216,0.09287342794281248,1.9016884229990414
2019-12-17,Maximum Sharpe,0.21009148699821023,0.09206499916261203,2.0647530410819486
2019-12-18,Maximum Sharpe,0.20482899338992677,0.09207359461590055,2.0074049912026344
2019-12-19,Maximum Sharpe,0.22435980017334556,0.09103119610683397,2.2449424912917704
2019-12-20,Maximum Sharpe,0.23634452765024005,0.09063581116254159,2.386965205863927
2019-12-23,Maximum Sharpe,0.2583652257028921,0.08893573962861544,2.6801961359772304
2019-12-24,Maximum Sharpe,0.2790637600993562,0.08761129893553957,2.9569674602126783
2019-12-26,Maximum Sharpe,0.2430543604131643,0.08135745024290157,2.7416586894895443
2019-12-27,Maximum Sharpe,0.237752174658578,0.08126868190165702,2.6794106851896435
2019-12-30,Maximum Sharpe,0.23334523132690754,0.0813304976022739,2.6231885653794733
2019-12-31,Maximum Sharpe,0.22350025244987637,0.08120508485179118,2.5060038151710358
2020-01-02,Maximum Sharpe,0.2307596529431879,0.08153832545234677,2.584792510441751
2020-01-03,Maximum Sharpe,0.25257979634535443,0.07986570596112119,2.9121359856078253
2020-01-06,Maximum Sharpe,0.22712120127317093,0.0770803283561723,2.6870824980935026
2020-01-07,Maximum Sharpe,0.2165262988819905,0.07691343220804599,2.5551622550193733
2020-01-08,Maximum Sharpe,0.20968985134345042,0.07675599506204209,2.4713359678305724
2020-01-09,Maximum Sharpe,0.20815038667503605,0.07668224088048442,2.45363704183194
2020-01-10,Maximum Sharpe,0.21002554303735232,0.0766907320868212,2.4778162610604024
2020-01-13,Maximum Sharpe,0.2120867022307098,0.07668644211457738,2.5048326266553436
2020-01-14,Maximum Sharpe,0.21826149805023998,0.07648373329155472,2.5922047671819373
2020-01-15,Maximum Sharpe,0.21092758968758996,0.07605103625376264,2.5105192393501907
2020-01-16,Maximum Sharpe,0.21285971790565728,0.07608706842220873,2.5347239932477708
2020-01-17,Maximum Sharpe,0.20697839475574242,0.07597304581727495,2.4611148960046934
2020-01-21,Maximum Sharpe,0.20319320424387755,0.07581787969807914,2.4162269503366076
2020-01-22,Maximum Sharpe,0.21590204568651528,0.075155703103744,2.6066158334796565
2020-01-23,Maximum Sharpe,0.21747925638307897,0.0751771270329017,2.6268529295705996
2020-01-24,Maximum Sharpe,0.2132097139933644,0.07517843574441128,2.5700150858449793
2020-01-27,Maximum Sharpe,0.1989991146776482,0.07485369173189073,2.391319793802331
2020-01-28,Maximum Sharpe,0.2086238690171407,0.07461015946352025,2.5281257991328396
2020-01-29,Maximum Sharpe,0.2148976651130441,0.07460748363289653,2.6123071791568675
2020-01-30,Maximum Sharpe,0.19951595821243107,0.07334161723613508,2.447668390437188
2020-01-31,Maximum Sharpe,0.18403196408242306,0.07303943118093699,2.245800130563377
2020-02-03,Maximum Sharpe,0.1900273265184842,0.07302881733376722,2.328222374756528
2020-02-04,Maximum Sharpe,0.189231439331232,0.07300653380785903,2.3180314213604607
2020-02-05,Maximum Sharpe,0.185630069218935,0.07290673533081625,2.271807515003712
2020-02-06,Maximum Sharpe,0.19333692281884485,0.072855045380315,2.379202729392294
2020-02-07,Maximum Sharpe,0.20101720158698777,0.07265543098245018,2.4914476335666116
2020-02-10,Maximum Sharpe,0.2044266658744185,0.07277471393636978,2.5342135461455895
2020-02-11,Maximum Sharpe,0.20454221502264325,0.07277204913643408,2.535894168331867
2020-02-12,Maximum Sharpe,0.1981108746557465,0.07248165225284428,2.4573236001081527
2020-02-13,Maximum Sharpe,0.19977997571231465,0.07246606375672549,2.4808850707808663
2020-02-14,Maximum Sharpe,0.20110836969697798,0.0724893654888131,2.4984129530686467
2020-02-18,Maximum Sharpe,0.19727470077715337,0.07233919904209964,2.450603588712447
2020-02-19,Maximum Sharpe,0.19508560756825633,0.07226251624117015,2.422910475244491
2020-02-20,Maximum Sharpe,0.19565561018047228,0.0722592682463599,2.430907680681101
2020-02-21,Maximum Sharpe,0.1999440095795333,0.07205474115930482,2.497323655381644
2020-02-24,Maximum Sharpe,0.18057136995545986,0.07279348238431525,2.2058481706881223
2020-02-25,Maximum Sharpe,0.16480662677067226,0.07399937311880642,1.956862885016396
2020-02-26,Maximum Sharpe,0.16200908939320247,0.07404352548215247,1.9179136658941571
2020-02-27,Maximum Sharpe,0.14312382609362073,0.07648321425235692,1.6098150070860355
2020-02-28,Maximum Sharpe,0.14946407094338254,0.0764405133745086,1.6936577899352028
2020-03-02,Maximum Sharpe,0.1676754517101804,0.07837302680461881,1.884263728620946
2020-03-03,Maximum Sharpe,0.16622094127857556,0.07841710044195617,1.8646563116269184
2020-03-04,Maximum Sharpe,0.1853837056238834,0.07989183819909886,2.0700951355222275
2020-03-05,Maximum Sharpe,0.1841065899601757,0.07998287000618136,2.0517717099610575
2020-03-06,Maximum Sharpe,0.19619846250183737,0.07986590553858748,2.206178735639659
2020-03-09,Maximum Sharpe,0.1555990898238202,0.08674946106548052,1.5631116108198857
2020-03-10,Maximum Sharpe,0.14709577401513174,0.08619010831817274,1.474598146993328
2020-03-11,Maximum Sharpe,0.10126931751598067,0.09372779978136796,0.8670780462739093
2020-03-12,Maximum Sharpe,0.03522583478094088,0.10942571331597559,0.13914311654496644
2020-03-13,Maximum Sharpe,0.08086753777414235,0.11669185833073137,0.5216091220488567
2020-03-16,Maximum Sharpe,0.031971234260226744,0.12337451147289526,0.09703166494691054
2020-03-17,Maximum Sharpe,0.03190673767055552,0.12337351461593374,0.09650967395734512
2020-03-18,Maximum Sharpe,-0.015657343821054548,0.1315749960377642,-0.271003951319294
2020-03-19,Maximum Sharpe,-0.02792795434816564,0.13195949599533138,-0.3632020112433689
2020-03-20,Maximum Sharpe,-0.03314118701690094,0.13172078900779474,-0.4034381164673729
2020-03-23,Maximum Sharpe,0.006406617939893167,0.13392643966162113,-0.1014988682925635
2020-03-24,Maximum Sharpe,0.04838266702861804,0.14072200012443692,0.2016931752215003
2020-03-25,Maximum Sharpe,0.06087717625603206,0.14152194660701717,0.2888398388805459
2020-03-26,Maximum Sharpe,0.09192065690735496,0.14375095064930696,0.5003143045837081
2020-03-27,Maximum Sharpe,0.08017679711815306,0.1440708000391258,0.4176890605300355
2020-03-30,Maximum Sharpe,0.09425291552918891,0.1449435861163147,0.5122883841828105
2020-03-31,Maximum Sharpe,0.07764494640318476,0.14534346796600145,0.3966118822530709
2020-04-01,Maximum Sharpe,0.07046870191537691,0.14542070341464264,0.34705307243270517
2020-04-02,Maximum Sharpe,0.08018424451490191,0.14571401010607354,0.41302991024054836
2020-04-03,Maximum Sharpe,0.0762440112531717,0.14573215354817917,0.38594098751568495
2020-04-06,Maximum Sharpe,0.09475886015369728,0.14711216551893355,0.5081759206656209
2020-04-07,Maximum Sharpe,0.08868479181354294,0.14722239577035356,0.46653765858206553
2020-04-08,Maximum Sharpe,0.0921478693329647,0.14722170221607628,0.4900627302017862
2020-04-09,Maximum Sharpe,0.09293169486599373,0.14724276537649775,0.49531598160023943
2020-04-13,Maximum Sharpe,0.09720017361618405,0.14722748989520282,0.5243597759571631
2020-04-14,Maximum Sharpe,0.10920890300473607,0.1477562715170279,0.6037571338855512
2020-04-15,Maximum Sharpe,0.11725584314929405,0.14789360329911616,0.6576068266630384
2020-04-16,Maximum Sharpe,0.12741708559534692,0.1481059901252588,0.7252717159143952
2020-04-17,Maximum Sharpe,0.12158181284206426,0.148202247920365,0.6854269369560996
2020-04-20,Maximum Sharpe,0.12070754044076448,0.148197639346581,0.6795488840766603
2020-04-21,Maximum Sharpe,0.11375008193277436,0.14834646970499824,0.6319670573840129
2020-04-22,Maximum Sharpe,0.11263417476729232,0.14830148765924736,0.6246341572792449
2020-04-23,Maximum Sharpe,0.11490370013547468,0.14831594587504007,0.6398752310519157
2020-04-24,Maximum Sharpe,0.118981340897784,0.1483683284263656,0.6671325474082422
2020-04-27,Maximum Sharpe,0.10892820133117476,0.14848264652597906,0.5989130946397534
2020-04-28,Maximum Sharpe,0.10912359777888292,0.14848096970901284,0.600235827887869
2020-04-29,Maximum Sharpe,0.12013368679901215,0.1486874661093638,0.67345075828625
2020-04-30,Maximum Sharpe,0.11574896492453646,0.1488261014737513,0.6433613726112677
2020-05-01,Maximum Sharpe,0.11542463131090774,0.14883421579458633,0.6411471367753778
2020-05-04,Maximum Sharpe,0.10762222879671257,0.14858128687354727,0.5897258708715116
2020-05-05,Maximum Sharpe,0.11185800006059976,0.14855820144550871,0.6183300495482463
2020-05-06,Maximum Sharpe,0.11633190342822508,0.1483311550281309,0.6494380995681979
2020-05-07,Maximum Sharpe,0.13306490535382198,0.1487687460209085,0.7600044255124085
2020-05-08,Maximum Sharpe,0.13285779092732364,0.14877172180339843,0.7585970610494447
2020-05-11,Maximum Sharpe,0.12894831635168313,0.1487806704544945,0.7322746699478387
2020-05-12,Maximum Sharpe,0.14696014276188718,0.14777429596791977,0.8591490281195377
2020-05-13,Maximum Sharpe,0.1407269427408795,0.14767220451159535,0.8175332869185947
2020-05-14,Maximum Sharpe,0.14092751898624511,0.1476805915386928,0.8188450339092913
2020-05-15,Maximum Sharpe,0.13709137163910845,0.14761977338541551,0.7931957145971124
2020-05-18,Maximum Sharpe,0.13744604462569954,0.1476090116580806,0.7956563309139273
2020-05-19,Maximum Sharpe,0.14945166175690838,0.14737611765379074,0.8783761155997496
2020-05-20,Maximum Sharpe,0.150377945398241,0.14740740547898187,0.8844735105037242
2020-05-21,Maximum Sharpe,0.14733306778172417,0.14746431988271233,0.8634839117896465
2020-05-22,Maximum Sharpe,0.1593297849083979,0.14734182882460325,0.9456227469136211
2020-05-26,Maximum Sharpe,0.14934575934843886,0.14755852737029207,0.8765725821039877
2020-05-27,Maximum Sharpe,0.15428842852786673,0.1475192767691733,0.9103110554018701
2020-05-28,Maximum Sharpe,0.15741209489570562,0.14745952498695977,0.9318631326654371
2020-05-29,Maximum Sharpe,0.1612242186420343,0.14758861600380072,0.9568774507540438
2020-06-01,Maximum Sharpe,0.1682032995416618,0.14741123764428102,1.005373144612571
2020-06-02,Maximum Sharpe,0.1742114076988832,0.14727793230443317,1.0470774900622457
2020-06-03,Maximum Sharpe,0.15033421601118957,0.14689170798079532,0.8872809623006734
2020-06-04,Maximum Sharpe,0.13882111569705113,0.14700406638255809,0.8082845503595482
2020-06-05,Maximum Sharpe,0.1319424452738891,0.146936755349403,0.7618410043674883
2020-06-08,Maximum Sharpe,0.1252096556395612,0.14662989739293794,0.7175184427608307
2020-06-09,Maximum Sharpe,0.1307529730163235,0.146788762914638,0.754505800152629
2020-06-10,Maximum Sharpe,0.14331310988150192,0.14722005966721552,0.837610785923099
2020-06-11,Maximum Sharpe,0.1365458094078258,0.14743113477862987,0.7905101563711161
2020-06-12,Maximum Sharpe,0.13050076144470468,0.14739804829032152,0.7496758792019935
2020-06-15,Maximum Sharpe,0.1352513295268014,0.1474081208200096,0.7818519691159164
2020-06-16,Maximum Sharpe,0.13199225601838238,0.14740276161905846,0.7597704058476902
2020-06-17,Maximum Sharpe,0.12398508388602125,0.14711706002075245,0.7068186644795174
2020-06-18,Maximum Sharpe,0.12451806422346579,0.14712868885062386,0.7103853438779734
2020-06-19,Maximum Sharpe,0.11806037481120613,0.1469662928405361,0.6672303758631598
2020-06-22,Maximum Sharpe,0.12589246897639583,0.1469595569032256,0.7205551731904521
2020-06-23,Maximum Sharpe,0.12594167540407653,0.14695976846161168,0.7208889651438872
2020-06-24,Maximum Sharpe,0.1331373391416235,0.1467020741132498,0.771204768749791
2020-06-25,Maximum Sharpe,0.1372246802410353,0.1467284595636146,0.7989225852276609
2020-06-26,Maximum Sharpe,0.12987194542480807,0.14668835314735632,0.7490161493219288
2020-06-29,Maximum Sharpe,0.1296273808220465,0.14668544148218315,0.7473637445837606
2020-06-30,Maximum Sharpe,0.12740069964225675,0.14662627013662657,0.7324792449687264
2020-07-01,Maximum Sharpe,0.1250833103136486,0.14659800559700817,0.7168126870874237
2020-07-02,Maximum Sharpe,0.1225958789103545,0.146545690119429,0.7000948224867131
2020-07-06,Maximum Sharpe,0.13484912384916692,0.14655143529868564,0.783677919053427
2020-07-07,Maximum Sharpe,0.14377090791577984,0.14652164942288737,0.844727781889454
2020-07-08,Maximum Sharpe,0.14594446488180024,0.14654036866266723,0.8594523545366649
2020-07-09,Maximum Sharpe,0.1484699486315344,0.14662407692889373,0.8761858988127627
2020-07-10,Maximum Sharpe,0.1508329440966738,0.14659407478000389,0.8924845311314045
2020-07-13,Maximum Sharpe,0.142343031921786,0.14664768396742753,0.8342650126609573
2020-07-14,Maximum Sharpe,0.14357981321543023,0.14666174744788776,0.8426178970719064
2020-07-15,Maximum Sharpe,0.1466514912994361,0.14661386901334766,0.8638438651933115
2020-07-16,Maximum Sharpe,0.14474901216534475,0.14663123954638388,0.8507669481023713
2020-07-17,Maximum Sharpe,0.14298510149282517,0.14661935383157904,0.8388053710432907
2020-07-20,Maximum Sharpe,0.15868938990515224,0.14679566193036298,0.944778531472843
2020-07-21,Maximum Sharpe,0.1536300311103429,0.1467635598690071,0.9105123317369349
2020-07-22,Maximum Sharpe,0.15482535526588292,0.14678542511692041,0.9185200448783603
2020-07-23,Maximum Sharpe,0.1473637904573457,0.14676765881148232,0.8677919337865834
2020-07-24,Maximum Sharpe,0.1517141804651978,0.14666668745577913,0.8980511031512212
2020-07-27,Maximum Sharpe,0.1534970937290745,0.1467199980826111,0.9098766049186328
2020-07-28,Maximum Sharpe,0.1555058408114276,0.1467075063320089,0.9236462686835452
2020-07-29,Maximum Sharpe,0.16239356289768625,0.1467321242711101,0.9704320959368946
2020-07-30,Maximum Sharpe,0.17215630588512343,0.14659978533849274,1.0379026513156273
2020-07-31,Maximum Sharpe,0.17879671209172354,0.14670152751998278,1.0824475707663865
2020-08-03,Maximum Sharpe,0.18827034007575927,0.1465706237679412,1.1480495596592009
2020-08-04,Maximum Sharpe,0.2179038421670627,0.14570789766092865,1.358223166650838
2020-08-05,Maximum Sharpe,0.204491038042101,0.14544318230070494,1.2684749819394374
2020-08-06,Maximum Sharpe,0.21145531614814228,0.14559600814743742,1.3149764103028536
2020-08-07,Maximum Sharpe,0.187164752742899,0.1454076572339722,1.1496282652702254
2020-08-10,Maximum Sharpe,0.1900171293894175,0.14532247377356844,1.1699300526243903
2020-08-11,Maximum Sharpe,0.17327082463405152,0.1464196059873941,1.046791675202618
2020-08-12,Maximum Sharpe,0.16518687390556042,0.14615453919087687,0.993379163653257
2020-08-13,Maximum Sharpe,0.18311482191068973,0.14536316702871988,1.1221193459445102
2020-08-14,Maximum Sharpe,0.17764053936727153,0.14537232114434356,1.084391706250233
2020-08-17,Maximum Sharpe,0.17649276145516768,0.14532160850532413,1.0768719329819025
2020-08-18,Maximum Sharpe,0.17695642594458305,0.14533693341611273,1.079948656238691
2020-08-19,Maximum Sharpe,0.16876814935431006,0.14562360003538066,1.0215936793086107
2020-08-20,Maximum Sharpe,0.17265211773690248,0.14575800680300752,1.047298334308402
2020-08-21,Maximum Sharpe,0.17853125199654252,0.14573525822105338,1.0878030061612132
2020-08-24,Maximum Sharpe,0.19498645288893224,0.14500866565811993,1.2067310053144653
2020-08-25,Maximum Sharpe,0.1858891614177276,0.14487024729311135,1.1450878597735072
2020-08-26,Maximum Sharpe,0.19275207730303023,0.14498298515794697,1.1915334555626038
2020-08-27,Maximum Sharpe,0.17938135210906814,0.14525164425869652,1.0972774382175412
2020-08-28,Maximum Sharpe,0.1764488846610277,0.14516689330262006,1.0777173851539883
2020-08-31,Maximum Sharpe,0.1829634827734432,0.14521402813792744,1.1222296141985466
2020-09-01,Maximum Sharpe,0.19880873404694133,0.14536201340850904,1.230092579582242
2020-09-02,Maximum Sharpe,0.19350503970749244,0.14520845731520093,1.1948686937074797
2020-09-03,Maximum Sharpe,0.169654563794565,0.14596232622121758,1.025295825771861
2020-09-04,Maximum Sharpe,0.15682713870940246,0.14634412437842484,0.9349684470801656
2020-09-08,Maximum Sharpe,0.14715169318734556,0.1468235375509312,0.8660170930920275
2020-09-09,Maximum Sharpe,0.1629464618925458,0.14698279029439965,0.9725387686968708
2020-09-10,Maximum Sharpe,0.15275125831703473,0.14703194423508115,0.9028735830683582
2020-09-11,Maximum Sharpe,0.15001927751864574,0.1470386926451527,0.8842521324126584
2020-09-14,Maximum Sharpe,0.1630636142637072,0.14701688015793105,0.9731101225248617
2020-09-15,Maximum Sharpe,0.1664252083271882,0.14703370310622046,0.9958615285735363
2020-09-16,Maximum Sharpe,0.15675547023543346,0.14712255908112418,0.9295343357916019
2020-09-17,Maximum Sharpe,0.15061530485421115,0.14721126477130722,0.8872643344048576
2020-09-18,Maximum Sharpe,0.14378624182762678,0.14729851469755426,0.8403767144685412
2020-09-21,Maximum Sharpe,0.1446934207141699,0.14728983540240204,0.8465853761972252
2020-09-22,Maximum Sharpe,0.14963846804256753,0.14733834354362785,0.8798691835718971
2020-09-23,Maximum Sharpe,0.14085054144457132,0.14778578407303014,0.817741315259738
2020-09-24,Maximum Sharpe,0.14185544454663646,0.14779801652400407,0.8244728001938088
2020-09-25,Maximum Sharpe,0.15004643338314305,0.14791168250838438,0.8792167811070054
2020-09-28,Maximum Sharpe,0.16343246093639086,0.1479420280022313,0.9695180123813605
2020-09-29,Maximum Sharpe,0.15812363008271113,0.14787361148826944,0.9340654407001363
2020-09-30,Maximum Sharpe,0.16000249811352218,0.14783351036172498,0.9470281654745155
2020-10-01,Maximum Sharpe,0.1760540608239478,0.14771712485959632,1.0564385203968443
2020-10-02,Maximum Sharpe,0.15677949222105392,0.1478822160769225,0.9249218455713878
2020-10-05,Maximum Sharpe,0.14526496650496012,0.1476351000709407,0.8484768625128347
2020-10-06,Maximum Sharpe,0.1461961083206338,0.1476052843767852,0.8549565745796663
2020-10-07,Maximum Sharpe,0.15583556444855984,0.14743150705812447,0.9213469166737002
2020-10-08,Maximum Sharpe,0.1563665258580118,0.1474414721194537,0.9248858133180521
2020-10-09,Maximum Sharpe,0.16600625312145412,0.14754935446599968,0.98954179535295
2020-10-12,Maximum Sharpe,0.17410138635152417,0.14778438463222043,1.042744717143319
2020-10-13,Maximum Sharpe,0.17181268263160887,0.14777717456193284,1.0273080608127663
2020-10-14,Maximum Sharpe,0.16855031352131045,0.14778336867956848,1.005189655971403
2020-10-15,Maximum Sharpe,0.1663002133036846,0.1478062970489709,0.9898104223205909
2020-10-16,Maximum Sharpe,0.16130030932889938,0.14784866844459474,0.9557090423296623
2020-10-19,Maximum Sharpe,0.15749210699642835,0.14795689512522978,0.929271372449766
2020-10-20,Maximum Sharpe,0.15380232877537536,0.14797823893986534,0.9042027377400356
2020-10-21,Maximum Sharpe,0.15398807208396748,0.14797703135778298,0.90546533373823
2020-10-22,Maximum Sharpe,0.145837447144455,0.14809651839930016,0.849698888971651
2020-10-23,Maximum Sharpe,0.14563052597633486,0.14809406937327343,0.8483157124927208
2020-10-26,Maximum Sharpe,0.14338713827611071,0.14809880722279803,0.8331406618993805
2020-10-27,Maximum Sharpe,0.14869242432824392,0.1481660444920189,0.8685689408086754
2020-10-28,Maximum Sharpe,0.13647505447138086,0.14874296289916344,0.7830626215933469
2020-10-29,Maximum Sharpe,0.13002562311553345,0.14864832116652493,0.7401740043352122
2020-10-30,Maximum Sharpe,0.11433556528467781,0.1489678775504551,0.6332611220343564
2020-11-02,Maximum Sharpe,0.11550802129055482,0.1489939881212923,0.6410192954416665
2020-11-03,Maximum Sharpe,0.12159284063242182,0.1489958917337763,0.6818499453256498
2020-11-04,Maximum Sharpe,0.15116643657282514,0.15020301873265796,0.8732609882247742
2020-11-05,Maximum Sharpe,0.16033459415072082,0.15054301164661343,0.932189363131276
2020-11-06,Maximum Sharpe,0.16256144872999578,0.1504725152029703,0.9474251728808853
2020-11-09,Maximum Sharpe,0.13963624832698573,0.15192087666951853,0.7874905078861331
2020-11-10,Maximum Sharpe,0.1327360447877588,0.15209337005980758,0.7412291853578343
2020-11-11,Maximum Sharpe,0.13779652284374921,0.1522138550902996,0.7738883084845818
2020-11-12,Maximum Sharpe,0.14191643842065593,0.15230233748442737,0.8004896079360677
2020-11-13,Maximum Sharpe,0.14015022203422944,0.15227312786294214,0.7890441584832627
2020-11-16,Maximum Sharpe,0.13858501289236158,0.15226101539587641,0.7788271514152344
2020-11-17,Maximum Sharpe,0.13845311695007068,0.152260507910767,0.7779634954291016
2020-11-18,Maximum Sharpe,0.13337333313997934,0.15227480742061875,0.7445311214665706
2020-11-19,Maximum Sharpe,0.13681885445437425,0.15230508225025938,0.7670056227173293
2020-11-20,Maximum Sharpe,0.14225481786762884,0.1522624986652305,0.8029213952177576
2020-11-23,Maximum Sharpe,0.13491898855818873,0.15235610635306626,0.7542788491317723
2020-11-24,Maximum Sharpe,0.1274507262618667,0.1523125119070106,0.7054622428357509
2020-11-25,Maximum Sharpe,0.1247574622886567,0.15228853366418546,0.6878880488773994
2020-11-27,Maximum Sharpe,0.1286330879253743,0.15234051885434421,0.7130938554124301
2020-11-30,Maximum Sharpe,0.12976157638479546,0.15232710851244946,0.720564956931647
2020-12-01,Maximum Sharpe,0.13840767720258462,0.15211141425895608,0.7784272980396207
2020-12-02,Maximum Sharpe,0.1316984326153825,0.15208254129652468,0.7344592723342069
2020-12-03,Maximum Sharpe,0.1367789321777031,0.15213323605344614,0.7676095980544141
2020-12-04,Maximum Sharpe,0.1318863670600432,0.15222115836081127,0.7350250665865902
2020-12-07,Maximum Sharpe,0.13770639508900495,0.15235028138884435,0.7726037262023977
2020-12-08,Maximum Sharpe,0.14254504918878275,0.15236125167224018,0.8043058707104999
2020-12-09,Maximum Sharpe,0.13139993977841047,0.15271744376877222,0.7294513123666467
2020-12-10,Maximum Sharpe,0.1307679716603345,0.15270258233850967,0.7253837490107736
2020-12-11,Maximum Sharpe,0.13372174660793124,0.1526919712268763,0.7447788229739897
2020-12-14,Maximum Sharpe,0.1284449677922863,0.15262151100845445,0.7105483825689487
2020-12-15,Maximum Sharpe,0.13117304739408864,0.15264706122703875,0.7283012624051506
2020-12-16,Maximum Sharpe,0.13290417029146218,0.15264559935190664,0.7396490352216101
2020-12-17,Maximum Sharpe,0.13704186587099798,0.15263788127297773,0.7667943559939764
2020-12-18,Maximum Sharpe,0.13130866915096484,0.1526455177142013,0.7291971020031419
2020-12-21,Maximum Sharpe,0.1295937993022609,0.15263832011133072,0.7179966290399803
2020-12-22,Maximum Sharpe,0.1307064472096091,0.15264436902030118,0.7252573279980313
2020-12-23,Maximum Sharpe,0.12472480603772262,0.1526893082276553,0.6858686259916836
2020-12-24,Maximum Sharpe,0.12344871827382486,0.15266389772310082,0.6776239819414174
2020-12-28,Maximum Sharpe,0.1260002912433449,0.1526792331450909,0.6942679044150878
2020-12-29,Maximum Sharpe,0.12889680191135922,0.15265268193623532,0.7133631753475945
2020-12-30,Maximum Sharpe,0.13300073541681656,0.15263735084583055,0.7403216499148465
2020-12-31,Maximum Sharpe,0.12560870364652832,0.15244153946542416,0.6927816657905231
2021-01-04,Maximum Sharpe,0.12133710821746901,0.15245441390628445,0.664704324531805
2021-01-05,Maximum Sharpe,0.12002297855547561,0.15245533522985077,0.6560805392915571
2021-01-06,Maximum Sharpe,0.1069487970676235,0.15309558131527817,0.5679379922047851
2021-01-07,Maximum Sharpe,0.11023219607300705,0.15311720789619745,0.5893014724653158
2021-01-08,Maximum Sharpe,0.10313205222845334,0.1530806914120488,0.5430603393649822
2021-01-11,Maximum Sharpe,0.09493969892742782,0.15318716731850215,0.48920350339539503
2021-01-12,Maximum Sharpe,0.09334090193080691,0.15318433127030515,0.47877548129509034
2021-01-13,Maximum Sharpe,0.09948702816577204,0.1532826858966648,0.5185649488120142
2021-01-14,Maximum Sharpe,0.09044321753626594,0.1533570848261438,0.45934113586030434
2021-01-15,Maximum Sharpe,0.0850616442907155,0.15334329825992668,0.42428749758878836
2021-01-19,Maximum Sharpe,0.09179529397967601,0.1534579755476119,0.4678498704513457
2021-01-20,Maximum Sharpe,0.09840692992762623,0.15367720035410992,0.5102053508715506
2021-01-21,Maximum Sharpe,0.09673341340939601,0.15367657899684026,0.4993175532035608
2021-01-22,Maximum Sharpe,0.09349963221927693,0.1536613536468451,0.47832217063633803
2021-01-25,Maximum Sharpe,0.10251220664942706,0.15380645213819988,0.5364677846888196
2021-01-26,Maximum Sharpe,0.10536863042828992,0.1537685606236489,0.5551761041532479
2021-01-27,Maximum Sharpe,0.09419696290052104,0.15396835878136508,0.48189747223246465
2021-01-28,Maximum Sharpe,0.08989519494559506,0.15394374666075747,0.45403075124332004
2021-01-29,Maximum Sharpe,0.0789386902377458,0.15419340403541862,0.3822387254918338
2021-02-01,Maximum Sharpe,0.09322471540934818,0.15437401626407254,0.4743331629339086
2021-02-02,Maximum Sharpe,0.09061675161112226,0.15435110391004844,0.4575072663702862
2021-02-03,Maximum Sharpe,0.08252777949007828,0.154414781221269,0.40493389943336416
2021-02-04,Maximum Sharpe,0.0808815313329807,0.15441047905282687,0.3942836762532932
2021-02-05,Maximum Sharpe,0.07624765218311258,0.15438637295234214,0.36433042053831904
2021-02-08,Maximum Sharpe,0.07932893877568903,0.15443780739182061,0.3841607167159978
2021-02-09,Maximum Sharpe,0.07456648592481896,0.15436158839327374,0.35349782606406943
2021-02-10,Maximum Sharpe,0.07854049637994631,0.15436849809132086,0.379225665234594
2021-02-11,Maximum Sharpe,0.07509232931566312,0.1543682407821224,0.35688901445357035
2021-02-12,Maximum Sharpe,0.07082646844816254,0.15441197257426445,0.3291614477868129
2021-02-16,Maximum Sharpe,0.05813036604269084,0.15467716795240097,0.24651580157211533
2021-02-17,Maximum Sharpe,0.05479183299288071,0.1546637504241733,0.2249514375376409
2021-02-18,Maximum Sharpe,0.049222079361093574,0.15466674618689183,0.1889357607987888
2021-02-19,Maximum Sharpe,0.04257400132121614,0.15478719327178672,0.14583894729313326
2021-02-22,Maximum Sharpe,0.035387422255060086,0.15502134103167647,0.09926002544330899
2021-02-23,Maximum Sharpe,0.04475708908261922,0.15464834775880093,0.16008634713144104
2021-02-24,Maximum Sharpe,0.05810833800121684,0.15410896361150406,0.247281774584409
2021-02-25,Maximum Sharpe,0.037793817187665946,0.15556991987330102,0.11437826285542575
2021-02-26,Maximum Sharpe,0.06905309057200548,0.15474955896593875,0.31698371807833287
2021-03-01,Maximum Sharpe,0.07145935546376259,0.1548014200058462,0.3324217275385405
2021-03-02,Maximum Sharpe,0.048453359740164625,0.15384696003081497,0.18494586915767153
2021-03-03,Maximum Sharpe,0.03593869863245103,0.15453883148342368,0.10313717581176782
2021-03-04,Maximum Sharpe,0.009974664549932566,0.15402886562315024,-0.0650873809237523
2021-03-05,Maximum Sharpe,0.021739323185311132,0.15395803764882435,0.011297384741149392
2021-03-08,Maximum Sharpe,0.0036796376335308523,0.154433595038542,-0.10567883472761269
2021-03-09,Maximum Sharpe,0.05839476225541529,0.15203155203088614,0.25254469708771476
2021-03-10,Maximum Sharpe,0.05595945794123547,0.15200240398300427,0.23657163965154243
2021-03-11,Maximum Sharpe,0.1011436589123007,0.1475412528134366,0.5499726846897895
2021-03-12,Maximum Sharpe,0.15406578126081882,0.13663167580106186,0.981220353734232
2021-03-15,Maximum Sharpe,0.11517071874644835,0.1306317426114961,0.7285420591034277
2021-03-16,Maximum Sharpe,0.16207842287547747,0.1241333100783952,1.1445632343627121
2021-03-17,Maximum Sharpe,0.1588203877189247,0.12413208572128166,1.1183280044985568
2021-03-18,Maximum Sharpe,0.19604037063825852,0.11621218785935569,1.5148184874662984
2021-03-19,Maximum Sharpe,0.2123738743620125,0.11570376103121169,1.6626414962441771
2021-03-22,Maximum Sharpe,0.22047872250947975,0.11602635809960744,1.7278722334572532
2021-03-23,Maximum Sharpe,0.19005250476990487,0.11292143097655886,1.505936502037472
2021-03-24,Maximum Sharpe,0.1372714057433888,0.10458217457800853,1.1213326383447428
2021-03-25,Maximum Sharpe,0.1160277041281692,0.10354777604541186,0.9273758239486992
2021-03-26,Maximum Sharpe,0.09116463108251915,0.10041271413925765,0.7087213177389498
2021-03-29,Maximum Sharpe,0.0958321567837852,0.10009318411987235,0.7576155904179054
2021-03-30,Maximum Sharpe,0.07625053328188325,0.09879307343667044,0.5693772986821961
2021-03-31,Maximum Sharpe,0.09270305831288428,0.09820343845880884,0.74033108671016
2021-04-01,Maximum Sharpe,0.11148463362477523,0.09880712008793806,0.925891105249846
2021-04-05,Maximum Sharpe,0.10585618669786845,0.09846528848334461,0.8719436871643452
2021-04-06,Maximum Sharpe,0.11262785394133235,0.09849133211209479,0.9404670640042809
2021-04-07,Maximum Sharpe,0.08847926588268362,0.09639527395063725,0.7104006563407969
2021-04-08,Maximum Sharpe,0.10266404722903189,0.09650401133189193,0.8565866443078484
2021-04-09,Maximum Sharpe,0.09988222091375798,0.09649669873642418,0.8278233552004944
2021-04-12,Maximum Sharpe,0.09280951150881078,0.09640080855207929,0.7552790542153636
2021-04-13,Maximum Sharpe,0.09911507906315253,0.09665845031121657,0.8185014223631905
2021-04-14,Maximum Sharpe,0.07915844702895325,0.09599780853671934,0.6162478907664338
2021-04-15,Maximum Sharpe,0.0856247320189163,0.09659961471956004,0.6793477614732993
2021-04-16,Maximum Sharpe,0.07483410985038397,0.09627043843889835,0.5695840876967283
2021-04-19,Maximum Sharpe,0.07544586715638002,0.09624181170782652,0.5761099689675842
2021-04-20,Maximum Sharpe,0.07446898007411118,0.09623973878179833,0.5659718195786791
2021-04-21,Maximum Sharpe,0.08623718329381513,0.0961212024086691,0.6891006524471155
2021-04-22,Maximum Sharpe,0.07553177668955002,0.09599049693965091,0.5785132743344663
2021-04-23,Maximum Sharpe,0.07565115051016402,0.09599315809304126,0.5797408025291156
2021-04-26,Maximum Sharpe,0.07270274010269695,0.0959139772619515,0.5494792480428586
2021-04-27,Maximum Sharpe,0.07373571343196383,0.09585655201333078,0.5605846684793211
2021-04-28,Maximum Sharpe,0.07455514572599231,0.09585026636646832,0.569170517663554
2021-04-29,Maximum Sharpe,0.06495141181767239,0.09549825944227554,0.47070399062972995
2021-04-30,Maximum Sharpe,0.07029772945055424,0.09526143502288167,0.5279967642569396
2021-05-03,Maximum Sharpe,0.07518350687753195,0.09517310747359535,0.5798224765629508
2021-05-04,Maximum Sharpe,0.06804386638560533,0.09526994704644978,0.5042919396415858
2021-05-05,Maximum Sharpe,0.066782957271184,0.09526245339027206,0.4910954484819235
2021-05-06,Maximum Sharpe,0.07864886974221585,0.09517733127172814,0.6162062852421787
2021-05-07,Maximum Sharpe,0.06834603844952825,0.0944419258738459,0.5119128819345357
2021-05-10,Maximum Sharpe,0.05910856633951833,0.09504053887275196,0.4114935247987185
2021-05-11,Maximum Sharpe,0.05807700613100297,0.09506426588044635,0.4005396326195686
2021-05-12,Maximum Sharpe,0.04474637811246662,0.09606703355653916,0.2575949021877773
2021-05-13,Maximum Sharpe,0.04889858048705098,0.09616585692258682,0.3005077000490334
2021-05-14,Maximum Sharpe,0.052594527905207134,0.09650552494004692,0.33774779138765526
2021-05-17,Maximum Sharpe,0.049666028419038666,0.09650818296338905,0.30739391736649574
2021-05-18,Maximum Sharpe,0.051476419309354204,0.09644129144488779,0.3263790730896804
2021-05-19,Maximum Sharpe,0.04761314468235156,0.09642244279348842,0.2863767384683633
2021-05-20,Maximum Sharpe,0.05103381852952826,0.0966993963349491,0.32093084037497777
2021-05-21,Maximum Sharpe,0.054365986846788505,0.09661632091927108,0.35569546138590197
2021-05-24,Maximum Sharpe,0.0571947993549089,0.09676140478936927,0.3843970582679605
2021-05-25,Maximum Sharpe,0.07024189089711874,0.09656701886767946,0.5202800240314187
2021-05-26,Maximum Sharpe,0.06887397352125091,0.09656065871681652,0.5061478884954962
2021-05-27,Maximum Sharpe,0.06749927765241126,0.09659021163931089,0.4917607783051974
2021-05-28,Maximum Sharpe,0.06011753847271528,0.09628050679119551,0.4166735283157429
2021-06-01,Maximum Sharpe,0.0591135636004696,0.09629484485258312,0.4061854366175903
2021-06-02,Maximum Sharpe,0.06232599544593831,0.09631585751836916,0.43944991548111356
2021-06-03,Maximum Sharpe,0.06021381328466058,0.09648372997886809,0.4167937256723825
2021-06-04,Maximum Sharpe,0.07902535037012348,0.09693235009555427,0.6089334501014088
2021-06-07,Maximum Sharpe,0.08102315238995095,0.0969272697948508,0.6295767178742174
2021-06-08,Maximum Sharpe,0.07737268051825019,0.09682320101832406,0.5925509579815714
2021-06-09,Maximum Sharpe,0.07148048679283381,0.09655818309456636,0.5331550899462894
2021-06-10,Maximum Sharpe,0.06554264292901335,0.09604922117145041,0.4741594192390016
2021-06-11,Maximum Sharpe,0.07106821823185006,0.09576151189635812,0.5332854214657843
2021-06-14,Maximum Sharpe,0.07150191462337352,0.09575596056959021,0.5378455222737255
2021-06-15,Maximum Sharpe,0.0651712183869777,0.0957717453015614,0.4716549567384907
2021-06-16,Maximum Sharpe,0.05829585528238912,0.09604895963829067,0.3987118176668118
2021-06-17,Maximum Sharpe,0.055990658869265575,0.0960150677437304,0.37484386268753833
2021-06-18,Maximum Sharpe,0.05307285084067925,0.09593641599294053,0.3447371938838419
2021-06-21,Maximum Sharpe,0.05188123267806777,0.09592541129242843,0.332354401701525
2021-06-22,Maximum Sharpe,0.050774391759178306,0.09589107572562697,0.3209307177576466
2021-06-23,Maximum Sharpe,0.04834729115935521,0.09589405813995218,0.29561050714929465
2021-06-24,Maximum Sharpe,0.05273747973813392,0.09587749521595114,0.34145113683244593
2021-06-25,Maximum Sharpe,0.046920212054894606,0.09585223686921325,0.28085116147707867
2021-06-28,Maximum Sharpe,0.05549546099438363,0.09602903787898281,0.36963257966944874
2021-06-29,Maximum Sharpe,0.052114755145828084,0.09601066417240248,0.33449154239950796
2021-06-30,Maximum Sharpe,0.05002807681518151,0.09595486560431318,0.31293959536150656
2021-07-01,Maximum Sharpe,0.04899845735333419,0.09594681817060098,0.30223469528476343
2021-07-02,Maximum Sharpe,0.053402835300963014,0.09615460269442193,0.3473867538833974
2021-07-06,Maximum Sharpe,0.053789932146064645,0.09617772575776085,0.35132804274422175
2021-07-07,Maximum Sharpe,0.05408881469886162,0.09618912782354744,0.3543936354365878
2021-07-08,Maximum Sharpe,0.05068217918757956,0.09615104451580618,0.31910396129431273
2021-07-09,Maximum Sharpe,0.04073984643320383,0.09592664557816952,0.21620527131122466
2021-07-12,Maximum Sharpe,0.04182546254403152,0.09592479302681381,0.22752681403159933
2021-07-13,Maximum Sharpe,0.043563463126577995,0.09586346434958812,0.24580233237397325
2021-07-14,Maximum Sharpe,0.04691519138620026,0.09601268670413995,0.2803295305040111
2021-07-15,Maximum Sharpe,0.04945526876012529,0.09602065222438934,0.3067597238486954
2021-07-16,Maximum Sharpe,0.04655292202635142,0.09611760763905464,0.27625450402453
2021-07-19,Maximum Sharpe,0.05115294388630165,0.09625169628869419,0.32366124533392665
2021-07-20,Maximum Sharpe,0.0421916639529798,0.0958179203175432,0.2316024380349314
2021-07-21,Maximum Sharpe,0.03966254394650237,0.09586599925834868,0.20510445933509652
2021-07-22,Maximum Sharpe,0.04069080069200748,0.09591309922357771,0.21572445119072106
2021-07-23,Maximum Sharpe,0.04410035337280793,0.09588602477558443,0.2513437534741208
2021-07-26,Maximum Sharpe,0.04451623986756004,0.09588010531547478,0.25569683916068026
2021-07-27,Maximum Sharpe,0.03861464605002696,0.09567930124573061,0.1945524873997507
2021-07-28,Maximum Sharpe,0.04049321881803736,0.09570143472942179,0.21413700720347784
2021-07-29,Maximum Sharpe,0.03629289957747184,0.09561575901967607,0.1703997305937721
2021-07-30,Maximum Sharpe,0.03272666722551043,0.09559262092069952,0.13313441040672014
2021-08-02,Maximum Sharpe,0.029711281010921686,0.09545269739428441,0.10173919937335564
2021-08-03,Maximum Sharpe,0.029327333551353973,0.09544485742359987,0.09772484137052814
2021-08-04,Maximum Sharpe,0.0221100737280977,0.09512723798483277,0.02218159354562711
2021-08-05,Maximum Sharpe,0.022436169294332453,0.09512302633496533,0.02561072106509468
2021-08-06,Maximum Sharpe,0.0036320674239898043,0.09547857198789983,-0.17143042920755594
2021-08-09,Maximum Sharpe,0.007909736640146825,0.09521293370698557,-0.12698131324322526
2021-08-10,Maximum Sharpe,0.008030450136021994,0.09520886824503812,-0.12571885460472124
2021-08-11,Maximum Sharpe,0.02815138100828518,0.09354866908751638,0.08713518949862797
2021-08-12,Maximum Sharpe,0.025802670159260854,0.0935125701982996,0.062052301064508306
2021-08-13,Maximum Sharpe,0.03411236864786127,0.09391232615008437,0.15027173989182027
2021-08-16,Maximum Sharpe,0.03834695583500247,0.09391144121878858,0.19536443693009634
2021-08-17,Maximum Sharpe,0.027187891921014007,0.09366732496038689,0.07673852033303885
2021-08-18,Maximum Sharpe,0.018344147883629702,0.093477501456797,-0.017713910733221643
2021-08-19,Maximum Sharpe,0.03081087754913514,0.0931085979700718,0.11611041069064444
2021-08-20,Maximum Sharpe,0.02562551177674921,0.09280650553746322,0.06061548965959459
2021-08-23,Maximum Sharpe,0.029624335728141604,0.09299042672985948,0.10349813487898753
2021-08-24,Maximum Sharpe,0.027828635165707993,0.09300991986725782,0.08416989474758056
2021-08-25,Maximum Sharpe,0.024343056667583962,0.09309432145413492,0.0466522189511169
2021-08-26,Maximum Sharpe,0.016668825798864972,0.09288525585131441,-0.03586332589175819
2021-08-27,Maximum Sharpe,0.03339999792086168,0.09283031149121147,0.14434938012817394
2021-08-30,Maximum Sharpe,0.032826391047048764,0.09280672476178246,0.13820540569631903
2021-08-31,Maximum Sharpe,0.025871280356468684,0.092720187829929,0.06332256754309015
2021-09-01,Maximum Sharpe,0.0177015665395186,0.09229379296560229,-0.0249034456882493
2021-09-02,Maximum Sharpe,0.014775265941882498,0.09223153349169533,-0.05664802329875547
2021-09-03,Maximum Sharpe,0.030381645091415388,0.09101769156231163,0.11406183691560677
2021-09-07,Maximum Sharpe,0.03397137658429861,0.09070032759434084,0.15403887675892294
2021-09-08,Maximum Sharpe,0.04728997861860429,0.08988346208019216,0.3036151254861182
2021-09-09,Maximum Sharpe,0.041202934617205145,0.08948635450611023,0.23694042219316672
2021-09-10,Maximum Sharpe,0.03971570992469564,0.08957370763089827,0.22010599366877995
2021-09-13,Maximum Sharpe,0.04295737941364641,0.08958698331422903,0.2562579803934542
2021-09-14,Maximum Sharpe,0.0410750411540457,0.08948740142037885,0.23550847180200168
2021-09-15,Maximum Sharpe,0.03772979648128527,0.08944525489956104,0.19821953105499263
2021-09-16,Maximum Sharpe,0.036538609841827,0.08951979734004094,0.18474807063073534
2021-09-17,Maximum Sharpe,0.03535832520635518,0.08958608495542573,0.1714365039391646
2021-09-20,Maximum Sharpe,0.03966993683110509,0.08946400989987394,0.21986424320929981
2021-09-21,Maximum Sharpe,0.04170310871693328,0.08946772482363362,0.24258031328857743
2021-09-22,Maximum Sharpe,0.04077513771404373,0.08942984161928189,0.23230654709741116
2021-09-23,Maximum Sharpe,0.04574391455268345,0.08891522027822539,0.2895332708182912
2021-09-24,Maximum Sharpe,0.03947451395584611,0.08892461672661917,0.219000257439586
2021-09-27,Maximum Sharpe,0.02917034848623712,0.08877066093161913,0.10330382121747549
2021-09-28,Maximum Sharpe,0.007342984227355576,0.08972294530366472,-0.14106776956337222
2021-09-29,Maximum Sharpe,0.006106343820202698,0.08972455251591346,-0.15484787374484968
2021-09-30,Maximum Sharpe,0.01121869070194692,0.08973977001757859,-0.09785303992124074
2021-10-01,Maximum Sharpe,0.01025216329238643,0.08967797699362916,-0.10869822262277472
2021-10-04,Maximum Sharpe,0.013252829680247658,0.08942509372587187,-0.07545052555869222
2021-10-05,Maximum Sharpe,0.014012035503515596,0.08942092243046808,-0.06696379699214718
2021-10-06,Maximum Sharpe,0.022287477661030897,0.08937918963601214,0.02559295592571852
2021-10-07,Maximum Sharpe,0.01862991142626602,0.08938586729690629,-0.015327798623724924
2021-10-08,Maximum Sharpe,0.01091820550505318,0.08937311702652263,-0.10161662474244554
2021-10-11,Maximum Sharpe,0.0002974791679701827,0.08920947729731614,-0.22085681285145886
2021-10-12,Maximum Sharpe,-0.0037665094443883884,0.08888334481424005,-0.26738990858252154
2021-10-13,Maximum Sharpe,0.00435783906866849,0.08927910681888587,-0.1752051682490915
2021-10-14,Maximum Sharpe,0.012781514606326816,0.08956934190375081,-0.08059102858464681
2021-10-15,Maximum Sharpe,0.01087001855522729,0.08963396467642495,-0.10185850283128255
2021-10-18,Maximum Sharpe,0.01697972886148791,0.08963317295777944,-0.03369590787480827
2021-10-19,Maximum Sharpe,0.021608453337282896,0.08944501452223666,0.017982593505902138
2021-10-20,Maximum Sharpe,0.023240633381006015,0.08942227844166739,0.03623966462809342
2021-10-21,Maximum Sharpe,0.0242216894985694,0.08942180817156453,0.047210961004833095
2021-10-22,Maximum Sharpe,0.03180536319053906,0.0892668196892274,0.13224805399854203
2021-10-25,Maximum Sharpe,0.03365967886419874,0.08933255871258608,0.15290817884380406
2021-10-26,Maximum Sharpe,0.036236660967348344,0.08934197027876684,0.18173609689473322
2021-10-27,Maximum Sharpe,0.03815053361970988,0.0894630891449413,0.20288292963261936
2021-10-28,Maximum Sharpe,0.053298197857449825,0.08852671140447486,0.37613729606775675
2021-10-29,Maximum Sharpe,0.05382246985627903,0.08852766219320882,0.3820553826719445
2021-11-01,Maximum Sharpe,0.06404143423691355,0.08794774074694328,0.5007682273912677
2021-11-02,Maximum Sharpe,0.06224905133958458,0.08787876814263171,0.4807651749397786
2021-11-03,Maximum Sharpe,0.057339677302854275,0.08784178035492636,0.4250787854251429
2021-11-04,Maximum Sharpe,0.046102109782572676,0.08597700221458643,0.30359409039902907
2021-11-05,Maximum Sharpe,0.04248669960434981,0.08560675520620926,0.2626743596365021
2021-11-08,Maximum Sharpe,0.04477112545244677,0.08552893759371977,0.2896227423064082
2021-11-09,Maximum Sharpe,0.06995240245993006,0.08306923236225791,0.6013345860967133
2021-11-10,Maximum Sharpe,0.0657554487769445,0.08349245809062542,0.5480189447444469
2021-11-11,Maximum Sharpe,0.05863123064105258,0.08322919167881429,0.4641548219059062
2021-11-12,Maximum Sharpe,0.05536227687351092,0.08306824988363216,0.42570147948282133
2021-11-15,Maximum Sharpe,0.04757203119748099,0.08318155783547075,0.33146807916265747
2021-11-16,Maximum Sharpe,0.04673801626257612,0.08317563642566814,0.32146452268473086
2021-11-17,Maximum Sharpe,0.050092423376645545,0.08327508519376653,0.36136166425559035
2021-11-18,Maximum Sharpe,0.056552646215513924,0.08332542566515364,0.43867338118861954
2021-11-19,Maximum Sharpe,0.05736988145026456,0.08336034567530522,0.448293263991767
2021-11-22,Maximum Sharpe,0.04357257075822751,0.08416726587491002,0.28006815373165656
2021-11-23,Maximum Sharpe,0.04087192316447985,0.0843614450588638,0.2474106880212438
2021-11-24,Maximum Sharpe,0.04906207465220547,0.08454523812911599,0.3437458489125358
2021-11-26,Maximum Sharpe,0.05271739729616787,0.0846433104104021,0.386532581695282
2021-11-29,Maximum Sharpe,0.05189486690261891,0.084606791623562,0.3769776195335193
2021-11-30,Maximum Sharpe,0.053284005051859706,0.08459787380544796,0.3934378437028315
2021-12-01,Maximum Sharpe,0.050486962173384775,0.08464530200674528,0.36017311593920837
2021-12-02,Maximum Sharpe,0.05380758560486476,0.08463371979662551,0.39945763563393233
2021-12-03,Maximum Sharpe,0.049674804750546864,0.08452535067404321,0.3510757957690398
2021-12-06,Maximum Sharpe,0.05161872709697657,0.0844379295767753,0.3744611841557199
2021-12-07,Maximum Sharpe,0.05115763619990399,0.08440384242668265,0.3691494996447472
2021-12-08,Maximum Sharpe,0.043569150686308955,0.08446719857119063,0.27903317601381566
2021-12-09,Maximum Sharpe,0.050844064306127645,0.0839227051837962,0.3675294336446511
2021-12-10,Maximum Sharpe,0.04998828189289628,0.08388684764828122,0.35748490655687093
2021-12-13,Maximum Sharpe,0.04996535955946979,0.08388658431485332,0.35721277489377995
2021-12-14,Maximum Sharpe,0.043739329960968965,0.08407636788975101,0.28235437087503884
2021-12-15,Maximum Sharpe,0.0450136985820595,0.08413153191101998,0.2973165710154278
2021-12-16,Maximum Sharpe,0.03805300896278241,0.08431845752981536,0.21410506657333941
2021-12-17,Maximum Sharpe,0.03778859849048333,0.08431310551576951,0.21098260325799806
2021-12-20,Maximum Sharpe,0.034006366676892386,0.08449408867122583,0.16576741517850355
2021-12-21,Maximum Sharpe,0.038414238314465,0.0846192374778372,0.21761290769475333
2021-12-22,Maximum Sharpe,0.04304587375395741,0.0848321061908459,0.2716645240672364
2021-12-23,Maximum Sharpe,0.046276394603798954,0.08475681280329657,0.31002103234793826
2021-12-27,Maximum Sharpe,0.04929672732425727,0.08491380957836085,0.34501722946750407
2021-12-28,Maximum Sharpe,0.04334421699782176,0.08493819360496936,0.27483769087898274
2021-12-29,Maximum Sharpe,0.03837925177209067,0.08506865322715676,0.21605198947975587
2021-12-30,Maximum Sharpe,0.0398452084934211,0.08510614955740735,0.23318183934563683
2021-12-31,Maximum Sharpe,0.03703016078609833,0.08509841153135009,0.20012313367123724
2022-01-03,Maximum Sharpe,0.030063776201230574,0.08552486080027978,0.11767076972778483
2022-01-04,Maximum Sharpe,0.025812947841736378,0.08564073810568242,0.0678759661618409
2022-01-05,Maximum Sharpe,0.026957569156879302,0.08546920186204586,0.0814044007116081
2022-01-06,Maximum Sharpe,0.022127217375318642,0.08543698431802164,0.024898085908562868
2022-01-07,Maximum Sharpe,0.018218676092688346,0.08561164867542391,-0.020807027254726957
2022-01-10,Maximum Sharpe,0.02496095681409427,0.08543475915654082,0.05806719493414131
2022-01-11,Maximum Sharpe,0.033754459746007104,0.08585000609711176,0.16021501187138348
2022-01-12,Maximum Sharpe,0.028274393793586317,0.08565701737126787,0.09659913510322407
2022-01-13,Maximum Sharpe,0.028593237783783643,0.08563869254464974,0.10034293528364362
2022-01-14,Maximum Sharpe,0.02559522420731275,0.08574932800635657,0.06525093942308187
2022-01-18,Maximum Sharpe,0.004886000560586856,0.08667808075483523,-0.17436933660497586
2022-01-19,Maximum Sharpe,-0.0031261335966369375,0.08621796017404759,-0.26822872577769613
2022-01-20,Maximum Sharpe,-0.004909057686031226,0.08624245473571321,-0.28882593569911835
2022-01-21,Maximum Sharpe,-0.00870126197089982,0.08633886189600391,-0.33242576217266795
2022-01-24,Maximum Sharpe,-0.016214837841834306,0.08603192768511207,-0.4209464883128654
2022-01-25,Maximum Sharpe,-0.023220841443671758,0.08636443904541131,-0.5004471970337907
2022-01-26,Maximum Sharpe,-0.023292319939309913,0.08637087240955177,-0.5012374974520023
2022-01-27,Maximum Sharpe,-0.02110408498411298,0.08638583748518361,-0.47581971976787185
2022-01-28,Maximum Sharpe,-0.00258411920919821,0.08659087827575013,-0.26081406793540884
2022-01-31,Maximum Sharpe,-0.0024683299823478055,0.08660327356876624,-0.2594397308146454
2022-02-01,Maximum Sharpe,-0.001578340011482493,0.08661477989678383,-0.2491299987969344
2022-02-02,Maximum Sharpe,0.008277622396834605,0.08664055863760367,-0.13529896145057468
2022-02-03,Maximum Sharpe,-0.009517013215750603,0.08842300616692313,-0.33381598856782807
2022-02-04,Maximum Sharpe,-0.009877920275387364,0.08842755336450162,-0.33788020971505883
2022-02-07,Maximum Sharpe,-0.015895199426287032,0.08832208712678989,-0.4064124908501997
2022-02-08,Maximum Sharpe,-0.014708610743211503,0.08834150483138929,-0.3928913233870896
2022-02-09,Maximum Sharpe,-0.008339245790762062,0.08876363819722755,-0.3192663839194371
2022-02-10,Maximum Sharpe,-0.022285641931423683,0.09006099452757975,-0.46952226269802494
2022-02-11,Maximum Sharpe,-0.02169585071139679,0.090041024674996,-0.4630761462555362
2022-02-14,Maximum Sharpe,-0.01687158446779158,0.0896818897199395,-0.4111374613418043
2022-02-15,Maximum Sharpe,-0.012303161501669768,0.08977031913248902,-0.359842337799809
2022-02-16,Maximum Sharpe,-0.006479102142215809,0.08980165897347907,-0.2948620598427455
2022-02-17,Maximum Sharpe,-0.0066797169361223485,0.08981503867156071,-0.29705177808457917
2022-02-18,Maximum Sharpe,0.001348281808236651,0.0894119798131984,-0.2086042410729631
2022-02-22,Maximum Sharpe,4.8427900825043224e-05,0.08944706764665326,-0.22305451284317718
2022-02-23,Maximum Sharpe,-0.01369367845512559,0.09050156692827951,-0.3722993932450594
2022-02-24,Maximum Sharpe,0.019015634507620227,0.08871925034219107,-0.01109528640721225
2022-02-25,Maximum Sharpe,0.014711574092617363,0.08830644155767056,-0.059887204309199894
2022-02-28,Maximum Sharpe,0.02020039700272047,0.08877627258237196,0.002257326162624487
2022-03-01,Maximum Sharpe,0.027553991272880607,0.08873917470414337,0.08512577785477081
2022-03-02,Maximum Sharpe,0.034882411718451634,0.08783689274100377,0.16943235642834012
2022-03-03,Maximum Sharpe,0.045111310544263095,0.08729897289660496,0.28764726217345526
2022-03-04,Maximum Sharpe,0.045280882522007015,0.08730806256796059,0.28955954099117
2022-03-07,Maximum Sharpe,0.04648291410540417,0.08714446824526476,0.30389667455275565
2022-03-08,Maximum Sharpe,0.028358745375531402,0.08496575518581068,0.0983778153592792
2022-03-09,Maximum Sharpe,0.028817753962691928,0.08497167503117999,0.10377286265636508
2022-03-10,Maximum Sharpe,0.016282419749436006,0.08517469493288797,-0.04364653437847006
2022-03-11,Maximum Sharpe,0.01920115750150453,0.08485578570518142,-0.009414119401014434
2022-03-14,Maximum Sharpe,-0.0049725893068442995,0.0865901456989931,-0.288399899379482
2022-03-15,Maximum Sharpe,0.00012778768499122073,0.08676087764135784,-0.22904577333984852
2022-03-16,Maximum Sharpe,0.01808565382048144,0.08844510371903092,-0.02164445626747167
2022-03-17,Maximum Sharpe,0.03707826660979974,0.08721523741711917,0.19581746396126307
2022-03-18,Maximum Sharpe,0.042510565866376915,0.08755537818022444,0.2571008924208065
2022-03-21,Maximum Sharpe,0.025671636898731087,0.08729195243916438,0.0649731932927468
2022-03-22,Maximum Sharpe,0.02446637687100428,0.08727732196701415,0.05117454076664171
2022-03-23,Maximum Sharpe,0.033096168425528205,0.08738176945364169,0.14987300563278322
2022-03-24,Maximum Sharpe,0.04377163159710262,0.08757620594917435,0.27143938629744596
2022-03-25,Maximum Sharpe,0.03468852146896606,0.08773728451833836,0.16741481742458017
2022-03-28,Maximum Sharpe,0.0430629593302887,0.08762890326419247,0.26318895331550773
2022-03-29,Maximum Sharpe,0.053913384394118635,0.08802586659292984,0.3852661235469453
2022-03-30,Maximum Sharpe,0.0506616339555257,0.08794431247518776,0.3486482876783697
2022-03-31,Maximum Sharpe,0.033768848523576755,0.0871785547895948,0.15793848104970118
2022-04-01,Maximum Sharpe,0.028080548474172184,0.08708032991545324,0.09279418764280788
2022-04-04,Maximum Sharpe,0.031125798128732507,0.08726047003383972,0.12750101076028938
2022-04-05,Maximum Sharpe,0.01586026360902526,0.08877678691998689,-0.04663084275291264
2022-04-06,Maximum Sharpe,-0.0012424736387103286,0.08894143312744349,-0.23883664667593285
2022-04-07,Maximum Sharpe,-0.00018076162717928224,0.08894064012151752,-0.22690146596209312
2022-04-08,Maximum Sharpe,-0.004344180132100917,0.0891051707981075,-0.27320726635785725
2022-04-11,Maximum Sharpe,-0.023774611067167828,0.08959852875484227,-0.488563949380721
2022-04-12,Maximum Sharpe,-0.018304404120635054,0.08943988356805072,-0.42826983435740934
2022-04-13,Maximum Sharpe,-0.02153993393204301,0.08901497515356825,-0.46666231002568387
2022-04-14,Maximum Sharpe,-0.034616992975753824,0.09022706978837908,-0.6053282357928053
2022-04-18,Maximum Sharpe,-0.03061186565563867,0.09013161970523116,-0.5615328540767498
2022-04-19,Maximum Sharpe,-0.028486202897106794,0.09016260087635572,-0.5377640221758714
2022-04-20,Maximum Sharpe,-0.030716404661928487,0.0900681864725414,-0.5630889956620824
2022-04-21,Maximum Sharpe,-0.03834929630118722,0.09069356233173476,-0.643367564367577
2022-04-22,Maximum Sharpe,-0.05628607774409966,0.09203451736442834,-0.8288855087057206
2022-04-25,Maximum Sharpe,-0.05606051412369217,0.09203975789578847,-0.8263875944764141
2022-04-26,Maximum Sharpe,-0.06268664379451039,0.09266381759613183,-0.8923293464434393
2022-04-27,Maximum Sharpe,-0.06794610550107671,0.09282525874192452,-0.9474372244475724
2022-04-28,Maximum Sharpe,-0.052583555919425984,0.0942341585429523,-0.7702467665835008
2022-04-29,Maximum Sharpe,-0.07167334007839177,0.09668003744110283,-0.94821374199652
2022-05-02,Maximum Sharpe,-0.07646440818696909,0.09676406352803686,-0.9969032373161867
2022-05-03,Maximum Sharpe,-0.06909418311686999,0.09675076038238012,-0.9208628724441063
2022-05-04,Maximum Sharpe,-0.05209598911753499,0.09856263084575446,-0.7314738709680099
2022-05-05,Maximum Sharpe,-0.08356749524498486,0.10234185983955144,-1.011975895370232
2022-05-06,Maximum Sharpe,-0.09315860366632212,0.1025735836876848,-1.1031944054023355
2022-05-09,Maximum Sharpe,-0.0998460469311917,0.10355898050311356,-1.1572733368844672
2022-05-10,Maximum Sharpe,-0.0940627859079276,0.10362327260309882,-1.1007448717125017
2022-05-11,Maximum Sharpe,-0.08457543048083116,0.1028048876265168,-1.0172223606794517
2022-05-12,Maximum Sharpe,-0.09415798207581838,0.10283980154411405,-1.1100564213637587
2022-05-13,Maximum Sharpe,-0.09715333471004173,0.10251691923052425,-1.142770730815714
2022-05-16,Maximum Sharpe,-0.09729430315942866,0.10251838771970505,-1.1441294168624887
2022-05-17,Maximum Sharpe,-0.0900636008014738,0.10265077613099582,-1.0722140148362662
2022-05-18,Maximum Sharpe,-0.10186091230168248,0.1035632103928691,-1.1766814860161314
2022-05-19,Maximum Sharpe,-0.10836149747801949,0.10308580935729217,-1.2451907617383355
2022-05-20,Maximum Sharpe,-0.10557501665248092,0.10312406094718617,-1.2177082195860456
2022-05-23,Maximum Sharpe,-0.10768327396571908,0.10298517856991833,-1.2398218436746489
2022-05-24,Maximum Sharpe,-0.11182516097942763,0.10285009084511268,-1.2817213859144763
2022-05-25,Maximum Sharpe,-0.10784182866851988,0.10297290395949743,-1.2415094044429804
2022-05-26,Maximum Sharpe,-0.09735554843277294,0.10339440039837937,-1.1350280864398958
2022-05-27,Maximum Sharpe,-0.08584447530128358,0.10435548918034462,-1.014268402483033
2022-05-31,Maximum Sharpe,-0.09364567998205386,0.10481237239367973,-1.0842773366029332
2022-06-01,Maximum Sharpe,-0.09827411550437426,0.10480002364952384,-1.1285695497542156
2022-06-02,Maximum Sharpe,-0.07519690009717195,0.10579746151936037,-0.8998032535946189
2022-06-03,Maximum Sharpe,-0.09947072892179709,0.10614491661348714,-1.125543575080794
2022-06-06,Maximum Sharpe,-0.10212121265301888,0.10614742338286214,-1.1504868301187212
2022-06-07,Maximum Sharpe,-0.09626988747037157,0.10647035803129226,-1.0920399782651165
2022-06-08,Maximum Sharpe,-0.10372367827458306,0.1065917483505723,-1.1607247295322067
2022-06-09,Maximum Sharpe,-0.12190575033740059,0.10727565677781233,-1.3228140903514911
2022-06-10,Maximum Sharpe,-0.13253900073656644,0.10817738443064562,-1.4100821677229753
2022-06-13,Maximum Sharpe,-0.1622147355341198,0.1135324116741402,-1.6049578516583531
2022-06-14,Maximum Sharpe,-0.16340805983323892,0.1135696721742476,-1.6149387096217
2022-06-15,Maximum Sharpe,-0.1426832422941624,0.11483629793992185,-1.416653490338676
2022-06-16,Maximum Sharpe,-0.15620324658060403,0.11574921223151424,-1.5222846288419953
2022-06-17,Maximum Sharpe,-0.1558090487091448,0.1157590778025093,-1.5187495619918787
2022-06-21,Maximum Sharpe,-0.14766292841242257,0.11626342347356465,-1.442095229980432
2022-06-22,Maximum Sharpe,-0.14669214629778882,0.11630256936579637,-1.4332628006996688
2022-06-23,Maximum Sharpe,-0.14056539117838862,0.11649465941746646,-1.3783068853224567
2022-06-24,Maximum Sharpe,-0.128729433693335,0.11760366053795702,-1.2646667035107466
2022-06-27,Maximum Sharpe,-0.13093657198474362,0.11766549191928523,-1.2827598773672853
2022-06-28,Maximum Sharpe,-0.14836617246099537,0.11820699039677991,-1.424333467046648
2022-06-29,Maximum Sharpe,-0.14598718016565548,0.1182346676933693,-1.403879110956931
2022-06-30,Maximum Sharpe,-0.1527380487207045,0.11833189537836761,-1.45977589700877
2022-07-01,Maximum Sharpe,-0.14814108471712784,0.11850840696854885,-1.4188114499062592
2022-07-05,Maximum Sharpe,-0.15399268285049317,0.11826166189483615,-1.4712517992958332
2022-07-06,Maximum Sharpe,-0.16231188012041797,0.11808438566164196,-1.5439118313475664
2022-07-07,Maximum Sharpe,-0.15731192932236904,0.11848453743221991,-1.4964984728391402
2022-07-08,Maximum Sharpe,-0.15779602339855014,0.1184840958972232,-1.5005897800222567
2022-07-11,Maximum Sharpe,-0.16404484678342512,0.11881925428774505,-1.5489480041485784
2022-07-12,Maximum Sharpe,-0.16956908201770615,0.11893538803731024,-1.5938829068959526
2022-07-13,Maximum Sharpe,-0.16715461689873623,0.11892662376286642,-1.5736982264956325
2022-07-14,Maximum Sharpe,-0.1761913580387866,0.11878911879503935,-1.6515936815500611
2022-07-15,Maximum Sharpe,-0.16845922503604027,0.11935630994261585,-1.5789632330845995
2022-07-18,Maximum Sharpe,-0.1694934314709151,0.11940264113861082,-1.5870120599002333
2022-07-19,Maximum Sharpe,-0.15943043544476,0.12063582761413366,-1.4873726901322137
2022-07-20,Maximum Sharpe,-0.15658148415672124,0.1207224042278749,-1.4627068213734962
2022-07-21,Maximum Sharpe,-0.14283585451921088,0.12150525504629811,-1.3401548308109328
2022-07-22,Maximum Sharpe,-0.15205775538432653,0.12146979751295775,-1.4164653181872005
2022-07-25,Maximum Sharpe,-0.1555904826721679,0.1214844686868576,-1.445373919564778
2022-07-26,Maximum Sharpe,-0.16293681562117313,0.12182292627034216,-1.5016616430244882
2022-07-27,Maximum Sharpe,-0.14432033930226684,0.12408827384195488,-1.324221332239286
2022-07-28,Maximum Sharpe,-0.13671736167170312,0.12461065219710141,-1.2576562188585394
2022-07-29,Maximum Sharpe,-0.1278598066960145,0.12509070773738118,-1.1820207061777552
2022-08-01,Maximum Sharpe,-0.12437904510943698,0.12514074439738543,-1.1537333088810802
2022-08-02,Maximum Sharpe,-0.13312456625510716,0.12524450731872905,-1.2226050429934416
2022-08-03,Maximum Sharpe,-0.12182909029351507,0.12618063793339002,-1.1240162723569822
2022-08-04,Maximum Sharpe,-0.11712196526989327,0.12635152670211403,-1.0852418553926269
2022-08-05,Maximum Sharpe,-0.12403406016000362,0.1266259434734234,-1.137476698763819
2022-08-08,Maximum Sharpe,-0.11173571278015204,0.12622806373196213,-1.0436325242212783
2022-08-09,Maximum Sharpe,-0.1119415478616832,0.1262344686152439,-1.0452101498825506
2022-08-10,Maximum Sharpe,-0.09751181651644825,0.12692640961504312,-0.9258263656306949
2022-08-11,Maximum Sharpe,-0.10359735023640115,0.1269828498640576,-0.9733389222932008
2022-08-12,Maximum Sharpe,-0.09098240160311433,0.12785472344465507,-0.8680352091266748
2022-08-15,Maximum Sharpe,-0.09915423036614657,0.1275252718017286,-0.9343577840116507
2022-08-16,Maximum Sharpe,-0.10136890145986888,0.1274993349621059,-0.9519179178145594
2022-08-17,Maximum Sharpe,-0.10619316939536505,0.12772823681533954,-0.9879817692763285
2022-08-18,Maximum Sharpe,-0.10338703943745964,0.12772303403349347,-0.9660515847525453
2022-08-19,Maximum Sharpe,-0.11854002562893196,0.1283464255043768,-1.0794225478777164
2022-08-22,Maximum Sharpe,-0.13559178514178205,0.12926742002281386,-1.2036426898155956
2022-08-23,Maximum Sharpe,-0.1406138225655641,0.12908261909403992,-1.244271488236173
2022-08-24,Maximum Sharpe,-0.1374225874796623,0.1291009631981651,-1.219375778304803
2022-08-25,Maximum Sharpe,-0.12389808212246656,0.12964012119968585,-1.1099810829459118
2022-08-26,Maximum Sharpe,-0.14488000132447776,0.13194050247098235,-1.2496541868236388
2022-08-29,Maximum Sharpe,-0.1563531839746416,0.13175363325409015,-1.3385071790357395
2022-08-30,Maximum Sharpe,-0.16691239041921535,0.13192943943335128,-1.4167602865745563
2022-08-31,Maximum Sharpe,-0.1712277852480112,0.13208488123106657,-1.447764372922297
2022-09-01,Maximum Sharpe,-0.17419342604977506,0.1320875859516115,-1.4701868056012106
2022-09-02,Maximum Sharpe,-0.17909791314299028,0.13216047415300067,-1.5064860686902266
2022-09-06,Maximum Sharpe,-0.18436372025347225,0.1322617182996514,-1.5451464178808487
2022-09-07,Maximum Sharpe,-0.16557153016662463,0.13325091031493574,-1.392647372749876
2022-09-08,Maximum Sharpe,-0.1642453710105034,0.13327775392597901,-1.382416536767503
2022-09-09,Maximum Sharpe,-0.15492547071664609,0.13408033460102597,-1.3046318182092869
2022-09-12,Maximum Sharpe,-0.14191394385610212,0.13433650398266198,-1.2052862703424185
2022-09-13,Maximum Sharpe,-0.17521122960943647,0.13909970555502746,-1.4033906745561833
2022-09-14,Maximum Sharpe,-0.1764082510894449,0.13905591163093772,-1.4124408576797767
2022-09-15,Maximum Sharpe,-0.1882665987073885,0.13975192705512973,-1.4902592264450913
2022-09-16,Maximum Sharpe,-0.18617281190568524,0.13967524825035596,-1.476086955192935
2022-09-19,Maximum Sharpe,-0.17701305519867838,0.13973358868913463,-1.409919097096786
2022-09-20,Maximum Sharpe,-0.18392788146558192,0.1399651138293434,-1.4569907878203636
2022-09-21,Maximum Sharpe,-0.19350407761617183,0.14028197187273364,-1.5219637617431454
2022-09-22,Maximum Sharpe,-0.20316383977212626,0.1404256223684859,-1.5891960171380257
2022-09-23,Maximum Sharpe,-0.21112901425661945,0.1412200371705396,-1.6366587836080535
2022-09-26,Maximum Sharpe,-0.21599632489986387,0.14144406343886542,-1.6684781189269606
2022-09-27,Maximum Sharpe,-0.21314895901709985,0.14142490408236078,-1.6485707416942794
2022-09-28,Maximum Sharpe,-0.18466247677684244,0.142465789522916,-1.436572790297294
2022-09-29,Maximum Sharpe,-0.1979130944489188,0.14337926834530382,-1.5198368422700648
2022-09-30,Maximum Sharpe,-0.20848079156605104,0.14364666131344198,-1.5905750226070208
2022-10-03,Maximum Sharpe,-0.1932479498010613,0.14577284434708176,-1.4628784308641387
2022-10-04,Maximum Sharpe,-0.16685468154315397,0.14818769920772432,-1.260932469713479
2022-10-05,Maximum Sharpe,-0.16955357716647246,0.14820931321039357,-1.2789586096886352
2022-10-06,Maximum Sharpe,-0.17786563264340383,0.1482513238891625,-1.3346635122890003
2022-10-07,Maximum Sharpe,-0.1974470657890185,0.1503246379318481,-1.4465164778085233
2022-10-10,Maximum Sharpe,-0.20295224774729592,0.15060528391981975,-1.4803746717544966
2022-10-11,Maximum Sharpe,-0.20511159171970372,0.15068376337678752,-1.4939339625916301
2022-10-12,Maximum Sharpe,-0.20881251753228136,0.15057306182653674,-1.5196112422544616
2022-10-13,Maximum Sharpe,-0.2037246902490083,0.15111316296224514,-1.4805109354034551
2022-10-14,Maximum Sharpe,-0.2268483276015888,0.15234915049874861,-1.6202803021446213
2022-10-17,Maximum Sharpe,-0.2073558303100328,0.153919760066169,-1.4771061896945146
2022-10-18,Maximum Sharpe,-0.20379538070189385,0.15410159559913897,-1.4522586857831619
2022-10-19,Maximum Sharpe,-0.209758369248087,0.1543072085969675,-1.4889671800634352
2022-10-20,Maximum Sharpe,-0.21398005422395916,0.1543816190128024,-1.515595287315622
2022-10-21,Maximum Sharpe,-0.1974931726335838,0.15599779992432647,-1.394206666626634
2022-10-24,Maximum Sharpe,-0.1939670637653077,0.15613802788513745,-1.3703712456437072
2022-10-25,Maximum Sharpe,-0.18603866858767815,0.1567729881085382,-1.314248526315209
2022-10-26,Maximum Sharpe,-0.1927157924656583,0.15685667924268076,-1.3561156177261353
2022-10-27,Maximum Sharpe,-0.2041765169966121,0.15680354674886304,-1.4296648363168325
2022-10-28,Maximum Sharpe,-0.19349430580706972,0.15759233349924004,-1.3547252018328624
2022-10-31,Maximum Sharpe,-0.20053772310711682,0.157754170495867,-1.397983472727871
2022-11-01,Maximum Sharpe,-0.20126999415264324,0.15775348675989884,-1.4026314010378527
2022-11-02,Maximum Sharpe,-0.2221360325641787,0.15928455590186466,-1.5201475823767803
2022-11-03,Maximum Sharpe,-0.22944802224885263,0.15958623060270194,-1.5630923877753977
2022-11-04,Maximum Sharpe,-0.22179535323543742,0.16057059389950296,-1.5058507748110526
2022-11-07,Maximum Sharpe,-0.22338786966947144,0.16047502681682374,-1.5166713132710026
2022-11-08,Maximum Sharpe,-0.21363439662438932,0.16090051853419313,-1.4520425338140812
2022-11-09,Maximum Sharpe,-0.22981885446256523,0.16168287790924507,-1.5451163270534567
2022-11-10,Maximum Sharpe,-0.1795302957655147,0.1704576475286121,-1.1705564323948718
2022-11-11,Maximum Sharpe,-0.1704262877713938,0.17087481222799336,-1.1144198801945921
2022-11-14,Maximum Sharpe,-0.1775479355445725,0.17090686881144304,-1.155880608651966
2022-11-15,Maximum Sharpe,-0.16597585525914071,0.1711482413805372,-1.086636086698871
2022-11-16,Maximum Sharpe,-0.17368352250254182,0.17133951586226198,-1.130407784379652
2022-11-17,Maximum Sharpe,-0.18114005309441528,0.17130976540119636,-1.1741306902344901
2022-11-18,Maximum Sharpe,-0.18441777585466868,0.17124609139727653,-1.1937076880805215
2022-11-21,Maximum Sharpe,-0.1931330879492582,0.17126108054843545,-1.2444922528033489
2022-11-22,Maximum Sharpe,-0.17578506891365198,0.17124878951162825,-1.1432785567243828
2022-11-23,Maximum Sharpe,-0.16377032888161547,0.17128923092739362,-1.072865631345571
2022-11-25,Maximum Sharpe,-0.17013442949918767,0.17115801589363708,-1.1108707267169018
2022-11-28,Maximum Sharpe,-0.1849248724514151,0.171567858053031,-1.1944246129602756
2022-11-29,Maximum Sharpe,-0.18878890292202988,0.1715085628395299,-1.2173672233343877
2022-11-30,Maximum Sharpe,-0.164951078653771,0.17419224278121404,-1.0617641503477862
2022-12-01,Maximum Sharpe,-0.15820098020383289,0.17428757819386184,-1.0224537058264596
2022-12-02,Maximum Sharpe,-0.16112546897965574,0.1742800646684051,-1.0392781832177713
2022-12-05,Maximum Sharpe,-0.17696802837706738,0.17517164488943965,-1.1244287196217435
2022-12-06,Maximum Sharpe,-0.1838941932328121,0.17547563413761058,-1.161951596498664
2022-12-07,Maximum Sharpe,-0.18859885350995187,0.17533149580832466,-1.1897397700752843
2022-12-08,Maximum Sharpe,-0.17960685422316325,0.1754645100976848,-1.1375910382791248
2022-12-09,Maximum Sharpe,-0.18071873865458643,0.1754870510242748,-1.14378090852311
2022-12-12,Maximum Sharpe,-0.17800497662460868,0.17559825014543082,-1.1276022196156315
2022-12-13,Maximum Sharpe,-0.16959338541662206,0.17600912346066014,-1.0771793057591026
2022-12-14,Maximum Sharpe,-0.16966151018104103,0.17601136258238906,-1.0775526500015729
2022-12-15,Maximum Sharpe,-0.19395676754431657,0.1775788719659119,-1.2048548635075673
2022-12-16,Maximum Sharpe,-0.19316643349786655,0.17755554128871218,-1.200561987255862
2022-12-19,Maximum Sharpe,-0.20182760947639844,0.17772398676880194,-1.2481579639836131
2022-12-20,Maximum Sharpe,-0.19256835668776107,0.17777135140947836,-1.1957402303711542
2022-12-21,Maximum Sharpe,-0.18830526814795923,0.1780164708743563,-1.1701460383122677
2022-12-22,Maximum Sharpe,-0.20683840141683096,0.17856671863044984,-1.270328553700318
2022-12-23,Maximum Sharpe,-0.20359777642459176,0.17862551977910882,-1.2517683738644756
2022-12-27,Maximum Sharpe,-0.21134981212103432,0.1785049117139691,-1.2960417161615267
2022-12-28,Maximum Sharpe,-0.2173468124234904,0.17875671011117109,-1.3277644921742036
2022-12-29,Maximum Sharpe,-0.20048032782427505,0.17960601497600953,-1.2275776390547122
2022-12-30,Maximum Sharpe,-0.20284579494841382,0.17956509014551192,-1.2410307302373143
2023-01-03,Maximum Sharpe,-0.20314912905991878,0.1795657359695528,-1.2427155317524272
2023-01-04,Maximum Sharpe,-0.18994625999649295,0.17960301135027373,-1.168946213195957
2023-01-05,Maximum Sharpe,-0.19693765529026674,0.1799792726946369,-1.2053479939233644
2023-01-06,Maximum Sharpe,-0.1679572656842232,0.18115551856266332,-1.0375464527690172
2023-01-09,Maximum Sharpe,-0.1643889290365026,0.1811823251223508,-1.017698215937931
2023-01-10,Maximum Sharpe,-0.1535161100980833,0.18128106802298263,-0.9571661949613244
2023-01-11,Maximum Sharpe,-0.14597290313722866,0.18158431723444549,-0.9140266387814716
2023-01-12,Maximum Sharpe,-0.146551981874539,0.18155116207459213,-0.9173831771239747
2023-01-13,Maximum Sharpe,-0.14064579094701912,0.181726177933313,-0.8839991726781948
2023-01-17,Maximum Sharpe,-0.13826268656625573,0.18168231006873636,-0.8710957412770663
2023-01-18,Maximum Sharpe,-0.14391999201352668,0.18194606021177598,-0.9009263065258578
2023-01-19,Maximum Sharpe,-0.13290891600294985,0.18144548275962158,-0.8427264965616317
2023-01-20,Maximum Sharpe,-0.12119196773625929,0.18205495341757888,-0.7755458727475967
2023-01-23,Maximum Sharpe,-0.10873739479815125,0.1824770757406534,-0.7054990018643219
2023-01-24,Maximum Sharpe,-0.10513112343697661,0.18243950595480846,-0.6858773420926302
2023-01-25,Maximum Sharpe,-0.10378197394554567,0.18244551490845515,-0.6784599446451461
2023-01-26,Maximum Sharpe,-0.09054606801005194,0.18244824260649364,-0.6059037151071874
2023-01-27,Maximum Sharpe,-0.07997388656148696,0.18234152655210425,-0.5482782142493434
2023-01-30,Maximum Sharpe,-0.09247749374839398,0.1827079643785744,-0.6156135236411395
2023-01-31,Maximum Sharpe,-0.09055709153265379,0.18284503368993052,-0.6046491353991984
2023-02-01,Maximum Sharpe,-0.08536256514474094,0.18323618507000397,-0.5750095981559974
2023-02-02,Maximum Sharpe,-0.07685805691888492,0.18356708077477688,-0.5276439354489847
2023-02-03,Maximum Sharpe,-0.09692107275138728,0.18421846802818082,-0.6346870322116743
2023-02-06,Maximum Sharpe,-0.08550202358619763,0.1834659292311256,-0.5750496783154159
2023-02-07,Maximum Sharpe,-0.07409033675183996,0.18381948601419368,-0.5118626909041338
2023-02-08,Maximum Sharpe,-0.08129389802610165,0.18403986480515086,-0.5503910695291201
2023-02-09,Maximum Sharpe,-0.09142275078777362,0.184236134421466,-0.6047822873491172
2023-02-10,Maximum Sharpe,-0.0999341899984052,0.18400104214526258,-0.6518125582338888
2023-02-13,Maximum Sharpe,-0.07863585197438117,0.18357602654959865,-0.5373024671483
2023-02-14,Maximum Sharpe,-0.07400792911741327,0.18357608695114078,-0.51209245538845
2023-02-15,Maximum Sharpe,-0.06890070128426395,0.18353936246611138,-0.48436858497140384
2023-02-16,Maximum Sharpe,-0.08275939031285506,0.18380434407426294,-0.5590694323923973
2023-02-17,Maximum Sharpe,-0.08741319546099857,0.18377273301931615,-0.5844892966232835
2023-02-21,Maximum Sharpe,-0.09762363427316645,0.18445886109773804,-0.637668657245162
2023-02-22,Maximum Sharpe,-0.09864132759566047,0.18446314709531805,-0.6431708959966658
2023-02-23,Maximum Sharpe,-0.09157927665962096,0.1845138878791271,-0.6047202080133678
2023-02-24,Maximum Sharpe,-0.08933398459630848,0.18435158472604846,-0.5930732017236618
2023-02-27,Maximum Sharpe,-0.0953301953875142,0.18404868754930548,-0.626628730273439
2023-02-28,Maximum Sharpe,-0.10125971291631441,0.18392206350209453,-0.6592994369864358
2023-03-01,Maximum Sharpe,-0.11204670929965665,0.18360791608841076,-0.7191776482887241
2023-03-02,Maximum Sharpe,-0.11059796863551608,0.1836478510949315,-0.711132571695637
2023-03-03,Maximum Sharpe,-0.08974879525235091,0.18419943999164495,-0.5958150321050323
2023-03-06,Maximum Sharpe,-0.09220627324352426,0.18421070533661668,-0.6091191770776003
2023-03-07,Maximum Sharpe,-0.11009130439003956,0.18468773514353715,-0.7043851844787317
2023-03-08,Maximum Sharpe,-0.09779564714853939,0.18434858123114967,-0.6389832043287528
2023-03-09,Maximum Sharpe,-0.10902135446058803,0.1846172509964251,-0.6988586048390807
2023-03-10,Maximum Sharpe,-0.11473922808876891,0.18466405048949355,-0.7296451460455476
2023-03-13,Maximum Sharpe,-0.10182767002235438,0.18467994892545406,-0.65966917757558
2023-03-14,Maximum Sharpe,-0.08374732945985974,0.18492971920152979,-0.561009500840693
2023-03-15,Maximum Sharpe,-0.06650010691775732,0.1840638836831785,-0.4699461142884845
2023-03-16,Maximum Sharpe,-0.0574949388599697,0.1846174975672181,-0.4197594479459038
2023-03-17,Maximum Sharpe,-0.07241381989843876,0.18379593893526444,-0.5028066475994785
2023-03-20,Maximum Sharpe,-0.07065438025361837,0.1838441365607552,-0.49310455013429105
2023-03-21,Maximum Sharpe,-0.07436387359990648,0.18369788269272214,-0.5136905892255287
2023-03-22,Maximum Sharpe,-0.07466514269218738,0.1837094057332697,-0.5152982903315961
2023-03-23,Maximum Sharpe,-0.06811690313270691,0.18387854914603083,-0.4792125212100032
2023-03-24,Maximum Sharpe,-0.07257241901318268,0.1837938087819514,-0.5036753937833042
2023-03-27,Maximum Sharpe,-0.08189207738480353,0.18367481205830127,-0.5547416994359651
2023-03-28,Maximum Sharpe,-0.07648675811483596,0.18359097082417142,-0.5255528508928861
2023-03-29,Maximum Sharpe,-0.0705383076164845,0.18381991649301235,-0.4925380739139123
2023-03-30,Maximum Sharpe,-0.071983313825571,0.18374981984584768,-0.5005899537900941
2023-03-31,Maximum Sharpe,-0.06408762759935382,0.18400309430918207,-0.45699029092445925
2023-04-03,Maximum Sharpe,-0.05800210403009598,0.18398770751552226,-0.4239528014311243
2023-04-04,Maximum Sharpe,-0.05588264085774508,0.1839902131961711,-0.4124275935092195
2023-04-05,Maximum Sharpe,-0.06698919127074376,0.18391652856388316,-0.4729819116857036
2023-04-06,Maximum Sharpe,-0.05041137687678454,0.18321259387630406,-0.3843151575285418
2023-04-10,Maximum Sharpe,-0.04247030355993964,0.1829839977387894,-0.34139763220779734
2023-04-11,Maximum Sharpe,-0.04212162349237836,0.18298552785007727,-0.3394892712131613
2023-04-12,Maximum Sharpe,-0.039771659434227336,0.18292848101899709,-0.3267487878392215
2023-04-13,Maximum Sharpe,-0.013193266107594859,0.18316962476175308,-0.18121599665211421
2023-04-14,Maximum Sharpe,-0.02081160470863075,0.18332526726281453,-0.22261854744836326
2023-04-17,Maximum Sharpe,-0.028859512778402596,0.1830768447292032,-0.2668798058578779
2023-04-18,Maximum Sharpe,-0.013253005325071676,0.18247305126907276,-0.1822351579797784
2023-04-19,Maximum Sharpe,-0.014605916693101184,0.18247924230613713,-0.18964303147995548
2023-04-20,Maximum Sharpe,-0.020034090797990678,0.18249427394226084,-0.21937176401850847
2023-04-21,Maximum Sharpe,-0.024637078216985908,0.18249200552512607,-0.24459744463074654
2023-04-24,Maximum Sharpe,-0.013044036315710161,0.1821467662523899,-0.1814143451216862
2023-04-25,Maximum Sharpe,-0.008341711644374583,0.18179162416568942,-0.15590218622252497
2023-04-26,Maximum Sharpe,-0.012262360468304312,0.18179361572663355,-0.17746696075850005
2023-04-27,Maximum Sharpe,0.015147531607013098,0.18205116061547966,-0.026654421628412847
2023-04-28,Maximum Sharpe,0.026685477342026198,0.18203798366723475,0.036725727275947216
2023-05-01,Maximum Sharpe,0.008554959490518321,0.18135694140450193,-0.06310781611581355
2023-05-02,Maximum Sharpe,0.027438220273910074,0.18005113374723558,0.04131171028532486
2023-05-03,Maximum Sharpe,0.03150629839468566,0.1799929910433294,0.06392636917687407
2023-05-04,Maximum Sharpe,0.026065044076361454,0.17997212605910798,0.033699907920016016
2023-05-05,Maximum Sharpe,0.01756580375207073,0.17930327442427485,-0.01357586053988827
2023-05-08,Maximum Sharpe,0.04808557746054998,0.1770214300271076,0.1586563697753949
2023-05-09,Maximum Sharpe,0.054229286986936076,0.17684987942319433,0.19354995942647396
2023-05-10,Maximum Sharpe,0.07596846784664946,0.17591851117889462,0.31814996313681926
2023-05-11,Maximum Sharpe,0.06901269686249134,0.1759084210535948,0.27862621112128805
2023-05-12,Maximum Sharpe,0.0705089120003497,0.17588483931870252,0.2871703564445812
2023-05-15,Maximum Sharpe,0.08203802909351987,0.17582688493673906,0.35283585394714007
2023-05-16,Maximum Sharpe,0.06559910218644882,0.17584202519257427,0.2593185681097038
2023-05-17,Maximum Sharpe,0.07390481474962596,0.1759370358910898,0.30638696665888254
2023-05-18,Maximum Sharpe,0.07114242696197026,0.17588262918218867,0.2907758838935378
2023-05-19,Maximum Sharpe,0.08989805567429321,0.17530752188596044,0.3987168087388897
2023-05-22,Maximum Sharpe,0.08730029626531421,0.1752930905976087,0.3839301140499847
2023-05-23,Maximum Sharpe,0.07418967276970512,0.1755712047369637,0.3086478380716855
2023-05-24,Maximum Sharpe,0.05957533958171002,0.17578639744354843,0.2251331169945566
2023-05-25,Maximum Sharpe,0.06384887592056909,0.1758305117952298,0.24938149512773408
2023-05-26,Maximum Sharpe,0.07185403580235494,0.17617836128004996,0.2943269276976001
2023-05-30,Maximum Sharpe,0.06135876763947712,0.17595913612770944,0.2350475715535414
2023-05-31,Maximum Sharpe,0.04123242869501342,0.1755263353172797,0.12096434792325544
2023-06-01,Maximum Sharpe,0.06278609133412072,0.17550116397163681,0.24379377529960702
2023-06-02,Maximum Sharpe,0.06984680081100003,0.1755129560667476,0.28400638863402927
2023-06-05,Maximum Sharpe,0.0532090819712725,0.17476380513546189,0.19002265340658878
2023-06-06,Maximum Sharpe,0.07126273830908891,0.17409765422024628,0.29444818506421566
2023-06-07,Maximum Sharpe,0.062040612842690024,0.17442307231305218,0.2410266731641792
2023-06-08,Maximum Sharpe,0.06457325262022673,0.1745476870315937,0.25536432695415107
2023-06-09,Maximum Sharpe,0.07187438319909067,0.17443000735081268,0.2973936880869425
2023-06-12,Maximum Sharpe,0.09609759365313009,0.17398476743501182,0.43738078209378106
2023-06-13,Maximum Sharpe,0.11598202636206212,0.17335566060628002,0.5536711407425772
2023-06-14,Maximum Sharpe,0.16007581238159063,0.16967216441640245,0.8255674280067669
2023-06-15,Maximum Sharpe,0.17741239964368827,0.1698839740003007,0.9265876935714351
2023-06-16,Maximum Sharpe,0.15297039281264513,0.16909592553056296,0.7863607144609267
2023-06-20,Maximum Sharpe,0.16314023693487556,0.16850461411616824,0.8494736935582886
2023-06-21,Maximum Sharpe,0.1539990356141605,0.16862463827026664,0.7946586986854838
2023-06-22,Maximum Sharpe,0.14355133438209133,0.1683489841871844,0.7339000884300952
2023-06-23,Maximum Sharpe,0.13190917335539765,0.16845515402563016,0.664326206002405
2023-06-26,Maximum Sharpe,0.11986022287529319,0.16844100691323807,0.5928498333350024
2023-06-27,Maximum Sharpe,0.11153520658322114,0.16792457288584217,0.5450971529071462
2023-06-28,Maximum Sharpe,0.11691832790742174,0.16784591257152898,0.5774244151827002
2023-06-29,Maximum Sharpe,0.1326921110598509,0.16723073418206835,0.673872010495153
2023-06-30,Maximum Sharpe,0.1434676591922075,0.1675826866405402,0.7367566522969159
2023-07-03,Maximum Sharpe,0.15181910412603594,0.1674524928583131,0.7872029963601217
2023-07-05,Maximum Sharpe,0.1418635081735642,0.16740117727744405,0.7279728264490785
2023-07-06,Maximum Sharpe,0.13314930354659515,0.16759596065529794,0.6751314477042459
2023-07-07,Maximum Sharpe,0.13854545142771912,0.16754810449023552,0.7075308418939934
2023-07-10,Maximum Sharpe,0.12863957639787205,0.1672712790013386,0.6494813517687197
2023-07-11,Maximum Sharpe,0.13581995319036766,0.1673392373673513,0.6921266943276072
2023-07-12,Maximum Sharpe,0.1610429377923115,0.16742775302713608,0.8424107427963378
2023-07-13,Maximum Sharpe,0.17930712232057777,0.16752683474832858,0.9509349505701635
2023-07-14,Maximum Sharpe,0.17670995293126746,0.16754556009351634,0.9353273989701612
2023-07-17,Maximum Sharpe,0.1868656542824232,0.1674883930986134,0.9962818986756679
2023-07-18,Maximum Sharpe,0.1839920079486972,0.1673536353305638,0.9799130304207221
2023-07-19,Maximum Sharpe,0.19155970313429105,0.1672264266222142,1.0259126299569044
2023-07-20,Maximum Sharpe,0.1582473060675642,0.16678335626150934,0.828903489930963
2023-07-21,Maximum Sharpe,0.15174312455349082,0.16676079457037585,0.7900125739560028
2023-07-24,Maximum Sharpe,0.13696883585234554,0.1662722900182289,0.7034776260044407
2023-07-25,Maximum Sharpe,0.1485945391962209,0.1662038567790146,0.773715734931475
2023-07-26,Maximum Sharpe,0.153075920404661,0.16616128916554349,0.8008840150011106
2023-07-27,Maximum Sharpe,0.15576311220119932,0.16603304197437285,0.8176873144452435
2023-07-28,Maximum Sharpe,0.1428123721301271,0.1648767452599179,0.744873826424224
2023-07-31,Maximum Sharpe,0.13193193616841614,0.16453814888154528,0.6802795396039034
2023-08-01,Maximum Sharpe,0.11476101314539844,0.16432873645332774,0.5766551559429305
2023-08-02,Maximum Sharpe,0.09228886030336558,0.16525276301657904,0.4374441854028981
2023-08-03,Maximum Sharpe,0.09708173373910722,0.16511897971837391,0.46682539990604005
2023-08-04,Maximum Sharpe,0.0780182226141406,0.16449674687868882,0.3527013373518396
2023-08-07,Maximum Sharpe,0.07878087874814765,0.16452376172465327,0.35727896160387607
2023-08-08,Maximum Sharpe,0.08148756229459786,0.16440344957247244,0.3740040884451933
2023-08-09,Maximum Sharpe,0.07086988040771947,0.16454765818863268,0.3091498290993829
2023-08-10,Maximum Sharpe,0.0758290223446163,0.16448936813454484,0.3394080904909957
2023-08-11,Maximum Sharpe,0.05865446243769812,0.16402676325919247,0.2356594842795072
2023-08-14,Maximum Sharpe,0.06783754187606483,0.16398432500962098,0.2917202108997808
2023-08-15,Maximum Sharpe,0.04012259760105641,0.16380721790270764,0.12284316807705085
2023-08-16,Maximum Sharpe,0.0305406342115655,0.16409336522986298,0.06423559049325434
2023-08-17,Maximum Sharpe,0.02116689721803211,0.16437036434241378,0.007099194691819553
2023-08-18,Maximum Sharpe,0.030859862317475173,0.16414231258479378,0.06616126059430964
2023-08-21,Maximum Sharpe,0.037298562513811806,0.1642909227114844,0.1052922597810852
2023-08-22,Maximum Sharpe,0.049270197532185867,0.1637243463741718,0.17877730576057663
2023-08-23,Maximum Sharpe,0.07985477032697208,0.16332614076102084,0.36647391561496395
2023-08-24,Maximum Sharpe,0.06186738603116293,0.1641510266710625,0.25505406137397957
2023-08-25,Maximum Sharpe,0.06684058753631006,0.16426505693179377,0.285152474976825
2023-08-28,Maximum Sharpe,0.0629430752196376,0.16404839556261,0.26177077241360847
2023-08-29,Maximum Sharpe,0.10785703999434237,0.16283226369687673,0.539555478746486
2023-08-30,Maximum Sharpe,0.11804332309715382,0.16274960956340156,0.6024181769785417
2023-08-31,Maximum Sharpe,0.12721493829524833,0.16248706454191517,0.6598367605292738
2023-09-01,Maximum Sharpe,0.13834371128361433,0.1623122740395768,0.7291112886186195
2023-09-05,Maximum Sharpe,0.1334226425632048,0.1624541328206435,0.6981825614029061
2023-09-06,Maximum Sharpe,0.13283300706527412,0.16247373075170368,0.6944692323075186
2023-09-07,Maximum Sharpe,0.13325057568286391,0.1624592141462703,0.6971015850224331
2023-09-08,Maximum Sharpe,0.11508556175791873,0.16167510121868656,0.5881274298959811
2023-09-11,Maximum Sharpe,0.12139076450222808,0.1618402486939794,0.6264867072340324
2023-09-12,Maximum Sharpe,0.09877512941656263,0.16135779636623077,0.48820156937299886
2023-09-13,Maximum Sharpe,0.08816447795903537,0.16111450252798992,0.4230809572663601
2023-09-14,Maximum Sharpe,0.14156610546696657,0.15705220328712385,0.7740490290653143
2023-09-15,Maximum Sharpe,0.12558952943996537,0.15748734776012546,0.6704635701960802
2023-09-18,Maximum Sharpe,0.14057241815372645,0.15676178270164548,0.7691442140792957
2023-09-19,Maximum Sharpe,0.14260028191255647,0.15672373986803817,0.7822700122890524
2023-09-20,Maximum Sharpe,0.12537141129399054,0.15697255137023236,0.6712728459478473
2023-09-21,Maximum Sharpe,0.11619076336331813,0.15766067170620623,0.610112606538715
2023-09-22,Maximum Sharpe,0.12690885827463916,0.15728613664862823,0.6797093536188116
2023-09-25,Maximum Sharpe,0.13969917405867704,0.15703906430944517,0.7622254665425798
2023-09-26,Maximum Sharpe,0.14317898045783983,0.1567290028583943,0.7859360948600742
2023-09-27,Maximum Sharpe,0.15642503118541162,0.1564362191125803,0.872080851604017
2023-09-28,Maximum Sharpe,0.1651521915072356,0.15659499657615017,0.9269273902799948
2023-09-29,Maximum Sharpe,0.13871833428355895,0.15526289515930472,0.7646278536913158
2023-10-02,Maximum Sharpe,0.15419249475739472,0.15432372748937728,0.8695519278889355
2023-10-03,Maximum Sharpe,0.14858163188915663,0.15474166562862338,0.8309438273577185
2023-10-04,Maximum Sharpe,0.1284574714275839,0.15296943143019887,0.7090140194256647
2023-10-05,Maximum Sharpe,0.10040974547070847,0.15075080051522893,0.5333951474611601
2023-10-06,Maximum Sharpe,0.11808838664506216,0.15120425037496085,0.6487144799291
2023-10-09,Maximum Sharpe,0.13013087587217442,0.15109676451264692,0.7288764668614488
2023-10-10,Maximum Sharpe,0.1694026711150971,0.14898898556602033,1.002776618335276
2023-10-11,Maximum Sharpe,0.18624189129842628,0.1486062673523567,1.1186734870626565
2023-10-12,Maximum Sharpe,0.18319731274190199,0.14875371860543918,1.0970973651742693
2023-10-13,Maximum Sharpe,0.1724162694277318,0.14905581503032636,1.02254493993892
2023-10-16,Maximum Sharpe,0.1682526147214345,0.14875412070912808,0.9966286245698416
2023-10-17,Maximum Sharpe,0.1961160529176298,0.1470165720526872,1.1979333381172432
2023-10-18,Maximum Sharpe,0.15311234778981309,0.1464806564445663,0.9087366961670311
2023-10-19,Maximum Sharpe,0.1325004511057135,0.14672726731316144,0.766731727277403
2023-10-20,Maximum Sharpe,0.12825158170770545,0.14701252923256097,0.7363425571466831
2023-10-23,Maximum Sharpe,0.1333669891919813,0.14688977007745885,0.7717827397524001
2023-10-24,Maximum Sharpe,0.11844352396660485,0.14556981311773312,0.67626331214004
2023-10-25,Maximum Sharpe,0.09314223892249762,0.1464287157234111,0.49950748090050756
2023-10-26,Maximum Sharpe,0.06687896835644191,0.1461547798599974,0.320748787014339
2023-10-27,Maximum Sharpe,0.07070887387082059,0.14603207388299352,0.3472447697445595
2023-10-30,Maximum Sharpe,0.09011418002433191,0.14618667075517186,0.47962088241106876
2023-10-31,Maximum Sharpe,0.08014048508200422,0.14554307367480726,0.4132143396694955
2023-11-01,Maximum Sharpe,0.10003174056374853,0.14562499160007103,0.5495742158292388
2023-11-02,Maximum Sharpe,0.11965587361675212,0.14651572699243237,0.6801718536461236
2023-11-03,Maximum Sharpe,0.15703575071436382,0.14483651003565673,0.9461409328395688
2023-11-06,Maximum Sharpe,0.16899408056484155,0.14439002416142516,1.0318862499688286
2023-11-07,Maximum Sharpe,0.14820855680815948,0.14312225394332603,0.8957974967256167
2023-11-08,Maximum Sharpe,0.1403009386286791,0.14305446051294643,0.8409450372768478
2023-11-09,Maximum Sharpe,0.12358028178698244,0.14275968749397647,0.7255569384133939
2023-11-10,Maximum Sharpe,0.1557371725138661,0.1419959798580775,0.9559226440743819
2023-11-13,Maximum Sharpe,0.09693841451232643,0.13152769651839705,0.5849597959131361
2023-11-14,Maximum Sharpe,0.10627928945832354,0.1325178307883861,0.6510768320385537
2023-11-15,Maximum Sharpe,0.11262920411474697,0.13237797577119012,0.6997327431177278
2023-11-16,Maximum Sharpe,0.10491984745425298,0.1320962021431739,0.6428636560058832
2023-11-17,Maximum Sharpe,0.11886973867413286,0.131807673109881,0.7501060927743596
2023-11-20,Maximum Sharpe,0.13156465045860521,0.13184686240882143,0.8461684140246996
2023-11-21,Maximum Sharpe,0.12980122641038383,0.13186288158757364,0.8326924536186623
2023-11-22,Maximum Sharpe,0.1396385209949964,0.13169238322516663,0.9084695565911308
2023-11-24,Maximum Sharpe,0.13134436244284675,0.13138027769061797,0.8474967811001818
2023-11-27,Maximum Sharpe,0.12282140569110078,0.13122198086252101,0.7835684617413676
2023-11-28,Maximum Sharpe,0.1282751650276368,0.13123492294681358,0.825048413915846
2023-11-29,Maximum Sharpe,0.14406755125375037,0.13047087645937655,0.9509214210910898
2023-11-30,Maximum Sharpe,0.1447266565827301,0.13046514632346962,0.9560151511537667
2023-12-01,Maximum Sharpe,0.12155862864126687,0.12742213827062746,0.7970249912583481
2023-12-04,Maximum Sharpe,0.10252078949298049,0.12789767515244893,0.6452094566583716
2023-12-05,Maximum Sharpe,0.10384323624122471,0.12788058627694657,0.6556369397591618
2023-12-06,Maximum Sharpe,0.12273415909622853,0.1265025243980848,0.8121115336239401
2023-12-07,Maximum Sharpe,0.14397805755033333,0.12614203306868682,0.9828449291191053
2023-12-08,Maximum Sharpe,0.14197072555901857,0.12615262058773685,0.9668505100469962
2023-12-11,Maximum Sharpe,0.13492252155495055,0.12599307383965552,0.9121336439589222
2023-12-12,Maximum Sharpe,0.14414587389409572,0.12594004071392328,0.9857538014942915
2023-12-13,Maximum Sharpe,0.15481654471676354,0.12675319799910661,1.0636145426304255
2023-12-14,Maximum Sharpe,0.14539817536835042,0.12631221964652284,0.9927636116226102
2023-12-15,Maximum Sharpe,0.14857939487015503,0.1262084892130341,1.0187856274320737
2023-12-18,Maximum Sharpe,0.1839198648543614,0.12368647341208057,1.3252852986456902
2023-12-19,Maximum Sharpe,0.19674299070297963,0.12369819845307947,1.4288242910022722
2023-12-20,Maximum Sharpe,0.19396662222686856,0.12390044986768142,1.4040838625901273
2023-12-21,Maximum Sharpe,0.1991802872690871,0.12415417730866306,1.4432078819516652
2023-12-22,Maximum Sharpe,0.19017138661438437,0.12381416119384896,1.3744097199669794
2023-12-26,Maximum Sharpe,0.21727636358381885,0.1226976722925237,1.6078248258328163
2023-12-27,Maximum Sharpe,0.21641803715987784,0.12268265827590279,1.6010252787166586
2023-12-28,Maximum Sharpe,0.21827898678480895,0.12263755485340948,1.6167884871955807
2023-12-29,Maximum Sharpe,0.2282075310882421,0.12214864220004593,1.7045423292324065
2024-01-02,Maximum Sharpe,0.19740703283257033,0.12143816778726993,1.4608836419810303
2024-01-03,Maximum Sharpe,0.18659608630274693,0.12181745584449667,1.367587963053599
2024-01-04,Maximum Sharpe,0.18582520323700047,0.12183008441271362,1.361118676362796
2024-01-05,Maximum Sharpe,0.1776679115114841,0.12162103438806116,1.296386865189838
2024-01-08,Maximum Sharpe,0.20407098879781027,0.12114808266394712,1.5193883778450306
2024-01-09,Maximum Sharpe,0.17620221378728895,0.11907796966985155,1.311764167800021
2024-01-10,Maximum Sharpe,0.17746358876769763,0.1191004287419807,1.3221076567980032
2024-01-11,Maximum Sharpe,0.17026960063120367,0.11891959510743615,1.2636235474519135
2024-01-12,Maximum Sharpe,0.16295824435591078,0.1185872243917605,1.2055113448278294
2024-01-16,Maximum Sharpe,0.14735840546520085,0.11852953532591384,1.0744866679432328
2024-01-17,Maximum Sharpe,0.13016416438951128,0.11860718779092282,0.9288152467092075
2024-01-18,Maximum Sharpe,0.14410758830380588,0.11898085167837125,1.0430887538046307
2024-01-19,Maximum Sharpe,0.1694807241028531,0.11884105147552373,1.2578206120436408
2024-01-22,Maximum Sharpe,0.17127485033665457,0.11882532882946628,1.273085896978738
2024-01-23,Maximum Sharpe,0.15806650720635562,0.11804043944441725,1.1696542969188812
2024-01-24,Maximum Sharpe,0.14457012436712224,0.11747863363659172,1.060364089290205
2024-01-25,Maximum Sharpe,0.1486145483712722,0.11751286883384655,1.0944720322769288
2024-01-26,Maximum Sharpe,0.14512522303086883,0.11753847939456187,1.0645468928591395
2024-01-29,Maximum Sharpe,0.14641007192151356,0.11760620531453962,1.074858861260151
2024-01-30,Maximum Sharpe,0.13984776799272658,0.11758818131029536,1.0192161036700496
2024-01-31,Maximum Sharpe,0.14041830610430694,0.1175362642013761,1.0245204484123556
2024-02-01,Maximum Sharpe,0.13944894831031984,0.11745207498070426,1.0170016011206582
2024-02-02,Maximum Sharpe,0.12782480250970463,0.11663028746488674,0.9245008724013208
2024-02-05,Maximum Sharpe,0.11159359653103729,0.11623786746162798,0.7879841443346663
2024-02-06,Maximum Sharpe,0.13321909536520082,0.11497557335244898,0.9847230334580388
2024-02-07,Maximum Sharpe,0.14535291224587366,0.11493714835576159,1.0906213877681432
2024-02-08,Maximum Sharpe,0.13299219514067162,0.11444446357408344,0.9873102779456716
2024-02-09,Maximum Sharpe,0.14809548955537766,0.11406380482212491,1.1230161027429715
2024-02-12,Maximum Sharpe,0.15638772522415834,0.11367994860829621,1.1997518198579213
2024-02-13,Maximum Sharpe,0.1402031205986185,0.11467208947145119,1.0482334555222725
2024-02-14,Maximum Sharpe,0.13898978700774944,0.1146070269306493,1.0382416348672252
2024-02-15,Maximum Sharpe,0.14336954553821202,0.11472968758750296,1.075306210034953
2024-02-16,Maximum Sharpe,0.13851247865570837,0.11478104941726786,1.0325091054436653
2024-02-20,Maximum Sharpe,0.14918671614808066,0.11422124294748841,1.1310218030762669
2024-02-21,Maximum Sharpe,0.15017759898251004,0.11420728995240984,1.1398361613935069
2024-02-22,Maximum Sharpe,0.18930975267629746,0.11387701479554785,1.4867772305084768
2024-02-23,Maximum Sharpe,0.19258934006642225,0.11385401239771761,1.5158828084470926
2024-02-26,Maximum Sharpe,0.18447463480571358,0.11381540534707568,1.4450999344434485
2024-02-27,Maximum Sharpe,0.19951393800721773,0.11317496041405019,1.5861630289108708
2024-02-28,Maximum Sharpe,0.19147875258062874,0.11313919335047673,1.515644115027679
2024-02-29,Maximum Sharpe,0.19812627796580928,0.11323483814677204,1.573069568350746
2024-03-01,Maximum Sharpe,0.21694605895556784,0.11397805954286061,1.7279295659662266
2024-03-04,Maximum Sharpe,0.21491745827976505,0.11393024701375287,1.7108490799307754
2024-03-05,Maximum Sharpe,0.18814596961354524,0.11320239287325032,1.4853570259933797
2024-03-06,Maximum Sharpe,0.19943895281357338,0.11333562073394597,1.583252923057652
2024-03-07,Maximum Sharpe,0.22999722095775543,0.11268249518813331,1.8636188398841067
2024-03-08,Maximum Sharpe,0.22285694401054124,0.1127783020084479,1.7987231621499835
2024-03-11,Maximum Sharpe,0.23419032311539545,0.1122204824202534,1.908656231874643
2024-03-12,Maximum Sharpe,0.2465951308395622,0.11214569350164359,2.0205424191009285
2024-03-13,Maximum Sharpe,0.23704600953265276,0.11198596433070013,1.938153685864642
2024-03-14,Maximum Sharpe,0.21834322476382684,0.11150775354508347,1.7787393114653245
2024-03-15,Maximum Sharpe,0.20989538616378023,0.11174936823430077,1.6992971787154412
2024-03-18,Maximum Sharpe,0.19792534364883818,0.11090158536079653,1.6043534731265836
2024-03-19,Maximum Sharpe,0.19928446154586554,0.11091120715474742,1.616468399768846
2024-03-20,Maximum Sharpe,0.20597459882374003,0.11128663398256346,1.671131493229266
2024-03-21,Maximum Sharpe,0.20314484577815017,0.11123422066383665,1.6464793359917196
2024-03-22,Maximum Sharpe,0.20808604976447298,0.111026008824404,1.6940719724685884
2024-03-25,Maximum Sharpe,0.19746537075530823,0.11082559687549316,1.6013030902480176
2024-03-26,Maximum Sharpe,0.19621650006674707,0.11083181458552438,1.5899450958710777
2024-03-27,Maximum Sharpe,0.2075903921163138,0.11090263869425485,1.69148718484037
2024-03-28,Maximum Sharpe,0.21119933282947922,0.11092323342458271,1.723708612943353
2024-04-01,Maximum Sharpe,0.2031266770070408,0.11059741194288072,1.6557953191673114
2024-04-02,Maximum Sharpe,0.1936414715569963,0.11042005105867812,1.5725538060539548
2024-04-03,Maximum Sharpe,0.18737437606438245,0.11012444687062273,1.5198657593351506
2024-04-04,Maximum Sharpe,0.1714507819675506,0.11070907694735022,1.3680069073250052
2024-04-05,Maximum Sharpe,0.18427353229341592,0.11130055906037707,1.4759452574205192
2024-04-08,Maximum Sharpe,0.19330262667435272,0.11117147355122475,1.5588767616226626
2024-04-09,Maximum Sharpe,0.19555644761594904,0.11119568880210533,1.578806242464907
2024-04-10,Maximum Sharpe,0.18505747737994738,0.11167896558558828,1.4779638807941053
2024-04-11,Maximum Sharpe,0.19963379894634814,0.11237120669341658,1.5985749751397147
2024-04-12,Maximum Sharpe,0.1859490079688375,0.11333753709082317,1.4642016425313185
2024-04-15,Maximum Sharpe,0.1642039340459176,0.11246578227449919,1.2822027387312702
2024-04-16,Maximum Sharpe,0.17171385035307218,0.1121807051594682,1.352405925220442
2024-04-17,Maximum Sharpe,0.1613441392218291,0.11248058986040275,1.2566091571643454
2024-04-18,Maximum Sharpe,0.15840459683732,0.11250154710474385,1.2302461646012681
2024-04-19,Maximum Sharpe,0.15103753972715972,0.11279965234521655,1.1616838970932926
2024-04-22,Maximum Sharpe,0.1542678311293948,0.11273865125621778,1.1909653843937542
2024-04-23,Maximum Sharpe,0.16662436323569763,0.11296991658208862,1.2979062716148357
2024-04-24,Maximum Sharpe,0.16614796384938946,0.11297103736006198,1.2936763905565087
2024-04-25,Maximum Sharpe,0.178062529549587,0.1123437259036645,1.4069546677232934
2024-04-26,Maximum Sharpe,0.19139419761783838,0.11263616840845224,1.5216621804491082
2024-04-29,Maximum Sharpe,0.1756421883994448,0.11166556346526699,1.3938244125536206
2024-04-30,Maximum Sharpe,0.14846995887481662,0.11304773961320148,1.1364221815879119
2024-05-01,Maximum Sharpe,0.14999114520583356,0.11302563037136835,1.150103253383517
2024-05-02,Maximum Sharpe,0.16222341286984365,0.11313453047326583,1.2571176304430915
2024-05-03,Maximum Sharpe,0.17501618132569075,0.11355963407002653,1.36506411450833
2024-05-06,Maximum Sharpe,0.1891266644353673,0.11393425456552626,1.484423320100792
2024-05-07,Maximum Sharpe,0.17635108588063186,0.11355134813770543,1.3769196794653866
2024-05-08,Maximum Sharpe,0.17398550250929024,0.11356564280554132,1.3559162675014302
2024-05-09,Maximum Sharpe,0.18564793671615853,0.11376217484179055,1.4560897499236958
2024-05-10,Maximum Sharpe,0.18725291115325748,0.11379009678632677,1.4698371464374649
2024-05-13,Maximum Sharpe,0.18725934500576735,0.11378993761189135,1.4698957440001998
2024-05-14,Maximum Sharpe,0.19740296636841337,0.11391056228239144,1.5573882071499243
2024-05-15,Maximum Sharpe,0.20760517132110134,0.11453360473479306,1.6379923757355608
2024-05-16,Maximum Sharpe,0.21314466532945242,0.11429418599274044,1.689890554377983
2024-05-17,Maximum Sharpe,0.21220429746403835,0.11425870258955485,1.6821851912189403
2024-05-20,Maximum Sharpe,0.21339608449111847,0.11427978056659951,1.6923036037719015
2024-05-21,Maximum Sharpe,0.21043224349303835,0.11425482609631274,1.6667326011464128
2024-05-22,Maximum Sharpe,0.20119151523899004,0.1145449964129285,1.5818370152617096
2024-05-23,Maximum Sharpe,0.20078350724188287,0.11457629271312268,1.5778439235639306
2024-05-24,Maximum Sharpe,0.2191955925330642,0.1142487489115298,1.7435253727575981
2024-05-28,Maximum Sharpe,0.21947411199138878,0.11425586965611899,1.745854393229468
2024-05-29,Maximum Sharpe,0.19446889032226222,0.11406995849425725,1.5294902586560135
2024-05-30,Maximum Sharpe,0.19080877261997897,0.11415048164511273,1.4963473667243352
2024-05-31,Maximum Sharpe,0.19893241031577258,0.11398611681613544,1.5697737173062782
2024-06-03,Maximum Sharpe,0.19243219408003043,0.11365671694761495,1.5171315757739636
2024-06-04,Maximum Sharpe,0.18578173199671943,0.11363560110557984,1.458889031111739
2024-06-05,Maximum Sharpe,0.20143255180200015,0.11439577530726931,1.5860074492669747
2024-06-06,Maximum Sharpe,0.2021078190578205,0.11440275936757562,1.5918131701064027
2024-06-07,Maximum Sharpe,0.19984262863352908,0.11460284400361292,1.5692684609804224
2024-06-10,Maximum Sharpe,0.1930757162491903,0.11425647784824014,1.514800031548987
2024-06-11,Maximum Sharpe,0.19518857191237426,0.11427027168585066,1.5331071618872043
2024-06-12,Maximum Sharpe,0.19556779791509382,0.11429127919984794,1.5361434323269647
2024-06-13,Maximum Sharpe,0.1896654745501669,0.11428654804794018,1.4845620718109076
2024-06-14,Maximum Sharpe,0.19131213839491834,0.11432444065124932,1.498473444689854
2024-06-17,Maximum Sharpe,0.184687733369872,0.11397832642450205,1.4449039438998894
2024-06-18,Maximum Sharpe,0.19188552567601658,0.11390986282189175,1.5089608697429033
2024-06-20,Maximum Sharpe,0.20045589598547453,0.11368125054538825,1.5873848600339413
2024-06-21,Maximum Sharpe,0.19961255867895722,0.11372413978823986,1.579370562955279
2024-06-24,Maximum Sharpe,0.19541956545169947,0.11376736271835204,1.5419146692006618
2024-06-25,Maximum Sharpe,0.20699688321451903,0.1135781456560179,1.646416061245239
2024-06-26,Maximum Sharpe,0.20953836463138398,0.11349779599798789,1.6699739670252642
2024-06-27,Maximum Sharpe,0.20540325086068578,0.11332464893421856,1.636036401650859
2024-06-28,Maximum Sharpe,0.20207541444254695,0.11337297205905525,1.6059860753028954
2024-07-01,Maximum Sharpe,0.20594811149749925,0.11340046253448251,1.6397473814620172
2024-07-02,Maximum Sharpe,0.1986823173867318,0.11298492907268867,1.5814703682451032
2024-07-03,Maximum Sharpe,0.2072142037964797,0.11324072352364341,1.6532409717197847
2024-07-05,Maximum Sharpe,0.22214561124215382,0.11352531272204,1.7806214878006579
2024-07-08,Maximum Sharpe,0.2274982607398084,0.11328809512702781,1.8315981084079884
2024-07-09,Maximum Sharpe,0.22677224067961443,0.11328748430848641,1.8251993319629665
2024-07-10,Maximum Sharpe,0.23558729269699286,0.11355226240425466,1.8985732924412
2024-07-11,Maximum Sharpe,0.22444440909645125,0.1135421110104301,1.8006042628331154
2024-07-12,Maximum Sharpe,0.21508345409369056,0.11302170808930577,1.7260706583866394
2024-07-15,Maximum Sharpe,0.20565128199758864,0.11268341702432666,1.6475474998908608
2024-07-16,Maximum Sharpe,0.217932941970991,0.11290806971212441,1.7530451319879075
2024-07-17,Maximum Sharpe,0.19507881279725514,0.11395624241270469,1.5363687770889158
2024-07-18,Maximum Sharpe,0.1769339415585971,0.1139123487749684,1.377672774253975
2024-07-19,Maximum Sharpe,0.1637304018279555,0.11447316320566855,1.255581638551578
2024-07-22,Maximum Sharpe,0.18685203632514868,0.11416611518711212,1.4614847501089723
2024-07-23,Maximum Sharpe,0.187440460931799,0.11415746416477872,1.4667500032245795
2024-07-24,Maximum Sharpe,0.16346382749370614,0.11599778423223239,1.2367807578676295
2024-07-25,Maximum Sharpe,0.14637811455813554,0.1164337318327079,1.085408090670114
2024-07-26,Maximum Sharpe,0.15797912443949458,0.11688864649759698,1.1804322196709771
2024-07-29,Maximum Sharpe,0.16653291480595533,0.11661291625470364,1.2565753392694599
2024-07-30,Maximum Sharpe,0.1504851957889326,0.11614105715479019,1.1235061827879256
2024-07-31,Maximum Sharpe,0.17240318855654868,0.11785043731651451,1.2931915402845287
2024-08-01,Maximum Sharpe,0.16028341616807906,0.11878382740789044,1.1809976090967456
2024-08-02,Maximum Sharpe,0.16301861279903584,0.11845770393844979,1.207339058955151
2024-08-05,Maximum Sharpe,0.1382873854089357,0.12088691343945537,0.9784961998237997
2024-08-06,Maximum Sharpe,0.14518721569549098,0.12087822477786869,1.0356473709432836
2024-08-07,Maximum Sharpe,0.1316440595545194,0.12083571378389507,0.9239326359604728
2024-08-08,Maximum Sharpe,0.16446135898622738,0.12262039604820171,1.1781185156948935
2024-08-09,Maximum Sharpe,0.17735228583551055,0.12242788464363566,1.2852650872269271
2024-08-12,Maximum Sharpe,0.18357375284948674,0.12253730966176948,1.3348893761499014
2024-08-13,Maximum Sharpe,0.20344058461820547,0.12315811723475324,1.4894721414792909
2024-08-14,Maximum Sharpe,0.19763352044837923,0.12313315486687462,1.4426132477514093
2024-08-15,Maximum Sharpe,0.22997452413395236,0.12329349633699202,1.7030462301112734
2024-08-16,Maximum Sharpe,0.2520942916537685,0.12308031756721416,1.8857141112511497
2024-08-19,Maximum Sharpe,0.2734713580965722,0.12282140115216858,2.0637393460650713
2024-08-20,Maximum Sharpe,0.2719190079725471,0.12282839251686119,2.0509835129362703
2024-08-21,Maximum Sharpe,0.26655868244690883,0.12268600977633788,2.0096723570714903
2024-08-22,Maximum Sharpe,0.25504115494873947,0.12325667192038216,1.9069243983852224
2024-08-23,Maximum Sharpe,0.25425268879928886,0.12319901536874377,1.901416891183369
2024-08-26,Maximum Sharpe,0.2707774787115662,0.12207896940382713,2.054223425510868
2024-08-27,Maximum Sharpe,0.2656767985936912,0.12195834351876322,2.0144320716843285
2024-08-28,Maximum Sharpe,0.2460360734332694,0.12205055215634641,1.851987307224287
2024-08-29,Maximum Sharpe,0.22806816220120885,0.12108611267458529,1.7183486826469092
2024-08-30,Maximum Sharpe,0.22913991623277674,0.121109163881373,1.7268711097504588
2024-09-03,Maximum Sharpe,0.20761024624611424,0.12258304694425855,1.5304746530849827
2024-09-04,Maximum Sharpe,0.20253329145259946,0.1225939161731159,1.4889261812539105
2024-09-05,Maximum Sharpe,0.21342454841931446,0.1223578273344768,1.580810583458384
2024-09-06,Maximum Sharpe,0.19957385306353226,0.12349672781204583,1.4540778225058097
2024-09-09,Maximum Sharpe,0.21786544930866025,0.1236343994473649,1.6004077359788356
2024-09-10,Maximum Sharpe,0.22366820864073156,0.12370014283505457,1.6464670450082568
2024-09-11,Maximum Sharpe,0.22571982365271848,0.12381029153701033,1.6615728878339902
2024-09-12,Maximum Sharpe,0.2473340242604558,0.12408326905809605,1.8321085992183004
2024-09-13,Maximum Sharpe,0.2555528798270339,0.12418519899973766,1.8967870706357808
2024-09-16,Maximum Sharpe,0.2423867172989922,0.12381737209675701,1.796086555004642
2024-09-17,Maximum Sharpe,0.25418615777676745,0.12324169694201316,1.9002185428114897
2024-09-18,Maximum Sharpe,0.2500854201610945,0.12335095943843198,1.8652908839021778
2024-09-19,Maximum Sharpe,0.2766828474718037,0.1246861518700612,2.058631561099903
2024-09-20,Maximum Sharpe,0.2912931587132841,0.12423325910666495,2.183740172833714
2024-09-23,Maximum Sharpe,0.31674790041738854,0.12293119041228205,2.4139349779512136
2024-09-24,Maximum Sharpe,0.3273136825439549,0.12305833537763956,2.4973008256683733
2024-09-25,Maximum Sharpe,0.3219199521457128,0.12307324751172706,2.4531728726581643
2024-09-26,Maximum Sharpe,0.3504015166770371,0.12226847689336635,2.7022624724865856
2024-09-27,Maximum Sharpe,0.34036093090485786,0.1224255407190404,2.616781833458002
2024-09-30,Maximum Sharpe,0.3291573615102701,0.12226616381636535,2.528560248071587
2024-10-01,Maximum Sharpe,0.3259371433233902,0.1223536266640076,2.5004337972221853
2024-10-02,Maximum Sharpe,0.3312290567367935,0.12226420655695158,2.5455451395075355
2024-10-03,Maximum Sharpe,0.3491540109544291,0.1211998598590808,2.7157953098059417
2024-10-04,Maximum Sharpe,0.34857679056236246,0.12118102086439786,2.711454221284713
2024-10-07,Maximum Sharpe,0.3372941947972887,0.12149365597331814,2.611611217518809
2024-10-08,Maximum Sharpe,0.32702962574721717,0.12100018343371378,2.5374310768331507
2024-10-09,Maximum Sharpe,0.32502214057810974,0.12096942841019176,2.5214812088209504
2024-10-10,Maximum Sharpe,0.3158113279472623,0.1207605963820558,2.4495682930497504
2024-10-11,Maximum Sharpe,0.3187144226936569,0.12083095311679069,2.472168057839705
2024-10-14,Maximum Sharpe,0.337208482153579,0.1204459163463302,2.63361757522337
2024-10-15,Maximum Sharpe,0.33966320869231015,0.12030848108820068,2.657029710631608
2024-10-16,Maximum Sharpe,0.32882579447090543,0.11989701037380227,2.5757589243308145
2024-10-17,Maximum Sharpe,0.329678961421805,0.11990003785185126,2.5828095384293785
2024-10-18,Maximum Sharpe,0.3601021343693174,0.11886100590720951,2.8613432283655986
2024-10-21,Maximum Sharpe,0.3728471666897033,0.11830643746017637,2.9824849286707384
2024-10-22,Maximum Sharpe,0.3942412452629438,0.11749731111856188,3.1851047628256937
2024-10-23,Maximum Sharpe,0.37922361663077364,0.11822185849913747,3.038554977829201
2024-10-24,Maximum Sharpe,0.3763148459439163,0.11811859361499116,3.0165855775876267
2024-10-25,Maximum Sharpe,0.40210823982711963,0.11677223413266992,3.2722525407280476
2024-10-28,Maximum Sharpe,0.4190876127423351,0.11619398612628282,3.434666681532
2024-10-29,Maximum Sharpe,0.432171927846255,0.11621342917825099,3.5466807128981253
2024-10-30,Maximum Sharpe,0.41408120586184594,0.11590601560359967,3.4000064950003077
2024-10-31,Maximum Sharpe,0.37962470385127456,0.11755374753129101,3.059236403803698
2024-11-01,Maximum Sharpe,0.36904558667990184,0.11722220016444966,2.977640636246631
2024-11-04,Maximum Sharpe,0.3452992051293329,0.1162239638560435,2.7988995929639144
2024-11-05,Maximum Sharpe,0.3448915488666615,0.11620273973860155,2.7959026576955597
2024-11-06,Maximum Sharpe,0.3524312522786459,0.11625354087927048,2.8595365763858873
2024-11-07,Maximum Sharpe,0.36833797200140994,0.11688385225563731,2.980206121539852
2024-11-08,Maximum Sharpe,0.36806389934109873,0.11688877133651612,2.977735973792064
2024-11-11,Maximum Sharpe,0.36411998639156407,0.1170550934749833,2.939812153198685
2024-11-12,Maximum Sharpe,0.3416703378270838,0.11688022087742837,2.7521366353715027
2024-11-13,Maximum Sharpe,0.33613567918759,0.11698492944465702,2.7023624383784135
2024-11-14,Maximum Sharpe,0.3041110646347376,0.11561474508789306,2.4573947243385748
2024-11-15,Maximum Sharpe,0.28854947693490707,0.11633332213510084,2.30844844801246
2024-11-18,Maximum Sharpe,0.2979279261993557,0.11663854150036054,2.3828137991462848
2024-11-19,Maximum Sharpe,0.30058290179733005,0.11670288702501608,2.4042498771875724
2024-11-20,Maximum Sharpe,0.29379718537449895,0.11657093752564761,2.348760258655884
2024-11-21,Maximum Sharpe,0.3026366366308031,0.11661441200259794,2.4236853042187145
2024-11-22,Maximum Sharpe,0.3070260982759039,0.11669813556566583,2.459560273903389
2024-11-25,Maximum Sharpe,0.2949882190403168,0.116956783002756,2.351195133623305
2024-11-26,Maximum Sharpe,0.2998516624169134,0.11696517308337008,2.3926067481423856
2024-11-27,Maximum Sharpe,0.2929258105737029,0.11698597767878416,2.3329788406187677
2024-11-29,Maximum Sharpe,0.30345921640245366,0.11721253421054274,2.4183353624390604
2024-12-02,Maximum Sharpe,0.3059113844857657,0.11720319212499422,2.4394504902293828
2024-12-03,Maximum Sharpe,0.297278424398318,0.11694846981989082,2.3709452960380495
2024-12-04,Maximum Sharpe,0.3211581868813058,0.11638131049448412,2.587685132619117
2024-12-05,Maximum Sharpe,0.3181438494791884,0.1164415883745487,2.5604584551025877
2024-12-06,Maximum Sharpe,0.32461410500556287,0.11643242974748236,2.61623076720298
2024-12-09,Maximum Sharpe,0.3135187802210617,0.1162786033949489,2.524271634258483
2024-12-10,Maximum Sharpe,0.31641283577087687,0.11625794327997296,2.5496136212994407
2024-12-11,Maximum Sharpe,0.33019426794339357,0.11668792751612166,2.658323569081617
2024-12-12,Maximum Sharpe,0.3136172634159584,0.11707648416368656,2.5079098122339176
2024-12-13,Maximum Sharpe,0.2905358891352281,0.11612708326822824,2.329653699390255
2024-12-16,Maximum Sharpe,0.2941546559485013,0.11621365937736534,2.3590570800139328
2024-12-17,Maximum Sharpe,0.29273480398562524,0.11625487660089648,2.346007427472699
2024-12-18,Maximum Sharpe,0.2501916360050782,0.11972762386239863,1.922627615742499
2024-12-19,Maximum Sharpe,0.2407835773242013,0.11962847752236377,1.8455770891418997
2024-12-20,Maximum Sharpe,0.2663357271836886,0.119285796874174,2.0650884987047573
2024-12-23,Maximum Sharpe,0.25860500475569226,0.11897193792421418,2.005557015534916
2024-12-24,Maximum Sharpe,0.26597178579349934,0.11919242181972715,2.063652890328212
2024-12-26,Maximum Sharpe,0.2615083124833413,0.11909936922733941,2.027788342206457
2024-12-27,Maximum Sharpe,0.24590835100533814,0.11952525643974789,1.8900469886815718
2024-12-30,Maximum Sharpe,0.2372576755781597,0.11989683116078004,1.812038512400883
2024-12-31,Maximum Sharpe,0.23819116268649765,0.11987773850927162,1.8201141045851665
2025-01-02,Maximum Sharpe,0.2519327489244074,0.11951101992136177,1.940680860032984
2025-01-03,Maximum Sharpe,0.2716243421854918,0.11924439125976709,2.1101566247870105
2025-01-06,Maximum Sharpe,0.28142200592339006,0.1193005955519664,2.1912883562221337
2025-01-07,Maximum Sharpe,0.27113905185871534,0.11957948307991896,2.1001851269993423
2025-01-08,Maximum Sharpe,0.2619944427350698,0.11929833182633527,2.0284813629024208
2025-01-10,Maximum Sharpe,0.25284810782644884,0.11961604905740117,1.9466293165619444
2025-01-13,Maximum Sharpe,0.24354986271836276,0.1196750163710385,1.8679743650527054
2025-01-14,Maximum Sharpe,0.2447648691717248,0.11968046508980056,1.8780414080366052
2025-01-15,Maximum Sharpe,0.2598436035733964,0.12058202227428191,1.989049437467852
2025-01-16,Maximum Sharpe,0.26687605859274766,0.12040456015081273,2.0503879444725603
2025-01-17,Maximum Sharpe,0.2853699036251254,0.12023941666119138,2.2070125670426384
2025-01-21,Maximum Sharpe,0.2863990580987865,0.12030466228849897,2.2143701917382304
2025-01-22,Maximum Sharpe,0.281328382863512,0.12004491019903495,2.176921807265535
2025-01-23,Maximum Sharpe,0.28442497790184684,0.12005289259939346,2.2025706517893826
2025-01-24,Maximum Sharpe,0.28036644305995084,0.12004214069217156,2.168958680332251
2025-01-27,Maximum Sharpe,0.25944321070003773,0.1212493105498444,1.9748005956834285
2025-01-28,Maximum Sharpe,0.26699590767794756,0.12152419385204588,2.0324834080254166
2025-01-29,Maximum Sharpe,0.2655454276656961,0.12155697303980402,2.0200028145262543
2025-01-30,Maximum Sharpe,0.2659727668330427,0.12157765697558681,2.023174100833633
2025-01-31,Maximum Sharpe,0.26547194336022506,0.12158779510976978,2.018886378674869
2025-02-03,Maximum Sharpe,0.27515218553482645,0.12104361933158052,2.1079358576999914
2025-02-04,Maximum Sharpe,0.27288914916804563,0.12089942862769558,2.0917315494253206
2025-02-05,Maximum Sharpe,0.27389592546524066,0.12092587965325872,2.099599574493553
2025-02-06,Maximum Sharpe,0.2814807472305063,0.12084182167570486,2.1638265925204667
2025-02-07,Maximum Sharpe,0.26950998980910135,0.12109251330911865,2.06049063637952
2025-02-10,Maximum Sharpe,0.2770106921365436,0.12145833780017709,2.116039926047538
2025-02-11,Maximum Sharpe,0.2752425499847446,0.1214748813198351,2.101196125581785
2025-02-12,Maximum Sharpe,0.27013339807936854,0.12144586046479344,2.059628851259866
2025-02-13,Maximum Sharpe,0.2873764138963435,0.12187668818537098,2.193827366638578
2025-02-14,Maximum Sharpe,0.3023045598785825,0.12094808355834842,2.3340970073526766
2025-02-18,Maximum Sharpe,0.30263861861514485,0.12096091560881989,2.336611104442865
2025-02-19,Maximum Sharpe,0.2946988933582122,0.12086011731020171,2.272866347243112
2025-02-20,Maximum Sharpe,0.29605541368775556,0.1208298131644943,2.2846630848625207
2025-02-21,Maximum Sharpe,0.28240833503606466,0.12152507562845494,2.159293739823208
2025-02-24,Maximum Sharpe,0.279209559818955,0.12158872630958123,2.131855211304481
2025-02-25,Maximum Sharpe,0.2482817713727159,0.12097829810927374,1.88696464523348
2025-02-26,Maximum Sharpe,0.24868808004882648,0.12097938307825762,1.8903062177205485
2025-02-27,Maximum Sharpe,0.22778075579667356,0.12253610002591853,1.6956697312279754
2025-02-28,Maximum Sharpe,0.2357903321660202,0.12273076283169536,1.7582415947494796
2025-03-03,Maximum Sharpe,0.22989007056001798,0.12293620780889356,1.7073088091857829
2025-03-04,Maximum Sharpe,0.2209135049232076,0.12287938473525206,1.635046475501833
2025-03-05,Maximum Sharpe,0.21614303755243047,0.12251687166351005,1.6009471584544952
2025-03-06,Maximum Sharpe,0.1927551331461359,0.12365162030571489,1.3971117622156348
2025-03-07,Maximum Sharpe,0.2069130138544566,0.12349686813797044,1.5135040804892137
2025-03-10,Maximum Sharpe,0.1691399148305026,0.12588710464165645,1.1847116132747384
2025-03-11,Maximum Sharpe,0.1570446914941246,0.12550616775176163,1.0919359099959534
2025-03-12,Maximum Sharpe,0.16967700921028017,0.1255829911261714,1.1918573356793347
2025-03-13,Maximum Sharpe,0.16581539398657985,0.12568006384694633,1.1602110113832724
2025-03-14,Maximum Sharpe,0.17771806885865238,0.12645761511931963,1.247201038148923
2025-03-17,Maximum Sharpe,0.1866981284919016,0.12660589881474413,1.3166695237148656
2025-03-18,Maximum Sharpe,0.18487751526296314,0.1266641469219807,1.301690488347268
2025-03-19,Maximum Sharpe,0.20319254970675704,0.12671235239238454,1.4457355281312494
2025-03-20,Maximum Sharpe,0.19342419239678477,0.12669492443202418,1.3688329913313324
2025-03-21,Maximum Sharpe,0.18846140627252916,0.12671349193276613,1.32946700231349
2025-03-24,Maximum Sharpe,0.18800768461334094,0.126682726818171,1.3262083066342902
2025-03-25,Maximum Sharpe,0.1906592798855129,0.12672610288097705,1.3466781981435862
2025-03-26,Maximum Sharpe,0.1814023518036636,0.12718164735700788,1.269069517165443
2025-03-27,Maximum Sharpe,0.18482245662352148,0.12717191153599505,1.2960602277089288
2025-03-28,Maximum Sharpe,0.17049490338491524,0.12785397726870004,1.1770842534576196
2025-03-31,Maximum Sharpe,0.16951716296906816,0.1278193667273664,1.1697535889688946
2025-04-01,Maximum Sharpe,0.16819573949314015,0.12780319754902422,1.1595620636666273
2025-04-02,Maximum Sharpe,0.16990729260932524,0.12783588000875007,1.1726542860976468
2025-04-03,Maximum Sharpe,0.13566633685626295,0.1314570645923637,0.8798792002159309
2025-04-04,Maximum Sharpe,0.07435937381680402,0.14079079634364997,0.38610033630409085
2025-04-07,Maximum Sharpe,0.07271101022228743,0.1409195876247998,0.3740502730013031
2025-04-08,Maximum Sharpe,0.05269552355389351,0.14059658602610675,0.2325484883951764
2025-04-09,Maximum Sharpe,0.13383633997066458,0.16158091834949465,0.7045159857579223
2025-04-10,Maximum Sharpe,0.11081444656525363,0.1625398307336207,0.558721183326968
2025-04-11,Maximum Sharpe,0.14410604326851506,0.16336736305507032,0.7596746433783076
2025-04-14,Maximum Sharpe,0.13473661999825914,0.16293675395322754,0.7041788744066628
2025-04-15,Maximum Sharpe,0.15495774902420933,0.1622513329460818,0.8317820665859031
2025-04-16,Maximum Sharpe,0.155862702067896,0.1622338863528423,0.837449592820629
2025-04-17,Maximum Sharpe,0.15906184751442543,0.16222722409193638,0.8572041363144893
2025-04-21,Maximum Sharpe,0.1642862775984968,0.1620612954241502,0.8903191673302854
2025-04-22,Maximum Sharpe,0.18083740683716454,0.1624857161193971,0.9898556665681225
2025-04-23,Maximum Sharpe,0.19257692559862183,0.16226336755861778,1.063560606409073
2025-04-24,Maximum Sharpe,0.2149948897585945,0.16320749811215396,1.1947667356839002
2025-04-25,Maximum Sharpe,0.20696169751256277,0.16303333279778137,1.1467697697406516
2025-04-28,Maximum Sharpe,0.21396442436723428,0.16311243177343557,1.1891455621031535
2025-04-29,Maximum Sharpe,0.21611993313704847,0.16309931449825177,1.2024571270601547
2025-04-30,Maximum Sharpe,0.20206769640542377,0.16291190486755955,1.1175837429034856
2025-05-01,Maximum Sharpe,0.19608418819683227,0.1629491204050956,1.0806083994751403
2025-05-02,Maximum Sharpe,0.226336943389023,0.16202117922813045,1.2735183410712911
2025-05-05,Maximum Sharpe,0.2351141180927856,0.16211227519158194,1.326945278132497
2025-05-06,Maximum Sharpe,0.23285595923701208,0.16205238811563746,1.3135009098731836
2025-05-07,Maximum Sharpe,0.21661826872790813,0.16180513752564768,1.215154671443867
2025-05-08,Maximum Sharpe,0.199337669177988,0.1616048616469923,1.1097294187208986
2025-05-09,Maximum Sharpe,0.20329699821398317,0.1616075854156979,1.1342103635945944
2025-05-12,Maximum Sharpe,0.21195324349612066,0.16168118640149892,1.1872330217781053
2025-05-13,Maximum Sharpe,0.210143036508319,0.1616221053932878,1.1764667713344594
2025-05-14,Maximum Sharpe,0.19877039862231727,0.16172703647049327,1.105383506207594
2025-05-15,Maximum Sharpe,0.2116791219355345,0.1618569601924248,1.1842501039662146
2025-05-16,Maximum Sharpe,0.20205296169521758,0.16176787731437348,1.125396245024733
2025-05-19,Maximum Sharpe,0.19245689367266294,0.16134018710408074,1.0689022788935456
2025-05-20,Maximum Sharpe,0.20143279591784613,0.16134277094506788,1.124517664194687
2025-05-21,Maximum Sharpe,0.18815653416934652,0.16139357390347472,1.0419035287607954
2025-05-22,Maximum Sharpe,0.18209438324080307,0.16137980530203286,1.004427926638236
2025-05-23,Maximum Sharpe,0.18586302252548803,0.1614114880733904,1.0275787956931146
2025-05-27,Maximum Sharpe,0.2022100945398646,0.16130144112731803,1.1296247154794048
2025-05-28,Maximum Sharpe,0.20905418053872382,0.161020319506192,1.1741013874429296
2025-05-29,Maximum Sharpe,0.20681261025794884,0.16097161650321665,1.160531367678822
2025-05-30,Maximum Sharpe,0.19929523771706315,0.16095027542911705,1.1139790673798833
2025-06-02,Maximum Sharpe,0.22345772754993454,0.16102363262687996,1.2635271247505753
2025-06-03,Maximum Sharpe,0.227063992898906,0.1609653271395007,1.2863887930315194
2025-06-04,Maximum Sharpe,0.23110121905949277,0.1610095084873264,1.3111102632557212
2025-06-05,Maximum Sharpe,0.21926628889485045,0.1610620729064425,1.2372018147972053
2025-06-06,Maximum Sharpe,0.21969965979938366,0.1610569392108774,1.2399320437718615
2025-06-09,Maximum Sharpe,0.20575562908296008,0.16053177669467114,1.1571268499461282
2025-06-10,Maximum Sharpe,0.20649570646622895,0.16053933162805278,1.16168234023992
2025-06-11,Maximum Sharpe,0.22286547588233252,0.1599902646300558,1.2679863762424342
2025-06-12,Maximum Sharpe,0.22495162278065317,0.16004210366731367,1.280610652348677
2025-06-13,Maximum Sharpe,0.21820247234389734,0.16008037129608316,1.2381435071593125
2025-06-16,Maximum Sharpe,0.20880275800168646,0.15990159266966686,1.1807434488268367
2025-06-17,Maximum Sharpe,0.20597989438672415,0.15995438258233902,1.1627058376533579
2025-06-18,Maximum Sharpe,0.19892121842437538,0.15992494801326376,1.1187824079175948
2025-06-20,Maximum Sharpe,0.19015692710288068,0.15990305970962645,1.0641255233756914
2025-06-23,Maximum Sharpe,0.19488367412193952,0.15999540714828925,1.093054339740211
2025-06-24,Maximum Sharpe,0.1975380174061847,0.1600097981018523,1.1095446623410838
2025-06-25,Maximum Sharpe,0.20685638091670855,0.15984136852895317,1.1690113932105253
2025-06-26,Maximum Sharpe,0.21598769998230205,0.15986765786907198,1.2259371444774125
2025-06-27,Maximum Sharpe,0.20778270930511633,0.15990417595266393,1.1743452488739583
2025-06-30,Maximum Sharpe,0.2190585746788296,0.15998176606612713,1.2442578899682255
2025-07-01,Maximum Sharpe,0.21311472878419924,0.15993721585323503,1.207440855800624
2025-07-02,Maximum Sharpe,0.22231458646605673,0.15995406866024392,1.2648292610536227
2025-07-03,Maximum Sharpe,0.22162076063156833,0.15994618169961675,1.2605537593277316
2025-07-07,Maximum Sharpe,0.209128077755121,0.1599828468696155,1.1821772237198565
2025-07-08,Maximum Sharpe,0.19573045909085773,0.15984272919670445,1.0993960124054292
2025-07-09,Maximum Sharpe,0.19137050136835732,0.1596813228746572,1.0732031666776434
2025-07-10,Maximum Sharpe,0.19624033149453646,0.159633245951401,1.104032749845802
2025-07-11,Maximum Sharpe,0.19589654090182052,0.15963369145795958,1.1018760469380229
2025-07-14,Maximum Sharpe,0.18625079926665133,0.1594394453460329,1.0427206323117575
2025-07-15,Maximum Sharpe,0.18691164560389484,0.15942542267666132,1.0469575228438737
2025-07-16,Maximum Sharpe,0.18526672691484403,0.15939816697925663,1.0368169850808329
2025-07-17,Maximum Sharpe,0.18742225389441125,0.15941996205609413,1.05019629747184
2025-07-18,Maximum Sharpe,0.17799002827252286,0.1592365855607134,0.9921716653004014
2025-07-21,Maximum Sharpe,0.2045074585322788,0.15859331912853333,1.1633999436176952
2025-07-22,Maximum Sharpe,0.21479963430656035,0.1584218001564917,1.229626441020958
2025-07-23,Maximum Sharpe,0.22917863990484566,0.1580030742222078,1.3238896833783567
2025-07-24,Maximum Sharpe,0.2165615637877092,0.1578260862813304,1.2454314012281307
2025-07-25,Maximum Sharpe,0.21682786177894897,0.15782365052560612,1.2471379360662718
2025-07-28,Maximum Sharpe,0.23883261659122534,0.15647889696443287,1.3984800560101422
2025-07-29,Maximum Sharpe,0.2516400015643061,0.15608443047184833,1.4840685958493798
2025-07-30,Maximum Sharpe,0.23101385652713846,0.15590888861161314,1.3534434015035415
2025-07-31,Maximum Sharpe,0.2297056977974441,0.15591905128122918,1.3449651987633033
2025-08-01,Maximum Sharpe,0.22739437955310948,0.15596997401161394,1.3297070854013628
2025-08-04,Maximum Sharpe,0.21774026258285328,0.15515438939636217,1.2744741760266927
2025-08-05,Maximum Sharpe,0.23237980441126083,0.15437628474958803,1.3757281745428687
2025-08-06,Maximum Sharpe,0.2581205886792195,0.15364141945107776,1.5498463209332785
2025-08-07,Maximum Sharpe,0.29340110084967086,0.1516616944886197,1.8027037200892289
2025-08-08,Maximum Sharpe,0.2957936146936053,0.15170177687887912,1.817998578314629
2025-08-11,Maximum Sharpe,0.2944828684346501,0.15174544163608836,1.8088376525530643
2025-08-12,Maximum Sharpe,0.27523634363432503,0.15034558301122394,1.6976643977313954
2025-08-13,Maximum Sharpe,0.27340259792328614,0.1503235349855787,1.6857147348723291
2025-08-14,Maximum Sharpe,0.26312298466821527,0.15027965374884156,1.6178037319312721
2025-08-15,Maximum Sharpe,0.24406989068538532,0.14976271507280514,1.4961660555930543
2025-08-18,Maximum Sharpe,0.24441802146489322,0.14975933057480215,1.4985244699180889
2025-08-19,Maximum Sharpe,0.21733568111992274,0.14931932977716658,1.3215682217058724
2025-08-20,Maximum Sharpe,0.2081425360989102,0.14912932389681266,1.2616065786571395
2025-08-21,Maximum Sharpe,0.19419550773402183,0.14905483358896768,1.168667285318515
2025-08-22,Maximum Sharpe,0.21068013897464444,0.14959300515044927,1.2746594587285205
2025-08-25,Maximum Sharpe,0.20268521173108733,0.14964393281128704,1.220799322091247
2025-08-26,Maximum Sharpe,0.22215566374740026,0.1492034877928427,1.35489904919701
2025-08-27,Maximum Sharpe,0.2100585506090864,0.14880457223664192,1.2772359595701055
2025-08-28,Maximum Sharpe,0.22047760727343624,0.1488252376410855,1.347067274684407
2025-08-29,Maximum Sharpe,0.21404731112495679,0.14885673575142847,1.303584350049102
2025-09-02,Maximum Sharpe,0.22544797389331972,0.14861919370651616,1.3823784719154477
2025-09-03,Maximum Sharpe,0.23165065245722682,0.1487284212120767,1.4230679700111069
2025-09-04,Maximum Sharpe,0.23168252847471038,0.1487290531662309,1.423276246088368
2025-09-05,Maximum Sharpe,0.25952381757010956,0.14752935631532244,1.6235671567505685
2025-09-08,Maximum Sharpe,0.26952120786999023,0.1476013673678158,1.690507427673044
2025-09-09,Maximum Sharpe,0.2676236527215041,0.1475979167642625,1.677690702891144
2025-09-10,Maximum Sharpe,0.29258635490113427,0.14647027614532646,1.8610353040549783
2025-09-11,Maximum Sharpe,0.2860784047365752,0.14626497286541584,1.819153277260745
2025-09-12,Maximum Sharpe,0.28168882038019594,0.14621422309251236,1.7897630944878782
2025-09-15,Maximum Sharpe,0.2791340891498155,0.14610799244429726,1.7735791506998408
2025-09-16,Maximum Sharpe,0.2642983844204898,0.14572876151086955,1.6763910012524754
2025-09-17,Maximum Sharpe,0.2520982308931765,0.1457073762966177,1.5929065280860748
2025-09-18,Maximum Sharpe,0.2558933223439728,0.1457173420445987,1.6188417866678801
2025-09-19,Maximum Sharpe,0.26649301998055175,0.14579341387025319,1.6907006526365778
2025-09-22,Maximum Sharpe,0.2833999534159104,0.1458681173694363,1.805740405552807
2025-09-23,Maximum Sharpe,0.2560800593494863,0.14474301115290578,1.6310290733145834
2025-09-24,Maximum Sharpe,0.24744418871937723,0.14486905088827048,1.5699984732749606
2025-09-25,Maximum Sharpe,0.24197358922932222,0.1448874693914373,1.5320413156614954
2025-09-26,Maximum Sharpe,0.23944969380491243,0.14481414688386707,1.5153885067658408
2025-09-29,Maximum Sharpe,0.25044710836267203,0.14494799151402776,1.5898606524697505
2025-09-30,Maximum Sharpe,0.24737362223309178,0.14486204042791215,1.5695873229553188
2025-10-01,Maximum Sharpe,0.2578978934112055,0.14475581633913953,1.6434427260169575
2025-10-02,Maximum Sharpe,0.2589530324819358,0.14474846727293764,1.6508156319981344
2025-10-03,Maximum Sharpe,0.26711489291432655,0.14464984417156831,1.7083661190898005
2025-10-06,Maximum Sharpe,0.2755367773018831,0.14477611921152084,1.7650478455534415
2025-10-07,Maximum Sharpe,0.2778158693005659,0.14475102688433272,1.7810987241325806
2025-10-08,Maximum Sharpe,0.28029658710189986,0.1448355565804691,1.797187053009886
2025-10-09,Maximum Sharpe,0.280656070935152,0.14481936269304047,1.7998703080032146
2025-10-10,Maximum Sharpe,0.26317329326972216,0.14509564812469064,1.6759516664534742
2025-10-13,Maximum Sharpe,0.2784460402257596,0.1457568246872801,1.773131658021867
2025-10-14,Maximum Sharpe,0.2793028897945775,0.14575928597730464,1.7789802416770353
2025-10-15,Maximum Sharpe,0.2809971790164294,0.14581155543968566,1.7899622442776133
2025-10-16,Maximum Sharpe,0.2824089377365129,0.1458443401598957,1.7992397747408104
2025-10-17,Maximum Sharpe,0.2869206060391909,0.14569396039547716,1.8320636306038462
2025-10-20,Maximum Sharpe,0.30385379282766656,0.14647676512930968,1.937875898454478
2025-10-21,Maximum Sharpe,0.27599928660491235,0.1478952223152798,1.730950348478321
2025-10-22,Maximum Sharpe,0.26379449957904244,0.14781841515177666,1.649283679091808
2025-10-23,Maximum Sharpe,0.2696998856284385,0.14782451067918637,1.6891642967812384
2025-10-24,Maximum Sharpe,0.2698793160565016,0.1478263543258727,1.6903570218992237
2025-10-27,Maximum Sharpe,0.2822380909823816,0.1472923430937866,1.7803918756007886
2025-10-28,Maximum Sharpe,0.27425364197656266,0.14721525838968014,1.7270875638688954
2025-10-29,Maximum Sharpe,0.2688224672664081,0.14724807604921897,1.6898181215164878
2025-10-30,Maximum Sharpe,0.26680048643586507,0.14724800917827444,1.676087084729693
2025-10-31,Maximum Sharpe,0.25862475397442086,0.14715673640031843,1.6215686744049356
2025-11-03,Maximum Sharpe,0.26328144990295677,0.14712428533562494,1.6535777852580547
2025-11-04,Maximum Sharpe,0.27264369885432016,0.14632482819808562,1.726594877749021
2025-11-05,Maximum Sharpe,0.2753889066740802,0.14636189939318128,1.7449138589545954
2025-11-06,Maximum Sharpe,0.2706986038292478,0.14645847542264462,1.7117384508188465
2025-11-07,Maximum Sharpe,0.26183397302535294,0.146237099957983,1.653711493833213
2025-11-10,Maximum Sharpe,0.2752519816089485,0.14692688298594922,1.7372721480340565
2025-11-11,Maximum Sharpe,0.26187747687848484,0.1464139369530045,1.65201129012822
2025-11-12,Maximum Sharpe,0.2707006073013858,0.14645314027307899,1.711814487787187
2025-11-13,Maximum Sharpe,0.2654117055258134,0.146735392613453,1.6724779288409628
2025-11-14,Maximum Sharpe,0.26531526261703453,0.14673895920471322,1.6717800367849076
2025-11-17,Maximum Sharpe,0.2603646763125165,0.14691885692212225,1.6360369345912305
2025-11-18,Maximum Sharpe,0.2634756267486522,0.14684602503711483,1.6580334856671441
2025-11-19,Maximum Sharpe,0.2812017100094999,0.1462826868318234,1.7855955182843697
2025-11-20,Maximum Sharpe,0.25936917764158385,0.14628783560961525,1.6362890095685476
2025-11-21,Maximum Sharpe,0.2585132347561008,0.14626701866093986,1.630669968798612
2025-11-24,Maximum Sharpe,0.2725507154151954,0.14672326533159913,1.721272456991895
2025-11-25,Maximum Sharpe,0.2719339819476869,0.14671002337536945,1.717224059756936
2025-11-26,Maximum Sharpe,0.2728317798158908,0.146734352347235,1.7230578645795551
2025-11-28,Maximum Sharpe,0.2893605717355783,0.14661240804575149,1.8372290266968556
2025-12-01,Maximum Sharpe,0.28314916829657233,0.14662101195063235,1.79475755074706
2025-12-02,Maximum Sharpe,0.2868890743927617,0.1465881054042138,1.820673469084141
2025-12-03,Maximum Sharpe,0.27799525862847174,0.14640345299336452,1.7622211317663723
2025-12-04,Maximum Sharpe,0.2749288989252139,0.14641612553141392,1.7411258356957293
2025-12-05,Maximum Sharpe,0.27243942165472745,0.14641328213949026,1.7241565653464717
2025-12-08,Maximum Sharpe,0.261247243456626,0.1463426524658955,1.6485094358450798
2025-12-09,Maximum Sharpe,0.26689365974372925,0.14628696767379734,1.6877351665000875
2025-12-10,Maximum Sharpe,0.26784663961222455,0.14630127315108837,1.6940839561680927
2025-12-11,Maximum Sharpe,0.27225833492751583,0.14629570457013846,1.7243044535636092
2025-12-12,Maximum Sharpe,0.26332128253257747,0.1464583986752879,1.6613679019667813
2025-12-15,Maximum Sharpe,0.2480129457374658,0.14611642977884376,1.5604880716191702
2025-12-16,Maximum Sharpe,0.2606089494543704,0.1457947252899265,1.6503268480797018
2025-12-17,Maximum Sharpe,0.25758544960168406,0.14585787882936974,1.6288832081510032
2025-12-18,Maximum Sharpe,0.25670694644529113,0.14583508840178622,1.6231138132761738
2025-12-19,Maximum Sharpe,0.2671181482912943,0.14579536447564073,1.6949657431158072
2025-12-22,Maximum Sharpe,0.31472414232125256,0.143081558297989,2.0598331876386538
2025-12-23,Maximum Sharpe,0.323954246001557,0.14313269931903805,2.12358355182035
2025-12-24,Maximum Sharpe,0.3130239175167575,0.1429104460202831,2.050402372092303
2025-12-26,Maximum Sharpe,0.3128201649802129,0.14290747910950488,2.0490191752373947
2025-12-29,Maximum Sharpe,0.2832167002716841,0.14356105423819387,1.8334826368365877
2025-12-30,Maximum Sharpe,0.27910949226731563,0.14356845664713289,1.8047800911042957
2025-12-31,Maximum Sharpe,0.2832730308043405,0.14337059864983948,1.8363111634020877
2026-01-02,Maximum Sharpe,0.29596174419520205,0.14301872309331035,1.929549769614116
2026-01-05,Maximum Sharpe,0.31361444036596264,0.14339280168698507,2.047623290093036
2026-01-06,Maximum Sharpe,0.318574625407575,0.14347727139739844,2.0809890131001527
2026-01-07,Maximum Sharpe,0.30675629978694774,0.14340904769320423,1.9995690955315948
2026-01-08,Maximum Sharpe,0.2980599774669379,0.1433493009470387,1.9397372406417865
2026-01-09,Maximum Sharpe,0.31543861704158704,0.14319969771236757,2.0631231892333193
2026-01-12,Maximum Sharpe,0.32027642154109337,0.14326813300795588,2.095905176096757
2026-01-13,Maximum Sharpe,0.32990887680199754,0.14299184286385253,2.1673185728298674
2026-01-14,Maximum Sharpe,0.33499401301796894,0.14291066187596724,2.2041323501206196
2026-01-15,Maximum Sharpe,0.33074827136079366,0.14292690478393394,2.1741761764907688
2026-01-16,Maximum Sharpe,0.30609236931043293,0.14222109917316964,2.0116028562125257
2026-01-20,Maximum Sharpe,0.3086610485825716,0.14221796685049576,2.029708727913553
2026-01-21,Maximum Sharpe,0.3131442726470979,0.14240009178193513,2.0585960934351455
2026-01-22,Maximum Sharpe,0.3093667579566879,0.14222518049129917,2.0345676972045768
2026-01-23,Maximum Sharpe,0.30777801192099385,0.14218107438889868,2.0240247385798567
2026-01-26,Maximum Sharpe,0.3129965326433961,0.1422801600956671,2.0592929642923474
2026-01-27,Maximum Sharpe,0.32646828521161186,0.1425567925997919,2.149797842828706
2026-01-28,Maximum Sharpe,0.3647893845027894,0.14193979074717297,2.429124227165712
2026-01-29,Maximum Sharpe,0.3508104818903133,0.14171546130419732,2.334328794091258
2026-01-30,Maximum Sharpe,0.30769647121113053,0.14618875632442052,1.9679794701357032
2026-02-02,Maximum Sharpe,0.28359818378459467,0.14642727060139762,1.8001987109502173
2026-02-03,Maximum Sharpe,0.30458811622438375,0.14695756030639442,1.9365326671934464
2026-02-04,Maximum Sharpe,0.3019216497142463,0.1470416567950567,1.9172910307123525
2026-02-05,Maximum Sharpe,0.27428237692341395,0.14733343601225732,1.7258972831004842
2026-02-06,Maximum Sharpe,0.2894194407475854,0.14817238021581283,1.8182838148052722
2026-02-09,Maximum Sharpe,0.2999239160107672,0.1484639819570468,1.8854668473849368
2026-02-10,Maximum Sharpe,0.3046784391361357,0.14831189743902332,1.9194578725767961
2026-02-11,Maximum Sharpe,0.29427065003452046,0.1479685097584073,1.8535744563646042
2026-02-12,Maximum Sharpe,0.27492203924787484,0.14894241879939368,1.7115475987483597
2026-02-13,Maximum Sharpe,0.2870638325221113,0.14917221262696795,1.7903054987188038
2026-02-17,Maximum Sharpe,0.2601329206653782,0.1491656804420394,1.6098402793039617
2026-02-18,Maximum Sharpe,0.2751562811655064,0.1493175926003137,1.7088159320147673
2026-02-19,Maximum Sharpe,0.2657080538507368,0.14919374062153923,1.646905914598831
2026-02-20,Maximum Sharpe,0.2774176907696182,0.1494181902898888,1.722800217765974
2026-02-23,Maximum Sharpe,0.2857588398419262,0.1494320675580909,1.778459230235932
2026-02-24,Maximum Sharpe,0.30121446194758184,0.14884619036654823,1.8892956632283557
2026-02-25,Maximum Sharpe,0.3109455544216273,0.14881082926066236,1.955136974016835
2026-02-26,Maximum Sharpe,0.32095515213035997,0.14852073587363765,2.026351070509201
2026-02-27,Maximum Sharpe,0.323932572501082,0.14854285852819427,2.046093467653269
2026-03-02,Maximum Sharpe,0.3526332985596514,0.14719396755465833,2.2598296933339532
2026-03-03,Maximum Sharpe,0.31838473594262884,0.14826667866858992,2.012486815123088
2026-03-04,Maximum Sharpe,0.33664381212113703,0.1481654036565988,2.1370968141457545
2026-03-05,Maximum Sharpe,0.3311536171011389,0.1483076068507028,2.098028710114436
2026-03-06,Maximum Sharpe,0.31638993520728165,0.14806032948280703,2.0018186927086288
2026-03-09,Maximum Sharpe,0.34483767328171755,0.14710070699036035,2.2082672471656064
2026-03-10,Maximum Sharpe,0.34108345481500524,0.14705442514900627,2.1834327970046465
2026-03-11,Maximum Sharpe,0.37113496325313466,0.14483109263399183,2.4244446193643046
2026-03-12,Maximum Sharpe,0.35272696197681497,0.14557493398510263,2.2856061333393045
2026-03-13,Maximum Sharpe,0.33462289947498536,0.14566784660822593,2.159865109567827
2026-03-16,Maximum Sharpe,0.34818048500412435,0.1456094129294633,2.2538411384372714
2026-03-17,Maximum Sharpe,0.3298810421680445,0.1449221826127844,2.1382581781562826
2026-03-18,Maximum Sharpe,0.299063637267984,0.14586243636519367,1.9131974223253505
2026-03-19,Maximum Sharpe,0.2877366705273747,0.14647409947835566,1.8278772252628726
2026-03-20,Maximum Sharpe,0.2524617884095752,0.14760593676978895,1.5748810210264799
2026-03-23,Maximum Sharpe,0.2545910216431755,0.1475695854920254,1.5896976389884399
2026-03-24,Maximum Sharpe,0.25283403337058763,0.1476034347073967,1.5774296433694024
2026-03-25,Maximum Sharpe,0.25598348147916594,0.1477918419610998,1.59672873920388
2026-03-26,Maximum Sharpe,0.22239607396547423,0.14961175589080752,1.3528086263033419
2026-03-27,Maximum Sharpe,0.23932515960061007,0.14918684250954015,1.4701374190326788
2026-03-30,Maximum Sharpe,0.23656109860330443,0.14919119219020777,1.4515675853518553
2026-03-31,Maximum Sharpe,0.28329817967725046,0.1504844472283297,1.7496703780806577
2026-04-01,Maximum Sharpe,0.28761373247079125,0.1506226052436482,1.7767169279664055
2026-04-02,Maximum Sharpe,0.27910864233221866,0.15073031517107127,1.7190214326702857
2026-04-06,Maximum Sharpe,0.2740506787511976,0.15069805254615898,1.6858258913026203
2026-04-07,Maximum Sharpe,0.3184075677981433,0.1474680672744684,2.0235402369703905
2026-04-08,Maximum Sharpe,0.4071786142561402,0.1388079016617146,2.7893124931729307
2026-04-09,Maximum Sharpe,0.4316715422323416,0.138162808463535,2.979611856551057
2026-04-10,Maximum Sharpe,0.4399752262540644,0.1379383678130158,3.0446585160654314
2026-04-13,Maximum Sharpe,0.3382925217456365,0.11329225919538015,2.809481636311264
2026-04-14,Maximum Sharpe,0.38030056477083174,0.11244329128496368,3.2042868956737163
2026-04-15,Maximum Sharpe,0.3539855542886847,0.11088666585252163,3.0119541580669655
2026-04-16,Maximum Sharpe,0.3482696205617999,0.11082844673552039,2.9619617546854045
2026-04-17,Maximum Sharpe,0.3586534834633206,0.11122557618038079,3.044744698954017
2026-04-20,Maximum Sharpe,0.3569496724032959,0.1112759116677737,3.028055824060967
2026-04-21,Maximum Sharpe,0.33830331316417395,0.11207600752530324,2.8400664887381097
2026-04-22,Maximum Sharpe,0.3551537719268951,0.11229635550235724,2.984547187017657
2026-04-23,Maximum Sharpe,0.33128451285133775,0.11189713877441715,2.7818808975882963
2026-04-24,Maximum Sharpe,0.3377180766549648,0.11203903347950193,2.8357802346901964
2026-04-27,Maximum Sharpe,0.3105323889087719,0.11076313584984564,2.623006171499403
2026-04-28,Maximum Sharpe,0.2970584504251874,0.1111828268843246,2.4919176656071262
2026-04-29,Maximum Sharpe,0.28458935742134894,0.11117822247025813,2.379866771949251
2026-04-30,Maximum Sharpe,0.2957332728701503,0.1114767761696803,2.4734593369515183
2026-05-01,Maximum Sharpe,0.3024539632954131,0.11143518827763439,2.534692745272662
2026-05-04,Maximum Sharpe,0.29559969491308835,0.11174765620290335,2.466268235753189
2026-05-05,Maximum Sharpe,0.29680410997482887,0.11180320150650759,2.4758155960204524
2026-05-06,Maximum Sharpe,0.31260336348520434,0.11306878262014089,2.587835092098029
2026-05-07,Maximum Sharpe,0.3041898739095883,0.11301713851192637,2.5145732554500886
2026-05-08,Maximum Sharpe,0.32041729554164733,0.11327007520269955,2.6522212067401143
2026-05-11,Maximum Sharpe,0.32765793944424493,0.11314732834454488,2.7190915061414076
2026-05-12,Maximum Sharpe,0.31880019178957686,0.11326123098564211,2.6381506645239896
2026-05-13,Maximum Sharpe,0.313948084469835,0.1131603062990222,2.597625387236823
2026-05-14,Maximum Sharpe,0.3076334229957871,0.11303752959113028,2.5445834143420347
2026-05-15,Maximum Sharpe,0.29497695002016067,0.11402480651902494,2.4115537523344184
2026-05-18,Maximum Sharpe,0.28401320713901224,0.11381349958575782,2.319700282479055
2026-05-19,Maximum Sharpe,0.2742210764802342,0.11423032076562607,2.225513110497487
2026-05-20,Maximum Sharpe,0.2831322762138737,0.11470767298824075,2.2939378801699575
2026-05-21,Maximum Sharpe,0.2783616921584027,0.11465219403433469,2.253438709433084
2026-05-22,Maximum Sharpe,0.2854649290554818,0.11446902542145085,2.319098359386706
2026-05-26,Maximum Sharpe,0.29605507988379154,0.1145895409319118,2.4090774571461218
2026-05-27,Maximum Sharpe,0.2855529420153693,0.1146745952081549,2.315708562418234
2026-05-28,Maximum Sharpe,0.28655169928069024,0.11471339904651648,2.3236317770742985
2026-05-29,Maximum Sharpe,0.2986082717120455,0.1146500391720517,2.43007567833402
2026-06-01,Maximum Sharpe,0.291346093922878,0.11464039106590429,2.366932731125167
2026-06-02,Maximum Sharpe,0.2967479734898484,0.11461264761286338,2.4146372957428124
2026-06-03,Maximum Sharpe,0.273755528010327,0.1143926111702241,2.2182860012935732
2026-06-04,Maximum Sharpe,0.27788869965908436,0.11438605449733043,2.254546682219055
2026-06-05,Maximum Sharpe,0.23154660087744028,0.11892543490528501,1.778817130632492
2026-06-08,Maximum Sharpe,0.24386804993293,0.11886305583569488,1.8834115306810228
2026-06-09,Maximum Sharpe,0.23612923936733976,0.11914055093027509,1.8140694975787512
2026-06-10,Maximum Sharpe,0.20621520601487608,0.1213021711123089,1.5351349799210665
2026-06-11,Maximum Sharpe,0.23153402887988017,0.12350877442518965,1.712704460588816
2026-06-12,Maximum Sharpe,0.2339071983358738,0.12352578102030319,1.7316805979208112
2026-06-15,Maximum Sharpe,0.251378772206754,0.12499539392263372,1.8510983880731364
2026-06-16,Maximum Sharpe,0.24895593414019945,0.12507140456363935,1.8306017665588872
2026-06-17,Maximum Sharpe,0.23146791715706216,0.12588986690162818,1.6797850562691092
2026-06-18,Maximum Sharpe,0.247340553076294,0.12604962042971699,1.8035798307148019
2026-06-22,Maximum Sharpe,0.244359782690323,0.12611532527763214,1.7790049083758381
2026-06-23,Maximum Sharpe,0.22405562240797883,0.1275901643837332,1.599305270853577
2026-06-24,Maximum Sharpe,0.2053726553942441,0.12783771155603438,1.4500623731283766
2026-06-25,Maximum Sharpe,0.2084657381802122,0.12790666250301064,1.4734630275868243
2026-06-26,Maximum Sharpe,0.20518058955836538,0.12792725254950937,1.4475460534626763
2026-06-29,Maximum Sharpe,0.20611610880289888,0.12795636783203732,1.454527914134022
2026-06-30,Maximum Sharpe,0.21666400200865454,0.12796545924253497,1.5368522347574602
2026-07-01,Maximum Sharpe,0.20507630580022052,0.12787399947875913,1.447333363737975
2026-07-02,Maximum Sharpe,0.20785039358568613,0.1278776073952668,1.4689858327192877
2026-07-06,Maximum Sharpe,0.21328779231365402,0.12810614950169485,1.5088096322112687
2026-07-07,Maximum Sharpe,0.1974130882678975,0.12857485505901176,1.3798428019729874
2026-07-08,Maximum Sharpe,0.19976060479802404,0.12850383315229155,1.3988734840694397
2026-07-09,Maximum Sharpe,0.21446897354476357,0.12874481099871546,1.5104995070186082
2026-07-10,Maximum Sharpe,0.20841258088598913,0.12864358532285067,1.4646092178878494
2026-07-13,Maximum Sharpe,0.18859604564598031,0.1296699760523325,1.3001933892386774
2026-07-14,Maximum Sharpe,0.19807237545558776,0.12989354140155235,1.3709101586898427
2026-07-15,Maximum Sharpe,0.19895232387510453,0.12989402881447154,1.3776793707022765
2026-07-16,Maximum Sharpe,0.18873430824855353,0.13041772686490402,1.293798874621857
2026-07-17,Maximum Sharpe,0.181157868349751,0.13045533889861066,1.2353489685462564
2026-07-20,Maximum Sharpe,0.17536255411302926,0.13044048950995177,1.1910608024909022
2026-07-21,Maximum Sharpe,0.1894862279285232,0.13096269710376035,1.2941565169068034
2026-07-22,Maximum Sharpe,0.1827712955348375,0.13080196702348806,1.244410151000319
2026-07-23,Maximum Sharpe,0.16392200224485132,0.13163182089792638,1.093367859405784
2026-07-24,Maximum Sharpe,0.1606162890410079,0.13165322941562835,1.0680808185652875
2026-07-27,Maximum Sharpe,0.16513842905744314,0.13164346421485854,1.1025114685569133
2026-07-28,Maximum Sharpe,0.15977618782701009,0.1317747509872243,1.0607205612595811
2026-07-29,Maximum Sharpe,0.15235219986541226,0.1320642106180528,1.0021806759455245
2026-07-30,Maximum Sharpe,0.17263557798067142,0.13315741062893605,1.1462792589592654
2026-07-31,Maximum Sharpe,0.17791851701508365,0.13301472572297363,1.187225821477665
2026-08-03,Maximum Sharpe,0.1891027021727758,0.13322160211167183,1.2693339480411514
2026-08-04,Maximum Sharpe,0.2128738358902773,0.1339545131346105,1.439845745969447
2026-08-05,Maximum Sharpe,0.20981794433979783,0.13375356498427773,1.419161757386506
2026-08-06,Maximum Sharpe,0.2112903699092663,0.13372127156353433,1.4305156365371492
2026-08-07,Maximum Sharpe,0.21836159520847076,0.13406707141356886,1.479569838566599
2026-08-10,Maximum Sharpe,0.21558778842625248,0.13403713237801754,1.4592060047558093
2026-08-11,Maximum Sharpe,0.20621820888438736,0.13400280364810122,1.3896590505181272
2026-08-12,Maximum Sharpe,0.2204565629245474,0.1339215651192865,1.496820640842996
2026-08-13,Maximum Sharpe,0.21246683554933576,0.1337642105292274,1.4388515043587229
2026-08-14,Maximum Sharpe,0.2099777819576245,0.13375268119165565,1.4203661583830482
2026-08-17,Maximum Sharpe,0.21412451091863627,0.13371796676495926,1.4517459068148688
2026-08-18,Maximum Sharpe,0.20261113991732183,0.13422680555170927,1.3604670033436286
2026-08-19,Maximum Sharpe,0.2190505683097348,0.1347651621431131,1.4770179855410568
2026-08-20,Maximum Sharpe,0.2236939709493564,0.13459187583812973,1.513419511251437
2026-08-21,Maximum Sharpe,0.23216230672791704,0.1347633887695113,1.5743319358849217
2026-08-24,Maximum Sharpe,0.23656523427976128,0.13467889619163548,1.608011651443959
2026-08-25,Maximum Sharpe,0.2256881879121384,0.13413571687527218,1.533433396441309
2026-08-26,Maximum Sharpe,0.22420798433069966,0.13418173441013478,1.5218761721064458
2026-08-27,Maximum Sharpe,0.22527479063344757,0.13420998841576573,1.529504570088569
2026-08-28,Maximum Sharpe,0.20775600905980962,0.13487798252277947,1.3920434273110485
2026-08-31,Maximum Sharpe,0.19950192615650453,0.1348136002070212,1.3314823273086651
2026-09-01,Maximum Sharpe,0.18690807721643576,0.13548830315402616,1.2319002698461055
2026-09-02,Maximum Sharpe,0.19252698609033647,0.1356063370680341,1.2722634488960438
2018-02-01,Shrunk Max Sharpe λ=0.50,,,
2018-02-02,Shrunk Max Sharpe λ=0.50,,,
2018-02-05,Shrunk Max Sharpe λ=0.50,,,
2018-02-06,Shrunk Max Sharpe λ=0.50,,,
2018-02-07,Shrunk Max Sharpe λ=0.50,,,
2018-02-08,Shrunk Max Sharpe λ=0.50,,,
2018-02-09,Shrunk Max Sharpe λ=0.50,,,
2018-02-12,Shrunk Max Sharpe λ=0.50,,,
2018-02-13,Shrunk Max Sharpe λ=0.50,,,
2018-02-14,Shrunk Max Sharpe λ=0.50,,,
2018-02-15,Shrunk Max Sharpe λ=0.50,,,
2018-02-16,Shrunk Max Sharpe λ=0.50,,,
2018-02-20,Shrunk Max Sharpe λ=0.50,,,
2018-02-21,Shrunk Max Sharpe λ=0.50,,,
2018-02-22,Shrunk Max Sharpe λ=0.50,,,
2018-02-23,Shrunk Max Sharpe λ=0.50,,,
2018-02-26,Shrunk Max Sharpe λ=0.50,,,
2018-02-27,Shrunk Max Sharpe λ=0.50,,,
2018-02-28,Shrunk Max Sharpe λ=0.50,,,
2018-03-01,Shrunk Max Sharpe λ=0.50,,,
2018-03-02,Shrunk Max Sharpe λ=0.50,,,
2018-03-05,Shrunk Max Sharpe λ=0.50,,,
2018-03-06,Shrunk Max Sharpe λ=0.50,,,
2018-03-07,Shrunk Max Sharpe λ=0.50,,,
2018-03-08,Shrunk Max Sharpe λ=0.50,,,
2018-03-09,Shrunk Max Sharpe λ=0.50,,,
2018-03-12,Shrunk Max Sharpe λ=0.50,,,
2018-03-13,Shrunk Max Sharpe λ=0.50,,,
2018-03-14,Shrunk Max Sharpe λ=0.50,,,
2018-03-15,Shrunk Max Sharpe λ=0.50,,,
2018-03-16,Shrunk Max Sharpe λ=0.50,,,
2018-03-19,Shrunk Max Sharpe λ=0.50,,,
2018-03-20,Shrunk Max Sharpe λ=0.50,,,
2018-03-21,Shrunk Max Sharpe λ=0.50,,,
2018-03-22,Shrunk Max Sharpe λ=0.50,,,
2018-03-23,Shrunk Max Sharpe λ=0.50,,,
2018-03-26,Shrunk Max Sharpe λ=0.50,,,
2018-03-27,Shrunk Max Sharpe λ=0.50,,,
2018-03-28,Shrunk Max Sharpe λ=0.50,,,
2018-03-29,Shrunk Max Sharpe λ=0.50,,,
2018-04-02,Shrunk Max Sharpe λ=0.50,,,
2018-04-03,Shrunk Max Sharpe λ=0.50,,,
2018-04-04,Shrunk Max Sharpe λ=0.50,,,
2018-04-05,Shrunk Max Sharpe λ=0.50,,,
2018-04-06,Shrunk Max Sharpe λ=0.50,,,
2018-04-09,Shrunk Max Sharpe λ=0.50,,,
2018-04-10,Shrunk Max Sharpe λ=0.50,,,
2018-04-11,Shrunk Max Sharpe λ=0.50,,,
2018-04-12,Shrunk Max Sharpe λ=0.50,,,
2018-04-13,Shrunk Max Sharpe λ=0.50,,,
2018-04-16,Shrunk Max Sharpe λ=0.50,,,
2018-04-17,Shrunk Max Sharpe λ=0.50,,,
2018-04-18,Shrunk Max Sharpe λ=0.50,,,
2018-04-19,Shrunk Max Sharpe λ=0.50,,,
2018-04-20,Shrunk Max Sharpe λ=0.50,,,
2018-04-23,Shrunk Max Sharpe λ=0.50,,,
2018-04-24,Shrunk Max Sharpe λ=0.50,,,
2018-04-25,Shrunk Max Sharpe λ=0.50,,,
2018-04-26,Shrunk Max Sharpe λ=0.50,,,
2018-04-27,Shrunk Max Sharpe λ=0.50,,,
2018-04-30,Shrunk Max Sharpe λ=0.50,,,
2018-05-01,Shrunk Max Sharpe λ=0.50,,,
2018-05-02,Shrunk Max Sharpe λ=0.50,,,
2018-05-03,Shrunk Max Sharpe λ=0.50,,,
2018-05-04,Shrunk Max Sharpe λ=0.50,,,
2018-05-07,Shrunk Max Sharpe λ=0.50,,,
2018-05-08,Shrunk Max Sharpe λ=0.50,,,
2018-05-09,Shrunk Max Sharpe λ=0.50,,,
2018-05-10,Shrunk Max Sharpe λ=0.50,,,
2018-05-11,Shrunk Max Sharpe λ=0.50,,,
2018-05-14,Shrunk Max Sharpe λ=0.50,,,
2018-05-15,Shrunk Max Sharpe λ=0.50,,,
2018-05-16,Shrunk Max Sharpe λ=0.50,,,
2018-05-17,Shrunk Max Sharpe λ=0.50,,,
2018-05-18,Shrunk Max Sharpe λ=0.50,,,
2018-05-21,Shrunk Max Sharpe λ=0.50,,,
2018-05-22,Shrunk Max Sharpe λ=0.50,,,
2018-05-23,Shrunk Max Sharpe λ=0.50,,,
2018-05-24,Shrunk Max Sharpe λ=0.50,,,
2018-05-25,Shrunk Max Sharpe λ=0.50,,,
2018-05-29,Shrunk Max Sharpe λ=0.50,,,
2018-05-30,Shrunk Max Sharpe λ=0.50,,,
2018-05-31,Shrunk Max Sharpe λ=0.50,,,
2018-06-01,Shrunk Max Sharpe λ=0.50,,,
2018-06-04,Shrunk Max Sharpe λ=0.50,,,
2018-06-05,Shrunk Max Sharpe λ=0.50,,,
2018-06-06,Shrunk Max Sharpe λ=0.50,,,
2018-06-07,Shrunk Max Sharpe λ=0.50,,,
2018-06-08,Shrunk Max Sharpe λ=0.50,,,
2018-06-11,Shrunk Max Sharpe λ=0.50,,,
2018-06-12,Shrunk Max Sharpe λ=0.50,,,
2018-06-13,Shrunk Max Sharpe λ=0.50,,,
2018-06-14,Shrunk Max Sharpe λ=0.50,,,
2018-06-15,Shrunk Max Sharpe λ=0.50,,,
2018-06-18,Shrunk Max Sharpe λ=0.50,,,
2018-06-19,Shrunk Max Sharpe λ=0.50,,,
2018-06-20,Shrunk Max Sharpe λ=0.50,,,
2018-06-21,Shrunk Max Sharpe λ=0.50,,,
2018-06-22,Shrunk Max Sharpe λ=0.50,,,
2018-06-25,Shrunk Max Sharpe λ=0.50,,,
2018-06-26,Shrunk Max Sharpe λ=0.50,,,
2018-06-27,Shrunk Max Sharpe λ=0.50,,,
2018-06-28,Shrunk Max Sharpe λ=0.50,,,
2018-06-29,Shrunk Max Sharpe λ=0.50,,,
2018-07-02,Shrunk Max Sharpe λ=0.50,,,
2018-07-03,Shrunk Max Sharpe λ=0.50,,,
2018-07-05,Shrunk Max Sharpe λ=0.50,,,
2018-07-06,Shrunk Max Sharpe λ=0.50,,,
2018-07-09,Shrunk Max Sharpe λ=0.50,,,
2018-07-10,Shrunk Max Sharpe λ=0.50,,,
2018-07-11,Shrunk Max Sharpe λ=0.50,,,
2018-07-12,Shrunk Max Sharpe λ=0.50,,,
2018-07-13,Shrunk Max Sharpe λ=0.50,,,
2018-07-16,Shrunk Max Sharpe λ=0.50,,,
2018-07-17,Shrunk Max Sharpe λ=0.50,,,
2018-07-18,Shrunk Max Sharpe λ=0.50,,,
2018-07-19,Shrunk Max Sharpe λ=0.50,,,
2018-07-20,Shrunk Max Sharpe λ=0.50,,,
2018-07-23,Shrunk Max Sharpe λ=0.50,,,
2018-07-24,Shrunk Max Sharpe λ=0.50,,,
2018-07-25,Shrunk Max Sharpe λ=0.50,,,
2018-07-26,Shrunk Max Sharpe λ=0.50,,,
2018-07-27,Shrunk Max Sharpe λ=0.50,,,
2018-07-30,Shrunk Max Sharpe λ=0.50,,,
2018-07-31,Shrunk Max Sharpe λ=0.50,,,
2018-08-01,Shrunk Max Sharpe λ=0.50,,,
2018-08-02,Shrunk Max Sharpe λ=0.50,,,
2018-08-03,Shrunk Max Sharpe λ=0.50,,,
2018-08-06,Shrunk Max Sharpe λ=0.50,,,
2018-08-07,Shrunk Max Sharpe λ=0.50,,,
2018-08-08,Shrunk Max Sharpe λ=0.50,,,
2018-08-09,Shrunk Max Sharpe λ=0.50,,,
2018-08-10,Shrunk Max Sharpe λ=0.50,,,
2018-08-13,Shrunk Max Sharpe λ=0.50,,,
2018-08-14,Shrunk Max Sharpe λ=0.50,,,
2018-08-15,Shrunk Max Sharpe λ=0.50,,,
2018-08-16,Shrunk Max Sharpe λ=0.50,,,
2018-08-17,Shrunk Max Sharpe λ=0.50,,,
2018-08-20,Shrunk Max Sharpe λ=0.50,,,
2018-08-21,Shrunk Max Sharpe λ=0.50,,,
2018-08-22,Shrunk Max Sharpe λ=0.50,,,
2018-08-23,Shrunk Max Sharpe λ=0.50,,,
2018-08-24,Shrunk Max Sharpe λ=0.50,,,
2018-08-27,Shrunk Max Sharpe λ=0.50,,,
2018-08-28,Shrunk Max Sharpe λ=0.50,,,
2018-08-29,Shrunk Max Sharpe λ=0.50,,,
2018-08-30,Shrunk Max Sharpe λ=0.50,,,
2018-08-31,Shrunk Max Sharpe λ=0.50,,,
2018-09-04,Shrunk Max Sharpe λ=0.50,,,
2018-09-05,Shrunk Max Sharpe λ=0.50,,,
2018-09-06,Shrunk Max Sharpe λ=0.50,,,
2018-09-07,Shrunk Max Sharpe λ=0.50,,,
2018-09-10,Shrunk Max Sharpe λ=0.50,,,
2018-09-11,Shrunk Max Sharpe λ=0.50,,,
2018-09-12,Shrunk Max Sharpe λ=0.50,,,
2018-09-13,Shrunk Max Sharpe λ=0.50,,,
2018-09-14,Shrunk Max Sharpe λ=0.50,,,
2018-09-17,Shrunk Max Sharpe λ=0.50,,,
2018-09-18,Shrunk Max Sharpe λ=0.50,,,
2018-09-19,Shrunk Max Sharpe λ=0.50,,,
2018-09-20,Shrunk Max Sharpe λ=0.50,,,
2018-09-21,Shrunk Max Sharpe λ=0.50,,,
2018-09-24,Shrunk Max Sharpe λ=0.50,,,
2018-09-25,Shrunk Max Sharpe λ=0.50,,,
2018-09-26,Shrunk Max Sharpe λ=0.50,,,
2018-09-27,Shrunk Max Sharpe λ=0.50,,,
2018-09-28,Shrunk Max Sharpe λ=0.50,,,
2018-10-01,Shrunk Max Sharpe λ=0.50,,,
2018-10-02,Shrunk Max Sharpe λ=0.50,,,
2018-10-03,Shrunk Max Sharpe λ=0.50,,,
2018-10-04,Shrunk Max Sharpe λ=0.50,,,
2018-10-05,Shrunk Max Sharpe λ=0.50,,,
2018-10-08,Shrunk Max Sharpe λ=0.50,,,
2018-10-09,Shrunk Max Sharpe λ=0.50,,,
2018-10-10,Shrunk Max Sharpe λ=0.50,,,
2018-10-11,Shrunk Max Sharpe λ=0.50,,,
2018-10-12,Shrunk Max Sharpe λ=0.50,,,
2018-10-15,Shrunk Max Sharpe λ=0.50,,,
2018-10-16,Shrunk Max Sharpe λ=0.50,,,
2018-10-17,Shrunk Max Sharpe λ=0.50,,,
2018-10-18,Shrunk Max Sharpe λ=0.50,,,
2018-10-19,Shrunk Max Sharpe λ=0.50,,,
2018-10-22,Shrunk Max Sharpe λ=0.50,,,
2018-10-23,Shrunk Max Sharpe λ=0.50,,,
2018-10-24,Shrunk Max Sharpe λ=0.50,,,
2018-10-25,Shrunk Max Sharpe λ=0.50,,,
2018-10-26,Shrunk Max Sharpe λ=0.50,,,
2018-10-29,Shrunk Max Sharpe λ=0.50,,,
2018-10-30,Shrunk Max Sharpe λ=0.50,,,
2018-10-31,Shrunk Max Sharpe λ=0.50,,,
2018-11-01,Shrunk Max Sharpe λ=0.50,,,
2018-11-02,Shrunk Max Sharpe λ=0.50,,,
2018-11-05,Shrunk Max Sharpe λ=0.50,,,
2018-11-06,Shrunk Max Sharpe λ=0.50,,,
2018-11-07,Shrunk Max Sharpe λ=0.50,,,
2018-11-08,Shrunk Max Sharpe λ=0.50,,,
2018-11-09,Shrunk Max Sharpe λ=0.50,,,
2018-11-12,Shrunk Max Sharpe λ=0.50,,,
2018-11-13,Shrunk Max Sharpe λ=0.50,,,
2018-11-14,Shrunk Max Sharpe λ=0.50,,,
2018-11-15,Shrunk Max Sharpe λ=0.50,,,
2018-11-16,Shrunk Max Sharpe λ=0.50,,,
2018-11-19,Shrunk Max Sharpe λ=0.50,,,
2018-11-20,Shrunk Max Sharpe λ=0.50,,,
2018-11-21,Shrunk Max Sharpe λ=0.50,,,
2018-11-23,Shrunk Max Sharpe λ=0.50,,,
2018-11-26,Shrunk Max Sharpe λ=0.50,,,
2018-11-27,Shrunk Max Sharpe λ=0.50,,,
2018-11-28,Shrunk Max Sharpe λ=0.50,,,
2018-11-29,Shrunk Max Sharpe λ=0.50,,,
2018-11-30,Shrunk Max Sharpe λ=0.50,,,
2018-12-03,Shrunk Max Sharpe λ=0.50,,,
2018-12-04,Shrunk Max Sharpe λ=0.50,,,
2018-12-06,Shrunk Max Sharpe λ=0.50,,,
2018-12-07,Shrunk Max Sharpe λ=0.50,,,
2018-12-10,Shrunk Max Sharpe λ=0.50,,,
2018-12-11,Shrunk Max Sharpe λ=0.50,,,
2018-12-12,Shrunk Max Sharpe λ=0.50,,,
2018-12-13,Shrunk Max Sharpe λ=0.50,,,
2018-12-14,Shrunk Max Sharpe λ=0.50,,,
2018-12-17,Shrunk Max Sharpe λ=0.50,,,
2018-12-18,Shrunk Max Sharpe λ=0.50,,,
2018-12-19,Shrunk Max Sharpe λ=0.50,,,
2018-12-20,Shrunk Max Sharpe λ=0.50,,,
2018-12-21,Shrunk Max Sharpe λ=0.50,,,
2018-12-24,Shrunk Max Sharpe λ=0.50,,,
2018-12-26,Shrunk Max Sharpe λ=0.50,,,
2018-12-27,Shrunk Max Sharpe λ=0.50,,,
2018-12-28,Shrunk Max Sharpe λ=0.50,,,
2018-12-31,Shrunk Max Sharpe λ=0.50,,,
2019-01-02,Shrunk Max Sharpe λ=0.50,,,
2019-01-03,Shrunk Max Sharpe λ=0.50,,,
2019-01-04,Shrunk Max Sharpe λ=0.50,,,
2019-01-07,Shrunk Max Sharpe λ=0.50,,,
2019-01-08,Shrunk Max Sharpe λ=0.50,,,
2019-01-09,Shrunk Max Sharpe λ=0.50,,,
2019-01-10,Shrunk Max Sharpe λ=0.50,,,
2019-01-11,Shrunk Max Sharpe λ=0.50,,,
2019-01-14,Shrunk Max Sharpe λ=0.50,,,
2019-01-15,Shrunk Max Sharpe λ=0.50,,,
2019-01-16,Shrunk Max Sharpe λ=0.50,,,
2019-01-17,Shrunk Max Sharpe λ=0.50,,,
2019-01-18,Shrunk Max Sharpe λ=0.50,,,
2019-01-22,Shrunk Max Sharpe λ=0.50,,,
2019-01-23,Shrunk Max Sharpe λ=0.50,,,
2019-01-24,Shrunk Max Sharpe λ=0.50,,,
2019-01-25,Shrunk Max Sharpe λ=0.50,,,
2019-01-28,Shrunk Max Sharpe λ=0.50,,,
2019-01-29,Shrunk Max Sharpe λ=0.50,,,
2019-01-30,Shrunk Max Sharpe λ=0.50,,,
2019-01-31,Shrunk Max Sharpe λ=0.50,,,
2019-02-01,Shrunk Max Sharpe λ=0.50,0.003898934831937817,0.06914884134534992,-0.23284649250518408
2019-02-04,Shrunk Max Sharpe λ=0.50,0.008731075259209131,0.06902190264613069,-0.16326592442062443
2019-02-05,Shrunk Max Sharpe λ=0.50,0.023091326755108943,0.06819681607818082,0.04532948798614068
2019-02-06,Shrunk Max Sharpe λ=0.50,0.03437626073800004,0.06705502708120306,0.21439497325965604
2019-02-07,Shrunk Max Sharpe λ=0.50,0.026772788957810878,0.06681998889293937,0.10135872618390294
2019-02-08,Shrunk Max Sharpe λ=0.50,0.03401915624819418,0.06663981588989874,0.21037207352667978
2019-02-11,Shrunk Max Sharpe λ=0.50,0.0489990285164883,0.06477821022460874,0.44766640535356733
2019-02-12,Shrunk Max Sharpe λ=0.50,0.04854594892582176,0.06475187638383362,0.4408513006883107
2019-02-13,Shrunk Max Sharpe λ=0.50,0.041116423642391764,0.06449627301457589,0.3274053314308493
2019-02-14,Shrunk Max Sharpe λ=0.50,0.041054038648530966,0.0644945898121938,0.3264465858274261
2019-02-15,Shrunk Max Sharpe λ=0.50,0.0412283953949959,0.06450454470511048,0.32909922071450637
2019-02-19,Shrunk Max Sharpe λ=0.50,0.036908220809682035,0.06418370230802181,0.26343480045040674
2019-02-20,Shrunk Max Sharpe λ=0.50,0.03631172298192542,0.06418102346558108,0.2541518053334418
2019-02-21,Shrunk Max Sharpe λ=0.50,0.03547937436010984,0.06422882569118289,0.24100353997651855
2019-02-22,Shrunk Max Sharpe λ=0.50,0.04453227609721111,0.06422816145405884,0.38195513528374264
2019-02-25,Shrunk Max Sharpe λ=0.50,0.04280769176054311,0.06422011477305063,0.3551487231242717
2019-02-26,Shrunk Max Sharpe λ=0.50,0.03467979788299003,0.06361717575017406,0.23075211544501584
2019-02-27,Shrunk Max Sharpe λ=0.50,0.026287861267897394,0.06346665997710878,0.09907345478973223
2019-02-28,Shrunk Max Sharpe λ=0.50,0.03132440994176999,0.06308129741734392,0.17952087869797675
2019-03-01,Shrunk Max Sharpe λ=0.50,0.032351363004583966,0.06305598225637812,0.19587932124131843
2019-03-04,Shrunk Max Sharpe λ=0.50,0.0374041552631561,0.06285124835732826,0.27691025585057977
2019-03-05,Shrunk Max Sharpe λ=0.50,0.03557848329073465,0.06283639327114561,0.24792134748268996
2019-03-06,Shrunk Max Sharpe λ=0.50,0.03060865929934864,0.0627828284283214,0.16897389883382605
2019-03-07,Shrunk Max Sharpe λ=0.50,0.027208058442509397,0.0627379941000348,0.11489143932488907
2019-03-08,Shrunk Max Sharpe λ=0.50,0.028565896549334058,0.06274899029617456,0.13651050811978196
2019-03-11,Shrunk Max Sharpe λ=0.50,0.030125355453848757,0.06283195841824661,0.16114976691397095
2019-03-12,Shrunk Max Sharpe λ=0.50,0.02820912635474926,0.06271215543303778,0.13090167764229896
2019-03-13,Shrunk Max Sharpe λ=0.50,0.02758236536127745,0.06269139584691966,0.1209474643026314
2019-03-14,Shrunk Max Sharpe λ=0.50,0.028886452263308104,0.06262629473719088,0.14189650370662674
2019-03-15,Shrunk Max Sharpe λ=0.50,0.031968888621837,0.06273283577892123,0.1907914487401293
2019-03-18,Shrunk Max Sharpe λ=0.50,0.03348528037893872,0.06273047643974185,0.2149717512809347
2019-03-19,Shrunk Max Sharpe λ=0.50,0.03444697766864557,0.06271980617966179,0.23034155474368012
2019-03-20,Shrunk Max Sharpe λ=0.50,0.046482651183558765,0.06226615677305399,0.425313726685943
2019-03-21,Shrunk Max Sharpe λ=0.50,0.05126175565922164,0.062351193549218205,0.5013818321624353
2019-03-22,Shrunk Max Sharpe λ=0.50,0.048258676838913495,0.06241498498602144,0.4527546845559981
2019-03-25,Shrunk Max Sharpe λ=0.50,0.058185937716956904,0.06199138599760716,0.6159878038285974
2019-03-26,Shrunk Max Sharpe λ=0.50,0.06898057548428382,0.06142773068124163,0.7973691188178821
2019-03-27,Shrunk Max Sharpe λ=0.50,0.05428193302413309,0.06005052852656539,0.5708847842857421
2019-03-28,Shrunk Max Sharpe λ=0.50,0.06387790726444398,0.059415742671558386,0.7384895869600534
2019-03-29,Shrunk Max Sharpe λ=0.50,0.06951035188956411,0.05925936027593972,0.8354857639201706
2019-04-01,Shrunk Max Sharpe λ=0.50,0.06100479225448274,0.058750385866799246,0.6979493266214475
2019-04-02,Shrunk Max Sharpe λ=0.50,0.07140823085418502,0.05811458047893783,0.8846012554941636
2019-04-03,Shrunk Max Sharpe λ=0.50,0.06839144817381437,0.05811873865672588,0.8326307365277652
2019-04-04,Shrunk Max Sharpe λ=0.50,0.0649254294095758,0.057934405344717624,0.7754533621647336
2019-04-05,Shrunk Max Sharpe λ=0.50,0.06613133297676344,0.05796037178288702,0.7959116126716056
2019-04-08,Shrunk Max Sharpe λ=0.50,0.0721080246541419,0.05762320045742992,0.9042889711174157
2019-04-09,Shrunk Max Sharpe λ=0.50,0.06894489650526481,0.05756695192041947,0.85022560466509
2019-04-10,Shrunk Max Sharpe λ=0.50,0.06530400861720564,0.05725628632120198,0.7912495121156606
2019-04-11,Shrunk Max Sharpe λ=0.50,0.06380632616565363,0.057298874562841266,0.7645233261538149
2019-04-12,Shrunk Max Sharpe λ=0.50,0.06292260362702229,0.05729220937642542,0.7491874391683708
2019-04-15,Shrunk Max Sharpe λ=0.50,0.06321581595118841,0.05728811565496932,0.7543591800342233
2019-04-16,Shrunk Max Sharpe λ=0.50,0.0578248711665601,0.057297308315208836,0.6601509264357531
2019-04-17,Shrunk Max Sharpe λ=0.50,0.049170282078044414,0.05688246416267448,0.5128167794317456
2019-04-18,Shrunk Max Sharpe λ=0.50,0.052774192702504275,0.056862388027553744,0.5763773531041805
2019-04-22,Shrunk Max Sharpe λ=0.50,0.05728521564845113,0.05662664485665353,0.6584394279907646
2019-04-23,Shrunk Max Sharpe λ=0.50,0.07058196962672958,0.05619630441100221,0.9000942349658593
2019-04-24,Shrunk Max Sharpe λ=0.50,0.0746652794522844,0.05617725015991186,0.973085711683581
2019-04-25,Shrunk Max Sharpe λ=0.50,0.08209319126084957,0.05561486356572361,1.1164855450462468
2019-04-26,Shrunk Max Sharpe λ=0.50,0.08818166712979103,0.055699030033485725,1.2241086979216849
2019-04-29,Shrunk Max Sharpe λ=0.50,0.07765483459866185,0.0551907296269577,1.0446470809202812
2019-04-30,Shrunk Max Sharpe λ=0.50,0.07693157505926962,0.0551772303324374,1.0317947225016997
2019-05-01,Shrunk Max Sharpe λ=0.50,0.0773740056594765,0.05515324514287649,1.0402652737993392
2019-05-02,Shrunk Max Sharpe λ=0.50,0.07308947489351802,0.05525045816810217,0.9608875048961719
2019-05-03,Shrunk Max Sharpe λ=0.50,0.0811801395773939,0.05545502029921591,1.1032389718241422
2019-05-06,Shrunk Max Sharpe λ=0.50,0.07986757978807324,0.05545142381764376,1.0796400825513939
2019-05-07,Shrunk Max Sharpe λ=0.50,0.06862225038680259,0.055317732768907966,0.8789631814796888
2019-05-08,Shrunk Max Sharpe λ=0.50,0.06411743668196124,0.0553524125547571,0.7970282530742139
2019-05-09,Shrunk Max Sharpe λ=0.50,0.06507079081343603,0.055344184040645616,0.8143726679633645
2019-05-10,Shrunk Max Sharpe λ=0.50,0.06416847529528469,0.055318191415122835,0.798443950631581
2019-05-13,Shrunk Max Sharpe λ=0.50,0.05117934635004473,0.055403610389225776,0.5627674104810345
2019-05-14,Shrunk Max Sharpe λ=0.50,0.054008434530651295,0.055475928698470095,0.6130304679620292
2019-05-15,Shrunk Max Sharpe λ=0.50,0.05972727334679062,0.055599283211293836,0.7145285164165722
2019-05-16,Shrunk Max Sharpe λ=0.50,0.07069441168994195,0.05488999886935278,0.9235637226118911
2019-05-17,Shrunk Max Sharpe λ=0.50,0.06718790220415727,0.05495096728054217,0.8587274171762621
2019-05-20,Shrunk Max Sharpe λ=0.50,0.06473302668320358,0.055076117525837714,0.8122037044862156
2019-05-21,Shrunk Max Sharpe λ=0.50,0.06666511781051643,0.055129556299986206,0.8464627858891021
2019-05-22,Shrunk Max Sharpe λ=0.50,0.06452866136693025,0.05509075059973511,0.808278356750949
2019-05-23,Shrunk Max Sharpe λ=0.50,0.06461082181224387,0.055088925049113925,0.8097965566122697
2019-05-24,Shrunk Max Sharpe λ=0.50,0.06075506250439555,0.05490204566132244,0.7423232051461937
2019-05-28,Shrunk Max Sharpe λ=0.50,0.05691361277311202,0.05488277466776356,0.6725901340916338
2019-05-29,Shrunk Max Sharpe λ=0.50,0.05285158372265153,0.05491447918973236,0.5982317269940339
2019-05-30,Shrunk Max Sharpe λ=0.50,0.05444873214269608,0.05500711597680881,0.6262595580764455
2019-05-31,Shrunk Max Sharpe λ=0.50,0.052908399755976054,0.05501679862786342,0.5981518477396374
2019-06-03,Shrunk Max Sharpe λ=0.50,0.05572857185758706,0.05501626694187579,0.6494183237720216
2019-06-04,Shrunk Max Sharpe λ=0.50,0.060085757404406914,0.05530347915884627,0.7248324701104243
2019-06-05,Shrunk Max Sharpe λ=0.50,0.06211860967760363,0.055350845679598665,0.760938864808127
2019-06-06,Shrunk Max Sharpe λ=0.50,0.06261046971443696,0.055371605575779595,0.769536466774867
2019-06-07,Shrunk Max Sharpe λ=0.50,0.07013216960363944,0.055741020159975674,0.8993766073846703
2019-06-10,Shrunk Max Sharpe λ=0.50,0.06859581329688846,0.055767435485441545,0.871401255479548
2019-06-11,Shrunk Max Sharpe λ=0.50,0.06944786546004211,0.055761018292746156,0.8867819665781586
2019-06-12,Shrunk Max Sharpe λ=0.50,0.0698794652448107,0.05576286022923892,0.8944925895077509
2019-06-13,Shrunk Max Sharpe λ=0.50,0.07229611452502271,0.055840279872811954,0.9365303083032207
2019-06-14,Shrunk Max Sharpe λ=0.50,0.07285193135243495,0.05583424893845748,0.9465862325951631
2019-06-17,Shrunk Max Sharpe λ=0.50,0.06782247790485041,0.05561731717796691,0.8598487005733446
2019-06-18,Shrunk Max Sharpe λ=0.50,0.07761801804573931,0.05589443386535012,1.0308364189633141
2019-06-19,Shrunk Max Sharpe λ=0.50,0.08198927954120516,0.05600461470954667,1.106860208979142
2019-06-20,Shrunk Max Sharpe λ=0.50,0.08897654555324097,0.05634157906917134,1.2242565205451112
2019-06-21,Shrunk Max Sharpe λ=0.50,0.08694191987691213,0.05641386877518862,1.1866216824036335
2019-06-24,Shrunk Max Sharpe λ=0.50,0.09194940970061771,0.05638798476594482,1.2759705813085045
2019-06-25,Shrunk Max Sharpe λ=0.50,0.08787151241006264,0.05653888173618362,1.2004395970680541
2019-06-26,Shrunk Max Sharpe λ=0.50,0.09237720899921364,0.056178667302434496,1.2883397288436065
2019-06-27,Shrunk Max Sharpe λ=0.50,0.0945544158175664,0.056271555188032805,1.3249041290655814
2019-06-28,Shrunk Max Sharpe λ=0.50,0.10022433670624276,0.056232974677602944,1.426642235559972
2019-07-01,Shrunk Max Sharpe λ=0.50,0.1002391101304756,0.05623318578755611,1.4268995968610367
2019-07-02,Shrunk Max Sharpe λ=0.50,0.10438583371862187,0.056392469757131705,1.4964025176065279
2019-07-03,Shrunk Max Sharpe λ=0.50,0.10784911372324535,0.05650590229101465,1.554689159210449
2019-07-05,Shrunk Max Sharpe λ=0.50,0.1008803420727642,0.056860084528862466,1.4224449847890908
2019-07-08,Shrunk Max Sharpe λ=0.50,0.0921444520167003,0.05677422653790129,1.2707254051015238
2019-07-09,Shrunk Max Sharpe λ=0.50,0.08688833447799382,0.056604303781247145,1.1816828405219912
2019-07-10,Shrunk Max Sharpe λ=0.50,0.08857990181581643,0.05667832021766799,1.2099847270074604
2019-07-11,Shrunk Max Sharpe λ=0.50,0.08588076807452727,0.05678468691644887,1.1601854593556546
2019-07-12,Shrunk Max Sharpe λ=0.50,0.09043559667513179,0.05679575945039794,1.2401559087636829
2019-07-15,Shrunk Max Sharpe λ=0.50,0.08603098854701874,0.05658263099639635,1.1669833548606838
2019-07-16,Shrunk Max Sharpe λ=0.50,0.08235176486791973,0.05668517223339615,1.0999660477556967
2019-07-17,Shrunk Max Sharpe λ=0.50,0.08696464148471406,0.05668132043875985,1.1814234560231285
2019-07-18,Shrunk Max Sharpe λ=0.50,0.09082047018556993,0.05678903599981569,1.247079985400699
2019-07-19,Shrunk Max Sharpe λ=0.50,0.08693938770140108,0.05695489178257721,1.175305326835476
2019-07-22,Shrunk Max Sharpe λ=0.50,0.08882340861311855,0.0569745659701415,1.207967229608851
2019-07-23,Shrunk Max Sharpe λ=0.50,0.09206970873139086,0.05694960162491985,1.2654997870934148
2019-07-24,Shrunk Max Sharpe λ=0.50,0.09811034504397265,0.05695859038690997,1.371353197355876
2019-07-25,Shrunk Max Sharpe λ=0.50,0.09246455117077135,0.05708880161795211,1.2693303961031859
2019-07-26,Shrunk Max Sharpe λ=0.50,0.09064713687252057,0.056998005197140815,1.2394668309561196
2019-07-29,Shrunk Max Sharpe λ=0.50,0.09518952598300667,0.05682801243758703,1.3231067348270482
2019-07-30,Shrunk Max Sharpe λ=0.50,0.0985171666948006,0.056704002658117446,1.3846847314853616
2019-07-31,Shrunk Max Sharpe λ=0.50,0.09977485584120416,0.05661294728828634,1.409127410996145
2019-08-01,Shrunk Max Sharpe λ=0.50,0.10061775193759015,0.05666878660297029,1.422612989800007
2019-08-02,Shrunk Max Sharpe λ=0.50,0.10111355810878364,0.0566480245673367,1.431886790904158
2019-08-05,Shrunk Max Sharpe λ=0.50,0.09146487803838643,0.05697435011090182,1.2543342381137912
2019-08-06,Shrunk Max Sharpe λ=0.50,0.0963311161638829,0.057361316087479394,1.3307071972943132
2019-08-07,Shrunk Max Sharpe λ=0.50,0.09642619121851093,0.05736279674260413,1.332330283013348
2019-08-08,Shrunk Max Sharpe λ=0.50,0.10518842882695623,0.05782056595750577,1.4733240226248216
2019-08-09,Shrunk Max Sharpe λ=0.50,0.10082225668831968,0.05797740834818562,1.3940301747007802
2019-08-12,Shrunk Max Sharpe λ=0.50,0.10068338147199496,0.05797694110932707,1.3916460566598428
2019-08-13,Shrunk Max Sharpe λ=0.50,0.10485983744410876,0.05805677363706153,1.4616698815301896
2019-08-14,Shrunk Max Sharpe λ=0.50,0.10073534130707729,0.058365980199498776,1.3832602661879154
2019-08-15,Shrunk Max Sharpe λ=0.50,0.10340203519157143,0.058491879028267565,1.4258737550774432
2019-08-16,Shrunk Max Sharpe λ=0.50,0.11138107522094542,0.05850615852929884,1.5619052338769328
2019-08-19,Shrunk Max Sharpe λ=0.50,0.10972971421033173,0.05847839381545478,1.5344079814076186
2019-08-20,Shrunk Max Sharpe λ=0.50,0.10872283770073476,0.05846006446301622,1.5176657520941288
2019-08-21,Shrunk Max Sharpe λ=0.50,0.10829726342295753,0.05844707012312474,1.5107218075593918
2019-08-22,Shrunk Max Sharpe λ=0.50,0.10575438622101774,0.05850175544092254,1.4658429576120329
2019-08-23,Shrunk Max Sharpe λ=0.50,0.10019006552403642,0.05866250161641497,1.3669731653857324
2019-08-26,Shrunk Max Sharpe λ=0.50,0.10542352173251146,0.05871862041833159,1.4547944267751012
2019-08-27,Shrunk Max Sharpe λ=0.50,0.10309680589108017,0.05860889207079291,1.4178190877709926
2019-08-28,Shrunk Max Sharpe λ=0.50,0.10354925486191302,0.05861946874925849,1.425281679356227
2019-08-29,Shrunk Max Sharpe λ=0.50,0.1088682620606014,0.05859226765627355,1.5167233769127924
2019-08-30,Shrunk Max Sharpe λ=0.50,0.10604579959305171,0.05856994171540344,1.469111921114006
2019-09-03,Shrunk Max Sharpe λ=0.50,0.1060010044843902,0.05857063466510491,1.4683297351330853
2019-09-04,Shrunk Max Sharpe λ=0.50,0.11215172569935716,0.05876884939070427,1.5680369218515482
2019-09-05,Shrunk Max Sharpe λ=0.50,0.1127378641701926,0.05874438020683741,1.5786678460759145
2019-09-06,Shrunk Max Sharpe λ=0.50,0.1155255917051452,0.058708413293444256,1.6271192891498598
2019-09-09,Shrunk Max Sharpe λ=0.50,0.1107103383587078,0.058893126947766085,1.5402533888064946
2019-09-10,Shrunk Max Sharpe λ=0.50,0.10861031214137618,0.0590522419056328,1.500541034207948
2019-09-11,Shrunk Max Sharpe λ=0.50,0.10918952838515672,0.059066622570635025,1.5099818561404812
2019-09-12,Shrunk Max Sharpe λ=0.50,0.10980427156247119,0.05906218044764294,1.5205038297236637
2019-09-13,Shrunk Max Sharpe λ=0.50,0.10113808759707377,0.05943794179671028,1.365089118909641
2019-09-16,Shrunk Max Sharpe λ=0.50,0.10116403258611961,0.05943873429186979,1.365507417899736
2019-09-17,Shrunk Max Sharpe λ=0.50,0.10588831058138282,0.05944184051610043,1.4449133781131673
2019-09-18,Shrunk Max Sharpe λ=0.50,0.10894462363647262,0.05938423870195602,1.4977816602630443
2019-09-19,Shrunk Max Sharpe λ=0.50,0.11120757692444982,0.05937986631704754,1.5360017221572082
2019-09-20,Shrunk Max Sharpe λ=0.50,0.11509068957173274,0.059426103808053264,1.6001501609271969
2019-09-23,Shrunk Max Sharpe λ=0.50,0.11137918791078638,0.05932401722734425,1.5403405261750704
2019-09-24,Shrunk Max Sharpe λ=0.50,0.11294392360679906,0.059300044118987344,1.5673499908415622
2019-09-25,Shrunk Max Sharpe λ=0.50,0.11128435077694299,0.0593665465760183,1.5376395637238935
2019-09-26,Shrunk Max Sharpe λ=0.50,0.11205543648683358,0.059363786883219825,1.5507002049570155
2019-09-27,Shrunk Max Sharpe λ=0.50,0.10908587017690419,0.05940497795902711,1.4996364486213365
2019-09-30,Shrunk Max Sharpe λ=0.50,0.11005760501973794,0.05941795730969881,1.515663094076743
2019-10-01,Shrunk Max Sharpe λ=0.50,0.10736245889054952,0.05945949789895299,1.4692767678431382
2019-10-02,Shrunk Max Sharpe λ=0.50,0.10385480731336472,0.05957515189511001,1.4075466808880701
2019-10-03,Shrunk Max Sharpe λ=0.50,0.10865421864463687,0.05981078193314801,1.4822447689068483
2019-10-04,Shrunk Max Sharpe λ=0.50,0.1198561117218575,0.059911343583313216,1.6667313024451997
2019-10-07,Shrunk Max Sharpe λ=0.50,0.12030810462292796,0.059875338653069175,1.6752824598477025
2019-10-08,Shrunk Max Sharpe λ=0.50,0.12078542674547132,0.059845959795385345,1.6840807147225796
2019-10-09,Shrunk Max Sharpe λ=0.50,0.12424282121161712,0.05984467673938752,1.7418896197831477
2019-10-10,Shrunk Max Sharpe λ=0.50,0.11978643351881124,0.05993204126919992,1.664993072246534
2019-10-11,Shrunk Max Sharpe λ=0.50,0.13264741603723484,0.05867007715062969,1.9200147930268372
2019-10-14,Shrunk Max Sharpe λ=0.50,0.13850267031889518,0.05857874284969621,2.022963699015431
2019-10-15,Shrunk Max Sharpe λ=0.50,0.13290355366961304,0.05843743090793916,1.9320417053836336
2019-10-16,Shrunk Max Sharpe λ=0.50,0.13633204343236915,0.05837928742304696,1.9926937886268823
2019-10-17,Shrunk Max Sharpe λ=0.50,0.12824625706181303,0.05784913397179847,1.8711819802623704
2019-10-18,Shrunk Max Sharpe λ=0.50,0.13003620258946258,0.057794465144332334,1.9039228464986213
2019-10-21,Shrunk Max Sharpe λ=0.50,0.134843314260517,0.05757098849109633,1.9948122703899402
2019-10-22,Shrunk Max Sharpe λ=0.50,0.13664815881178005,0.05755386731539725,2.026764911774633
2019-10-23,Shrunk Max Sharpe λ=0.50,0.14000153862666398,0.05751954688434987,2.086274060328428
2019-10-24,Shrunk Max Sharpe λ=0.50,0.14186184164370408,0.057524083542022895,2.118449076284383
2019-10-25,Shrunk Max Sharpe λ=0.50,0.1519416940163536,0.05676906304437844,2.3241830486652564
2019-10-28,Shrunk Max Sharpe λ=0.50,0.14409456486693473,0.056580698943195014,2.1932313878186838
2019-10-29,Shrunk Max Sharpe λ=0.50,0.14809609892831865,0.05639160766010511,2.2715454345690116
2019-10-30,Shrunk Max Sharpe λ=0.50,0.15665266337551742,0.056401029395149016,2.4228753418332247
2019-10-31,Shrunk Max Sharpe λ=0.50,0.157362783786958,0.05643674687874226,2.4339245506494236
2019-11-01,Shrunk Max Sharpe λ=0.50,0.1574428406247823,0.05643875562944463,2.435256395927289
2019-11-04,Shrunk Max Sharpe λ=0.50,0.147949456655462,0.0562862942155419,2.273190275513507
2019-11-05,Shrunk Max Sharpe λ=0.50,0.1479053291476471,0.05629044622813643,2.2722386784653774
2019-11-06,Shrunk Max Sharpe λ=0.50,0.14942272978615723,0.056337587630407075,2.2972714173566056
2019-11-07,Shrunk Max Sharpe λ=0.50,0.1401769413198668,0.05667408992973624,2.120491770910843
2019-11-08,Shrunk Max Sharpe λ=0.50,0.12936823121737784,0.05609756971711677,1.9496072961607613
2019-11-11,Shrunk Max Sharpe λ=0.50,0.13168194359115115,0.05603067691254262,1.9932285266778713
2019-11-12,Shrunk Max Sharpe λ=0.50,0.13677614491032042,0.05592182869482003,2.0882032586523276
2019-11-13,Shrunk Max Sharpe λ=0.50,0.14692792837632962,0.0554797489989015,2.2878244885145893
2019-11-14,Shrunk Max Sharpe λ=0.50,0.1524272552052104,0.05558779995130108,2.3823079042744313
2019-11-15,Shrunk Max Sharpe λ=0.50,0.15649675989680878,0.05553432733443462,2.4578808540312074
2019-11-18,Shrunk Max Sharpe λ=0.50,0.15381339895766422,0.0554511466827953,2.413176407751045
2019-11-19,Shrunk Max Sharpe λ=0.50,0.15258896893626805,0.05542539600940071,2.3922060730748704
2019-11-20,Shrunk Max Sharpe λ=0.50,0.161245938529764,0.05495818105947724,2.5700621055289985
2019-11-21,Shrunk Max Sharpe λ=0.50,0.16636671863987607,0.05452338964374755,2.684475774456195
2019-11-22,Shrunk Max Sharpe λ=0.50,0.16533020574996682,0.054505940498207735,2.666318651170611
2019-11-25,Shrunk Max Sharpe λ=0.50,0.17109067686134893,0.05448904918893478,2.7728631552637055
2019-11-26,Shrunk Max Sharpe λ=0.50,0.16742013375880127,0.05428250861660824,2.715794415472109
2019-11-27,Shrunk Max Sharpe λ=0.50,0.16639884916887238,0.05428849529602331,2.6966827570112493
2019-11-29,Shrunk Max Sharpe λ=0.50,0.1540034063179494,0.05360026785736809,2.5000510571054693
2019-12-02,Shrunk Max Sharpe λ=0.50,0.14887675889701524,0.05388970314258809,2.391491349581516
2019-12-03,Shrunk Max Sharpe λ=0.50,0.15150283502969408,0.05401832477523901,2.4344115737919463
2019-12-04,Shrunk Max Sharpe λ=0.50,0.14315607167647104,0.05363747147481873,2.2960827251950033
2019-12-05,Shrunk Max Sharpe λ=0.50,0.15343019662037127,0.05269057866977071,2.5323350016066906
2019-12-06,Shrunk Max Sharpe λ=0.50,0.1517278801663735,0.05267800355968352,2.500624003662695
2019-12-09,Shrunk Max Sharpe λ=0.50,0.15924024899366018,0.05212691601878784,2.671177572513105
2019-12-10,Shrunk Max Sharpe λ=0.50,0.15638518122779077,0.052114077235272005,2.617050679264108
2019-12-11,Shrunk Max Sharpe λ=0.50,0.16114024141690075,0.052229069847026646,2.7023311314998604
2019-12-12,Shrunk Max Sharpe λ=0.50,0.15670213765590724,0.05229642084690379,2.613986491658744
2019-12-13,Shrunk Max Sharpe λ=0.50,0.1612052865109117,0.052455060269122396,2.691928782208111
2019-12-16,Shrunk Max Sharpe λ=0.50,0.16851061535604717,0.051947830142112086,2.858841552183628
2019-12-17,Shrunk Max Sharpe λ=0.50,0.1743783474696825,0.051624284499405794,2.9904210579704875
2019-12-18,Shrunk Max Sharpe λ=0.50,0.17047075820255175,0.0516382981144436,2.913937207401187
2019-12-19,Shrunk Max Sharpe λ=0.50,0.17896916065791046,0.051313214756368686,3.098016006455339
2019-12-20,Shrunk Max Sharpe λ=0.50,0.18729354654273123,0.05090725737811335,3.2862415922382033
2019-12-23,Shrunk Max Sharpe λ=0.50,0.1974364316122008,0.05016653390632558,3.5369481962521547
2019-12-24,Shrunk Max Sharpe λ=0.50,0.20939841770194145,0.049395379012543476,3.8343347391634666
2019-12-26,Shrunk Max Sharpe λ=0.50,0.19420940968445377,0.047027910766194184,3.7043833512094584
2019-12-27,Shrunk Max Sharpe λ=0.50,0.1909016641848138,0.046940401738307665,3.640822358905003
2019-12-30,Shrunk Max Sharpe λ=0.50,0.1861823632222359,0.0469200936544077,3.541816528463486
2019-12-31,Shrunk Max Sharpe λ=0.50,0.17820620577404256,0.04678391172987416,3.381636975708874
2020-01-02,Shrunk Max Sharpe λ=0.50,0.1822827103547635,0.04702358127742784,3.451092110516519
2020-01-03,Shrunk Max Sharpe λ=0.50,0.19214968889521722,0.04664811115217693,3.6903892707172026
2020-01-06,Shrunk Max Sharpe λ=0.50,0.1823825102969161,0.04592873976722386,3.535531589151009
2020-01-07,Shrunk Max Sharpe λ=0.50,0.17757327800290468,0.04596047700861265,3.4284517537399934
2020-01-08,Shrunk Max Sharpe λ=0.50,0.17346927817427593,0.0459221853104356,3.341941964146919
2020-01-09,Shrunk Max Sharpe λ=0.50,0.17291809664799263,0.045894870197257936,3.3319213234669736
2020-01-10,Shrunk Max Sharpe λ=0.50,0.17492889673599032,0.04589718669357165,3.3755641227066677
2020-01-13,Shrunk Max Sharpe λ=0.50,0.1732544681695074,0.04589530690521704,3.3392187241716993
2020-01-14,Shrunk Max Sharpe λ=0.50,0.17758690167082802,0.04574472727645357,3.4449194705756523
2020-01-15,Shrunk Max Sharpe λ=0.50,0.1759273675005728,0.04565616585315639,3.4152532212643725
2020-01-16,Shrunk Max Sharpe λ=0.50,0.17659944194008848,0.04566731959112858,3.429135831534763
2020-01-17,Shrunk Max Sharpe λ=0.50,0.1741621243974043,0.04562732191457674,3.3787239296232623
2020-01-21,Shrunk Max Sharpe λ=0.50,0.17326441954806437,0.04558917284711057,3.3618600640563767
2020-01-22,Shrunk Max Sharpe λ=0.50,0.17753356244654528,0.045423387622325,3.468115671080411
2020-01-23,Shrunk Max Sharpe λ=0.50,0.17836201978839417,0.04543709109441375,3.4853027774012575
2020-01-24,Shrunk Max Sharpe λ=0.50,0.17570996965132868,0.04541496249533763,3.428605047671549
2020-01-27,Shrunk Max Sharpe λ=0.50,0.17078277711404466,0.04533761007396761,3.32577691828142
2020-01-28,Shrunk Max Sharpe λ=0.50,0.1745626019513291,0.04521890723810069,3.4180967960476782
2020-01-29,Shrunk Max Sharpe λ=0.50,0.177061182622976,0.04527974082953572,3.4686855477875413
2020-01-30,Shrunk Max Sharpe λ=0.50,0.16882834522895718,0.04460859986440903,3.336315098015436
2020-01-31,Shrunk Max Sharpe λ=0.50,0.1587100454967536,0.04422877743437532,3.136194431387243
2020-02-03,Shrunk Max Sharpe λ=0.50,0.16251826888323295,0.04412755517905621,3.2296887580772857
2020-02-04,Shrunk Max Sharpe λ=0.50,0.16182132368100732,0.04413153549721659,3.2136050124508384
2020-02-05,Shrunk Max Sharpe λ=0.50,0.15990879328604923,0.04406817129419837,3.1748263923188573
2020-02-06,Shrunk Max Sharpe λ=0.50,0.16356091698546793,0.04403100642267491,3.2604505017976946
2020-02-07,Shrunk Max Sharpe λ=0.50,0.16731106700878295,0.04399782083331883,3.3481446175903944
2020-02-10,Shrunk Max Sharpe λ=0.50,0.16932671349919026,0.04408366426517475,3.3873480344317817
2020-02-11,Shrunk Max Sharpe λ=0.50,0.1694188372555787,0.04408038977011361,3.3896895656962704
2020-02-12,Shrunk Max Sharpe λ=0.50,0.16560083892817357,0.04395786020072035,3.312282223550717
2020-02-13,Shrunk Max Sharpe λ=0.50,0.1673650817085497,0.04392562785607661,3.354877070656679
2020-02-14,Shrunk Max Sharpe λ=0.50,0.16796407662617474,0.043944153049878996,3.3670936030608556
2020-02-18,Shrunk Max Sharpe λ=0.50,0.1653406493098719,0.04382482314248056,3.3164001332612196
2020-02-19,Shrunk Max Sharpe λ=0.50,0.16349739960872545,0.043766992338311536,3.2786671402849557
2020-02-20,Shrunk Max Sharpe λ=0.50,0.1649309864550088,0.043771778001301165,3.3110600727870954
2020-02-21,Shrunk Max Sharpe λ=0.50,0.17056103895902996,0.04351895784033272,3.459665544184798
2020-02-24,Shrunk Max Sharpe λ=0.50,0.15908641558587178,0.04375024909172535,3.1790999702485747
2020-02-25,Shrunk Max Sharpe λ=0.50,0.14937694071027185,0.04471912612906141,2.8931008252908206
2020-02-26,Shrunk Max Sharpe λ=0.50,0.1458014943404191,0.04478895678532361,2.8087614307114563
2020-02-27,Shrunk Max Sharpe λ=0.50,0.13516334502118843,0.04640696320547339,2.4815962318259532
2020-02-28,Shrunk Max Sharpe λ=0.50,0.14101659557789636,0.046365261771827725,2.6100703620189196
2020-03-02,Shrunk Max Sharpe λ=0.50,0.1553965163571347,0.04764833206140072,2.841579348100993
2020-03-03,Shrunk Max Sharpe λ=0.50,0.1584960361200447,0.0476879515453723,2.904214411228669
2020-03-04,Shrunk Max Sharpe λ=0.50,0.17156995179217183,0.04882107965817114,3.104600571175687
2020-03-05,Shrunk Max Sharpe λ=0.50,0.16912655161793544,0.04895982065465955,3.0458966071343836
2020-03-06,Shrunk Max Sharpe λ=0.50,0.17253886636147797,0.048968281433529305,3.115054518883572
2020-03-09,Shrunk Max Sharpe λ=0.50,0.14185311383862964,0.05522472157283756,2.2064957571205475
2020-03-10,Shrunk Max Sharpe λ=0.50,0.1349784978973878,0.055142006398207516,2.0851344629550037
2020-03-11,Shrunk Max Sharpe λ=0.50,0.10014462222316456,0.06182739627803036,1.2962639064204455
2020-03-12,Shrunk Max Sharpe λ=0.50,0.04977181093249339,0.07605767042602785,0.39143732335910614
2020-03-13,Shrunk Max Sharpe λ=0.50,0.08466585545828842,0.08189390205073625,0.7896296774114581
2020-03-16,Shrunk Max Sharpe λ=0.50,0.05313103213935588,0.0857483778648942,0.3863750308088322
2020-03-17,Shrunk Max Sharpe λ=0.50,0.04624242639863474,0.08595589765618579,0.305301056869903
2020-03-18,Shrunk Max Sharpe λ=0.50,0.008054116331433825,0.09350314661253677,-0.12775916213887598
2020-03-19,Shrunk Max Sharpe λ=0.50,-0.009798697108942434,0.09453006974687894,-0.3152298225182076
2020-03-20,Shrunk Max Sharpe λ=0.50,-0.009004860285775962,0.0945647319904958,-0.3067196371760572
2020-03-23,Shrunk Max Sharpe λ=0.50,0.01773404399448153,0.09760301028197807,-0.023216046297876006
2020-03-24,Shrunk Max Sharpe λ=0.50,0.04906779199650657,0.10297694505409674,0.2822747555895781
2020-03-25,Shrunk Max Sharpe λ=0.50,0.06511945269631325,0.10435906148855562,0.4323482029517984
2020-03-26,Shrunk Max Sharpe λ=0.50,0.08539817757626222,0.10589650798442882,0.6175668945181693
2020-03-27,Shrunk Max Sharpe λ=0.50,0.07791529712739154,0.1061069092552883,0.5458202254110522
2020-03-30,Shrunk Max Sharpe λ=0.50,0.091086428712712,0.10690472196623753,0.6649512519677324
2020-03-31,Shrunk Max Sharpe λ=0.50,0.08253462094316855,0.10722010591341996,0.5832359557046617
2020-04-01,Shrunk Max Sharpe λ=0.50,0.07698259398826846,0.10729598645295729,0.5310785228043159
2020-04-02,Shrunk Max Sharpe λ=0.50,0.08853051680522439,0.10767566635120186,0.6364531479350298
2020-04-03,Shrunk Max Sharpe λ=0.50,0.08441710629098664,0.10768787261383465,0.5981834790439623
2020-04-06,Shrunk Max Sharpe λ=0.50,0.1036562227926805,0.10944016391512826,0.7644014756552866
2020-04-07,Shrunk Max Sharpe λ=0.50,0.09818793413136273,0.10959029899148663,0.7134567096804494
2020-04-08,Shrunk Max Sharpe λ=0.50,0.09989190677639703,0.10959406895186696,0.7289802043163948
2020-04-09,Shrunk Max Sharpe λ=0.50,0.10178190965577327,0.10966017319030978,0.7457758571459195
2020-04-13,Shrunk Max Sharpe λ=0.50,0.10626547653643925,0.10963921844896585,0.7868122169859643
2020-04-14,Shrunk Max Sharpe λ=0.50,0.1196614840146557,0.11029163784679742,0.903617771576593
2020-04-15,Shrunk Max Sharpe λ=0.50,0.12800716302169812,0.11047982644482732,0.977618869410842
2020-04-16,Shrunk Max Sharpe λ=0.50,0.139967080322132,0.11070641310094476,1.0836506843803453
2020-04-17,Shrunk Max Sharpe λ=0.50,0.13510258732160585,0.11084980287945946,1.0383652864657862
2020-04-20,Shrunk Max Sharpe λ=0.50,0.1347727762897244,0.11084739374540563,1.0354124929029418
2020-04-21,Shrunk Max Sharpe λ=0.50,0.12922666622225587,0.11101239498519161,0.9839141497381986
2020-04-22,Shrunk Max Sharpe λ=0.50,0.13128141919631386,0.11109429270811474,1.001684393353048
2020-04-23,Shrunk Max Sharpe λ=0.50,0.13222150870516436,0.11110789789929501,1.0100227871008656
2020-04-24,Shrunk Max Sharpe λ=0.50,0.13779944044973935,0.11115698961719078,1.059757383277689
2020-04-27,Shrunk Max Sharpe λ=0.50,0.1263257172975385,0.11130405127677344,0.9552726614878051
2020-04-28,Shrunk Max Sharpe λ=0.50,0.1275095277519256,0.11128843804777526,0.9660439991598461
2020-04-29,Shrunk Max Sharpe λ=0.50,0.13533171109448738,0.11154044427779677,1.033990063794692
2020-04-30,Shrunk Max Sharpe λ=0.50,0.1304238990869464,0.11174931567929743,0.9881393762074144
2020-05-01,Shrunk Max Sharpe λ=0.50,0.13050553880606097,0.11174704206915627,0.9888900570421634
2020-05-04,Shrunk Max Sharpe λ=0.50,0.12654332282241798,0.11164265216645651,0.9543245413371625
2020-05-05,Shrunk Max Sharpe λ=0.50,0.12814798156538676,0.11164368717518403,0.9686887302072706
2020-05-06,Shrunk Max Sharpe λ=0.50,0.12566863672574646,0.11175852555069642,0.9455085077854983
2020-05-07,Shrunk Max Sharpe λ=0.50,0.14223242577532513,0.11235217933771321,1.0879399624987551
2020-05-08,Shrunk Max Sharpe λ=0.50,0.1392030634423893,0.11239196171777029,1.0606013243342305
2020-05-11,Shrunk Max Sharpe λ=0.50,0.13525254170185796,0.11241538852883845,1.0252381209561152
2020-05-12,Shrunk Max Sharpe λ=0.50,0.1419195201686816,0.11221105853642935,1.0865196510832342
2020-05-13,Shrunk Max Sharpe λ=0.50,0.13975727376638525,0.11218486435579081,1.0674993855372394
2020-05-14,Shrunk Max Sharpe λ=0.50,0.14357407840198988,0.11234500210451014,1.0999517209233196
2020-05-15,Shrunk Max Sharpe λ=0.50,0.14347675330993415,0.11234425404405907,1.0990927338527625
2020-05-18,Shrunk Max Sharpe λ=0.50,0.14043767149728859,0.11244523308068459,1.0710784992625615
2020-05-19,Shrunk Max Sharpe λ=0.50,0.1481309538053881,0.11238072113300893,1.140150663864649
2020-05-20,Shrunk Max Sharpe λ=0.50,0.152083263032589,0.11250176626759606,1.1740550163311794
2020-05-21,Shrunk Max Sharpe λ=0.50,0.14713536353295575,0.11259417263475892,1.1291469225975541
2020-05-22,Shrunk Max Sharpe λ=0.50,0.1530389820708049,0.1126392712349669,1.1811065591261147
2020-05-26,Shrunk Max Sharpe λ=0.50,0.14277224821748224,0.11294003680481048,1.0870569170228301
2020-05-27,Shrunk Max Sharpe λ=0.50,0.14575238329952667,0.11292730535081105,1.1135693259382595
2020-05-28,Shrunk Max Sharpe λ=0.50,0.14687982659426324,0.11290780497430881,1.1237471725106485
2020-05-29,Shrunk Max Sharpe λ=0.50,0.1509089824594838,0.11308008709519625,1.1576660915487123
2020-06-01,Shrunk Max Sharpe λ=0.50,0.15131725776003968,0.11307603674422463,1.1613181850109964
2020-06-02,Shrunk Max Sharpe λ=0.50,0.14837955618804677,0.1130831768894592,1.1352666216084473
2020-06-03,Shrunk Max Sharpe λ=0.50,0.13267509937432842,0.11324355445942474,0.9949802433541592
2020-06-04,Shrunk Max Sharpe λ=0.50,0.12387240067011773,0.11337052289779033,0.9162205308320253
2020-06-05,Shrunk Max Sharpe λ=0.50,0.11811907080491624,0.11337515684507024,0.8654371339834017
2020-06-08,Shrunk Max Sharpe λ=0.50,0.11642466916734096,0.11330137798169575,0.8510458644458738
2020-06-09,Shrunk Max Sharpe λ=0.50,0.1267122370855036,0.11351743361690672,0.9400515294032371
2020-06-10,Shrunk Max Sharpe λ=0.50,0.13981123305341625,0.11408313771864972,1.0502098333663743
2020-06-11,Shrunk Max Sharpe λ=0.50,0.13123517477726954,0.11431922055990237,0.9730225086601528
2020-06-12,Shrunk Max Sharpe λ=0.50,0.12609230284323925,0.11429817674495296,0.9282064321986128
2020-06-15,Shrunk Max Sharpe λ=0.50,0.12909321551712916,0.11431515520272027,0.9543197953383274
2020-06-16,Shrunk Max Sharpe λ=0.50,0.12752383355762675,0.11432401489859734,0.9405183473743274
2020-06-17,Shrunk Max Sharpe λ=0.50,0.123274377306136,0.11418568181526353,0.904442445535505
2020-06-18,Shrunk Max Sharpe λ=0.50,0.12345660863176278,0.11419061683614427,0.9059992099019478
2020-06-19,Shrunk Max Sharpe λ=0.50,0.11865460210473255,0.1140449127720308,0.8650504411532798
2020-06-22,Shrunk Max Sharpe λ=0.50,0.12600205076257986,0.11404629658473489,0.929465085118496
2020-06-23,Shrunk Max Sharpe λ=0.50,0.12502276298412096,0.11403557395183052,0.9209649177412249
2020-06-24,Shrunk Max Sharpe λ=0.50,0.12708166082196493,0.11398135350400634,0.9394664787710307
2020-06-25,Shrunk Max Sharpe λ=0.50,0.13339867589037735,0.11397026385631887,0.9949847622827116
2020-06-26,Shrunk Max Sharpe λ=0.50,0.1276854130680527,0.1139291952877167,0.9451959420594874
2020-06-29,Shrunk Max Sharpe λ=0.50,0.1272318876889329,0.11392267016498472,0.9412690865974075
2020-06-30,Shrunk Max Sharpe λ=0.50,0.12984402631239322,0.11396204518294938,0.963864996771993
2020-07-01,Shrunk Max Sharpe λ=0.50,0.12574563180897957,0.11388746806490078,0.9285098141677761
2020-07-02,Shrunk Max Sharpe λ=0.50,0.12428675095074637,0.11385461233536501,0.915964217976203
2020-07-06,Shrunk Max Sharpe λ=0.50,0.13727956553609366,0.1137843630487754,1.030717775216793
2020-07-07,Shrunk Max Sharpe λ=0.50,0.14555505512959943,0.11378887808500218,1.103403577244234
2020-07-08,Shrunk Max Sharpe λ=0.50,0.14890240996844462,0.11380957791232131,1.1326147792916939
2020-07-09,Shrunk Max Sharpe λ=0.50,0.15230482379712207,0.11393278563982998,1.1612533043418312
2020-07-10,Shrunk Max Sharpe λ=0.50,0.1552641020975014,0.11387321754328536,1.1878482492697195
2020-07-13,Shrunk Max Sharpe λ=0.50,0.1481836946116999,0.11393136691070817,1.1250957316448398
2020-07-14,Shrunk Max Sharpe λ=0.50,0.15011763196493888,0.11395426010370215,1.1418408741062207
2020-07-15,Shrunk Max Sharpe λ=0.50,0.15286880963827443,0.11390240594084032,1.1665145133745907
2020-07-16,Shrunk Max Sharpe λ=0.50,0.14786521940886987,0.11391591560846936,1.122452632943271
2020-07-17,Shrunk Max Sharpe λ=0.50,0.14485315507903573,0.11387066017974674,1.0964470995597368
2020-07-20,Shrunk Max Sharpe λ=0.50,0.15949624292564835,0.11406204048760081,1.222985686818503
2020-07-21,Shrunk Max Sharpe λ=0.50,0.157607770793869,0.114055928460487,1.20649380221863
2020-07-22,Shrunk Max Sharpe λ=0.50,0.161378096861446,0.11412423626520884,1.238808700834615
2020-07-23,Shrunk Max Sharpe λ=0.50,0.1561964841633403,0.11410967351617901,1.193557741132523
2020-07-24,Shrunk Max Sharpe λ=0.50,0.15943414633132513,0.1140395505405671,1.2226823559930156
2020-07-27,Shrunk Max Sharpe λ=0.50,0.16405523087787333,0.11417960890619845,1.2616546181745858
2020-07-28,Shrunk Max Sharpe λ=0.50,0.165147038475836,0.114179181622207,1.2712215695860793
2020-07-29,Shrunk Max Sharpe λ=0.50,0.17048850437205676,0.11422837210493364,1.3174354286850334
2020-07-30,Shrunk Max Sharpe λ=0.50,0.17708835230513387,0.11415868026891673,1.3760526307337322
2020-07-31,Shrunk Max Sharpe λ=0.50,0.17836502019703593,0.11420404038178775,1.3866849164671988
2020-08-03,Shrunk Max Sharpe λ=0.50,0.18308190184027073,0.11418005900246743,1.428287069257396
2020-08-04,Shrunk Max Sharpe λ=0.50,0.20048990884299145,0.11423999783482802,1.5799186997880528
2020-08-05,Shrunk Max Sharpe λ=0.50,0.19034187516029233,0.11405025223933227,1.493568596436185
2020-08-06,Shrunk Max Sharpe λ=0.50,0.19768228798804,0.11425376910188481,1.5551547172994649
2020-08-07,Shrunk Max Sharpe λ=0.50,0.1787899483115285,0.11439180641550653,1.388123444215525
2020-08-10,Shrunk Max Sharpe λ=0.50,0.17957023136625416,0.1143673842667938,1.3952424669782788
2020-08-11,Shrunk Max Sharpe λ=0.50,0.156593556778565,0.11604025456537358,1.1771221744572469
2020-08-12,Shrunk Max Sharpe λ=0.50,0.15475076358883455,0.11601110010673957,1.1615333659007887
2020-08-13,Shrunk Max Sharpe λ=0.50,0.1638228475471093,0.11580881731531167,1.2418989406957164
2020-08-14,Shrunk Max Sharpe λ=0.50,0.15615138941277107,0.11576877093501182,1.1760631845111431
2020-08-17,Shrunk Max Sharpe λ=0.50,0.16070101310917373,0.11595698267216653,1.213389740460594
2020-08-18,Shrunk Max Sharpe λ=0.50,0.16732476579800526,0.11610476089516279,1.2688951311051981
2020-08-19,Shrunk Max Sharpe λ=0.50,0.15473388190400228,0.11655963597280972,1.1559222948794396
2020-08-20,Shrunk Max Sharpe λ=0.50,0.1613881894100393,0.11678164792330573,1.2107055511230111
2020-08-21,Shrunk Max Sharpe λ=0.50,0.16619183044367825,0.11675714370268717,1.252101805572978
2020-08-24,Shrunk Max Sharpe λ=0.50,0.1703860613285333,0.11666968352432427,1.288990051105946
2020-08-25,Shrunk Max Sharpe λ=0.50,0.16561920796772678,0.11664245378463249,1.2484237363232833
2020-08-26,Shrunk Max Sharpe λ=0.50,0.17014267877373812,0.11676552701589166,1.2858476522210522
2020-08-27,Shrunk Max Sharpe λ=0.50,0.15768592995803,0.11711888810433037,1.1756082403666466
2020-08-28,Shrunk Max Sharpe λ=0.50,0.1603752545402808,0.11717941789069755,1.1979514582605268
2020-08-31,Shrunk Max Sharpe λ=0.50,0.1660152900931504,0.11723972994810264,1.2454420541380091
2020-09-01,Shrunk Max Sharpe λ=0.50,0.17669593223238356,0.11749891043340109,1.3335947682782943
2020-09-02,Shrunk Max Sharpe λ=0.50,0.173969371475583,0.11743027152252093,1.3111557137637595
2020-09-03,Shrunk Max Sharpe λ=0.50,0.16095266459050794,0.11820406265315178,1.1924519464623462
2020-09-04,Shrunk Max Sharpe λ=0.50,0.1488685426154106,0.11864240117343078,1.086192974356877
2020-09-08,Shrunk Max Sharpe λ=0.50,0.14200157641946398,0.11903336591554481,1.0249359537226321
2020-09-09,Shrunk Max Sharpe λ=0.50,0.15782774097157826,0.11912927947404908,1.156959410651035
2020-09-10,Shrunk Max Sharpe λ=0.50,0.15068352573812627,0.11920195376462357,1.0963203337771983
2020-09-11,Shrunk Max Sharpe λ=0.50,0.14959152718828883,0.11920861661380584,1.0870986583807107
2020-09-14,Shrunk Max Sharpe λ=0.50,0.16333176478570377,0.11910776888286365,1.2033788066894544
2020-09-15,Shrunk Max Sharpe λ=0.50,0.16328774728670803,0.11910721254530038,1.203014865554099
2020-09-16,Shrunk Max Sharpe λ=0.50,0.15511552595841627,0.11919942652668884,1.1335249664826517
2020-09-17,Shrunk Max Sharpe λ=0.50,0.1498328133533433,0.11928899575850598,1.088388853706026
2020-09-18,Shrunk Max Sharpe λ=0.50,0.14364582157668693,0.1193774553349456,1.0357552121526235
2020-09-21,Shrunk Max Sharpe λ=0.50,0.1389529881098459,0.11936529355268834,0.9965458515572583
2020-09-22,Shrunk Max Sharpe λ=0.50,0.14239670162288998,0.11940423751355797,1.025061624039869
2020-09-23,Shrunk Max Sharpe λ=0.50,0.1293815456128562,0.11998785541215244,0.9116051390129102
2020-09-24,Shrunk Max Sharpe λ=0.50,0.1361229367577712,0.11996281006082139,0.9679911357436245
2020-09-25,Shrunk Max Sharpe λ=0.50,0.14184807986938064,0.12006887088209696,1.0148182370185757
2020-09-28,Shrunk Max Sharpe λ=0.50,0.15110402501979658,0.12018043651937202,1.0908932336808728
2020-09-29,Shrunk Max Sharpe λ=0.50,0.15016013319054644,0.12017537467387092,1.0830848960843429
2020-09-30,Shrunk Max Sharpe λ=0.50,0.14913142967190018,0.1201965482404965,1.074335590848468
2020-10-01,Shrunk Max Sharpe λ=0.50,0.15995963784601885,0.12025566157079949,1.1638507161978302
2020-10-02,Shrunk Max Sharpe λ=0.50,0.14376148550739543,0.12046773550734367,1.0273413456821472
2020-10-05,Shrunk Max Sharpe λ=0.50,0.1353146237015681,0.12035611249219398,0.9581119007067227
2020-10-06,Shrunk Max Sharpe λ=0.50,0.13586999288991364,0.12033588097495866,0.9628881423490442
2020-10-07,Shrunk Max Sharpe λ=0.50,0.14113185957340635,0.12027070916247808,1.007160100883457
2020-10-08,Shrunk Max Sharpe λ=0.50,0.14340089711747894,0.1203109696185566,1.0256828409638696
2020-10-09,Shrunk Max Sharpe λ=0.50,0.1543852843935698,0.12042097477118131,1.1159624363523286
2020-10-12,Shrunk Max Sharpe λ=0.50,0.16420783945329132,0.12064935143267094,1.1952641082680608
2020-10-13,Shrunk Max Sharpe λ=0.50,0.1616089820003228,0.1206436390440276,1.1737790995233834
2020-10-14,Shrunk Max Sharpe λ=0.50,0.16112985729663842,0.12064748480409793,1.1697704061199359
2020-10-15,Shrunk Max Sharpe λ=0.50,0.1580551696453607,0.12067050874187851,1.1440671882859883
2020-10-16,Shrunk Max Sharpe λ=0.50,0.15333653869316954,0.12071984990240438,1.1045121311943735
2020-10-19,Shrunk Max Sharpe λ=0.50,0.14795409823043904,0.12086043138942884,1.0586930458501629
2020-10-20,Shrunk Max Sharpe λ=0.50,0.14623002607387248,0.12088212121315307,1.0442406602982204
2020-10-21,Shrunk Max Sharpe λ=0.50,0.14522898824003616,0.12088442570082443,1.0359398037755836
2020-10-22,Shrunk Max Sharpe λ=0.50,0.1371579488434107,0.12104584388398797,0.9678808051906063
2020-10-23,Shrunk Max Sharpe λ=0.50,0.1381883817076479,0.12105651432113154,0.9763074905174023
2020-10-26,Shrunk Max Sharpe λ=0.50,0.13784400230526606,0.12105821851449519,0.9734490045478054
2020-10-27,Shrunk Max Sharpe λ=0.50,0.14492164430516286,0.12112176025805434,1.0313724308415988
2020-10-28,Shrunk Max Sharpe λ=0.50,0.13201735957338534,0.12176799542846188,0.9199244775216407
2020-10-29,Shrunk Max Sharpe λ=0.50,0.12650403110148845,0.12171161221143523,0.8750523402522312
2020-10-30,Shrunk Max Sharpe λ=0.50,0.11177094256744224,0.12202446564470658,0.7520700220449871
2020-11-02,Shrunk Max Sharpe λ=0.50,0.11470773109630117,0.12209237565504946,0.7757055310634728
2020-11-03,Shrunk Max Sharpe λ=0.50,0.1207355239356187,0.12207946690643373,0.8251635306765074
2020-11-04,Shrunk Max Sharpe λ=0.50,0.14861812187304047,0.12335156651596116,1.04269548823604
2020-11-05,Shrunk Max Sharpe λ=0.50,0.1573504039291309,0.12375027633919955,1.1098997755177
2020-11-06,Shrunk Max Sharpe λ=0.50,0.15953787536191388,0.1236662236460532,1.1283426569350672
2020-11-09,Shrunk Max Sharpe λ=0.50,0.13620245620111104,0.12553236940115364,0.9256772317407015
2020-11-10,Shrunk Max Sharpe λ=0.50,0.12955808381857947,0.1257081457923239,0.8715273232935506
2020-11-11,Shrunk Max Sharpe λ=0.50,0.13482298072673782,0.1258276429833112,0.9125417754345684
2020-11-12,Shrunk Max Sharpe λ=0.50,0.13961427735755638,0.12595509798748947,0.949658086641615
2020-11-13,Shrunk Max Sharpe λ=0.50,0.1377566357582949,0.12591806954954918,0.9351845702491274
2020-11-16,Shrunk Max Sharpe λ=0.50,0.13714858870351043,0.1259151323105872,0.9303773625440596
2020-11-17,Shrunk Max Sharpe λ=0.50,0.13690757097588624,0.12591387827365969,0.928472481181151
2020-11-18,Shrunk Max Sharpe λ=0.50,0.13296394465390105,0.12593863718920187,0.8969760764060952
2020-11-19,Shrunk Max Sharpe λ=0.50,0.1357096371255433,0.12596868247285922,0.9185587628137152
2020-11-20,Shrunk Max Sharpe λ=0.50,0.14086393674881514,0.12593625799660427,0.959723106526431
2020-11-23,Shrunk Max Sharpe λ=0.50,0.1332686279064197,0.1260765032431268,0.8984118768585426
2020-11-24,Shrunk Max Sharpe λ=0.50,0.1269815543478141,0.1260940160692163,0.8484268935417929
2020-11-25,Shrunk Max Sharpe λ=0.50,0.12476467420987047,0.12607656333150993,0.8309607387885307
2020-11-27,Shrunk Max Sharpe λ=0.50,0.12945908230391945,0.12612277766183447,0.8678771934234243
2020-11-30,Shrunk Max Sharpe λ=0.50,0.1295206648619247,0.12612199377063305,0.8683708652838162
2020-12-01,Shrunk Max Sharpe λ=0.50,0.13570550810024495,0.12599415784674617,0.9183402633714502
2020-12-02,Shrunk Max Sharpe λ=0.50,0.12880721124024985,0.1259383386678636,0.8639721024683867
2020-12-03,Shrunk Max Sharpe λ=0.50,0.1343245250908398,0.1260014281483968,0.9073272166105558
2020-12-04,Shrunk Max Sharpe λ=0.50,0.12960304494396935,0.12610846489980898,0.8691172716363417
2020-12-07,Shrunk Max Sharpe λ=0.50,0.1367570418853492,0.12625543786295776,0.9247684207636391
2020-12-08,Shrunk Max Sharpe λ=0.50,0.1404156287069227,0.1262666227347654,0.953661594005462
2020-12-09,Shrunk Max Sharpe λ=0.50,0.13058197853547493,0.12662407590687194,0.8733092640044577
2020-12-10,Shrunk Max Sharpe λ=0.50,0.13036191004571585,0.1266186780372947,0.8716084526898114
2020-12-11,Shrunk Max Sharpe λ=0.50,0.13442083951041917,0.12659103218366963,0.9038621262239741
2020-12-14,Shrunk Max Sharpe λ=0.50,0.1290106056288618,0.126524721849531,0.8615755406164987
2020-12-15,Shrunk Max Sharpe λ=0.50,0.13342919686585342,0.1265541975943257,0.8962894872081211
2020-12-16,Shrunk Max Sharpe λ=0.50,0.13483202942279737,0.1265529963161567,0.907382936520303
2020-12-17,Shrunk Max Sharpe λ=0.50,0.13877388042885364,0.12655154489528891,0.9385415288855568
2020-12-18,Shrunk Max Sharpe λ=0.50,0.13433596133314563,0.1265684071043588,0.9033530874641789
2020-12-21,Shrunk Max Sharpe λ=0.50,0.13306787422941646,0.1265670829708836,0.89334344740668
2020-12-22,Shrunk Max Sharpe λ=0.50,0.13411919564850483,0.12657058983193448,0.9016249019621136
2020-12-23,Shrunk Max Sharpe λ=0.50,0.12928618847476825,0.1265984200958936,0.8632508082801351
2020-12-24,Shrunk Max Sharpe λ=0.50,0.12927220115472826,0.12659814980351014,0.8631421653817765
2020-12-28,Shrunk Max Sharpe λ=0.50,0.1304994921605609,0.1266051718142936,0.8727881379336007
2020-12-29,Shrunk Max Sharpe λ=0.50,0.13215241069681927,0.12659533077551458,0.8859126952769985
2020-12-30,Shrunk Max Sharpe λ=0.50,0.1363867451013192,0.1265824524484855,0.9194540226551892
2020-12-31,Shrunk Max Sharpe λ=0.50,0.1318974730910527,0.12648450634191385,0.8846733590323753
2021-01-04,Shrunk Max Sharpe λ=0.50,0.12819373788113775,0.1264697379529883,0.8554911208984701
2021-01-05,Shrunk Max Sharpe λ=0.50,0.1269048740974399,0.12647440261785248,0.8452688598218352
2021-01-06,Shrunk Max Sharpe λ=0.50,0.1143029770999553,0.1271636623677522,0.7415874578009154
2021-01-07,Shrunk Max Sharpe λ=0.50,0.11690151283025219,0.12716547971713452,0.7620111452085805
2021-01-08,Shrunk Max Sharpe λ=0.50,0.10921401770683792,0.1272121729024181,0.7013009499906286
2021-01-11,Shrunk Max Sharpe λ=0.50,0.10214112814184473,0.12731619112776496,0.6451742501424196
2021-01-12,Shrunk Max Sharpe λ=0.50,0.1027512114629352,0.12731551613906553,0.6499695714428619
2021-01-13,Shrunk Max Sharpe λ=0.50,0.10797917629062703,0.1274113106090697,0.6905130782350203
2021-01-14,Shrunk Max Sharpe λ=0.50,0.0997944216903639,0.1274893425206421,0.625890918509084
2021-01-15,Shrunk Max Sharpe λ=0.50,0.09603492360950394,0.12749727582484477,0.59636508401921
2021-01-19,Shrunk Max Sharpe λ=0.50,0.10158204802756243,0.12760123420811303,0.6393515590492255
2021-01-20,Shrunk Max Sharpe λ=0.50,0.1073722900387184,0.1277969332367609,0.6836806473035589
2021-01-21,Shrunk Max Sharpe λ=0.50,0.106002506048537,0.12780341042375246,0.6729280992062893
2021-01-22,Shrunk Max Sharpe λ=0.50,0.10326811920792522,0.127799113981413,0.6515547456771544
2021-01-25,Shrunk Max Sharpe λ=0.50,0.11038893043591824,0.12793892255212969,0.7065006382173383
2021-01-26,Shrunk Max Sharpe λ=0.50,0.11041938983294042,0.12793869283536627,0.706739984824557
2021-01-27,Shrunk Max Sharpe λ=0.50,0.10288570580131284,0.1281114564192317,0.6469812155602838
2021-01-28,Shrunk Max Sharpe λ=0.50,0.0986518283122062,0.12809152720595818,0.6140283438555779
2021-01-29,Shrunk Max Sharpe λ=0.50,0.08968311111393823,0.12829044345322327,0.543166811480746
2021-02-01,Shrunk Max Sharpe λ=0.50,0.09995686429919393,0.12847361178403277,0.6223602122559093
2021-02-02,Shrunk Max Sharpe λ=0.50,0.09810545231096013,0.12847853422736713,0.6079260849344508
2021-02-03,Shrunk Max Sharpe λ=0.50,0.09362028881413931,0.12855605641700962,0.5726707155307418
2021-02-04,Shrunk Max Sharpe λ=0.50,0.09095908963563315,0.12855883096352969,0.5519581121250491
2021-02-05,Shrunk Max Sharpe λ=0.50,0.08847585911337275,0.12855636607692136,0.5326524170137198
2021-02-08,Shrunk Max Sharpe λ=0.50,0.09169901140220271,0.12862299136292774,0.5574354214783727
2021-02-09,Shrunk Max Sharpe λ=0.50,0.08850557661509528,0.12858128211319927,0.5327803198819011
2021-02-10,Shrunk Max Sharpe λ=0.50,0.0925715574751016,0.12859077306586728,0.564360534934561
2021-02-11,Shrunk Max Sharpe λ=0.50,0.08977610872825514,0.12861156672864,0.5425336966423642
2021-02-12,Shrunk Max Sharpe λ=0.50,0.08544217714113711,0.12867110641589902,0.5086004073798098
2021-02-16,Shrunk Max Sharpe λ=0.50,0.07283016049695479,0.1290074854939209,0.40951236507469363
2021-02-17,Shrunk Max Sharpe λ=0.50,0.0704037506953501,0.12900113084312834,0.3907233244074698
2021-02-18,Shrunk Max Sharpe λ=0.50,0.06646788492230438,0.12902210289463847,0.36015445322768297
2021-02-19,Shrunk Max Sharpe λ=0.50,0.059500203512308,0.12913171401066106,0.30589080161242865
2021-02-22,Shrunk Max Sharpe λ=0.50,0.0521950282312027,0.1292902111681104,0.24901365648897356
2021-02-23,Shrunk Max Sharpe λ=0.50,0.056337291456209915,0.12918009096186553,0.2812917314552505
2021-02-24,Shrunk Max Sharpe λ=0.50,0.0656760030780954,0.12886655783130063,0.3544441928672442
2021-02-25,Shrunk Max Sharpe λ=0.50,0.046716407503831325,0.1303976597784308,0.20488410259223466
2021-02-26,Shrunk Max Sharpe λ=0.50,0.0693243617803112,0.13012986748843575,0.3790395143889201
2021-03-01,Shrunk Max Sharpe λ=0.50,0.07008541916559774,0.130145122432643,0.3848428448904767
2021-03-02,Shrunk Max Sharpe λ=0.50,0.05505484160440122,0.12967946256847426,0.27031914622480263
2021-03-03,Shrunk Max Sharpe λ=0.50,0.03949353941675526,0.13024895164554015,0.14966369533480034
2021-03-04,Shrunk Max Sharpe λ=0.50,0.018488124581169663,0.13013602155672768,-0.011617655133027831
2021-03-05,Shrunk Max Sharpe λ=0.50,0.02593281885762,0.13012838180166303,0.045592043607078636
2021-03-08,Shrunk Max Sharpe λ=0.50,0.013060690891386173,0.13053203551201503,-0.053161732147929984
2021-03-09,Shrunk Max Sharpe λ=0.50,0.05595002033011909,0.1291168521951926,0.2784301175168954
2021-03-10,Shrunk Max Sharpe λ=0.50,0.06044460855600131,0.12912069142779864,0.31323104073228275
2021-03-11,Shrunk Max Sharpe λ=0.50,0.09412146377504516,0.12608781130013644,0.5878558998744785
2021-03-12,Shrunk Max Sharpe λ=0.50,0.13334126613748087,0.11841436645936088,0.9571580672720057
2021-03-15,Shrunk Max Sharpe λ=0.50,0.10486682525360513,0.11455902311158513,0.7408131018273559
2021-03-16,Shrunk Max Sharpe λ=0.50,0.13284175943819876,0.11160720233101665,1.0110616257857672
2021-03-17,Shrunk Max Sharpe λ=0.50,0.13926431381785265,0.11143013486933769,1.0703057477019235
2021-03-18,Shrunk Max Sharpe λ=0.50,0.167753434147353,0.10582973382610597,1.3961429251077389
2021-03-19,Shrunk Max Sharpe λ=0.50,0.1881635296123918,0.1047882875015764,1.6047931846377586
2021-03-22,Shrunk Max Sharpe λ=0.50,0.19109244380982826,0.10490604536194051,1.6309111950558755
2021-03-23,Shrunk Max Sharpe λ=0.50,0.1635771117242748,0.10219992341025023,1.404865159711799
2021-03-24,Shrunk Max Sharpe λ=0.50,0.12461358419707991,0.09692345037942704,1.0793423447839323
2021-03-25,Shrunk Max Sharpe λ=0.50,0.10319113613037278,0.09549153081572591,0.8711886323291882
2021-03-26,Shrunk Max Sharpe λ=0.50,0.08552993791592844,0.0938041886054754,0.6985822156784097
2021-03-29,Shrunk Max Sharpe λ=0.50,0.08579321935235007,0.09378726952832467,0.7015154581558628
2021-03-30,Shrunk Max Sharpe λ=0.50,0.07024018633114859,0.0928806443643876,0.540911259552068
2021-03-31,Shrunk Max Sharpe λ=0.50,0.08291724069305251,0.09258921925482694,0.6795309561892915
2021-04-01,Shrunk Max Sharpe λ=0.50,0.09874496098323404,0.09307722846495775,0.8460174661612362
2021-04-05,Shrunk Max Sharpe λ=0.50,0.09053062077587692,0.09264155278117711,0.7613281368725862
2021-04-06,Shrunk Max Sharpe λ=0.50,0.09756628509875309,0.09270848146362194,0.8366687046771386
2021-04-07,Shrunk Max Sharpe λ=0.50,0.07419016075295293,0.09063338436090267,0.5979050780799201
2021-04-08,Shrunk Max Sharpe λ=0.50,0.08711273415684317,0.09067063123979213,0.7401816138166442
2021-04-09,Shrunk Max Sharpe λ=0.50,0.0842516359110963,0.0906770718347831,0.7085764307449748
2021-04-12,Shrunk Max Sharpe λ=0.50,0.07700063762979759,0.09054545879975619,0.6295250848069155
2021-04-13,Shrunk Max Sharpe λ=0.50,0.08164715518810284,0.09072383005883666,0.6795034463175014
2021-04-14,Shrunk Max Sharpe λ=0.50,0.06432331822676329,0.09000292547694352,0.4924653058985044
2021-04-15,Shrunk Max Sharpe λ=0.50,0.06916060579666006,0.09046152997538286,0.5434421218615034
2021-04-16,Shrunk Max Sharpe λ=0.50,0.05853362552445773,0.09013847656891019,0.4274936407983228
2021-04-19,Shrunk Max Sharpe λ=0.50,0.060595327055574355,0.09003950395083138,0.4508612917030571
2021-04-20,Shrunk Max Sharpe λ=0.50,0.06004147109731561,0.09003492464360388,0.4447326551981534
2021-04-21,Shrunk Max Sharpe λ=0.50,0.07086154853451276,0.0899385393422643,0.565514504754823
2021-04-22,Shrunk Max Sharpe λ=0.50,0.06166832890524043,0.08976574047684747,0.46418966393963623
2021-04-23,Shrunk Max Sharpe λ=0.50,0.06043298322815338,0.08974086600461424,0.45055263034874676
2021-04-26,Shrunk Max Sharpe λ=0.50,0.05697825225094122,0.08965978830231981,0.41242850280056326
2021-04-27,Shrunk Max Sharpe λ=0.50,0.05876461973433966,0.08955526842203165,0.4328569431745805
2021-04-28,Shrunk Max Sharpe λ=0.50,0.05990347644736804,0.08955125348403764,0.44559372309043965
2021-04-29,Shrunk Max Sharpe λ=0.50,0.05076906151065952,0.08921550397257262,0.34488469089541657
2021-04-30,Shrunk Max Sharpe λ=0.50,0.05704945954439489,0.08892919547383481,0.41661750504979844
2021-05-03,Shrunk Max Sharpe λ=0.50,0.06247754051561971,0.08889142945759108,0.4778586729318508
2021-05-04,Shrunk Max Sharpe λ=0.50,0.05792010410255499,0.08890885140464186,0.42650538729797616
2021-05-05,Shrunk Max Sharpe λ=0.50,0.05758582272926782,0.08890564734832516,0.4227608014821555
2021-05-06,Shrunk Max Sharpe λ=0.50,0.06959388969664926,0.08877137076163899,0.558669864745182
2021-05-07,Shrunk Max Sharpe λ=0.50,0.05886971434634214,0.0879594997824297,0.44190467706714415
2021-05-10,Shrunk Max Sharpe λ=0.50,0.05355165340709345,0.08825605909062258,0.3801626058630391
2021-05-11,Shrunk Max Sharpe λ=0.50,0.05224085562336711,0.08829556080115336,0.3651469601736304
2021-05-12,Shrunk Max Sharpe λ=0.50,0.040674379354124435,0.08906035114028056,0.23213898316614368
2021-05-13,Shrunk Max Sharpe λ=0.50,0.04431314964014166,0.0891671903492774,0.27266923567855456
2021-05-14,Shrunk Max Sharpe λ=0.50,0.04596743065191555,0.08931378807179882,0.2907438057720773
2021-05-17,Shrunk Max Sharpe λ=0.50,0.04400183384996814,0.08930605775281517,0.2687593031639731
2021-05-18,Shrunk Max Sharpe λ=0.50,0.04668838802589925,0.08919232238260517,0.29922292987747323
2021-05-19,Shrunk Max Sharpe λ=0.50,0.04202964710432533,0.08917095391349043,0.2470495843937868
2021-05-20,Shrunk Max Sharpe λ=0.50,0.044028194816046806,0.0893232601376581,0.26900266267729606
2021-05-21,Shrunk Max Sharpe λ=0.50,0.0482653796310244,0.08922532270186725,0.31678652175312194
2021-05-24,Shrunk Max Sharpe λ=0.50,0.04919140984832171,0.08926896740896098,0.32700512502389967
2021-05-25,Shrunk Max Sharpe λ=0.50,0.06222826197103748,0.0890272732084309,0.474329499817124
2021-05-26,Shrunk Max Sharpe λ=0.50,0.06051316156259556,0.0890226758180637,0.45508811311617514
2021-05-27,Shrunk Max Sharpe λ=0.50,0.059518915387689164,0.08904263902968558,0.44382012728210024
2021-05-28,Shrunk Max Sharpe λ=0.50,0.052196099481989,0.08871832508323572,0.3629024719727581
2021-06-01,Shrunk Max Sharpe λ=0.50,0.05178751443985785,0.08872243895184732,0.3582804397105225
2021-06-02,Shrunk Max Sharpe λ=0.50,0.055179760212054285,0.08873613943738737,0.3964535806392308
2021-06-03,Shrunk Max Sharpe λ=0.50,0.056245170109150866,0.088652483814881,0.40884551170428496
2021-06-04,Shrunk Max Sharpe λ=0.50,0.07184557208607445,0.08896043722851504,0.5827935844435808
2021-06-07,Shrunk Max Sharpe λ=0.50,0.07400839424409256,0.08892683484681828,0.6073351687049832
2021-06-08,Shrunk Max Sharpe λ=0.50,0.07070844566601431,0.08881081005406921,0.5709715476656763
2021-06-09,Shrunk Max Sharpe λ=0.50,0.06501941466580718,0.08852096773695257,0.5085734579810076
2021-06-10,Shrunk Max Sharpe λ=0.50,0.057624237856435556,0.0878742487366913,0.4281599945073079
2021-06-11,Shrunk Max Sharpe λ=0.50,0.06244553832751176,0.0876264419949071,0.48439189542785177
2021-06-14,Shrunk Max Sharpe λ=0.50,0.06070659251475208,0.08766986009011736,0.46431684130565587
2021-06-15,Shrunk Max Sharpe λ=0.50,0.056435141645651,0.08765596116153575,0.41566073958743005
2021-06-16,Shrunk Max Sharpe λ=0.50,0.050277328343341754,0.08792561405571704,0.34435162800404784
2021-06-17,Shrunk Max Sharpe λ=0.50,0.04692812691741621,0.08789108495578665,0.3063806406640938
2021-06-18,Shrunk Max Sharpe λ=0.50,0.04481553356753998,0.0878260458946854,0.28255323708068286
2021-06-21,Shrunk Max Sharpe λ=0.50,0.042912142650619156,0.08780351076285722,0.2609479103005467
2021-06-22,Shrunk Max Sharpe λ=0.50,0.04092427727057979,0.08774556084282983,0.23846536587827424
2021-06-23,Shrunk Max Sharpe λ=0.50,0.03780510248431046,0.08775285552318472,0.20290054811499858
2021-06-24,Shrunk Max Sharpe λ=0.50,0.04163455517342629,0.0877403403697356,0.24657478056568752
2021-06-25,Shrunk Max Sharpe λ=0.50,0.036661249155313325,0.0877118575131361,0.18995435312515263
2021-06-28,Shrunk Max Sharpe λ=0.50,0.042303367401453684,0.08780221967649839,0.2540182638164388
2021-06-29,Shrunk Max Sharpe λ=0.50,0.03902336403550399,0.0877882805724592,0.21669594063643127
2021-06-30,Shrunk Max Sharpe λ=0.50,0.037752241810121046,0.08774877061150416,0.20230758432749674
2021-07-01,Shrunk Max Sharpe λ=0.50,0.03782683240168372,0.08774949228446736,0.20315596065094574
2021-07-02,Shrunk Max Sharpe λ=0.50,0.04090080692974052,0.0878861001061431,0.237816980210726
2021-07-06,Shrunk Max Sharpe λ=0.50,0.040486330297760276,0.08786235488881587,0.23316391102519846
2021-07-07,Shrunk Max Sharpe λ=0.50,0.04056788065491146,0.08786605586044965,0.2340822113101072
2021-07-08,Shrunk Max Sharpe λ=0.50,0.037429227660559006,0.08782611628937867,0.19845153579524527
2021-07-09,Shrunk Max Sharpe λ=0.50,0.02816119188399191,0.08760689916932408,0.09315695409123194
2021-07-12,Shrunk Max Sharpe λ=0.50,0.029142326881772096,0.087602337400749,0.10436167747384704
2021-07-13,Shrunk Max Sharpe λ=0.50,0.029485637013906052,0.0875889147778406,0.10829723188105823
2021-07-14,Shrunk Max Sharpe λ=0.50,0.03270090208770138,0.08774643050364545,0.14474551289210238
2021-07-15,Shrunk Max Sharpe λ=0.50,0.03618521114893647,0.0877790923014222,0.18438572015940333
2021-07-16,Shrunk Max Sharpe λ=0.50,0.034186036170670064,0.08784648524511333,0.16148666769179812
2021-07-19,Shrunk Max Sharpe λ=0.50,0.03822097253018164,0.08798016070235415,0.2071031967289199
2021-07-20,Shrunk Max Sharpe λ=0.50,0.029730679955540795,0.08756591959252819,0.11112405375082811
2021-07-21,Shrunk Max Sharpe λ=0.50,0.025992341637266936,0.08763750553126641,0.06837645139419274
2021-07-22,Shrunk Max Sharpe λ=0.50,0.02556482796769788,0.08761688910621948,0.06351318820452002
2021-07-23,Shrunk Max Sharpe λ=0.50,0.02701664439580531,0.08760605667901321,0.0800931426638018
2021-07-26,Shrunk Max Sharpe λ=0.50,0.02688174461016657,0.08760762007287583,0.07855189542236206
2021-07-27,Shrunk Max Sharpe λ=0.50,0.022824030704533094,0.08740219985955158,0.032310750862919776
2021-07-28,Shrunk Max Sharpe λ=0.50,0.023259567561292993,0.08740785791070572,0.03729147057490995
2021-07-29,Shrunk Max Sharpe λ=0.50,0.019085695935637803,0.08731334792757692,-0.010471526817647372
2021-07-30,Shrunk Max Sharpe λ=0.50,0.016539680071169682,0.08729251968866941,-0.039640509188778386
2021-08-02,Shrunk Max Sharpe λ=0.50,0.013503763043642314,0.08714114230719858,-0.07454844846371773
2021-08-03,Shrunk Max Sharpe λ=0.50,0.013411241907071325,0.08713915445855898,-0.07561191216357407
2021-08-04,Shrunk Max Sharpe λ=0.50,0.004630694123262558,0.08672732458935302,-0.17721411273217388
2021-08-05,Shrunk Max Sharpe λ=0.50,0.0038763962109356065,0.08673946167070416,-0.1858854491197524
2021-08-06,Shrunk Max Sharpe λ=0.50,-0.013532692128449209,0.0869752733691447,-0.38554281957963066
2021-08-09,Shrunk Max Sharpe λ=0.50,-0.009835538456092086,0.08670300137572279,-0.34411194517709237
2021-08-10,Shrunk Max Sharpe λ=0.50,-0.008557456786156381,0.08666508209955948,-0.32951514144243266
2021-08-11,Shrunk Max Sharpe λ=0.50,0.013329313940383392,0.08459658776421851,-0.07885289745029271
2021-08-12,Shrunk Max Sharpe λ=0.50,0.011711458920286466,0.08457673745929789,-0.09800024603340074
2021-08-13,Shrunk Max Sharpe λ=0.50,0.018635971892577707,0.08497281200626984,-0.01605252403935563
2021-08-16,Shrunk Max Sharpe λ=0.50,0.023081228530534403,0.08497710928878131,0.03625951219478805
2021-08-17,Shrunk Max Sharpe λ=0.50,0.012488077128781638,0.08463359743192658,-0.08875816577760899
2021-08-18,Shrunk Max Sharpe λ=0.50,0.004102692754635706,0.0844097366361158,-0.18833499402914172
2021-08-19,Shrunk Max Sharpe λ=0.50,0.016519879395115122,0.08388489075434372,-0.04148685864152086
2021-08-20,Shrunk Max Sharpe λ=0.50,0.010535007303980493,0.08353399238427067,-0.11330707926036769
2021-08-23,Shrunk Max Sharpe λ=0.50,0.012909924586256949,0.08362224150182397,-0.08478695723061194
2021-08-24,Shrunk Max Sharpe λ=0.50,0.011051177281128144,0.0836526496590451,-0.10697596257077133
2021-08-25,Shrunk Max Sharpe λ=0.50,0.007862957333553355,0.0837378126676218,-0.14494100430616544
2021-08-26,Shrunk Max Sharpe λ=0.50,0.0008805119624069047,0.08350772826681796,-0.2289547139458023
2021-08-27,Shrunk Max Sharpe λ=0.50,0.016966151153189113,0.08338417335080339,-0.03638398901008781
2021-08-30,Shrunk Max Sharpe λ=0.50,0.014244454215808444,0.08327431866379369,-0.06911549534771484
2021-08-31,Shrunk Max Sharpe λ=0.50,0.007488295369387332,0.08318523538252809,-0.15040775653368627
2021-09-01,Shrunk Max Sharpe λ=0.50,-0.0002474487447292617,0.08275022017790377,-0.24468150901833854
2021-09-02,Shrunk Max Sharpe λ=0.50,-0.0017659347528921066,0.08270991257867313,-0.2631599293759196
2021-09-03,Shrunk Max Sharpe λ=0.50,0.010580070897288074,0.0816625043957846,-0.1153519497400839
2021-09-07,Shrunk Max Sharpe λ=0.50,0.012988220838096476,0.08141689111357962,-0.08612192219574964
2021-09-08,Shrunk Max Sharpe λ=0.50,0.025088438067055074,0.08077867192504881,0.0629923461947533
2021-09-09,Shrunk Max Sharpe λ=0.50,0.020461037068858934,0.08044301168801003,0.005731225860202976
2021-09-10,Shrunk Max Sharpe λ=0.50,0.018603751052769235,0.08055347973766008,-0.017333192206940698
2021-09-13,Shrunk Max Sharpe λ=0.50,0.022172033415930104,0.08059416666481972,0.026950255903300017
2021-09-14,Shrunk Max Sharpe λ=0.50,0.020537222523511867,0.08050126032285632,0.006673467239609605
2021-09-15,Shrunk Max Sharpe λ=0.50,0.01766102769678568,0.08047132601618441,-0.029065909796787807
2021-09-16,Shrunk Max Sharpe λ=0.50,0.015943464890243675,0.08058402670509648,-0.050339195937695334
2021-09-17,Shrunk Max Sharpe λ=0.50,0.015212515965826068,0.08062377917119527,-0.059380546079442195
2021-09-20,Shrunk Max Sharpe λ=0.50,0.020831791060543114,0.08052754244173216,0.010329274125619549
2021-09-21,Shrunk Max Sharpe λ=0.50,0.022745734068454482,0.08052017513087688,0.03409995152136202
2021-09-22,Shrunk Max Sharpe λ=0.50,0.022496685527260585,0.08050990455873824,0.0310109115262838
2021-09-23,Shrunk Max Sharpe λ=0.50,0.02654442867628304,0.08004872868403495,0.0817555604426266
2021-09-24,Shrunk Max Sharpe λ=0.50,0.020412677984936067,0.08005655217647632,0.005154830850401367
2021-09-27,Shrunk Max Sharpe λ=0.50,0.012455744215541298,0.07990075591301349,-0.09442033054946311
2021-09-28,Shrunk Max Sharpe λ=0.50,-0.006141416882464168,0.08059454855542944,-0.3243571352035707
2021-09-29,Shrunk Max Sharpe λ=0.50,-0.007012837806077199,0.08058922312893883,-0.3351916888795165
2021-09-30,Shrunk Max Sharpe λ=0.50,-0.0033685710918168743,0.0805497545664189,-0.2901134983912068
2021-10-01,Shrunk Max Sharpe λ=0.50,-0.003172410455135277,0.08056492621030814,-0.2876240511242522
2021-10-04,Shrunk Max Sharpe λ=0.50,0.0011686376382853414,0.08023635439944925,-0.2346986288530068
2021-10-05,Shrunk Max Sharpe λ=0.50,0.0010845175277371943,0.080237850585038,-0.2357426368521141
2021-10-06,Shrunk Max Sharpe λ=0.50,0.008199284433253018,0.08017614904099275,-0.14718486367702033
2021-10-07,Shrunk Max Sharpe λ=0.50,0.004368192149651229,0.08021327722345449,-0.19487805998503707
2021-10-08,Shrunk Max Sharpe λ=0.50,-0.00277117501436841,0.08017844481963088,-0.28400619475214767
2021-10-11,Shrunk Max Sharpe λ=0.50,-0.012873782457370142,0.07996550058074033,-0.4110995644200068
2021-10-12,Shrunk Max Sharpe λ=0.50,-0.015306428096814595,0.07975019781299121,-0.44271273382425674
2021-10-13,Shrunk Max Sharpe λ=0.50,-0.007939329791620264,0.08008758398424476,-0.3488596908743886
2021-10-14,Shrunk Max Sharpe λ=0.50,-0.000956832849311362,0.08033562453830219,-0.26086599774076097
2021-10-15,Shrunk Max Sharpe λ=0.50,-0.0033046453731686576,0.08042147574931684,-0.2897813694169449
2021-10-18,Shrunk Max Sharpe λ=0.50,0.0009406120438382182,0.08038037370850576,-0.23711494581101877
2021-10-19,Shrunk Max Sharpe λ=0.50,0.004192376689380106,0.08022767470310335,-0.19703454411608948
2021-10-20,Shrunk Max Sharpe λ=0.50,0.0062877262529263955,0.08020399455281854,-0.1709674664401329
2021-10-21,Shrunk Max Sharpe λ=0.50,0.005989902369640809,0.08020536661187688,-0.17467780800947755
2021-10-22,Shrunk Max Sharpe λ=0.50,0.015390379097676155,0.08007261428273448,-0.057568008033900143
2021-10-25,Shrunk Max Sharpe λ=0.50,0.015917514242394182,0.08008956672056039,-0.050974002292333204
2021-10-26,Shrunk Max Sharpe λ=0.50,0.017870168998074476,0.08010385993295617,-0.02658836919604262
2021-10-27,Shrunk Max Sharpe λ=0.50,0.019032989868784655,0.0801812675091748,-0.012060299883694081
2021-10-28,Shrunk Max Sharpe λ=0.50,0.03213470692422837,0.07925506609260444,0.15310954267642335
2021-10-29,Shrunk Max Sharpe λ=0.50,0.03267669820116814,0.07925232190403701,0.15995365052544167
2021-11-01,Shrunk Max Sharpe λ=0.50,0.04142039303664902,0.07872512386514517,0.2720909410487787
2021-11-02,Shrunk Max Sharpe λ=0.50,0.03925275001890638,0.0786268312733447,0.2448623416092473
2021-11-03,Shrunk Max Sharpe λ=0.50,0.03333667592561107,0.078636376761453,0.16959931872329873
2021-11-04,Shrunk Max Sharpe λ=0.50,0.02186647684590537,0.07667503883895656,0.024342691887324634
2021-11-05,Shrunk Max Sharpe λ=0.50,0.019220763989741707,0.07635081268121871,-0.010205994971026354
2021-11-08,Shrunk Max Sharpe λ=0.50,0.021898833068124013,0.07625639839506385,0.024900639265529826
2021-11-09,Shrunk Max Sharpe λ=0.50,0.04825743193881693,0.07337076171977774,0.3851320509215851
2021-11-10,Shrunk Max Sharpe λ=0.50,0.045567980396605146,0.07363636682829287,0.3472194718164898
2021-11-11,Shrunk Max Sharpe λ=0.50,0.038779179404632824,0.07340226445724618,0.2558392379784268
2021-11-12,Shrunk Max Sharpe λ=0.50,0.0341332534579335,0.07315365413432387,0.19319955544506617
2021-11-15,Shrunk Max Sharpe λ=0.50,0.026479062250383878,0.07328321464950194,0.08841127236805668
2021-11-16,Shrunk Max Sharpe λ=0.50,0.024755096463585646,0.07328294328294577,0.06488681063513234
2021-11-17,Shrunk Max Sharpe λ=0.50,0.02773982946777309,0.0733835756167104,0.10547086868864197
2021-11-18,Shrunk Max Sharpe λ=0.50,0.032152239069926924,0.07337874103600435,0.16560980603311592
2021-11-19,Shrunk Max Sharpe λ=0.50,0.031468470543253746,0.0733529885543408,0.15634632983982324
2021-11-22,Shrunk Max Sharpe λ=0.50,0.01917433066165941,0.07403152760470516,-0.011152942064755028
2021-11-23,Shrunk Max Sharpe λ=0.50,0.0181206793595019,0.07411556894342387,-0.02535662435422548
2021-11-24,Shrunk Max Sharpe λ=0.50,0.02666836825033969,0.07427733489686132,0.08977662243265908
2021-11-26,Shrunk Max Sharpe λ=0.50,0.030899251686255624,0.07442019777368448,0.14645555927438933
2021-11-29,Shrunk Max Sharpe λ=0.50,0.027936812646433662,0.07432612564291591,0.10678361851611091
2021-11-30,Shrunk Max Sharpe λ=0.50,0.029252515080702368,0.07431317429495729,0.12450706309460152
2021-12-01,Shrunk Max Sharpe λ=0.50,0.027753577198422752,0.07432395435933757,0.10432137613313955
2021-12-02,Shrunk Max Sharpe λ=0.50,0.031171222759575734,0.07433090612604205,0.1502904154112264
2021-12-03,Shrunk Max Sharpe λ=0.50,0.02932535626739985,0.07424446062203219,0.12560339437138468
2021-12-06,Shrunk Max Sharpe λ=0.50,0.031308393924903255,0.074141774601348,0.1525239176659477
2021-12-07,Shrunk Max Sharpe λ=0.50,0.028811036839176296,0.07396781627951678,0.1191198724304675
2021-12-08,Shrunk Max Sharpe λ=0.50,0.021526620317821266,0.07407050629556668,0.02061036698911612
2021-12-09,Shrunk Max Sharpe λ=0.50,0.029087801984842843,0.07352775700744486,0.12359688850460487
2021-12-10,Shrunk Max Sharpe λ=0.50,0.028100634458942286,0.07348435207917113,0.11023618266668206
2021-12-13,Shrunk Max Sharpe λ=0.50,0.02927979687575344,0.0735125115915762,0.12623425148783532
2021-12-14,Shrunk Max Sharpe λ=0.50,0.024347977410449584,0.07368500814939147,0.059007626105358466
2021-12-15,Shrunk Max Sharpe λ=0.50,0.023926993420606557,0.07366750211176505,0.05330699844618998
2021-12-16,Shrunk Max Sharpe λ=0.50,0.020736863722505383,0.07369427675010676,0.009998927393019231
2021-12-17,Shrunk Max Sharpe λ=0.50,0.019746614704018395,0.07367246812695945,-0.0034393485439492516
2021-12-20,Shrunk Max Sharpe λ=0.50,0.016068206214705283,0.07386053042754828,-0.05323267735196563
2021-12-21,Shrunk Max Sharpe λ=0.50,0.019270638917694205,0.07392970347786464,-0.009865602700870755
2021-12-22,Shrunk Max Sharpe λ=0.50,0.023556341505991174,0.07412846281854713,0.04797538449834641
2021-12-23,Shrunk Max Sharpe λ=0.50,0.025356738885945473,0.07408892955226032,0.07230147497497551
2021-12-27,Shrunk Max Sharpe λ=0.50,0.027383027826229922,0.07419975354343154,0.09950205322324142
2021-12-28,Shrunk Max Sharpe λ=0.50,0.022991013750155442,0.07422157611832537,0.040298440245827086
2021-12-29,Shrunk Max Sharpe λ=0.50,0.01807274565584205,0.07435769604192653,-0.025918693649024185
2021-12-30,Shrunk Max Sharpe λ=0.50,0.01959741483991717,0.07441094112551064,-0.005410295233382142
2021-12-31,Shrunk Max Sharpe λ=0.50,0.017677782267290443,0.07439503171159204,-0.031214688390914628
2022-01-03,Shrunk Max Sharpe λ=0.50,0.008300586483497963,0.07504137792297556,-0.15590616590903517
2022-01-04,Shrunk Max Sharpe λ=0.50,0.006897776076095541,0.07506581399102309,-0.17454315389787578
2022-01-05,Shrunk Max Sharpe λ=0.50,0.009861525867518095,0.07461803800411508,-0.1358716257310703
2022-01-06,Shrunk Max Sharpe λ=0.50,0.006041550487104974,0.07462857485950014,-0.18703893969801744
2022-01-07,Shrunk Max Sharpe λ=0.50,0.005519533135324606,0.07465738434630646,-0.19395893643294762
2022-01-10,Shrunk Max Sharpe λ=0.50,0.011201315335740647,0.07450149388339707,-0.11810078168405927
2022-01-11,Shrunk Max Sharpe λ=0.50,0.01807079092625319,0.0748552529721066,-0.025772527606922863
2022-01-12,Shrunk Max Sharpe λ=0.50,0.01297480411887797,0.07466771274504545,-0.09408612669186368
2022-01-13,Shrunk Max Sharpe λ=0.50,0.015275977592585699,0.07455961916659468,-0.06335899324886612
2022-01-14,Shrunk Max Sharpe λ=0.50,0.011095320631734573,0.07476538232620515,-0.11910163622803212
2022-01-18,Shrunk Max Sharpe λ=0.50,-0.006665760349755745,0.07554530765144886,-0.352977056798634
2022-01-19,Shrunk Max Sharpe λ=0.50,-0.01256160944016882,0.07516104678405704,-0.43322453363004126
2022-01-20,Shrunk Max Sharpe λ=0.50,-0.013126490228968724,0.07516941366562545,-0.4406910818318287
2022-01-21,Shrunk Max Sharpe λ=0.50,-0.01422933735190457,0.07518589890767112,-0.4552627267772441
2022-01-24,Shrunk Max Sharpe λ=0.50,-0.021043905443415944,0.07490647616444912,-0.5479353394399232
2022-01-25,Shrunk Max Sharpe λ=0.50,-0.025616728470443273,0.07508505965403355,-0.6075340244867576
2022-01-26,Shrunk Max Sharpe λ=0.50,-0.02752829603185658,0.07526950538717883,-0.6314415882949644
2022-01-27,Shrunk Max Sharpe λ=0.50,-0.02469367199949768,0.07529664635285357,-0.5935678966371906
2022-01-28,Shrunk Max Sharpe λ=0.50,-0.010278636033081212,0.07541284371075936,-0.4015050294246002
2022-01-31,Shrunk Max Sharpe λ=0.50,-0.011578305064269157,0.07529019007302902,-0.4194212424439258
2022-02-01,Shrunk Max Sharpe λ=0.50,-0.009825924913423711,0.07529275402054085,-0.39613273948362693
2022-02-02,Shrunk Max Sharpe λ=0.50,-0.0009996541861354569,0.0753369482863727,-0.2787430957026696
2022-02-03,Shrunk Max Sharpe λ=0.50,-0.012483498764258583,0.07635659896197777,-0.42541835552987295
2022-02-04,Shrunk Max Sharpe λ=0.50,-0.01534043308579014,0.07643370544225354,-0.4623671308528959
2022-02-07,Shrunk Max Sharpe λ=0.50,-0.020188063673938328,0.07628272672508721,-0.5268304555862399
2022-02-08,Shrunk Max Sharpe λ=0.50,-0.020287689181051838,0.07628172799978346,-0.5281433737469372
2022-02-09,Shrunk Max Sharpe λ=0.50,-0.016396216954956966,0.07652355202887318,-0.4756211125853682
2022-02-10,Shrunk Max Sharpe λ=0.50,-0.027600041018345567,0.07764134481547375,-0.6130759472478765
2022-02-11,Shrunk Max Sharpe λ=0.50,-0.0220133854998229,0.07759762525564602,-0.5414261758837265
2022-02-14,Shrunk Max Sharpe λ=0.50,-0.017866374201173207,0.07721475710556279,-0.49040333247963036
2022-02-15,Shrunk Max Sharpe λ=0.50,-0.01662808452079456,0.07721840116739775,-0.4743439901247171
2022-02-16,Shrunk Max Sharpe λ=0.50,-0.010674547033186599,0.07728008664603551,-0.39692692340893243
2022-02-17,Shrunk Max Sharpe λ=0.50,-0.007604329584599778,0.07713630455920266,-0.3578642993379759
2022-02-18,Shrunk Max Sharpe λ=0.50,-0.0004478595286592224,0.07689621903809253,-0.26591501876743573
2022-02-22,Shrunk Max Sharpe λ=0.50,-0.0013422129450666453,0.07691807837926846,-0.2774667983751783
2022-02-23,Shrunk Max Sharpe λ=0.50,-0.012066757108155302,0.07765784648928509,-0.41292359443137205
2022-02-24,Shrunk Max Sharpe λ=0.50,0.014442756059947603,0.0753709253442881,-0.07373193197068192
2022-02-25,Shrunk Max Sharpe λ=0.50,0.010873454220551082,0.07501712279140664,-0.1216595017223772
2022-02-28,Shrunk Max Sharpe λ=0.50,0.017664240737077064,0.07562197301172127,-0.030887309202589808
2022-03-01,Shrunk Max Sharpe λ=0.50,0.02507895040336905,0.07571342553992719,0.0670812391217286
2022-03-02,Shrunk Max Sharpe λ=0.50,0.028310710420364815,0.07526937570245597,0.11041290488734111
2022-03-03,Shrunk Max Sharpe λ=0.50,0.04047825360783164,0.07469866487102413,0.2741448410515731
2022-03-04,Shrunk Max Sharpe λ=0.50,0.04393250409096505,0.07492746781681066,0.3194089535959946
2022-03-07,Shrunk Max Sharpe λ=0.50,0.04514787359353023,0.07477366460169169,0.3363199293158795
2022-03-08,Shrunk Max Sharpe λ=0.50,0.027555894079188015,0.07299077122909553,0.10351848530922343
2022-03-09,Shrunk Max Sharpe λ=0.50,0.02370012802239785,0.0729645618520476,0.05071130324746837
2022-03-10,Shrunk Max Sharpe λ=0.50,0.014331885143599399,0.0731400567497904,-0.07749672489031594
2022-03-11,Shrunk Max Sharpe λ=0.50,0.019004063855795783,0.0726709577180402,-0.013704733988347881
2022-03-14,Shrunk Max Sharpe λ=0.50,-0.0012387942871788793,0.07409828388774191,-0.28663004286786753
2022-03-15,Shrunk Max Sharpe λ=0.50,0.002444670468916277,0.07415652822645812,-0.23673343333271368
2022-03-16,Shrunk Max Sharpe λ=0.50,0.013370407645027393,0.07492951711472742,-0.08847771359345326
2022-03-17,Shrunk Max Sharpe λ=0.50,0.028504264300702742,0.07388750528295063,0.11509746158211517
2022-03-18,Shrunk Max Sharpe λ=0.50,0.0315781395818262,0.07406308498225427,0.1563280760530075
2022-03-21,Shrunk Max Sharpe λ=0.50,0.01640817971613462,0.0741819908001329,-0.04841903331420093
2022-03-22,Shrunk Max Sharpe λ=0.50,0.013955331175345531,0.07420304844974596,-0.08146119264558549
2022-03-23,Shrunk Max Sharpe λ=0.50,0.021409097384462505,0.07439886753267626,0.018939769262531103
2022-03-24,Shrunk Max Sharpe λ=0.50,0.02668388476633754,0.07442046765990336,0.08981245316654625
2022-03-25,Shrunk Max Sharpe λ=0.50,0.018369451020042282,0.07465810783840847,-0.02184021303469024
2022-03-28,Shrunk Max Sharpe λ=0.50,0.026554348592447097,0.07442144982283529,0.08807069209280544
2022-03-29,Shrunk Max Sharpe λ=0.50,0.035175495131251955,0.07475188674307033,0.2030115331190454
2022-03-30,Shrunk Max Sharpe λ=0.50,0.03346140155707711,0.07468668428307404,0.18023830735417737
2022-03-31,Shrunk Max Sharpe λ=0.50,0.01951232605239195,0.07398552862684532,-0.006591477504576506
2022-04-01,Shrunk Max Sharpe λ=0.50,0.014798794200861165,0.0740139847872446,-0.07027328435416437
2022-04-04,Shrunk Max Sharpe λ=0.50,0.013947429810848178,0.07396751080078479,-0.08182741481531113
2022-04-05,Shrunk Max Sharpe λ=0.50,0.0021362581804234004,0.07516553174913675,-0.23765869014532395
2022-04-06,Shrunk Max Sharpe λ=0.50,-0.01028031682157382,0.07510603411279419,-0.4031675640881112
2022-04-07,Shrunk Max Sharpe λ=0.50,-0.008921744366563455,0.07509717555761589,-0.3851242626878048
2022-04-08,Shrunk Max Sharpe λ=0.50,-0.011275459289000755,0.07517413836956105,-0.4160401431573253
2022-04-11,Shrunk Max Sharpe λ=0.50,-0.025515260602726464,0.07536308161907866,-0.6039463836256396
2022-04-12,Shrunk Max Sharpe λ=0.50,-0.019756362988310183,0.07530133238557365,-0.5279636060719527
2022-04-13,Shrunk Max Sharpe λ=0.50,-0.02470733321260621,0.07467954500216491,-0.5986556721965858
2022-04-14,Shrunk Max Sharpe λ=0.50,-0.03406884472859839,0.07551625181520093,-0.7159895178711013
2022-04-18,Shrunk Max Sharpe λ=0.50,-0.03149073603398689,0.07544836634859103,-0.6824632331479031
2022-04-19,Shrunk Max Sharpe λ=0.50,-0.033922251826575045,0.07546050654745114,-0.7145757998943144
2022-04-20,Shrunk Max Sharpe λ=0.50,-0.03338302511213531,0.07549701991585168,-0.7070878449458743
2022-04-21,Shrunk Max Sharpe λ=0.50,-0.03956599019734841,0.07594669916697327,-0.7843130886622088
2022-04-22,Shrunk Max Sharpe λ=0.50,-0.05165705996568137,0.07670254319743677,-0.9342201311530436
2022-04-25,Shrunk Max Sharpe λ=0.50,-0.051157287516940264,0.0767113976338707,-0.9275973285816121
2022-04-26,Shrunk Max Sharpe λ=0.50,-0.051892575699194254,0.07675845765117782,-0.9366078722673644
2022-04-27,Shrunk Max Sharpe λ=0.50,-0.05732103453588244,0.07692340788122501,-1.0051691242706173
2022-04-28,Shrunk Max Sharpe λ=0.50,-0.04770195504522401,0.07753684663621896,-0.8731584786116272
2022-04-29,Shrunk Max Sharpe λ=0.50,-0.06107946357202387,0.07895824529478093,-1.0268650635449614
2022-05-02,Shrunk Max Sharpe λ=0.50,-0.06949912191853047,0.07919614678013087,-1.1300943992515613
2022-05-03,Shrunk Max Sharpe λ=0.50,-0.06457268529686344,0.07923924398412426,-1.0673080792366942
2022-05-04,Shrunk Max Sharpe λ=0.50,-0.05203642917934881,0.08057251831875732,-0.8940570641513472
2022-05-05,Shrunk Max Sharpe λ=0.50,-0.07558250870139105,0.08283690818709062,-1.1538637884155931
2022-05-06,Shrunk Max Sharpe λ=0.50,-0.08316400926770973,0.08299300288974679,-1.2430446625091924
2022-05-09,Shrunk Max Sharpe λ=0.50,-0.08550927905649397,0.08325062384862562,-1.2673692301494486
2022-05-10,Shrunk Max Sharpe λ=0.50,-0.08071871029789568,0.08323446996563713,-1.210060090963237
2022-05-11,Shrunk Max Sharpe λ=0.50,-0.0691961008630202,0.08249057561943049,-1.081288379832935
2022-05-12,Shrunk Max Sharpe λ=0.50,-0.07689553915913638,0.0824123966496487,-1.1757398534477572
2022-05-13,Shrunk Max Sharpe λ=0.50,-0.08317929248871136,0.08190569333076764,-1.259732849974574
2022-05-16,Shrunk Max Sharpe λ=0.50,-0.08140921317599281,0.08192715150378274,-1.2377973762618921
2022-05-17,Shrunk Max Sharpe λ=0.50,-0.07851576674792693,0.0819044880204139,-1.2028128021918998
2022-05-18,Shrunk Max Sharpe λ=0.50,-0.08331224913063473,0.08215226233176821,-1.2575703480132157
2022-05-19,Shrunk Max Sharpe λ=0.50,-0.08750384871794836,0.08180226643719678,-1.3141915670574218
2022-05-20,Shrunk Max Sharpe λ=0.50,-0.08472498407594176,0.08187431632740597,-1.2790944556673745
2022-05-23,Shrunk Max Sharpe λ=0.50,-0.08759488046233199,0.08172771218508543,-1.316504250341258
2022-05-24,Shrunk Max Sharpe λ=0.50,-0.08822477848526722,0.08168799365639128,-1.3248553874452969
2022-05-25,Shrunk Max Sharpe λ=0.50,-0.08541107325420261,0.08174808674133562,-1.2894622670221088
2022-05-26,Shrunk Max Sharpe λ=0.50,-0.0786905052399528,0.08191730902529963,-1.204757656400467
2022-05-27,Shrunk Max Sharpe λ=0.50,-0.07134318107032145,0.08242027792481271,-1.108261017436129
2022-05-31,Shrunk Max Sharpe λ=0.50,-0.08006483822853361,0.08302461070684519,-1.2052430884844063
2022-06-01,Shrunk Max Sharpe λ=0.50,-0.084226348931701,0.08300987635649165,-1.2555897383113035
2022-06-02,Shrunk Max Sharpe λ=0.50,-0.0680272857376617,0.08352729357239302,-1.0538745118249109
2022-06-03,Shrunk Max Sharpe λ=0.50,-0.08588448989877118,0.08350515695336762,-1.2679994117956213
2022-06-06,Shrunk Max Sharpe λ=0.50,-0.08960433961567471,0.08359611946758082,-1.3111175532278154
2022-06-07,Shrunk Max Sharpe λ=0.50,-0.08511799939878972,0.08388574005716024,-1.2531092808761264
2022-06-08,Shrunk Max Sharpe λ=0.50,-0.09203171468063187,0.0839812356920115,-1.3340088861217911
2022-06-09,Shrunk Max Sharpe λ=0.50,-0.10417357900736668,0.08422155100540203,-1.4743682290937874
2022-06-10,Shrunk Max Sharpe λ=0.50,-0.11031660365325957,0.08464932177628717,-1.539487864978561
2022-06-13,Shrunk Max Sharpe λ=0.50,-0.13335571425548787,0.08921013401231542,-1.719039164702041
2022-06-14,Shrunk Max Sharpe λ=0.50,-0.13760845701032987,0.08939551015319551,-1.7630466758368404
2022-06-15,Shrunk Max Sharpe λ=0.50,-0.11850109099001938,0.09057216124630396,-1.529179486104747
2022-06-16,Shrunk Max Sharpe λ=0.50,-0.12248429520861615,0.09068298649583424,-1.5712351424945794
2022-06-17,Shrunk Max Sharpe λ=0.50,-0.12459539295694766,0.09064852311952423,-1.5951213321621578
2022-06-21,Shrunk Max Sharpe λ=0.50,-0.12172154915022226,0.09073939080805561,-1.561852552548111
2022-06-22,Shrunk Max Sharpe λ=0.50,-0.11729869367278978,0.09101144087855942,-1.5085871880217068
2022-06-23,Shrunk Max Sharpe λ=0.50,-0.11227089072873253,0.09112219212918873,-1.4515771365685004
2022-06-24,Shrunk Max Sharpe λ=0.50,-0.10711999514970616,0.09144596159432561,-1.390110541060724
2022-06-27,Shrunk Max Sharpe λ=0.50,-0.1094609038659703,0.0915200061822755,-1.4145639764067535
2022-06-28,Shrunk Max Sharpe λ=0.50,-0.1195525712103016,0.09163039734876147,-1.52299428189905
2022-06-29,Shrunk Max Sharpe λ=0.50,-0.11557496003026002,0.09171537401623862,-1.478214110605446
2022-06-30,Shrunk Max Sharpe λ=0.50,-0.11914824339365127,0.09167911389568414,-1.5177747414965117
2022-07-01,Shrunk Max Sharpe λ=0.50,-0.11482322364724185,0.09189469100090027,-1.4671492137224882
2022-07-05,Shrunk Max Sharpe λ=0.50,-0.11952421933738344,0.09169116679785949,-1.5216756881824367
2022-07-06,Shrunk Max Sharpe λ=0.50,-0.1292595408045002,0.09167689294117565,-1.6281042694179477
2022-07-07,Shrunk Max Sharpe λ=0.50,-0.12852860174000547,0.09172562565058347,-1.6192705221309185
2022-07-08,Shrunk Max Sharpe λ=0.50,-0.12998537748231775,0.09173464868427322,-1.6349915722523598
2022-07-11,Shrunk Max Sharpe λ=0.50,-0.1328418045541565,0.09185360566865533,-1.663971745491458
2022-07-12,Shrunk Max Sharpe λ=0.50,-0.13606755815063287,0.09189904341271006,-1.6982500835155374
2022-07-13,Shrunk Max Sharpe λ=0.50,-0.13124655499173432,0.09190551496532064,-1.6456744195253707
2022-07-14,Shrunk Max Sharpe λ=0.50,-0.14108947519245152,0.09178609402221737,-1.75505316909399
2022-07-15,Shrunk Max Sharpe λ=0.50,-0.13724840001780114,0.09205555948576584,-1.7081901505591934
2022-07-18,Shrunk Max Sharpe λ=0.50,-0.13740726896095656,0.09206234885012905,-1.7097898427206586
2022-07-19,Shrunk Max Sharpe λ=0.50,-0.13337576882953683,0.09247204615838073,-1.658617660161253
2022-07-20,Shrunk Max Sharpe λ=0.50,-0.13190639699055318,0.09250536688677094,-1.6421360414308792
2022-07-21,Shrunk Max Sharpe λ=0.50,-0.11735479924205716,0.09348869743717435,-1.4692128889095006
2022-07-22,Shrunk Max Sharpe λ=0.50,-0.12177672142345985,0.09337096047466673,-1.5184241513926218
2022-07-25,Shrunk Max Sharpe λ=0.50,-0.1254008619445509,0.0934331187759399,-1.5562025954975751
2022-07-26,Shrunk Max Sharpe λ=0.50,-0.1304475681820474,0.09363984352327953,-1.6066618922173341
2022-07-27,Shrunk Max Sharpe λ=0.50,-0.11753820402388904,0.09531261047012086,-1.4430221074157368
2022-07-28,Shrunk Max Sharpe λ=0.50,-0.10949286147604309,0.09593565477704596,-1.3497886867711897
2022-07-29,Shrunk Max Sharpe λ=0.50,-0.10321764036846404,0.09623090185677244,-1.2804373438363692
2022-08-01,Shrunk Max Sharpe λ=0.50,-0.09854701103259678,0.09637002621539686,-1.230123262264473
2022-08-02,Shrunk Max Sharpe λ=0.50,-0.10901430998407491,0.09666771129161073,-1.3346163704536922
2022-08-03,Shrunk Max Sharpe λ=0.50,-0.10082716954747106,0.09732835845123025,-1.2414384817557127
2022-08-04,Shrunk Max Sharpe λ=0.50,-0.09380910401828335,0.09765393493878056,-1.1654328531628602
2022-08-05,Shrunk Max Sharpe λ=0.50,-0.10271968761789785,0.09828341945180356,-1.2486306266346114
2022-08-08,Shrunk Max Sharpe λ=0.50,-0.0896176181881515,0.09794350472274717,-1.119192319066494
2022-08-09,Shrunk Max Sharpe λ=0.50,-0.08858754860555251,0.09790199469877463,-1.109145415674678
2022-08-10,Shrunk Max Sharpe λ=0.50,-0.07989526973771077,0.09821060748744309,-1.0171535671488752
2022-08-11,Shrunk Max Sharpe λ=0.50,-0.08773412905064826,0.09831855961109207,-1.0957659416167236
2022-08-12,Shrunk Max Sharpe λ=0.50,-0.07809825309783924,0.09895483640721726,-0.9913436943510975
2022-08-15,Shrunk Max Sharpe λ=0.50,-0.08633069931265192,0.09857046503311867,-1.078727783996209
2022-08-16,Shrunk Max Sharpe λ=0.50,-0.08939193526405798,0.09853543929382612,-1.1101785920683676
2022-08-17,Shrunk Max Sharpe λ=0.50,-0.0946422057189551,0.09882028959690672,-1.160107971617841
2022-08-18,Shrunk Max Sharpe λ=0.50,-0.09228909345492464,0.09881520540301458,-1.1363544000840484
2022-08-19,Shrunk Max Sharpe λ=0.50,-0.1053569792600314,0.0994346366788411,-1.2606973127977081
2022-08-22,Shrunk Max Sharpe λ=0.50,-0.11768131602887122,0.10004911412904295,-1.3761372824480025
2022-08-23,Shrunk Max Sharpe λ=0.50,-0.12100606874366338,0.09993704326276345,-1.4109489748752877
2022-08-24,Shrunk Max Sharpe λ=0.50,-0.11873073730501804,0.09992513597327256,-1.3883467453286726
2022-08-25,Shrunk Max Sharpe λ=0.50,-0.10710857160090381,0.10035288800791724,-1.2666159801088703
2022-08-26,Shrunk Max Sharpe λ=0.50,-0.12112621375897192,0.10161454396415813,-1.3888387257708945
2022-08-29,Shrunk Max Sharpe λ=0.50,-0.13199683485744573,0.10141024241822968,-1.4988311952809463
2022-08-30,Shrunk Max Sharpe λ=0.50,-0.13909375257970247,0.10152521005864892,-1.567036921054361
2022-08-31,Shrunk Max Sharpe λ=0.50,-0.14264015760934157,0.1016738191627146,-1.5996267175629444
2022-09-01,Shrunk Max Sharpe λ=0.50,-0.146323010771378,0.10170576446289872,-1.635335142012044
2022-09-02,Shrunk Max Sharpe λ=0.50,-0.1497052866603822,0.10170343964960048,-1.668628782321118
2022-09-06,Shrunk Max Sharpe λ=0.50,-0.15482834399823453,0.10189733073118158,-1.7157303605867207
2022-09-07,Shrunk Max Sharpe λ=0.50,-0.13678775766356344,0.10272667691371608,-1.5262613604765511
2022-09-08,Shrunk Max Sharpe λ=0.50,-0.13794806839567997,0.10270652390581245,-1.537858184554343
2022-09-09,Shrunk Max Sharpe λ=0.50,-0.1315244551103163,0.10329271252059581,-1.4669423564620148
2022-09-12,Shrunk Max Sharpe λ=0.50,-0.12067702235618138,0.1034158571309605,-1.3603041763511687
2022-09-13,Shrunk Max Sharpe λ=0.50,-0.14947853895867802,0.10750956543904669,-1.5764042786942998
2022-09-14,Shrunk Max Sharpe λ=0.50,-0.15104317672534517,0.1074469931244226,-1.591884256149251
2022-09-15,Shrunk Max Sharpe λ=0.50,-0.16213591265624427,0.10821944040743438,-1.68302397397845
2022-09-16,Shrunk Max Sharpe λ=0.50,-0.15823096100910727,0.10808374406598144,-1.6490080219677008
2022-09-19,Shrunk Max Sharpe λ=0.50,-0.15124624812754395,0.10808643454564681,-1.5843454254680185
2022-09-20,Shrunk Max Sharpe λ=0.50,-0.15892714937641206,0.10829223632643548,-1.6522620221550797
2022-09-21,Shrunk Max Sharpe λ=0.50,-0.16508616176454605,0.10844614272106724,-1.7067104197574225
2022-09-22,Shrunk Max Sharpe λ=0.50,-0.1750127849476073,0.10865564564536784,-1.7947782076974939
2022-09-23,Shrunk Max Sharpe λ=0.50,-0.1798029121374739,0.10915966719627594,-1.830373042253928
2022-09-26,Shrunk Max Sharpe λ=0.50,-0.18561077950016958,0.10953227616975011,-1.8771706997261668
2022-09-27,Shrunk Max Sharpe λ=0.50,-0.18470674379801277,0.10952295265218535,-1.8690761967320662
2022-09-28,Shrunk Max Sharpe λ=0.50,-0.15757741356437627,0.11100102934890466,-1.5997816831608378
2022-09-29,Shrunk Max Sharpe λ=0.50,-0.16920564454152853,0.11177042224234088,-1.6928060281573638
2022-09-30,Shrunk Max Sharpe λ=0.50,-0.17717350930863374,0.11203857593685737,-1.7598716126109692
2022-10-03,Shrunk Max Sharpe λ=0.50,-0.16433795873137202,0.11410307697386252,-1.6155388936058064
2022-10-04,Shrunk Max Sharpe λ=0.50,-0.1440503013451977,0.1159615227349806,-1.414695991187694
2022-10-05,Shrunk Max Sharpe λ=0.50,-0.14640870996083422,0.11601462091304132,-1.4343770522300439
2022-10-06,Shrunk Max Sharpe λ=0.50,-0.15383411335687514,0.11608029867537498,-1.4975333053114543
2022-10-07,Shrunk Max Sharpe λ=0.50,-0.16959039210768445,0.11787461940547767,-1.608407247157348
2022-10-10,Shrunk Max Sharpe λ=0.50,-0.1755008613163127,0.1182358262379515,-1.6534824302987834
2022-10-11,Shrunk Max Sharpe λ=0.50,-0.17717227774837985,0.11829964212309838,-1.6667191397181862
2022-10-12,Shrunk Max Sharpe λ=0.50,-0.18052150135022393,0.11814965512158726,-1.6971822824524387
2022-10-13,Shrunk Max Sharpe λ=0.50,-0.17888404148325632,0.118304530438935,-1.6811194021509925
2022-10-14,Shrunk Max Sharpe λ=0.50,-0.19904693887673475,0.11939482873194655,-1.8346434364298745
2022-10-17,Shrunk Max Sharpe λ=0.50,-0.18284204067540166,0.1205394885412595,-1.6827849788492406
2022-10-18,Shrunk Max Sharpe λ=0.50,-0.17917530515865987,0.12070279272745588,-1.6501300480129992
2022-10-19,Shrunk Max Sharpe λ=0.50,-0.18451532332074017,0.12095199920201248,-1.690880057130443
2022-10-20,Shrunk Max Sharpe λ=0.50,-0.18887024445303058,0.12102794737627316,-1.7258017588587014
2022-10-21,Shrunk Max Sharpe λ=0.50,-0.17417087258294295,0.12242342684966807,-1.5860597728682955
2022-10-24,Shrunk Max Sharpe λ=0.50,-0.17341508848057596,0.12245917366880824,-1.5794250662156886
2022-10-25,Shrunk Max Sharpe λ=0.50,-0.16547503014119647,0.12312530319393866,-1.5063924744132302
2022-10-26,Shrunk Max Sharpe λ=0.50,-0.1711444627551183,0.1231845446565233,-1.5516919211585212
2022-10-27,Shrunk Max Sharpe λ=0.50,-0.18068899429583873,0.12309133555444386,-1.6304071557260265
2022-10-28,Shrunk Max Sharpe λ=0.50,-0.17324627809053983,0.1235325828958625,-1.5643344740346417
2022-10-31,Shrunk Max Sharpe λ=0.50,-0.18008294852887252,0.12376121322234877,-1.6166854163703495
2022-11-01,Shrunk Max Sharpe λ=0.50,-0.18056688379490238,0.12376182302945668,-1.6205876649632516
2022-11-02,Shrunk Max Sharpe λ=0.50,-0.20183463708102067,0.12573008660376275,-1.7643719420963302
2022-11-03,Shrunk Max Sharpe λ=0.50,-0.20818203473424246,0.12610427964699067,-1.8094709820555066
2022-11-04,Shrunk Max Sharpe λ=0.50,-0.19888854944715917,0.12747733599588634,-1.717078159322553
2022-11-07,Shrunk Max Sharpe λ=0.50,-0.20110715068097007,0.12730829836935345,-1.736785060463871
2022-11-08,Shrunk Max Sharpe λ=0.50,-0.19141602392346457,0.12783750896917406,-1.6537871054296287
2022-11-09,Shrunk Max Sharpe λ=0.50,-0.20881769055395216,0.1288004737671625,-1.7765283299158865
2022-11-10,Shrunk Max Sharpe λ=0.50,-0.15883828798437516,0.13974465204020284,-1.279750497592749
2022-11-11,Shrunk Max Sharpe λ=0.50,-0.14899169898111297,0.1402487375669116,-1.2049427461012852
2022-11-14,Shrunk Max Sharpe λ=0.50,-0.15542368942820728,0.1403157682060144,-1.2502065282545203
2022-11-15,Shrunk Max Sharpe λ=0.50,-0.14345493122418784,0.14059803022311365,-1.1625691410100325
2022-11-16,Shrunk Max Sharpe λ=0.50,-0.15041005006290353,0.1408402133736173,-1.2099530807358558
2022-11-17,Shrunk Max Sharpe λ=0.50,-0.15783943642385678,0.14081975066714938,-1.262887028142874
2022-11-18,Shrunk Max Sharpe λ=0.50,-0.15971879139614087,0.14079238596643406,-1.276480898895961
2022-11-21,Shrunk Max Sharpe λ=0.50,-0.16727021602809977,0.14086960656571862,-1.3293869457975258
2022-11-22,Shrunk Max Sharpe λ=0.50,-0.1506077920277228,0.14094306357054806,-1.2104731350778837
2022-11-23,Shrunk Max Sharpe λ=0.50,-0.13907390961023036,0.1410263550873657,-1.1279729204635844
2022-11-25,Shrunk Max Sharpe λ=0.50,-0.14531065413316469,0.1408893778287548,-1.1733365331067962
2022-11-28,Shrunk Max Sharpe λ=0.50,-0.16089992203638404,0.14138373219192676,-1.279496015785002
2022-11-29,Shrunk Max Sharpe λ=0.50,-0.16266970297154304,0.1413731785560706,-1.2921100369763112
2022-11-30,Shrunk Max Sharpe λ=0.50,-0.13780957140859362,0.1445967929893845,-1.0913767044624505
2022-12-01,Shrunk Max Sharpe λ=0.50,-0.1309827581484807,0.144779656598436,-1.0428451185462455
2022-12-02,Shrunk Max Sharpe λ=0.50,-0.134726478166588,0.144770449003177,-1.0687711423979385
2022-12-05,Shrunk Max Sharpe λ=0.50,-0.15144862870436726,0.14561892031100382,-1.1773787934850632
2022-12-06,Shrunk Max Sharpe λ=0.50,-0.15675494366378706,0.14584939839162034,-1.2119003959768295
2022-12-07,Shrunk Max Sharpe λ=0.50,-0.1587048174683784,0.14579101798629102,-1.2257601321172085
2022-12-08,Shrunk Max Sharpe λ=0.50,-0.15017376281713135,0.14587195260718136,-1.1665968664681712
2022-12-09,Shrunk Max Sharpe λ=0.50,-0.1520209346618887,0.14590388594034917,-1.179001734965559
2022-12-12,Shrunk Max Sharpe λ=0.50,-0.14988325732878127,0.1459875864486395,-1.163682895658725
2022-12-13,Shrunk Max Sharpe λ=0.50,-0.1422267908300412,0.1464581651133369,-1.1076664158976846
2022-12-14,Shrunk Max Sharpe λ=0.50,-0.14195012026278897,0.14644893955236138,-1.1058469986727715
2022-12-15,Shrunk Max Sharpe λ=0.50,-0.1634558927757913,0.1479816831077484,-1.2397202743140407
2022-12-16,Shrunk Max Sharpe λ=0.50,-0.16509171183314586,0.14801342676495033,-1.2505062268916787
2022-12-19,Shrunk Max Sharpe λ=0.50,-0.17315273811777143,0.1482029037322356,-1.3032992826290946
2022-12-20,Shrunk Max Sharpe λ=0.50,-0.1648492270749522,0.14821152698814674,-1.247198722200167
2022-12-21,Shrunk Max Sharpe λ=0.50,-0.1605266465519578,0.14844100945057484,-1.2161507606297048
2022-12-22,Shrunk Max Sharpe λ=0.50,-0.17801980825792707,0.14902175174004242,-1.328798017375062
2022-12-23,Shrunk Max Sharpe λ=0.50,-0.17511937342106354,0.1490647695296607,-1.3089569992743253
2022-12-27,Shrunk Max Sharpe λ=0.50,-0.1824770483999968,0.14897487742491958,-1.3591355260690934
2022-12-28,Shrunk Max Sharpe λ=0.50,-0.18810881166400173,0.14920975785405888,-1.3947399597521741
2022-12-29,Shrunk Max Sharpe λ=0.50,-0.17237748453370982,0.1499842745410807,-1.2826510320654823
2022-12-30,Shrunk Max Sharpe λ=0.50,-0.17522038509213245,0.1499276458397504,-1.3020973149994832
2023-01-03,Shrunk Max Sharpe λ=0.50,-0.17502497334921496,0.1499286044426321,-1.3007856244259133
2023-01-04,Shrunk Max Sharpe λ=0.50,-0.1607779215697802,0.1498678833834603,-1.2062485803394698
2023-01-05,Shrunk Max Sharpe λ=0.50,-0.1692134527341863,0.15029152901268417,-1.258976164373291
2023-01-06,Shrunk Max Sharpe λ=0.50,-0.1423174435746768,0.15171102111574547,-1.0699120102213229
2023-01-09,Shrunk Max Sharpe λ=0.50,-0.13822780110574717,0.1517385605089794,-1.0427659296028695
2023-01-10,Shrunk Max Sharpe λ=0.50,-0.13001736643125372,0.15179506674421842,-0.9882888136545294
2023-01-11,Shrunk Max Sharpe λ=0.50,-0.12251989564790611,0.1521141197060578,-0.9369274589585018
2023-01-12,Shrunk Max Sharpe λ=0.50,-0.12274842786116835,0.15210081923441826,-0.9385118934906196
2023-01-13,Shrunk Max Sharpe λ=0.50,-0.11751738798885347,0.15224940800976944,-0.9032375874987267
2023-01-17,Shrunk Max Sharpe λ=0.50,-0.11739558354458868,0.15224774043116385,-0.902447439649915
2023-01-18,Shrunk Max Sharpe λ=0.50,-0.11954860416188728,0.1523512331258902,-0.9159663581231148
2023-01-19,Shrunk Max Sharpe λ=0.50,-0.10924877071680839,0.15190105018868572,-0.850874767200493
2023-01-20,Shrunk Max Sharpe λ=0.50,-0.10006083789533982,0.1524031227810309,-0.7877846313414477
2023-01-23,Shrunk Max Sharpe λ=0.50,-0.08930702339856578,0.1527872882138163,-0.7154196181923028
2023-01-24,Shrunk Max Sharpe λ=0.50,-0.08708588269610973,0.15278457800558176,-0.7008945804215757
2023-01-25,Shrunk Max Sharpe λ=0.50,-0.08573898361567944,0.15278955676901093,-0.6920563541887677
2023-01-26,Shrunk Max Sharpe λ=0.50,-0.0753142830064949,0.15284052765118294,-0.6236191700674045
2023-01-27,Shrunk Max Sharpe λ=0.50,-0.0648158583042936,0.1526716606153533,-0.5555442179801912
2023-01-30,Shrunk Max Sharpe λ=0.50,-0.07692394644138822,0.15302787936407847,-0.633374433757853
2023-01-31,Shrunk Max Sharpe λ=0.50,-0.07451592888111058,0.15319090397029772,-0.6169813378700104
2023-02-01,Shrunk Max Sharpe λ=0.50,-0.06756052139096347,0.15370009654097364,-0.5696842315751014
2023-02-02,Shrunk Max Sharpe λ=0.50,-0.06085303433214073,0.15392474120543786,-0.5252764026039782
2023-02-03,Shrunk Max Sharpe λ=0.50,-0.08117854810062142,0.1547488782880989,-0.6538241131044285
2023-02-06,Shrunk Max Sharpe λ=0.50,-0.07387345863823302,0.15432723193654607,-0.6082753993593981
2023-02-07,Shrunk Max Sharpe λ=0.50,-0.061569744868194665,0.15461388826088215,-0.5275706198563541
2023-02-08,Shrunk Max Sharpe λ=0.50,-0.06802319986999428,0.1547669659835068,-0.5687466915864638
2023-02-09,Shrunk Max Sharpe λ=0.50,-0.07604834498148738,0.15495875667862513,-0.619831670311383
2023-02-10,Shrunk Max Sharpe λ=0.50,-0.08311250924395408,0.15480988427727166,-0.6660589517609535
2023-02-13,Shrunk Max Sharpe λ=0.50,-0.06444798681631536,0.1544173260708045,-0.5468815512165629
2023-02-14,Shrunk Max Sharpe λ=0.50,-0.06497407974891745,0.15440955435937673,-0.5503162035630684
2023-02-15,Shrunk Max Sharpe λ=0.50,-0.060492072121156926,0.15433515502699283,-0.5215407475184709
2023-02-16,Shrunk Max Sharpe λ=0.50,-0.07066114991213757,0.15464481549347087,-0.5862540533469439
2023-02-17,Shrunk Max Sharpe λ=0.50,-0.07553194965326981,0.15459744036731402,-0.6179400475602428
2023-02-21,Shrunk Max Sharpe λ=0.50,-0.08759365924660378,0.15529616671707813,-0.6928288155535752
2023-02-22,Shrunk Max Sharpe λ=0.50,-0.09004369636468734,0.15529639319794772,-0.7086043281405817
2023-02-23,Shrunk Max Sharpe λ=0.50,-0.08396714338063815,0.15535376222391653,-0.669228359148373
2023-02-24,Shrunk Max Sharpe λ=0.50,-0.08405592866715994,0.1553602282786712,-0.6697719861772717
2023-02-27,Shrunk Max Sharpe λ=0.50,-0.08584944572374642,0.1552855662828741,-0.6816438144091708
2023-02-28,Shrunk Max Sharpe λ=0.50,-0.0909981807357847,0.15516704850245505,-0.7153463432284625
2023-03-01,Shrunk Max Sharpe λ=0.50,-0.1016818368759167,0.15481421542489948,-0.7859861999232537
2023-03-02,Shrunk Max Sharpe λ=0.50,-0.10150139421414994,0.15482096306689294,-0.7847864514423235
2023-03-03,Shrunk Max Sharpe λ=0.50,-0.07913228331221456,0.1553983764321874,-0.6379235458452412
2023-03-06,Shrunk Max Sharpe λ=0.50,-0.08353924619567321,0.15539030484190278,-0.6663172860174007
2023-03-07,Shrunk Max Sharpe λ=0.50,-0.10323544763863846,0.15588184209166328,-0.7905696134009775
2023-03-08,Shrunk Max Sharpe λ=0.50,-0.09320188632501591,0.15564699963377604,-0.7272988659683142
2023-03-09,Shrunk Max Sharpe λ=0.50,-0.10211945306163062,0.15598169648673962,-0.7829088656694556
2023-03-10,Shrunk Max Sharpe λ=0.50,-0.10543918897977012,0.15604640337834633,-0.8038582515460692
2023-03-13,Shrunk Max Sharpe λ=0.50,-0.09378670173833603,0.15612525887576578,-0.728816737007815
2023-03-14,Shrunk Max Sharpe λ=0.50,-0.07823051983796159,0.15653517588424254,-0.6275300058473942
2023-03-15,Shrunk Max Sharpe λ=0.50,-0.06367470009316811,0.15582121225614967,-0.5369917155798908
2023-03-16,Shrunk Max Sharpe λ=0.50,-0.0523607113311606,0.15654359568508672,-0.462239997838852
2023-03-17,Shrunk Max Sharpe λ=0.50,-0.06140452413844688,0.15616460337145618,-0.5212738506741921
2023-03-20,Shrunk Max Sharpe λ=0.50,-0.05847308153169217,0.15624492361932965,-0.5022440391271948
2023-03-21,Shrunk Max Sharpe λ=0.50,-0.05991144857581676,0.15619190013679474,-0.5116235125242049
2023-03-22,Shrunk Max Sharpe λ=0.50,-0.0589939524650831,0.15614700469003834,-0.5058947664214954
2023-03-23,Shrunk Max Sharpe λ=0.50,-0.05006930910645735,0.15633723317764422,-0.44819335536556665
2023-03-24,Shrunk Max Sharpe λ=0.50,-0.054908137834093984,0.1562276726198792,-0.47948059762981005
2023-03-27,Shrunk Max Sharpe λ=0.50,-0.060705076501545996,0.1562235369552028,-0.5165999827842089
2023-03-28,Shrunk Max Sharpe λ=0.50,-0.05486622203451119,0.15611014297627143,-0.47957307966780083
2023-03-29,Shrunk Max Sharpe λ=0.50,-0.047711483876447636,0.15639507311408246,-0.43295151521209024
2023-03-30,Shrunk Max Sharpe λ=0.50,-0.047788089383472454,0.15639124588877387,-0.43345194290276096
2023-03-31,Shrunk Max Sharpe λ=0.50,-0.04089133134955425,0.15667033354117232,-0.3886589756544577
2023-04-03,Shrunk Max Sharpe λ=0.50,-0.03558034424661416,0.1566691229418182,-0.35476259267280696
2023-04-04,Shrunk Max Sharpe λ=0.50,-0.031854549654188324,0.15665242136561122,-0.331016585649608
2023-04-05,Shrunk Max Sharpe λ=0.50,-0.040224626260390695,0.1566819705921775,-0.38437496051889375
2023-04-06,Shrunk Max Sharpe λ=0.50,-0.025996282533852888,0.15611630047731248,-0.2946283148730986
2023-04-10,Shrunk Max Sharpe λ=0.50,-0.021222997564629864,0.15600970254693156,-0.26423355016800304
2023-04-11,Shrunk Max Sharpe λ=0.50,-0.02057011676859344,0.15601204035242927,-0.2600447803704512
2023-04-12,Shrunk Max Sharpe λ=0.50,-0.020076516189732163,0.1560011865668,-0.25689879078305167
2023-04-13,Shrunk Max Sharpe λ=0.50,0.0031688374388181284,0.15652454593010853,-0.10753049920168646
2023-04-14,Shrunk Max Sharpe λ=0.50,-0.006460203497519634,0.15669560046019027,-0.16886372954831017
2023-04-17,Shrunk Max Sharpe λ=0.50,-0.011570586818669182,0.15656762609324443,-0.20164185666241888
2023-04-18,Shrunk Max Sharpe λ=0.50,0.0008113531998816814,0.15614898566660979,-0.1228867848113184
2023-04-19,Shrunk Max Sharpe λ=0.50,2.3603937316707402e-05,0.1561548145686257,-0.1279268661543844
2023-04-20,Shrunk Max Sharpe λ=0.50,-0.001498035610054127,0.15617966377085513,-0.137649391034647
2023-04-21,Shrunk Max Sharpe λ=0.50,-0.008792572376521202,0.15611578491494163,-0.1844308850140208
2023-04-24,Shrunk Max Sharpe λ=0.50,0.0003791321006196835,0.15587455990412197,-0.12587601152778916
2023-04-25,Shrunk Max Sharpe λ=0.50,4.69114517176461e-05,0.15589835286687181,-0.12798780860321943
2023-04-26,Shrunk Max Sharpe λ=0.50,-0.0033447913162051313,0.15590689924047751,-0.14973546026463602
2023-04-27,Shrunk Max Sharpe λ=0.50,0.017423263524709798,0.1565785052285381,-0.01645651471464274
2023-04-28,Shrunk Max Sharpe λ=0.50,0.028536900984118097,0.1565795683987366,0.05452116819212652
2023-05-01,Shrunk Max Sharpe λ=0.50,0.016578706508034502,0.15631453793109856,-0.021887237983414957
2023-05-02,Shrunk Max Sharpe λ=0.50,0.0306636463362997,0.15557321655060186,0.06854422999495696
2023-05-03,Shrunk Max Sharpe λ=0.50,0.03839215649457328,0.15541489008688586,0.11834230609622416
2023-05-04,Shrunk Max Sharpe λ=0.50,0.034244121731031196,0.15539341672932494,0.09166489823595679
2023-05-05,Shrunk Max Sharpe λ=0.50,0.02710889262896532,0.15490770741744952,0.045891148655425394
2023-05-08,Shrunk Max Sharpe λ=0.50,0.04900389860092624,0.15356676483069295,0.18886833119720262
2023-05-09,Shrunk Max Sharpe λ=0.50,0.05422956822718872,0.15344489731906638,0.22307400783757114
2023-05-10,Shrunk Max Sharpe λ=0.50,0.06642904164102248,0.15310295207029095,0.30325373229711783
2023-05-11,Shrunk Max Sharpe λ=0.50,0.06054262917856135,0.15314037998155192,0.2647415997233735
2023-05-12,Shrunk Max Sharpe λ=0.50,0.05763735081160637,0.15315296576010437,0.24575006187317802
2023-05-15,Shrunk Max Sharpe λ=0.50,0.06632691711912386,0.1531603754246864,0.3024732538730568
2023-05-16,Shrunk Max Sharpe λ=0.50,0.054863977337446856,0.1533991384459952,0.22727622652014345
2023-05-17,Shrunk Max Sharpe λ=0.50,0.05872517615978312,0.15347379259990063,0.25232435781878365
2023-05-18,Shrunk Max Sharpe λ=0.50,0.05845052864060474,0.15347334595086864,0.2505355467581575
2023-05-19,Shrunk Max Sharpe λ=0.50,0.0700504673132647,0.1533546442302432,0.3263707308278193
2023-05-22,Shrunk Max Sharpe λ=0.50,0.06608742025683156,0.15332088114049944,0.3005945433785904
2023-05-23,Shrunk Max Sharpe λ=0.50,0.053568988681568896,0.1535566579309169,0.21860978959747307
2023-05-24,Shrunk Max Sharpe λ=0.50,0.041625330343852074,0.15385631162128774,0.14055536699126203
2023-05-25,Shrunk Max Sharpe λ=0.50,0.03930617665228309,0.15381779645599197,0.12551328322926975
2023-05-26,Shrunk Max Sharpe λ=0.50,0.047387673562586885,0.1541464583760371,0.1776730639881146
2023-05-30,Shrunk Max Sharpe λ=0.50,0.0413113374394225,0.15406720120926473,0.13832494698515338
2023-05-31,Shrunk Max Sharpe λ=0.50,0.02713786317706801,0.1539054970997157,0.04637822112645771
2023-06-01,Shrunk Max Sharpe λ=0.50,0.04838042713215085,0.15387125367391757,0.18444268474145514
2023-06-02,Shrunk Max Sharpe λ=0.50,0.05445965290762267,0.15388342463948176,0.22393349373627974
2023-06-05,Shrunk Max Sharpe λ=0.50,0.04396362045253466,0.1535114549905333,0.1561031419708219
2023-06-06,Shrunk Max Sharpe λ=0.50,0.05623918799812677,0.15318377509318823,0.23657327922673876
2023-06-07,Shrunk Max Sharpe λ=0.50,0.04948845849396566,0.15350370876149846,0.19210258000855485
2023-06-08,Shrunk Max Sharpe λ=0.50,0.05318576845334966,0.15370175767764538,0.21591014282965643
2023-06-09,Shrunk Max Sharpe λ=0.50,0.059440286317406166,0.1536050427507145,0.2567642677032015
2023-06-12,Shrunk Max Sharpe λ=0.50,0.07715070135355129,0.15353629508377764,0.37222925903198845
2023-06-13,Shrunk Max Sharpe λ=0.50,0.09034170843986256,0.1532652177898016,0.45895415446663174
2023-06-14,Shrunk Max Sharpe λ=0.50,0.12601792549709456,0.15047787614467756,0.7045416124504787
2023-06-15,Shrunk Max Sharpe λ=0.50,0.14509951585772973,0.15064552329353062,0.8304230562097431
2023-06-16,Shrunk Max Sharpe λ=0.50,0.12383139325933179,0.14997869694021923,0.6923076101982568
2023-06-20,Shrunk Max Sharpe λ=0.50,0.12219756572699825,0.15003866927458176,0.6811415098594964
2023-06-21,Shrunk Max Sharpe λ=0.50,0.11603809306375323,0.15017280297143176,0.6395172172555313
2023-06-22,Shrunk Max Sharpe λ=0.50,0.11313645977243691,0.15014040770067477,0.6203290719585434
2023-06-23,Shrunk Max Sharpe λ=0.50,0.09889395109019983,0.15013791908014748,0.5254765190137224
2023-06-26,Shrunk Max Sharpe λ=0.50,0.08932778318545331,0.15017469857853855,0.4616475600861365
2023-06-27,Shrunk Max Sharpe λ=0.50,0.08977677652487093,0.15019510107193304,0.46457425060390406
2023-06-28,Shrunk Max Sharpe λ=0.50,0.09463530779537921,0.15012091533024885,0.49716795045640416
2023-06-29,Shrunk Max Sharpe λ=0.50,0.10253044155663149,0.1499350674835252,0.5504412206017107
2023-06-30,Shrunk Max Sharpe λ=0.50,0.11120766767207813,0.15030469164172094,0.6068185009785888
2023-07-03,Shrunk Max Sharpe λ=0.50,0.11450636229640043,0.15029137228174577,0.6288209420247544
2023-07-05,Shrunk Max Sharpe λ=0.50,0.10495410572818442,0.15022098902092643,0.5655275356784527
2023-07-06,Shrunk Max Sharpe λ=0.50,0.09656440830761515,0.15041819018707817,0.509010301296608
2023-07-07,Shrunk Max Sharpe λ=0.50,0.10450691467546158,0.15028478358200248,0.5623118499508676
2023-07-10,Shrunk Max Sharpe λ=0.50,0.1003363477397683,0.150212724810326,0.5348171923597632
2023-07-11,Shrunk Max Sharpe λ=0.50,0.10836002758741414,0.15027787697190145,0.5879776143226688
2023-07-12,Shrunk Max Sharpe λ=0.50,0.12805875779846732,0.1506139790290935,0.7174550363455575
2023-07-13,Shrunk Max Sharpe λ=0.50,0.14257567406635774,0.15081296400176786,0.8127661628938005
2023-07-14,Shrunk Max Sharpe λ=0.50,0.13789424620966728,0.1508207246903308,0.7816846554194122
2023-07-17,Shrunk Max Sharpe λ=0.50,0.14846619193021127,0.15074317829544007,0.8522189420633792
2023-07-18,Shrunk Max Sharpe λ=0.50,0.15029596884866314,0.15082193685089912,0.8639059514099218
2023-07-19,Shrunk Max Sharpe λ=0.50,0.1556632461297982,0.15074949996212744,0.8999250157637715
2023-07-20,Shrunk Max Sharpe λ=0.50,0.13192676327921382,0.15090750788743795,0.7416911513951983
2023-07-21,Shrunk Max Sharpe λ=0.50,0.1277179092075893,0.15091450296237865,0.7137677764107416
2023-07-24,Shrunk Max Sharpe λ=0.50,0.11324717671291351,0.15036884573724757,0.6201229799678872
2023-07-25,Shrunk Max Sharpe λ=0.50,0.1193267838193326,0.1504206322609891,0.6603268602607286
2023-07-26,Shrunk Max Sharpe λ=0.50,0.12466867939217008,0.15035413501073383,0.6961476608854006
2023-07-27,Shrunk Max Sharpe λ=0.50,0.12365162929625928,0.15040035338573385,0.6891714478251425
2023-07-28,Shrunk Max Sharpe λ=0.50,0.11702901375722607,0.14983820154577773,0.647558584901877
2023-07-31,Shrunk Max Sharpe λ=0.50,0.10703514752223375,0.14949744139854917,0.5821848635536474
2023-08-01,Shrunk Max Sharpe λ=0.50,0.09304659734982512,0.1494700902107601,0.4887037750952439
2023-08-02,Shrunk Max Sharpe λ=0.50,0.06869957872268295,0.1504858964727502,0.3236155670674521
2023-08-03,Shrunk Max Sharpe λ=0.50,0.07542879422721871,0.15024015288188464,0.36893462342783656
2023-08-04,Shrunk Max Sharpe λ=0.50,0.061254283096410234,0.14987056169033347,0.2752660871562684
2023-08-07,Shrunk Max Sharpe λ=0.50,0.06131683332097193,0.1498734718174814,0.27567809579595454
2023-08-08,Shrunk Max Sharpe λ=0.50,0.06696008204368642,0.14954850462462957,0.3140123812107475
2023-08-09,Shrunk Max Sharpe λ=0.50,0.05543584698624415,0.1496326842015742,0.23681889538590092
2023-08-10,Shrunk Max Sharpe λ=0.50,0.06044941448440744,0.14959192427746662,0.27039838333372135
2023-08-11,Shrunk Max Sharpe λ=0.50,0.04842720169285353,0.1494669118317938,0.19019060034400634
2023-08-14,Shrunk Max Sharpe λ=0.50,0.05834344866564556,0.14937939968589817,0.25668498297804637
2023-08-15,Shrunk Max Sharpe λ=0.50,0.03467422601171943,0.14947856369348955,0.0981694341257479
2023-08-16,Shrunk Max Sharpe λ=0.50,0.025873378331597863,0.14976588032710625,0.03921706545422572
2023-08-17,Shrunk Max Sharpe λ=0.50,0.01770448397886315,0.15003804074580826,-0.015299560096401632
2023-08-18,Shrunk Max Sharpe λ=0.50,0.026441052335621995,0.14981107561269025,0.042994500301661166
2023-08-21,Shrunk Max Sharpe λ=0.50,0.033549795167337804,0.14999851873344922,0.09033285982921004
2023-08-22,Shrunk Max Sharpe λ=0.50,0.043728662529712414,0.1495303532279386,0.15868793203170803
2023-08-23,Shrunk Max Sharpe λ=0.50,0.06925294874378451,0.14953812832832758,0.3293671606992712
2023-08-24,Shrunk Max Sharpe λ=0.50,0.05146794585723535,0.15043219896287907,0.20918357954071015
2023-08-25,Shrunk Max Sharpe λ=0.50,0.05829811903727311,0.15057689998156043,0.25434259200423887
2023-08-28,Shrunk Max Sharpe λ=0.50,0.05706455540970756,0.15051016359717836,0.24625948523254687
2023-08-29,Shrunk Max Sharpe λ=0.50,0.09191045646711582,0.15039966964768164,0.4781290852271782
2023-08-30,Shrunk Max Sharpe λ=0.50,0.10100145233846947,0.15032462294712134,0.5388435423979928
2023-08-31,Shrunk Max Sharpe λ=0.50,0.10679066506544355,0.15018857461509952,0.5778779463608936
2023-09-01,Shrunk Max Sharpe λ=0.50,0.11651592644430231,0.15004874921633277,0.6432304630887025
2023-09-05,Shrunk Max Sharpe λ=0.50,0.1128271637381999,0.1501725444033103,0.6181367180468021
2023-09-06,Shrunk Max Sharpe λ=0.50,0.10916420170689656,0.15027442938507765,0.5933424739774831
2023-09-07,Shrunk Max Sharpe λ=0.50,0.1106109682177896,0.1502162515226145,0.6032034969541791
2023-09-08,Shrunk Max Sharpe λ=0.50,0.09546056516754264,0.14960208024047328,0.5044085285862728
2023-09-11,Shrunk Max Sharpe λ=0.50,0.10401598027745984,0.14979999810119907,0.5608543480801775
2023-09-12,Shrunk Max Sharpe λ=0.50,0.08520795154894723,0.1495445458627906,0.4360436629282121
2023-09-13,Shrunk Max Sharpe λ=0.50,0.0775114463129849,0.14941063930757786,0.3849220281735854
2023-09-14,Shrunk Max Sharpe λ=0.50,0.12256807539805203,0.1466014383022608,0.6996389434227692
2023-09-15,Shrunk Max Sharpe λ=0.50,0.1076417125138942,0.14706210440069492,0.5959503494870434
2023-09-18,Shrunk Max Sharpe λ=0.50,0.12112928942614132,0.1464044839190347,0.6907526786001192
2023-09-19,Shrunk Max Sharpe λ=0.50,0.12075235186522026,0.1464094846550587,0.6881545420543839
2023-09-20,Shrunk Max Sharpe λ=0.50,0.10618889646239604,0.14671929501611986,0.5874407756180029
2023-09-21,Shrunk Max Sharpe λ=0.50,0.09586285887400603,0.1475208941303371,0.5142516205669142
2023-09-22,Shrunk Max Sharpe λ=0.50,0.10216586493494995,0.1473586725023365,0.557590968618743
2023-09-25,Shrunk Max Sharpe λ=0.50,0.11464302775295288,0.1470970099351928,0.6434055171797861
2023-09-26,Shrunk Max Sharpe λ=0.50,0.11356813243237074,0.14718835067422373,0.6357033828000954
2023-09-27,Shrunk Max Sharpe λ=0.50,0.12741064754721587,0.14681890543456147,0.7315859441214114
2023-09-28,Shrunk Max Sharpe λ=0.50,0.13738561134216498,0.14698378426125133,0.7986296715120759
2023-09-29,Shrunk Max Sharpe λ=0.50,0.11211512078258123,0.14561349611981242,0.6326001588945291
2023-10-02,Shrunk Max Sharpe λ=0.50,0.12362094827042425,0.14496829417605475,0.71478352462769
2023-10-03,Shrunk Max Sharpe λ=0.50,0.11627267715909118,0.14552290667359766,0.6615637315094807
2023-10-04,Shrunk Max Sharpe λ=0.50,0.0996505968056629,0.14405761073040363,0.5529079401068568
2023-10-05,Shrunk Max Sharpe λ=0.50,0.07884689707412851,0.14267515613681842,0.41245370720111385
2023-10-06,Shrunk Max Sharpe λ=0.50,0.09719624833032614,0.14313831366720461,0.5393122662448488
2023-10-09,Shrunk Max Sharpe λ=0.50,0.10837097372043303,0.143051873240118,0.6177547467141447
2023-10-10,Shrunk Max Sharpe λ=0.50,0.14173607913746444,0.1415988924799989,0.8597247973154866
2023-10-11,Shrunk Max Sharpe λ=0.50,0.15806518540383907,0.14121964751008864,0.9776627249687462
2023-10-12,Shrunk Max Sharpe λ=0.50,0.15398517930845435,0.14141480185769315,0.9474622001965871
2023-10-13,Shrunk Max Sharpe λ=0.50,0.14211277215212292,0.1417235263706246,0.8616266845688194
2023-10-16,Shrunk Max Sharpe λ=0.50,0.1442411831750472,0.14185243985722457,0.8758480523852588
2023-10-17,Shrunk Max Sharpe λ=0.50,0.16717338407464544,0.14057142363512268,1.046965167377541
2023-10-18,Shrunk Max Sharpe λ=0.50,0.13091815855047795,0.14064347582996314,0.7886477342509447
2023-10-19,Shrunk Max Sharpe λ=0.50,0.11269231594070628,0.14096137724724078,0.6575724340301212
2023-10-20,Shrunk Max Sharpe λ=0.50,0.1083391021781579,0.1412656798241548,0.6253401554299739
2023-10-23,Shrunk Max Sharpe λ=0.50,0.11287097885151187,0.1411616655487657,0.6579050940669772
2023-10-24,Shrunk Max Sharpe λ=0.50,0.10239131832429638,0.14031426377488054,0.5871913240159572
2023-10-25,Shrunk Max Sharpe λ=0.50,0.07955170921748489,0.1412509821296826,0.4216020895543964
2023-10-26,Shrunk Max Sharpe λ=0.50,0.05517486740400401,0.14111487469522865,0.2492640657476581
2023-10-27,Shrunk Max Sharpe λ=0.50,0.05766046371574696,0.14104388788246006,0.26701237665209265
2023-10-30,Shrunk Max Sharpe λ=0.50,0.07490190234726102,0.1413054306208219,0.3885335624119389
2023-10-31,Shrunk Max Sharpe λ=0.50,0.07061692981287959,0.14109265954433825,0.358749561999526
2023-11-01,Shrunk Max Sharpe λ=0.50,0.09134030968269036,0.1412250283144811,0.5051534457747046
2023-11-02,Shrunk Max Sharpe λ=0.50,0.11192248998908783,0.14226764200382666,0.6461236630787437
2023-11-03,Shrunk Max Sharpe λ=0.50,0.14951549005989606,0.14057128161696256,0.9213509941013983
2023-11-06,Shrunk Max Sharpe λ=0.50,0.16158765701650224,0.14011199292313814,1.0105320327159548
2023-11-07,Shrunk Max Sharpe λ=0.50,0.14080393660964585,0.1388007427137079,0.8703407074616129
2023-11-08,Shrunk Max Sharpe λ=0.50,0.1335326028969943,0.13872282873768071,0.8184132628356353
2023-11-09,Shrunk Max Sharpe λ=0.50,0.11663545321502133,0.138424317437799,0.6981103826532826
2023-11-10,Shrunk Max Sharpe λ=0.50,0.14963692820531094,0.1377133345299052,0.9413534909152866
2023-11-13,Shrunk Max Sharpe λ=0.50,0.09095583846910249,0.12688255326177272,0.5592245477809132
2023-11-14,Shrunk Max Sharpe λ=0.50,0.10131425475971012,0.12806508614444934,0.6349447551067335
2023-11-15,Shrunk Max Sharpe λ=0.50,0.10770738040477745,0.12792109440875982,0.6856365700289959
2023-11-16,Shrunk Max Sharpe λ=0.50,0.09924832234203462,0.1276200230274147,0.6209709139843274
2023-11-17,Shrunk Max Sharpe λ=0.50,0.11402828216172933,0.12734685927556055,0.7383635740734324
2023-11-20,Shrunk Max Sharpe λ=0.50,0.1270276497145444,0.12740499560486787,0.8400585016813508
2023-11-21,Shrunk Max Sharpe λ=0.50,0.12428586391685936,0.12743886901162774,0.8183206954492365
2023-11-22,Shrunk Max Sharpe λ=0.50,0.13452182640010513,0.12726996776530497,0.8998338603439553
2023-11-24,Shrunk Max Sharpe λ=0.50,0.12642792283298987,0.1269481104846265,0.8383576756416422
2023-11-27,Shrunk Max Sharpe λ=0.50,0.11726360857460616,0.12678950100930392,0.7671266768962903
2023-11-28,Shrunk Max Sharpe λ=0.50,0.1218203044417554,0.1267889712551075,0.8030690953149738
2023-11-29,Shrunk Max Sharpe λ=0.50,0.13756259704967744,0.1260006410925323,0.9330317372222087
2023-11-30,Shrunk Max Sharpe λ=0.50,0.1384444840744199,0.12599342180811343,0.9400846677123311
2023-12-01,Shrunk Max Sharpe λ=0.50,0.11540360050176157,0.12283558016836395,0.7766772491406572
2023-12-04,Shrunk Max Sharpe λ=0.50,0.09504237081114941,0.12326452918342967,0.6087912825228012
2023-12-05,Shrunk Max Sharpe λ=0.50,0.09677340696151515,0.1232390957585619,0.6229630823640752
2023-12-06,Shrunk Max Sharpe λ=0.50,0.11356811072027706,0.12206934197461898,0.7665160572400891
2023-12-07,Shrunk Max Sharpe λ=0.50,0.13218202762674225,0.1218903766776059,0.9203518004006029
2023-12-08,Shrunk Max Sharpe λ=0.50,0.1288761758720851,0.12189344506877528,0.8932077997356994
2023-12-11,Shrunk Max Sharpe λ=0.50,0.12334682397697638,0.12178691434978532,0.8485872602055834
2023-12-12,Shrunk Max Sharpe λ=0.50,0.13192235714184108,0.12175336852468648,0.9192547072662546
2023-12-13,Shrunk Max Sharpe λ=0.50,0.14397748565876722,0.12265785012651834,1.0107586716291515
2023-12-14,Shrunk Max Sharpe λ=0.50,0.13456636743398698,0.12219290846555643,0.9375860585745922
2023-12-15,Shrunk Max Sharpe λ=0.50,0.1366545890656703,0.12212942193824454,0.9551718759846204
2023-12-18,Shrunk Max Sharpe λ=0.50,0.16839618666731915,0.12007767026397252,1.2358349919772151
2023-12-19,Shrunk Max Sharpe λ=0.50,0.18046680170182094,0.12011512999996121,1.3359416228569438
2023-12-20,Shrunk Max Sharpe λ=0.50,0.1770842453201571,0.12036468590097711,1.3050692081678246
2023-12-21,Shrunk Max Sharpe λ=0.50,0.1837012503116351,0.1206735242886363,1.3565631009506423
2023-12-22,Shrunk Max Sharpe λ=0.50,0.17667227663232277,0.12043494995829983,1.3008871319045676
2023-12-26,Shrunk Max Sharpe λ=0.50,0.20190947513884883,0.11947472034735516,1.5225771159787929
2023-12-27,Shrunk Max Sharpe λ=0.50,0.20214924849724403,0.11947839972416097,1.5245370620779226
2023-12-28,Shrunk Max Sharpe λ=0.50,0.2041893112063542,0.11942653496889775,1.5422812966508876
2023-12-29,Shrunk Max Sharpe λ=0.50,0.2123938755227146,0.11904659148675999,1.6161225039703224
2024-01-02,Shrunk Max Sharpe λ=0.50,0.1843684520246942,0.11856933058423831,1.3862644852154042
2024-01-03,Shrunk Max Sharpe λ=0.50,0.1738343876864512,0.11895368630787224,1.2932292597330848
2024-01-04,Shrunk Max Sharpe λ=0.50,0.17150735238841097,0.11898125876427369,1.2733715709679805
2024-01-05,Shrunk Max Sharpe λ=0.50,0.16400189461846004,0.11879241300143625,1.2122145765043009
2024-01-08,Shrunk Max Sharpe λ=0.50,0.1889820317466273,0.11842073169326404,1.4269632464721487
2024-01-09,Shrunk Max Sharpe λ=0.50,0.16255180933530977,0.11647280810673759,1.2239063490653799
2024-01-10,Shrunk Max Sharpe λ=0.50,0.16369971323066856,0.11649472177419924,1.2335298204256888
2024-01-11,Shrunk Max Sharpe λ=0.50,0.1590145122971398,0.11640842711235316,1.1941962944226374
2024-01-12,Shrunk Max Sharpe λ=0.50,0.15246220747402095,0.11611439027895219,1.1407906216946488
2024-01-16,Shrunk Max Sharpe λ=0.50,0.137892485154532,0.11609835740860047,1.0154535153293962
2024-01-17,Shrunk Max Sharpe λ=0.50,0.12216454707536517,0.11623903530606888,0.8789177130243365
2024-01-18,Shrunk Max Sharpe λ=0.50,0.13622583469766125,0.11661904412571773,0.9966282571512711
2024-01-19,Shrunk Max Sharpe λ=0.50,0.15794121567972064,0.11674409554849938,1.1815690980484344
2024-01-22,Shrunk Max Sharpe λ=0.50,0.15882691830580176,0.11673890848023276,1.1892086375752704
2024-01-23,Shrunk Max Sharpe λ=0.50,0.14837295142741125,0.11618968434139498,1.1048567018240512
2024-01-24,Shrunk Max Sharpe λ=0.50,0.13674193285257363,0.11576105168951219,1.0084733262936512
2024-01-25,Shrunk Max Sharpe λ=0.50,0.13985798361016788,0.11579812729131163,1.0350597752642658
2024-01-26,Shrunk Max Sharpe λ=0.50,0.1365854892880738,0.11582400376458887,1.0065745052729538
2024-01-29,Shrunk Max Sharpe λ=0.50,0.13893959754096197,0.11594263230937803,1.0258486906143973
2024-01-30,Shrunk Max Sharpe λ=0.50,0.13320144424629765,0.11594058895516567,0.9763745834521571
2024-01-31,Shrunk Max Sharpe λ=0.50,0.13253123187981464,0.1159999780318211,0.970097010267925
2024-02-01,Shrunk Max Sharpe λ=0.50,0.13372095626873315,0.11609652066456769,0.9795380224813269
2024-02-02,Shrunk Max Sharpe λ=0.50,0.12340435932941496,0.11539980387906805,0.8960531634679069
2024-02-05,Shrunk Max Sharpe λ=0.50,0.110218100932026,0.11521622629665401,0.7830329445067583
2024-02-06,Shrunk Max Sharpe λ=0.50,0.1321232283537077,0.11390288156080046,0.9843756963589829
2024-02-07,Shrunk Max Sharpe λ=0.50,0.14357682623055545,0.11389251347861948,1.0850302838715906
2024-02-08,Shrunk Max Sharpe λ=0.50,0.13284584722099702,0.11352084682711867,0.9940539590305416
2024-02-09,Shrunk Max Sharpe λ=0.50,0.14534733582485448,0.11331225699867911,1.1062116239226942
2024-02-12,Shrunk Max Sharpe λ=0.50,0.15236085713140768,0.11301423629965814,1.1711874668643678
2024-02-13,Shrunk Max Sharpe λ=0.50,0.13697047067744972,0.11400268734624108,1.0260325734444757
2024-02-14,Shrunk Max Sharpe λ=0.50,0.13714954661316048,0.11401151192870063,1.0275238406313065
2024-02-15,Shrunk Max Sharpe λ=0.50,0.14224882583450982,0.11414281822705605,1.0710163611987316
2024-02-16,Shrunk Max Sharpe λ=0.50,0.13912555026798112,0.11419423831411787,1.0431835443422157
2024-02-20,Shrunk Max Sharpe λ=0.50,0.1487312092931139,0.11372188317667538,1.1319827433135312
2024-02-21,Shrunk Max Sharpe λ=0.50,0.1494945152489462,0.11371167207594522,1.138797037145492
2024-02-22,Shrunk Max Sharpe λ=0.50,0.18605624644086438,0.11369511813832364,1.460539811734372
2024-02-23,Shrunk Max Sharpe λ=0.50,0.18941468608958067,0.11367081170225592,1.4903974340689825
2024-02-26,Shrunk Max Sharpe λ=0.50,0.18181572518607947,0.11364586944984369,1.4238592741594978
2024-02-27,Shrunk Max Sharpe λ=0.50,0.19617016016460553,0.11306182346691519,1.5581754721668493
2024-02-28,Shrunk Max Sharpe λ=0.50,0.1883084987440311,0.11302980883584082,1.4890629337299373
2024-02-29,Shrunk Max Sharpe λ=0.50,0.1946907991669613,0.11312745655632603,1.5441945261094328
2024-03-01,Shrunk Max Sharpe λ=0.50,0.21345661676423178,0.11387296228373739,1.6988810415083058
2024-03-04,Shrunk Max Sharpe λ=0.50,0.2114338328497667,0.1138249363866176,1.681826838009756
2024-03-05,Shrunk Max Sharpe λ=0.50,0.1847391081135381,0.11309412904510963,1.4566548193481288
2024-03-06,Shrunk Max Sharpe λ=0.50,0.19599971008207984,0.11322844720052837,1.5543771413766996
2024-03-07,Shrunk Max Sharpe λ=0.50,0.22647035617483735,0.11257726396972983,1.834032458191148
2024-03-08,Shrunk Max Sharpe λ=0.50,0.21935055308795404,0.11267256670446585,1.7692909544773214
2024-03-11,Shrunk Max Sharpe λ=0.50,0.2306514351310609,0.11211516155079757,1.8788844632366528
2024-03-12,Shrunk Max Sharpe λ=0.50,0.24302067360453705,0.11204132875666631,1.9905214984454354
2024-03-13,Shrunk Max Sharpe λ=0.50,0.23349893322099358,0.11188065774288793,1.9082738475817136
2024-03-14,Shrunk Max Sharpe λ=0.50,0.21484977637247216,0.11140041565947893,1.7490938002249063
2024-03-15,Shrunk Max Sharpe λ=0.50,0.2064261609039424,0.11164154819656219,1.6698636297636285
2024-03-18,Shrunk Max Sharpe λ=0.50,0.1944904410042707,0.11079189792734571,1.5749386396349736
2024-03-19,Shrunk Max Sharpe λ=0.50,0.19584566179895901,0.11080164712044514,1.5870311170357316
2024-03-20,Shrunk Max Sharpe λ=0.50,0.2025166159362919,0.11117802397185327,1.6416609093762926
2024-03-21,Shrunk Max Sharpe λ=0.50,0.19969497685729642,0.11112531555488009,1.6170480683004467
2024-03-22,Shrunk Max Sharpe λ=0.50,0.20462201255280577,0.11091732209853396,1.6645011713210665
2024-03-25,Shrunk Max Sharpe λ=0.50,0.19403178702607615,0.11071579333800541,1.5718786071899669
2024-03-26,Shrunk Max Sharpe λ=0.50,0.1927864973196316,0.11072190883730967,1.5605447840816866
2024-03-27,Shrunk Max Sharpe λ=0.50,0.2041277761415976,0.11079378691082482,1.6618962242873556
2024-03-28,Shrunk Max Sharpe λ=0.50,0.20772636866398342,0.11081471199691038,1.6940563692410933
2024-04-01,Shrunk Max Sharpe λ=0.50,0.19967686018288844,0.11048787027211587,1.6262134453344965
2024-04-02,Shrunk Max Sharpe λ=0.50,0.19021885238539848,0.11030950555195662,1.543102305949727
2024-04-03,Shrunk Max Sharpe λ=0.50,0.1839697270133731,0.11001305033744423,1.4904570549623612
2024-04-04,Shrunk Max Sharpe λ=0.50,0.16809179185160383,0.11059687129220455,1.3390233387374506
2024-04-05,Shrunk Max Sharpe λ=0.50,0.1808777745281016,0.11119008361700194,1.446871603067146
2024-04-08,Shrunk Max Sharpe λ=0.50,0.18988097909851542,0.11106165515813257,1.529609646611464
2024-04-09,Shrunk Max Sharpe λ=0.50,0.19212833748753644,0.11108609009085565,1.5495039689195582
2024-04-10,Shrunk Max Sharpe λ=0.50,0.181659471749132,0.11156893745161567,1.4489648771571317
2024-04-11,Shrunk Max Sharpe λ=0.50,0.19619399751768762,0.11226311796788915,1.5694735787410141
2024-04-12,Shrunk Max Sharpe λ=0.50,0.18254844598441422,0.11322921599240308,1.4355698267425974
2024-04-15,Shrunk Max Sharpe λ=0.50,0.1608657233693762,0.11235471561281524,1.2537588885437845
2024-04-16,Shrunk Max Sharpe λ=0.50,0.16835410592109246,0.11207001284978246,1.3237627278578512
2024-04-17,Shrunk Max Sharpe λ=0.50,0.15801412865295883,0.11236928616917953,1.2282193236074248
2024-04-18,Shrunk Max Sharpe λ=0.50,0.15508301504238653,0.11239000495370259,1.2019130624474303
2024-04-19,Shrunk Max Sharpe λ=0.50,0.1477370820566002,0.11268775728970422,1.133548888795491
2024-04-22,Shrunk Max Sharpe λ=0.50,0.15095811099808043,0.11262698118870543,1.1627596657204313
2024-04-23,Shrunk Max Sharpe λ=0.50,0.16327921227805198,0.1128595635542099,1.26953540990109
2024-04-24,Shrunk Max Sharpe λ=0.50,0.16280417890801457,0.11286064380029646,1.265314232662914
2024-04-25,Shrunk Max Sharpe λ=0.50,0.1746845810658444,0.11223375020393125,1.3782358763275666
2024-04-26,Shrunk Max Sharpe λ=0.50,0.18797802222609272,0.1125276325699246,1.492771316607157
2024-04-29,Shrunk Max Sharpe λ=0.50,0.17227117994436014,0.11155469936512759,1.364991173038477
2024-04-30,Shrunk Max Sharpe λ=0.50,0.14517686342453584,0.11293586591577158,1.1083889286145263
2024-05-01,Shrunk Max Sharpe λ=0.50,0.14697713383868005,0.11290803808210817,1.1246066798746486
2024-05-02,Shrunk Max Sharpe λ=0.50,0.15677843053117702,0.11307521640444154,1.209623424835687
2024-05-03,Shrunk Max Sharpe λ=0.50,0.16821622914616863,0.11350809755027115,1.305776700913569
2024-05-06,Shrunk Max Sharpe λ=0.50,0.18132313059055694,0.11389949228584685,1.4163639130690222
2024-05-07,Shrunk Max Sharpe λ=0.50,0.17178868562760274,0.113708892676402,1.334888433568428
2024-05-08,Shrunk Max Sharpe λ=0.50,0.1695400662414308,0.1137230379592929,1.3149496260815563
2024-05-09,Shrunk Max Sharpe λ=0.50,0.17998810665690623,0.11393997490499405,1.4041437764955473
2024-05-10,Shrunk Max Sharpe λ=0.50,0.18265663721156167,0.11397778937861293,1.4270906472071212
2024-05-13,Shrunk Max Sharpe λ=0.50,0.18369972355322628,0.11394866860004306,1.4366093572168726
2024-05-14,Shrunk Max Sharpe λ=0.50,0.19364735447090342,0.11407317728324774,1.5222452692777277
2024-05-15,Shrunk Max Sharpe λ=0.50,0.20410693842358807,0.1147044534364141,1.6050548423182796
2024-05-16,Shrunk Max Sharpe λ=0.50,0.21085694023954904,0.1143884740742043,1.668498000207078
2024-05-17,Shrunk Max Sharpe λ=0.50,0.21130020630926682,0.11440335792278764,1.6721555187075707
2024-05-20,Shrunk Max Sharpe λ=0.50,0.21531103153495246,0.11444022459160952,1.7066641753975744
2024-05-21,Shrunk Max Sharpe λ=0.50,0.21126030601272694,0.11439316020172002,1.6719557854286042
2024-05-22,Shrunk Max Sharpe λ=0.50,0.20251863005447257,0.11468055162748836,1.5915395196854265
2024-05-23,Shrunk Max Sharpe λ=0.50,0.20086905814177092,0.11480081419155735,1.5755032698633278
2024-05-24,Shrunk Max Sharpe λ=0.50,0.21954927154717363,0.11445448489198431,1.7434814523476034
2024-05-28,Shrunk Max Sharpe λ=0.50,0.22287708000157025,0.11450899656956189,1.7717130188834251
2024-05-29,Shrunk Max Sharpe λ=0.50,0.19968635647189914,0.11447381127714155,1.5696721762576573
2024-05-30,Shrunk Max Sharpe λ=0.50,0.19586412419625665,0.11455602666986076,1.5351800277001562
2024-05-31,Shrunk Max Sharpe λ=0.50,0.2033775758233003,0.11441885619092487,1.6026866718306252
2024-06-03,Shrunk Max Sharpe λ=0.50,0.19699575004744707,0.11410146851801914,1.5512136026496062
2024-06-04,Shrunk Max Sharpe λ=0.50,0.19088791739653144,0.11409375877455313,1.4977849729204065
2024-06-05,Shrunk Max Sharpe λ=0.50,0.20636028388907834,0.11484892232369365,1.6226559215230156
2024-06-06,Shrunk Max Sharpe λ=0.50,0.20718840873866018,0.1148569427970025,1.6297526660577752
2024-06-07,Shrunk Max Sharpe λ=0.50,0.20498131766602068,0.11505101072148621,1.6078200139746772
2024-06-10,Shrunk Max Sharpe λ=0.50,0.1981315080647239,0.11470295648860045,1.5529809650758846
2024-06-11,Shrunk Max Sharpe λ=0.50,0.2002742406973106,0.11471642859154883,1.571477101498533
2024-06-12,Shrunk Max Sharpe λ=0.50,0.20076239017360376,0.11474302423607666,1.575367142160175
2024-06-13,Shrunk Max Sharpe λ=0.50,0.19518094848370082,0.11474525608757995,1.5266944748460278
2024-06-14,Shrunk Max Sharpe λ=0.50,0.1969005981832197,0.11478390426777654,1.5411620584932593
2024-06-17,Shrunk Max Sharpe λ=0.50,0.19031735916149106,0.11444536489835436,1.4881979651404835
2024-06-18,Shrunk Max Sharpe λ=0.50,0.1975361444126833,0.11437658781437089,1.5522070364681462
2024-06-20,Shrunk Max Sharpe λ=0.50,0.20608702054444317,0.11415085682331222,1.630185052684072
2024-06-21,Shrunk Max Sharpe λ=0.50,0.20530185256360256,0.11419068968651862,1.62274046222421
2024-06-24,Shrunk Max Sharpe λ=0.50,0.2011659487381079,0.11423449270395962,1.5859128398950582
2024-06-25,Shrunk Max Sharpe λ=0.50,0.21241319738917275,0.11406367100781438,1.686892905419384
2024-06-26,Shrunk Max Sharpe λ=0.50,0.21495614409417585,0.11398371879981492,1.7103858879755414
2024-06-27,Shrunk Max Sharpe λ=0.50,0.21107899123546114,0.11382661961748997,1.6786845807911617
2024-06-28,Shrunk Max Sharpe λ=0.50,0.20779819762427598,0.11387489870271224,1.649162368210327
2024-07-01,Shrunk Max Sharpe λ=0.50,0.21168257582795924,0.11390175900086967,1.682876344574237
2024-07-02,Shrunk Max Sharpe λ=0.50,0.20449795164638473,0.113498268627806,1.6255574104959034
2024-07-03,Shrunk Max Sharpe λ=0.50,0.21302464674993016,0.11375152730443457,1.6968971874402707
2024-07-05,Shrunk Max Sharpe λ=0.50,0.2278650535643687,0.11403686772770978,1.822788171108804
2024-07-08,Shrunk Max Sharpe λ=0.50,0.23293502332433103,0.11381800507986829,1.8708377745235512
2024-07-09,Shrunk Max Sharpe λ=0.50,0.2322064351919677,0.11381749185340874,1.8644448382791552
2024-07-10,Shrunk Max Sharpe λ=0.50,0.24110416211982688,0.11408007113924802,1.938148880096187
2024-07-11,Shrunk Max Sharpe λ=0.50,0.23002258163193545,0.11407508510087284,1.841090729375476
2024-07-12,Shrunk Max Sharpe λ=0.50,0.22073474823691197,0.11356805595231155,1.7675282591893857
2024-07-15,Shrunk Max Sharpe λ=0.50,0.21157575796611838,0.11325291891009805,1.6915745731745269
2024-07-16,Shrunk Max Sharpe λ=0.50,0.22386548737742196,0.11347565888587013,1.796556983048345
2024-07-17,Shrunk Max Sharpe λ=0.50,0.20086003699132382,0.11452093661817286,1.5792748673924475
2024-07-18,Shrunk Max Sharpe λ=0.50,0.18252712665082926,0.11447383936987966,1.4197752739443226
2024-07-19,Shrunk Max Sharpe λ=0.50,0.16924665756106005,0.1150337917373416,1.2974157880654513
2024-07-22,Shrunk Max Sharpe λ=0.50,0.19247669973881698,0.11472507281364387,1.5033915037821175
2024-07-23,Shrunk Max Sharpe λ=0.50,0.19317315082034958,0.11471460967849223,1.509599791218378
2024-07-24,Shrunk Max Sharpe λ=0.50,0.16911808734339462,0.11654941002134182,1.279440945398943
2024-07-25,Shrunk Max Sharpe λ=0.50,0.1518605009924865,0.11698310843911969,1.1271755619411439
2024-07-26,Shrunk Max Sharpe λ=0.50,0.1634733569912057,0.11743418976479715,1.2217341242662043
2024-07-29,Shrunk Max Sharpe λ=0.50,0.17234156827757996,0.11714227549966306,1.3004832595899005
2024-07-30,Shrunk Max Sharpe λ=0.50,0.15619792876303884,0.11667363353030767,1.16734110905751
2024-07-31,Shrunk Max Sharpe λ=0.50,0.17817544768880533,0.11837179473606341,1.336259605098437
2024-08-01,Shrunk Max Sharpe λ=0.50,0.1668276842034193,0.1192675632498478,1.2310780920025772
2024-08-02,Shrunk Max Sharpe λ=0.50,0.17011549407858761,0.11887358702952135,1.2628162220873136
2024-08-05,Shrunk Max Sharpe λ=0.50,0.1452284803436248,0.12129884883057261,1.0323962803516875
2024-08-06,Shrunk Max Sharpe λ=0.50,0.15167508787715023,0.121299683023674,1.0855353006277129
2024-08-07,Shrunk Max Sharpe λ=0.50,0.1372669283822805,0.12122062474119628,0.9673842931649885
2024-08-08,Shrunk Max Sharpe λ=0.50,0.17022273533285115,0.12299623659832455,1.2213604211602154
2024-08-09,Shrunk Max Sharpe λ=0.50,0.18237206046751187,0.12284309689165325,1.3217841667629309
2024-08-12,Shrunk Max Sharpe λ=0.50,0.187691516536175,0.12294984140655314,1.3639018531278655
2024-08-13,Shrunk Max Sharpe λ=0.50,0.2085147915609602,0.12354144517190802,1.5259234769242154
2024-08-14,Shrunk Max Sharpe λ=0.50,0.2029742688126972,0.12352299851731142,1.4812971754976774
2024-08-15,Shrunk Max Sharpe λ=0.50,0.23536720019847635,0.12368654113047813,1.7412339146203741
2024-08-16,Shrunk Max Sharpe λ=0.50,0.2571234213866014,0.12350172371448362,1.9200009056941836
2024-08-19,Shrunk Max Sharpe λ=0.50,0.27804546580143685,0.12327620219778544,2.093230170957298
2024-08-20,Shrunk Max Sharpe λ=0.50,0.2771104877874917,0.12328192743716555,2.085548897007114
2024-08-21,Shrunk Max Sharpe λ=0.50,0.2711415530834893,0.1231161892990031,2.039874321268672
2024-08-22,Shrunk Max Sharpe λ=0.50,0.25945464906225557,0.1236884944658704,1.9359492578214603
2024-08-23,Shrunk Max Sharpe λ=0.50,0.2586411362620318,0.12362944785017725,1.9302936348242345
2024-08-26,Shrunk Max Sharpe λ=0.50,0.2752099488353823,0.12251333038243764,2.0831198371533843
2024-08-27,Shrunk Max Sharpe λ=0.50,0.26981091736706597,0.12238309932577336,2.0412207138347647
2024-08-28,Shrunk Max Sharpe λ=0.50,0.24992552933224443,0.12246808733660235,1.8774321893367727
2024-08-29,Shrunk Max Sharpe λ=0.50,0.23207026864947622,0.12152601123377799,1.7450607198941093
2024-08-30,Shrunk Max Sharpe λ=0.50,0.23362260118833156,0.12155698459979344,1.7573864792027307
2024-09-03,Shrunk Max Sharpe λ=0.50,0.21224856944278603,0.12302516720357265,1.562676758038197
2024-09-04,Shrunk Max Sharpe λ=0.50,0.2073050565947645,0.12303831261157573,1.5223311553863297
2024-09-05,Shrunk Max Sharpe λ=0.50,0.21808430414838953,0.12280984108038905,1.6129351068757367
2024-09-06,Shrunk Max Sharpe λ=0.50,0.2041602558567508,0.12394689698358823,1.4857996475792001
2024-09-09,Shrunk Max Sharpe λ=0.50,0.22244119478686142,0.1240856183199929,1.6314638032008237
2024-09-10,Shrunk Max Sharpe λ=0.50,0.22825565187806585,0.12415058727619681,1.6774439529211504
2024-09-11,Shrunk Max Sharpe λ=0.50,0.2302155106239152,0.12425538303675634,1.6918020409766132
2024-09-12,Shrunk Max Sharpe λ=0.50,0.2519488785371886,0.12452353584300452,1.8626910725505152
2024-09-13,Shrunk Max Sharpe λ=0.50,0.26015354834272175,0.12462471216840358,1.9270138655823392
2024-09-16,Shrunk Max Sharpe λ=0.50,0.24695085606678235,0.12426018365275998,1.8264165511052783
2024-09-17,Shrunk Max Sharpe λ=0.50,0.2586867822439658,0.12369377536433693,1.929658800864634
2024-09-18,Shrunk Max Sharpe λ=0.50,0.25453100552566243,0.12380366407500255,1.8943785491161167
2024-09-19,Shrunk Max Sharpe λ=0.50,0.2811609280549181,0.1251327059614931,2.0870716895971606
2024-09-20,Shrunk Max Sharpe λ=0.50,0.2957205452586529,0.12468680818778885,2.2113048626875944
2024-09-23,Shrunk Max Sharpe λ=0.50,0.3212777042324939,0.12338569517524905,2.441755535798364
2024-09-24,Shrunk Max Sharpe λ=0.50,0.3318373767896614,0.12351200730839978,2.5247535327559527
2024-09-25,Shrunk Max Sharpe λ=0.50,0.32654560370531893,0.12352845623279608,2.4815788446964566
2024-09-26,Shrunk Max Sharpe λ=0.50,0.35512788819798047,0.12272412480956967,2.7307417243186416
2024-09-27,Shrunk Max Sharpe λ=0.50,0.34520623796410277,0.12288249780773235,2.6464813440961747
2024-09-30,Shrunk Max Sharpe λ=0.50,0.3339738820223279,0.12272518881483319,2.5583491462054235
2024-10-01,Shrunk Max Sharpe λ=0.50,0.33398482631850146,0.12272497483657095,2.5584427842550004
2024-10-02,Shrunk Max Sharpe λ=0.50,0.3387163495709793,0.1226388058887489,2.598821370293682
2024-10-03,Shrunk Max Sharpe λ=0.50,0.3566358909168832,0.12158211965825848,2.7687943906809256
2024-10-04,Shrunk Max Sharpe λ=0.50,0.35178034492662635,0.12147224361154135,2.7313263924525315
2024-10-07,Shrunk Max Sharpe λ=0.50,0.3414118435428162,0.12173170828405332,2.6403296895564936
2024-10-08,Shrunk Max Sharpe λ=0.50,0.3297336349076747,0.12121072240933271,2.555331976833648
2024-10-09,Shrunk Max Sharpe λ=0.50,0.32604402248843223,0.1211708763808499,2.5257226128043424
2024-10-10,Shrunk Max Sharpe λ=0.50,0.3170333775885421,0.12096139683343812,2.455604724849137
2024-10-11,Shrunk Max Sharpe λ=0.50,0.31919472120318604,0.12101055704790101,2.472467927610252
2024-10-14,Shrunk Max Sharpe λ=0.50,0.33580369550326195,0.12060699914865763,2.618452475664443
2024-10-15,Shrunk Max Sharpe λ=0.50,0.3428598244744716,0.1202857713817869,2.684106530353577
2024-10-16,Shrunk Max Sharpe λ=0.50,0.33216894871553637,0.11988314508178548,2.603943602768943
2024-10-17,Shrunk Max Sharpe λ=0.50,0.33190157044462065,0.11988310454926124,2.6017141582820535
2024-10-18,Shrunk Max Sharpe λ=0.50,0.3610657780860167,0.11880571098771774,2.870786052711527
2024-10-21,Shrunk Max Sharpe λ=0.50,0.37303430241763214,0.11826924053090279,2.985005237480891
2024-10-22,Shrunk Max Sharpe λ=0.50,0.39467161321682487,0.1174675521056725,3.1895753891234104
2024-10-23,Shrunk Max Sharpe λ=0.50,0.3819964229492496,0.11800762040120714,3.067568193634609
2024-10-24,Shrunk Max Sharpe λ=0.50,0.37803068435652176,0.11787720239040632,3.037319151592461
2024-10-25,Shrunk Max Sharpe λ=0.50,0.40284106265672515,0.11654017779832826,3.285056449109149
2024-10-28,Shrunk Max Sharpe λ=0.50,0.4184554440550392,0.11595198952122111,3.43638298661633
2024-10-29,Shrunk Max Sharpe λ=0.50,0.43074093615986664,0.11595637209853965,3.5422023708263244
2024-10-30,Shrunk Max Sharpe λ=0.50,0.41390087157899,0.11561653086433588,3.4069597888315144
2024-10-31,Shrunk Max Sharpe λ=0.50,0.38319946056218024,0.11684992208697612,3.1082559070243643
2024-11-01,Shrunk Max Sharpe λ=0.50,0.3708651145554438,0.11645337054510009,3.0129236527298335
2024-11-04,Shrunk Max Sharpe λ=0.50,0.346142991138652,0.1153025772271707,2.8285837054282026
2024-11-05,Shrunk Max Sharpe λ=0.50,0.3443612860839209,0.11521024482471717,2.8153857894964953
2024-11-06,Shrunk Max Sharpe λ=0.50,0.3520418497657076,0.11527344308626937,2.880471346008214
2024-11-07,Shrunk Max Sharpe λ=0.50,0.3674688607477141,0.11586152411648348,2.999001293979009
2024-11-08,Shrunk Max Sharpe λ=0.50,0.36791969017063186,0.11585558464159076,3.0030463464230177
2024-11-11,Shrunk Max Sharpe λ=0.50,0.36404190498988953,0.11602594613816739,2.965215250907702
2024-11-12,Shrunk Max Sharpe λ=0.50,0.34146098716400997,0.11572308106606509,2.7778467718163435
2024-11-13,Shrunk Max Sharpe λ=0.50,0.3366267615328886,0.11581281146726753,2.7339528116228973
2024-11-14,Shrunk Max Sharpe λ=0.50,0.3031378143876795,0.1142685118577129,2.4778288417743863
2024-11-15,Shrunk Max Sharpe λ=0.50,0.2878498336927977,0.11496611592259691,2.3298154551305585
2024-11-18,Shrunk Max Sharpe λ=0.50,0.2978790219490144,0.1152650563055499,2.4107828587043754
2024-11-19,Shrunk Max Sharpe λ=0.50,0.299771418246795,0.11531814970909957,2.426083135677633
2024-11-20,Shrunk Max Sharpe λ=0.50,0.29268057665874014,0.11516870445564038,2.367662100113045
2024-11-21,Shrunk Max Sharpe λ=0.50,0.3025858604143379,0.11518732429416263,2.4532721994017055
2024-11-22,Shrunk Max Sharpe λ=0.50,0.30618466867800276,0.1152591010936781,2.482968077682673
2024-11-25,Shrunk Max Sharpe λ=0.50,0.29444804221865506,0.11549427898710173,2.376291229536184
2024-11-26,Shrunk Max Sharpe λ=0.50,0.3004089259922422,0.11549738260196447,2.4278379273633237
2024-11-27,Shrunk Max Sharpe λ=0.50,0.2943649062432465,0.11553343397534285,2.374766306191517
2024-11-29,Shrunk Max Sharpe λ=0.50,0.30409033091695603,0.1157265301498632,2.454841863391787
2024-12-02,Shrunk Max Sharpe λ=0.50,0.3060384586108753,0.11571907989393254,2.471834885595846
2024-12-03,Shrunk Max Sharpe λ=0.50,0.29668147539276735,0.11545691528830306,2.3964045349893213
2024-12-04,Shrunk Max Sharpe λ=0.50,0.3208124752877062,0.1148924702302694,2.6182087884855534
2024-12-05,Shrunk Max Sharpe λ=0.50,0.3173660988487992,0.1149659694359892,2.586557572711695
2024-12-06,Shrunk Max Sharpe λ=0.50,0.3241163368608717,0.11496120766929556,2.645382238291297
2024-12-09,Shrunk Max Sharpe λ=0.50,0.31278071006512986,0.11480879677880322,2.550159206260273
2024-12-10,Shrunk Max Sharpe λ=0.50,0.3162934764397325,0.11478894783789771,2.5812021280842408
2024-12-11,Shrunk Max Sharpe λ=0.50,0.329275877797254,0.11517335507607633,2.68530753135537
2024-12-12,Shrunk Max Sharpe λ=0.50,0.3131406520179316,0.11553929779711998,2.5371510612144177
2024-12-13,Shrunk Max Sharpe λ=0.50,0.2899073954190645,0.11457984050295146,2.3556272572408754
2024-12-16,Shrunk Max Sharpe λ=0.50,0.29382896271299197,0.11467819054812552,2.3878033077098273
2024-12-17,Shrunk Max Sharpe λ=0.50,0.2925442183259017,0.1147155320107138,2.375826651795047
2024-12-18,Shrunk Max Sharpe λ=0.50,0.25142264895359356,0.11796869010761846,1.961729410935014
2024-12-19,Shrunk Max Sharpe λ=0.50,0.24189498962044031,0.11786996866598645,1.8825404989224555
2024-12-20,Shrunk Max Sharpe λ=0.50,0.2680026329290959,0.11755191829128792,2.109728505787183
2024-12-23,Shrunk Max Sharpe λ=0.50,0.2593611146890502,0.11721763251828689,2.042023111597208
2024-12-24,Shrunk Max Sharpe λ=0.50,0.2664830120978212,0.11742898242752421,2.098996406189142
2024-12-26,Shrunk Max Sharpe λ=0.50,0.2616889232888171,0.11733183551313651,2.0598750733918036
2024-12-27,Shrunk Max Sharpe λ=0.50,0.2459913986282951,0.11777073875818317,1.9189095781450412
2024-12-30,Shrunk Max Sharpe λ=0.50,0.23835710929477716,0.11808245005319298,1.8491918925836408
2024-12-31,Shrunk Max Sharpe λ=0.50,0.23914215470714573,0.11806582510347528,1.8561014968987437
2025-01-02,Shrunk Max Sharpe λ=0.50,0.25322011949997725,0.11769688860119808,1.981531731821866
2025-01-03,Shrunk Max Sharpe λ=0.50,0.2724348680305244,0.11740711825487214,2.1500814582854213
2025-01-06,Shrunk Max Sharpe λ=0.50,0.28136284908973463,0.11743852207328134,2.225529106425955
2025-01-07,Shrunk Max Sharpe λ=0.50,0.27076443776790415,0.11773911568220718,2.1298311637123994
2025-01-08,Shrunk Max Sharpe λ=0.50,0.26189591728171435,0.11745547650660014,2.059469038620107
2025-01-10,Shrunk Max Sharpe λ=0.50,0.25340675405649526,0.1177401236854347,1.9823892378445784
2025-01-13,Shrunk Max Sharpe λ=0.50,0.24418990218912984,0.11779738903631701,1.903182269345647
2025-01-14,Shrunk Max Sharpe λ=0.50,0.2451386323307756,0.11780100595592798,1.9111775022957365
2025-01-15,Shrunk Max Sharpe λ=0.50,0.2600388143356651,0.11869826552696745,2.022260504565923
2025-01-16,Shrunk Max Sharpe λ=0.50,0.266844984514645,0.11851976242020061,2.0827326976869855
2025-01-17,Shrunk Max Sharpe λ=0.50,0.2850627557987393,0.11834159406059284,2.239810591557714
2025-01-21,Shrunk Max Sharpe λ=0.50,0.2846889700494937,0.11831886710707076,2.237081680388028
2025-01-22,Shrunk Max Sharpe λ=0.50,0.2796009325940152,0.11805359678051426,2.199009091410119
2025-01-23,Shrunk Max Sharpe λ=0.50,0.28178968614770694,0.11805431548430523,2.217535928896311
2025-01-24,Shrunk Max Sharpe λ=0.50,0.27744434422648867,0.11804564756728819,2.1808880677260096
2025-01-27,Shrunk Max Sharpe λ=0.50,0.25711168988276634,0.11921154675056192,1.9889993574103901
2025-01-28,Shrunk Max Sharpe λ=0.50,0.26476279417124227,0.11949800120156176,2.048258478887791
2025-01-29,Shrunk Max Sharpe λ=0.50,0.2632272597311103,0.1195336219723775,2.0348020558376168
2025-01-30,Shrunk Max Sharpe λ=0.50,0.2629278488417348,0.11951941806312988,2.0325387520998546
2025-01-31,Shrunk Max Sharpe λ=0.50,0.2630719706431217,0.11951669555513107,2.03379092363708
2025-02-03,Shrunk Max Sharpe λ=0.50,0.2737757856029013,0.11893251170155836,2.133779754351022
2025-02-04,Shrunk Max Sharpe λ=0.50,0.27076111810457704,0.1187426949329653,2.1118024839013554
2025-02-05,Shrunk Max Sharpe λ=0.50,0.27144184460625587,0.11876038951662694,2.1172197702421056
2025-02-06,Shrunk Max Sharpe λ=0.50,0.27851667016843207,0.1186717410152137,2.178418113334077
2025-02-07,Shrunk Max Sharpe λ=0.50,0.2670864714097041,0.1189001279687054,2.0781009712179404
2025-02-10,Shrunk Max Sharpe λ=0.50,0.2739951999537773,0.11923383357870232,2.130227573251039
2025-02-11,Shrunk Max Sharpe λ=0.50,0.2716206231276095,0.11926010173102776,2.109847463446743
2025-02-12,Shrunk Max Sharpe λ=0.50,0.2656450913977726,0.11923869581969558,2.0601121951989474
2025-02-13,Shrunk Max Sharpe λ=0.50,0.282441438487246,0.11965248085839499,2.1933639537139
2025-02-14,Shrunk Max Sharpe λ=0.50,0.2975450642109363,0.11870196083240608,2.338167476464849
2025-02-18,Shrunk Max Sharpe λ=0.50,0.2968177594919452,0.11867526698737824,2.332564876566794
2025-02-19,Shrunk Max Sharpe λ=0.50,0.2899196779056885,0.11856713758841282,2.2765134032557337
2025-02-20,Shrunk Max Sharpe λ=0.50,0.29105005505997616,0.11854078896707419,2.2865551800508332
2025-02-21,Shrunk Max Sharpe λ=0.50,0.2784823887708703,0.11916231207014506,2.1691622483685467
2025-02-24,Shrunk Max Sharpe λ=0.50,0.2755236902456164,0.11922053340416011,2.1432859168595204
2025-02-25,Shrunk Max Sharpe λ=0.50,0.2445862641462928,0.11860146523401084,1.8936213283972918
2025-02-26,Shrunk Max Sharpe λ=0.50,0.24510614026012134,0.11860309394402589,1.8979786510995995
2025-02-27,Shrunk Max Sharpe λ=0.50,0.22508716577202348,0.12008188353609975,1.7078943112211338
2025-02-28,Shrunk Max Sharpe λ=0.50,0.2333514392307754,0.12029408516408568,1.7735821253368855
2025-03-03,Shrunk Max Sharpe λ=0.50,0.22686358493254755,0.12053515790861075,1.7162095153132886
2025-03-04,Shrunk Max Sharpe λ=0.50,0.21767710755581615,0.12048095416521278,1.6407332505413765
2025-03-05,Shrunk Max Sharpe λ=0.50,0.21060148747774243,0.1199774869445597,1.5886437725255682
2025-03-06,Shrunk Max Sharpe λ=0.50,0.18809290935761158,0.12104542638501294,1.3886762546727975
2025-03-07,Shrunk Max Sharpe λ=0.50,0.20128011498555054,0.12086425094391981,1.499865457071035
2025-03-10,Shrunk Max Sharpe λ=0.50,0.1660714277694204,0.1229069680106803,1.1884714929809934
2025-03-11,Shrunk Max Sharpe λ=0.50,0.15399429805936982,0.12251580672983922,1.0936898808073143
2025-03-12,Shrunk Max Sharpe λ=0.50,0.16582396622911433,0.12256304115246887,1.1897874339435557
2025-03-13,Shrunk Max Sharpe λ=0.50,0.1627910840839002,0.12263370955600321,1.1643705845715424
2025-03-14,Shrunk Max Sharpe λ=0.50,0.1730069190607404,0.1232692234679581,1.2412418506109284
2025-03-17,Shrunk Max Sharpe λ=0.50,0.1811527514140181,0.12338963238605798,1.3060477472678413
2025-03-18,Shrunk Max Sharpe λ=0.50,0.1794401054612289,0.12344538983155935,1.291584122167577
2025-03-19,Shrunk Max Sharpe λ=0.50,0.19767962504290093,0.12349780333557286,1.4387270076383722
2025-03-20,Shrunk Max Sharpe λ=0.50,0.1887239652575612,0.12346050758688967,1.3666229675818866
2025-03-21,Shrunk Max Sharpe λ=0.50,0.18419529075266938,0.1234720227269704,1.3298177767424204
2025-03-24,Shrunk Max Sharpe λ=0.50,0.18330824028984738,0.12341110721762331,1.323286404050078
2025-03-25,Shrunk Max Sharpe λ=0.50,0.1856549730219348,0.12344894507975945,1.3418905517167954
2025-03-26,Shrunk Max Sharpe λ=0.50,0.17726525589270925,0.12385370218544567,1.2697662897249256
2025-03-27,Shrunk Max Sharpe λ=0.50,0.1804405614100093,0.12384257975841005,1.295520181532022
2025-03-28,Shrunk Max Sharpe λ=0.50,0.16747732207414923,0.12442829326016572,1.185239451655827
2025-03-31,Shrunk Max Sharpe λ=0.50,0.16739865442913748,0.12442520771150867,1.184636595270107
2025-04-01,Shrunk Max Sharpe λ=0.50,0.16574586011557435,0.1244059287273675,1.1715346817190102
2025-04-02,Shrunk Max Sharpe λ=0.50,0.16584740502409012,0.12440744711841381,1.172336611692299
2025-04-03,Shrunk Max Sharpe λ=0.50,0.14506888335102164,0.1258759366727367,0.9935885019563883
2025-04-04,Shrunk Max Sharpe λ=0.50,0.10173686956205308,0.13043155591185066,0.6266648357495112
2025-04-07,Shrunk Max Sharpe λ=0.50,0.09983587050101272,0.13059034843981232,0.611345872454029
2025-04-08,Shrunk Max Sharpe λ=0.50,0.08077072917775374,0.13018885757458562,0.46678901950528284
2025-04-09,Shrunk Max Sharpe λ=0.50,0.13761097870627093,0.1413176458057744,0.8322455276952059
2025-04-10,Shrunk Max Sharpe λ=0.50,0.12128884629608194,0.14178978743921328,0.7143592505878147
2025-04-11,Shrunk Max Sharpe λ=0.50,0.14736471512442484,0.14198357062517777,0.8970384007362006
2025-04-14,Shrunk Max Sharpe λ=0.50,0.13775151232453497,0.1414820928413087,0.8322714907575564
2025-04-15,Shrunk Max Sharpe λ=0.50,0.15741698408772198,0.1406843008904113,0.9767755408243137
2025-04-16,Shrunk Max Sharpe λ=0.50,0.16425264734402645,0.14063960987193014,1.0256900419119936
2025-04-17,Shrunk Max Sharpe λ=0.50,0.16513400569871606,0.14063202182860704,1.0320125090400516
2025-04-21,Shrunk Max Sharpe λ=0.50,0.17308879736261495,0.140397123135349,1.0903983923875038
2025-04-22,Shrunk Max Sharpe λ=0.50,0.18330852951856014,0.14052639704078387,1.1621199501127493
2025-04-23,Shrunk Max Sharpe λ=0.50,0.19157842049966067,0.14027350887632611,1.2231705178982508
2025-04-24,Shrunk Max Sharpe λ=0.50,0.20959717872077954,0.1409567451907553,1.3450734724627733
2025-04-25,Shrunk Max Sharpe λ=0.50,0.20047852364771068,0.14075032412862812,1.2822600925790835
2025-04-28,Shrunk Max Sharpe λ=0.50,0.2076616378703875,0.14085013483905878,1.332349721104758
2025-04-29,Shrunk Max Sharpe λ=0.50,0.20956968279164645,0.14083590337982782,1.3460323556869296
2025-04-30,Shrunk Max Sharpe λ=0.50,0.19623986805717575,0.1406047920038592,1.2534414051289124
2025-05-01,Shrunk Max Sharpe λ=0.50,0.1870976831379303,0.14074188169363222,1.187263386897651
2025-05-02,Shrunk Max Sharpe λ=0.50,0.2119245512352328,0.1395432819530406,1.3753765036128336
2025-05-05,Shrunk Max Sharpe λ=0.50,0.2206096344616877,0.13965250391825706,1.4364914973462326
2025-05-06,Shrunk Max Sharpe λ=0.50,0.22023458430269338,0.13963899153746312,1.4339446461053347
2025-05-07,Shrunk Max Sharpe λ=0.50,0.20486487273482923,0.1393330336191405,1.326784237255234
2025-05-08,Shrunk Max Sharpe λ=0.50,0.18490851066678404,0.1391988134891408,1.1846976747373563
2025-05-09,Shrunk Max Sharpe λ=0.50,0.1881265135856398,0.13919690869718154,1.2078322367876266
2025-05-12,Shrunk Max Sharpe λ=0.50,0.18940184425977113,0.13918660787370546,1.2170843649949588
2025-05-13,Shrunk Max Sharpe λ=0.50,0.18394547412832596,0.13902463332091325,1.1792548573020687
2025-05-14,Shrunk Max Sharpe λ=0.50,0.17077898719628615,0.1392302439156811,1.0829470879013836
2025-05-15,Shrunk Max Sharpe λ=0.50,0.18427910608125897,0.13943204797835068,1.1782019160097703
2025-05-16,Shrunk Max Sharpe λ=0.50,0.1748544910005021,0.13932284580656695,1.1114795287450485
2025-05-19,Shrunk Max Sharpe λ=0.50,0.16410951917588035,0.13878588616590998,1.038358605165415
2025-05-20,Shrunk Max Sharpe λ=0.50,0.17213710183464692,0.13877844935694494,1.0962588394639206
2025-05-21,Shrunk Max Sharpe λ=0.50,0.15856944208358414,0.13885307788790668,0.9979572955195742
2025-05-22,Shrunk Max Sharpe λ=0.50,0.15320047953480365,0.1388268635764853,0.9594719357858154
2025-05-23,Shrunk Max Sharpe λ=0.50,0.1585538235389361,0.13890856013159963,0.9974462582267971
2025-05-27,Shrunk Max Sharpe λ=0.50,0.17118696102131814,0.13870414924746938,1.0899959506732386
2025-05-28,Shrunk Max Sharpe λ=0.50,0.1789073510779633,0.1383519449057958,1.1485733083561906
2025-05-29,Shrunk Max Sharpe λ=0.50,0.17739647180171247,0.13830901773200097,1.1380058537231241
2025-05-30,Shrunk Max Sharpe λ=0.50,0.17079392340912758,0.13826939980880842,1.0905805884572972
2025-06-02,Shrunk Max Sharpe λ=0.50,0.1909328317123895,0.13817562109981132,1.2370693929352123
2025-06-03,Shrunk Max Sharpe λ=0.50,0.1941364592795669,0.13811346263524568,1.2608217617384418
2025-06-04,Shrunk Max Sharpe λ=0.50,0.19815455135127058,0.13817000165483287,1.2893866195089472
2025-06-05,Shrunk Max Sharpe λ=0.50,0.1874028577910949,0.13819828435727335,1.2113237047018703
2025-06-06,Shrunk Max Sharpe λ=0.50,0.18487926041089375,0.13825123541869014,1.192606054561186
2025-06-09,Shrunk Max Sharpe λ=0.50,0.1716120219675319,0.13763125276369229,1.101581355419645
2025-06-10,Shrunk Max Sharpe λ=0.50,0.17176906217735066,0.1376330671677029,1.1027078397695182
2025-06-11,Shrunk Max Sharpe λ=0.50,0.18919401404482517,0.13701341376222734,1.234871896108245
2025-06-12,Shrunk Max Sharpe λ=0.50,0.1914823228203073,0.13708499061538879,1.2509197546026398
2025-06-13,Shrunk Max Sharpe λ=0.50,0.1870865701345792,0.13708695237175442,1.2188364191033394
2025-06-16,Shrunk Max Sharpe λ=0.50,0.17451778064977463,0.136904223695518,1.1286560522298428
2025-06-17,Shrunk Max Sharpe λ=0.50,0.17559594603548367,0.13689170984854312,1.1366352732947445
2025-06-18,Shrunk Max Sharpe λ=0.50,0.16866246731517842,0.1368530448266548,1.0862927273812728
2025-06-20,Shrunk Max Sharpe λ=0.50,0.16225709664486443,0.136792227070714,1.0399501469577317
2025-06-23,Shrunk Max Sharpe λ=0.50,0.16550378713182656,0.13685828183543186,1.0631712248644967
2025-06-24,Shrunk Max Sharpe λ=0.50,0.1649598833453052,0.13685895237716614,1.0591918236069346
2025-06-25,Shrunk Max Sharpe λ=0.50,0.17396230651346256,0.13666878362628868,1.1265360123088666
2025-06-26,Shrunk Max Sharpe λ=0.50,0.1809243284384905,0.13666291206495443,1.1775274359879355
2025-06-27,Shrunk Max Sharpe λ=0.50,0.17129023355398365,0.13674913182625043,1.1063341429195233
2025-06-30,Shrunk Max Sharpe λ=0.50,0.1822054527189878,0.1368483261046379,1.1852936556561253
2025-07-01,Shrunk Max Sharpe λ=0.50,0.17872437372958183,0.13679295806787398,1.1603256188876765
2025-07-02,Shrunk Max Sharpe λ=0.50,0.18492329481452807,0.13676707539709718,1.2058698655044027
2025-07-03,Shrunk Max Sharpe λ=0.50,0.18041251392396385,0.13674676253206441,1.1730626082379851
2025-07-07,Shrunk Max Sharpe λ=0.50,0.16982763163756753,0.13673273488865825,1.0957700199558833
2025-07-08,Shrunk Max Sharpe λ=0.50,0.15560482702167833,0.13658854980732119,0.992797911779351
2025-07-09,Shrunk Max Sharpe λ=0.50,0.1507456236574094,0.1363747863146229,0.9587228489273174
2025-07-10,Shrunk Max Sharpe λ=0.50,0.15590680471754914,0.13632448860677768,0.9969361052185325
2025-07-11,Shrunk Max Sharpe λ=0.50,0.15511819661665882,0.13632596434930103,0.9911405891136952
2025-07-14,Shrunk Max Sharpe λ=0.50,0.14465976145726245,0.13609381674266785,0.9159840207360381
2025-07-15,Shrunk Max Sharpe λ=0.50,0.1442811938199544,0.1361042627938843,0.9131322654321659
2025-07-16,Shrunk Max Sharpe λ=0.50,0.14306705279132625,0.13607729462022028,0.9043907959428171
2025-07-17,Shrunk Max Sharpe λ=0.50,0.14287892307107652,0.13607599605622403,0.9030168922688265
2025-07-18,Shrunk Max Sharpe λ=0.50,0.13506965962773054,0.13585437418705215,0.8470073953547935
2025-07-21,Shrunk Max Sharpe λ=0.50,0.1599619594920345,0.13509941913415513,1.035992311358873
2025-07-22,Shrunk Max Sharpe λ=0.50,0.17200731890969756,0.13493702051795456,1.1265056715067432
2025-07-23,Shrunk Max Sharpe λ=0.50,0.18206134043705124,0.13448892669156018,1.2050162375726758
2025-07-24,Shrunk Max Sharpe λ=0.50,0.1692891162005017,0.13427837880073018,1.1117881935560716
2025-07-25,Shrunk Max Sharpe λ=0.50,0.16989038110134924,0.13427287333840598,1.1163117119239914
2025-07-28,Shrunk Max Sharpe λ=0.50,0.19041130393553174,0.13272504727931014,1.2839423110312678
2025-07-29,Shrunk Max Sharpe λ=0.50,0.20549497424545615,0.13228039536817682,1.4022862097529032
2025-07-30,Shrunk Max Sharpe λ=0.50,0.18444938378635167,0.13210520329770187,1.2448365369512473
2025-07-31,Shrunk Max Sharpe λ=0.50,0.1856501858581705,0.13210300901908634,1.2539471060362997
2025-08-01,Shrunk Max Sharpe λ=0.50,0.19309563839802557,0.13210269421654944,1.3103111895225878
2025-08-04,Shrunk Max Sharpe λ=0.50,0.17820390145805298,0.1307870413654908,1.2096297905841025
2025-08-05,Shrunk Max Sharpe λ=0.50,0.19415620987949667,0.12983758214454294,1.3413389790763017
2025-08-06,Shrunk Max Sharpe λ=0.50,0.2147798862542174,0.12889824202582797,1.51111359777264
2025-08-07,Shrunk Max Sharpe λ=0.50,0.24698989763668777,0.12654090367437415,1.7938065166722497
2025-08-08,Shrunk Max Sharpe λ=0.50,0.2452347879358454,0.12652080469337537,1.780219375633158
2025-08-11,Shrunk Max Sharpe λ=0.50,0.24531229125231024,0.12651792864228892,1.780872431838084
2025-08-12,Shrunk Max Sharpe λ=0.50,0.22233649487363882,0.12467868760688491,1.6228635283009312
2025-08-13,Shrunk Max Sharpe λ=0.50,0.22141783813444516,0.12466160056376077,1.615716766218045
2025-08-14,Shrunk Max Sharpe λ=0.50,0.2106216666323859,0.12461832247417491,1.5296439788931449
2025-08-15,Shrunk Max Sharpe λ=0.50,0.19262112859281832,0.12396786225535483,1.3924667688246912
2025-08-18,Shrunk Max Sharpe λ=0.50,0.1927617313041725,0.12396623587226618,1.393619239049775
2025-08-19,Shrunk Max Sharpe λ=0.50,0.17146847802126097,0.12321179108582526,1.2293342762605655
2025-08-20,Shrunk Max Sharpe λ=0.50,0.16452952515779162,0.12298319004549506,1.1751973997773677
2025-08-21,Shrunk Max Sharpe λ=0.50,0.15171014551733197,0.12285819515212971,1.0720501416632509
2025-08-22,Shrunk Max Sharpe λ=0.50,0.16442871317431962,0.12327101191854245,1.171635658103936
2025-08-25,Shrunk Max Sharpe λ=0.50,0.15760988313280033,0.12329989176819496,1.1160584260001485
2025-08-26,Shrunk Max Sharpe λ=0.50,0.17607868224239942,0.12277919207832565,1.2712144427765149
2025-08-27,Shrunk Max Sharpe λ=0.50,0.16470784065480615,0.12228272205890155,1.183387466506534
2025-08-28,Shrunk Max Sharpe λ=0.50,0.17349670846474807,0.12228235521842612,1.2552645734584154
2025-08-29,Shrunk Max Sharpe λ=0.50,0.1705111528425245,0.1222688218881313,1.2309855490407298
2025-09-02,Shrunk Max Sharpe λ=0.50,0.18342696992408936,0.12201635847763484,1.339385734528743
2025-09-03,Shrunk Max Sharpe λ=0.50,0.18839229832069537,0.12211698313445331,1.3789425024960862
2025-09-04,Shrunk Max Sharpe λ=0.50,0.1870684563005547,0.12208766157958366,1.3684303076904296
2025-09-05,Shrunk Max Sharpe λ=0.50,0.21501217763713298,0.12068118494728271,1.615928595019351
2025-09-08,Shrunk Max Sharpe λ=0.50,0.22373356943560108,0.12074763730035794,1.6872675440333205
2025-09-09,Shrunk Max Sharpe λ=0.50,0.22045749821736527,0.12074967864488687,1.660107922994076
2025-09-10,Shrunk Max Sharpe λ=0.50,0.24539317281597905,0.11940543292822192,1.8876291244760148
2025-09-11,Shrunk Max Sharpe λ=0.50,0.23744993395594816,0.11911407930031381,1.8255602967614533
2025-09-12,Shrunk Max Sharpe λ=0.50,0.2311775588663365,0.11904993191820827,1.7738570317824571
2025-09-15,Shrunk Max Sharpe λ=0.50,0.2264575670344502,0.11882341124002964,1.7375159059976395
2025-09-16,Shrunk Max Sharpe λ=0.50,0.21279069314448007,0.11833590063986016,1.629181779172944
2025-09-17,Shrunk Max Sharpe λ=0.50,0.20115415852250385,0.11829277661074263,1.5314050757183135
2025-09-18,Shrunk Max Sharpe λ=0.50,0.20085142080165075,0.11829486971121318,1.5288188003685492
2025-09-19,Shrunk Max Sharpe λ=0.50,0.2090844841369226,0.11833643239971575,1.5978552023457553
2025-09-22,Shrunk Max Sharpe λ=0.50,0.22267494928738985,0.11833356315693723,1.7127427238762072
2025-09-23,Shrunk Max Sharpe λ=0.50,0.19962653879601455,0.11686570099889272,1.5370338539082267
2025-09-24,Shrunk Max Sharpe λ=0.50,0.1917360095256504,0.11699549098478598,1.4678857114927861
2025-09-25,Shrunk Max Sharpe λ=0.50,0.18743559717649227,0.11699614485345304,1.4311206355236632
2025-09-26,Shrunk Max Sharpe λ=0.50,0.18330990760205923,0.11685679410335528,1.39752171754445
2025-09-29,Shrunk Max Sharpe λ=0.50,0.19327915665350326,0.1170124841742841,1.4808604216573409
2025-09-30,Shrunk Max Sharpe λ=0.50,0.18914874947849802,0.11687157623986244,1.4473044252551541
2025-10-01,Shrunk Max Sharpe λ=0.50,0.19871555737967972,0.11674668312017318,1.5307977289232182
2025-10-02,Shrunk Max Sharpe λ=0.50,0.19932753238698764,0.11674132246024209,1.536110167400752
2025-10-03,Shrunk Max Sharpe λ=0.50,0.20375760431053824,0.11671186481834016,1.5744552158133498
2025-10-06,Shrunk Max Sharpe λ=0.50,0.21032501327248765,0.1168020694428054,1.6294661060409064
2025-10-07,Shrunk Max Sharpe λ=0.50,0.21445757918695918,0.11677187597731026,1.665277512752676
2025-10-08,Shrunk Max Sharpe λ=0.50,0.2186130897157672,0.11689086129090294,1.6991327424774851
2025-10-09,Shrunk Max Sharpe λ=0.50,0.21850965021433777,0.11689634674720384,1.6981681270470168
2025-10-10,Shrunk Max Sharpe λ=0.50,0.2107855134034895,0.11689972551110676,1.6320441521084905
2025-10-13,Shrunk Max Sharpe λ=0.50,0.22373054923208935,0.11745330022509486,1.7345664093018023
2025-10-14,Shrunk Max Sharpe λ=0.50,0.22563340326108916,0.1174711890409461,1.7505007392869156
2025-10-15,Shrunk Max Sharpe λ=0.50,0.22633370633875116,0.11749572138977554,1.7560954892499285
2025-10-16,Shrunk Max Sharpe λ=0.50,0.2303739528291988,0.1176174073393606,1.788629400937299
2025-10-17,Shrunk Max Sharpe λ=0.50,0.22889111778897786,0.11766867012879804,1.7752483950088782
2025-10-20,Shrunk Max Sharpe λ=0.50,0.24295966167422267,0.11845130096635086,1.8822896823865203
2025-10-21,Shrunk Max Sharpe λ=0.50,0.21837477490612556,0.12006190464786536,1.6522707638859082
2025-10-22,Shrunk Max Sharpe λ=0.50,0.20951626457047623,0.1199645281992427,1.5797691819011597
2025-10-23,Shrunk Max Sharpe λ=0.50,0.21365262337477953,0.11994334875467563,1.6145340728385371
2025-10-24,Shrunk Max Sharpe λ=0.50,0.2121235356683262,0.11992617275589267,1.602015066881104
2025-10-27,Shrunk Max Sharpe λ=0.50,0.2187076709050777,0.11955200842095115,1.6621023229104928
2025-10-28,Shrunk Max Sharpe λ=0.50,0.21111103577600887,0.11948764721309599,1.5994208626033009
2025-10-29,Shrunk Max Sharpe λ=0.50,0.20509603789264297,0.11956651197082345,1.548059191839685
2025-10-30,Shrunk Max Sharpe λ=0.50,0.20629926104275542,0.11957026566019699,1.5580734893756403
2025-10-31,Shrunk Max Sharpe λ=0.50,0.19808126316205743,0.1194768153474972,1.490508954763397
2025-11-03,Shrunk Max Sharpe λ=0.50,0.20029145863986764,0.11946046876888836,1.5092143911528144
2025-11-04,Shrunk Max Sharpe λ=0.50,0.21006586140410044,0.118591212189875,1.6026976864001374
2025-11-05,Shrunk Max Sharpe λ=0.50,0.21100351123573158,0.11860109075249643,1.6104701063359417
2025-11-06,Shrunk Max Sharpe λ=0.50,0.2103148759181679,0.11860958856096553,1.6045488246537989
2025-11-07,Shrunk Max Sharpe λ=0.50,0.20256457434892838,0.11836528172189575,1.5423827974986077
2025-11-10,Shrunk Max Sharpe λ=0.50,0.21087883202925894,0.11883834405102255,1.6062057541571453
2025-11-11,Shrunk Max Sharpe λ=0.50,0.1993315755757723,0.11824226831649538,1.5166452583247227
2025-11-12,Shrunk Max Sharpe λ=0.50,0.20603358182263576,0.11830795261009354,1.5724520433190572
2025-11-13,Shrunk Max Sharpe λ=0.50,0.20426115029580139,0.11841457332828337,1.5560681858386645
2025-11-14,Shrunk Max Sharpe λ=0.50,0.20279341830668196,0.11848066374673659,1.5428122406321074
2025-11-17,Shrunk Max Sharpe λ=0.50,0.20016314454970963,0.11857910257994209,1.519349873880599
2025-11-18,Shrunk Max Sharpe λ=0.50,0.20630001531516284,0.11845150634839995,1.5727956617723453
2025-11-19,Shrunk Max Sharpe λ=0.50,0.22213985777536815,0.1177996866573291,1.7159626100142238
2025-11-20,Shrunk Max Sharpe λ=0.50,0.2065435900654451,0.11756871079530615,1.5866771762958953
2025-11-21,Shrunk Max Sharpe λ=0.50,0.2039093895974149,0.11749191833993036,1.5652939554984877
2025-11-24,Shrunk Max Sharpe λ=0.50,0.21403266883250316,0.11784127432850092,1.6465594923185136
2025-11-25,Shrunk Max Sharpe λ=0.50,0.21222834499359067,0.11779518303930792,1.6318862964833174
2025-11-26,Shrunk Max Sharpe λ=0.50,0.21169759317542458,0.1177785625792795,1.6276102286983547
2025-11-28,Shrunk Max Sharpe λ=0.50,0.22510272494985917,0.11761439243064553,1.743857369078393
2025-12-01,Shrunk Max Sharpe λ=0.50,0.21842767666405805,0.11761991857167614,1.6870244349228882
2025-12-02,Shrunk Max Sharpe λ=0.50,0.22005904396755405,0.11759361744191998,1.7012746807144028
2025-12-03,Shrunk Max Sharpe λ=0.50,0.21250431889703703,0.11738789074177687,1.6398992918315312
2025-12-04,Shrunk Max Sharpe λ=0.50,0.21000761891286457,0.1173978259103071,1.618493506498425
2025-12-05,Shrunk Max Sharpe λ=0.50,0.207266919852525,0.11740325026650617,1.595074407458293
2025-12-08,Shrunk Max Sharpe λ=0.50,0.19619675495561006,0.11729280327921454,1.5021957872059308
2025-12-09,Shrunk Max Sharpe λ=0.50,0.20124922992986338,0.11721902872014708,1.5462440860398554
2025-12-10,Shrunk Max Sharpe λ=0.50,0.20241346793573345,0.1172466143678028,1.5558101094800243
2025-12-11,Shrunk Max Sharpe λ=0.50,0.2080498938365296,0.11726290803369417,1.6036605009189744
2025-12-12,Shrunk Max Sharpe λ=0.50,0.2021991384412496,0.11732908876970168,1.552889742448077
2025-12-15,Shrunk Max Sharpe λ=0.50,0.18976012525708352,0.11691977583657583,1.4519368006175886
2025-12-16,Shrunk Max Sharpe λ=0.50,0.2005707206997991,0.11656021035875583,1.5491626185644998
2025-12-17,Shrunk Max Sharpe λ=0.50,0.20145081780344598,0.11654641015920031,1.5568975273934857
2025-12-18,Shrunk Max Sharpe λ=0.50,0.19772121521055586,0.11644038245785485,1.5262850521371432
2025-12-19,Shrunk Max Sharpe λ=0.50,0.20478394985378534,0.1163606491449574,1.5880278359704658
2025-12-22,Shrunk Max Sharpe λ=0.50,0.2482340470911053,0.11326596269297295,2.015027654069151
2025-12-23,Shrunk Max Sharpe λ=0.50,0.25659122771512877,0.11332579231114269,2.087708569162733
2025-12-24,Shrunk Max Sharpe λ=0.50,0.2459340988732448,0.11299674681532851,1.9994743675452067
2025-12-26,Shrunk Max Sharpe λ=0.50,0.24662126827131226,0.11300937923401734,2.0053315026359884
2025-12-29,Shrunk Max Sharpe λ=0.50,0.219811664099145,0.11369161497042929,1.7574881327098324
2025-12-30,Shrunk Max Sharpe λ=0.50,0.21657345975163067,0.11369401122521859,1.7289693417732852
2025-12-31,Shrunk Max Sharpe λ=0.50,0.2213155869715453,0.11341021308846871,1.7751098555339422
2026-01-02,Shrunk Max Sharpe λ=0.50,0.2332897769999347,0.11305387541080521,1.886620659618267
2026-01-05,Shrunk Max Sharpe λ=0.50,0.2493201639403455,0.11347994495960544,2.020799040940448
2026-01-06,Shrunk Max Sharpe λ=0.50,0.25200475440021286,0.11353428112805489,2.043477547882966
2026-01-07,Shrunk Max Sharpe λ=0.50,0.24046194110801533,0.11347018256990953,1.942906375180878
2026-01-08,Shrunk Max Sharpe λ=0.50,0.23445806633109822,0.11339612124460738,1.8912292940645614
2026-01-09,Shrunk Max Sharpe λ=0.50,0.24982815485776344,0.1131657293774902,2.030898895999857
2026-01-12,Shrunk Max Sharpe λ=0.50,0.2540204190848807,0.1132528933512862,2.0663526746199725
2026-01-13,Shrunk Max Sharpe λ=0.50,0.2629090251010513,0.11295290848373281,2.150533601673785
2026-01-14,Shrunk Max Sharpe λ=0.50,0.2705438382790364,0.11286490793619991,2.219855957536982
2026-01-15,Shrunk Max Sharpe λ=0.50,0.2659444265658555,0.11289548203927419,2.178514340195617
2026-01-16,Shrunk Max Sharpe λ=0.50,0.24239388185280686,0.11199216497358266,1.9857985771171258
2026-01-20,Shrunk Max Sharpe λ=0.50,0.24726133098269276,0.11201953804496258,2.0287651149880146
2026-01-21,Shrunk Max Sharpe λ=0.50,0.25043436573498323,0.11218081278997456,2.0541335011220103
2026-01-22,Shrunk Max Sharpe λ=0.50,0.2471049261440632,0.11199437538749595,2.0278243917008285
2026-01-23,Shrunk Max Sharpe λ=0.50,0.24476333447638643,0.11191011694917039,2.008427304016437
2026-01-26,Shrunk Max Sharpe λ=0.50,0.2502557200274287,0.11203784941524082,2.0551601198095324
2026-01-27,Shrunk Max Sharpe λ=0.50,0.2610620002573327,0.11226968310427739,2.1471691519199494
2026-01-28,Shrunk Max Sharpe λ=0.50,0.2956264600723102,0.11150606277430758,2.4718517828953246
2026-01-29,Shrunk Max Sharpe λ=0.50,0.28387120224835005,0.11117867618559156,2.373397591169978
2026-01-30,Shrunk Max Sharpe λ=0.50,0.2462384813486902,0.1160118748534155,1.9501321018606874
2026-02-02,Shrunk Max Sharpe λ=0.50,0.22258829966674343,0.1164271819999136,1.7400429709523828
2026-02-03,Shrunk Max Sharpe λ=0.50,0.2452948759136604,0.1174735054061772,1.9178356441708222
2026-02-04,Shrunk Max Sharpe λ=0.50,0.24625951180449457,0.11744951809674638,1.926440529267378
2026-02-05,Shrunk Max Sharpe λ=0.50,0.22343547987209722,0.11759696234084413,1.729938221384137
2026-02-06,Shrunk Max Sharpe λ=0.50,0.2352267360482334,0.11835007689783975,1.8185601707214605
2026-02-09,Shrunk Max Sharpe λ=0.50,0.24423335250603118,0.11863760742758167,1.890069745741517
2026-02-10,Shrunk Max Sharpe λ=0.50,0.24959589690180173,0.11844636860505711,1.9383954071851475
2026-02-11,Shrunk Max Sharpe λ=0.50,0.2391524303495134,0.11802892028267417,1.8567689158271785
2026-02-12,Shrunk Max Sharpe λ=0.50,0.2254681835038841,0.11877583124407166,1.7298820926091345
2026-02-13,Shrunk Max Sharpe λ=0.50,0.23789825686878352,0.11906376913945609,1.830097085315394
2026-02-17,Shrunk Max Sharpe λ=0.50,0.2131076848817568,0.11900099044063957,1.6227401483526591
2026-02-18,Shrunk Max Sharpe λ=0.50,0.22580171789711767,0.11913494529707348,1.7274672631437649
2026-02-19,Shrunk Max Sharpe λ=0.50,0.21853886637012598,0.11900603095343192,1.6683092846598335
2026-02-20,Shrunk Max Sharpe λ=0.50,0.22729203306395096,0.11921980790420464,1.7387381904734658
2026-02-23,Shrunk Max Sharpe λ=0.50,0.23762806387279278,0.11930898909583718,1.8240709733780325
2026-02-24,Shrunk Max Sharpe λ=0.50,0.2493661859540366,0.11870685786073813,1.932206698817008
2026-02-25,Shrunk Max Sharpe λ=0.50,0.2553586626969735,0.1186390251528608,1.9838216168223308
2026-02-26,Shrunk Max Sharpe λ=0.50,0.2680023338569215,0.11826986434727044,2.0969190691613844
2026-02-27,Shrunk Max Sharpe λ=0.50,0.27083029021106975,0.11830226022156372,2.120249348924521
2026-03-02,Shrunk Max Sharpe λ=0.50,0.2967009641089209,0.11674214453713268,2.3701891481093136
2026-03-03,Shrunk Max Sharpe λ=0.50,0.26537434931155235,0.1178260975794591,2.082512739981716
2026-03-04,Shrunk Max Sharpe λ=0.50,0.28000286476012937,0.11757862588364648,2.211310625601486
2026-03-05,Shrunk Max Sharpe λ=0.50,0.27436797235448207,0.11777614086530994,2.159758084155432
2026-03-06,Shrunk Max Sharpe λ=0.50,0.26460566788190687,0.11756200662998086,2.0806523714059093
2026-03-09,Shrunk Max Sharpe λ=0.50,0.2891964122163939,0.11643281426236803,2.3120321699842328
2026-03-10,Shrunk Max Sharpe λ=0.50,0.2853153291718673,0.11638779575431374,2.279580324142652
2026-03-11,Shrunk Max Sharpe λ=0.50,0.3100650735038195,0.11407362563643497,2.5427882377324305
2026-03-12,Shrunk Max Sharpe λ=0.50,0.29453930459048827,0.11480603375253197,2.391331671489204
2026-03-13,Shrunk Max Sharpe λ=0.50,0.27841918364942697,0.11491587300451189,2.2487683980722206
2026-03-16,Shrunk Max Sharpe λ=0.50,0.289413478007321,0.1148617997223454,2.3455446341479256
2026-03-17,Shrunk Max Sharpe λ=0.50,0.27338257839471525,0.11413648551034436,2.219996325116834
2026-03-18,Shrunk Max Sharpe λ=0.50,0.24587857394469936,0.11518906373431209,1.9609376673613461
2026-03-19,Shrunk Max Sharpe λ=0.50,0.23606380008406913,0.1158419046678829,1.8651609769670223
2026-03-20,Shrunk Max Sharpe λ=0.50,0.20377146984951544,0.11701827388549607,1.5704510393764504
2026-03-23,Shrunk Max Sharpe λ=0.50,0.20422606972808865,0.11700860349600226,1.574466015521525
2026-03-24,Shrunk Max Sharpe λ=0.50,0.2033682450650014,0.11702501846378095,1.5669148996695401
2026-03-25,Shrunk Max Sharpe λ=0.50,0.20627683870048652,0.11724822534242751,1.588739088855789
2026-03-26,Shrunk Max Sharpe λ=0.50,0.17746331285899264,0.11901714717195412,1.3230304758648945
2026-03-27,Shrunk Max Sharpe λ=0.50,0.19556661859725066,0.11863178964679101,1.4799289391146748
2026-03-30,Shrunk Max Sharpe λ=0.50,0.19570824435476197,0.11863263660933486,1.4811121911871594
2026-03-31,Shrunk Max Sharpe λ=0.50,0.23504899949411273,0.11974019771574929,1.795963290495115
2026-04-01,Shrunk Max Sharpe λ=0.50,0.23526964822139074,0.11974844846785637,1.797682149336363
2026-04-02,Shrunk Max Sharpe λ=0.50,0.22942134421931693,0.11981260647370348,1.747907422957874
2026-04-06,Shrunk Max Sharpe λ=0.50,0.22508338529358207,0.1198058797504691,1.7117973318231827
2026-04-07,Shrunk Max Sharpe λ=0.50,0.2526209506298118,0.11823796288858868,1.9673964685014242
2026-04-08,Shrunk Max Sharpe λ=0.50,0.30965784040627686,0.11334737184729074,2.555487927823536
2026-04-09,Shrunk Max Sharpe λ=0.50,0.3309200245541999,0.11254293133490992,2.762679280397906
2026-04-10,Shrunk Max Sharpe λ=0.50,0.33607708775081413,0.11238246140940332,2.812512591260678
2026-04-13,Shrunk Max Sharpe λ=0.50,0.26992512137008506,0.09836752314898314,2.54072801031657
2026-04-14,Shrunk Max Sharpe λ=0.50,0.2980171763224102,0.09806021593925708,2.8351678982088573
2026-04-15,Shrunk Max Sharpe λ=0.50,0.2797299124605104,0.09731507184554407,2.6689587495012783
2026-04-16,Shrunk Max Sharpe λ=0.50,0.2727691829848917,0.09726180789941957,2.59885342915161
2026-04-17,Shrunk Max Sharpe λ=0.50,0.2814125718711127,0.09760800801302563,2.6781877552119244
2026-04-20,Shrunk Max Sharpe λ=0.50,0.2743540960931423,0.09767859890670613,2.6039900135758356
2026-04-21,Shrunk Max Sharpe λ=0.50,0.2609953431170542,0.09838511487841892,2.449510207055898
2026-04-22,Shrunk Max Sharpe λ=0.50,0.2706359110530363,0.09854552002884999,2.5433516508884484
2026-04-23,Shrunk Max Sharpe λ=0.50,0.25604753794897994,0.09849962480946357,2.396430833169033
2026-04-24,Shrunk Max Sharpe λ=0.50,0.2625014765244764,0.09853728920869499,2.4610122571047746
2026-04-27,Shrunk Max Sharpe λ=0.50,0.2410518670249573,0.0976332872821469,2.264103495625908
2026-04-28,Shrunk Max Sharpe λ=0.50,0.232358758713888,0.09789096478148135,2.1693397259688796
2026-04-29,Shrunk Max Sharpe λ=0.50,0.21872134909810215,0.09792358200189735,2.029351306759303
2026-04-30,Shrunk Max Sharpe λ=0.50,0.22727342313082177,0.09813972552897834,2.112023668434031
2026-05-01,Shrunk Max Sharpe λ=0.50,0.23094961637428102,0.09810242164744166,2.1502997870163405
2026-05-04,Shrunk Max Sharpe λ=0.50,0.22908479152116157,0.09821330733680622,2.128884539079211
2026-05-05,Shrunk Max Sharpe λ=0.50,0.2321389185113405,0.09829714729625136,2.158139115390489
2026-05-06,Shrunk Max Sharpe λ=0.50,0.24020571497413346,0.0988977546413029,2.2265997420548964
2026-05-07,Shrunk Max Sharpe λ=0.50,0.22913520194385617,0.09877005140469619,2.1173948881220537
2026-05-08,Shrunk Max Sharpe λ=0.50,0.23814427848376174,0.09881336664849599,2.2076393698815653
2026-05-11,Shrunk Max Sharpe λ=0.50,0.24582151453907697,0.09854334928067654,2.2915956905004298
2026-05-12,Shrunk Max Sharpe λ=0.50,0.23969817180855912,0.09861195402085161,2.2279060788320217
2026-05-13,Shrunk Max Sharpe λ=0.50,0.24049720278548414,0.0986078686207377,2.23610149848744
2026-05-14,Shrunk Max Sharpe λ=0.50,0.23697933768469914,0.09857983112965013,2.201052032634672
2026-05-15,Shrunk Max Sharpe λ=0.50,0.23109870319843506,0.09909083684816525,2.1303554386355326
2026-05-18,Shrunk Max Sharpe λ=0.50,0.2201565673908632,0.09876670128767906,2.0265592024569554
2026-05-19,Shrunk Max Sharpe λ=0.50,0.21255056317335708,0.09910327885516305,1.9429282804534136
2026-05-20,Shrunk Max Sharpe λ=0.50,0.21927821200040287,0.09944358804146294,2.0039322386206937
2026-05-21,Shrunk Max Sharpe λ=0.50,0.21564609089720355,0.09939384395661219,1.9683924386967848
2026-05-22,Shrunk Max Sharpe λ=0.50,0.22323254869737563,0.09915756113881571,2.0495920468723514
2026-05-26,Shrunk Max Sharpe λ=0.50,0.2293497232775441,0.09919476036669206,2.110491748794428
2026-05-27,Shrunk Max Sharpe λ=0.50,0.21968846683914656,0.0991472339300797,2.0140598877420044
2026-05-28,Shrunk Max Sharpe λ=0.50,0.221784199701903,0.09920824201697116,2.0339459262606887
2026-05-29,Shrunk Max Sharpe λ=0.50,0.23041390353266245,0.09915015595799585,2.122174206380498
2026-06-01,Shrunk Max Sharpe λ=0.50,0.22182132286741996,0.09912918605451168,2.0359424998853246
2026-06-02,Shrunk Max Sharpe λ=0.50,0.22434598422276752,0.09910912224425145,2.0618282111223123
2026-06-03,Shrunk Max Sharpe λ=0.50,0.20774783783280504,0.09899335415870891,1.8965701225943155
2026-06-04,Shrunk Max Sharpe λ=0.50,0.2133005733550828,0.09901213782416514,1.9522916846656087
2026-06-05,Shrunk Max Sharpe λ=0.50,0.18700576966203974,0.10052172214138991,1.6613898578770467
2026-06-08,Shrunk Max Sharpe λ=0.50,0.19267513990438,0.10040124808259641,1.7198505317615826
2026-06-09,Shrunk Max Sharpe λ=0.50,0.1945225942212745,0.10034363767729518,1.7392492265681918
2026-06-10,Shrunk Max Sharpe λ=0.50,0.1761636938687754,0.10124654103898222,1.5424101630163232
2026-06-11,Shrunk Max Sharpe λ=0.50,0.19028875398797185,0.10218737612080667,1.6664363099670476
2026-06-12,Shrunk Max Sharpe λ=0.50,0.18873521950259642,0.10217575862662708,1.6514212546166886
2026-06-15,Shrunk Max Sharpe λ=0.50,0.1925618469941801,0.1024192587894388,1.6848574089854107
2026-06-16,Shrunk Max Sharpe λ=0.50,0.19384453131174295,0.10240471085547281,1.697622402909721
2026-06-17,Shrunk Max Sharpe λ=0.50,0.184604667599372,0.10292393249697067,1.5992846717571423
2026-06-18,Shrunk Max Sharpe λ=0.50,0.19014019403852345,0.10296517629617016,1.6524052127015287
2026-06-22,Shrunk Max Sharpe λ=0.50,0.18721747447738535,0.10304497461384327,1.6227620522400616
2026-06-23,Shrunk Max Sharpe λ=0.50,0.17975247041292985,0.10331623134043809,1.5462475580098185
2026-06-24,Shrunk Max Sharpe λ=0.50,0.17044451575668407,0.10326790006157519,1.4568371746397386
2026-06-25,Shrunk Max Sharpe λ=0.50,0.17320417284033596,0.10328494092418952,1.4833156844499416
2026-06-26,Shrunk Max Sharpe λ=0.50,0.17284595108628564,0.10328400514453694,1.479860805866224
2026-06-29,Shrunk Max Sharpe λ=0.50,0.17183676711649798,0.10326365627673127,1.4703795371103072
2026-06-30,Shrunk Max Sharpe λ=0.50,0.17657911036751917,0.10312686723396501,1.5183153970176027
2026-07-01,Shrunk Max Sharpe λ=0.50,0.16786108970105595,0.10295220178811618,1.4362110487482904
2026-07-02,Shrunk Max Sharpe λ=0.50,0.17016856878594577,0.1029930263425135,1.4580459873714686
2026-07-06,Shrunk Max Sharpe λ=0.50,0.17201774729750596,0.10303618285611633,1.4753821723946177
2026-07-07,Shrunk Max Sharpe λ=0.50,0.16464249453167956,0.10329730309665117,1.4002543163817487
2026-07-08,Shrunk Max Sharpe λ=0.50,0.16505672868137333,0.1032832898602045,1.404454959536144
2026-07-09,Shrunk Max Sharpe λ=0.50,0.1749254986572668,0.10325709743446912,1.5003859541528217
2026-07-10,Shrunk Max Sharpe λ=0.50,0.1683385340792507,0.10315527228646856,1.4380121421938128
2026-07-13,Shrunk Max Sharpe λ=0.50,0.15672011414414633,0.10356992020482758,1.3200754994670119
2026-07-14,Shrunk Max Sharpe λ=0.50,0.16211625923288953,0.10364674777693407,1.3711598509462988
2026-07-15,Shrunk Max Sharpe λ=0.50,0.16599171644340416,0.10366341070645575,1.4083244555478664
2026-07-16,Shrunk Max Sharpe λ=0.50,0.16464611971261012,0.10372009753372505,1.394581408541173
2026-07-17,Shrunk Max Sharpe λ=0.50,0.16011005435924863,0.10368629378288478,1.351288094573366
2026-07-20,Shrunk Max Sharpe λ=0.50,0.15506809180594128,0.1037379783078164,1.3020119922248787
2026-07-21,Shrunk Max Sharpe λ=0.50,0.15779224171617456,0.1037847508529351,1.3276732909580204
2026-07-22,Shrunk Max Sharpe λ=0.50,0.15062926180936298,0.10360607472906877,1.2608262802249792
2026-07-23,Shrunk Max Sharpe λ=0.50,0.13685705294005324,0.10394023936395186,1.1242715396380079
2026-07-24,Shrunk Max Sharpe λ=0.50,0.14037507239069558,0.10390591583824939,1.1585006630236894
2026-07-27,Shrunk Max Sharpe λ=0.50,0.14607725206707634,0.10389415448767451,1.213516320420448
2026-07-28,Shrunk Max Sharpe λ=0.50,0.14673482048353192,0.10388974219792263,1.219897343109069
2026-07-29,Shrunk Max Sharpe λ=0.50,0.14288737592802936,0.10404852118195596,1.1810583613497856
2026-07-30,Shrunk Max Sharpe λ=0.50,0.14888618946649257,0.10427224988771112,1.2360545553134967
2026-07-31,Shrunk Max Sharpe λ=0.50,0.1545738446566236,0.10404004624489097,1.293481207609825
2026-08-03,Shrunk Max Sharpe λ=0.50,0.15946427929566465,0.10414022719158235,1.339196994827927
2026-08-04,Shrunk Max Sharpe λ=0.50,0.16518255523686065,0.1044121768912167,1.3904753215529753
2026-08-05,Shrunk Max Sharpe λ=0.50,0.16350356221387585,0.10432121864953499,1.3755932309032275
2026-08-06,Shrunk Max Sharpe λ=0.50,0.16270265216037338,0.10433992489051254,1.3676706429501093
2026-08-07,Shrunk Max Sharpe λ=0.50,0.16770528035507692,0.10449298535540398,1.4135425440540175
2026-08-10,Shrunk Max Sharpe λ=0.50,0.16363845630393814,0.10449832768474022,1.374552679324011
2026-08-11,Shrunk Max Sharpe λ=0.50,0.16013348843786868,0.10450220631794452,1.3409620081275333
2026-08-12,Shrunk Max Sharpe λ=0.50,0.1692422127684785,0.10437908732752968,1.4298095201788215
2026-08-13,Shrunk Max Sharpe λ=0.50,0.1668847406323879,0.10434055491737368,1.407743525503622
2026-08-14,Shrunk Max Sharpe λ=0.50,0.16141912914756018,0.10432761131807158,1.355529254057249
2026-08-17,Shrunk Max Sharpe λ=0.50,0.1634081271970793,0.10428160553254703,1.375200606710266
2026-08-18,Shrunk Max Sharpe λ=0.50,0.16056806190166562,0.10435831490524383,1.3469751981842542
2026-08-19,Shrunk Max Sharpe λ=0.50,0.17349280431529723,0.10478688060370027,1.46480936765167
2026-08-20,Shrunk Max Sharpe λ=0.50,0.17242152601374983,0.1048247877806117,1.454059953193071
2026-08-21,Shrunk Max Sharpe λ=0.50,0.17352084736905482,0.10484429853976379,1.4642746387475682
2026-08-24,Shrunk Max Sharpe λ=0.50,0.17987208939454602,0.10476553571289608,1.525998872689071
2026-08-25,Shrunk Max Sharpe λ=0.50,0.17291423743097845,0.10436097928448362,1.465243412618242
2026-08-26,Shrunk Max Sharpe λ=0.50,0.1724096730356759,0.10437660138695577,1.460190033115247
2026-08-27,Shrunk Max Sharpe λ=0.50,0.1692230541339872,0.10431168400446632,1.4305497563206622
2026-08-28,Shrunk Max Sharpe λ=0.50,0.15746567072529172,0.10467011732607788,1.3133229830730595
2026-08-31,Shrunk Max Sharpe λ=0.50,0.15045631200725507,0.10462497631502878,1.2468945427949003
2026-09-01,Shrunk Max Sharpe λ=0.50,0.14028878577060522,0.10504388656305577,1.145128857150561
2026-09-02,Shrunk Max Sharpe λ=0.50,0.1412083199556584,0.10506868017000379,1.1536103790353156
2018-02-01,Turnover-Aware Max Sharpe γ=0.10,,,
2018-02-02,Turnover-Aware Max Sharpe γ=0.10,,,
2018-02-05,Turnover-Aware Max Sharpe γ=0.10,,,
2018-02-06,Turnover-Aware Max Sharpe γ=0.10,,,
2018-02-07,Turnover-Aware Max Sharpe γ=0.10,,,
2018-02-08,Turnover-Aware Max Sharpe γ=0.10,,,
2018-02-09,Turnover-Aware Max Sharpe γ=0.10,,,
2018-02-12,Turnover-Aware Max Sharpe γ=0.10,,,
2018-02-13,Turnover-Aware Max Sharpe γ=0.10,,,
2018-02-14,Turnover-Aware Max Sharpe γ=0.10,,,
2018-02-15,Turnover-Aware Max Sharpe γ=0.10,,,
2018-02-16,Turnover-Aware Max Sharpe γ=0.10,,,
2018-02-20,Turnover-Aware Max Sharpe γ=0.10,,,
2018-02-21,Turnover-Aware Max Sharpe γ=0.10,,,
2018-02-22,Turnover-Aware Max Sharpe γ=0.10,,,
2018-02-23,Turnover-Aware Max Sharpe γ=0.10,,,
2018-02-26,Turnover-Aware Max Sharpe γ=0.10,,,
2018-02-27,Turnover-Aware Max Sharpe γ=0.10,,,
2018-02-28,Turnover-Aware Max Sharpe γ=0.10,,,
2018-03-01,Turnover-Aware Max Sharpe γ=0.10,,,
2018-03-02,Turnover-Aware Max Sharpe γ=0.10,,,
2018-03-05,Turnover-Aware Max Sharpe γ=0.10,,,
2018-03-06,Turnover-Aware Max Sharpe γ=0.10,,,
2018-03-07,Turnover-Aware Max Sharpe γ=0.10,,,
2018-03-08,Turnover-Aware Max Sharpe γ=0.10,,,
2018-03-09,Turnover-Aware Max Sharpe γ=0.10,,,
2018-03-12,Turnover-Aware Max Sharpe γ=0.10,,,
2018-03-13,Turnover-Aware Max Sharpe γ=0.10,,,
2018-03-14,Turnover-Aware Max Sharpe γ=0.10,,,
2018-03-15,Turnover-Aware Max Sharpe γ=0.10,,,
2018-03-16,Turnover-Aware Max Sharpe γ=0.10,,,
2018-03-19,Turnover-Aware Max Sharpe γ=0.10,,,
2018-03-20,Turnover-Aware Max Sharpe γ=0.10,,,
2018-03-21,Turnover-Aware Max Sharpe γ=0.10,,,
2018-03-22,Turnover-Aware Max Sharpe γ=0.10,,,
2018-03-23,Turnover-Aware Max Sharpe γ=0.10,,,
2018-03-26,Turnover-Aware Max Sharpe γ=0.10,,,
2018-03-27,Turnover-Aware Max Sharpe γ=0.10,,,
2018-03-28,Turnover-Aware Max Sharpe γ=0.10,,,
2018-03-29,Turnover-Aware Max Sharpe γ=0.10,,,
2018-04-02,Turnover-Aware Max Sharpe γ=0.10,,,
2018-04-03,Turnover-Aware Max Sharpe γ=0.10,,,
2018-04-04,Turnover-Aware Max Sharpe γ=0.10,,,
2018-04-05,Turnover-Aware Max Sharpe γ=0.10,,,
2018-04-06,Turnover-Aware Max Sharpe γ=0.10,,,
2018-04-09,Turnover-Aware Max Sharpe γ=0.10,,,
2018-04-10,Turnover-Aware Max Sharpe γ=0.10,,,
2018-04-11,Turnover-Aware Max Sharpe γ=0.10,,,
2018-04-12,Turnover-Aware Max Sharpe γ=0.10,,,
2018-04-13,Turnover-Aware Max Sharpe γ=0.10,,,
2018-04-16,Turnover-Aware Max Sharpe γ=0.10,,,
2018-04-17,Turnover-Aware Max Sharpe γ=0.10,,,
2018-04-18,Turnover-Aware Max Sharpe γ=0.10,,,
2018-04-19,Turnover-Aware Max Sharpe γ=0.10,,,
2018-04-20,Turnover-Aware Max Sharpe γ=0.10,,,
2018-04-23,Turnover-Aware Max Sharpe γ=0.10,,,
2018-04-24,Turnover-Aware Max Sharpe γ=0.10,,,
2018-04-25,Turnover-Aware Max Sharpe γ=0.10,,,
2018-04-26,Turnover-Aware Max Sharpe γ=0.10,,,
2018-04-27,Turnover-Aware Max Sharpe γ=0.10,,,
2018-04-30,Turnover-Aware Max Sharpe γ=0.10,,,
2018-05-01,Turnover-Aware Max Sharpe γ=0.10,,,
2018-05-02,Turnover-Aware Max Sharpe γ=0.10,,,
2018-05-03,Turnover-Aware Max Sharpe γ=0.10,,,
2018-05-04,Turnover-Aware Max Sharpe γ=0.10,,,
2018-05-07,Turnover-Aware Max Sharpe γ=0.10,,,
2018-05-08,Turnover-Aware Max Sharpe γ=0.10,,,
2018-05-09,Turnover-Aware Max Sharpe γ=0.10,,,
2018-05-10,Turnover-Aware Max Sharpe γ=0.10,,,
2018-05-11,Turnover-Aware Max Sharpe γ=0.10,,,
2018-05-14,Turnover-Aware Max Sharpe γ=0.10,,,
2018-05-15,Turnover-Aware Max Sharpe γ=0.10,,,
2018-05-16,Turnover-Aware Max Sharpe γ=0.10,,,
2018-05-17,Turnover-Aware Max Sharpe γ=0.10,,,
2018-05-18,Turnover-Aware Max Sharpe γ=0.10,,,
2018-05-21,Turnover-Aware Max Sharpe γ=0.10,,,
2018-05-22,Turnover-Aware Max Sharpe γ=0.10,,,
2018-05-23,Turnover-Aware Max Sharpe γ=0.10,,,
2018-05-24,Turnover-Aware Max Sharpe γ=0.10,,,
2018-05-25,Turnover-Aware Max Sharpe γ=0.10,,,
2018-05-29,Turnover-Aware Max Sharpe γ=0.10,,,
2018-05-30,Turnover-Aware Max Sharpe γ=0.10,,,
2018-05-31,Turnover-Aware Max Sharpe γ=0.10,,,
2018-06-01,Turnover-Aware Max Sharpe γ=0.10,,,
2018-06-04,Turnover-Aware Max Sharpe γ=0.10,,,
2018-06-05,Turnover-Aware Max Sharpe γ=0.10,,,
2018-06-06,Turnover-Aware Max Sharpe γ=0.10,,,
2018-06-07,Turnover-Aware Max Sharpe γ=0.10,,,
2018-06-08,Turnover-Aware Max Sharpe γ=0.10,,,
2018-06-11,Turnover-Aware Max Sharpe γ=0.10,,,
2018-06-12,Turnover-Aware Max Sharpe γ=0.10,,,
2018-06-13,Turnover-Aware Max Sharpe γ=0.10,,,
2018-06-14,Turnover-Aware Max Sharpe γ=0.10,,,
2018-06-15,Turnover-Aware Max Sharpe γ=0.10,,,
2018-06-18,Turnover-Aware Max Sharpe γ=0.10,,,
2018-06-19,Turnover-Aware Max Sharpe γ=0.10,,,
2018-06-20,Turnover-Aware Max Sharpe γ=0.10,,,
2018-06-21,Turnover-Aware Max Sharpe γ=0.10,,,
2018-06-22,Turnover-Aware Max Sharpe γ=0.10,,,
2018-06-25,Turnover-Aware Max Sharpe γ=0.10,,,
2018-06-26,Turnover-Aware Max Sharpe γ=0.10,,,
2018-06-27,Turnover-Aware Max Sharpe γ=0.10,,,
2018-06-28,Turnover-Aware Max Sharpe γ=0.10,,,
2018-06-29,Turnover-Aware Max Sharpe γ=0.10,,,
2018-07-02,Turnover-Aware Max Sharpe γ=0.10,,,
2018-07-03,Turnover-Aware Max Sharpe γ=0.10,,,
2018-07-05,Turnover-Aware Max Sharpe γ=0.10,,,
2018-07-06,Turnover-Aware Max Sharpe γ=0.10,,,
2018-07-09,Turnover-Aware Max Sharpe γ=0.10,,,
2018-07-10,Turnover-Aware Max Sharpe γ=0.10,,,
2018-07-11,Turnover-Aware Max Sharpe γ=0.10,,,
2018-07-12,Turnover-Aware Max Sharpe γ=0.10,,,
2018-07-13,Turnover-Aware Max Sharpe γ=0.10,,,
2018-07-16,Turnover-Aware Max Sharpe γ=0.10,,,
2018-07-17,Turnover-Aware Max Sharpe γ=0.10,,,
2018-07-18,Turnover-Aware Max Sharpe γ=0.10,,,
2018-07-19,Turnover-Aware Max Sharpe γ=0.10,,,
2018-07-20,Turnover-Aware Max Sharpe γ=0.10,,,
2018-07-23,Turnover-Aware Max Sharpe γ=0.10,,,
2018-07-24,Turnover-Aware Max Sharpe γ=0.10,,,
2018-07-25,Turnover-Aware Max Sharpe γ=0.10,,,
2018-07-26,Turnover-Aware Max Sharpe γ=0.10,,,
2018-07-27,Turnover-Aware Max Sharpe γ=0.10,,,
2018-07-30,Turnover-Aware Max Sharpe γ=0.10,,,
2018-07-31,Turnover-Aware Max Sharpe γ=0.10,,,
2018-08-01,Turnover-Aware Max Sharpe γ=0.10,,,
2018-08-02,Turnover-Aware Max Sharpe γ=0.10,,,
2018-08-03,Turnover-Aware Max Sharpe γ=0.10,,,
2018-08-06,Turnover-Aware Max Sharpe γ=0.10,,,
2018-08-07,Turnover-Aware Max Sharpe γ=0.10,,,
2018-08-08,Turnover-Aware Max Sharpe γ=0.10,,,
2018-08-09,Turnover-Aware Max Sharpe γ=0.10,,,
2018-08-10,Turnover-Aware Max Sharpe γ=0.10,,,
2018-08-13,Turnover-Aware Max Sharpe γ=0.10,,,
2018-08-14,Turnover-Aware Max Sharpe γ=0.10,,,
2018-08-15,Turnover-Aware Max Sharpe γ=0.10,,,
2018-08-16,Turnover-Aware Max Sharpe γ=0.10,,,
2018-08-17,Turnover-Aware Max Sharpe γ=0.10,,,
2018-08-20,Turnover-Aware Max Sharpe γ=0.10,,,
2018-08-21,Turnover-Aware Max Sharpe γ=0.10,,,
2018-08-22,Turnover-Aware Max Sharpe γ=0.10,,,
2018-08-23,Turnover-Aware Max Sharpe γ=0.10,,,
2018-08-24,Turnover-Aware Max Sharpe γ=0.10,,,
2018-08-27,Turnover-Aware Max Sharpe γ=0.10,,,
2018-08-28,Turnover-Aware Max Sharpe γ=0.10,,,
2018-08-29,Turnover-Aware Max Sharpe γ=0.10,,,
2018-08-30,Turnover-Aware Max Sharpe γ=0.10,,,
2018-08-31,Turnover-Aware Max Sharpe γ=0.10,,,
2018-09-04,Turnover-Aware Max Sharpe γ=0.10,,,
2018-09-05,Turnover-Aware Max Sharpe γ=0.10,,,
2018-09-06,Turnover-Aware Max Sharpe γ=0.10,,,
2018-09-07,Turnover-Aware Max Sharpe γ=0.10,,,
2018-09-10,Turnover-Aware Max Sharpe γ=0.10,,,
2018-09-11,Turnover-Aware Max Sharpe γ=0.10,,,
2018-09-12,Turnover-Aware Max Sharpe γ=0.10,,,
2018-09-13,Turnover-Aware Max Sharpe γ=0.10,,,
2018-09-14,Turnover-Aware Max Sharpe γ=0.10,,,
2018-09-17,Turnover-Aware Max Sharpe γ=0.10,,,
2018-09-18,Turnover-Aware Max Sharpe γ=0.10,,,
2018-09-19,Turnover-Aware Max Sharpe γ=0.10,,,
2018-09-20,Turnover-Aware Max Sharpe γ=0.10,,,
2018-09-21,Turnover-Aware Max Sharpe γ=0.10,,,
2018-09-24,Turnover-Aware Max Sharpe γ=0.10,,,
2018-09-25,Turnover-Aware Max Sharpe γ=0.10,,,
2018-09-26,Turnover-Aware Max Sharpe γ=0.10,,,
2018-09-27,Turnover-Aware Max Sharpe γ=0.10,,,
2018-09-28,Turnover-Aware Max Sharpe γ=0.10,,,
2018-10-01,Turnover-Aware Max Sharpe γ=0.10,,,
2018-10-02,Turnover-Aware Max Sharpe γ=0.10,,,
2018-10-03,Turnover-Aware Max Sharpe γ=0.10,,,
2018-10-04,Turnover-Aware Max Sharpe γ=0.10,,,
2018-10-05,Turnover-Aware Max Sharpe γ=0.10,,,
2018-10-08,Turnover-Aware Max Sharpe γ=0.10,,,
2018-10-09,Turnover-Aware Max Sharpe γ=0.10,,,
2018-10-10,Turnover-Aware Max Sharpe γ=0.10,,,
2018-10-11,Turnover-Aware Max Sharpe γ=0.10,,,
2018-10-12,Turnover-Aware Max Sharpe γ=0.10,,,
2018-10-15,Turnover-Aware Max Sharpe γ=0.10,,,
2018-10-16,Turnover-Aware Max Sharpe γ=0.10,,,
2018-10-17,Turnover-Aware Max Sharpe γ=0.10,,,
2018-10-18,Turnover-Aware Max Sharpe γ=0.10,,,
2018-10-19,Turnover-Aware Max Sharpe γ=0.10,,,
2018-10-22,Turnover-Aware Max Sharpe γ=0.10,,,
2018-10-23,Turnover-Aware Max Sharpe γ=0.10,,,
2018-10-24,Turnover-Aware Max Sharpe γ=0.10,,,
2018-10-25,Turnover-Aware Max Sharpe γ=0.10,,,
2018-10-26,Turnover-Aware Max Sharpe γ=0.10,,,
2018-10-29,Turnover-Aware Max Sharpe γ=0.10,,,
2018-10-30,Turnover-Aware Max Sharpe γ=0.10,,,
2018-10-31,Turnover-Aware Max Sharpe γ=0.10,,,
2018-11-01,Turnover-Aware Max Sharpe γ=0.10,,,
2018-11-02,Turnover-Aware Max Sharpe γ=0.10,,,
2018-11-05,Turnover-Aware Max Sharpe γ=0.10,,,
2018-11-06,Turnover-Aware Max Sharpe γ=0.10,,,
2018-11-07,Turnover-Aware Max Sharpe γ=0.10,,,
2018-11-08,Turnover-Aware Max Sharpe γ=0.10,,,
2018-11-09,Turnover-Aware Max Sharpe γ=0.10,,,
2018-11-12,Turnover-Aware Max Sharpe γ=0.10,,,
2018-11-13,Turnover-Aware Max Sharpe γ=0.10,,,
2018-11-14,Turnover-Aware Max Sharpe γ=0.10,,,
2018-11-15,Turnover-Aware Max Sharpe γ=0.10,,,
2018-11-16,Turnover-Aware Max Sharpe γ=0.10,,,
2018-11-19,Turnover-Aware Max Sharpe γ=0.10,,,
2018-11-20,Turnover-Aware Max Sharpe γ=0.10,,,
2018-11-21,Turnover-Aware Max Sharpe γ=0.10,,,
2018-11-23,Turnover-Aware Max Sharpe γ=0.10,,,
2018-11-26,Turnover-Aware Max Sharpe γ=0.10,,,
2018-11-27,Turnover-Aware Max Sharpe γ=0.10,,,
2018-11-28,Turnover-Aware Max Sharpe γ=0.10,,,
2018-11-29,Turnover-Aware Max Sharpe γ=0.10,,,
2018-11-30,Turnover-Aware Max Sharpe γ=0.10,,,
2018-12-03,Turnover-Aware Max Sharpe γ=0.10,,,
2018-12-04,Turnover-Aware Max Sharpe γ=0.10,,,
2018-12-06,Turnover-Aware Max Sharpe γ=0.10,,,
2018-12-07,Turnover-Aware Max Sharpe γ=0.10,,,
2018-12-10,Turnover-Aware Max Sharpe γ=0.10,,,
2018-12-11,Turnover-Aware Max Sharpe γ=0.10,,,
2018-12-12,Turnover-Aware Max Sharpe γ=0.10,,,
2018-12-13,Turnover-Aware Max Sharpe γ=0.10,,,
2018-12-14,Turnover-Aware Max Sharpe γ=0.10,,,
2018-12-17,Turnover-Aware Max Sharpe γ=0.10,,,
2018-12-18,Turnover-Aware Max Sharpe γ=0.10,,,
2018-12-19,Turnover-Aware Max Sharpe γ=0.10,,,
2018-12-20,Turnover-Aware Max Sharpe γ=0.10,,,
2018-12-21,Turnover-Aware Max Sharpe γ=0.10,,,
2018-12-24,Turnover-Aware Max Sharpe γ=0.10,,,
2018-12-26,Turnover-Aware Max Sharpe γ=0.10,,,
2018-12-27,Turnover-Aware Max Sharpe γ=0.10,,,
2018-12-28,Turnover-Aware Max Sharpe γ=0.10,,,
2018-12-31,Turnover-Aware Max Sharpe γ=0.10,,,
2019-01-02,Turnover-Aware Max Sharpe γ=0.10,,,
2019-01-03,Turnover-Aware Max Sharpe γ=0.10,,,
2019-01-04,Turnover-Aware Max Sharpe γ=0.10,,,
2019-01-07,Turnover-Aware Max Sharpe γ=0.10,,,
2019-01-08,Turnover-Aware Max Sharpe γ=0.10,,,
2019-01-09,Turnover-Aware Max Sharpe γ=0.10,,,
2019-01-10,Turnover-Aware Max Sharpe γ=0.10,,,
2019-01-11,Turnover-Aware Max Sharpe γ=0.10,,,
2019-01-14,Turnover-Aware Max Sharpe γ=0.10,,,
2019-01-15,Turnover-Aware Max Sharpe γ=0.10,,,
2019-01-16,Turnover-Aware Max Sharpe γ=0.10,,,
2019-01-17,Turnover-Aware Max Sharpe γ=0.10,,,
2019-01-18,Turnover-Aware Max Sharpe γ=0.10,,,
2019-01-22,Turnover-Aware Max Sharpe γ=0.10,,,
2019-01-23,Turnover-Aware Max Sharpe γ=0.10,,,
2019-01-24,Turnover-Aware Max Sharpe γ=0.10,,,
2019-01-25,Turnover-Aware Max Sharpe γ=0.10,,,
2019-01-28,Turnover-Aware Max Sharpe γ=0.10,,,
2019-01-29,Turnover-Aware Max Sharpe γ=0.10,,,
2019-01-30,Turnover-Aware Max Sharpe γ=0.10,,,
2019-01-31,Turnover-Aware Max Sharpe γ=0.10,,,
2019-02-01,Turnover-Aware Max Sharpe γ=0.10,-0.01733929023255687,0.12275203892733304,-0.304184684497673
2019-02-04,Turnover-Aware Max Sharpe γ=0.10,-0.01028916485850484,0.12273520292534451,-0.24678465620762993
2019-02-05,Turnover-Aware Max Sharpe γ=0.10,0.00998297906166723,0.12185667656346633,-0.08220329998180796
2019-02-06,Turnover-Aware Max Sharpe γ=0.10,0.03166044151515335,0.11948968994502916,0.09758533577681636
2019-02-07,Turnover-Aware Max Sharpe γ=0.10,0.01409440985065502,0.1189862467510206,-0.04963254418556844
2019-02-08,Turnover-Aware Max Sharpe γ=0.10,0.023409194290082258,0.11880477446320448,0.028695768377037183
2019-02-11,Turnover-Aware Max Sharpe γ=0.10,0.04786293187369495,0.11610211033546197,0.23998643774164502
2019-02-12,Turnover-Aware Max Sharpe γ=0.10,0.04682924752908524,0.11603462152023891,0.23121760710363196
2019-02-13,Turnover-Aware Max Sharpe γ=0.10,0.03566155599315768,0.11560165437759282,0.13547864931069165
2019-02-14,Turnover-Aware Max Sharpe γ=0.10,0.034021642603787816,0.11557679951536813,0.12131883442509907
2019-02-15,Turnover-Aware Max Sharpe γ=0.10,0.029156447408692054,0.11525659420522118,0.079444022026093
2019-02-19,Turnover-Aware Max Sharpe γ=0.10,0.022404826231522845,0.11482339866522269,0.02094369492174952
2019-02-20,Turnover-Aware Max Sharpe γ=0.10,0.022994028629515828,0.11482082612546075,0.02607565831519411
2019-02-21,Turnover-Aware Max Sharpe γ=0.10,0.021861388933214432,0.1148648203564202,0.016205039344845774
2019-02-22,Turnover-Aware Max Sharpe γ=0.10,0.03195846036155081,0.1148943585784906,0.10408222396212198
2019-02-25,Turnover-Aware Max Sharpe γ=0.10,0.03150266849232941,0.11489087123313783,0.10011821103687227
2019-02-26,Turnover-Aware Max Sharpe γ=0.10,0.019950704158675947,0.11425673358045035,-0.000431448018679295
2019-02-27,Turnover-Aware Max Sharpe γ=0.10,0.009133363322003207,0.11400631748901507,-0.09531609227746378
2019-02-28,Turnover-Aware Max Sharpe γ=0.10,0.016475623553970697,0.11360704712605287,-0.031022516077887544
2019-03-01,Turnover-Aware Max Sharpe γ=0.10,0.022603345726391222,0.11352189192160085,0.022932543514946998
2019-03-04,Turnover-Aware Max Sharpe γ=0.10,0.030911692941866242,0.11312518220605221,0.0964567988230163
2019-03-05,Turnover-Aware Max Sharpe γ=0.10,0.02653542219013727,0.11306376217127473,0.057802978289693566
2019-03-06,Turnover-Aware Max Sharpe γ=0.10,0.015686765389824053,0.11299411930460795,-0.03817220432992968
2019-03-07,Turnover-Aware Max Sharpe γ=0.10,0.00714124147126638,0.11304674478382194,-0.1137472693559048
2019-03-08,Turnover-Aware Max Sharpe γ=0.10,0.00826283432913777,0.11304850134834159,-0.10382415981522797
2019-03-11,Turnover-Aware Max Sharpe γ=0.10,0.0148380883346233,0.11342335410074905,-0.04551013066314013
2019-03-12,Turnover-Aware Max Sharpe γ=0.10,0.00898351184329016,0.1130796261283027,-0.09742239635821119
2019-03-13,Turnover-Aware Max Sharpe γ=0.10,0.011507156564396936,0.11314246836338833,-0.07506326809422213
2019-03-14,Turnover-Aware Max Sharpe γ=0.10,0.01425766176012555,0.1130391910010653,-0.05079953411751092
2019-03-15,Turnover-Aware Max Sharpe γ=0.10,0.020442928638040314,0.11315228652957246,0.003914447083882427
2019-03-18,Turnover-Aware Max Sharpe γ=0.10,0.023567870163996307,0.11316199788299466,0.03152887215446084
2019-03-19,Turnover-Aware Max Sharpe γ=0.10,0.024887938156608946,0.11316150506364886,0.04319435442167082
2019-03-20,Turnover-Aware Max Sharpe γ=0.10,0.03825670044785334,0.11264344252366632,0.16207512873212856
2019-03-21,Turnover-Aware Max Sharpe γ=0.10,0.04648024870514278,0.112896806560284,0.23455268144367755
2019-03-22,Turnover-Aware Max Sharpe γ=0.10,0.03455283704146761,0.11347047259534068,0.12825219379640776
2019-03-25,Turnover-Aware Max Sharpe γ=0.10,0.05082590822997579,0.11255484040072987,0.2738745674573041
2019-03-26,Turnover-Aware Max Sharpe γ=0.10,0.06846123173306662,0.1118132444162245,0.4334122669106158
2019-03-27,Turnover-Aware Max Sharpe γ=0.10,0.04360596581220899,0.11004455365352794,0.21451280439131665
2019-03-28,Turnover-Aware Max Sharpe γ=0.10,0.05956646353324002,0.10911466294468077,0.36261362557019056
2019-03-29,Turnover-Aware Max Sharpe γ=0.10,0.06887909221901656,0.10902500019300712,0.44832921011222954
2019-04-01,Turnover-Aware Max Sharpe γ=0.10,0.0632420647333023,0.1086583329705048,0.3979636310547881
2019-04-02,Turnover-Aware Max Sharpe γ=0.10,0.07968389275649934,0.1078253019914385,0.5535240027543659
2019-04-03,Turnover-Aware Max Sharpe γ=0.10,0.07520864865045107,0.10771990870082704,0.5125203810168769
2019-04-04,Turnover-Aware Max Sharpe γ=0.10,0.06841339487010689,0.10746326657312971,0.4505111040632767
2019-04-05,Turnover-Aware Max Sharpe γ=0.10,0.06846311104526537,0.10746459620787326,0.45096815840187165
2019-04-08,Turnover-Aware Max Sharpe γ=0.10,0.08225456900600947,0.10674440680837648,0.5832115318020036
2019-04-09,Turnover-Aware Max Sharpe γ=0.10,0.07651540255286582,0.10669181523087697,0.5297070110820467
2019-04-10,Turnover-Aware Max Sharpe γ=0.10,0.06909670404451562,0.1061956415394982,0.4623231550068341
2019-04-11,Turnover-Aware Max Sharpe γ=0.10,0.06871902767050142,0.10620373471462552,0.4587317743713228
2019-04-12,Turnover-Aware Max Sharpe γ=0.10,0.06762152257674314,0.10617685184797329,0.44851134449652774
2019-04-15,Turnover-Aware Max Sharpe γ=0.10,0.06848518299157225,0.10616694704281417,0.4566881156714389
2019-04-16,Turnover-Aware Max Sharpe γ=0.10,0.06281644076477066,0.106076424903942,0.4036376678752446
2019-04-17,Turnover-Aware Max Sharpe γ=0.10,0.05301187416774389,0.10566847670703597,0.3124098614506267
2019-04-18,Turnover-Aware Max Sharpe γ=0.10,0.0552640748994484,0.10567282405918448,0.3337099695537421
2019-04-22,Turnover-Aware Max Sharpe γ=0.10,0.061632439583148235,0.10550729405265324,0.3945929990619571
2019-04-23,Turnover-Aware Max Sharpe γ=0.10,0.07956967740257492,0.10532125368074434,0.5655997751711715
2019-04-24,Turnover-Aware Max Sharpe γ=0.10,0.0817797268262217,0.10529687480404946,0.5867194723603116
2019-04-25,Turnover-Aware Max Sharpe γ=0.10,0.09399357769408523,0.10475584244396594,0.7063432069067127
2019-04-26,Turnover-Aware Max Sharpe γ=0.10,0.0983636472956686,0.104789457545228,0.7478199537567621
2019-04-29,Turnover-Aware Max Sharpe γ=0.10,0.0870947771804047,0.10439381811161967,0.6427083365095987
2019-04-30,Turnover-Aware Max Sharpe γ=0.10,0.08359689442026674,0.10440309359203535,0.6091476050391517
2019-05-01,Turnover-Aware Max Sharpe γ=0.10,0.0864131732728004,0.10429212186333003,0.6367995212508167
2019-05-02,Turnover-Aware Max Sharpe γ=0.10,0.08057053638241696,0.10435306738852944,0.5804384854055081
2019-05-03,Turnover-Aware Max Sharpe γ=0.10,0.09473098707517491,0.10465626876845446,0.7140612593452247
2019-05-06,Turnover-Aware Max Sharpe γ=0.10,0.09173134615310641,0.10469177947198803,0.6851669397051301
2019-05-07,Turnover-Aware Max Sharpe γ=0.10,0.0704861149357896,0.10477698795647401,0.4818435414154329
2019-05-08,Turnover-Aware Max Sharpe γ=0.10,0.06437891492241343,0.10477989561114051,0.4235441795734613
2019-05-09,Turnover-Aware Max Sharpe γ=0.10,0.06287072326156928,0.10479813631888465,0.40907906158865504
2019-05-10,Turnover-Aware Max Sharpe γ=0.10,0.05928492388023354,0.104690330499848,0.3752488285466878
2019-05-13,Turnover-Aware Max Sharpe γ=0.10,0.03320177609353103,0.10576827546283417,0.12481791951094062
2019-05-14,Turnover-Aware Max Sharpe γ=0.10,0.03875707154761465,0.10593185892850909,0.17706733118195683
2019-05-15,Turnover-Aware Max Sharpe γ=0.10,0.04711686121080816,0.10617790924527956,0.25539080024796884
2019-05-16,Turnover-Aware Max Sharpe γ=0.10,0.06290636038478459,0.10578167689249089,0.40561240514641883
2019-05-17,Turnover-Aware Max Sharpe γ=0.10,0.05537141859430994,0.105875729795648,0.3340842954526097
2019-05-20,Turnover-Aware Max Sharpe γ=0.10,0.048861014669213665,0.10617151896048323,0.2718338679882282
2019-05-21,Turnover-Aware Max Sharpe γ=0.10,0.056077288561240834,0.10631423871470519,0.33934578281705446
2019-05-22,Turnover-Aware Max Sharpe γ=0.10,0.0507249997734569,0.10626285458892627,0.28914148685648783
2019-05-23,Turnover-Aware Max Sharpe γ=0.10,0.04562880892207399,0.10645047844059612,0.24075804352890678
2019-05-24,Turnover-Aware Max Sharpe γ=0.10,0.04217341399464303,0.10636590323927089,0.20846355194073582
2019-05-28,Turnover-Aware Max Sharpe γ=0.10,0.03738820145790589,0.10639898909603931,0.16342449872536582
2019-05-29,Turnover-Aware Max Sharpe γ=0.10,0.03334215864709367,0.10647978607139899,0.12530226758858448
2019-05-30,Turnover-Aware Max Sharpe γ=0.10,0.04117705898154522,0.10653394025721886,0.1987822747418773
2019-05-31,Turnover-Aware Max Sharpe γ=0.10,0.02931023852201653,0.10665642227587004,0.08729186975665955
2019-06-03,Turnover-Aware Max Sharpe γ=0.10,0.025741365968612095,0.10679026424134744,0.05376300929115158
2019-06-04,Turnover-Aware Max Sharpe γ=0.10,0.03454113504339551,0.107536647644902,0.135220274779366
2019-06-05,Turnover-Aware Max Sharpe γ=0.10,0.0362525833732914,0.1075827148582465,0.15107058224647135
2019-06-06,Turnover-Aware Max Sharpe γ=0.10,0.03954584187846599,0.1076849832123253,0.18150944816443854
2019-06-07,Turnover-Aware Max Sharpe γ=0.10,0.049014785823966456,0.1082139517979505,0.26812426070661227
2019-06-10,Turnover-Aware Max Sharpe γ=0.10,0.05272242810858119,0.10823899078677791,0.3023164561192346
2019-06-11,Turnover-Aware Max Sharpe γ=0.10,0.053338128716467814,0.10823983641573412,0.30800239376213306
2019-06-12,Turnover-Aware Max Sharpe γ=0.10,0.0505621067411004,0.10825524098537903,0.2823152621795754
2019-06-13,Turnover-Aware Max Sharpe γ=0.10,0.05338711716151856,0.10831890772479481,0.30822981751574713
2019-06-14,Turnover-Aware Max Sharpe γ=0.10,0.052701019108955194,0.1083256082480793,0.3018770874017687
2019-06-17,Turnover-Aware Max Sharpe γ=0.10,0.04907213977999891,0.10820451420242583,0.26867769791574136
2019-06-18,Turnover-Aware Max Sharpe γ=0.10,0.06366789601992795,0.1085625457724158,0.4022372145866106
2019-06-19,Turnover-Aware Max Sharpe γ=0.10,0.06906834462251243,0.10861112191674183,0.451780110144952
2019-06-20,Turnover-Aware Max Sharpe γ=0.10,0.0785302056083983,0.10883769836461285,0.537775113658859
2019-06-21,Turnover-Aware Max Sharpe γ=0.10,0.07558260626448443,0.1088902296411751,0.5104462213703217
2019-06-24,Turnover-Aware Max Sharpe γ=0.10,0.08107010635880285,0.10881222417787857,0.5612430663945416
2019-06-25,Turnover-Aware Max Sharpe γ=0.10,0.07139309688426887,0.10917741715339405,0.4707301035713427
2019-06-26,Turnover-Aware Max Sharpe γ=0.10,0.08217491938948074,0.10867376579047433,0.5721244583477073
2019-06-27,Turnover-Aware Max Sharpe γ=0.10,0.08512585351724278,0.10874901587270275,0.5988638425333108
2019-06-28,Turnover-Aware Max Sharpe γ=0.10,0.09323312406777062,0.1086470996386346,0.6740458264541571
2019-07-01,Turnover-Aware Max Sharpe γ=0.10,0.09760484254742363,0.10881886348859009,0.7131561574851466
2019-07-02,Turnover-Aware Max Sharpe γ=0.10,0.09996993098384466,0.10886108182143528,0.7346053304432455
2019-07-03,Turnover-Aware Max Sharpe γ=0.10,0.10564253290304348,0.1090128056953177,0.7856190138102462
2019-07-05,Turnover-Aware Max Sharpe γ=0.10,0.10158612961295121,0.10913375663785944,0.74757922870446
2019-07-08,Turnover-Aware Max Sharpe γ=0.10,0.08960834772613002,0.10902218038073525,0.6384787708614765
2019-07-09,Turnover-Aware Max Sharpe γ=0.10,0.08348437092585614,0.10883059060886291,0.5833320445169589
2019-07-10,Turnover-Aware Max Sharpe γ=0.10,0.08345867931846596,0.10882967808057929,0.5831008640077029
2019-07-11,Turnover-Aware Max Sharpe γ=0.10,0.08006840958704653,0.10887293484915854,0.551729497053333
2019-07-12,Turnover-Aware Max Sharpe γ=0.10,0.08779944570005638,0.1088433227034641,0.6229086361574163
2019-07-15,Turnover-Aware Max Sharpe γ=0.10,0.0813216708351232,0.10857482771896357,0.564787180633148
2019-07-16,Turnover-Aware Max Sharpe γ=0.10,0.07734840070532023,0.10864040464702286,0.5278735926255755
2019-07-17,Turnover-Aware Max Sharpe γ=0.10,0.07848151942192705,0.10862509738697988,0.5383794429530869
2019-07-18,Turnover-Aware Max Sharpe γ=0.10,0.07990714559034595,0.10863904552363882,0.5514329153169035
2019-07-19,Turnover-Aware Max Sharpe γ=0.10,0.07554684304781656,0.10874491668314261,0.5107994446275327
2019-07-22,Turnover-Aware Max Sharpe γ=0.10,0.08215192989316122,0.1087925705949745,0.5712883660461299
2019-07-23,Turnover-Aware Max Sharpe γ=0.10,0.0874898764270029,0.10883054811994415,0.6201372463237166
2019-07-24,Turnover-Aware Max Sharpe γ=0.10,0.09433482256814307,0.10890480963069968,0.6825669391481906
2019-07-25,Turnover-Aware Max Sharpe γ=0.10,0.08432243677530704,0.10903093453317748,0.5899466701877538
2019-07-26,Turnover-Aware Max Sharpe γ=0.10,0.08302014599997576,0.10896434221635005,0.5783556778129167
2019-07-29,Turnover-Aware Max Sharpe γ=0.10,0.08772441770151662,0.10879590581159536,0.6224904990340052
2019-07-30,Turnover-Aware Max Sharpe γ=0.10,0.09104078575760899,0.10869139257255822,0.6536008424971175
2019-07-31,Turnover-Aware Max Sharpe γ=0.10,0.0910178726038553,0.10869266301880666,0.6533823961196659
2019-08-01,Turnover-Aware Max Sharpe γ=0.10,0.08589637632674418,0.10859148661894838,0.6068281996909854
2019-08-02,Turnover-Aware Max Sharpe γ=0.10,0.08203467212960969,0.10872295800820103,0.5705756471869573
2019-08-05,Turnover-Aware Max Sharpe γ=0.10,0.05771355154350655,0.1101066207130344,0.34251847254305956
2019-08-06,Turnover-Aware Max Sharpe γ=0.10,0.06562936635577521,0.11058892234577815,0.4126034089843643
2019-08-07,Turnover-Aware Max Sharpe γ=0.10,0.0652809347081984,0.11058394235170053,0.4094711559856238
2019-08-08,Turnover-Aware Max Sharpe γ=0.10,0.07873014550417068,0.11136368865728127,0.5273724874982464
2019-08-09,Turnover-Aware Max Sharpe γ=0.10,0.07195164859448289,0.11153990298653692,0.4657673819274663
2019-08-12,Turnover-Aware Max Sharpe γ=0.10,0.0682848516028689,0.11159257668653418,0.4326887418192881
2019-08-13,Turnover-Aware Max Sharpe γ=0.10,0.08254273541111679,0.11203382026956266,0.5582487079404574
2019-08-14,Turnover-Aware Max Sharpe γ=0.10,0.07032875704594632,0.11297715598301995,0.44547728793518704
2019-08-15,Turnover-Aware Max Sharpe γ=0.10,0.06984586645194701,0.11296526022347426,0.4412495164738177
2019-08-16,Turnover-Aware Max Sharpe γ=0.10,0.08647150573811224,0.11309383117393486,0.5877553624996671
2019-08-19,Turnover-Aware Max Sharpe γ=0.10,0.08981537540027484,0.11320519747059338,0.6167152830452891
2019-08-20,Turnover-Aware Max Sharpe γ=0.10,0.08517057739227418,0.11320780306535798,0.5756721323763293
2019-08-21,Turnover-Aware Max Sharpe γ=0.10,0.08822377132101034,0.11328806672315359,0.6022149842818961
2019-08-22,Turnover-Aware Max Sharpe γ=0.10,0.08402893626172236,0.11333075955793352,0.5649740327469651
2019-08-23,Turnover-Aware Max Sharpe γ=0.10,0.06656572251185144,0.11428445653188164,0.4074545561570844
2019-08-26,Turnover-Aware Max Sharpe γ=0.10,0.07645738747854369,0.11449076250400499,0.4931174030443614
2019-08-27,Turnover-Aware Max Sharpe γ=0.10,0.0702337895147942,0.11428901519529816,0.43953296324195473
2019-08-28,Turnover-Aware Max Sharpe γ=0.10,0.06919192419332254,0.11425886320724805,0.43053048851095194
2019-08-29,Turnover-Aware Max Sharpe γ=0.10,0.07936685513834618,0.11445319790046367,0.5186998373778569
2019-08-30,Turnover-Aware Max Sharpe γ=0.10,0.07300093864233204,0.11436083233441996,0.46345359298666083
2019-09-03,Turnover-Aware Max Sharpe γ=0.10,0.06954682687297176,0.11445988635871701,0.4328750311501456
2019-09-04,Turnover-Aware Max Sharpe γ=0.10,0.07897070333259237,0.11474786599636294,0.5139154686716484
2019-09-05,Turnover-Aware Max Sharpe γ=0.10,0.08839816262157396,0.11479730104225373,0.5958168179964307
2019-09-06,Turnover-Aware Max Sharpe γ=0.10,0.09504155607305642,0.1147076585454056,0.6541983074595856
2019-09-09,Turnover-Aware Max Sharpe γ=0.10,0.09231470949151865,0.11478577311873803,0.6299971462204992
2019-09-10,Turnover-Aware Max Sharpe γ=0.10,0.0907690380481232,0.11484592282216052,0.6162085366992905
2019-09-11,Turnover-Aware Max Sharpe γ=0.10,0.09300612418391285,0.11490219594411362,0.6353762309244441
2019-09-12,Turnover-Aware Max Sharpe γ=0.10,0.09238218241602647,0.11489652655255175,0.6299771158262131
2019-09-13,Turnover-Aware Max Sharpe γ=0.10,0.08455148825843728,0.11507669045393465,0.5609432110343608
2019-09-16,Turnover-Aware Max Sharpe γ=0.10,0.08013500201318502,0.11499711483634668,0.5229261803547299
2019-09-17,Turnover-Aware Max Sharpe γ=0.10,0.08664019670219769,0.1150055192710029,0.5794521612929243
2019-09-18,Turnover-Aware Max Sharpe γ=0.10,0.09326732550098704,0.11488980312652158,0.6377182613874088
2019-09-19,Turnover-Aware Max Sharpe γ=0.10,0.0935514177279233,0.1148923641525353,0.640176727761244
2019-09-20,Turnover-Aware Max Sharpe γ=0.10,0.09266971022763992,0.11490067228027921,0.6324567888547722
2019-09-23,Turnover-Aware Max Sharpe γ=0.10,0.08534148281336384,0.11473307393893331,0.5695086915229156
2019-09-24,Turnover-Aware Max Sharpe γ=0.10,0.08380032969821438,0.11478050707184483,0.5558463830298266
2019-09-25,Turnover-Aware Max Sharpe γ=0.10,0.08671885789768319,0.11478730079358765,0.5812390171771535
2019-09-26,Turnover-Aware Max Sharpe γ=0.10,0.085858372492015,0.11479011327780536,0.5737286131309072
2019-09-27,Turnover-Aware Max Sharpe γ=0.10,0.07993541637613388,0.11491584446515524,0.5215592040861474
2019-09-30,Turnover-Aware Max Sharpe γ=0.10,0.08337422724923194,0.1150147853437853,0.5510093946600256
2019-10-01,Turnover-Aware Max Sharpe γ=0.10,0.07850441807051123,0.11509974541409046,0.5082932013449019
2019-10-02,Turnover-Aware Max Sharpe γ=0.10,0.06916003936008641,0.11539625764125994,0.4260106901639177
2019-10-03,Turnover-Aware Max Sharpe γ=0.10,0.07642374133682317,0.11562257320001024,0.48799935665865435
2019-10-04,Turnover-Aware Max Sharpe γ=0.10,0.08920051733319068,0.11595320694747267,0.5967969248538233
2019-10-07,Turnover-Aware Max Sharpe γ=0.10,0.09397550357948314,0.11566396812192835,0.639572589291603
2019-10-08,Turnover-Aware Max Sharpe γ=0.10,0.09343093143881398,0.11569480297551783,0.6346951595946163
2019-10-09,Turnover-Aware Max Sharpe γ=0.10,0.10115604862519834,0.11568586981693676,0.7015208404762051
2019-10-10,Turnover-Aware Max Sharpe γ=0.10,0.0976794665765941,0.11568838080779564,0.6714543503348928
2019-10-11,Turnover-Aware Max Sharpe γ=0.10,0.12653473204474985,0.11326976046409246,0.9405399252920847
2019-10-14,Turnover-Aware Max Sharpe γ=0.10,0.13588683634757803,0.11308383022881088,1.024786975406613
2019-10-15,Turnover-Aware Max Sharpe γ=0.10,0.12497658881487617,0.11252260852126757,0.932937746417733
2019-10-16,Turnover-Aware Max Sharpe γ=0.10,0.1305621368062857,0.11237995885003779,0.9838243218599338
2019-10-17,Turnover-Aware Max Sharpe γ=0.10,0.11453007340234955,0.11133231561351323,0.8490802771991902
2019-10-18,Turnover-Aware Max Sharpe γ=0.10,0.1130638346173567,0.11136279545245549,0.8356815598894405
2019-10-21,Turnover-Aware Max Sharpe γ=0.10,0.12726179817557393,0.11076101440745076,0.9684075100738564
2019-10-22,Turnover-Aware Max Sharpe γ=0.10,0.12727921705840672,0.11076083146535586,0.9685663753071578
2019-10-23,Turnover-Aware Max Sharpe γ=0.10,0.12958640498575913,0.11076301960009322,0.9893771890782481
2019-10-24,Turnover-Aware Max Sharpe γ=0.10,0.1344538340438497,0.11076709225595453,1.0332837281615739
2019-10-25,Turnover-Aware Max Sharpe γ=0.10,0.16109549821455849,0.10851466575634688,1.3002435867181943
2019-10-28,Turnover-Aware Max Sharpe γ=0.10,0.14492869970137612,0.1075647664018648,1.1614277042599546
2019-10-29,Turnover-Aware Max Sharpe γ=0.10,0.1559884661989963,0.1068832346515965,1.27230867069352
2019-10-30,Turnover-Aware Max Sharpe γ=0.10,0.17273038464278057,0.10661032911194937,1.4326040067130967
2019-10-31,Turnover-Aware Max Sharpe γ=0.10,0.16787470574014862,0.10640130139963554,1.3897828672672152
2019-11-01,Turnover-Aware Max Sharpe γ=0.10,0.1621303877082103,0.10614110103471083,1.3390702218335768
2019-11-04,Turnover-Aware Max Sharpe γ=0.10,0.14861789875155118,0.10579335748537806,1.2157464495757946
2019-11-05,Turnover-Aware Max Sharpe γ=0.10,0.15104139754394086,0.10565163033558146,1.2403159054688873
2019-11-06,Turnover-Aware Max Sharpe γ=0.10,0.15317186971184182,0.10567726680540693,1.260175189400604
2019-11-07,Turnover-Aware Max Sharpe γ=0.10,0.14181093862232674,0.10579583611973876,1.1513774368630372
2019-11-08,Turnover-Aware Max Sharpe γ=0.10,0.1226943072632729,0.1045787414641554,0.9819807144884375
2019-11-11,Turnover-Aware Max Sharpe γ=0.10,0.12583239745303154,0.10450916293665728,1.012661421058135
2019-11-12,Turnover-Aware Max Sharpe γ=0.10,0.13894967255496504,0.10407567849866053,1.1429151774061788
2019-11-13,Turnover-Aware Max Sharpe γ=0.10,0.15974346175377807,0.1028293948500743,1.3589836053934252
2019-11-14,Turnover-Aware Max Sharpe γ=0.10,0.1653372556314503,0.10288439351992891,1.4126268393009305
2019-11-15,Turnover-Aware Max Sharpe γ=0.10,0.1731726713545476,0.1028004985889793,1.4899993040594888
2019-11-18,Turnover-Aware Max Sharpe γ=0.10,0.16529173890580662,0.10253588694474523,1.4169842699473771
2019-11-19,Turnover-Aware Max Sharpe γ=0.10,0.16654783864516753,0.10254804868415493,1.4290651116778508
2019-11-20,Turnover-Aware Max Sharpe γ=0.10,0.18494256485557137,0.1013404748414501,1.6276079731580935
2019-11-21,Turnover-Aware Max Sharpe γ=0.10,0.19504317713640673,0.10066599622747233,1.7388510887118849
2019-11-22,Turnover-Aware Max Sharpe γ=0.10,0.19213633322693346,0.10061400823035532,1.7108585201459037
2019-11-25,Turnover-Aware Max Sharpe γ=0.10,0.20309367210104234,0.10058627002642015,1.820265052605596
2019-11-26,Turnover-Aware Max Sharpe γ=0.10,0.19295773885144474,0.1000117361791998,1.7293744260327728
2019-11-27,Turnover-Aware Max Sharpe γ=0.10,0.1932618350407922,0.10001263278903252,1.7323995000338823
2019-11-29,Turnover-Aware Max Sharpe γ=0.10,0.16997493056689406,0.09858859101718623,1.5212199405583353
2019-12-02,Turnover-Aware Max Sharpe γ=0.10,0.16324386565499371,0.09890723923733062,1.4482647252065761
2019-12-03,Turnover-Aware Max Sharpe γ=0.10,0.16376768645929562,0.09892218986539784,1.4533411225016195
2019-12-04,Turnover-Aware Max Sharpe γ=0.10,0.15093730966965357,0.09834983979675645,1.3313423788004164
2019-12-05,Turnover-Aware Max Sharpe γ=0.10,0.17425093328310415,0.09610630419923603,1.605003278071433
2019-12-06,Turnover-Aware Max Sharpe γ=0.10,0.1736586837979841,0.09609780195474034,1.5989822937922504
2019-12-09,Turnover-Aware Max Sharpe γ=0.10,0.19109224360905297,0.09468569279671366,1.8069492713791628
2019-12-10,Turnover-Aware Max Sharpe γ=0.10,0.18601168198236318,0.09462827432706196,1.754356012121494
2019-12-11,Turnover-Aware Max Sharpe γ=0.10,0.19005521354624433,0.09471460640543493,1.7954486641511949
2019-12-12,Turnover-Aware Max Sharpe γ=0.10,0.18300359741471373,0.0946521382480726,1.7221332812101895
2019-12-13,Turnover-Aware Max Sharpe γ=0.10,0.18862009976587135,0.09475642972710964,1.779510902336472
2019-12-16,Turnover-Aware Max Sharpe γ=0.10,0.20617042763585958,0.0936618610687279,1.9876866155718396
2019-12-17,Turnover-Aware Max Sharpe γ=0.10,0.2197125259329653,0.09286077100633987,2.1506662476378793
2019-12-18,Turnover-Aware Max Sharpe γ=0.10,0.2142537669356488,0.09286970230589803,2.0916807323857656
2019-12-19,Turnover-Aware Max Sharpe γ=0.10,0.23341286103643832,0.09189543845693812,2.32234444516463
2019-12-20,Turnover-Aware Max Sharpe γ=0.10,0.24612975073407894,0.09145553905222635,2.472564844923673
2019-12-23,Turnover-Aware Max Sharpe γ=0.10,0.26790590257382885,0.08982030328816473,2.760020769229516
2019-12-24,Turnover-Aware Max Sharpe γ=0.10,0.2888607133313694,0.08846514681789817,3.0391710521298068
2019-12-26,Turnover-Aware Max Sharpe γ=0.10,0.2529471385855935,0.08243079461579335,2.8259722555308464
2019-12-27,Turnover-Aware Max Sharpe γ=0.10,0.24793216193021395,0.0823562654143197,2.7676359628927787
2019-12-30,Turnover-Aware Max Sharpe γ=0.10,0.24326977910277536,0.08242274330110136,2.708837029206136
2019-12-31,Turnover-Aware Max Sharpe γ=0.10,0.2332857246841602,0.08230290477130664,2.591472625137749
2020-01-02,Turnover-Aware Max Sharpe γ=0.10,0.24053443902679206,0.08262973423460837,2.6689476986654053
2020-01-03,Turnover-Aware Max Sharpe γ=0.10,0.2622757471744013,0.08096412594020047,2.992383902882425
2020-01-06,Turnover-Aware Max Sharpe γ=0.10,0.23660756504943437,0.07826437269216362,2.7676394456186917
2020-01-07,Turnover-Aware Max Sharpe γ=0.10,0.22608758442205934,0.07812647944630279,2.6378711274671693
2020-01-08,Turnover-Aware Max Sharpe γ=0.10,0.21936417686625154,0.07797185351111201,2.5568736395094103
2020-01-09,Turnover-Aware Max Sharpe γ=0.10,0.218220510621415,0.07791864039242738,2.543942112222473
2020-01-10,Turnover-Aware Max Sharpe γ=0.10,0.21998747582707723,0.07792503060452226,2.5664086914772577
2020-01-13,Turnover-Aware Max Sharpe γ=0.10,0.22223520978117528,0.07792211593525884,2.595350592753427
2020-01-14,Turnover-Aware Max Sharpe γ=0.10,0.22862483595607674,0.0777122926409022,2.6845796059589104
2020-01-15,Turnover-Aware Max Sharpe γ=0.10,0.22121636235411768,0.07729073064279134,2.6033699084054978
2020-01-16,Turnover-Aware Max Sharpe γ=0.10,0.22339846869361457,0.07732987002903317,2.6302704067296307
2020-01-17,Turnover-Aware Max Sharpe γ=0.10,0.2173854641150339,0.07721831334410956,2.556200149508848
2020-01-21,Turnover-Aware Max Sharpe γ=0.10,0.2133273963676714,0.077053223895811,2.5090111301388607
2020-01-22,Turnover-Aware Max Sharpe γ=0.10,0.22600725348717599,0.07641199570441178,2.696006714496554
2020-01-23,Turnover-Aware Max Sharpe γ=0.10,0.22744001240379785,0.0764314726970103,2.714065359254972
2020-01-24,Turnover-Aware Max Sharpe γ=0.10,0.2227663598028402,0.0764351775764007,2.652788496503005
2020-01-27,Turnover-Aware Max Sharpe γ=0.10,0.2088352638350437,0.07618777690781146,2.4785506481379245
2020-01-28,Turnover-Aware Max Sharpe γ=0.10,0.2189035899440408,0.07594339335152202,2.619103271082033
2020-01-29,Turnover-Aware Max Sharpe γ=0.10,0.22520924754851523,0.07593481102163259,2.702439695149231
2020-01-30,Turnover-Aware Max Sharpe γ=0.10,0.20989272951480942,0.07472095944429961,2.541358287246888
2020-01-31,Turnover-Aware Max Sharpe γ=0.10,0.19371117761944734,0.07442646725611426,2.3339973536789986
2020-02-03,Turnover-Aware Max Sharpe γ=0.10,0.19985665699337374,0.07442208309031909,2.4167108675942144
2020-02-04,Turnover-Aware Max Sharpe γ=0.10,0.19965007500917098,0.07441639796419891,2.4141194672657913
2020-02-05,Turnover-Aware Max Sharpe γ=0.10,0.19588061567602244,0.07430979284677007,2.366856492773378
2020-02-06,Turnover-Aware Max Sharpe γ=0.10,0.2034538412065765,0.07426098105469199,2.470393450249005
2020-02-07,Turnover-Aware Max Sharpe γ=0.10,0.211489054179145,0.07403898094646204,2.5863275227627955
2020-02-10,Turnover-Aware Max Sharpe γ=0.10,0.21504289263373777,0.07415845818235055,2.6300828983545035
2020-02-11,Turnover-Aware Max Sharpe γ=0.10,0.21577065655342653,0.07414028446581811,2.640543639182897
2020-02-12,Turnover-Aware Max Sharpe γ=0.10,0.2090845080535082,0.07383886064893336,2.5607722870008782
2020-02-13,Turnover-Aware Max Sharpe γ=0.10,0.21041448307220345,0.0738271383702294,2.5791936038115164
2020-02-14,Turnover-Aware Max Sharpe γ=0.10,0.21235301620741764,0.07385330572496,2.6045281835286707
2020-02-18,Turnover-Aware Max Sharpe γ=0.10,0.208459871466099,0.07371562458642307,2.556579728157245
2020-02-19,Turnover-Aware Max Sharpe γ=0.10,0.20661206007987065,0.07365770160300686,2.533503707265457
2020-02-20,Turnover-Aware Max Sharpe γ=0.10,0.20722546741018388,0.07365346831626401,2.5419776106978134
2020-02-21,Turnover-Aware Max Sharpe γ=0.10,0.21098230259398387,0.07347527905474187,2.5992729126172467
2020-02-24,Turnover-Aware Max Sharpe γ=0.10,0.19105238602792918,0.07428865715568968,2.302537057164029
2020-02-25,Turnover-Aware Max Sharpe γ=0.10,0.174953884316831,0.07548750501680991,2.052709044792581
2020-02-26,Turnover-Aware Max Sharpe γ=0.10,0.1714963328968202,0.07553743294315207,2.0055795781521097
2020-02-27,Turnover-Aware Max Sharpe γ=0.10,0.15190044765605037,0.07805630387434036,1.6898115989246878
2020-02-28,Turnover-Aware Max Sharpe γ=0.10,0.15875828890813404,0.07803949687048463,1.7780520694337525
2020-03-02,Turnover-Aware Max Sharpe γ=0.10,0.1781833448774197,0.08001497982491548,1.9769216367178757
2020-03-03,Turnover-Aware Max Sharpe γ=0.10,0.17569115252026313,0.0800977740022028,1.9437637869434599
2020-03-04,Turnover-Aware Max Sharpe γ=0.10,0.19537787539326268,0.08161733798116756,2.1487821059997017
2020-03-05,Turnover-Aware Max Sharpe γ=0.10,0.19203895291306483,0.08184202360935179,2.102085766283601
2020-03-06,Turnover-Aware Max Sharpe γ=0.10,0.2036947988959208,0.08175629398969705,2.246858191970762
2020-03-09,Turnover-Aware Max Sharpe γ=0.10,0.16185395524224844,0.08883373572541979,1.5968477975609543
2020-03-10,Turnover-Aware Max Sharpe γ=0.10,0.1552410073428645,0.08842155440722968,1.5295027128793237
2020-03-11,Turnover-Aware Max Sharpe γ=0.10,0.10816297993870827,0.09605511084724483,0.9178374701884701
2020-03-12,Turnover-Aware Max Sharpe γ=0.10,0.04103742398389865,0.11167853943117143,0.1883748130218359
2020-03-13,Turnover-Aware Max Sharpe γ=0.10,0.08813221476592359,0.11928874402102789,0.5711537607765694
2020-03-16,Turnover-Aware Max Sharpe γ=0.10,0.03822582958821252,0.12611426298393144,0.14451838481215026
2020-03-17,Turnover-Aware Max Sharpe γ=0.10,0.03840205703637678,0.1261168396246917,0.14591276701143996
2020-03-18,Turnover-Aware Max Sharpe γ=0.10,-0.01022190908568299,0.13435190955929516,-0.22494588416954944
2020-03-19,Turnover-Aware Max Sharpe γ=0.10,-0.022075858573061824,0.1347000952736792,-0.31236695480855814
2020-03-20,Turnover-Aware Max Sharpe γ=0.10,-0.027109530950410354,0.13449843976535691,-0.3502607988062659
2020-03-23,Turnover-Aware Max Sharpe γ=0.10,0.009967625074267739,0.13663337108698423,-0.07342550978520028
2020-03-24,Turnover-Aware Max Sharpe γ=0.10,0.05257582845755482,0.1433757847669116,0.22720592958227837
2020-03-25,Turnover-Aware Max Sharpe γ=0.10,0.06573031258820694,0.14421075334213448,0.31710750778559155
2020-03-26,Turnover-Aware Max Sharpe γ=0.10,0.09747391151114515,0.14648570640309644,0.52888376220103
2020-03-27,Turnover-Aware Max Sharpe γ=0.10,0.08603727022567265,0.14681245633644013,0.44980699780909267
2020-03-30,Turnover-Aware Max Sharpe γ=0.10,0.10038489463105282,0.14769467388771,0.5442640043483777
2020-03-31,Turnover-Aware Max Sharpe γ=0.10,0.08304229312497413,0.14804305680796692,0.4258375535081596
2020-04-01,Turnover-Aware Max Sharpe γ=0.10,0.07577059252101792,0.1481192217946251,0.3765250171132191
2020-04-02,Turnover-Aware Max Sharpe γ=0.10,0.08501610063471698,0.1484047820093448,0.4380997684469698
2020-04-03,Turnover-Aware Max Sharpe γ=0.10,0.08107470184744114,0.14842318531882848,0.41149030534714853
2020-04-06,Turnover-Aware Max Sharpe γ=0.10,0.09971603369435478,0.14977694925952859,0.5322316557284489
2020-04-07,Turnover-Aware Max Sharpe γ=0.10,0.09316972275303637,0.1498857838875317,0.48816986411426444
2020-04-08,Turnover-Aware Max Sharpe γ=0.10,0.09670501813066656,0.14988413093572373,0.51176210351155
2020-04-09,Turnover-Aware Max Sharpe γ=0.10,0.09744297924123502,0.14990354962972208,0.5166187153841755
2020-04-13,Turnover-Aware Max Sharpe γ=0.10,0.10194752484299663,0.1498845680382862,0.5467375722233401
2020-04-14,Turnover-Aware Max Sharpe γ=0.10,0.11345813636741231,0.15039666500649962,0.6214109625593983
2020-04-15,Turnover-Aware Max Sharpe γ=0.10,0.12180601568260063,0.15052918898200102,0.6763207612496585
2020-04-16,Turnover-Aware Max Sharpe γ=0.10,0.13200544489101973,0.1507368117868793,0.7430530310630405
2020-04-17,Turnover-Aware Max Sharpe γ=0.10,0.1263113240568794,0.15083177085035007,0.7048337592108344
2020-04-20,Turnover-Aware Max Sharpe γ=0.10,0.12570882042448384,0.15082916809020855,0.7008513125343305
2020-04-21,Turnover-Aware Max Sharpe γ=0.10,0.11838585574271865,0.1509767815667777,0.6516621610403196
2020-04-22,Turnover-Aware Max Sharpe γ=0.10,0.11733350583092972,0.15093558500985382,0.644867847595882
2020-04-23,Turnover-Aware Max Sharpe γ=0.10,0.12005788551433016,0.1509490243128102,0.662858776132141
2020-04-24,Turnover-Aware Max Sharpe γ=0.10,0.12402971256720585,0.15099977852823931,0.6889395042904031
2020-04-27,Turnover-Aware Max Sharpe γ=0.10,0.11375587893697503,0.1511104283977251,0.6204461196430999
2020-04-28,Turnover-Aware Max Sharpe γ=0.10,0.11371085929225933,0.15111078235285558,0.620146741570281
2020-04-29,Turnover-Aware Max Sharpe γ=0.10,0.12495261332047325,0.15131032253440527,0.6936249395450789
2020-04-30,Turnover-Aware Max Sharpe γ=0.10,0.12054902683195157,0.151447038621096,0.6639220399912493
2020-05-01,Turnover-Aware Max Sharpe γ=0.10,0.12031579987312835,0.1514527173687565,0.6623572136304415
2020-05-04,Turnover-Aware Max Sharpe γ=0.10,0.11245751669999415,0.15120482818883546,0.6114719867577678
2020-05-05,Turnover-Aware Max Sharpe γ=0.10,0.11669283357517246,0.1511815552051717,0.6395808896392722
2020-05-06,Turnover-Aware Max Sharpe γ=0.10,0.12113484740387204,0.150959919574473,0.6699450270571933
2020-05-07,Turnover-Aware Max Sharpe γ=0.10,0.13794650093864758,0.1513885288600747,0.7790980058182816
2020-05-08,Turnover-Aware Max Sharpe γ=0.10,0.137684682814478,0.15139227384352555,0.777349331156181
2020-05-11,Turnover-Aware Max Sharpe γ=0.10,0.1337172995252469,0.1514020066131717,0.7510950618758424
2020-05-12,Turnover-Aware Max Sharpe γ=0.10,0.15187374865243242,0.15041060009350618,0.8767583439627932
2020-05-13,Turnover-Aware Max Sharpe γ=0.10,0.14567453419784848,0.15031098787200048,0.836096788245903
2020-05-14,Turnover-Aware Max Sharpe γ=0.10,0.14586916710928755,0.15031892414440837,0.8373474452781978
2020-05-15,Turnover-Aware Max Sharpe γ=0.10,0.14201409060274317,0.150259583891874,0.8120220184460505
2020-05-18,Turnover-Aware Max Sharpe γ=0.10,0.14229833229583022,0.15025106466021323,0.8139598383039947
2020-05-19,Turnover-Aware Max Sharpe γ=0.10,0.1543886776816321,0.1500213563600338,0.8957969781256672
2020-05-20,Turnover-Aware Max Sharpe γ=0.10,0.15527059571836044,0.15005029202994483,0.9015017157805006
2020-05-21,Turnover-Aware Max Sharpe γ=0.10,0.15220256022787515,0.15010679571044086,0.8807233516788717
2020-05-22,Turnover-Aware Max Sharpe γ=0.10,0.1642570361966722,0.1499853195346842,0.9618077065423238
2020-05-26,Turnover-Aware Max Sharpe γ=0.10,0.15419851769094506,0.15020074274291884,0.8934610790882511
2020-05-27,Turnover-Aware Max Sharpe γ=0.10,0.15915192510662024,0.15016161325709312,0.9266810743993334
2020-05-28,Turnover-Aware Max Sharpe γ=0.10,0.16230171752664613,0.15010244046570617,0.948030672153913
2020-05-29,Turnover-Aware Max Sharpe γ=0.10,0.16610974164291403,0.1502279973212112,0.9725866299775555
2020-06-01,Turnover-Aware Max Sharpe γ=0.10,0.17312524404691287,0.15005295389531545,1.020474706240977
2020-06-02,Turnover-Aware Max Sharpe γ=0.10,0.17910033458794716,0.14992180978513225,1.0612220784685669
2020-06-03,Turnover-Aware Max Sharpe γ=0.10,0.15502363231059202,0.149549294499406,0.9028704064607161
2020-06-04,Turnover-Aware Max Sharpe γ=0.10,0.14353926635004832,0.1496579290837747,0.8254775881663723
2020-06-05,Turnover-Aware Max Sharpe γ=0.10,0.13646102415602024,0.14959405272668647,0.7785137312162975
2020-06-08,Turnover-Aware Max Sharpe γ=0.10,0.12971426555111876,0.14929370388177507,0.7348887642174176
2020-06-09,Turnover-Aware Max Sharpe γ=0.10,0.13528990120511142,0.14944959068851466,0.7714300231534295
2020-06-10,Turnover-Aware Max Sharpe γ=0.10,0.1479103159997499,0.1498725833650484,0.8534604070191781
2020-06-11,Turnover-Aware Max Sharpe γ=0.10,0.1412983522146034,0.15007199309356045,0.8082677501256448
2020-06-12,Turnover-Aware Max Sharpe γ=0.10,0.13520018635860365,0.1500404288891159,0.7677943019193835
2020-06-15,Turnover-Aware Max Sharpe γ=0.10,0.1399110457200634,0.15004897796189923,0.7991460345068894
2020-06-16,Turnover-Aware Max Sharpe γ=0.10,0.13656325303957595,0.15004459282814514,0.7768574051387688
2020-06-17,Turnover-Aware Max Sharpe γ=0.10,0.12851843075114866,0.14976469996611927,0.724592849821743
2020-06-18,Turnover-Aware Max Sharpe γ=0.10,0.1290338411585934,0.1497756215167166,0.7279812298854258
2020-06-19,Turnover-Aware Max Sharpe γ=0.10,0.12259727113519658,0.149617124619068,0.6857321405983031
2020-06-22,Turnover-Aware Max Sharpe γ=0.10,0.1304377932876959,0.14960922066020363,0.7381750456312121
2020-06-23,Turnover-Aware Max Sharpe γ=0.10,0.13048681124762096,0.14960942167682612,0.7385016933377726
2020-06-24,Turnover-Aware Max Sharpe γ=0.10,0.13778477435701175,0.14935435124169616,0.7886263331317599
2020-06-25,Turnover-Aware Max Sharpe γ=0.10,0.14184568521423246,0.14937911478067487,0.8156808627038109
2020-06-26,Turnover-Aware Max Sharpe γ=0.10,0.1345827363720058,0.1493388650647343,0.7672666878935857
2020-06-29,Turnover-Aware Max Sharpe γ=0.10,0.134293162901447,0.14933555720470293,0.7653446040635768
2020-06-30,Turnover-Aware Max Sharpe γ=0.10,0.1306948351965096,0.14923043437576486,0.7417711786442841
2020-07-01,Turnover-Aware Max Sharpe γ=0.10,0.12837664468037713,0.14920218356501994,0.7263743873637634
2020-07-02,Turnover-Aware Max Sharpe γ=0.10,0.12460902263870177,0.14911206480481684,0.7015463354734696
2020-07-06,Turnover-Aware Max Sharpe γ=0.10,0.13694865454163274,0.14910641462992433,0.7843301365128673
2020-07-07,Turnover-Aware Max Sharpe γ=0.10,0.14607379724394343,0.14907658668284907,0.8456981746715022
2020-07-08,Turnover-Aware Max Sharpe γ=0.10,0.14794714435166978,0.1490923049768609,0.858174030990581
2020-07-09,Turnover-Aware Max Sharpe γ=0.10,0.15138079164878926,0.14920125495785028,0.8805609020239452
2020-07-10,Turnover-Aware Max Sharpe γ=0.10,0.153913187758693,0.14916819603776632,0.897732836594665
2020-07-13,Turnover-Aware Max Sharpe γ=0.10,0.1451396589159586,0.14921714437055117,0.8386412931559599
2020-07-14,Turnover-Aware Max Sharpe γ=0.10,0.14603245336312942,0.1492276205287775,0.844565187842186
2020-07-15,Turnover-Aware Max Sharpe γ=0.10,0.1491056711472143,0.1491791397670439,0.8654405123184378
2020-07-16,Turnover-Aware Max Sharpe γ=0.10,0.14813639579861682,0.14918905132249138,0.8588860553958043
2020-07-17,Turnover-Aware Max Sharpe γ=0.10,0.14658592527990244,0.1491812058843526,0.8485380214585051
2020-07-20,Turnover-Aware Max Sharpe γ=0.10,0.16254696075012043,0.14934677575483457,0.9544696229942279
2020-07-21,Turnover-Aware Max Sharpe γ=0.10,0.1568497018691335,0.14930910911571585,0.9165529329029336
2020-07-22,Turnover-Aware Max Sharpe γ=0.10,0.15728434697928417,0.1493172487522723,0.9194138528968508
2020-07-23,Turnover-Aware Max Sharpe γ=0.10,0.14917775434785274,0.14928587056969472,0.8653046256480488
2020-07-24,Turnover-Aware Max Sharpe γ=0.10,0.15396922477217712,0.1491673254718266,0.8981137413868834
2020-07-27,Turnover-Aware Max Sharpe γ=0.10,0.15436622304182523,0.14917961011382563,0.9007009935158189
2020-07-28,Turnover-Aware Max Sharpe γ=0.10,0.15680712040359635,0.14916133222634886,0.9171755062900264
2020-07-29,Turnover-Aware Max Sharpe γ=0.10,0.16368602754387718,0.14918060837032404,0.9631682637142277
2020-07-30,Turnover-Aware Max Sharpe γ=0.10,0.17417646689827682,0.14903487954565411,1.0344992217143885
2020-07-31,Turnover-Aware Max Sharpe γ=0.10,0.18086026839333935,0.14912980905011225,1.0786593868653402
2020-08-03,Turnover-Aware Max Sharpe γ=0.10,0.18998355950321621,0.14900987299148447,1.1407536701472818
2020-08-04,Turnover-Aware Max Sharpe γ=0.10,0.22076554087444777,0.14802074393102338,1.3563338187788267
2020-08-05,Turnover-Aware Max Sharpe γ=0.10,0.20550252936393254,0.14768221135481788,1.256092576500283
2020-08-06,Turnover-Aware Max Sharpe γ=0.10,0.21226444984910775,0.14782727076545163,1.3006020394854063
2020-08-07,Turnover-Aware Max Sharpe γ=0.10,0.18673191951908064,0.14753686477906383,1.130103447492675
2020-08-10,Turnover-Aware Max Sharpe γ=0.10,0.18993986077353853,0.14743942735103371,1.1526079816420765
2020-08-11,Turnover-Aware Max Sharpe γ=0.10,0.17332382046930905,0.14845904770483964,1.032768449209922
2020-08-12,Turnover-Aware Max Sharpe γ=0.10,0.1640954529532146,0.14813489906138644,0.9727313000935863
2020-08-13,Turnover-Aware Max Sharpe γ=0.10,0.18168205645658153,0.14733169412194796,1.0974017330090269
2020-08-14,Turnover-Aware Max Sharpe γ=0.10,0.17588578086262197,0.14733611360949517,1.0580283207129186
2020-08-17,Turnover-Aware Max Sharpe γ=0.10,0.1740261490692907,0.14725453954204215,1.0459857437896862
2020-08-18,Turnover-Aware Max Sharpe γ=0.10,0.17459297589220069,0.14727285712625535,1.0497044663136392
2020-08-19,Turnover-Aware Max Sharpe γ=0.10,0.16688760830448612,0.1475310726731294,0.9956384485181036
2020-08-20,Turnover-Aware Max Sharpe γ=0.10,0.17065037971882968,0.14766187934404493,1.0202388076601796
2020-08-21,Turnover-Aware Max Sharpe γ=0.10,0.17718167361266235,0.1476345290468563,1.0646674231796815
2020-08-24,Turnover-Aware Max Sharpe γ=0.10,0.19449085289286328,0.1468511376253679,1.1882158743503037
2020-08-25,Turnover-Aware Max Sharpe γ=0.10,0.18491427356031376,0.14670214209152177,1.124143596058946
2020-08-26,Turnover-Aware Max Sharpe γ=0.10,0.19069663920778712,0.14680443691915046,1.1627485026341187
2020-08-27,Turnover-Aware Max Sharpe γ=0.10,0.1767683899985648,0.1470663417099352,1.0659705557085615
2020-08-28,Turnover-Aware Max Sharpe γ=0.10,0.17288915455702591,0.14695189601266237,1.04040273521787
2020-08-31,Turnover-Aware Max Sharpe γ=0.10,0.17950267570680656,0.14700033586428163,1.0850497365806548
2020-09-01,Turnover-Aware Max Sharpe γ=0.10,0.19606904597842867,0.14713798921651222,1.1966253373175073
2020-09-02,Turnover-Aware Max Sharpe γ=0.10,0.19058689243300053,0.1469678778335984,1.1607086864664693
2020-09-03,Turnover-Aware Max Sharpe γ=0.10,0.16688243352263576,0.14769843398516203,0.9944752260365318
2020-09-04,Turnover-Aware Max Sharpe γ=0.10,0.1529772991003615,0.14809338956672355,0.897928661700653
2020-09-08,Turnover-Aware Max Sharpe γ=0.10,0.14436601750890232,0.1485345692750073,0.8372866876440216
2020-09-09,Turnover-Aware Max Sharpe γ=0.10,0.16073466598729236,0.1486591921714241,0.9466933321217454
2020-09-10,Turnover-Aware Max Sharpe γ=0.10,0.15029898358515958,0.1486957122841656,0.8762793599330635
2020-09-11,Turnover-Aware Max Sharpe γ=0.10,0.14776786620266802,0.14870271062612392,0.8592167934578452
2020-09-14,Turnover-Aware Max Sharpe γ=0.10,0.16160349953211672,0.14864402389204673,0.9526349988678778
2020-09-15,Turnover-Aware Max Sharpe γ=0.10,0.16442976714850754,0.14866206284941896,0.9715307616496729
2020-09-16,Turnover-Aware Max Sharpe γ=0.10,0.15435170292632416,0.14874801077967423,0.9032168041919304
2020-09-17,Turnover-Aware Max Sharpe γ=0.10,0.14788726126675833,0.1488307356718203,0.8592799107622269
2020-09-18,Turnover-Aware Max Sharpe γ=0.10,0.14073301048411868,0.14891761661824085,0.8107369243870248
2020-09-21,Turnover-Aware Max Sharpe γ=0.10,0.1417844448704848,0.1489094758961322,0.8178421429367749
2020-09-22,Turnover-Aware Max Sharpe γ=0.10,0.14708212012134303,0.148958511547309,0.8531376878116962
2020-09-23,Turnover-Aware Max Sharpe γ=0.10,0.13858407514136295,0.1493781590482768,0.7938514967441681
2020-09-24,Turnover-Aware Max Sharpe γ=0.10,0.13979635385812528,0.14939218772356097,0.8018916898104433
2020-09-25,Turnover-Aware Max Sharpe γ=0.10,0.14778824287527992,0.14950890711991027,0.8547199316545752
2020-09-28,Turnover-Aware Max Sharpe γ=0.10,0.16123678179694556,0.14952394828607468,0.9445763265074181
2020-09-29,Turnover-Aware Max Sharpe γ=0.10,0.15540459839455578,0.14944490734609633,0.90605026828365
2020-09-30,Turnover-Aware Max Sharpe γ=0.10,0.15752067769972822,0.14939848236707925,0.9204958144208809
2020-10-01,Turnover-Aware Max Sharpe γ=0.10,0.1741638462156485,0.1492571860226114,1.0328738623833749
2020-10-02,Turnover-Aware Max Sharpe γ=0.10,0.15463400662622084,0.14942541615476324,0.9010114215561388
2020-10-05,Turnover-Aware Max Sharpe γ=0.10,0.14295180624967685,0.1491656933108035,0.8242632975498791
2020-10-06,Turnover-Aware Max Sharpe γ=0.10,0.14373915739013787,0.1491409156579012,0.8296794802706605
2020-10-07,Turnover-Aware Max Sharpe γ=0.10,0.15394841931313796,0.1489490934201764,0.8992899267622769
2020-10-08,Turnover-Aware Max Sharpe γ=0.10,0.15425336696220748,0.14895497438714003,0.9013016686054239
2020-10-09,Turnover-Aware Max Sharpe γ=0.10,0.16343261748147353,0.14906582254547687,0.9622099488144926
2020-10-12,Turnover-Aware Max Sharpe γ=0.10,0.17127204365819804,0.14930525773060443,1.0131729180705902
2020-10-13,Turnover-Aware Max Sharpe γ=0.10,0.16922343006384755,0.1492987195992172,0.9994957121161403
2020-10-14,Turnover-Aware Max Sharpe γ=0.10,0.16542302098968964,0.14930193910005984,0.9740196401081529
2020-10-15,Turnover-Aware Max Sharpe γ=0.10,0.1632599972945954,0.14932488506046912,0.959384614537505
2020-10-16,Turnover-Aware Max Sharpe γ=0.10,0.1582082607050368,0.1493665801125003,0.92529574286926
2020-10-19,Turnover-Aware Max Sharpe γ=0.10,0.15449550516307142,0.1494739185881851,0.8997924616776749
2020-10-20,Turnover-Aware Max Sharpe γ=0.10,0.15046807642359972,0.14949387382905616,0.8727319259435866
2020-10-21,Turnover-Aware Max Sharpe γ=0.10,0.15085004890117348,0.14949112136088533,0.8753031465011853
2020-10-22,Turnover-Aware Max Sharpe γ=0.10,0.1427826048265599,0.1496068122858344,0.8207019650413716
2020-10-23,Turnover-Aware Max Sharpe γ=0.10,0.14248446485969524,0.1496031825699145,0.8187290053301787
2020-10-26,Turnover-Aware Max Sharpe γ=0.10,0.1399953149598474,0.14960767467010175,0.8020665732854131
2020-10-27,Turnover-Aware Max Sharpe γ=0.10,0.14491414208335396,0.14967552665883757,0.8345662438728316
2020-10-28,Turnover-Aware Max Sharpe γ=0.10,0.13273962660349592,0.15025360463182938,0.750328931407303
2020-10-29,Turnover-Aware Max Sharpe γ=0.10,0.12651251567555022,0.15016152279501274,0.709319629243183
2020-10-30,Turnover-Aware Max Sharpe γ=0.10,0.11089916054208593,0.15049367514278553,0.6040065169240005
2020-11-02,Turnover-Aware Max Sharpe γ=0.10,0.11192983868945672,0.15051666321181553,0.6107618700003192
2020-11-03,Turnover-Aware Max Sharpe γ=0.10,0.11801848582500263,0.15052058133379925,0.6511965669839774
2020-11-04,Turnover-Aware Max Sharpe γ=0.10,0.14757330773798283,0.15176053894530997,0.8406223951534364
2020-11-05,Turnover-Aware Max Sharpe γ=0.10,0.15675180297886837,0.1520981877482242,0.899102119515326
2020-11-06,Turnover-Aware Max Sharpe γ=0.10,0.15870692175053325,0.1520379588435511,0.9123177054308153
2020-11-09,Turnover-Aware Max Sharpe γ=0.10,0.13590706090935778,0.15345056697185974,0.7553381078781755
2020-11-10,Turnover-Aware Max Sharpe γ=0.10,0.12887089641891136,0.15362693169190628,0.7086706427050716
2020-11-11,Turnover-Aware Max Sharpe γ=0.10,0.13408679660817113,0.15375294592791383,0.7420137280599493
2020-11-12,Turnover-Aware Max Sharpe γ=0.10,0.1381739261000401,0.15383943473061126,0.7681640686406241
2020-11-13,Turnover-Aware Max Sharpe γ=0.10,0.13641972013552484,0.15381048207930237,0.7569036814766668
2020-11-16,Turnover-Aware Max Sharpe γ=0.10,0.13477048746285591,0.15379692361906103,0.7462469649076366
2020-11-17,Turnover-Aware Max Sharpe γ=0.10,0.13468622685021292,0.15379660051000135,0.7457006622376865
2020-11-18,Turnover-Aware Max Sharpe γ=0.10,0.12960094724996352,0.15381023849281808,0.7125725070316509
2020-11-19,Turnover-Aware Max Sharpe γ=0.10,0.1331049049958366,0.15384162532847534,0.7352035234569342
2020-11-20,Turnover-Aware Max Sharpe γ=0.10,0.13841707082171517,0.15380058157648088,0.769939031490785
2020-11-23,Turnover-Aware Max Sharpe γ=0.10,0.13116802667279193,0.15388811483078588,0.7223951426985208
2020-11-24,Turnover-Aware Max Sharpe γ=0.10,0.1237230942061891,0.1538372605237012,0.6742390878067465
2020-11-25,Turnover-Aware Max Sharpe γ=0.10,0.1211045071581609,0.1538138464462845,0.6573173319182875
2020-11-27,Turnover-Aware Max Sharpe γ=0.10,0.1249718755241973,0.15386833440132525,0.6822188329562706
2020-11-30,Turnover-Aware Max Sharpe γ=0.10,0.12632151189459706,0.15385212278106566,0.6910630153988482
2020-12-01,Turnover-Aware Max Sharpe γ=0.10,0.13580518942323105,0.15363078690867993,0.7537889491646431
2020-12-02,Turnover-Aware Max Sharpe γ=0.10,0.12959461605008937,0.15360140733878253,0.7135000775635344
2020-12-03,Turnover-Aware Max Sharpe γ=0.10,0.13464996202684154,0.15365309067181118,0.7461611186964229
2020-12-04,Turnover-Aware Max Sharpe γ=0.10,0.12993049196206696,0.1537353128840906,0.7150633767854594
2020-12-07,Turnover-Aware Max Sharpe γ=0.10,0.13565031314541076,0.15386794583025343,0.7516205699723565
2020-12-08,Turnover-Aware Max Sharpe γ=0.10,0.14048147253213128,0.15387845278897883,0.7829651932967737
2020-12-09,Turnover-Aware Max Sharpe γ=0.10,0.1292207122302591,0.15424254966150222,0.7081101321908436
2020-12-10,Turnover-Aware Max Sharpe γ=0.10,0.12840932870820354,0.15422420263877543,0.7029333065324405
2020-12-11,Turnover-Aware Max Sharpe γ=0.10,0.1312542436556381,0.15421497002800275,0.7214231123958735
2020-12-14,Turnover-Aware Max Sharpe γ=0.10,0.12586589061388254,0.15414578820943461,0.6867906794186605
2020-12-15,Turnover-Aware Max Sharpe γ=0.10,0.1288784182105458,0.1541768135717567,0.7061919084212478
2020-12-16,Turnover-Aware Max Sharpe γ=0.10,0.13075158082798222,0.15417600825880062,0.718345104914599
2020-12-17,Turnover-Aware Max Sharpe γ=0.10,0.13518743187349402,0.15417049419476314,0.7471431707806429
2020-12-18,Turnover-Aware Max Sharpe γ=0.10,0.1294885516001698,0.15417722661827998,0.7101473674270148
2020-12-21,Turnover-Aware Max Sharpe γ=0.10,0.12759284916248848,0.15416970691371493,0.6978857994632214
2020-12-22,Turnover-Aware Max Sharpe γ=0.10,0.12843269266995527,0.15417349108007597,0.7033160623808963
2020-12-23,Turnover-Aware Max Sharpe γ=0.10,0.1229504184771748,0.15421165851843271,0.6675916689195667
2020-12-24,Turnover-Aware Max Sharpe γ=0.10,0.1217419170481584,0.1541879836094948,0.6598563303469597
2020-12-28,Turnover-Aware Max Sharpe γ=0.10,0.12409916543938326,0.15420106363189115,0.6750872074909213
2020-12-29,Turnover-Aware Max Sharpe γ=0.10,0.12722336613363794,0.15417264118398286,0.6954759632461786
2020-12-30,Turnover-Aware Max Sharpe γ=0.10,0.13152419179687258,0.15415807298262835,0.7234404896163948
2020-12-31,Turnover-Aware Max Sharpe γ=0.10,0.12417003420106099,0.15396340021875302,0.6765895924164766
2021-01-04,Turnover-Aware Max Sharpe γ=0.10,0.12086467985864857,0.15396943761618193,0.6550954619324262
2021-01-05,Turnover-Aware Max Sharpe γ=0.10,0.11985999811387704,0.15397020856181118,0.6485670120644692
2021-01-06,Turnover-Aware Max Sharpe γ=0.10,0.10697955140815485,0.15459755280001972,0.5626191995462412
2021-01-07,Turnover-Aware Max Sharpe γ=0.10,0.11000287104045592,0.15461780697341337,0.5820990014166477
2021-01-08,Turnover-Aware Max Sharpe γ=0.10,0.10180341185309416,0.15459140076090952,0.5291588759171088
2021-01-11,Turnover-Aware Max Sharpe γ=0.10,0.09381526707696808,0.1546943898068319,0.47716835218873666
2021-01-12,Turnover-Aware Max Sharpe γ=0.10,0.09221704937122177,0.15468991789139355,0.4668503956536116
2021-01-13,Turnover-Aware Max Sharpe γ=0.10,0.0979788570241702,0.15477634025419273,0.5038163901285153
2021-01-14,Turnover-Aware Max Sharpe γ=0.10,0.08917313251393844,0.1548443288616034,0.44672693551317544
2021-01-15,Turnover-Aware Max Sharpe γ=0.10,0.08337031748107138,0.15483259395016502,0.4092827993404798
2021-01-19,Turnover-Aware Max Sharpe γ=0.10,0.09017057058589906,0.1549478096611035,0.45286584392108353
2021-01-20,Turnover-Aware Max Sharpe γ=0.10,0.0969810702470657,0.15517579093695494,0.49608943368196967
2021-01-21,Turnover-Aware Max Sharpe γ=0.10,0.09534874097466495,0.15517494651772276,0.48557284964850467
2021-01-22,Turnover-Aware Max Sharpe γ=0.10,0.09188951460911032,0.15516084442845038,0.46332252749668984
2021-01-25,Turnover-Aware Max Sharpe γ=0.10,0.1008260316302163,0.15529351433403338,0.520472680245751
2021-01-26,Turnover-Aware Max Sharpe γ=0.10,0.10388044343682079,0.15525112134159225,0.5402888089436876
2021-01-27,Turnover-Aware Max Sharpe γ=0.10,0.09250113186362019,0.15544493528724362,0.4664103833916929
2021-01-28,Turnover-Aware Max Sharpe γ=0.10,0.08834513136322952,0.15542118248780165,0.43974141921480775
2021-01-29,Turnover-Aware Max Sharpe γ=0.10,0.07761946585157231,0.15565471415770732,0.3701748846051204
2021-02-01,Turnover-Aware Max Sharpe γ=0.10,0.09214336943325208,0.1558234903109386,0.46298134696696436
2021-02-02,Turnover-Aware Max Sharpe γ=0.10,0.08908380357691481,0.15579755440737164,0.44342033377672885
2021-02-03,Turnover-Aware Max Sharpe γ=0.10,0.08076185824499271,0.1558527205383681,0.3898671645583129
2021-02-04,Turnover-Aware Max Sharpe γ=0.10,0.07858481037419285,0.15584897505423628,0.37590757561161386
2021-02-05,Turnover-Aware Max Sharpe γ=0.10,0.07422336986219613,0.15582416120842071,0.3479779351397908
2021-02-08,Turnover-Aware Max Sharpe γ=0.10,0.07743770471264466,0.15587769697761003,0.36847930028690956
2021-02-09,Turnover-Aware Max Sharpe γ=0.10,0.07268496343754216,0.15580071454161523,0.33815610918440114
2021-02-10,Turnover-Aware Max Sharpe γ=0.10,0.07660708488279178,0.15580851380360308,0.3633118852166519
2021-02-11,Turnover-Aware Max Sharpe γ=0.10,0.07296367512657453,0.15580886687864762,0.33992722100870876
2021-02-12,Turnover-Aware Max Sharpe γ=0.10,0.06881826708541294,0.1558517217925687,0.3132353401291758
2021-02-16,Turnover-Aware Max Sharpe γ=0.10,0.056099765524370016,0.1561190802591265,0.23123224569637235
2021-02-17,Turnover-Aware Max Sharpe γ=0.10,0.05278174137491387,0.15610987344868513,0.209991467232145
2021-02-18,Turnover-Aware Max Sharpe γ=0.10,0.04734238228092624,0.15611230216586627,0.17514559648140668
2021-02-19,Turnover-Aware Max Sharpe γ=0.10,0.040995621302167606,0.1562234045672929,0.1343948517849884
2021-02-22,Turnover-Aware Max Sharpe γ=0.10,0.03463224269883436,0.15642522103034462,0.09354145452027764
2021-02-23,Turnover-Aware Max Sharpe γ=0.10,0.04448557607654968,0.1560229570159426,0.15693572628576524
2021-02-24,Turnover-Aware Max Sharpe γ=0.10,0.05788340042900608,0.1554833344034075,0.2436492668128414
2021-02-25,Turnover-Aware Max Sharpe γ=0.10,0.03783618246750442,0.15691655132259336,0.1136666738923946
2021-02-26,Turnover-Aware Max Sharpe γ=0.10,0.06887657633892807,0.155999424361904,0.31331254290745975
2021-03-01,Turnover-Aware Max Sharpe γ=0.10,0.07052621308612816,0.15603721499269252,0.32380873427210544
2021-03-02,Turnover-Aware Max Sharpe γ=0.10,0.04740288501586387,0.15504142747658606,0.17674556705176223
2021-03-03,Turnover-Aware Max Sharpe γ=0.10,0.03568474675487532,0.15571179802790108,0.10072934070201194
2021-03-04,Turnover-Aware Max Sharpe γ=0.10,0.009386724368674493,0.15515686625532818,-0.06840351888688034
2021-03-05,Turnover-Aware Max Sharpe γ=0.10,0.02164509634693723,0.1550528608658822,0.01060990643932851
2021-03-08,Turnover-Aware Max Sharpe γ=0.10,0.00344179513953935,0.15553580987292429,-0.10645911622531827
2021-03-09,Turnover-Aware Max Sharpe γ=0.10,0.0591767222263313,0.15297308315796235,0.2561020633014033
2021-03-10,Turnover-Aware Max Sharpe γ=0.10,0.05593217246077242,0.15292765356913415,0.23496190271780065
2021-03-11,Turnover-Aware Max Sharpe γ=0.10,0.1018101198472452,0.14832152455929376,0.551572808399366
2021-03-12,Turnover-Aware Max Sharpe γ=0.10,0.15560441505237144,0.13725541924788304,0.9879713004808219
2021-03-15,Turnover-Aware Max Sharpe γ=0.10,0.11515114880131594,0.13084680818888256,0.7271950314902713
2021-03-16,Turnover-Aware Max Sharpe γ=0.10,0.1632470096437877,0.12408982752613683,1.1543815677688474
2021-03-17,Turnover-Aware Max Sharpe γ=0.10,0.16008525181883582,0.1240858193847794,1.1289384436785928
2021-03-18,Turnover-Aware Max Sharpe γ=0.10,0.198314576140731,0.11590567946965513,1.538445544313598
2021-03-19,Turnover-Aware Max Sharpe γ=0.10,0.2141045863483999,0.11543417347313575,1.6815175307992534
2021-03-22,Turnover-Aware Max Sharpe γ=0.10,0.22262730365468397,0.11575595559299041,1.7504697932531608
2021-03-23,Turnover-Aware Max Sharpe γ=0.10,0.1931836172907322,0.11285550704661419,1.5345606237824079
2021-03-24,Turnover-Aware Max Sharpe γ=0.10,0.1401557387330532,0.10440432195547696,1.1508693939346055
2021-03-25,Turnover-Aware Max Sharpe γ=0.10,0.11822574550275,0.10330851684706575,0.9508000743845727
2021-03-26,Turnover-Aware Max Sharpe γ=0.10,0.09273637104990051,0.10003391986746503,0.7271170733514087
2021-03-29,Turnover-Aware Max Sharpe γ=0.10,0.0976231694560099,0.09969698195963823,0.7785909656466352
2021-03-30,Turnover-Aware Max Sharpe γ=0.10,0.07718851226996515,0.09835951817335636,0.5814232657094937
2021-03-31,Turnover-Aware Max Sharpe γ=0.10,0.09363914442066612,0.09780928053659924,0.7528850433892221
2021-04-01,Turnover-Aware Max Sharpe γ=0.10,0.11251331042833179,0.09842334630949552,0.9399529064722162
2021-04-05,Turnover-Aware Max Sharpe γ=0.10,0.10672841531178179,0.09807481032501994,0.8843087743362826
2021-04-06,Turnover-Aware Max Sharpe γ=0.10,0.11350572066352371,0.09810078101307228,0.9531597985041907
2021-04-07,Turnover-Aware Max Sharpe γ=0.10,0.08918709480062414,0.0959996657488506,0.7207014134989581
2021-04-08,Turnover-Aware Max Sharpe γ=0.10,0.10337838783096664,0.09610833406469897,0.8675458652195274
2021-04-09,Turnover-Aware Max Sharpe γ=0.10,0.10057497029993678,0.09610124150753346,0.8384383909714677
2021-04-12,Turnover-Aware Max Sharpe γ=0.10,0.09354570024068698,0.09600430361668759,0.7660667019088003
2021-04-13,Turnover-Aware Max Sharpe γ=0.10,0.09985242964677443,0.0962626435318632,0.8295266649345969
2021-04-14,Turnover-Aware Max Sharpe γ=0.10,0.07995296853618994,0.09559587212956559,0.6271501812853681
2021-04-15,Turnover-Aware Max Sharpe γ=0.10,0.0864244573596964,0.09620007272350282,0.690482402758809
2021-04-16,Turnover-Aware Max Sharpe γ=0.10,0.07541531985735728,0.09587378208372647,0.5780028559733164
2021-04-19,Turnover-Aware Max Sharpe γ=0.10,0.07599928596726069,0.09584627309872808,0.5842614861986096
2021-04-20,Turnover-Aware Max Sharpe γ=0.10,0.07502003687767078,0.0958442139096441,0.5740569475538734
2021-04-21,Turnover-Aware Max Sharpe γ=0.10,0.08673631229065615,0.09572252849872435,0.6971850131554507
2021-04-22,Turnover-Aware Max Sharpe γ=0.10,0.07622296735663148,0.0955845715389543,0.5882012803051432
2021-04-23,Turnover-Aware Max Sharpe γ=0.10,0.07634908417347308,0.09558739399689775,0.5895032997269688
2021-04-26,Turnover-Aware Max Sharpe γ=0.10,0.07337275536606502,0.09550759908910711,0.5588325523319779
2021-04-27,Turnover-Aware Max Sharpe γ=0.10,0.0743100468452047,0.09545487844287706,0.5689604107317091
2021-04-28,Turnover-Aware Max Sharpe γ=0.10,0.075113830958222,0.09544861613284665,0.5774188583469227
2021-04-29,Turnover-Aware Max Sharpe γ=0.10,0.06544649818132142,0.09509576659243602,0.47790243256671183
2021-04-30,Turnover-Aware Max Sharpe γ=0.10,0.07086397056933524,0.09485649395156207,0.5362202254208198
2021-05-03,Turnover-Aware Max Sharpe γ=0.10,0.0755212771034186,0.0947707578502081,0.5858481916032994
2021-05-04,Turnover-Aware Max Sharpe γ=0.10,0.06858863626718792,0.09485992432776073,0.5122145796712223
2021-05-05,Turnover-Aware Max Sharpe γ=0.10,0.06730228792236725,0.09485263865646242,0.498692377907238
2021-05-06,Turnover-Aware Max Sharpe γ=0.10,0.07899257779410362,0.09475326949915616,0.622591474741977
2021-05-07,Turnover-Aware Max Sharpe γ=0.10,0.06849580486206963,0.0940096876742596,0.5158596529977416
2021-05-10,Turnover-Aware Max Sharpe γ=0.10,0.05908517770356325,0.0946340314508075,0.41301397715345606
2021-05-11,Turnover-Aware Max Sharpe γ=0.10,0.05805747639669412,0.09465812299473612,0.40205188094433764
2021-05-12,Turnover-Aware Max Sharpe γ=0.10,0.04464782226306352,0.0956682389523864,0.2576385071259712
2021-05-13,Turnover-Aware Max Sharpe γ=0.10,0.04870590603353975,0.09576560366419098,0.2997517368991802
2021-05-14,Turnover-Aware Max Sharpe γ=0.10,0.05242706981165779,0.0961093417911899,0.33739768899999156
2021-05-17,Turnover-Aware Max Sharpe γ=0.10,0.0493572445813264,0.09611422854438934,0.30544119248450363
2021-05-18,Turnover-Aware Max Sharpe γ=0.10,0.051204530064390186,0.09604487562264855,0.3248953144256223
2021-05-19,Turnover-Aware Max Sharpe γ=0.10,0.04725568752149045,0.09602595298805093,0.28383667824553677
2021-05-20,Turnover-Aware Max Sharpe γ=0.10,0.050736920338540825,0.09630865897184136,0.3191501228101168
2021-05-21,Turnover-Aware Max Sharpe γ=0.10,0.054137036534812166,0.09622436061867704,0.3547650128857931
2021-05-24,Turnover-Aware Max Sharpe γ=0.10,0.05694549416786132,0.09636895137098851,0.3833754922333171
2021-05-25,Turnover-Aware Max Sharpe γ=0.10,0.07002912092669278,0.09617214197787417,0.5202038750286202
2021-05-26,Turnover-Aware Max Sharpe γ=0.10,0.06872743525892888,0.09616577205027262,0.5067024807272968
2021-05-27,Turnover-Aware Max Sharpe γ=0.10,0.06731348189146891,0.09619638811827437,0.49184260258604023
2021-05-28,Turnover-Aware Max Sharpe γ=0.10,0.05986694344892629,0.09588613605677454,0.41577380305867073
2021-06-01,Turnover-Aware Max Sharpe γ=0.10,0.05890203533171934,0.09589973497811893,0.40565320999683113
2021-06-02,Turnover-Aware Max Sharpe γ=0.10,0.06209802933376252,0.09591896165225743,0.4388916290230895
2021-06-03,Turnover-Aware Max Sharpe γ=0.10,0.06044923601426899,0.09604848415012425,0.42113351784965847
2021-06-04,Turnover-Aware Max Sharpe γ=0.10,0.07928831774886413,0.09651377785327028,0.6142990054642773
2021-06-07,Turnover-Aware Max Sharpe γ=0.10,0.08130013210571607,0.09650583110189905,0.6351961472772581
2021-06-08,Turnover-Aware Max Sharpe γ=0.10,0.07786134579196835,0.09640376689254264,0.6001979762519449
2021-06-09,Turnover-Aware Max Sharpe γ=0.10,0.07218469413657203,0.09614142013981825,0.5427909641929559
2021-06-10,Turnover-Aware Max Sharpe γ=0.10,0.06630363128238459,0.09563344514700477,0.4841782204040446
2021-06-11,Turnover-Aware Max Sharpe γ=0.10,0.07193820436113585,0.09535026754923842,0.5447095817986584
2021-06-14,Turnover-Aware Max Sharpe γ=0.10,0.07245462854665319,0.0953436883135964,0.5501636183207415
2021-06-15,Turnover-Aware Max Sharpe γ=0.10,0.06620901081361241,0.09536013035321941,0.4845736959718026
2021-06-16,Turnover-Aware Max Sharpe γ=0.10,0.059795769768635765,0.09561017061704838,0.4162294608596768
2021-06-17,Turnover-Aware Max Sharpe γ=0.10,0.05865095869914061,0.09558716427432669,0.404353021585783
2021-06-18,Turnover-Aware Max Sharpe γ=0.10,0.05621081241216119,0.09551635505483565,0.3791058860168258
2021-06-21,Turnover-Aware Max Sharpe γ=0.10,0.05436444842247279,0.09550438280840275,0.3598206429061317
2021-06-22,Turnover-Aware Max Sharpe γ=0.10,0.05348601687291876,0.09547637850769587,0.35072567054079895
2021-06-23,Turnover-Aware Max Sharpe γ=0.10,0.05102208500418559,0.09548002416887393,0.32490654746083164
2021-06-24,Turnover-Aware Max Sharpe γ=0.10,0.055438740745486825,0.09546604869164563,0.37121826273499176
2021-06-25,Turnover-Aware Max Sharpe γ=0.10,0.04935028038706224,0.09544986924449439,0.3074941916565819
2021-06-28,Turnover-Aware Max Sharpe γ=0.10,0.05810855867815157,0.09564601552062037,0.3984333113169332
2021-06-29,Turnover-Aware Max Sharpe γ=0.10,0.05508371661849987,0.09562584061048356,0.366885314623353
2021-06-30,Turnover-Aware Max Sharpe γ=0.10,0.05300532359317445,0.0955714696384549,0.3453470341937083
2021-07-01,Turnover-Aware Max Sharpe γ=0.10,0.05196490199323489,0.09556290601167297,0.33449068605480026
2021-07-02,Turnover-Aware Max Sharpe γ=0.10,0.05639618452958439,0.0957715774299898,0.38003116901974854
2021-07-06,Turnover-Aware Max Sharpe γ=0.10,0.05682059887578905,0.09579648235652484,0.3843627445395561
2021-07-07,Turnover-Aware Max Sharpe γ=0.10,0.05693436830983356,0.09580081946451947,0.38553290583816424
2021-07-08,Turnover-Aware Max Sharpe γ=0.10,0.05361422387976167,0.09576692739769477,0.3510003379368189
2021-07-09,Turnover-Aware Max Sharpe γ=0.10,0.04363428490358645,0.09551557642731484,0.24743906478512012
2021-07-12,Turnover-Aware Max Sharpe γ=0.10,0.0447235179510026,0.09551335442329967,0.2588488081094083
2021-07-13,Turnover-Aware Max Sharpe γ=0.10,0.046647817856497076,0.0954468342354833,0.27919016979392375
2021-07-14,Turnover-Aware Max Sharpe γ=0.10,0.05008814280571028,0.09559964800572268,0.3147306860785635
2021-07-15,Turnover-Aware Max Sharpe γ=0.10,0.05253928862626078,0.09560406740558346,0.34035464713251756
2021-07-16,Turnover-Aware Max Sharpe γ=0.10,0.04926683256808473,0.09571293962863821,0.30577717789923375
2021-07-19,Turnover-Aware Max Sharpe γ=0.10,0.05374768997764878,0.09583364349728452,0.3521486687355786
2021-07-20,Turnover-Aware Max Sharpe γ=0.10,0.044840001777509464,0.095399613499154,0.26037843201251276
2021-07-21,Turnover-Aware Max Sharpe γ=0.10,0.042601601600191774,0.09544349465822892,0.23680609853112827
2021-07-22,Turnover-Aware Max Sharpe γ=0.10,0.04369159421714208,0.09549163947883545,0.24810124055303326
2021-07-23,Turnover-Aware Max Sharpe γ=0.10,0.04711184847232919,0.0954639498652397,0.2840009083072849
2021-07-26,Turnover-Aware Max Sharpe γ=0.10,0.04766562844533628,0.09545556057235557,0.2898273110487436
2021-07-27,Turnover-Aware Max Sharpe γ=0.10,0.0419584798452981,0.09527498622242037,0.23047476274660195
2021-07-28,Turnover-Aware Max Sharpe γ=0.10,0.044006182442261066,0.09529953775528857,0.25190240170843703
2021-07-29,Turnover-Aware Max Sharpe γ=0.10,0.0402489405062183,0.09521970946740153,0.21265492847518638
2021-07-30,Turnover-Aware Max Sharpe γ=0.10,0.03621354054576753,0.09519445998272452,0.1703202113726985
2021-08-02,Turnover-Aware Max Sharpe γ=0.10,0.03314218902915944,0.09505688550919933,0.1382560448804898
2021-08-03,Turnover-Aware Max Sharpe γ=0.10,0.03276526258781809,0.09504949136718689,0.1343012193353507
2021-08-04,Turnover-Aware Max Sharpe γ=0.10,0.02570593335156901,0.09474664020393703,0.06022306795562667
2021-08-05,Turnover-Aware Max Sharpe γ=0.10,0.026270784909492972,0.09473841830128439,0.0661905172361101
2021-08-06,Turnover-Aware Max Sharpe γ=0.10,0.007231855377417551,0.0951381984664597,-0.13420628967536913
2021-08-09,Turnover-Aware Max Sharpe γ=0.10,0.011062424359207235,0.09489607464400727,-0.09418277493901775
2021-08-10,Turnover-Aware Max Sharpe γ=0.10,0.011279669403586823,0.09488880136077883,-0.09190052431221482
2021-08-11,Turnover-Aware Max Sharpe γ=0.10,0.031115109055600998,0.09334451454886071,0.11907618899001131
2021-08-12,Turnover-Aware Max Sharpe γ=0.10,0.02880488740982412,0.09330937897629217,0.09436229783568965
2021-08-13,Turnover-Aware Max Sharpe γ=0.10,0.03769763702741891,0.093713581464703,0.18884815574020805
2021-08-16,Turnover-Aware Max Sharpe γ=0.10,0.04199533351304541,0.09371352834785489,0.23470819956112432
2021-08-17,Turnover-Aware Max Sharpe γ=0.10,0.031089194100702988,0.09349255717320293,0.11861044810400587
2021-08-18,Turnover-Aware Max Sharpe γ=0.10,0.022248835162036684,0.09330522279640863,0.02410192157135327
2021-08-19,Turnover-Aware Max Sharpe γ=0.10,0.03415979994573215,0.09296331057409814,0.1523160035748277
2021-08-20,Turnover-Aware Max Sharpe γ=0.10,0.028880557153132314,0.09265691636936935,0.09584343512718128
2021-08-23,Turnover-Aware Max Sharpe γ=0.10,0.032912639350124895,0.09285111877205839,0.13906821501875843
2021-08-24,Turnover-Aware Max Sharpe γ=0.10,0.03115653602302615,0.09286867644885205,0.12013238962408035
2021-08-25,Turnover-Aware Max Sharpe γ=0.10,0.027758763297742517,0.09295366041014017,0.08346915294683893
2021-08-26,Turnover-Aware Max Sharpe γ=0.10,0.020273605300289876,0.0927592220609345,0.0029496290957479335
2021-08-27,Turnover-Aware Max Sharpe γ=0.10,0.037306483969996806,0.09271007680151008,0.18667317045858509
2021-08-30,Turnover-Aware Max Sharpe γ=0.10,0.03682940572618243,0.09269169150120186,0.18156326045645865
2021-08-31,Turnover-Aware Max Sharpe γ=0.10,0.029951323590677426,0.09259903140963105,0.10746682161993334
2021-09-01,Turnover-Aware Max Sharpe γ=0.10,0.021616990482511422,0.09215913533583436,0.017545634262072826
2021-09-02,Turnover-Aware Max Sharpe γ=0.10,0.01839645832489878,0.09208510726532572,-0.01741369177624913
2021-09-03,Turnover-Aware Max Sharpe γ=0.10,0.033814447912145384,0.09088539108266162,0.1519985527660979
2021-09-07,Turnover-Aware Max Sharpe γ=0.10,0.03793688011125118,0.09051872672660374,0.1981565667116203
2021-09-08,Turnover-Aware Max Sharpe γ=0.10,0.051252127294595606,0.08970806661345371,0.34837588719037954
2021-09-09,Turnover-Aware Max Sharpe γ=0.10,0.04525953666783322,0.08932490438819173,0.28278268911500115
2021-09-10,Turnover-Aware Max Sharpe γ=0.10,0.04363109268359544,0.08942004206659976,0.2642706504878971
2021-09-13,Turnover-Aware Max Sharpe γ=0.10,0.04683640566588432,0.08943265722710507,0.30007389356369024
2021-09-14,Turnover-Aware Max Sharpe γ=0.10,0.044993748113297594,0.08933718490571844,0.27976870034213214
2021-09-15,Turnover-Aware Max Sharpe γ=0.10,0.04173786391199963,0.08929464236703025,0.24343973317738238
2021-09-16,Turnover-Aware Max Sharpe γ=0.10,0.04088506589351626,0.08934737728471219,0.23375130337586086
2021-09-17,Turnover-Aware Max Sharpe γ=0.10,0.0394961347108429,0.0894253250674419,0.21801581035505882
2021-09-20,Turnover-Aware Max Sharpe γ=0.10,0.043691567631190864,0.08930008997906538,0.265302841651614
2021-09-21,Turnover-Aware Max Sharpe γ=0.10,0.04529697244088671,0.08930523694295688,0.2832641545651458
2021-09-22,Turnover-Aware Max Sharpe γ=0.10,0.044427966082719594,0.08926899461953879,0.2736444628600411
2021-09-23,Turnover-Aware Max Sharpe γ=0.10,0.0492297130925512,0.08878259409544337,0.3292279685039229
2021-09-24,Turnover-Aware Max Sharpe γ=0.10,0.04292706839847327,0.08879317183945196,0.2582075617247685
2021-09-27,Turnover-Aware Max Sharpe γ=0.10,0.032430834656730356,0.08864028017885081,0.14023911738149378
2021-09-28,Turnover-Aware Max Sharpe γ=0.10,0.010532913875778371,0.08963569355434482,-0.10561736902813021
2021-09-29,Turnover-Aware Max Sharpe γ=0.10,0.009441768102710357,0.08963765475514208,-0.11778790873245117
2021-09-30,Turnover-Aware Max Sharpe γ=0.10,0.014383489582612707,0.08964448167934266,-0.06265316405618239
2021-10-01,Turnover-Aware Max Sharpe γ=0.10,0.013365470636327093,0.08957957410742791,-0.07406297060216516
2021-10-04,Turnover-Aware Max Sharpe γ=0.10,0.01642899506511042,0.08931731893471552,-0.03998110307699369
2021-10-05,Turnover-Aware Max Sharpe γ=0.10,0.01725323926771627,0.0893136083316468,-0.030754112207450272
2021-10-06,Turnover-Aware Max Sharpe γ=0.10,0.025578068056759662,0.08926976461138086,0.062485524421877124
2021-10-07,Turnover-Aware Max Sharpe γ=0.10,0.02193074389889005,0.08927283294274259,0.02162745188257193
2021-10-08,Turnover-Aware Max Sharpe γ=0.10,0.014198615742172516,0.08926003177915941,-0.06499419888378308
2021-10-11,Turnover-Aware Max Sharpe γ=0.10,0.0035449855405780273,0.0891012233837814,-0.18467776125301988
2021-10-12,Turnover-Aware Max Sharpe γ=0.10,-0.0008407594424444387,0.08874881286037826,-0.23482859962568306
2021-10-13,Turnover-Aware Max Sharpe γ=0.10,0.007198119877970921,0.0891433480250976,-0.1436100438859982
2021-10-14,Turnover-Aware Max Sharpe γ=0.10,0.015791841087402503,0.08943880833052664,-0.04705070417582026
2021-10-15,Turnover-Aware Max Sharpe γ=0.10,0.013999443276500267,0.08949953546705768,-0.06704567450753277
2021-10-18,Turnover-Aware Max Sharpe γ=0.10,0.02016507225949793,0.08949842568240883,0.0018444152312097515
2021-10-19,Turnover-Aware Max Sharpe γ=0.10,0.025038932092100286,0.08930085265383805,0.05642647233876907
2021-10-20,Turnover-Aware Max Sharpe γ=0.10,0.026743589555119796,0.08927702468236835,0.07553555440621232
2021-10-21,Turnover-Aware Max Sharpe γ=0.10,0.027825532955720655,0.08927626760048663,0.08765524328077981
2021-10-22,Turnover-Aware Max Sharpe γ=0.10,0.03526592990086019,0.08912101747257972,0.1712943852504504
2021-10-25,Turnover-Aware Max Sharpe γ=0.10,0.03717636999702201,0.08918931916500782,0.19258326173837323
2021-10-26,Turnover-Aware Max Sharpe γ=0.10,0.0397973451946243,0.08919694174991051,0.22195094143621985
2021-10-27,Turnover-Aware Max Sharpe γ=0.10,0.04158421629035858,0.08930892734063645,0.2416803888824398
2021-10-28,Turnover-Aware Max Sharpe γ=0.10,0.056988339307630254,0.08835362999145138,0.4186397243804136
2021-10-29,Turnover-Aware Max Sharpe γ=0.10,0.05739826473698195,0.08835457116502227,0.42327481469104955
2021-11-01,Turnover-Aware Max Sharpe γ=0.10,0.06805896110333953,0.08775057305565384,0.5476768917834782
2021-11-02,Turnover-Aware Max Sharpe γ=0.10,0.0661534609955221,0.08767956095851655,0.5263879117432909
2021-11-03,Turnover-Aware Max Sharpe γ=0.10,0.06107932063116728,0.08764296984537948,0.4687121021074455
2021-11-04,Turnover-Aware Max Sharpe γ=0.10,0.04959659934620797,0.0857194962455357,0.34527267007532575
2021-11-05,Turnover-Aware Max Sharpe γ=0.10,0.04601879549448484,0.08535279121256065,0.30483824986681723
2021-11-08,Turnover-Aware Max Sharpe γ=0.10,0.04843051328011172,0.08527145528244792,0.33341184556942577
2021-11-09,Turnover-Aware Max Sharpe γ=0.10,0.07348265174056534,0.08283524996938123,0.645650876412329
2021-11-10,Turnover-Aware Max Sharpe γ=0.10,0.07001398744076415,0.08317699166482719,0.6012959406166335
2021-11-11,Turnover-Aware Max Sharpe γ=0.10,0.06285238019430706,0.08290162084258053,0.5169064218379782
2021-11-12,Turnover-Aware Max Sharpe γ=0.10,0.05967130726149561,0.08274568371423735,0.47943657579168325
2021-11-15,Turnover-Aware Max Sharpe γ=0.10,0.051995363860132704,0.08285229249411544,0.3861735493004634
2021-11-16,Turnover-Aware Max Sharpe γ=0.10,0.05095240529282341,0.08284576680905778,0.3736148083964537
2021-11-17,Turnover-Aware Max Sharpe γ=0.10,0.054422126235063706,0.08295035746990212,0.4149726087383469
2021-11-18,Turnover-Aware Max Sharpe γ=0.10,0.06075166511081287,0.08299295311697247,0.4910256061544935
2021-11-19,Turnover-Aware Max Sharpe γ=0.10,0.061187061310927104,0.08301087038861261,0.4961646723870169
2021-11-22,Turnover-Aware Max Sharpe γ=0.10,0.047067172302167615,0.08386752268699305,0.32273723409223154
2021-11-23,Turnover-Aware Max Sharpe γ=0.10,0.044237217353297886,0.08406947402027645,0.2882998571806478
2021-11-24,Turnover-Aware Max Sharpe γ=0.10,0.051996608324011984,0.0842379103249633,0.3798362067693649
2021-11-26,Turnover-Aware Max Sharpe γ=0.10,0.05539265725149645,0.08432508811116676,0.4197168131604901
2021-11-29,Turnover-Aware Max Sharpe γ=0.10,0.05442857636296261,0.08428173189741557,0.4084939356119037
2021-11-30,Turnover-Aware Max Sharpe γ=0.10,0.055540901397753695,0.08427345333746039,0.42173306053373044
2021-12-01,Turnover-Aware Max Sharpe γ=0.10,0.05217735749631913,0.08431749411309412,0.38162136855205864
2021-12-02,Turnover-Aware Max Sharpe γ=0.10,0.05493243368135037,0.08430819623333204,0.41434208347514734
2021-12-03,Turnover-Aware Max Sharpe γ=0.10,0.050838204906603846,0.08419779065204931,0.3662590748258935
2021-12-06,Turnover-Aware Max Sharpe γ=0.10,0.05268759682544544,0.0841161892779786,0.38860054296352864
2021-12-07,Turnover-Aware Max Sharpe γ=0.10,0.052090197362933965,0.08407128201511446,0.38170224830358523
2021-12-08,Turnover-Aware Max Sharpe γ=0.10,0.044754965231128985,0.08412424341798155,0.2942667205710359
2021-12-09,Turnover-Aware Max Sharpe γ=0.10,0.05206087830568795,0.0835616844215689,0.3836791769771028
2021-12-10,Turnover-Aware Max Sharpe γ=0.10,0.051478700600572136,0.08353778700542534,0.37681990065798315
2021-12-13,Turnover-Aware Max Sharpe γ=0.10,0.051367897269414486,0.08353656712559687,0.37549899820820964
2021-12-14,Turnover-Aware Max Sharpe γ=0.10,0.045152237335696954,0.08373572390059458,0.30037642435092576
2021-12-15,Turnover-Aware Max Sharpe γ=0.10,0.04622923238221288,0.08378490062505012,0.31305440701771065
2021-12-16,Turnover-Aware Max Sharpe γ=0.10,0.039464562387421465,0.08395004566545441,0.2318588659854793
2021-12-17,Turnover-Aware Max Sharpe γ=0.10,0.03883211282841548,0.08393681738952263,0.2243605775642166
2021-12-20,Turnover-Aware Max Sharpe γ=0.10,0.03511343274406942,0.08411290896602155,0.17968030032316054
2021-12-21,Turnover-Aware Max Sharpe γ=0.10,0.03955500126595446,0.08423372738606083,0.23215167929503808
2021-12-22,Turnover-Aware Max Sharpe γ=0.10,0.04454716707482187,0.08445733430342695,0.29064577135044434
2021-12-23,Turnover-Aware Max Sharpe γ=0.10,0.04759765400809002,0.08439301611660634,0.3270134814231331
2021-12-27,Turnover-Aware Max Sharpe γ=0.10,0.050528733105746904,0.0845441104676703,0.3610982827410681
2021-12-28,Turnover-Aware Max Sharpe γ=0.10,0.04470386279848393,0.08457472458359244,0.29209510193635907
2021-12-29,Turnover-Aware Max Sharpe γ=0.10,0.03977239048657677,0.08469853217381848,0.2334443110064745
2021-12-30,Turnover-Aware Max Sharpe γ=0.10,0.04115701692020002,0.08473556363861706,0.24968284875558436
2021-12-31,Turnover-Aware Max Sharpe γ=0.10,0.038437366567506404,0.08472537588820757,0.21761327552956414
2022-01-03,Turnover-Aware Max Sharpe γ=0.10,0.03080094295020297,0.08516828605629366,0.12681883656862453
2022-01-04,Turnover-Aware Max Sharpe γ=0.10,0.026643473595186817,0.08527400942552428,0.07790736755481192
2022-01-05,Turnover-Aware Max Sharpe γ=0.10,0.027901534889746227,0.08508622523883358,0.09286503035675797
2022-01-06,Turnover-Aware Max Sharpe γ=0.10,0.022856341106368028,0.08506363284981344,0.03357887513940444
2022-01-07,Turnover-Aware Max Sharpe γ=0.10,0.020015589926873467,0.08520079542814868,0.00018297865407388133
2022-01-10,Turnover-Aware Max Sharpe γ=0.10,0.02672536881903853,0.08502850606762788,0.07909546021765303
2022-01-11,Turnover-Aware Max Sharpe γ=0.10,0.035456702593857026,0.08545490292609217,0.1808755503148268
2022-01-12,Turnover-Aware Max Sharpe γ=0.10,0.030389265356513873,0.0852831743284748,0.12182080977073866
2022-01-13,Turnover-Aware Max Sharpe γ=0.10,0.030437448340760342,0.08528041731798416,0.12238974279220917
2022-01-14,Turnover-Aware Max Sharpe γ=0.10,0.027878758960269145,0.08537739399590212,0.09228155828517445
2022-01-18,Turnover-Aware Max Sharpe γ=0.10,0.0073861169966804585,0.0862616091270254,-0.14622823676688945
2022-01-19,Turnover-Aware Max Sharpe γ=0.10,-0.000508630294291823,0.08578412796455648,-0.23907255084256843
2022-01-20,Turnover-Aware Max Sharpe γ=0.10,-0.0023883220967571006,0.08581039523448172,-0.26090454467177027
2022-01-21,Turnover-Aware Max Sharpe γ=0.10,-0.0060643391704866545,0.0859107882047072,-0.30338843019785666
2022-01-24,Turnover-Aware Max Sharpe γ=0.10,-0.013182810653393773,0.08562142186052932,-0.387552670025102
2022-01-25,Turnover-Aware Max Sharpe γ=0.10,-0.019991182059407864,0.085940146660169,-0.46533760545631847
2022-01-26,Turnover-Aware Max Sharpe γ=0.10,-0.020236076540503745,0.08596247275811118,-0.46806560176233625
2022-01-27,Turnover-Aware Max Sharpe γ=0.10,-0.018588114169116432,0.08596935656173173,-0.4488589389570178
2022-01-28,Turnover-Aware Max Sharpe γ=0.10,-0.0005148121522647875,0.08616523140051095,-0.23808689211206757
2022-01-31,Turnover-Aware Max Sharpe γ=0.10,-0.00029904741361852505,0.08618839522747437,-0.2355194960997229
2022-02-01,Turnover-Aware Max Sharpe γ=0.10,0.0006467417216289295,0.08619806767159163,-0.22452079032798714
2022-02-02,Turnover-Aware Max Sharpe γ=0.10,0.010063254104013097,0.08620572080898974,-0.11526782448701102
2022-02-03,Turnover-Aware Max Sharpe γ=0.10,-0.006424613805271817,0.08781534081489116,-0.3009111342057321
2022-02-04,Turnover-Aware Max Sharpe γ=0.10,-0.007071562401183562,0.08782316892741494,-0.30825080365248453
2022-02-07,Turnover-Aware Max Sharpe γ=0.10,-0.013097078502090298,0.08771252094474254,-0.377335848355572
2022-02-08,Turnover-Aware Max Sharpe γ=0.10,-0.01220365072887919,0.08772601700935133,-0.3670935011838778
2022-02-09,Turnover-Aware Max Sharpe γ=0.10,-0.006371218189281769,0.08809598173084335,-0.29934643636588165
2022-02-10,Turnover-Aware Max Sharpe γ=0.10,-0.019509139711111234,0.08928321300183449,-0.44251476154088953
2022-02-11,Turnover-Aware Max Sharpe γ=0.10,-0.01810840398427327,0.08924218558616462,-0.4270223071518016
2022-02-14,Turnover-Aware Max Sharpe γ=0.10,-0.01305015720601077,0.08886469482679182,-0.37191549771739585
2022-02-15,Turnover-Aware Max Sharpe γ=0.10,-0.00846465926209683,0.08894266869622705,-0.3200337889490863
2022-02-16,Turnover-Aware Max Sharpe γ=0.10,-0.0029068006083678988,0.08896676822932938,-0.2574759212262393
2022-02-17,Turnover-Aware Max Sharpe γ=0.10,-0.0024596584599474447,0.08893937046524698,-0.2525277426910003
2022-02-18,Turnover-Aware Max Sharpe γ=0.10,0.005059304263454134,0.08857676560824002,-0.16867511061112825
2022-02-22,Turnover-Aware Max Sharpe γ=0.10,0.003980817082625432,0.08860474246939805,-0.18079374163191334
2022-02-23,Turnover-Aware Max Sharpe γ=0.10,-0.008848074616946588,0.08953036353291463,-0.32221554206401704
2022-02-24,Turnover-Aware Max Sharpe γ=0.10,0.023573576792709883,0.08769995979594321,0.04074775861955626
2022-02-25,Turnover-Aware Max Sharpe γ=0.10,0.019041574235000303,0.08730417989775352,-0.010978005476051208
2022-02-28,Turnover-Aware Max Sharpe γ=0.10,0.02456153152015994,0.08777261792659331,0.051969869737449055
2022-03-01,Turnover-Aware Max Sharpe γ=0.10,0.03170770476715368,0.08774406649480412,0.133430159267202
2022-03-02,Turnover-Aware Max Sharpe γ=0.10,0.039253298131719294,0.08681390080760244,0.22177667346602226
2022-03-03,Turnover-Aware Max Sharpe γ=0.10,0.049139327622964135,0.08627679397062926,0.3377423555270711
2022-03-04,Turnover-Aware Max Sharpe γ=0.10,0.049001456542904664,0.08626982761664867,0.3361714905908524
2022-03-07,Turnover-Aware Max Sharpe γ=0.10,0.04999799589938392,0.0861304297573045,0.3482856869971656
2022-03-08,Turnover-Aware Max Sharpe γ=0.10,0.029662523490764148,0.08388804959725527,0.11518355161615648
2022-03-09,Turnover-Aware Max Sharpe γ=0.10,0.031128476525594362,0.083914665606829,0.13261658668504211
2022-03-10,Turnover-Aware Max Sharpe γ=0.10,0.01885185194671113,0.08410726144943993,-0.013650997945986707
2022-03-11,Turnover-Aware Max Sharpe γ=0.10,0.022108174963910487,0.08376164735770046,0.025168738084956923
2022-03-14,Turnover-Aware Max Sharpe γ=0.10,-0.0012962113865324643,0.08535316371864642,-0.24950699492208808
2022-03-15,Turnover-Aware Max Sharpe γ=0.10,0.004343083292784211,0.0855720143214487,-0.1829677241019599
2022-03-16,Turnover-Aware Max Sharpe γ=0.10,0.020165946346075048,0.08690196906458712,0.0019095809664762934
2022-03-17,Turnover-Aware Max Sharpe γ=0.10,0.03849704157024281,0.08566977799953003,0.2159109315112767
2022-03-18,Turnover-Aware Max Sharpe γ=0.10,0.0438558357956369,0.08600537973881449,0.2773760881945236
2022-03-21,Turnover-Aware Max Sharpe γ=0.10,0.026076844942207078,0.08583560586686897,0.07079631908968248
2022-03-22,Turnover-Aware Max Sharpe γ=0.10,0.02506790159650496,0.08582216946950205,0.05905119420578036
2022-03-23,Turnover-Aware Max Sharpe γ=0.10,0.032461939748986035,0.0858752884988744,0.14511671479449387
2022-03-24,Turnover-Aware Max Sharpe γ=0.10,0.04193475414344139,0.08597612710300022,0.2551261016580026
2022-03-25,Turnover-Aware Max Sharpe γ=0.10,0.03229330695143928,0.08618208941760641,0.14264340809690143
2022-03-28,Turnover-Aware Max Sharpe γ=0.10,0.04138900591966865,0.0861060319079196,0.24840310772352986
2022-03-29,Turnover-Aware Max Sharpe γ=0.10,0.05264979583323681,0.08648939821271999,0.377500555073061
2022-03-30,Turnover-Aware Max Sharpe γ=0.10,0.048827612603383086,0.08639176357003797,0.33368473349907346
2022-03-31,Turnover-Aware Max Sharpe γ=0.10,0.03245900424104198,0.08557678203048581,0.1455886041216599
2022-04-01,Turnover-Aware Max Sharpe γ=0.10,0.026112746742585013,0.08549789004098626,0.07149587831529719
2022-04-04,Turnover-Aware Max Sharpe γ=0.10,0.029107560841742597,0.08567821015688842,0.10629961602915627
2022-04-05,Turnover-Aware Max Sharpe γ=0.10,0.014525720318263158,0.08712569602921615,-0.06283197645733739
2022-04-06,Turnover-Aware Max Sharpe γ=0.10,-0.0021196718242502133,0.08724763953021071,-0.2535274529300127
2022-04-07,Turnover-Aware Max Sharpe γ=0.10,-0.0010795187966680109,0.08724655688030729,-0.24160860382819233
2022-04-08,Turnover-Aware Max Sharpe γ=0.10,-0.005110630449186138,0.08740392861170483,-0.2872940707361226
2022-04-11,Turnover-Aware Max Sharpe γ=0.10,-0.023617173404190006,0.08778496316465961,-0.4968638344402629
2022-04-12,Turnover-Aware Max Sharpe γ=0.10,-0.017647986518869452,0.08763041482688325,-0.42962237019240734
2022-04-13,Turnover-Aware Max Sharpe γ=0.10,-0.021191746411470813,0.0871622592866272,-0.47258695160728387
2022-04-14,Turnover-Aware Max Sharpe γ=0.10,-0.0334868167593354,0.08829643914464388,-0.6057641426707517
2022-04-18,Turnover-Aware Max Sharpe γ=0.10,-0.029474952547507982,0.08819748867781814,-0.5609564772103431
2022-04-19,Turnover-Aware Max Sharpe γ=0.10,-0.028077217797370158,0.08821204620109377,-0.5450187346042318
2022-04-20,Turnover-Aware Max Sharpe γ=0.10,-0.030495622982748105,0.08811174146074051,-0.5730861987927816
2022-04-21,Turnover-Aware Max Sharpe γ=0.10,-0.03790490559771997,0.08870662201521443,-0.6527686916968665
2022-04-22,Turnover-Aware Max Sharpe γ=0.10,-0.054631556884264576,0.08986071928767349,-0.8305248107946323
2022-04-25,Turnover-Aware Max Sharpe γ=0.10,-0.054511582459656815,0.08986344641118715,-0.8291645316908391
2022-04-26,Turnover-Aware Max Sharpe γ=0.10,-0.06002448489615719,0.09036267880789263,-0.8855922151919156
2022-04-27,Turnover-Aware Max Sharpe γ=0.10,-0.06525811979925522,0.090527173810091,-0.9417958852676738
2022-04-28,Turnover-Aware Max Sharpe γ=0.10,-0.050793296497018026,0.09178758686517033,-0.7712730981914638
2022-04-29,Turnover-Aware Max Sharpe γ=0.10,-0.06860585300040956,0.09397800311803581,-0.9428360899424639
2022-05-02,Turnover-Aware Max Sharpe γ=0.10,-0.07332059831770477,0.09406789721938891,-0.9920557499022089
2022-05-03,Turnover-Aware Max Sharpe γ=0.10,-0.06643017556328035,0.09404673850601303,-0.9190130028565988
2022-05-04,Turnover-Aware Max Sharpe γ=0.10,-0.050087426666999724,0.09575512118336134,-0.731944420317629
2022-05-05,Turnover-Aware Max Sharpe γ=0.10,-0.07985932839135212,0.09919987990176092,-1.0066476742738426
2022-05-06,Turnover-Aware Max Sharpe γ=0.10,-0.08895647754155078,0.0994154479797967,-1.0959712977775147
2022-05-09,Turnover-Aware Max Sharpe γ=0.10,-0.09427290347493633,0.10018950547540811,-1.1405675967028808
2022-05-10,Turnover-Aware Max Sharpe γ=0.10,-0.08862188467080756,0.10024481030280105,-1.0835661650982489
2022-05-11,Turnover-Aware Max Sharpe γ=0.10,-0.07888725045725375,0.09938848769769797,-0.9949567877321086
2022-05-12,Turnover-Aware Max Sharpe γ=0.10,-0.0881466871844554,0.09940804787753595,-1.087906758994854
2022-05-13,Turnover-Aware Max Sharpe γ=0.10,-0.09171548309535649,0.09902503015892201,-1.128153992137826
2022-05-16,Turnover-Aware Max Sharpe γ=0.10,-0.09126019412813291,0.0990210004765617,-1.123601999501795
2022-05-17,Turnover-Aware Max Sharpe γ=0.10,-0.0846695044673661,0.09911369964104554,-1.0560548627126392
2022-05-18,Turnover-Aware Max Sharpe γ=0.10,-0.09554504058277702,0.09992447106250907,-1.1563237648813403
2022-05-19,Turnover-Aware Max Sharpe γ=0.10,-0.10175503911534578,0.09944263448247685,-1.2243746331640146
2022-05-20,Turnover-Aware Max Sharpe γ=0.10,-0.0991337195295231,0.09947748044436866,-1.1975948626498125
2022-05-23,Turnover-Aware Max Sharpe γ=0.10,-0.10160832788342433,0.09931624913762693,-1.2244555039015446
2022-05-24,Turnover-Aware Max Sharpe γ=0.10,-0.10571900544797852,0.09917737210874805,-1.267617832322957
2022-05-25,Turnover-Aware Max Sharpe γ=0.10,-0.10204553466922561,0.09928736622962918,-1.229215148954218
2022-05-26,Turnover-Aware Max Sharpe γ=0.10,-0.09194973037574039,0.09967117116495773,-1.1231906785810855
2022-05-27,Turnover-Aware Max Sharpe γ=0.10,-0.08106906719240004,0.10054959797046839,-1.005166298348445
2022-05-31,Turnover-Aware Max Sharpe γ=0.10,-0.08866795609122347,0.10099634650357307,-1.0759592782633873
2022-06-01,Turnover-Aware Max Sharpe γ=0.10,-0.09309391206567408,0.10098220712131972,-1.119939000043873
2022-06-02,Turnover-Aware Max Sharpe γ=0.10,-0.0707586490933293,0.10194343948478568,-0.8902843532846895
2022-06-03,Turnover-Aware Max Sharpe γ=0.10,-0.09479603794959945,0.1022315913675911,-1.122901799863711
2022-06-06,Turnover-Aware Max Sharpe γ=0.10,-0.09788242633873889,0.10224765144894318,-1.1529108460510984
2022-06-07,Turnover-Aware Max Sharpe γ=0.10,-0.09221405271171546,0.10257563873613486,-1.093963967413105
2022-06-08,Turnover-Aware Max Sharpe γ=0.10,-0.09978925421771057,0.10269107220171862,-1.1665011538919914
2022-06-09,Turnover-Aware Max Sharpe γ=0.10,-0.1173466666981291,0.10328931893889454,-1.3297276824855697
2022-06-10,Turnover-Aware Max Sharpe γ=0.10,-0.12762708940857526,0.10413791651150102,-1.417611321158622
2022-06-13,Turnover-Aware Max Sharpe γ=0.10,-0.1572150528054499,0.1095893934512215,-1.6170821575386192
2022-06-14,Turnover-Aware Max Sharpe γ=0.10,-0.15867349010121456,0.10963851838103225,-1.6296598379801304
2022-06-15,Turnover-Aware Max Sharpe γ=0.10,-0.1380702309516133,0.11098336449372737,-1.4242695891648447
2022-06-16,Turnover-Aware Max Sharpe γ=0.10,-0.15144202186504419,0.11174655598239558,-1.5342040777708885
2022-06-17,Turnover-Aware Max Sharpe γ=0.10,-0.1514139974407418,0.11174733986400394,-1.5339425318701272
2022-06-21,Turnover-Aware Max Sharpe γ=0.10,-0.14381435002863485,0.11215638539386823,-1.4605887079309428
2022-06-22,Turnover-Aware Max Sharpe γ=0.10,-0.14230508710745182,0.11222702433243358,-1.4462210690597959
2022-06-23,Turnover-Aware Max Sharpe γ=0.10,-0.1361867876074665,0.1124202539308813,-1.3893118201235688
2022-06-24,Turnover-Aware Max Sharpe γ=0.10,-0.12557018034290757,0.11337219863310061,-1.284002445908342
2022-06-27,Turnover-Aware Max Sharpe γ=0.10,-0.12765136842954172,0.11343700894313277,-1.3016154939660034
2022-06-28,Turnover-Aware Max Sharpe γ=0.10,-0.14468113827821072,0.11389493295123877,-1.445903992486784
2022-06-29,Turnover-Aware Max Sharpe γ=0.10,-0.14215303280438685,0.11393502980656059,-1.4232061296661
2022-06-30,Turnover-Aware Max Sharpe γ=0.10,-0.14843035136306193,0.11401330811992129,-1.4772867671369012
2022-07-01,Turnover-Aware Max Sharpe γ=0.10,-0.14383894134671915,0.11419597233442605,-1.434717337200933
2022-07-05,Turnover-Aware Max Sharpe γ=0.10,-0.14964887836763963,0.11394133342738225,-1.4889142795205326
2022-07-06,Turnover-Aware Max Sharpe γ=0.10,-0.1585802097559441,0.11378554586816375,-1.5694454721239717
2022-07-07,Turnover-Aware Max Sharpe γ=0.10,-0.15470608053422374,0.11407408921032815,-1.5315141391320093
2022-07-08,Turnover-Aware Max Sharpe γ=0.10,-0.1554281906034345,0.11407485146504204,-1.5378340479995631
2022-07-11,Turnover-Aware Max Sharpe γ=0.10,-0.1608413804444524,0.11433334527983934,-1.581702870687722
2022-07-12,Turnover-Aware Max Sharpe γ=0.10,-0.16573794611364823,0.11442196071671422,-1.6232718347966266
2022-07-13,Turnover-Aware Max Sharpe γ=0.10,-0.16295428124475353,0.11442237547198007,-1.5989379742387506
2022-07-14,Turnover-Aware Max Sharpe γ=0.10,-0.1722252094379103,0.11428604575569092,-1.6819657042718041
2022-07-15,Turnover-Aware Max Sharpe γ=0.10,-0.16524115752082036,0.11476722974121803,-1.6140596748611071
2022-07-18,Turnover-Aware Max Sharpe γ=0.10,-0.1657891563941447,0.11479188417583845,-1.618486861924424
2022-07-19,Turnover-Aware Max Sharpe γ=0.10,-0.1572801663844765,0.11576034392765683,-1.5314412550058232
2022-07-20,Turnover-Aware Max Sharpe γ=0.10,-0.15494377589580421,0.11582822640761092,-1.5103725691193772
2022-07-21,Turnover-Aware Max Sharpe γ=0.10,-0.14122908589367367,0.11664875408749503,-1.3821758076622073
2022-07-22,Turnover-Aware Max Sharpe γ=0.10,-0.14915973049697417,0.11656672091024685,-1.4511837441770579
2022-07-25,Turnover-Aware Max Sharpe γ=0.10,-0.15293799304560451,0.11658877832696851,-1.4833159376677478
2022-07-26,Turnover-Aware Max Sharpe γ=0.10,-0.1595735222285375,0.11687889138668996,-1.5364067890961115
2022-07-27,Turnover-Aware Max Sharpe γ=0.10,-0.14212690368300096,0.11892856329671406,-1.3632293133695028
2022-07-28,Turnover-Aware Max Sharpe γ=0.10,-0.1347437061644604,0.11945389587764932,-1.2954261979279158
2022-07-29,Turnover-Aware Max Sharpe γ=0.10,-0.1269788922884586,0.11986731684062875,-1.2261798809084583
2022-08-01,Turnover-Aware Max Sharpe γ=0.10,-0.12291188844546141,0.119932191214947,-1.1916057481959061
2022-08-02,Turnover-Aware Max Sharpe γ=0.10,-0.13187018550521834,0.12006731948709069,-1.2648752895790847
2022-08-03,Turnover-Aware Max Sharpe γ=0.10,-0.1211419577392362,0.12095198680346408,-1.166925500517647
2022-08-04,Turnover-Aware Max Sharpe γ=0.10,-0.11610432011642113,0.1211510729681951,-1.1234264524603226
2022-08-05,Turnover-Aware Max Sharpe γ=0.10,-0.12362992675047302,0.1214883647269786,-1.1822525315346308
2022-08-08,Turnover-Aware Max Sharpe γ=0.10,-0.11075838093476453,0.12106069910916452,-1.0801059460003224
2022-08-09,Turnover-Aware Max Sharpe γ=0.10,-0.11062158509120024,0.12105609994185973,-1.079016961176963
2022-08-10,Turnover-Aware Max Sharpe γ=0.10,-0.09729238623277647,0.12165393484225019,-0.9641479035172239
2022-08-11,Turnover-Aware Max Sharpe γ=0.10,-0.10393080125092236,0.12171851318607366,-1.0181754443670104
2022-08-12,Turnover-Aware Max Sharpe γ=0.10,-0.09205109939436507,0.12253374152689805,-0.9144509748750969
2022-08-15,Turnover-Aware Max Sharpe γ=0.10,-0.10027641620750916,0.1221868208998736,-0.984364887487089
2022-08-16,Turnover-Aware Max Sharpe γ=0.10,-0.10272630513414516,0.12215836999085847,-1.0046491709354766
2022-08-17,Turnover-Aware Max Sharpe γ=0.10,-0.10751329372269136,0.12239444943131621,-1.0418225198541187
2022-08-18,Turnover-Aware Max Sharpe γ=0.10,-0.1047706831636821,0.12238879837355562,-1.0194616241174006
2022-08-19,Turnover-Aware Max Sharpe γ=0.10,-0.11944142724584084,0.1230100500635473,-1.1335775180467371
2022-08-22,Turnover-Aware Max Sharpe γ=0.10,-0.1355937112877844,0.12385095400821312,-1.256298044159323
2022-08-23,Turnover-Aware Max Sharpe γ=0.10,-0.14080557879088185,0.1236444657409269,-1.3005481307009639
2022-08-24,Turnover-Aware Max Sharpe γ=0.10,-0.13803176791678762,0.12365791165314802,-1.2779753903660924
2022-08-25,Turnover-Aware Max Sharpe γ=0.10,-0.12492548815663274,0.12417321906200401,-1.1671235492756806
2022-08-26,Turnover-Aware Max Sharpe γ=0.10,-0.14422741768182823,0.12621808676497628,-1.301140128891567
2022-08-29,Turnover-Aware Max Sharpe γ=0.10,-0.15579411541227906,0.1260084534400302,-1.3950977939423943
2022-08-30,Turnover-Aware Max Sharpe γ=0.10,-0.16569566311145512,0.12615985306226535,-1.4719077313747841
2022-08-31,Turnover-Aware Max Sharpe γ=0.10,-0.16996330157907225,0.12631245045971837,-1.5039158918039708
2022-09-01,Turnover-Aware Max Sharpe γ=0.10,-0.1727934410561348,0.1263124770620956,-1.5263214334824338
2022-09-02,Turnover-Aware Max Sharpe γ=0.10,-0.17704045484777964,0.1263605724656907,-1.5593507611029527
2022-09-06,Turnover-Aware Max Sharpe γ=0.10,-0.1822859675240902,0.12647120063744582,-1.599462695890601
2022-09-07,Turnover-Aware Max Sharpe γ=0.10,-0.16440199100666208,0.1273869812446349,-1.44757328578605
2022-09-08,Turnover-Aware Max Sharpe γ=0.10,-0.16372686177894558,0.12739889843731325,-1.4421385430530118
2022-09-09,Turnover-Aware Max Sharpe γ=0.10,-0.1554221392316727,0.12809619623842902,-1.369456271013345
2022-09-12,Turnover-Aware Max Sharpe γ=0.10,-0.1431701300251993,0.12829615737718064,-1.271823984139228
2022-09-13,Turnover-Aware Max Sharpe γ=0.10,-0.1745925879927822,0.13271495733122693,-1.4662445884462179
2022-09-14,Turnover-Aware Max Sharpe γ=0.10,-0.17592254263560514,0.1326656261973186,-1.476814667457282
2022-09-15,Turnover-Aware Max Sharpe γ=0.10,-0.18767754517399315,0.13336933537089501,-1.5571611315033538
2022-09-16,Turnover-Aware Max Sharpe γ=0.10,-0.18498417639606157,0.13328095393081338,-1.5379855136876466
2022-09-19,Turnover-Aware Max Sharpe γ=0.10,-0.1763263487876976,0.13330644744807224,-1.4727445862224624
2022-09-20,Turnover-Aware Max Sharpe γ=0.10,-0.1826992791858263,0.13352205450418395,-1.5180958676716185
2022-09-21,Turnover-Aware Max Sharpe γ=0.10,-0.19124441433228134,0.1337731877843441,-1.579123723005156
2022-09-22,Turnover-Aware Max Sharpe γ=0.10,-0.20065646889536182,0.13389394854031078,-1.6479943365695118
2022-09-23,Turnover-Aware Max Sharpe γ=0.10,-0.2074735939153839,0.13455186100195893,-1.6906016180041694
2022-09-26,Turnover-Aware Max Sharpe γ=0.10,-0.2125032040884186,0.13479895186709367,-1.7248146285117807
2022-09-27,Turnover-Aware Max Sharpe γ=0.10,-0.21007815103075034,0.13477313509924682,-1.7071514353459314
2022-09-28,Turnover-Aware Max Sharpe γ=0.10,-0.18180711207895495,0.13575360721648752,-1.4865690585822244
2022-09-29,Turnover-Aware Max Sharpe γ=0.10,-0.19421956291394893,0.13658501212485824,-1.568397290312656
2022-09-30,Turnover-Aware Max Sharpe γ=0.10,-0.2044209225537521,0.13685273401953785,-1.6398716778410327
2022-10-03,Turnover-Aware Max Sharpe γ=0.10,-0.18982792791174397,0.1389144679882585,-1.5104828960614765
2022-10-04,Turnover-Aware Max Sharpe γ=0.10,-0.16517313684295198,0.14100338187997002,-1.3132531601304551
2022-10-05,Turnover-Aware Max Sharpe γ=0.10,-0.1680973386582033,0.14102802261568184,-1.3337586046341368
2022-10-06,Turnover-Aware Max Sharpe γ=0.10,-0.17642075798669843,0.141072036284622,-1.392343678873443
2022-10-07,Turnover-Aware Max Sharpe γ=0.10,-0.19485123244987046,0.1429897076831582,-1.5025643169083585
2022-10-10,Turnover-Aware Max Sharpe γ=0.10,-0.20040227524697074,0.14328672216166055,-1.538190503083084
2022-10-11,Turnover-Aware Max Sharpe γ=0.10,-0.20243248540847936,0.1433631811699181,-1.5515314573331491
2022-10-12,Turnover-Aware Max Sharpe γ=0.10,-0.20574826457108164,0.14325582996193242,-1.5758399824361078
2022-10-13,Turnover-Aware Max Sharpe γ=0.10,-0.20207631055475095,0.14363400751453914,-1.5461262579634671
2022-10-14,Turnover-Aware Max Sharpe γ=0.10,-0.22425101031443484,0.14474173584014474,-1.687495378556119
2022-10-17,Turnover-Aware Max Sharpe γ=0.10,-0.20625815399847658,0.14611228708076676,-1.5485224310629497
2022-10-18,Turnover-Aware Max Sharpe γ=0.10,-0.20317830474717902,0.14627026825138528,-1.525794048340821
2022-10-19,Turnover-Aware Max Sharpe γ=0.10,-0.20891916765509488,0.14646527293618786,-1.5629586663511057
2022-10-20,Turnover-Aware Max Sharpe γ=0.10,-0.2129137063339822,0.14653295849929052,-1.5894970573129452
2022-10-21,Turnover-Aware Max Sharpe γ=0.10,-0.19740322450461856,0.14805331489248327,-1.4684117316960945
2022-10-24,Turnover-Aware Max Sharpe γ=0.10,-0.1940690382458483,0.14818659851194807,-1.4445910790548866
2022-10-25,Turnover-Aware Max Sharpe γ=0.10,-0.1869485555435425,0.14876215054364397,-1.3911371594673723
2022-10-26,Turnover-Aware Max Sharpe γ=0.10,-0.1935798921189188,0.14885009216010672,-1.4348657029327676
2022-10-27,Turnover-Aware Max Sharpe γ=0.10,-0.20460470133658337,0.14877987012870336,-1.5096444239552504
2022-10-28,Turnover-Aware Max Sharpe γ=0.10,-0.19539153631273953,0.1494328953312017,-1.4413930469281728
2022-10-31,Turnover-Aware Max Sharpe γ=0.10,-0.20269860511720084,0.14961984493214542,-1.4884295944712254
2022-11-01,Turnover-Aware Max Sharpe γ=0.10,-0.20359202444848856,0.14961807201577507,-1.4944185647901813
2022-11-02,Turnover-Aware Max Sharpe γ=0.10,-0.22428718826702465,0.15123232031441292,-1.6153107203483361
2022-11-03,Turnover-Aware Max Sharpe γ=0.10,-0.23151434951041694,0.15154880182121805,-1.6596261170519062
2022-11-04,Turnover-Aware Max Sharpe γ=0.10,-0.22393116944042335,0.15258158336824637,-1.5986933944164827
2022-11-07,Turnover-Aware Max Sharpe γ=0.10,-0.22555619686600448,0.15247811320132287,-1.610435699330742
2022-11-08,Turnover-Aware Max Sharpe γ=0.10,-0.21590811181378222,0.15292769633989273,-1.5426120804792585
2022-11-09,Turnover-Aware Max Sharpe γ=0.10,-0.23200659939183554,0.15374984157282948,-1.639069002048129
2022-11-10,Turnover-Aware Max Sharpe γ=0.10,-0.1823270951057181,0.1629923756667368,-1.241328585328477
2022-11-11,Turnover-Aware Max Sharpe γ=0.10,-0.17337189494134653,0.1634290604825754,-1.1832160961481117
2022-11-14,Turnover-Aware Max Sharpe γ=0.10,-0.18050552960258226,0.16346052537417488,-1.226629665747178
2022-11-15,Turnover-Aware Max Sharpe γ=0.10,-0.16909400023824328,0.16371802379356296,-1.1549980622578102
2022-11-16,Turnover-Aware Max Sharpe γ=0.10,-0.17664568700632255,0.16391784653926594,-1.1996600196868543
2022-11-17,Turnover-Aware Max Sharpe γ=0.10,-0.18416301843098193,0.16388226296622718,-1.245790817967017
2022-11-18,Turnover-Aware Max Sharpe γ=0.10,-0.18730623843614702,0.16381954162768816,-1.2654548802687462
2022-11-21,Turnover-Aware Max Sharpe γ=0.10,-0.19574579265787373,0.16384335887656132,-1.3167808212502248
2022-11-22,Turnover-Aware Max Sharpe γ=0.10,-0.1781995323343294,0.16381237782661426,-1.2099179253970167
2022-11-23,Turnover-Aware Max Sharpe γ=0.10,-0.16622411527847247,0.16385632714748716,-1.1365085408685625
2022-11-25,Turnover-Aware Max Sharpe γ=0.10,-0.17234632084398938,0.1637294356330864,-1.1747815540941136
2022-11-28,Turnover-Aware Max Sharpe γ=0.10,-0.18691743322932786,0.16416289741230294,-1.2604397003888452
2022-11-29,Turnover-Aware Max Sharpe γ=0.10,-0.19076267552776516,0.1641008215826186,-1.284348691829395
2022-11-30,Turnover-Aware Max Sharpe γ=0.10,-0.16680497738540612,0.1669073509826287,-1.1192136013520955
2022-12-01,Turnover-Aware Max Sharpe γ=0.10,-0.16014268055232028,0.16700851808003803,-1.0786436681390572
2022-12-02,Turnover-Aware Max Sharpe γ=0.10,-0.16284771347339433,0.16700345403143718,-1.094873842782764
2022-12-05,Turnover-Aware Max Sharpe γ=0.10,-0.17872635956983096,0.16793153051333354,-1.1833772905086002
2022-12-06,Turnover-Aware Max Sharpe γ=0.10,-0.18567444792724397,0.16824848812748186,-1.2224445533882269
2022-12-07,Turnover-Aware Max Sharpe γ=0.10,-0.1903913482764995,0.16809646590192487,-1.2516107768693447
2022-12-08,Turnover-Aware Max Sharpe γ=0.10,-0.18160770465562692,0.16824062647845495,-1.1983294931527433
2022-12-09,Turnover-Aware Max Sharpe γ=0.10,-0.18258868631063285,0.16826187059201436,-1.204008285405616
2022-12-12,Turnover-Aware Max Sharpe γ=0.10,-0.17992305422986132,0.1683768270499524,-1.1873549212953756
2022-12-13,Turnover-Aware Max Sharpe γ=0.10,-0.17146399640394494,0.16880703591752022,-1.134218105088315
2022-12-14,Turnover-Aware Max Sharpe γ=0.10,-0.17143625304386723,0.16880607442359785,-1.1340602149391956
2022-12-15,Turnover-Aware Max Sharpe γ=0.10,-0.1957630454409307,0.1704342070269102,-1.2659609194934878
2022-12-16,Turnover-Aware Max Sharpe γ=0.10,-0.19523570134937696,0.17041862164110036,-1.2629822919390865
2022-12-19,Turnover-Aware Max Sharpe γ=0.10,-0.20377926308633498,0.17059498244292243,-1.311757590298454
2022-12-20,Turnover-Aware Max Sharpe γ=0.10,-0.19461908995268318,0.1706480938475672,-1.2576705963348962
2022-12-21,Turnover-Aware Max Sharpe γ=0.10,-0.19029138375936427,0.17090691808890734,-1.2304439522452144
2022-12-22,Turnover-Aware Max Sharpe γ=0.10,-0.20882724649595275,0.17147538863739023,-1.3344611627027212
2022-12-23,Turnover-Aware Max Sharpe γ=0.10,-0.20569009926251958,0.17153656464372966,-1.3156967421567716
2022-12-27,Turnover-Aware Max Sharpe γ=0.10,-0.21335004470078456,0.17141389077293293,-1.3613251741067862
2022-12-28,Turnover-Aware Max Sharpe γ=0.10,-0.219306971567512,0.17167503489001437,-1.3939532426530556
2022-12-29,Turnover-Aware Max Sharpe γ=0.10,-0.20259030507764697,0.17256388157677632,-1.2899008937661913
2022-12-30,Turnover-Aware Max Sharpe γ=0.10,-0.20499714979084038,0.17251962110803307,-1.3041829581224589
2023-01-03,Turnover-Aware Max Sharpe γ=0.10,-0.20541046448845435,0.17252028098655106,-1.3065737152725039
2023-01-04,Turnover-Aware Max Sharpe γ=0.10,-0.19223390242215,0.1725600005359821,-1.2299136634384462
2023-01-05,Turnover-Aware Max Sharpe γ=0.10,-0.1993810579226618,0.17295509010834836,-1.2684278779261697
2023-01-06,Turnover-Aware Max Sharpe γ=0.10,-0.17062186458840012,0.17419308648487608,-1.0943136058671905
2023-01-09,Turnover-Aware Max Sharpe γ=0.10,-0.16682153581274917,0.17421946908191768,-1.0723344342468752
2023-01-10,Turnover-Aware Max Sharpe γ=0.10,-0.1561733788276164,0.17432991335437664,-1.010574579185916
2023-01-11,Turnover-Aware Max Sharpe γ=0.10,-0.148688772781288,0.17464572137475448,-0.9658912423014127
2023-01-12,Turnover-Aware Max Sharpe γ=0.10,-0.14934806575620518,0.17460604591543058,-0.969886608841872
2023-01-13,Turnover-Aware Max Sharpe γ=0.10,-0.14353718526423398,0.1747881375847395,-0.9356309159421593
2023-01-17,Turnover-Aware Max Sharpe γ=0.10,-0.1410852426370588,0.17474062336123503,-0.9218534278892495
2023-01-18,Turnover-Aware Max Sharpe γ=0.10,-0.14684670693701285,0.17501739789246334,-0.9533149786601738
2023-01-19,Turnover-Aware Max Sharpe γ=0.10,-0.13613189318489993,0.1745209528407734,-0.8946312213144344
2023-01-20,Turnover-Aware Max Sharpe γ=0.10,-0.12474372143703105,0.17515314315059247,-0.8263838080974879
2023-01-23,Turnover-Aware Max Sharpe γ=0.10,-0.11229208611142871,0.17559303813135388,-0.7534016582848032
2023-01-24,Turnover-Aware Max Sharpe γ=0.10,-0.1086261998724245,0.1755527055813504,-0.7326927799060302
2023-01-25,Turnover-Aware Max Sharpe γ=0.10,-0.1074596109392616,0.1755590260668284,-0.7260214059899303
2023-01-26,Turnover-Aware Max Sharpe γ=0.10,-0.09444704777741897,0.17557127335616768,-0.6518552015354426
2023-01-27,Turnover-Aware Max Sharpe γ=0.10,-0.08377104269512337,0.17545486117831774,-0.5914401117086127
2023-01-30,Turnover-Aware Max Sharpe γ=0.10,-0.09577866577124572,0.17583881265606927,-0.6584363487354877
2023-01-31,Turnover-Aware Max Sharpe γ=0.10,-0.0936313919881504,0.17599706387119618,-0.6456436800065698
2023-02-01,Turnover-Aware Max Sharpe γ=0.10,-0.08850824644238975,0.1764007699561386,-0.6151234287093528
2023-02-02,Turnover-Aware Max Sharpe γ=0.10,-0.0798501540381471,0.1767474045009972,-0.5649313737876346
2023-02-03,Turnover-Aware Max Sharpe γ=0.10,-0.09950990588747943,0.17743303041247976,-0.6735493702026841
2023-02-06,Turnover-Aware Max Sharpe γ=0.10,-0.0889873294798117,0.17674188248799164,-0.6166468747848525
2023-02-07,Turnover-Aware Max Sharpe γ=0.10,-0.07754159775646086,0.17710975371786786,-0.5507409711146829
2023-02-08,Turnover-Aware Max Sharpe γ=0.10,-0.0847927726212403,0.17733817770562815,-0.5909205450119752
2023-02-09,Turnover-Aware Max Sharpe γ=0.10,-0.09465338585791072,0.17754374289278926,-0.6457754240719414
2023-02-10,Turnover-Aware Max Sharpe γ=0.10,-0.10265037039294311,0.17732666642513578,-0.6916634303545314
2023-02-13,Turnover-Aware Max Sharpe γ=0.10,-0.08208116289986012,0.17694717244779484,-0.5769019164744064
2023-02-14,Turnover-Aware Max Sharpe γ=0.10,-0.07824817939046513,0.1769576748023324,-0.5552072239885137
2023-02-15,Turnover-Aware Max Sharpe γ=0.10,-0.07329654779028194,0.17692342360941193,-0.527327280282851
2023-02-16,Turnover-Aware Max Sharpe γ=0.10,-0.0869077646221118,0.17720105038845446,-0.6033133798459548
2023-02-17,Turnover-Aware Max Sharpe γ=0.10,-0.0913365666596696,0.1771722031112861,-0.6284087723949363
2023-02-21,Turnover-Aware Max Sharpe γ=0.10,-0.10227709624047221,0.17790796099624911,-0.6873053659642033
2023-02-22,Turnover-Aware Max Sharpe γ=0.10,-0.10324435512598273,0.17791220669878208,-0.6927256842732783
2023-02-23,Turnover-Aware Max Sharpe γ=0.10,-0.09643087874738687,0.17796933626592495,-0.6542187614467123
2023-02-24,Turnover-Aware Max Sharpe γ=0.10,-0.09506896483339344,0.1778708592107715,-0.6469242086307136
2023-02-27,Turnover-Aware Max Sharpe γ=0.10,-0.10071948210699855,0.1775783918169088,-0.6798095245251782
2023-02-28,Turnover-Aware Max Sharpe γ=0.10,-0.10581735126893677,0.17747858463283323,-0.7089156786393527
2023-03-01,Turnover-Aware Max Sharpe γ=0.10,-0.1164636802913791,0.17715732802228987,-0.7702965596444833
2023-03-02,Turnover-Aware Max Sharpe γ=0.10,-0.11502079639522078,0.17719897474637034,-0.7619727856127817
2023-03-03,Turnover-Aware Max Sharpe γ=0.10,-0.09443557388126422,0.1777809403302692,-0.6436886522743872
2023-03-06,Turnover-Aware Max Sharpe γ=0.10,-0.09661926533502141,0.17779299760270834,-0.6559272125869424
2023-03-07,Turnover-Aware Max Sharpe γ=0.10,-0.11402317789863026,0.17829791319400565,-0.75168113578985
2023-03-08,Turnover-Aware Max Sharpe γ=0.10,-0.10148263495720611,0.17792681891815507,-0.6827674191887124
2023-03-09,Turnover-Aware Max Sharpe γ=0.10,-0.11089003413616949,0.17821851343016287,-0.7344356745937081
2023-03-10,Turnover-Aware Max Sharpe γ=0.10,-0.11742010557748073,0.17825404439469564,-0.7709227919294827
2023-03-13,Turnover-Aware Max Sharpe γ=0.10,-0.10473457661829821,0.17827997601968434,-0.6996555608944325
2023-03-14,Turnover-Aware Max Sharpe γ=0.10,-0.08720898185999282,0.17856320217307597,-0.6003979574474608
2023-03-15,Turnover-Aware Max Sharpe γ=0.10,-0.07079586568299279,0.1777485386930714,-0.510810757436241
2023-03-16,Turnover-Aware Max Sharpe γ=0.10,-0.06248406387240546,0.17829944544793583,-0.46261536969553363
2023-03-17,Turnover-Aware Max Sharpe γ=0.10,-0.07548633978456776,0.17763444671790032,-0.5375440493037297
2023-03-20,Turnover-Aware Max Sharpe γ=0.10,-0.07331093961226642,0.17769345733333589,-0.5251231025193238
2023-03-21,Turnover-Aware Max Sharpe γ=0.10,-0.07689505681705078,0.1775478926277225,-0.5457403936650358
2023-03-22,Turnover-Aware Max Sharpe γ=0.10,-0.0762638983044791,0.17752099852372802,-0.5422676703320378
2023-03-23,Turnover-Aware Max Sharpe γ=0.10,-0.06989718652725152,0.17769553073391636,-0.5059057262496082
2023-03-24,Turnover-Aware Max Sharpe γ=0.10,-0.07337304117630472,0.17763803215746488,-0.525636543268704
2023-03-27,Turnover-Aware Max Sharpe γ=0.10,-0.08151325994132352,0.17756235428108416,-0.5717048546260338
2023-03-28,Turnover-Aware Max Sharpe γ=0.10,-0.07556977583325986,0.17745665788420872,-0.5385527766200779
2023-03-29,Turnover-Aware Max Sharpe γ=0.10,-0.07033835063964977,0.17767751220324107,-0.5084399793729321
2023-03-30,Turnover-Aware Max Sharpe γ=0.10,-0.07169760064287511,0.17760967880615186,-0.5162871824285906
2023-03-31,Turnover-Aware Max Sharpe γ=0.10,-0.06353499369022575,0.17787349732128752,-0.4696314793841323
2023-04-03,Turnover-Aware Max Sharpe γ=0.10,-0.05796227349597882,0.17786816797297503,-0.43831492944720873
2023-04-04,Turnover-Aware Max Sharpe γ=0.10,-0.0551015756878106,0.17786500653942747,-0.42223918661123927
2023-04-05,Turnover-Aware Max Sharpe γ=0.10,-0.06617708919444154,0.17779043939420613,-0.4847116047863814
2023-04-06,Turnover-Aware Max Sharpe γ=0.10,-0.05006567963627506,0.1771070934547075,-0.3956119332633807
2023-04-10,Turnover-Aware Max Sharpe γ=0.10,-0.042536805598737626,0.17689261684467308,-0.3535297668960956
2023-04-11,Turnover-Aware Max Sharpe γ=0.10,-0.04215114888252691,0.17689433374582775,-0.3513461825850757
2023-04-12,Turnover-Aware Max Sharpe γ=0.10,-0.039967387667010135,0.1768406545730369,-0.3391040810824585
2023-04-13,Turnover-Aware Max Sharpe γ=0.10,-0.014310093525582102,0.17715150370775443,-0.19367655824239133
2023-04-14,Turnover-Aware Max Sharpe γ=0.10,-0.022479611530489718,0.17731044435130167,-0.23957760461265165
2023-04-17,Turnover-Aware Max Sharpe γ=0.10,-0.030211054327334064,0.17707000631368658,-0.2835661181283474
2023-04-18,Turnover-Aware Max Sharpe γ=0.10,-0.015235479540434693,0.17649707556595065,-0.1996377527925014
2023-04-19,Turnover-Aware Max Sharpe γ=0.10,-0.016562045111403356,0.17650336273698658,-0.20714645060834141
2023-04-20,Turnover-Aware Max Sharpe γ=0.10,-0.0212427476820487,0.17652671760965355,-0.23363459220517055
2023-04-21,Turnover-Aware Max Sharpe γ=0.10,-0.025599926076830815,0.17652741016205067,-0.25831640556540464
2023-04-24,Turnover-Aware Max Sharpe γ=0.10,-0.014429692410841466,0.17619694302039376,-0.19540459567937246
2023-04-25,Turnover-Aware Max Sharpe γ=0.10,-0.011016379518594022,0.17594244711484008,-0.17628707584332506
2023-04-26,Turnover-Aware Max Sharpe γ=0.10,-0.014792162494569383,0.17594560572791096,-0.19774385583902176
2023-04-27,Turnover-Aware Max Sharpe γ=0.10,0.011427320334917779,0.17628561176086463,-0.04862949153621938
2023-04-28,Turnover-Aware Max Sharpe γ=0.10,0.022893677102036714,0.17627415446564826,0.0164157763842834
2023-05-01,Turnover-Aware Max Sharpe γ=0.10,0.005710102257181715,0.17566428164351386,-0.08134777092486928
2023-05-02,Turnover-Aware Max Sharpe γ=0.10,0.02536665040875108,0.1744608794934696,0.030761339873630306
2023-05-03,Turnover-Aware Max Sharpe γ=0.10,0.02870341335188953,0.17440465616771947,0.04990356073704666
2023-05-04,Turnover-Aware Max Sharpe γ=0.10,0.02412752450024458,0.17438488019981316,0.023669050295617323
2023-05-05,Turnover-Aware Max Sharpe γ=0.10,0.015080985600095076,0.17370420744070864,-0.028318337663662853
2023-05-08,Turnover-Aware Max Sharpe γ=0.10,0.044104556321026944,0.17162088503972373,0.14045234829926237
2023-05-09,Turnover-Aware Max Sharpe γ=0.10,0.05033102206711648,0.17145740722730607,0.17690120571405682
2023-05-10,Turnover-Aware Max Sharpe γ=0.10,0.07234346703238193,0.1706631228728955,0.3067063707217269
2023-05-11,Turnover-Aware Max Sharpe γ=0.10,0.06594284033390085,0.1706518446536279,0.2692197112029527
2023-05-12,Turnover-Aware Max Sharpe γ=0.10,0.06699192815102162,0.17063474022053335,0.2753948468540924
2023-05-15,Turnover-Aware Max Sharpe γ=0.10,0.07734175915946295,0.17057353846236678,0.3361703091603163
2023-05-16,Turnover-Aware Max Sharpe γ=0.10,0.06280612243447226,0.17056473240378012,0.2509670189798484
2023-05-17,Turnover-Aware Max Sharpe γ=0.10,0.07091361963352716,0.1706809544237839,0.29829701741129055
2023-05-18,Turnover-Aware Max Sharpe γ=0.10,0.07081573707532995,0.1706787075945237,0.2977274540656318
2023-05-19,Turnover-Aware Max Sharpe γ=0.10,0.08762969956854572,0.1701608627601527,0.39744567858633856
2023-05-22,Turnover-Aware Max Sharpe γ=0.10,0.08483212665705575,0.1701400990213889,0.38105142191615554
2023-05-23,Turnover-Aware Max Sharpe γ=0.10,0.0734138463848042,0.17035113564958515,0.31355145465350626
2023-05-24,Turnover-Aware Max Sharpe γ=0.10,0.06101676177885795,0.17049621265935022,0.2405728616436134
2023-05-25,Turnover-Aware Max Sharpe γ=0.10,0.0680357094878381,0.17062378666985717,0.28152996967992044
2023-05-26,Turnover-Aware Max Sharpe γ=0.10,0.07809172746113613,0.17110579356466038,0.3395076592727027
2023-05-30,Turnover-Aware Max Sharpe γ=0.10,0.0713300310834033,0.17091614884041023,0.3003228859979273
2023-05-31,Turnover-Aware Max Sharpe γ=0.10,0.05342557342659693,0.17049810310738914,0.19604660003486168
2023-06-01,Turnover-Aware Max Sharpe γ=0.10,0.07478599596753188,0.1704795839949315,0.3213639702989932
2023-06-02,Turnover-Aware Max Sharpe γ=0.10,0.08126857218443129,0.17048500633726454,0.3593780679060175
2023-06-05,Turnover-Aware Max Sharpe γ=0.10,0.0652738131615731,0.16977406933165273,0.2666709547565297
2023-06-06,Turnover-Aware Max Sharpe γ=0.10,0.08289781718790579,0.16912541897129868,0.3719004367911119
2023-06-07,Turnover-Aware Max Sharpe γ=0.10,0.07417289089050794,0.16945624433629947,0.31968660171057195
2023-06-08,Turnover-Aware Max Sharpe γ=0.10,0.07680225644841876,0.1695874101308872,0.3349438286991876
2023-06-09,Turnover-Aware Max Sharpe γ=0.10,0.08404615972835106,0.16946888959686693,0.37792281451011
2023-06-12,Turnover-Aware Max Sharpe γ=0.10,0.10749971102423306,0.16907371709903268,0.5175240275399
2023-06-13,Turnover-Aware Max Sharpe γ=0.10,0.12648444397842717,0.1684810408239695,0.6320262710727379
2023-06-14,Turnover-Aware Max Sharpe γ=0.10,0.17052012730347355,0.16475428937733902,0.9136036935507957
2023-06-15,Turnover-Aware Max Sharpe γ=0.10,0.1882743045078039,0.1649575958706629,1.0201064317143755
2023-06-16,Turnover-Aware Max Sharpe γ=0.10,0.16350282687629347,0.16413949883489165,0.8742735776270607
2023-06-20,Turnover-Aware Max Sharpe γ=0.10,0.1722271944274103,0.16365095403514116,0.9301943598490859
2023-06-21,Turnover-Aware Max Sharpe γ=0.10,0.16295257869408974,0.16377761873089894,0.8728456293467879
2023-06-22,Turnover-Aware Max Sharpe γ=0.10,0.15381505114101324,0.16356549933800377,0.8181129375241168
2023-06-23,Turnover-Aware Max Sharpe γ=0.10,0.1414510239842126,0.16364620489595938,0.7421560680947473
2023-06-26,Turnover-Aware Max Sharpe γ=0.10,0.1293941265958216,0.16363598093922552,0.6685212260037763
2023-06-27,Turnover-Aware Max Sharpe γ=0.10,0.12232394567631921,0.16322169546087834,0.6269016222836911
2023-06-28,Turnover-Aware Max Sharpe γ=0.10,0.12785247609606265,0.16313570166465222,0.6611212321737407
2023-06-29,Turnover-Aware Max Sharpe γ=0.10,0.14286673425692764,0.1625682351376284,0.7557856192072829
2023-06-30,Turnover-Aware Max Sharpe γ=0.10,0.15310105327315027,0.16291807102414466,0.8169815198304462
2023-07-03,Turnover-Aware Max Sharpe γ=0.10,0.1609250811331635,0.16280442834034234,0.865609630952789
2023-07-05,Turnover-Aware Max Sharpe γ=0.10,0.15100937527494085,0.1627503078610174,0.8049715972692224
2023-07-06,Turnover-Aware Max Sharpe γ=0.10,0.1423770562346638,0.16294146843420923,0.751049179872071
2023-07-07,Turnover-Aware Max Sharpe γ=0.10,0.14868850006384493,0.16287053047550365,0.7901275920704401
2023-07-10,Turnover-Aware Max Sharpe γ=0.10,0.14030193862051843,0.16266730763524137,0.7395581839362502
2023-07-11,Turnover-Aware Max Sharpe γ=0.10,0.14783534714186564,0.16273009872405225,0.7855667030512961
2023-07-12,Turnover-Aware Max Sharpe γ=0.10,0.1717266147800729,0.16288620494096254,0.9314884267520728
2023-07-13,Turnover-Aware Max Sharpe γ=0.10,0.1889843035513732,0.16300220010717448,1.0366995257749003
2023-07-14,Turnover-Aware Max Sharpe γ=0.10,0.18569523209672112,0.16302140475380997,1.0164016948998145
2023-07-17,Turnover-Aware Max Sharpe γ=0.10,0.19619666023721938,0.16295515644203906,1.0812585749619414
2023-07-18,Turnover-Aware Max Sharpe γ=0.10,0.1947130064045115,0.16288856325748854,1.0725922244665593
2023-07-19,Turnover-Aware Max Sharpe γ=0.10,0.20182703974575356,0.16277386264191543,1.1170530501309845
2023-07-20,Turnover-Aware Max Sharpe γ=0.10,0.1707696778084642,0.16253878658998486,0.927591998018239
2023-07-21,Turnover-Aware Max Sharpe γ=0.10,0.1647406653890584,0.1625288679938297,0.8905535808848025
2023-07-24,Turnover-Aware Max Sharpe γ=0.10,0.14973258209707252,0.16202861366556598,0.8006769863799869
2023-07-25,Turnover-Aware Max Sharpe γ=0.10,0.1599297247533702,0.16200579498962125,0.86373283599105
2023-07-26,Turnover-Aware Max Sharpe γ=0.10,0.16481778867425367,0.16195450188377966,0.8941881021509147
2023-07-27,Turnover-Aware Max Sharpe γ=0.10,0.16628704618136747,0.16188547389126556,0.9036452911125605
2023-07-28,Turnover-Aware Max Sharpe γ=0.10,0.15504910983035147,0.16091889649315508,0.8392371111996533
2023-07-31,Turnover-Aware Max Sharpe γ=0.10,0.14428457536792072,0.16058557390962053,0.7739460796015809
2023-08-01,Turnover-Aware Max Sharpe γ=0.10,0.1280828019379916,0.16042952739061606,0.6737089094255703
2023-08-02,Turnover-Aware Max Sharpe γ=0.10,0.10568470351332837,0.16129516238885852,0.531229221287836
2023-08-03,Turnover-Aware Max Sharpe γ=0.10,0.1111269932904273,0.16113608470144838,0.5655281587564116
2023-08-04,Turnover-Aware Max Sharpe γ=0.10,0.09269623549298833,0.16056784559464765,0.45274466518352274
2023-08-07,Turnover-Aware Max Sharpe γ=0.10,0.09248311398994846,0.16056038146797352,0.4514383518975784
2023-08-08,Turnover-Aware Max Sharpe γ=0.10,0.09599629092266038,0.16039423589091428,0.4738093641616037
2023-08-09,Turnover-Aware Max Sharpe γ=0.10,0.08461758679664078,0.16054826916958273,0.40248074383403654
2023-08-10,Turnover-Aware Max Sharpe γ=0.10,0.08930899174248808,0.16048879268138672,0.43186188010078064
2023-08-11,Turnover-Aware Max Sharpe γ=0.10,0.07351140842287385,0.16010256250441676,0.33423205466431943
2023-08-14,Turnover-Aware Max Sharpe γ=0.10,0.08323163117863208,0.1600469471905757,0.39508176999676914
2023-08-15,Turnover-Aware Max Sharpe γ=0.10,0.05652492121947805,0.15990360214259508,0.22841837663485975
2023-08-16,Turnover-Aware Max Sharpe γ=0.10,0.0469967677425549,0.1601905191365576,0.16852912324693178
2023-08-17,Turnover-Aware Max Sharpe γ=0.10,0.03804247340580136,0.16045714780556244,0.11244418620518377
2023-08-18,Turnover-Aware Max Sharpe γ=0.10,0.04782933041859949,0.16022184504910061,0.17369248500459525
2023-08-21,Turnover-Aware Max Sharpe γ=0.10,0.05440911989274966,0.1603709239398538,0.21455959127388077
2023-08-22,Turnover-Aware Max Sharpe γ=0.10,0.06644527997792649,0.15981064887634377,0.2906269407232325
2023-08-23,Turnover-Aware Max Sharpe γ=0.10,0.09641074867983401,0.15948766989791224,0.4791012918349386
2023-08-24,Turnover-Aware Max Sharpe γ=0.10,0.07894961301384318,0.16026348796035492,0.3678293400704333
2023-08-25,Turnover-Aware Max Sharpe γ=0.10,0.08394201234960197,0.16036552473429436,0.398726674299516
2023-08-28,Turnover-Aware Max Sharpe γ=0.10,0.08006522029644914,0.16015998604434156,0.37503262693729006
2023-08-29,Turnover-Aware Max Sharpe γ=0.10,0.12334822122659062,0.1591772186361103,0.6492651530923624
2023-08-30,Turnover-Aware Max Sharpe γ=0.10,0.13376077975665912,0.1590949541872446,0.7150495773911846
2023-08-31,Turnover-Aware Max Sharpe γ=0.10,0.14247257258284574,0.15885828870667626,0.7709548779603506
2023-09-01,Turnover-Aware Max Sharpe γ=0.10,0.15349653174829303,0.1586877551974139,0.8412528842078459
2023-09-05,Turnover-Aware Max Sharpe γ=0.10,0.14834844449190943,0.15883571842030983,0.8080578207999463
2023-09-06,Turnover-Aware Max Sharpe γ=0.10,0.14668164274297268,0.15888864964946864,0.7972982527225874
2023-09-07,Turnover-Aware Max Sharpe γ=0.10,0.14739188225121325,0.15886370252597204,0.8018942038089942
2023-09-08,Turnover-Aware Max Sharpe γ=0.10,0.1301418707569959,0.15816052510061818,0.6963929253960564
2023-09-11,Turnover-Aware Max Sharpe γ=0.10,0.13706830632123124,0.15832090735053211,0.7394368076860176
2023-09-12,Turnover-Aware Max Sharpe γ=0.10,0.11547237756730966,0.15794379369991612,0.6044705862181677
2023-09-13,Turnover-Aware Max Sharpe γ=0.10,0.10574484154961339,0.15774752466351202,0.5435574455606447
2023-09-14,Turnover-Aware Max Sharpe γ=0.10,0.15694398435125323,0.15404988893090554,0.8889586698285473
2023-09-15,Turnover-Aware Max Sharpe γ=0.10,0.14138420633570936,0.15447532656306498,0.7857837820213568
2023-09-18,Turnover-Aware Max Sharpe γ=0.10,0.1566931864229908,0.15375042095984598,0.8890589409097625
2023-09-19,Turnover-Aware Max Sharpe γ=0.10,0.15756144513124193,0.1537360122105401,0.8947899919691735
2023-09-20,Turnover-Aware Max Sharpe γ=0.10,0.1410709759220241,0.15400780681829662,0.7861353162756713
2023-09-21,Turnover-Aware Max Sharpe γ=0.10,0.13161263361769482,0.15470207825387425,0.7214682238110118
2023-09-22,Turnover-Aware Max Sharpe γ=0.10,0.14118083188436614,0.15439845922826648,0.7848577796052318
2023-09-25,Turnover-Aware Max Sharpe γ=0.10,0.15353348120267252,0.15416987028291057,0.8661451226340848
2023-09-26,Turnover-Aware Max Sharpe γ=0.10,0.15540586733453954,0.15401048247220553,0.8791990334747274
2023-09-27,Turnover-Aware Max Sharpe γ=0.10,0.16854330302024323,0.15369358287320495,0.9664899486583599
2023-09-28,Turnover-Aware Max Sharpe γ=0.10,0.1775664270801507,0.15382854398186116,1.0242990215049446
2023-09-29,Turnover-Aware Max Sharpe γ=0.10,0.1511966608889197,0.15255974714576773,0.859969050443981
2023-10-02,Turnover-Aware Max Sharpe γ=0.10,0.1656871512247542,0.15172239309990582,0.9602218120091374
2023-10-03,Turnover-Aware Max Sharpe γ=0.10,0.16009346358110066,0.15213309521677232,0.9208611931643371
2023-10-04,Turnover-Aware Max Sharpe γ=0.10,0.1407211395842669,0.15047769577304115,0.8022527123643975
2023-10-05,Turnover-Aware Max Sharpe γ=0.10,0.11453870948525346,0.148625119942926,0.6360883646153327
2023-10-06,Turnover-Aware Max Sharpe γ=0.10,0.1323591288173087,0.14905918212743724,0.7537887113941626
2023-10-09,Turnover-Aware Max Sharpe γ=0.10,0.14534452668846476,0.14896630460432445,0.8414287178660809
2023-10-10,Turnover-Aware Max Sharpe γ=0.10,0.18262101785645402,0.14705902716853347,1.1058213901421101
2023-10-11,Turnover-Aware Max Sharpe γ=0.10,0.19982392106957447,0.1466682415779064,1.2260590236507107
2023-10-12,Turnover-Aware Max Sharpe γ=0.10,0.19684194015103507,0.1468106173686597,1.2045582487195936
2023-10-13,Turnover-Aware Max Sharpe γ=0.10,0.18726907869983744,0.14703091014787567,1.1376456728153783
2023-10-16,Turnover-Aware Max Sharpe γ=0.10,0.184650216260003,0.14685960145653867,1.1211402906382615
2023-10-17,Turnover-Aware Max Sharpe γ=0.10,0.21127567869983865,0.14529477633808374,1.316466314348169
2023-10-18,Turnover-Aware Max Sharpe γ=0.10,0.1713296159800981,0.14490337192911285,1.0443484783371983
2023-10-19,Turnover-Aware Max Sharpe γ=0.10,0.15196693311434273,0.145130275053617,0.9092998209063464
2023-10-20,Turnover-Aware Max Sharpe γ=0.10,0.14766620027951527,0.14540833221303018,0.877984076541626
2023-10-23,Turnover-Aware Max Sharpe γ=0.10,0.1523368458133827,0.14529789511752766,0.9107967166787853
2023-10-24,Turnover-Aware Max Sharpe γ=0.10,0.13828805635169417,0.14413253963728673,0.8206894615842413
2023-10-25,Turnover-Aware Max Sharpe γ=0.10,0.11341389547088876,0.14497499983383078,0.6443448565473981
2023-10-26,Turnover-Aware Max Sharpe γ=0.10,0.0879901077767189,0.14477552656386788,0.46962431697131474
2023-10-27,Turnover-Aware Max Sharpe γ=0.10,0.0924842831968764,0.1446386893190498,0.5011403486724612
2023-10-30,Turnover-Aware Max Sharpe γ=0.10,0.11108781205800744,0.1447638197440517,0.6292166939160239
2023-10-31,Turnover-Aware Max Sharpe γ=0.10,0.1024633729143094,0.14427518590245458,0.5715700340186249
2023-11-01,Turnover-Aware Max Sharpe γ=0.10,0.12315610260368404,0.1443265617034665,0.7147409415574429
2023-11-02,Turnover-Aware Max Sharpe γ=0.10,0.14319276492624122,0.14521517919794732,0.8483463340861449
2023-11-03,Turnover-Aware Max Sharpe γ=0.10,0.18135842452201034,0.14350207557370748,1.12443268765915
2023-11-06,Turnover-Aware Max Sharpe γ=0.10,0.1935681368451485,0.14304555202367866,1.2133766788946878
2023-11-07,Turnover-Aware Max Sharpe γ=0.10,0.17234566938956775,0.14177626745891508,1.0745498673373917
2023-11-08,Turnover-Aware Max Sharpe γ=0.10,0.1642718207674949,0.14171184504375456,1.0180646559428392
2023-11-09,Turnover-Aware Max Sharpe γ=0.10,0.14719967002412226,0.14142288497940636,0.8994277697180677
2023-11-10,Turnover-Aware Max Sharpe γ=0.10,0.18003254790002532,0.14063548861723615,1.1379243566009263
2023-11-13,Turnover-Aware Max Sharpe γ=0.10,0.11999774948771513,0.1300916165549629,0.7686717417756639
2023-11-14,Turnover-Aware Max Sharpe γ=0.10,0.12953498377944328,0.13108720042191174,0.8355887029923486
2023-11-15,Turnover-Aware Max Sharpe γ=0.10,0.13601838340515382,0.13094223597137045,0.8860272053894084
2023-11-16,Turnover-Aware Max Sharpe γ=0.10,0.12814696436577444,0.13066176378289224,0.8276863960406319
2023-11-17,Turnover-Aware Max Sharpe γ=0.10,0.14239010358763338,0.1303621729421724,0.9388467591892982
2023-11-20,Turnover-Aware Max Sharpe γ=0.10,0.15535188188929094,0.13039468061315526,1.0380168980270164
2023-11-21,Turnover-Aware Max Sharpe γ=0.10,0.1535513881661621,0.13041186001078145,1.024073946611306
2023-11-22,Turnover-Aware Max Sharpe γ=0.10,0.16359547773598115,0.1302340037413544,1.1025958936282318
2023-11-24,Turnover-Aware Max Sharpe γ=0.10,0.15512696316273233,0.12992304261933119,1.0400538691096421
2023-11-27,Turnover-Aware Max Sharpe γ=0.10,0.14642484088249175,0.1297677718801248,0.9742391277186978
2023-11-28,Turnover-Aware Max Sharpe γ=0.10,0.1519932468287255,0.12977778857084943,1.0170711666632122
2023-11-29,Turnover-Aware Max Sharpe γ=0.10,0.16811761332886666,0.128996317959048,1.1482313268498798
2023-11-30,Turnover-Aware Max Sharpe γ=0.10,0.16879057401775777,0.12899015570730316,1.153503329008956
2023-12-01,Turnover-Aware Max Sharpe γ=0.10,0.14513551844545125,0.125925104491525,0.993729716967383
2023-12-04,Turnover-Aware Max Sharpe γ=0.10,0.12569747459609437,0.126417366748329,0.8360993217531284
2023-12-05,Turnover-Aware Max Sharpe γ=0.10,0.1270477212118284,0.12639929956226786,0.8469012216249953
2023-12-06,Turnover-Aware Max Sharpe γ=0.10,0.14633576036113394,0.12499386556469044,1.0107356852304805
2023-12-07,Turnover-Aware Max Sharpe γ=0.10,0.16802623828070296,0.12461667528086975,1.1878525722747064
2023-12-08,Turnover-Aware Max Sharpe γ=0.10,0.165976709079229,0.12462855004923885,1.1712942902854588
2023-12-11,Turnover-Aware Max Sharpe γ=0.10,0.15878034097131688,0.12447115211395572,1.114959881180025
2023-12-12,Turnover-Aware Max Sharpe γ=0.10,0.16819758238248328,0.12441212620343174,1.191182780207123
2023-12-13,Turnover-Aware Max Sharpe γ=0.10,0.1790925671408634,0.12522904394607537,1.270412694433489
2023-12-14,Turnover-Aware Max Sharpe γ=0.10,0.16947620916252526,0.1247881111902784,1.1978401446801463
2023-12-15,Turnover-Aware Max Sharpe γ=0.10,0.17272430279799011,0.12468129254890152,1.224917545172944
2023-12-18,Turnover-Aware Max Sharpe γ=0.10,0.20880768389283189,0.12210755411389249,1.546240814198331
2023-12-19,Turnover-Aware Max Sharpe γ=0.10,0.22190037159702825,0.12211217593654483,1.6534008181292674
2023-12-20,Turnover-Aware Max Sharpe γ=0.10,0.2190656395793733,0.12231859433745414,1.627435637710064
2023-12-21,Turnover-Aware Max Sharpe γ=0.10,0.22438890389089328,0.12257265236812454,1.6674918910708452
2023-12-22,Turnover-Aware Max Sharpe γ=0.10,0.21519062226887398,0.12223333783751385,1.596868953446588
2023-12-26,Turnover-Aware Max Sharpe γ=0.10,0.2428653876014264,0.12108707829240024,1.8405381543954062
2023-12-27,Turnover-Aware Max Sharpe γ=0.10,0.24198901783405558,0.12107234488637514,1.8335237336188497
2023-12-28,Turnover-Aware Max Sharpe γ=0.10,0.24388908748634708,0.12102560638878412,1.8499315489246388
2023-12-29,Turnover-Aware Max Sharpe γ=0.10,0.254026345083032,0.12052465825105578,1.941730003461611
2024-01-02,Turnover-Aware Max Sharpe γ=0.10,0.22257837291494642,0.11982204278371121,1.6906603176563872
2024-01-03,Turnover-Aware Max Sharpe γ=0.10,0.211540163637991,0.1202126026627346,1.5933451185261431
2024-01-04,Turnover-Aware Max Sharpe γ=0.10,0.21075307542288657,0.12022584322187635,1.586622894969865
2024-01-05,Turnover-Aware Max Sharpe γ=0.10,0.20242430486139673,0.12001874525306486,1.5199651060902777
2024-01-08,Turnover-Aware Max Sharpe γ=0.10,0.2293824154984314,0.11952424190459114,1.7517987327254378
2024-01-09,Turnover-Aware Max Sharpe γ=0.10,0.2009277959135647,0.11744207293647557,1.5405705245975057
2024-01-10,Turnover-Aware Max Sharpe γ=0.10,0.20221568693883563,0.11746409266402463,1.5512458557017592
2024-01-11,Turnover-Aware Max Sharpe γ=0.10,0.19487047009149694,0.11728504737410075,1.4909869075954552
2024-01-12,Turnover-Aware Max Sharpe γ=0.10,0.18740541784631004,0.1169524647729229,1.4313970908723261
2024-01-16,Turnover-Aware Max Sharpe γ=0.10,0.17147764631517015,0.11690347166856277,1.2957497681902028
2024-01-17,Turnover-Aware Max Sharpe γ=0.10,0.1539219558094158,0.11699280785820823,1.1447024672809392
2024-01-18,Turnover-Aware Max Sharpe γ=0.10,0.16815849197011445,0.11736299153546327,1.2623953260883418
2024-01-19,Turnover-Aware Max Sharpe γ=0.10,0.1940650101634902,0.11720588824142114,1.4851217185006136
2024-01-22,Turnover-Aware Max Sharpe γ=0.10,0.1958968516940458,0.11718887199146501,1.5009688949549456
2024-01-23,Turnover-Aware Max Sharpe γ=0.10,0.18241084884759462,0.1164010234237305,1.3952699389624454
2024-01-24,Turnover-Aware Max Sharpe γ=0.10,0.16863075125388693,0.1158396330760084,1.2830733947194273
2024-01-25,Turnover-Aware Max Sharpe γ=0.10,0.17276019527984343,0.11587184695633244,1.3183547107643219
2024-01-26,Turnover-Aware Max Sharpe γ=0.10,0.1691975189465078,0.11589997624174848,1.2872955093218146
2024-01-29,Turnover-Aware Max Sharpe γ=0.10,0.17050937733976634,0.11596785848426666,1.297854244330863
2024-01-30,Turnover-Aware Max Sharpe γ=0.10,0.16380912367510403,0.11595365160844989,1.240229364752703
2024-01-31,Turnover-Aware Max Sharpe γ=0.10,0.16439165537653366,0.11590065172443806,1.245822635405321
2024-02-01,Turnover-Aware Max Sharpe γ=0.10,0.16340192018870892,0.11581588408354761,1.2381887106716831
2024-02-02,Turnover-Aware Max Sharpe γ=0.10,0.15153341693979638,0.11498980210384278,1.1438702783488028
2024-02-05,Turnover-Aware Max Sharpe γ=0.10,0.13496100601207162,0.11460219561437486,1.0031309207975745
2024-02-06,Turnover-Aware Max Sharpe γ=0.10,0.15704110613943123,0.11330781145755427,1.209458592276911
2024-02-07,Turnover-Aware Max Sharpe γ=0.10,0.16942999453950125,0.1132610934173257,1.3193409142617616
2024-02-08,Turnover-Aware Max Sharpe γ=0.10,0.15680943612270837,0.11276903721998674,1.2131826208272425
2024-02-09,Turnover-Aware Max Sharpe γ=0.10,0.17223022504818508,0.11237304779993451,1.354686270672404
2024-02-12,Turnover-Aware Max Sharpe γ=0.10,0.18069677628246272,0.11197814455799909,1.4350726824128597
2024-02-13,Turnover-Aware Max Sharpe γ=0.10,0.1641719463400868,0.11299540305874953,1.2759098373685849
2024-02-14,Turnover-Aware Max Sharpe γ=0.10,0.16293310660835703,0.11293015499035745,1.265677060485407
2024-02-15,Turnover-Aware Max Sharpe γ=0.10,0.16740493440885285,0.11305183392010433,1.3038703513029823
2024-02-16,Turnover-Aware Max Sharpe γ=0.10,0.16244576449960224,0.11310704774536992,1.2593889358714458
2024-02-20,Turnover-Aware Max Sharpe γ=0.10,0.17334439090457687,0.11253214399973621,1.3626719038156452
2024-02-21,Turnover-Aware Max Sharpe γ=0.10,0.17435610362235132,0.11251735294424875,1.3718426498962633
2024-02-22,Turnover-Aware Max Sharpe γ=0.10,0.21431087545831495,0.11215760845647545,1.73248055243368
2024-02-23,Turnover-Aware Max Sharpe γ=0.10,0.21765940482661805,0.11213223594812988,1.76273489202562
2024-02-26,Turnover-Aware Max Sharpe γ=0.10,0.20937411596302158,0.1120980473051925,1.6893614163272723
2024-02-27,Turnover-Aware Max Sharpe γ=0.10,0.2247295684814279,0.11143847824886825,1.83715330376478
2024-02-28,Turnover-Aware Max Sharpe γ=0.10,0.21652547108134002,0.11140711757454697,1.7640297618313028
2024-02-29,Turnover-Aware Max Sharpe γ=0.10,0.22331273768867255,0.11150013720019322,1.8234303812885373
2024-03-01,Turnover-Aware Max Sharpe γ=0.10,0.24252813946115626,0.11224336574809589,1.982550487309592
2024-03-04,Turnover-Aware Max Sharpe γ=0.10,0.24045689447468632,0.11219604074474804,1.9649257942732354
2024-03-05,Turnover-Aware Max Sharpe γ=0.10,0.2131226278831193,0.11147335974669223,1.7324554343922507
2024-03-06,Turnover-Aware Max Sharpe γ=0.10,0.22465300698352153,0.11160167086708377,1.8337808510704179
2024-03-07,Turnover-Aware Max Sharpe γ=0.10,0.2558536569900882,0.11091974314154615,2.126345142082706
2024-03-08,Turnover-Aware Max Sharpe γ=0.10,0.24856328042395726,0.11102137583605416,2.058732191911203
2024-03-11,Turnover-Aware Max Sharpe γ=0.10,0.26013490461331834,0.11044786188268975,2.174192424552079
2024-03-12,Turnover-Aware Max Sharpe γ=0.10,0.27280048050179406,0.11036442610117801,2.290597517990407
2024-03-13,Turnover-Aware Max Sharpe γ=0.10,0.2630506219574129,0.11020786676930838,2.20538359994007
2024-03-14,Turnover-Aware Max Sharpe γ=0.10,0.24395467584662112,0.10973336363886757,2.040898669466251
2024-03-15,Turnover-Aware Max Sharpe γ=0.10,0.23532925066779997,0.10998405893671713,1.9578223676187165
2024-03-18,Turnover-Aware Max Sharpe γ=0.10,0.2231075794228774,0.10913012424464076,1.8611504461184718
2024-03-19,Turnover-Aware Max Sharpe γ=0.10,0.22449526807141718,0.10913904708801778,1.8737131533363776
2024-03-20,Turnover-Aware Max Sharpe γ=0.10,0.23132604233905685,0.10951634116266072,1.9296302277409159
2024-03-21,Turnover-Aware Max Sharpe γ=0.10,0.22843680352605156,0.10946484927970679,1.9041437036417932
2024-03-22,Turnover-Aware Max Sharpe γ=0.10,0.23348187923063057,0.10925019807634267,1.9540640016181217
2024-03-25,Turnover-Aware Max Sharpe γ=0.10,0.2226379371906697,0.10905319755135831,1.858156768812193
2024-03-26,Turnover-Aware Max Sharpe γ=0.10,0.2213628133167187,0.1090603025426467,1.846343799000358
2024-03-27,Turnover-Aware Max Sharpe γ=0.10,0.232975802095291,0.10912513980210584,1.9516657892169877
2024-03-28,Turnover-Aware Max Sharpe γ=0.10,0.2366606083007574,0.10914381995642208,1.985092773803076
2024-04-01,Turnover-Aware Max Sharpe γ=0.10,0.22841825281938943,0.10881775097469534,1.9152964562542316
2024-04-02,Turnover-Aware Max Sharpe γ=0.10,0.2187336537416218,0.10864349014584691,1.8292274435848355
2024-04-03,Turnover-Aware Max Sharpe γ=0.10,0.21233481424914324,0.10834705851843827,1.7751733815312774
2024-04-04,Turnover-Aware Max Sharpe γ=0.10,0.19607648167879743,0.10895136825466867,1.616101610282002
2024-04-05,Turnover-Aware Max Sharpe γ=0.10,0.2091687859661775,0.10954412107419267,1.7268730088952577
2024-04-08,Turnover-Aware Max Sharpe γ=0.10,0.21838768581765722,0.10940726599049308,1.8132953421475324
2024-04-09,Turnover-Aware Max Sharpe γ=0.10,0.22068888554679145,0.10943045175278139,1.8339400261288838
2024-04-10,Turnover-Aware Max Sharpe γ=0.10,0.20996921078585973,0.10992804734250942,1.728123216761608
2024-04-11,Turnover-Aware Max Sharpe γ=0.10,0.22485194908211192,0.11062210127369479,1.8518175547513702
2024-04-12,Turnover-Aware Max Sharpe γ=0.10,0.21087948272087287,0.11161194950134588,1.710206510805289
2024-04-15,Turnover-Aware Max Sharpe γ=0.10,0.1886772938522212,0.11074042280200062,1.523177260699188
2024-04-16,Turnover-Aware Max Sharpe γ=0.10,0.1963450801669615,0.11044612980613416,1.5966614717645573
2024-04-17,Turnover-Aware Max Sharpe γ=0.10,0.18575738173625633,0.11075728558391715,1.496582196488261
2024-04-18,Turnover-Aware Max Sharpe γ=0.10,0.1827560456433297,0.11078044805038881,1.4691766327691655
2024-04-19,Turnover-Aware Max Sharpe γ=0.10,0.175234121645935,0.11108786923297258,1.3973993984921906
2024-04-22,Turnover-Aware Max Sharpe γ=0.10,0.17853231874875575,0.11102385742898023,1.4279121841012032
2024-04-23,Turnover-Aware Max Sharpe γ=0.10,0.19114860419152468,0.11125079905894379,1.5384033700364288
2024-04-24,Turnover-Aware Max Sharpe γ=0.10,0.19066219015636343,0.11125223891703634,1.5340112865830111
2024-04-25,Turnover-Aware Max Sharpe γ=0.10,0.2028272183784534,0.11060767692234798,1.6529342579612
2024-04-26,Turnover-Aware Max Sharpe γ=0.10,0.2164391386429958,0.11089632982567413,1.7713763742388278
2024-04-29,Turnover-Aware Max Sharpe γ=0.10,0.20035599792951375,0.10992039844869878,1.6407873376995459
2024-04-30,Turnover-Aware Max Sharpe γ=0.10,0.17261256628947486,0.11134139754646949,1.370672271522193
2024-05-01,Turnover-Aware Max Sharpe γ=0.10,0.17436721537187516,0.1113137815578349,1.3867754128150893
2024-05-02,Turnover-Aware Max Sharpe γ=0.10,0.18415393203549857,0.11148010545825479,1.4724953063214332
2024-05-03,Turnover-Aware Max Sharpe γ=0.10,0.19806892025389988,0.11189367313934816,1.591411875737957
2024-05-06,Turnover-Aware Max Sharpe γ=0.10,0.21189067546169094,0.11227532501777775,1.7091081716424055
2024-05-07,Turnover-Aware Max Sharpe γ=0.10,0.20047324392338295,0.11199914555169026,1.6113805425425347
2024-05-08,Turnover-Aware Max Sharpe γ=0.10,0.19764369234563417,0.1120141418756007,1.5859041489861123
2024-05-09,Turnover-Aware Max Sharpe γ=0.10,0.2089203241061548,0.11221813439139935,1.6835097565178743
2024-05-10,Turnover-Aware Max Sharpe γ=0.10,0.2085375567818799,0.11220932795420055,1.6802306922186858
2024-05-13,Turnover-Aware Max Sharpe γ=0.10,0.20820357532268852,0.11221738577181846,1.677133841857442
2024-05-14,Turnover-Aware Max Sharpe γ=0.10,0.2187999733201147,0.11232873334711418,1.769805172696021
2024-05-15,Turnover-Aware Max Sharpe γ=0.10,0.2300151640439656,0.11297674618799178,1.8589238151230096
2024-05-16,Turnover-Aware Max Sharpe γ=0.10,0.23425633190623674,0.11280917921427261,1.899281010628336
2024-05-17,Turnover-Aware Max Sharpe γ=0.10,0.23286136420630554,0.11275560687922345,1.8878117913400878
2024-05-20,Turnover-Aware Max Sharpe γ=0.10,0.23197108236522723,0.11273476994433737,1.8802635821218925
2024-05-21,Turnover-Aware Max Sharpe γ=0.10,0.22986541231296487,0.11272363842580628,1.8617693257931562
2024-05-22,Turnover-Aware Max Sharpe γ=0.10,0.22022955467748684,0.11302280621423505,1.7715854116907268
2024-05-23,Turnover-Aware Max Sharpe γ=0.10,0.21810812465995033,0.11317557269137436,1.750449500266139
2024-05-24,Turnover-Aware Max Sharpe γ=0.10,0.23471183720445254,0.11297404033556353,1.9005413683240873
2024-05-28,Turnover-Aware Max Sharpe γ=0.10,0.23173282549215823,0.11286999239023866,1.8759000599566757
2024-05-29,Turnover-Aware Max Sharpe γ=0.10,0.20460485924806027,0.11251816099671763,1.6406672275193472
2024-05-30,Turnover-Aware Max Sharpe γ=0.10,0.1972953062409757,0.11259985037832225,1.5745607622504323
2024-05-31,Turnover-Aware Max Sharpe γ=0.10,0.20371547851871474,0.11250226548026417,1.6329935911463334
2024-06-03,Turnover-Aware Max Sharpe γ=0.10,0.19731516591245946,0.11217827772422352,1.5806550921415192
2024-06-04,Turnover-Aware Max Sharpe γ=0.10,0.19113912432921953,0.11216905460125472,1.525724942031429
2024-06-05,Turnover-Aware Max Sharpe γ=0.10,0.20664354906452975,0.11293710872057802,1.6526326127784237
2024-06-06,Turnover-Aware Max Sharpe γ=0.10,0.20745428411787747,0.11294513532286699,1.6596932978301129
2024-06-07,Turnover-Aware Max Sharpe γ=0.10,0.20523877900260024,0.11314313951285025,1.637207344609363
2024-06-10,Turnover-Aware Max Sharpe γ=0.10,0.19839382152730023,0.11278966254560004,1.581650458925497
2024-06-11,Turnover-Aware Max Sharpe γ=0.10,0.2005345721600691,0.11280336369833971,1.6004360707084686
2024-06-12,Turnover-Aware Max Sharpe γ=0.10,0.20101025574770226,0.11282973305303283,1.604277975758596
2024-06-13,Turnover-Aware Max Sharpe γ=0.10,0.1953870582141921,0.1128313029144975,1.5544184431433783
2024-06-14,Turnover-Aware Max Sharpe γ=0.10,0.19709934884062252,0.112870475208118,1.5690493772979612
2024-06-17,Turnover-Aware Max Sharpe γ=0.10,0.19050655395211535,0.1125255446408949,1.5152697504931565
2024-06-18,Turnover-Aware Max Sharpe γ=0.10,0.19772803407377215,0.11245555608720376,1.5804291069082688
2024-06-20,Turnover-Aware Max Sharpe γ=0.10,0.20628732304628894,0.11222560264985973,1.6599360453202412
2024-06-21,Turnover-Aware Max Sharpe γ=0.10,0.20549474706222814,0.11226647548176354,1.6522719384056885
2024-06-24,Turnover-Aware Max Sharpe γ=0.10,0.20134916411006087,0.11231100337494074,1.6147052262069292
2024-06-25,Turnover-Aware Max Sharpe γ=0.10,0.21264329791465553,0.11213502624248384,1.717958289839594
2024-06-26,Turnover-Aware Max Sharpe γ=0.10,0.21518789154991258,0.11205365384334552,1.7419145637391826
2024-06-27,Turnover-Aware Max Sharpe γ=0.10,0.21127760495483328,0.11189210774911741,1.7094825435205196
2024-06-28,Turnover-Aware Max Sharpe γ=0.10,0.20798892695455407,0.11194125187258881,1.6793534448634047
2024-07-01,Turnover-Aware Max Sharpe γ=0.10,0.2118747099150633,0.11196857895404506,1.7136478082285378
2024-07-02,Turnover-Aware Max Sharpe γ=0.10,0.20467539015714076,0.11155699469749453,1.6554353284428198
2024-07-03,Turnover-Aware Max Sharpe γ=0.10,0.21320879801862258,0.111814687747774,1.7279375537358148
2024-07-05,Turnover-Aware Max Sharpe γ=0.10,0.22807053330342386,0.11210450385685544,1.8560408025096478
2024-07-08,Turnover-Aware Max Sharpe γ=0.10,0.23317739062271392,0.11187975170232894,1.905415299721981
2024-07-09,Turnover-Aware Max Sharpe γ=0.10,0.23244858340811003,0.11187922891575315,1.8989099716452928
2024-07-10,Turnover-Aware Max Sharpe γ=0.10,0.24134294813875345,0.1121463338154326,1.9736975842922668
2024-07-11,Turnover-Aware Max Sharpe γ=0.10,0.23024622525917282,0.11214081815031668,1.8748411927702626
2024-07-12,Turnover-Aware Max Sharpe γ=0.10,0.22094314098645707,0.11162384443281252,1.8001811531173944
2024-07-15,Turnover-Aware Max Sharpe γ=0.10,0.21174543954580205,0.11130081259595774,1.7227676516780968
2024-07-16,Turnover-Aware Max Sharpe γ=0.10,0.22404301395576187,0.11152736273896875,1.829533210009881
2024-07-17,Turnover-Aware Max Sharpe γ=0.10,0.20103891171598898,0.11259079179025948,1.6079371042459543
2024-07-18,Turnover-Aware Max Sharpe γ=0.10,0.18271501416553781,0.11254357047334561,1.4457957347645607
2024-07-19,Turnover-Aware Max Sharpe γ=0.10,0.169434096186601,0.11311305458495235,1.3211038879192332
2024-07-22,Turnover-Aware Max Sharpe γ=0.10,0.19266800197224665,0.11279910717373993,1.5307568144692234
2024-07-23,Turnover-Aware Max Sharpe γ=0.10,0.19335223646535127,0.11278868118829674,1.536964832277326
2024-07-24,Turnover-Aware Max Sharpe γ=0.10,0.16928919042108448,0.11465426987373142,1.3020813841952545
2024-07-25,Turnover-Aware Max Sharpe γ=0.10,0.1520394840038064,0.11509539247086031,1.1472178092379848
2024-07-26,Turnover-Aware Max Sharpe γ=0.10,0.16365925548739924,0.11555387070083765,1.2432232223473052
2024-07-29,Turnover-Aware Max Sharpe γ=0.10,0.17249680051833005,0.11525917072951015,1.323077370357011
2024-07-30,Turnover-Aware Max Sharpe γ=0.10,0.156352898954625,0.11478295572207967,1.18791939183699
2024-07-31,Turnover-Aware Max Sharpe γ=0.10,0.17833913905359866,0.11650876958263509,1.3590319391476788
2024-08-01,Turnover-Aware Max Sharpe γ=0.10,0.16607846834158413,0.11745773001761105,1.2436684100712814
2024-08-02,Turnover-Aware Max Sharpe γ=0.10,0.16795646169011968,0.11723706586644846,1.262028016452284
2024-08-05,Turnover-Aware Max Sharpe γ=0.10,0.1429659867674793,0.11969727493408584,1.027308155805497
2024-08-06,Turnover-Aware Max Sharpe γ=0.10,0.14980639736925938,0.11968973733158038,1.0845240390966229
2024-08-07,Turnover-Aware Max Sharpe γ=0.10,0.13682143592288787,0.11967621363775938,0.9761458218964676
2024-08-08,Turnover-Aware Max Sharpe γ=0.10,0.1698062858043461,0.12147289438420905,1.2332486729963048
2024-08-09,Turnover-Aware Max Sharpe γ=0.10,0.18299465118473957,0.12126408578628711,1.3441296335008652
2024-08-12,Turnover-Aware Max Sharpe γ=0.10,0.18953225955953634,0.12137321920554789,1.3967847328200977
2024-08-13,Turnover-Aware Max Sharpe γ=0.10,0.20910974262910065,0.12200710622909719,1.549989574164659
2024-08-14,Turnover-Aware Max Sharpe γ=0.10,0.20320333968698212,0.12198110978284998,1.5018992695928048
2024-08-15,Turnover-Aware Max Sharpe γ=0.10,0.23501753834629202,0.12219428220123142,1.75963665789368
2024-08-16,Turnover-Aware Max Sharpe γ=0.10,0.2570280265809217,0.12199029753747365,1.943007201110483
2024-08-19,Turnover-Aware Max Sharpe γ=0.10,0.2780557036194551,0.12175526119909248,2.1194624452202193
2024-08-20,Turnover-Aware Max Sharpe γ=0.10,0.27652897712263713,0.12176242903196606,2.106799110054638
2024-08-21,Turnover-Aware Max Sharpe γ=0.10,0.27117699889746705,0.12162041142569273,2.065253652352018
2024-08-22,Turnover-Aware Max Sharpe γ=0.10,0.25936487155744037,0.12220212445683344,1.958761949690927
2024-08-23,Turnover-Aware Max Sharpe γ=0.10,0.2586199138428493,0.12214752712390407,1.9535386385743032
2024-08-26,Turnover-Aware Max Sharpe γ=0.10,0.27423854765154343,0.1211193816262128,2.0990740229846154
2024-08-27,Turnover-Aware Max Sharpe γ=0.10,0.2696627212139464,0.12101739546978202,2.0630316843687737
2024-08-28,Turnover-Aware Max Sharpe γ=0.10,0.2504716240554339,0.12113552138975524,1.902593239466797
2024-08-29,Turnover-Aware Max Sharpe γ=0.10,0.2326273930284959,0.12018509910560365,1.7691660165097962
2024-08-30,Turnover-Aware Max Sharpe γ=0.10,0.23352907438125126,0.12020491686748744,1.7763755422471057
2024-09-03,Turnover-Aware Max Sharpe γ=0.10,0.21178938782363743,0.12169299369142082,1.5760101054787208
2024-09-04,Turnover-Aware Max Sharpe γ=0.10,0.20668191424059756,0.12170424527621633,1.5338981299864263
2024-09-05,Turnover-Aware Max Sharpe γ=0.10,0.21755471102795232,0.1214683541349303,1.6263883085836766
2024-09-06,Turnover-Aware Max Sharpe γ=0.10,0.203757984126119,0.1226121855957315,1.4986926726189618
2024-09-09,Turnover-Aware Max Sharpe γ=0.10,0.221904708999749,0.1227581066764886,1.6447362578818518
2024-09-10,Turnover-Aware Max Sharpe γ=0.10,0.22764689126727866,0.12282418126929127,1.6906026901332574
2024-09-11,Turnover-Aware Max Sharpe γ=0.10,0.23005819357876955,0.12295154512169088,1.7084632272889713
2024-09-12,Turnover-Aware Max Sharpe γ=0.10,0.2518064607366137,0.12322190651556451,1.88121144438983
2024-09-13,Turnover-Aware Max Sharpe γ=0.10,0.2600090086926876,0.12332421927436614,1.9461628065021555
2024-09-16,Turnover-Aware Max Sharpe γ=0.10,0.24736180238821626,0.1229900279326165,1.8486198125979998
2024-09-17,Turnover-Aware Max Sharpe γ=0.10,0.2587799149532528,0.12244268210169128,1.9501362666569242
2024-09-18,Turnover-Aware Max Sharpe γ=0.10,0.25423048066987164,0.12255957456154722,1.9111561174051344
2024-09-19,Turnover-Aware Max Sharpe γ=0.10,0.2809855329920423,0.12389981342489996,2.106423938646484
2024-09-20,Turnover-Aware Max Sharpe γ=0.10,0.2954763630951984,0.12345395031241795,2.2314098690083704
2024-09-23,Turnover-Aware Max Sharpe γ=0.10,0.320563544619739,0.12219071608366965,2.4597903527623917
2024-09-24,Turnover-Aware Max Sharpe γ=0.10,0.3310383711316349,0.12231943102065798,2.542836968225474
2024-09-25,Turnover-Aware Max Sharpe γ=0.10,0.3256895385464744,0.12233537603651302,2.498782841483532
2024-09-26,Turnover-Aware Max Sharpe γ=0.10,0.35400802941113607,0.12154615349998486,2.7479934147910132
2024-09-27,Turnover-Aware Max Sharpe γ=0.10,0.3444800153588934,0.12170796724278946,2.6660540202072687
2024-09-30,Turnover-Aware Max Sharpe γ=0.10,0.3338723945283659,0.12157318613291611,2.5817567550233393
2024-10-01,Turnover-Aware Max Sharpe γ=0.10,0.3309900660370937,0.12165420535712343,2.5563445597639896
2024-10-02,Turnover-Aware Max Sharpe γ=0.10,0.33610003350198814,0.12156960481012834,2.600156790800498
2024-10-03,Turnover-Aware Max Sharpe γ=0.10,0.3536007160317649,0.12054572464814246,2.767420553532717
2024-10-04,Turnover-Aware Max Sharpe γ=0.10,0.35311005605159873,0.12052981718659972,2.763714936494845
2024-10-07,Turnover-Aware Max Sharpe γ=0.10,0.34227871750154004,0.1208435125878354,2.666909547728439
2024-10-08,Turnover-Aware Max Sharpe γ=0.10,0.3322520148890207,0.12036835814795092,2.594137028148342
2024-10-09,Turnover-Aware Max Sharpe γ=0.10,0.32931143291306353,0.1203170026970612,2.5708040092376616
2024-10-10,Turnover-Aware Max Sharpe γ=0.10,0.320791459530829,0.12013911149944803,2.503693058627381
2024-10-11,Turnover-Aware Max Sharpe γ=0.10,0.323540149021589,0.12020666975498318,2.525152303447835
2024-10-14,Turnover-Aware Max Sharpe γ=0.10,0.34180180795869575,0.11983692518156693,2.6853309818416022
2024-10-15,Turnover-Aware Max Sharpe γ=0.10,0.34224728407678007,0.11981394589263467,2.6895640709934217
2024-10-16,Turnover-Aware Max Sharpe γ=0.10,0.33199222716484167,0.11943934848691087,2.6121393922291216
2024-10-17,Turnover-Aware Max Sharpe γ=0.10,0.33281735099104637,0.11944229173686208,2.61898316284989
2024-10-18,Turnover-Aware Max Sharpe γ=0.10,0.3617144248176567,0.11855629142955064,2.882296845635667
2024-10-21,Turnover-Aware Max Sharpe γ=0.10,0.373396488435634,0.11807481021291803,2.9929879861621025
2024-10-22,Turnover-Aware Max Sharpe γ=0.10,0.39419339044528945,0.1173141487110118,3.189669741942776
2024-10-23,Turnover-Aware Max Sharpe γ=0.10,0.37935361088234565,0.11803699328720958,3.0444151521884364
2024-10-24,Turnover-Aware Max Sharpe γ=0.10,0.3767397015582281,0.11794585205458473,3.0246057436011466
2024-10-25,Turnover-Aware Max Sharpe γ=0.10,0.40192763078903937,0.1166624548536496,3.2737835944576936
2024-10-28,Turnover-Aware Max Sharpe γ=0.10,0.4184816411358758,0.11611299556291023,3.4318436037590447
2024-10-29,Turnover-Aware Max Sharpe γ=0.10,0.43077494529829274,0.1161519590833416,3.5365304945356337
2024-10-30,Turnover-Aware Max Sharpe γ=0.10,0.413606863164216,0.11589368125686386,3.396275438794938
2024-10-31,Turnover-Aware Max Sharpe γ=0.10,0.37962470292355355,0.11755374742715066,3.059236398621974
2024-11-01,Turnover-Aware Max Sharpe γ=0.10,0.36909449664687344,0.11722255730631127,2.978048804503245
2024-11-04,Turnover-Aware Max Sharpe γ=0.10,0.34531943891039085,0.11622474040341739,2.799054984172934
2024-11-05,Turnover-Aware Max Sharpe γ=0.10,0.34496835866644027,0.11620641449566955,2.7964752210692314
2024-11-06,Turnover-Aware Max Sharpe γ=0.10,0.3524832261953972,0.11625658186840077,2.8599088400152604
2024-11-07,Turnover-Aware Max Sharpe γ=0.10,0.36843399932330745,0.11689020336895102,2.980865712274569
2024-11-08,Turnover-Aware Max Sharpe γ=0.10,0.3680612926378326,0.11689697621828471,2.9775046703337207
2024-11-11,Turnover-Aware Max Sharpe γ=0.10,0.36413604873851835,0.117062334404814,2.9397675220490584
2024-11-12,Turnover-Aware Max Sharpe γ=0.10,0.34161136606385556,0.1168908522478423,2.75138182226567
2024-11-13,Turnover-Aware Max Sharpe γ=0.10,0.33604503487966886,0.11699657081933475,2.7013187879472405
2024-11-14,Turnover-Aware Max Sharpe γ=0.10,0.3040354644750629,0.11562598424435358,2.456502025312994
2024-11-15,Turnover-Aware Max Sharpe γ=0.10,0.2884509854403343,0.11634650114122283,2.3073404254287384
2024-11-18,Turnover-Aware Max Sharpe γ=0.10,0.2978472418569249,0.11665275822658056,2.381831737893828
2024-11-19,Turnover-Aware Max Sharpe γ=0.10,0.30048206166754987,0.11671648084694211,2.4031058821535596
2024-11-20,Turnover-Aware Max Sharpe γ=0.10,0.2936897776382299,0.1165845188645531,2.347565356908153
2024-11-21,Turnover-Aware Max Sharpe γ=0.10,0.30253312829300527,0.11662813469971356,2.4225126211651498
2024-11-22,Turnover-Aware Max Sharpe γ=0.10,0.30694124181515514,0.11671243216997979,2.458531935974519
2024-11-25,Turnover-Aware Max Sharpe γ=0.10,0.29487101993705944,0.11697274431223939,2.3498723702962523
2024-11-26,Turnover-Aware Max Sharpe γ=0.10,0.2997126500419558,0.11698084417976769,2.3910978930201052
2024-11-27,Turnover-Aware Max Sharpe γ=0.10,0.29279567952336927,0.11700145901218202,2.3315579295038207
2024-11-29,Turnover-Aware Max Sharpe γ=0.10,0.3033812162393734,0.11723059362977457,2.41729746020325
2024-12-02,Turnover-Aware Max Sharpe γ=0.10,0.3058501160815419,0.11722129694265877,2.438551044366719
2024-12-03,Turnover-Aware Max Sharpe γ=0.10,0.2972673415012763,0.1169669840718213,2.3704752559151707
2024-12-04,Turnover-Aware Max Sharpe γ=0.10,0.32112883883873167,0.11639927428251447,2.5870336451398934
2024-12-05,Turnover-Aware Max Sharpe γ=0.10,0.31814437363738923,0.11645872706153344,2.5600861451959567
2024-12-06,Turnover-Aware Max Sharpe γ=0.10,0.3245950819239085,0.11644928636700493,2.615688695282665
2024-12-09,Turnover-Aware Max Sharpe γ=0.10,0.3135167532453971,0.11629524836971025,2.5238929135977077
2024-12-10,Turnover-Aware Max Sharpe γ=0.10,0.3163680731788385,0.11627459319760812,2.5488635567631044
2024-12-11,Turnover-Aware Max Sharpe γ=0.10,0.3302039632321965,0.116708119391996,2.657946720830039
2024-12-12,Turnover-Aware Max Sharpe γ=0.10,0.31359719080131865,0.11709850385795963,2.5072667978529575
2024-12-13,Turnover-Aware Max Sharpe γ=0.10,0.2905272059547892,0.11614907497232739,2.329137843062827
2024-12-16,Turnover-Aware Max Sharpe γ=0.10,0.29412497066539744,0.1162349373205398,2.358369841155814
2024-12-17,Turnover-Aware Max Sharpe γ=0.10,0.29269587224504146,0.11627644935948844,2.3452373524234105
2024-12-18,Turnover-Aware Max Sharpe γ=0.10,0.250056535659249,0.1197668676284932,1.9208696045459346
2024-12-19,Turnover-Aware Max Sharpe γ=0.10,0.24065708151952458,0.119667614635331,1.8439164363052087
2024-12-20,Turnover-Aware Max Sharpe γ=0.10,0.26616999561341226,0.11932311710957452,2.0630536779168627
2024-12-23,Turnover-Aware Max Sharpe γ=0.10,0.2585021986443137,0.11901057783393668,2.004042018660825
2024-12-24,Turnover-Aware Max Sharpe γ=0.10,0.2658855299749405,0.11923185515023366,2.062246952923123
2024-12-26,Turnover-Aware Max Sharpe γ=0.10,0.2614449872900533,0.11913903141524397,2.0265817542911475
2024-12-27,Turnover-Aware Max Sharpe γ=0.10,0.24585237062118703,0.11956430926357753,1.8889614468754155
2024-12-30,Turnover-Aware Max Sharpe γ=0.10,0.23713207872337505,0.1199403879652486,1.810333303126272
2024-12-31,Turnover-Aware Max Sharpe γ=0.10,0.23807573750604072,0.11992112100081838,1.818493153550095
2025-01-02,Turnover-Aware Max Sharpe γ=0.10,0.2517936306154711,0.11955434206912981,1.9388139870439944
2025-01-03,Turnover-Aware Max Sharpe γ=0.10,0.27151721923810457,0.11928917387549914,2.108466435525913
2025-01-06,Turnover-Aware Max Sharpe γ=0.10,0.2813743175081387,0.11934725607430718,2.1900320636228416
2025-01-07,Turnover-Aware Max Sharpe γ=0.10,0.27111349671031904,0.11962486822870172,2.0991746986106112
2025-01-08,Turnover-Aware Max Sharpe γ=0.10,0.26195024442891346,0.11934369663008394,2.027339953938741
2025-01-10,Turnover-Aware Max Sharpe γ=0.10,0.2527590339675796,0.11966394206120307,1.9451058519243263
2025-01-13,Turnover-Aware Max Sharpe γ=0.10,0.24345556401081603,0.11972305366678698,1.866437224636261
2025-01-14,Turnover-Aware Max Sharpe γ=0.10,0.2446888423745801,0.11972864614250472,1.8766506564114032
2025-01-15,Turnover-Aware Max Sharpe γ=0.10,0.2597792554332854,0.12063112820337261,1.9877063159770865
2025-01-16,Turnover-Aware Max Sharpe γ=0.10,0.266827001672691,0.12045363689373526,2.049145281436732
2025-01-17,Turnover-Aware Max Sharpe γ=0.10,0.28533910541748253,0.12028930304716147,2.2058412402094625
2025-01-21,Turnover-Aware Max Sharpe γ=0.10,0.2864648247242667,0.12036092052479423,2.2138815785259403
2025-01-22,Turnover-Aware Max Sharpe γ=0.10,0.2813955519199831,0.12010136128721186,2.1764578612467065
2025-01-23,Turnover-Aware Max Sharpe γ=0.10,0.28455460962831136,0.12010999476834022,2.2026027903719902
2025-01-24,Turnover-Aware Max Sharpe γ=0.10,0.28051602756026606,0.12009910444390612,2.169175438622388
2025-01-27,Turnover-Aware Max Sharpe γ=0.10,0.2595528899252788,0.12130989835320213,1.974718412736643
2025-01-28,Turnover-Aware Max Sharpe γ=0.10,0.2670984921614925,0.12158419169529441,2.0323241756687667
2025-01-29,Turnover-Aware Max Sharpe γ=0.10,0.2656539374371931,0.12161679927773054,2.0199013532349657
2025-01-30,Turnover-Aware Max Sharpe γ=0.10,0.26613138859574237,0.1216399563365652,2.023441934776121
2025-01-31,Turnover-Aware Max Sharpe γ=0.10,0.2655860715170266,0.12165105182613195,2.018774748187357
2025-02-03,Turnover-Aware Max Sharpe γ=0.10,0.2751953119932675,0.1211094435528155,2.107146267928954
2025-02-04,Turnover-Aware Max Sharpe γ=0.10,0.2729841712852923,0.12096834628448179,2.091325367797856
2025-02-05,Turnover-Aware Max Sharpe γ=0.10,0.2740133928818014,0.12099542656255075,2.0993635883459167
2025-02-06,Turnover-Aware Max Sharpe γ=0.10,0.28163308786142593,0.1209116771042537,2.163836398000153
2025-02-07,Turnover-Aware Max Sharpe γ=0.10,0.26962551267298784,0.12116407649460934,2.0602270895374986
2025-02-10,Turnover-Aware Max Sharpe γ=0.10,0.27716674598174684,0.12153238063564455,2.1160347936632267
2025-02-11,Turnover-Aware Max Sharpe γ=0.10,0.2754405299509928,0.12154834236247257,2.101555027293064
2025-02-12,Turnover-Aware Max Sharpe γ=0.10,0.2703914121048141,0.12151892290894728,2.0605137546555565
2025-02-13,Turnover-Aware Max Sharpe γ=0.10,0.28766458634524583,0.12195122794526128,2.1948494562546683
2025-02-14,Turnover-Aware Max Sharpe γ=0.10,0.3025799880728848,0.12102353062260346,2.33491773557718
2025-02-18,Turnover-Aware Max Sharpe γ=0.10,0.30298738636483824,0.1210392379848758,2.337980567922927
2025-02-19,Turnover-Aware Max Sharpe γ=0.10,0.29497593618747264,0.12093905282249301,2.273673637836949
2025-02-20,Turnover-Aware Max Sharpe γ=0.10,0.2963480305926862,0.12090847089922391,2.2855969357434
2025-02-21,Turnover-Aware Max Sharpe γ=0.10,0.2826268968669212,0.12160934203294876,2.159594752151239
2025-02-24,Turnover-Aware Max Sharpe γ=0.10,0.27941167114442855,0.12167340712632792,2.1320326049150027
2025-02-25,Turnover-Aware Max Sharpe γ=0.10,0.2484858155132914,0.12106312736757636,1.8873278799378304
2025-02-26,Turnover-Aware Max Sharpe γ=0.10,0.24888426446697753,0.12106418021403176,1.8906026874532873
2025-02-27,Turnover-Aware Max Sharpe γ=0.10,0.22791645269328065,0.12262726293542318,1.69551572559172
2025-02-28,Turnover-Aware Max Sharpe γ=0.10,0.2359081265997196,0.12282089325867886,1.7579104081663481
2025-03-03,Turnover-Aware Max Sharpe γ=0.10,0.23004864268755476,0.12302412507267452,1.7073776591662158
2025-03-04,Turnover-Aware Max Sharpe γ=0.10,0.22108693330259066,0.12296708723999547,1.6352906929488238
2025-03-05,Turnover-Aware Max Sharpe γ=0.10,0.21647580434510272,0.12261494452102405,1.602380567169887
2025-03-06,Turnover-Aware Max Sharpe γ=0.10,0.19302804179341937,0.123754995205511,1.3981499615921296
2025-03-07,Turnover-Aware Max Sharpe γ=0.10,0.20725244004828647,0.12360211257612892,1.5149614852493245
2025-03-10,Turnover-Aware Max Sharpe γ=0.10,0.1693034901754218,0.12601830393961783,1.1847762230394814
2025-03-11,Turnover-Aware Max Sharpe γ=0.10,0.1572075170039906,0.1256378125721878,1.0920877576179957
2025-03-12,Turnover-Aware Max Sharpe γ=0.10,0.16989472565103414,0.12571680924102427,1.1923204745330116
2025-03-13,Turnover-Aware Max Sharpe γ=0.10,0.16597601697116016,0.12581585472263931,1.1602354670877042
2025-03-14,Turnover-Aware Max Sharpe γ=0.10,0.17799464904225726,0.12660398883651972,1.2479436903545864
2025-03-17,Turnover-Aware Max Sharpe γ=0.10,0.18703201071937792,0.12675436580896773,1.3177614013793646
2025-03-18,Turnover-Aware Max Sharpe γ=0.10,0.1852040038545546,0.12681281496222072,1.3027390323586079
2025-03-19,Turnover-Aware Max Sharpe γ=0.10,0.20352349461558483,0.1268607903745514,1.4466526187779463
2025-03-20,Turnover-Aware Max Sharpe γ=0.10,0.19369932355727904,0.12684479883610478,1.3693846744296914
2025-03-21,Turnover-Aware Max Sharpe γ=0.10,0.1887067329934471,0.12686388190321946,1.3298247733121416
2025-03-24,Turnover-Aware Max Sharpe γ=0.10,0.18828297647763104,0.12683515506735915,1.3267849626411536
2025-03-25,Turnover-Aware Max Sharpe γ=0.10,0.1909555375886931,0.12687894604341668,1.3473909022714758
2025-03-26,Turnover-Aware Max Sharpe γ=0.10,0.18163902652848685,0.1273382878102796,1.2693670482621198
2025-03-27,Turnover-Aware Max Sharpe γ=0.10,0.1850759047717483,0.12732865333600704,1.2964552788925694
2025-03-28,Turnover-Aware Max Sharpe γ=0.10,0.17065465376242073,0.128017901137117,1.176824900457148
2025-03-31,Turnover-Aware Max Sharpe γ=0.10,0.16961488863976437,0.12798133702459938,1.1690367683141707
2025-04-01,Turnover-Aware Max Sharpe γ=0.10,0.16936348057056994,0.12797749272972905,1.1671074138481925
2025-04-02,Turnover-Aware Max Sharpe γ=0.10,0.1719123618986853,0.12803209332322785,1.1865178327997006
2025-04-03,Turnover-Aware Max Sharpe γ=0.10,0.13205633351950752,0.13283351028504106,0.8435848249365029
2025-04-04,Turnover-Aware Max Sharpe γ=0.10,0.07117635201166128,0.14199918974300385,0.36039890160135707
2025-04-07,Turnover-Aware Max Sharpe γ=0.10,0.07351211403464197,0.14184561694188041,0.3772560279854677
2025-04-08,Turnover-Aware Max Sharpe γ=0.10,0.05131181920945238,0.14164167848826179,0.22106359896072023
2025-04-09,Turnover-Aware Max Sharpe γ=0.10,0.1390874035414813,0.16574029328191048,0.7185181176126164
2025-04-10,Turnover-Aware Max Sharpe γ=0.10,0.11223802818367168,0.16706020990698506,0.5521244600077272
2025-04-11,Turnover-Aware Max Sharpe γ=0.10,0.14469471498499042,0.16777567813491048,0.7432228340315327
2025-04-14,Turnover-Aware Max Sharpe γ=0.10,0.13470209458226856,0.1673434360069092,0.6854293022735161
2025-04-15,Turnover-Aware Max Sharpe γ=0.10,0.15367602438195616,0.16666357849017768,0.8020710079127118
2025-04-16,Turnover-Aware Max Sharpe γ=0.10,0.1502480043748735,0.1667611742166791,0.7810451382744364
2025-04-17,Turnover-Aware Max Sharpe γ=0.10,0.15172294827276156,0.16675260058525368,0.7899303987491163
2025-04-21,Turnover-Aware Max Sharpe γ=0.10,0.15375850527578705,0.16667525429900007,0.8025096817061794
2025-04-22,Turnover-Aware Max Sharpe γ=0.10,0.17117612575644414,0.1671561477781112,0.9044006323782989
2025-04-23,Turnover-Aware Max Sharpe γ=0.10,0.1859382593945027,0.16698327847910302,0.9937417740619394
2025-04-24,Turnover-Aware Max Sharpe γ=0.10,0.21075391247989006,0.1681390667180937,1.1345008403056798
2025-04-25,Turnover-Aware Max Sharpe γ=0.10,0.20390917595289748,0.16797776430820968,1.0948423841113666
2025-04-28,Turnover-Aware Max Sharpe γ=0.10,0.20972851907608625,0.16802799812780564,1.1291482442811391
2025-04-29,Turnover-Aware Max Sharpe γ=0.10,0.21265145608871072,0.16801542079406184,1.1466296080336906
2025-04-30,Turnover-Aware Max Sharpe γ=0.10,0.19880097147686304,0.16783041007406224,1.0653669462998963
2025-05-01,Turnover-Aware Max Sharpe γ=0.10,0.19449581195366417,0.16784141434827454,1.0396469347641555
2025-05-02,Turnover-Aware Max Sharpe γ=0.10,0.22783612834825484,0.1670587280391559,1.2440902117939112
2025-05-05,Turnover-Aware Max Sharpe γ=0.10,0.23591472287058268,0.16712827732503477,1.2919101801705701
2025-05-06,Turnover-Aware Max Sharpe γ=0.10,0.23193340313453725,0.16703964876238986,1.2687610678349053
2025-05-07,Turnover-Aware Max Sharpe γ=0.10,0.21607461866292743,0.16679349593046763,1.1755531447381284
2025-05-08,Turnover-Aware Max Sharpe γ=0.10,0.20104135798110678,0.1665547826028301,1.0869778408754653
2025-05-09,Turnover-Aware Max Sharpe γ=0.10,0.20459141837455785,0.16655393312223793,1.1082981645295749
2025-05-12,Turnover-Aware Max Sharpe γ=0.10,0.21928649514726528,0.16685714454408368,1.1943539828144054
2025-05-13,Turnover-Aware Max Sharpe γ=0.10,0.21838193078272883,0.16682713660680729,1.1891466509449997
2025-05-14,Turnover-Aware Max Sharpe γ=0.10,0.20763536405429117,0.16690878945804652,1.1241790481109109
2025-05-15,Turnover-Aware Max Sharpe γ=0.10,0.22040879934185842,0.16702437162564,1.1998775830813757
2025-05-16,Turnover-Aware Max Sharpe γ=0.10,0.21172858556988094,0.1669304973278784,1.148553371846099
2025-05-19,Turnover-Aware Max Sharpe γ=0.10,0.20215995646685458,0.166520145646333,1.093921433708919
2025-05-20,Turnover-Aware Max Sharpe γ=0.10,0.21076835779236913,0.1665131702235204,1.145665280027337
2025-05-21,Turnover-Aware Max Sharpe γ=0.10,0.19566452209276397,0.16662522491287798,1.0542492721892036
2025-05-22,Turnover-Aware Max Sharpe γ=0.10,0.18904763622573828,0.16661893212559553,1.0145763993872678
2025-05-23,Turnover-Aware Max Sharpe γ=0.10,0.19136873037472557,0.1666301593414359,1.0284376552961223
2025-05-27,Turnover-Aware Max Sharpe γ=0.10,0.21024927887993705,0.16660224820570915,1.1419370442410246
2025-05-28,Turnover-Aware Max Sharpe γ=0.10,0.2167426405622075,0.16633962806746455,1.1827767252335806
2025-05-29,Turnover-Aware Max Sharpe γ=0.10,0.21450741829960673,0.16629313664536796,1.1696659418626985
2025-05-30,Turnover-Aware Max Sharpe γ=0.10,0.20631012168758467,0.16628257690832707,1.1204428338291808
2025-06-02,Turnover-Aware Max Sharpe γ=0.10,0.23180342984023294,0.16641526136887003,1.2727404211489783
2025-06-03,Turnover-Aware Max Sharpe γ=0.10,0.2365980730342112,0.16635101848710165,1.3020543847827752
2025-06-04,Turnover-Aware Max Sharpe γ=0.10,0.239345829048772,0.16637228227388795,1.3184036790916718
2025-06-05,Turnover-Aware Max Sharpe γ=0.10,0.22716182717102495,0.16643257486345417,1.244719234446659
2025-06-06,Turnover-Aware Max Sharpe γ=0.10,0.23045871341718138,0.16641330690223388,1.2646747867394026
2025-06-09,Turnover-Aware Max Sharpe γ=0.10,0.2162555584747483,0.1659068369051148,1.182926286437433
2025-06-10,Turnover-Aware Max Sharpe γ=0.10,0.21763192476726667,0.1659218299172396,1.1911146644527957
2025-06-11,Turnover-Aware Max Sharpe γ=0.10,0.23309409740305065,0.1653891416558035,1.288440675546448
2025-06-12,Turnover-Aware Max Sharpe γ=0.10,0.2351283585658579,0.16543698701695245,1.3003643407977055
2025-06-13,Turnover-Aware Max Sharpe γ=0.10,0.22726721935951177,0.16549767326941375,1.252387512554943
2025-06-16,Turnover-Aware Max Sharpe γ=0.10,0.219600138743677,0.16533072275381794,1.2072779663637423
2025-06-17,Turnover-Aware Max Sharpe γ=0.10,0.21484632389206015,0.16543519669634627,1.1777803501494157
2025-06-18,Turnover-Aware Max Sharpe γ=0.10,0.20758961012536004,0.1654095270132209,1.1340919323852872
2025-06-20,Turnover-Aware Max Sharpe γ=0.10,0.19848321531312485,0.16539448190550904,1.079136457618299
2025-06-23,Turnover-Aware Max Sharpe γ=0.10,0.2042014762896862,0.1655124194828315,1.1129163410531457
2025-06-24,Turnover-Aware Max Sharpe γ=0.10,0.20784467635624626,0.16553809337337208,1.1347519626951457
2025-06-25,Turnover-Aware Max Sharpe γ=0.10,0.21730366953502167,0.16537364743293703,1.1930780544405242
2025-06-26,Turnover-Aware Max Sharpe γ=0.10,0.22704654493554832,0.1654092348429496,1.251723007679299
2025-06-27,Turnover-Aware Max Sharpe γ=0.10,0.21987752970249086,0.16542510736794638,1.2082659814021688
2025-06-30,Turnover-Aware Max Sharpe γ=0.10,0.23140447749183624,0.16550177842039998,1.2773547179344282
2025-07-01,Turnover-Aware Max Sharpe γ=0.10,0.22565715501635086,0.16545882355295333,1.242950666517537
2025-07-02,Turnover-Aware Max Sharpe γ=0.10,0.2347837009302034,0.16546974848866441,1.2980239765392358
2025-07-03,Turnover-Aware Max Sharpe γ=0.10,0.23362227626336973,0.16545843246413305,1.2910933161999907
2025-07-07,Turnover-Aware Max Sharpe γ=0.10,0.2208201154374625,0.16550187164372218,1.2134008724068712
2025-07-08,Turnover-Aware Max Sharpe γ=0.10,0.20766504248240603,0.1653628062879878,1.1348685154482547
2025-07-09,Turnover-Aware Max Sharpe γ=0.10,0.20329956204092747,0.16520873932145502,1.1095028192441576
2025-07-10,Turnover-Aware Max Sharpe γ=0.10,0.20821162396697868,0.16516120345723437,1.139563166332297
2025-07-11,Turnover-Aware Max Sharpe γ=0.10,0.2074999268315585,0.165162778553764,1.1352432338168936
2025-07-14,Turnover-Aware Max Sharpe γ=0.10,0.1975996204291237,0.16497740917889225,1.0765087251221448
2025-07-15,Turnover-Aware Max Sharpe γ=0.10,0.1977398960370358,0.16497437556071734,1.0773788076659228
2025-07-16,Turnover-Aware Max Sharpe γ=0.10,0.19621035494225025,0.1649499888289994,1.0682653341972899
2025-07-17,Turnover-Aware Max Sharpe γ=0.10,0.19814140879510989,0.1649672888231194,1.0798589833534575
2025-07-18,Turnover-Aware Max Sharpe γ=0.10,0.18851740914897408,0.16479223394663586,1.0226052837146715
2025-07-21,Turnover-Aware Max Sharpe γ=0.10,0.21531727081029373,0.16416696493867056,1.1897477113209731
2025-07-22,Turnover-Aware Max Sharpe γ=0.10,0.22619324919178552,0.16400220026267662,1.2572590420221983
2025-07-23,Turnover-Aware Max Sharpe γ=0.10,0.2417738579603732,0.16359794085289678,1.3556029911145813
2025-07-24,Turnover-Aware Max Sharpe γ=0.10,0.2285454195297334,0.16343631642520817,1.2760041592418543
2025-07-25,Turnover-Aware Max Sharpe γ=0.10,0.2286022695346117,0.16343578277128945,1.2763561687499478
2025-07-28,Turnover-Aware Max Sharpe γ=0.10,0.2498258821787036,0.1621501244907463,1.4173648210292893
2025-07-29,Turnover-Aware Max Sharpe γ=0.10,0.2627137045421042,0.16176719735613462,1.5003888829684289
2025-07-30,Turnover-Aware Max Sharpe γ=0.10,0.24148351949689784,0.16161619807045755,1.3704289677717871
2025-07-31,Turnover-Aware Max Sharpe γ=0.10,0.23984024490750588,0.16162978263149058,1.3601468821419678
2025-08-01,Turnover-Aware Max Sharpe γ=0.10,0.2393135492768499,0.161639079117857,1.3568101876956398
2025-08-04,Turnover-Aware Max Sharpe γ=0.10,0.22892666086517055,0.16081675463590825,1.2991597880344241
2025-08-05,Turnover-Aware Max Sharpe γ=0.10,0.24420765211534445,0.16005285087996943,1.4008351046710659
2025-08-06,Turnover-Aware Max Sharpe γ=0.10,0.2696741459821057,0.1593270462785516,1.567054381624575
2025-08-07,Turnover-Aware Max Sharpe γ=0.10,0.30574241906987076,0.15741823078777561,1.815179967656327
2025-08-08,Turnover-Aware Max Sharpe γ=0.10,0.3076756895947246,0.15744700399308628,1.8271271113380907
2025-08-11,Turnover-Aware Max Sharpe γ=0.10,0.30631897770806327,0.15749050087774172,1.8180079186511051
2025-08-12,Turnover-Aware Max Sharpe γ=0.10,0.2865923124316718,0.15613664610161315,1.7074294798043408
2025-08-13,Turnover-Aware Max Sharpe γ=0.10,0.2850369377579667,0.1561182050929682,1.6976683635335001
2025-08-14,Turnover-Aware Max Sharpe γ=0.10,0.27460108073528455,0.15607905111003714,1.6312316029893625
2025-08-15,Turnover-Aware Max Sharpe γ=0.10,0.2559885129406019,0.15557783199971081,1.516851789919791
2025-08-18,Turnover-Aware Max Sharpe γ=0.10,0.2562713731101618,0.15557511064382992,1.5186964812840535
2025-08-19,Turnover-Aware Max Sharpe γ=0.10,0.22983446813056174,0.15512105285311056,1.3527143109920818
2025-08-20,Turnover-Aware Max Sharpe γ=0.10,0.22117700761695613,0.15494076359948836,1.298412392861219
2025-08-21,Turnover-Aware Max Sharpe γ=0.10,0.2069972318669182,0.1548747002365768,1.2074098066454566
2025-08-22,Turnover-Aware Max Sharpe γ=0.10,0.2233588546844938,0.15536858693160754,1.3088801198533866
2025-08-25,Turnover-Aware Max Sharpe γ=0.10,0.21475134103049331,0.15543271254035665,1.252962377401269
2025-08-26,Turnover-Aware Max Sharpe γ=0.10,0.23405416067568519,0.1549972060778924,1.3810194783002363
2025-08-27,Turnover-Aware Max Sharpe γ=0.10,0.22157186339228763,0.15461485778226117,1.3037030611647582
2025-08-28,Turnover-Aware Max Sharpe γ=0.10,0.23195544718723826,0.15462922939073862,1.3707333860640267
2025-08-29,Turnover-Aware Max Sharpe γ=0.10,0.2258438571557948,0.15465412082233881,1.3309949716261422
2025-09-02,Turnover-Aware Max Sharpe γ=0.10,0.23737224609629726,0.15442304185283864,1.4076412657603758
2025-09-03,Turnover-Aware Max Sharpe γ=0.10,0.24323961068390476,0.15451531685741252,1.4447733417258004
2025-09-04,Turnover-Aware Max Sharpe γ=0.10,0.24306431327032585,0.1545121169344646,1.443668740652471
2025-09-05,Turnover-Aware Max Sharpe γ=0.10,0.27168205869935647,0.1533605788481839,1.6411131243088475
2025-09-08,Turnover-Aware Max Sharpe γ=0.10,0.28217714741030697,0.15343882573042605,1.7086754031272458
2025-09-09,Turnover-Aware Max Sharpe γ=0.10,0.2797359871402805,0.15343768056809784,1.692778372161367
2025-09-10,Turnover-Aware Max Sharpe γ=0.10,0.30483740225506817,0.15234750744438066,1.8696558088359743
2025-09-11,Turnover-Aware Max Sharpe γ=0.10,0.2983171397612794,0.15215234400271274,1.829200473942861
2025-09-12,Turnover-Aware Max Sharpe γ=0.10,0.2933730231760274,0.15210393966422966,1.7972777285026276
2025-09-15,Turnover-Aware Max Sharpe γ=0.10,0.29063552819068494,0.15199693745048204,1.7805327707925251
2025-09-16,Turnover-Aware Max Sharpe γ=0.10,0.27561427749071576,0.15163578203101197,1.6857121324994289
2025-09-17,Turnover-Aware Max Sharpe γ=0.10,0.2631496569870355,0.15162146232631576,1.6036625241335238
2025-09-18,Turnover-Aware Max Sharpe γ=0.10,0.26651213152754427,0.15162596100857564,1.6257910577305563
2025-09-19,Turnover-Aware Max Sharpe γ=0.10,0.27640643244696106,0.15167563350363192,1.690491917021209
2025-09-22,Turnover-Aware Max Sharpe γ=0.10,0.29310725437466756,0.1517317390369986,1.7999349121548818
2025-09-23,Turnover-Aware Max Sharpe γ=0.10,0.2660986940886789,0.15064671497042398,1.6336147398699983
2025-09-24,Turnover-Aware Max Sharpe γ=0.10,0.25725641681659517,0.15077388042951823,1.5735909704035551
2025-09-25,Turnover-Aware Max Sharpe γ=0.10,0.25164387509638675,0.15079409137765962,1.5361601570730057
2025-09-26,Turnover-Aware Max Sharpe γ=0.10,0.24910851756034935,0.15072428816546965,1.5200504202005396
2025-09-29,Turnover-Aware Max Sharpe γ=0.10,0.2601874781743849,0.15085073064579926,1.5922195215504145
2025-09-30,Turnover-Aware Max Sharpe γ=0.10,0.25702965294912694,0.15076751146736536,1.5721533813366257
2025-10-01,Turnover-Aware Max Sharpe γ=0.10,0.2679390464207694,0.1506674619312741,1.6456044539587789
2025-10-02,Turnover-Aware Max Sharpe γ=0.10,0.2691660157340998,0.15065950482880847,1.6538353555404448
2025-10-03,Turnover-Aware Max Sharpe γ=0.10,0.27769624051271946,0.15056495989849222,1.7115286364533482
2025-10-06,Turnover-Aware Max Sharpe γ=0.10,0.2866542405645578,0.1506997183992991,1.7694408682172957
2025-10-07,Turnover-Aware Max Sharpe γ=0.10,0.2883132780466,0.15067987892788373,1.7806841892607062
2025-10-08,Turnover-Aware Max Sharpe γ=0.10,0.2912620160339139,0.15077773497333635,1.7990853628480628
2025-10-09,Turnover-Aware Max Sharpe γ=0.10,0.2913499644384001,0.15077389766108323,1.7997144641597944
2025-10-10,Turnover-Aware Max Sharpe γ=0.10,0.27218289487455216,0.15112512340091783,1.6687026564440877
2025-10-13,Turnover-Aware Max Sharpe γ=0.10,0.288153814651537,0.1518009315489093,1.7664833273117266
2025-10-14,Turnover-Aware Max Sharpe γ=0.10,0.2888294408544063,0.1518024123700695,1.7709167901696055
2025-10-15,Turnover-Aware Max Sharpe γ=0.10,0.2909418932283969,0.15186588403671708,1.784086629771901
2025-10-16,Turnover-Aware Max Sharpe γ=0.10,0.29261368834020884,0.1519034089414134,1.7946515502186744
2025-10-17,Turnover-Aware Max Sharpe γ=0.10,0.29738462712087266,0.1517531640740588,1.827867173731567
2025-10-20,Turnover-Aware Max Sharpe γ=0.10,0.31487520319044293,0.15253452220350355,1.933170268151074
2025-10-21,Turnover-Aware Max Sharpe γ=0.10,0.2863279927907303,0.153949093568431,1.7299744130831558
2025-10-22,Turnover-Aware Max Sharpe γ=0.10,0.273703004148363,0.15388374927837167,1.6486666417869824
2025-10-23,Turnover-Aware Max Sharpe γ=0.10,0.2801266036924761,0.15389499201275614,1.6902863458410302
2025-10-24,Turnover-Aware Max Sharpe γ=0.10,0.2804386306665092,0.15389807075192627,1.6922800227061936
2025-10-27,Turnover-Aware Max Sharpe γ=0.10,0.2935135564428559,0.15337307680753182,1.783321832853941
2025-10-28,Turnover-Aware Max Sharpe γ=0.10,0.2856626456719271,0.15329929687045685,1.7329671505044222
2025-10-29,Turnover-Aware Max Sharpe γ=0.10,0.28039962735472135,0.15332835003794162,1.6983136340427882
2025-10-30,Turnover-Aware Max Sharpe γ=0.10,0.2780961530383055,0.15332995380784656,1.68327288066461
2025-10-31,Turnover-Aware Max Sharpe γ=0.10,0.2698906993432231,0.15324368532720647,1.6306753443683866
2025-11-03,Turnover-Aware Max Sharpe γ=0.10,0.2748307916246946,0.15321233748689833,1.6632524234315396
2025-11-04,Turnover-Aware Max Sharpe γ=0.10,0.28325724398091534,0.1525095640067527,1.7261687533855845
2025-11-05,Turnover-Aware Max Sharpe γ=0.10,0.2866573201478553,0.1525575393316425,1.7479130911267058
2025-11-06,Turnover-Aware Max Sharpe γ=0.10,0.28118837938625063,0.15267423373365568,1.710756117773617
2025-11-07,Turnover-Aware Max Sharpe γ=0.10,0.2722150213159231,0.1524613940994594,1.6542877808882464
2025-11-10,Turnover-Aware Max Sharpe γ=0.10,0.28663036534977215,0.15318835765932182,1.7405393557566295
2025-11-11,Turnover-Aware Max Sharpe γ=0.10,0.2730457928445118,0.1526961042876537,1.6571856500531028
2025-11-12,Turnover-Aware Max Sharpe γ=0.10,0.28229528176685115,0.15273636537231536,1.7173073428025554
2025-11-13,Turnover-Aware Max Sharpe γ=0.10,0.2764099407440088,0.15304190674593005,1.6754230667661731
2025-11-14,Turnover-Aware Max Sharpe γ=0.10,0.27639272418293026,0.15304251739515065,1.6753038864417842
2025-11-17,Turnover-Aware Max Sharpe γ=0.10,0.27076260648385886,0.1532458723381229,1.6363416688351269
2025-11-18,Turnover-Aware Max Sharpe γ=0.10,0.27298378857485117,0.1531920566932273,1.6514158373202108
2025-11-19,Turnover-Aware Max Sharpe γ=0.10,0.2908282195940439,0.1526473581866194,1.774208363717256
2025-11-20,Turnover-Aware Max Sharpe γ=0.10,0.26759938320287735,0.1527121846185895,1.6213466123955724
2025-11-21,Turnover-Aware Max Sharpe γ=0.10,0.2672395456454246,0.15270356861323015,1.6190816487834454
2025-11-24,Turnover-Aware Max Sharpe γ=0.10,0.2818129351091283,0.15316444241643978,1.7093584579982566
2025-11-25,Turnover-Aware Max Sharpe γ=0.10,0.2814930454160607,0.15315776455581623,1.7073443594220334
2025-11-26,Turnover-Aware Max Sharpe γ=0.10,0.2829294769711852,0.15319616883096865,1.716292770097224
2025-11-28,Turnover-Aware Max Sharpe γ=0.10,0.3000130870295288,0.1530853115568258,1.8291309870417378
2025-12-01,Turnover-Aware Max Sharpe γ=0.10,0.2936499556626031,0.15309662757591855,1.7874329434650922
2025-12-02,Turnover-Aware Max Sharpe γ=0.10,0.2967293908314026,0.15306628893516255,1.807905533978305
2025-12-03,Turnover-Aware Max Sharpe γ=0.10,0.2878727279681921,0.15288936857935082,1.7520690317271077
2025-12-04,Turnover-Aware Max Sharpe γ=0.10,0.28505657086572267,0.1528992098845464,1.7335378715551628
2025-12-05,Turnover-Aware Max Sharpe γ=0.10,0.2823402701437645,0.1528973350978214,1.7157936073635498
2025-12-08,Turnover-Aware Max Sharpe γ=0.10,0.27092530940106596,0.15283484747553464,1.6418069147563572
2025-12-09,Turnover-Aware Max Sharpe γ=0.10,0.27635437972633925,0.1527808001699423,1.6779227457978305
2025-12-10,Turnover-Aware Max Sharpe γ=0.10,0.2777108915777031,0.15280090320995035,1.6865796350928968
2025-12-11,Turnover-Aware Max Sharpe γ=0.10,0.2828723542309677,0.15280152655014778,1.7203516232195222
2025-12-12,Turnover-Aware Max Sharpe γ=0.10,0.27469945724699363,0.15293205086194278,1.665441977737681
2025-12-15,Turnover-Aware Max Sharpe γ=0.10,0.25954162228663713,0.15260150999967953,1.5697198690048362
2025-12-16,Turnover-Aware Max Sharpe γ=0.10,0.2715838682984213,0.15228943833387398,1.652011269139083
2025-12-17,Turnover-Aware Max Sharpe γ=0.10,0.2691186257567595,0.15233577473588464,1.6353258201408971
2025-12-18,Turnover-Aware Max Sharpe γ=0.10,0.2675696633144222,0.15230021999181836,1.6255371353220749
2025-12-19,Turnover-Aware Max Sharpe γ=0.10,0.27792858618511684,0.1522572922004204,1.6940310868368686
2025-12-22,Turnover-Aware Max Sharpe γ=0.10,0.326416108325045,0.14965117830459337,2.047535554323396
2025-12-23,Turnover-Aware Max Sharpe γ=0.10,0.3358351801966324,0.14970098711654967,2.1097735310906063
2025-12-24,Turnover-Aware Max Sharpe γ=0.10,0.3249304452052999,0.14949209073136221,2.0397764437802994
2025-12-26,Turnover-Aware Max Sharpe γ=0.10,0.3246358867202135,0.14948806257610625,2.037860960069099
2025-12-29,Turnover-Aware Max Sharpe γ=0.10,0.29476155935307724,0.15011726145606616,1.83031289465329
2025-12-30,Turnover-Aware Max Sharpe γ=0.10,0.2907211464306596,0.15012377224154475,1.8033196367799578
2025-12-31,Turnover-Aware Max Sharpe γ=0.10,0.29491247624620165,0.1499341929445006,1.8335542470153074
2026-01-02,Turnover-Aware Max Sharpe γ=0.10,0.3083139237590229,0.14959113307556984,1.9273463462127371
2026-01-05,Turnover-Aware Max Sharpe γ=0.10,0.3260741648299117,0.14994251415095403,2.0412767290387883
2026-01-06,Turnover-Aware Max Sharpe γ=0.10,0.33094263912634414,0.150018313557494,2.072697871031435
2026-01-07,Turnover-Aware Max Sharpe γ=0.10,0.3183340612842396,0.14996657029881433,1.9893370948591884
2026-01-08,Turnover-Aware Max Sharpe γ=0.10,0.3102542448605563,0.14990272525153725,1.9362839759818158
2026-01-09,Turnover-Aware Max Sharpe γ=0.10,0.3274975482886182,0.14975015554020604,2.0534038657880322
2026-01-12,Turnover-Aware Max Sharpe γ=0.10,0.33256995556240243,0.1498185739969601,2.086323125520769
2026-01-13,Turnover-Aware Max Sharpe γ=0.10,0.34217286563005533,0.14955185000943472,2.154255300818616
2026-01-14,Turnover-Aware Max Sharpe γ=0.10,0.34781905442078487,0.14947054166528198,2.193201755800745
2026-01-15,Turnover-Aware Max Sharpe γ=0.10,0.34353522747220455,0.1494866156903914,2.164308998354028
2026-01-16,Turnover-Aware Max Sharpe γ=0.10,0.31870530394818797,0.14881462725417763,2.0072308042541733
2026-01-20,Turnover-Aware Max Sharpe γ=0.10,0.3209443155546703,0.1488101721284797,2.022336989804978
2026-01-21,Turnover-Aware Max Sharpe γ=0.10,0.3254303157031708,0.14898179017738752,2.050118442928531
2026-01-22,Turnover-Aware Max Sharpe γ=0.10,0.32140207928078146,0.14880612037982963,2.0254682973485805
2026-01-23,Turnover-Aware Max Sharpe γ=0.10,0.3194323099688634,0.1487561301841872,2.0129073645443154
2026-01-26,Turnover-Aware Max Sharpe γ=0.10,0.32482470882323256,0.14885473860762485,2.0477998327398788
2026-01-27,Turnover-Aware Max Sharpe γ=0.10,0.3379224376465959,0.14909560700729632,2.132339403072001
2026-01-28,Turnover-Aware Max Sharpe γ=0.10,0.3762156801691259,0.14847341411137777,2.3991883146292414
2026-01-29,Turnover-Aware Max Sharpe γ=0.10,0.36254945952089,0.14825776906271831,2.3104992182634247
2026-01-30,Turnover-Aware Max Sharpe γ=0.10,0.32012567305997064,0.15236340643315033,1.9698015428110764
2026-02-02,Turnover-Aware Max Sharpe γ=0.10,0.2957044610848647,0.15259773682988284,1.806740170676464
2026-02-03,Turnover-Aware Max Sharpe γ=0.10,0.31750636594321957,0.15313889713418982,1.942722401105749
2026-02-04,Turnover-Aware Max Sharpe γ=0.10,0.3163046242036809,0.15317216093548963,1.934454814726243
2026-02-05,Turnover-Aware Max Sharpe γ=0.10,0.2880295988127657,0.15347441880069246,1.74641220932616
2026-02-06,Turnover-Aware Max Sharpe γ=0.10,0.30360247166107146,0.15430043167015878,1.8379888415822188
2026-02-09,Turnover-Aware Max Sharpe γ=0.10,0.3139790463085119,0.15456819310998604,1.9019375228079771
2026-02-10,Turnover-Aware Max Sharpe γ=0.10,0.31888572667530624,0.15441819185703798,1.9355603318553156
2026-02-11,Turnover-Aware Max Sharpe γ=0.10,0.30802908996968204,0.15408564487131043,1.8692791934656778
2026-02-12,Turnover-Aware Max Sharpe γ=0.10,0.28842574877686267,0.1550265436604061,1.731482508988032
2026-02-13,Turnover-Aware Max Sharpe γ=0.10,0.3003806596016061,0.15523451783169714,1.8061747059735158
2026-02-17,Turnover-Aware Max Sharpe γ=0.10,0.27349491900820255,0.15521454428175194,1.6331904988752082
2026-02-18,Turnover-Aware Max Sharpe γ=0.10,0.28859302281915244,0.15535279645634434,1.7289229994300728
2026-02-19,Turnover-Aware Max Sharpe γ=0.10,0.27901645154443755,0.15523338924836957,1.6685614660517245
2026-02-20,Turnover-Aware Max Sharpe γ=0.10,0.29093578579862656,0.15544675315887613,1.7429491468484615
2026-02-23,Turnover-Aware Max Sharpe γ=0.10,0.29922012966272193,0.1554561665383932,1.7961341507399295
2026-02-24,Turnover-Aware Max Sharpe γ=0.10,0.3147025019956573,0.15488646737903722,1.902700132442579
2026-02-25,Turnover-Aware Max Sharpe γ=0.10,0.3240734265364944,0.15484344236982991,1.9637475238392195
2026-02-26,Turnover-Aware Max Sharpe γ=0.10,0.33476027472626635,0.15455797836923565,2.036519098187936
2026-02-27,Turnover-Aware Max Sharpe γ=0.10,0.3373713069531894,0.15457388758025425,2.0532013001769864
2026-03-02,Turnover-Aware Max Sharpe γ=0.10,0.3664995817390755,0.1532664246297115,2.2607663914403386
2026-03-03,Turnover-Aware Max Sharpe γ=0.10,0.3319243078573275,0.15430450627078965,2.021485408274015
2026-03-04,Turnover-Aware Max Sharpe γ=0.10,0.3495478333774653,0.15418448709871427,2.1373605060960337
2026-03-05,Turnover-Aware Max Sharpe γ=0.10,0.3436042606397318,0.1543360455810844,2.0967510176987005
2026-03-06,Turnover-Aware Max Sharpe γ=0.10,0.3284335937550107,0.154094787338345,2.0015835647820124
2026-03-09,Turnover-Aware Max Sharpe γ=0.10,0.3567659673722037,0.15315447599264798,2.1988646769185496
2026-03-10,Turnover-Aware Max Sharpe γ=0.10,0.3527896524433862,0.15310887899746134,2.1735490104979744
2026-03-11,Turnover-Aware Max Sharpe γ=0.10,0.3832925762456705,0.15094562308994303,2.406777810504632
2026-03-12,Turnover-Aware Max Sharpe γ=0.10,0.36463780516026256,0.15166873239950837,2.27230622757799
2026-03-13,Turnover-Aware Max Sharpe γ=0.10,0.3462385554208123,0.15176242115371674,2.1496662542723444
2026-03-16,Turnover-Aware Max Sharpe γ=0.10,0.36001303112996164,0.15170257448638017,2.241313519438577
2026-03-17,Turnover-Aware Max Sharpe γ=0.10,0.3411309424668172,0.15103700249113938,2.1261739651225957
2026-03-18,Turnover-Aware Max Sharpe γ=0.10,0.30972855514532394,0.1519662802824044,1.906531860929352
2026-03-19,Turnover-Aware Max Sharpe γ=0.10,0.29828821032383224,0.15255734051855763,1.8241548350141843
2026-03-20,Turnover-Aware Max Sharpe γ=0.10,0.2630998157994815,0.15361346208884727,1.5825423924035833
2026-03-23,Turnover-Aware Max Sharpe γ=0.10,0.265357173597903,0.15357629956480043,1.5976239451867786
2026-03-24,Turnover-Aware Max Sharpe γ=0.10,0.26400939471536744,0.15360030623217608,1.588599662988514
2026-03-25,Turnover-Aware Max Sharpe γ=0.10,0.2670633332556689,0.1537733384112822,1.6066721045937966
2026-03-26,Turnover-Aware Max Sharpe γ=0.10,0.23358787465739428,0.15547838877712042,1.373746385830987
2026-03-27,Turnover-Aware Max Sharpe γ=0.10,0.2505794941938615,0.15506077491897124,1.4870265824116604
2026-03-30,Turnover-Aware Max Sharpe γ=0.10,0.2479930779440056,0.15506391561753918,1.4703167854108894
2026-03-31,Turnover-Aware Max Sharpe γ=0.10,0.29540731411706966,0.15630981201300487,1.7619323481379143
2026-04-01,Turnover-Aware Max Sharpe γ=0.10,0.30013209124147755,0.1564552047970713,1.7904939091340561
2026-04-02,Turnover-Aware Max Sharpe γ=0.10,0.2904121225231331,0.15655161962601188,1.7273032573481129
2026-04-06,Turnover-Aware Max Sharpe γ=0.10,0.2843789199463618,0.15650534394152738,1.6892644895572224
2026-04-07,Turnover-Aware Max Sharpe γ=0.10,0.33563075316692337,0.1523455086234085,2.0718087196593955
2026-04-08,Turnover-Aware Max Sharpe γ=0.10,0.4252222151325935,0.14402665188094602,2.8135224268599575
2026-04-09,Turnover-Aware Max Sharpe γ=0.10,0.4446336579194985,0.14370704228834114,2.954856290671489
2026-04-10,Turnover-Aware Max Sharpe γ=0.10,0.4562151141652182,0.14335390710134663,3.0429244865773213
2026-04-13,Turnover-Aware Max Sharpe γ=0.10,0.3452862532409775,0.11536100767031163,2.8197244442472957
2026-04-14,Turnover-Aware Max Sharpe γ=0.10,0.39258081406469114,0.11397227553689576,3.2690477777121956
2026-04-15,Turnover-Aware Max Sharpe γ=0.10,0.3674931815209863,0.11256839127572454,3.086951652971907
2026-04-16,Turnover-Aware Max Sharpe γ=0.10,0.362615037309427,0.11252824075226245,3.0447026899115412
2026-04-17,Turnover-Aware Max Sharpe γ=0.10,0.3745630202473258,0.11292634349737517,3.1397724327766547
2026-04-20,Turnover-Aware Max Sharpe γ=0.10,0.37791141093370584,0.1127880969148551,3.173308360756338
2026-04-21,Turnover-Aware Max Sharpe γ=0.10,0.3613131897748749,0.11355300969303803,3.005760839783368
2026-04-22,Turnover-Aware Max Sharpe γ=0.10,0.38270834802348896,0.11365028799939451,3.191442401143949
2026-04-23,Turnover-Aware Max Sharpe γ=0.10,0.3570451854982697,0.11318197144554759,2.977905236969863
2026-04-24,Turnover-Aware Max Sharpe γ=0.10,0.3610328128450482,0.11331000327050038,3.009732618495424
2026-04-27,Turnover-Aware Max Sharpe γ=0.10,0.3304012996934318,0.11171839138349962,2.778426146755966
2026-04-28,Turnover-Aware Max Sharpe γ=0.10,0.3150235791858724,0.1121592253603021,2.630399579153065
2026-04-29,Turnover-Aware Max Sharpe γ=0.10,0.30415235626551484,0.11218095361426404,2.532982178441602
2026-04-30,Turnover-Aware Max Sharpe γ=0.10,0.31441512413775974,0.11246224971719339,2.617901783737384
2026-05-01,Turnover-Aware Max Sharpe γ=0.10,0.32113866034872585,0.11242350634736198,2.678609395247634
2026-05-04,Turnover-Aware Max Sharpe γ=0.10,0.3124116259083889,0.1127738946551245,2.5929017243096655
2026-05-05,Turnover-Aware Max Sharpe γ=0.10,0.3100193434514218,0.11264695637981975,2.5745865913460007
2026-05-06,Turnover-Aware Max Sharpe γ=0.10,0.3263802254750645,0.1138819315464301,2.6903321827673086
2026-05-07,Turnover-Aware Max Sharpe γ=0.10,0.31978019949381586,0.11387404852875625,2.6325594230375793
2026-05-08,Turnover-Aware Max Sharpe γ=0.10,0.3359112658044159,0.11413636724623707,2.76784055272121
2026-05-11,Turnover-Aware Max Sharpe γ=0.10,0.3403784931400544,0.11408415079821607,2.808264696703726
2026-05-12,Turnover-Aware Max Sharpe γ=0.10,0.3315487848744889,0.1142154055795704,2.7277299703448703
2026-05-13,Turnover-Aware Max Sharpe γ=0.10,0.3198816466311949,0.11378886839964768,2.6354216440395097
2026-05-14,Turnover-Aware Max Sharpe γ=0.10,0.31197365392604937,0.11362888924526415,2.5695371649355296
2026-05-15,Turnover-Aware Max Sharpe γ=0.10,0.2986872263822904,0.11462682655117486,2.431256580743524
2026-05-18,Turnover-Aware Max Sharpe γ=0.10,0.2878423897829505,0.11443012974550923,2.3406631660614883
2026-05-19,Turnover-Aware Max Sharpe γ=0.10,0.2771442912629969,0.11484695865189581,2.2390169864437426
2026-05-20,Turnover-Aware Max Sharpe γ=0.10,0.2859369608212541,0.11531587181064842,2.3061609529166054
2026-05-21,Turnover-Aware Max Sharpe γ=0.10,0.2815348554873158,0.11527185423708133,2.2688526806328038
2026-05-22,Turnover-Aware Max Sharpe γ=0.10,0.29032758181054064,0.11499954023826096,2.3506840223053445
2026-05-26,Turnover-Aware Max Sharpe γ=0.10,0.3017140759778125,0.11511574687967516,2.4472244989408303
2026-05-27,Turnover-Aware Max Sharpe γ=0.10,0.2927673500187715,0.11522562453958735,2.3672455767428584
2026-05-28,Turnover-Aware Max Sharpe γ=0.10,0.2910321492536714,0.11514738990860761,2.353784566621869
2026-05-29,Turnover-Aware Max Sharpe γ=0.10,0.3035072198173421,0.11506593930677737,2.463867427019244
2026-06-01,Turnover-Aware Max Sharpe γ=0.10,0.2951347822899151,0.1150781689753021,2.39085123390314
2026-06-02,Turnover-Aware Max Sharpe γ=0.10,0.3009134457226077,0.11503327650055199,2.442018990228968
2026-06-03,Turnover-Aware Max Sharpe γ=0.10,0.27741319877796644,0.11468363705732879,2.244550359431739
2026-06-04,Turnover-Aware Max Sharpe γ=0.10,0.28054570225508746,0.11469020636618114,2.2717345317456408
2026-06-05,Turnover-Aware Max Sharpe γ=0.10,0.23708319239161768,0.11889899411560192,1.8257782078505578
2026-06-08,Turnover-Aware Max Sharpe γ=0.10,0.24959052690854255,0.11882020233713339,1.9322516069878086
2026-06-09,Turnover-Aware Max Sharpe γ=0.10,0.23839977047953043,0.1191496025132758,1.832987822642514
2026-06-10,Turnover-Aware Max Sharpe γ=0.10,0.20903065213388183,0.12124360576527513,1.559097908221576
2026-06-11,Turnover-Aware Max Sharpe γ=0.10,0.2329661930606659,0.12331481894368355,1.7270121700290142
2026-06-12,Turnover-Aware Max Sharpe γ=0.10,0.23611804661694857,0.12332593665794445,1.7524135836597892
2026-06-15,Turnover-Aware Max Sharpe γ=0.10,0.2530372192220345,0.12471568394497173,1.86854781893236
2026-06-16,Turnover-Aware Max Sharpe γ=0.10,0.2517591593795665,0.1247591143834799,1.8576531303932942
2026-06-17,Turnover-Aware Max Sharpe γ=0.10,0.23225049211564675,0.12558949916163234,1.6900337490993784
2026-06-18,Turnover-Aware Max Sharpe γ=0.10,0.24953186798827431,0.12565092288013052,1.826742396530147
2026-06-22,Turnover-Aware Max Sharpe γ=0.10,0.24620691310426635,0.12572987344813374,1.7991500897961337
2026-06-23,Turnover-Aware Max Sharpe γ=0.10,0.2279783966591915,0.12698689141022335,1.6377942191476291
2026-06-24,Turnover-Aware Max Sharpe γ=0.10,0.20823760714779072,0.12720106442718532,1.4798430185743063
2026-06-25,Turnover-Aware Max Sharpe γ=0.10,0.21026458422268646,0.12725109000379425,1.4951902118639089
2026-06-26,Turnover-Aware Max Sharpe γ=0.10,0.20713219229800006,0.12726856685472313,1.4703724330581265
2026-06-29,Turnover-Aware Max Sharpe γ=0.10,0.20808036973716026,0.12730090410602532,1.4774472424839453
2026-06-30,Turnover-Aware Max Sharpe γ=0.10,0.21721247454381043,0.12732764187209142,1.5488582969432727
2026-07-01,Turnover-Aware Max Sharpe γ=0.10,0.2055064269215332,0.1272298966474307,1.458041166500306
2026-07-02,Turnover-Aware Max Sharpe γ=0.10,0.20748941437270085,0.12723094861082537,1.4736148430850293
2026-07-06,Turnover-Aware Max Sharpe γ=0.10,0.21258876471847366,0.12743721408068898,1.5112443104455573
2026-07-07,Turnover-Aware Max Sharpe γ=0.10,0.19708284504351004,0.12791978050822062,1.3843273052843459
2026-07-08,Turnover-Aware Max Sharpe γ=0.10,0.19963771563570698,0.1278409969603163,1.4051651653770278
2026-07-09,Turnover-Aware Max Sharpe γ=0.10,0.21428988545200656,0.12810983270508972,1.516588394110732
2026-07-10,Turnover-Aware Max Sharpe γ=0.10,0.2080761452033708,0.12800676168506342,1.4692672693814162
2026-07-13,Turnover-Aware Max Sharpe γ=0.10,0.18861320682122273,0.12900263049402966,1.3070524699806512
2026-07-14,Turnover-Aware Max Sharpe γ=0.10,0.1984103600563103,0.12922409450320213,1.3806276665524584
2026-07-15,Turnover-Aware Max Sharpe γ=0.10,0.19920404503499078,0.12922365482128303,1.3867743122018248
2026-07-16,Turnover-Aware Max Sharpe γ=0.10,0.18948480390169498,0.1297384458766642,1.3063575932057614
2026-07-17,Turnover-Aware Max Sharpe γ=0.10,0.18188568094420665,0.1297714223934566,1.2474678782003499
2026-07-20,Turnover-Aware Max Sharpe γ=0.10,0.17625627239996833,0.1297619100358113,1.2041767291869023
2026-07-21,Turnover-Aware Max Sharpe γ=0.10,0.19020165339441353,0.13026397479769278,1.3065903574549003
2026-07-22,Turnover-Aware Max Sharpe γ=0.10,0.18331881243764614,0.13009993839214623,1.25533351096118
2026-07-23,Turnover-Aware Max Sharpe γ=0.10,0.16365700719323772,0.1309626292053563,1.0969313006688035
2026-07-24,Turnover-Aware Max Sharpe γ=0.10,0.15933070906419688,0.13097874869754356,1.0637657669637668
2026-07-27,Turnover-Aware Max Sharpe γ=0.10,0.16404654136458108,0.13095909420765386,1.0999353823887577
2026-07-28,Turnover-Aware Max Sharpe γ=0.10,0.15890793880131326,0.13108817875131087,1.0596526713887555
2026-07-29,Turnover-Aware Max Sharpe γ=0.10,0.15255940867732765,0.13135075363902463,1.0092017366084143
2026-07-30,Turnover-Aware Max Sharpe γ=0.10,0.17264051174778894,0.1324234016340785,1.1526702219111977
2026-07-31,Turnover-Aware Max Sharpe γ=0.10,0.17801922683288174,0.13226708061098627,1.1946980768225746
2026-08-03,Turnover-Aware Max Sharpe γ=0.10,0.18973568672322516,0.13248209571776057,1.2811971746342958
2026-08-04,Turnover-Aware Max Sharpe γ=0.10,0.21208083420920887,0.13329747756765845,1.4409937660801833
2026-08-05,Turnover-Aware Max Sharpe γ=0.10,0.2093866783149625,0.1331257626846434,1.422614785416054
2026-08-06,Turnover-Aware Max Sharpe γ=0.10,0.210475661507193,0.1331034487930389,1.4310347570584856
2026-08-07,Turnover-Aware Max Sharpe γ=0.10,0.21816434320054512,0.13347386152168692,1.4846677914413022
2026-08-10,Turnover-Aware Max Sharpe γ=0.10,0.21491902956849174,0.13343536897071565,1.4607748385757422
2026-08-11,Turnover-Aware Max Sharpe γ=0.10,0.20587047564648997,0.13341537600776204,1.3931713210902776
2026-08-12,Turnover-Aware Max Sharpe γ=0.10,0.21995454788197155,0.13332711035552158,1.4997291049718657
2026-08-13,Turnover-Aware Max Sharpe γ=0.10,0.21255502990867492,0.133180436156958,1.445820688571269
2026-08-14,Turnover-Aware Max Sharpe γ=0.10,0.20977409610226316,0.1331655953725133,1.4250985441952557
2026-08-17,Turnover-Aware Max Sharpe γ=0.10,0.2137323709962009,0.13312923168701443,1.4552203790348905
2026-08-18,Turnover-Aware Max Sharpe γ=0.10,0.2019610564797658,0.13362450237240314,1.3617342122828022
2026-08-19,Turnover-Aware Max Sharpe γ=0.10,0.21798354637203388,0.13412977237269907,1.4760596612503585
2026-08-20,Turnover-Aware Max Sharpe γ=0.10,0.22138545493030914,0.13400686180506996,1.5027995747206582
2026-08-21,Turnover-Aware Max Sharpe γ=0.10,0.2289087516385444,0.1341670576352312,1.5570793257352216
2026-08-24,Turnover-Aware Max Sharpe γ=0.10,0.23348801160515764,0.13407908056922663,1.5922544419219167
2026-08-25,Turnover-Aware Max Sharpe γ=0.10,0.2227193074908711,0.1335512348703082,1.5179141375048468
2026-08-26,Turnover-Aware Max Sharpe γ=0.10,0.2218035661878861,0.1335809853853813,1.5107207482089056
2026-08-27,Turnover-Aware Max Sharpe γ=0.10,0.2234554787253209,0.13362452367995042,1.5225908622329347
2026-08-28,Turnover-Aware Max Sharpe γ=0.10,0.20608434755472604,0.1343078376981892,1.3855062425536686
2026-08-31,Turnover-Aware Max Sharpe γ=0.10,0.19817791852797906,0.1342440562914461,1.327268584175912
2026-09-01,Turnover-Aware Max Sharpe γ=0.10,0.18490817762270062,0.13495677382139293,1.2219333120762546
2026-09-02,Turnover-Aware Max Sharpe γ=0.10,0.1905004011335787,0.13507538449740858,1.2622610830832004
2018-02-01,Combined Robust Max Sharpe λ=0.50 γ=0.10,,,
2018-02-02,Combined Robust Max Sharpe λ=0.50 γ=0.10,,,
2018-02-05,Combined Robust Max Sharpe λ=0.50 γ=0.10,,,
2018-02-06,Combined Robust Max Sharpe λ=0.50 γ=0.10,,,
2018-02-07,Combined Robust Max Sharpe λ=0.50 γ=0.10,,,
2018-02-08,Combined Robust Max Sharpe λ=0.50 γ=0.10,,,
2018-02-09,Combined Robust Max Sharpe λ=0.50 γ=0.10,,,
2018-02-12,Combined Robust Max Sharpe λ=0.50 γ=0.10,,,
2018-02-13,Combined Robust Max Sharpe λ=0.50 γ=0.10,,,
2018-02-14,Combined Robust Max Sharpe λ=0.50 γ=0.10,,,
2018-02-15,Combined Robust Max Sharpe λ=0.50 γ=0.10,,,
2018-02-16,Combined Robust Max Sharpe λ=0.50 γ=0.10,,,
2018-02-20,Combined Robust Max Sharpe λ=0.50 γ=0.10,,,
2018-02-21,Combined Robust Max Sharpe λ=0.50 γ=0.10,,,
2018-02-22,Combined Robust Max Sharpe λ=0.50 γ=0.10,,,
2018-02-23,Combined Robust Max Sharpe λ=0.50 γ=0.10,,,
2018-02-26,Combined Robust Max Sharpe λ=0.50 γ=0.10,,,
2018-02-27,Combined Robust Max Sharpe λ=0.50 γ=0.10,,,
2018-02-28,Combined Robust Max Sharpe λ=0.50 γ=0.10,,,
2018-03-01,Combined Robust Max Sharpe λ=0.50 γ=0.10,,,
2018-03-02,Combined Robust Max Sharpe λ=0.50 γ=0.10,,,
2018-03-05,Combined Robust Max Sharpe λ=0.50 γ=0.10,,,
2018-03-06,Combined Robust Max Sharpe λ=0.50 γ=0.10,,,
2018-03-07,Combined Robust Max Sharpe λ=0.50 γ=0.10,,,
2018-03-08,Combined Robust Max Sharpe λ=0.50 γ=0.10,,,
2018-03-09,Combined Robust Max Sharpe λ=0.50 γ=0.10,,,
2018-03-12,Combined Robust Max Sharpe λ=0.50 γ=0.10,,,
2018-03-13,Combined Robust Max Sharpe λ=0.50 γ=0.10,,,
2018-03-14,Combined Robust Max Sharpe λ=0.50 γ=0.10,,,
2018-03-15,Combined Robust Max Sharpe λ=0.50 γ=0.10,,,
2018-03-16,Combined Robust Max Sharpe λ=0.50 γ=0.10,,,
2018-03-19,Combined Robust Max Sharpe λ=0.50 γ=0.10,,,
2018-03-20,Combined Robust Max Sharpe λ=0.50 γ=0.10,,,
2018-03-21,Combined Robust Max Sharpe λ=0.50 γ=0.10,,,
2018-03-22,Combined Robust Max Sharpe λ=0.50 γ=0.10,,,
2018-03-23,Combined Robust Max Sharpe λ=0.50 γ=0.10,,,
2018-03-26,Combined Robust Max Sharpe λ=0.50 γ=0.10,,,
2018-03-27,Combined Robust Max Sharpe λ=0.50 γ=0.10,,,
2018-03-28,Combined Robust Max Sharpe λ=0.50 γ=0.10,,,
2018-03-29,Combined Robust Max Sharpe λ=0.50 γ=0.10,,,
2018-04-02,Combined Robust Max Sharpe λ=0.50 γ=0.10,,,
2018-04-03,Combined Robust Max Sharpe λ=0.50 γ=0.10,,,
2018-04-04,Combined Robust Max Sharpe λ=0.50 γ=0.10,,,
2018-04-05,Combined Robust Max Sharpe λ=0.50 γ=0.10,,,
2018-04-06,Combined Robust Max Sharpe λ=0.50 γ=0.10,,,
2018-04-09,Combined Robust Max Sharpe λ=0.50 γ=0.10,,,
2018-04-10,Combined Robust Max Sharpe λ=0.50 γ=0.10,,,
2018-04-11,Combined Robust Max Sharpe λ=0.50 γ=0.10,,,
2018-04-12,Combined Robust Max Sharpe λ=0.50 γ=0.10,,,
2018-04-13,Combined Robust Max Sharpe λ=0.50 γ=0.10,,,
2018-04-16,Combined Robust Max Sharpe λ=0.50 γ=0.10,,,
2018-04-17,Combined Robust Max Sharpe λ=0.50 γ=0.10,,,
2018-04-18,Combined Robust Max Sharpe λ=0.50 γ=0.10,,,
2018-04-19,Combined Robust Max Sharpe λ=0.50 γ=0.10,,,
2018-04-20,Combined Robust Max Sharpe λ=0.50 γ=0.10,,,
2018-04-23,Combined Robust Max Sharpe λ=0.50 γ=0.10,,,
2018-04-24,Combined Robust Max Sharpe λ=0.50 γ=0.10,,,
2018-04-25,Combined Robust Max Sharpe λ=0.50 γ=0.10,,,
2018-04-26,Combined Robust Max Sharpe λ=0.50 γ=0.10,,,
2018-04-27,Combined Robust Max Sharpe λ=0.50 γ=0.10,,,
2018-04-30,Combined Robust Max Sharpe λ=0.50 γ=0.10,,,
2018-05-01,Combined Robust Max Sharpe λ=0.50 γ=0.10,,,
2018-05-02,Combined Robust Max Sharpe λ=0.50 γ=0.10,,,
2018-05-03,Combined Robust Max Sharpe λ=0.50 γ=0.10,,,
2018-05-04,Combined Robust Max Sharpe λ=0.50 γ=0.10,,,
2018-05-07,Combined Robust Max Sharpe λ=0.50 γ=0.10,,,
2018-05-08,Combined Robust Max Sharpe λ=0.50 γ=0.10,,,
2018-05-09,Combined Robust Max Sharpe λ=0.50 γ=0.10,,,
2018-05-10,Combined Robust Max Sharpe λ=0.50 γ=0.10,,,
2018-05-11,Combined Robust Max Sharpe λ=0.50 γ=0.10,,,
2018-05-14,Combined Robust Max Sharpe λ=0.50 γ=0.10,,,
2018-05-15,Combined Robust Max Sharpe λ=0.50 γ=0.10,,,
2018-05-16,Combined Robust Max Sharpe λ=0.50 γ=0.10,,,
2018-05-17,Combined Robust Max Sharpe λ=0.50 γ=0.10,,,
2018-05-18,Combined Robust Max Sharpe λ=0.50 γ=0.10,,,
2018-05-21,Combined Robust Max Sharpe λ=0.50 γ=0.10,,,
2018-05-22,Combined Robust Max Sharpe λ=0.50 γ=0.10,,,
2018-05-23,Combined Robust Max Sharpe λ=0.50 γ=0.10,,,
2018-05-24,Combined Robust Max Sharpe λ=0.50 γ=0.10,,,
2018-05-25,Combined Robust Max Sharpe λ=0.50 γ=0.10,,,
2018-05-29,Combined Robust Max Sharpe λ=0.50 γ=0.10,,,
2018-05-30,Combined Robust Max Sharpe λ=0.50 γ=0.10,,,
2018-05-31,Combined Robust Max Sharpe λ=0.50 γ=0.10,,,
2018-06-01,Combined Robust Max Sharpe λ=0.50 γ=0.10,,,
2018-06-04,Combined Robust Max Sharpe λ=0.50 γ=0.10,,,
2018-06-05,Combined Robust Max Sharpe λ=0.50 γ=0.10,,,
2018-06-06,Combined Robust Max Sharpe λ=0.50 γ=0.10,,,
2018-06-07,Combined Robust Max Sharpe λ=0.50 γ=0.10,,,
2018-06-08,Combined Robust Max Sharpe λ=0.50 γ=0.10,,,
2018-06-11,Combined Robust Max Sharpe λ=0.50 γ=0.10,,,
2018-06-12,Combined Robust Max Sharpe λ=0.50 γ=0.10,,,
2018-06-13,Combined Robust Max Sharpe λ=0.50 γ=0.10,,,
2018-06-14,Combined Robust Max Sharpe λ=0.50 γ=0.10,,,
2018-06-15,Combined Robust Max Sharpe λ=0.50 γ=0.10,,,
2018-06-18,Combined Robust Max Sharpe λ=0.50 γ=0.10,,,
2018-06-19,Combined Robust Max Sharpe λ=0.50 γ=0.10,,,
2018-06-20,Combined Robust Max Sharpe λ=0.50 γ=0.10,,,
2018-06-21,Combined Robust Max Sharpe λ=0.50 γ=0.10,,,
2018-06-22,Combined Robust Max Sharpe λ=0.50 γ=0.10,,,
2018-06-25,Combined Robust Max Sharpe λ=0.50 γ=0.10,,,
2018-06-26,Combined Robust Max Sharpe λ=0.50 γ=0.10,,,
2018-06-27,Combined Robust Max Sharpe λ=0.50 γ=0.10,,,
2018-06-28,Combined Robust Max Sharpe λ=0.50 γ=0.10,,,
2018-06-29,Combined Robust Max Sharpe λ=0.50 γ=0.10,,,
2018-07-02,Combined Robust Max Sharpe λ=0.50 γ=0.10,,,
2018-07-03,Combined Robust Max Sharpe λ=0.50 γ=0.10,,,
2018-07-05,Combined Robust Max Sharpe λ=0.50 γ=0.10,,,
2018-07-06,Combined Robust Max Sharpe λ=0.50 γ=0.10,,,
2018-07-09,Combined Robust Max Sharpe λ=0.50 γ=0.10,,,
2018-07-10,Combined Robust Max Sharpe λ=0.50 γ=0.10,,,
2018-07-11,Combined Robust Max Sharpe λ=0.50 γ=0.10,,,
2018-07-12,Combined Robust Max Sharpe λ=0.50 γ=0.10,,,
2018-07-13,Combined Robust Max Sharpe λ=0.50 γ=0.10,,,
2018-07-16,Combined Robust Max Sharpe λ=0.50 γ=0.10,,,
2018-07-17,Combined Robust Max Sharpe λ=0.50 γ=0.10,,,
2018-07-18,Combined Robust Max Sharpe λ=0.50 γ=0.10,,,
2018-07-19,Combined Robust Max Sharpe λ=0.50 γ=0.10,,,
2018-07-20,Combined Robust Max Sharpe λ=0.50 γ=0.10,,,
2018-07-23,Combined Robust Max Sharpe λ=0.50 γ=0.10,,,
2018-07-24,Combined Robust Max Sharpe λ=0.50 γ=0.10,,,
2018-07-25,Combined Robust Max Sharpe λ=0.50 γ=0.10,,,
2018-07-26,Combined Robust Max Sharpe λ=0.50 γ=0.10,,,
2018-07-27,Combined Robust Max Sharpe λ=0.50 γ=0.10,,,
2018-07-30,Combined Robust Max Sharpe λ=0.50 γ=0.10,,,
2018-07-31,Combined Robust Max Sharpe λ=0.50 γ=0.10,,,
2018-08-01,Combined Robust Max Sharpe λ=0.50 γ=0.10,,,
2018-08-02,Combined Robust Max Sharpe λ=0.50 γ=0.10,,,
2018-08-03,Combined Robust Max Sharpe λ=0.50 γ=0.10,,,
2018-08-06,Combined Robust Max Sharpe λ=0.50 γ=0.10,,,
2018-08-07,Combined Robust Max Sharpe λ=0.50 γ=0.10,,,
2018-08-08,Combined Robust Max Sharpe λ=0.50 γ=0.10,,,
2018-08-09,Combined Robust Max Sharpe λ=0.50 γ=0.10,,,
2018-08-10,Combined Robust Max Sharpe λ=0.50 γ=0.10,,,
2018-08-13,Combined Robust Max Sharpe λ=0.50 γ=0.10,,,
2018-08-14,Combined Robust Max Sharpe λ=0.50 γ=0.10,,,
2018-08-15,Combined Robust Max Sharpe λ=0.50 γ=0.10,,,
2018-08-16,Combined Robust Max Sharpe λ=0.50 γ=0.10,,,
2018-08-17,Combined Robust Max Sharpe λ=0.50 γ=0.10,,,
2018-08-20,Combined Robust Max Sharpe λ=0.50 γ=0.10,,,
2018-08-21,Combined Robust Max Sharpe λ=0.50 γ=0.10,,,
2018-08-22,Combined Robust Max Sharpe λ=0.50 γ=0.10,,,
2018-08-23,Combined Robust Max Sharpe λ=0.50 γ=0.10,,,
2018-08-24,Combined Robust Max Sharpe λ=0.50 γ=0.10,,,
2018-08-27,Combined Robust Max Sharpe λ=0.50 γ=0.10,,,
2018-08-28,Combined Robust Max Sharpe λ=0.50 γ=0.10,,,
2018-08-29,Combined Robust Max Sharpe λ=0.50 γ=0.10,,,
2018-08-30,Combined Robust Max Sharpe λ=0.50 γ=0.10,,,
2018-08-31,Combined Robust Max Sharpe λ=0.50 γ=0.10,,,
2018-09-04,Combined Robust Max Sharpe λ=0.50 γ=0.10,,,
2018-09-05,Combined Robust Max Sharpe λ=0.50 γ=0.10,,,
2018-09-06,Combined Robust Max Sharpe λ=0.50 γ=0.10,,,
2018-09-07,Combined Robust Max Sharpe λ=0.50 γ=0.10,,,
2018-09-10,Combined Robust Max Sharpe λ=0.50 γ=0.10,,,
2018-09-11,Combined Robust Max Sharpe λ=0.50 γ=0.10,,,
2018-09-12,Combined Robust Max Sharpe λ=0.50 γ=0.10,,,
2018-09-13,Combined Robust Max Sharpe λ=0.50 γ=0.10,,,
2018-09-14,Combined Robust Max Sharpe λ=0.50 γ=0.10,,,
2018-09-17,Combined Robust Max Sharpe λ=0.50 γ=0.10,,,
2018-09-18,Combined Robust Max Sharpe λ=0.50 γ=0.10,,,
2018-09-19,Combined Robust Max Sharpe λ=0.50 γ=0.10,,,
2018-09-20,Combined Robust Max Sharpe λ=0.50 γ=0.10,,,
2018-09-21,Combined Robust Max Sharpe λ=0.50 γ=0.10,,,
2018-09-24,Combined Robust Max Sharpe λ=0.50 γ=0.10,,,
2018-09-25,Combined Robust Max Sharpe λ=0.50 γ=0.10,,,
2018-09-26,Combined Robust Max Sharpe λ=0.50 γ=0.10,,,
2018-09-27,Combined Robust Max Sharpe λ=0.50 γ=0.10,,,
2018-09-28,Combined Robust Max Sharpe λ=0.50 γ=0.10,,,
2018-10-01,Combined Robust Max Sharpe λ=0.50 γ=0.10,,,
2018-10-02,Combined Robust Max Sharpe λ=0.50 γ=0.10,,,
2018-10-03,Combined Robust Max Sharpe λ=0.50 γ=0.10,,,
2018-10-04,Combined Robust Max Sharpe λ=0.50 γ=0.10,,,
2018-10-05,Combined Robust Max Sharpe λ=0.50 γ=0.10,,,
2018-10-08,Combined Robust Max Sharpe λ=0.50 γ=0.10,,,
2018-10-09,Combined Robust Max Sharpe λ=0.50 γ=0.10,,,
2018-10-10,Combined Robust Max Sharpe λ=0.50 γ=0.10,,,
2018-10-11,Combined Robust Max Sharpe λ=0.50 γ=0.10,,,
2018-10-12,Combined Robust Max Sharpe λ=0.50 γ=0.10,,,
2018-10-15,Combined Robust Max Sharpe λ=0.50 γ=0.10,,,
2018-10-16,Combined Robust Max Sharpe λ=0.50 γ=0.10,,,
2018-10-17,Combined Robust Max Sharpe λ=0.50 γ=0.10,,,
2018-10-18,Combined Robust Max Sharpe λ=0.50 γ=0.10,,,
2018-10-19,Combined Robust Max Sharpe λ=0.50 γ=0.10,,,
2018-10-22,Combined Robust Max Sharpe λ=0.50 γ=0.10,,,
2018-10-23,Combined Robust Max Sharpe λ=0.50 γ=0.10,,,
2018-10-24,Combined Robust Max Sharpe λ=0.50 γ=0.10,,,
2018-10-25,Combined Robust Max Sharpe λ=0.50 γ=0.10,,,
2018-10-26,Combined Robust Max Sharpe λ=0.50 γ=0.10,,,
2018-10-29,Combined Robust Max Sharpe λ=0.50 γ=0.10,,,
2018-10-30,Combined Robust Max Sharpe λ=0.50 γ=0.10,,,
2018-10-31,Combined Robust Max Sharpe λ=0.50 γ=0.10,,,
2018-11-01,Combined Robust Max Sharpe λ=0.50 γ=0.10,,,
2018-11-02,Combined Robust Max Sharpe λ=0.50 γ=0.10,,,
2018-11-05,Combined Robust Max Sharpe λ=0.50 γ=0.10,,,
2018-11-06,Combined Robust Max Sharpe λ=0.50 γ=0.10,,,
2018-11-07,Combined Robust Max Sharpe λ=0.50 γ=0.10,,,
2018-11-08,Combined Robust Max Sharpe λ=0.50 γ=0.10,,,
2018-11-09,Combined Robust Max Sharpe λ=0.50 γ=0.10,,,
2018-11-12,Combined Robust Max Sharpe λ=0.50 γ=0.10,,,
2018-11-13,Combined Robust Max Sharpe λ=0.50 γ=0.10,,,
2018-11-14,Combined Robust Max Sharpe λ=0.50 γ=0.10,,,
2018-11-15,Combined Robust Max Sharpe λ=0.50 γ=0.10,,,
2018-11-16,Combined Robust Max Sharpe λ=0.50 γ=0.10,,,
2018-11-19,Combined Robust Max Sharpe λ=0.50 γ=0.10,,,
2018-11-20,Combined Robust Max Sharpe λ=0.50 γ=0.10,,,
2018-11-21,Combined Robust Max Sharpe λ=0.50 γ=0.10,,,
2018-11-23,Combined Robust Max Sharpe λ=0.50 γ=0.10,,,
2018-11-26,Combined Robust Max Sharpe λ=0.50 γ=0.10,,,
2018-11-27,Combined Robust Max Sharpe λ=0.50 γ=0.10,,,
2018-11-28,Combined Robust Max Sharpe λ=0.50 γ=0.10,,,
2018-11-29,Combined Robust Max Sharpe λ=0.50 γ=0.10,,,
2018-11-30,Combined Robust Max Sharpe λ=0.50 γ=0.10,,,
2018-12-03,Combined Robust Max Sharpe λ=0.50 γ=0.10,,,
2018-12-04,Combined Robust Max Sharpe λ=0.50 γ=0.10,,,
2018-12-06,Combined Robust Max Sharpe λ=0.50 γ=0.10,,,
2018-12-07,Combined Robust Max Sharpe λ=0.50 γ=0.10,,,
2018-12-10,Combined Robust Max Sharpe λ=0.50 γ=0.10,,,
2018-12-11,Combined Robust Max Sharpe λ=0.50 γ=0.10,,,
2018-12-12,Combined Robust Max Sharpe λ=0.50 γ=0.10,,,
2018-12-13,Combined Robust Max Sharpe λ=0.50 γ=0.10,,,
2018-12-14,Combined Robust Max Sharpe λ=0.50 γ=0.10,,,
2018-12-17,Combined Robust Max Sharpe λ=0.50 γ=0.10,,,
2018-12-18,Combined Robust Max Sharpe λ=0.50 γ=0.10,,,
2018-12-19,Combined Robust Max Sharpe λ=0.50 γ=0.10,,,
2018-12-20,Combined Robust Max Sharpe λ=0.50 γ=0.10,,,
2018-12-21,Combined Robust Max Sharpe λ=0.50 γ=0.10,,,
2018-12-24,Combined Robust Max Sharpe λ=0.50 γ=0.10,,,
2018-12-26,Combined Robust Max Sharpe λ=0.50 γ=0.10,,,
2018-12-27,Combined Robust Max Sharpe λ=0.50 γ=0.10,,,
2018-12-28,Combined Robust Max Sharpe λ=0.50 γ=0.10,,,
2018-12-31,Combined Robust Max Sharpe λ=0.50 γ=0.10,,,
2019-01-02,Combined Robust Max Sharpe λ=0.50 γ=0.10,,,
2019-01-03,Combined Robust Max Sharpe λ=0.50 γ=0.10,,,
2019-01-04,Combined Robust Max Sharpe λ=0.50 γ=0.10,,,
2019-01-07,Combined Robust Max Sharpe λ=0.50 γ=0.10,,,
2019-01-08,Combined Robust Max Sharpe λ=0.50 γ=0.10,,,
2019-01-09,Combined Robust Max Sharpe λ=0.50 γ=0.10,,,
2019-01-10,Combined Robust Max Sharpe λ=0.50 γ=0.10,,,
2019-01-11,Combined Robust Max Sharpe λ=0.50 γ=0.10,,,
2019-01-14,Combined Robust Max Sharpe λ=0.50 γ=0.10,,,
2019-01-15,Combined Robust Max Sharpe λ=0.50 γ=0.10,,,
2019-01-16,Combined Robust Max Sharpe λ=0.50 γ=0.10,,,
2019-01-17,Combined Robust Max Sharpe λ=0.50 γ=0.10,,,
2019-01-18,Combined Robust Max Sharpe λ=0.50 γ=0.10,,,
2019-01-22,Combined Robust Max Sharpe λ=0.50 γ=0.10,,,
2019-01-23,Combined Robust Max Sharpe λ=0.50 γ=0.10,,,
2019-01-24,Combined Robust Max Sharpe λ=0.50 γ=0.10,,,
2019-01-25,Combined Robust Max Sharpe λ=0.50 γ=0.10,,,
2019-01-28,Combined Robust Max Sharpe λ=0.50 γ=0.10,,,
2019-01-29,Combined Robust Max Sharpe λ=0.50 γ=0.10,,,
2019-01-30,Combined Robust Max Sharpe λ=0.50 γ=0.10,,,
2019-01-31,Combined Robust Max Sharpe λ=0.50 γ=0.10,,,
2019-02-01,Combined Robust Max Sharpe λ=0.50 γ=0.10,0.004453682590041197,0.06905634657220529,-0.22512510698352078
2019-02-04,Combined Robust Max Sharpe λ=0.50 γ=0.10,0.009139511110449527,0.06893798677546084,-0.15753997755873503
2019-02-05,Combined Robust Max Sharpe λ=0.50 γ=0.10,0.02375860108705985,0.06807119977928895,0.05521573145833438
2019-02-06,Combined Robust Max Sharpe λ=0.50 γ=0.10,0.03532570932310186,0.0668770356981271,0.22916250941922445
2019-02-07,Combined Robust Max Sharpe λ=0.50 γ=0.10,0.02772920565605852,0.06664296731290799,0.11597931436287441
2019-02-08,Combined Robust Max Sharpe λ=0.50 γ=0.10,0.03507638680825842,0.06645471659580746,0.22686706949570484
2019-02-11,Combined Robust Max Sharpe λ=0.50 γ=0.10,0.050214947102667384,0.0645539246938399,0.4680574766905019
2019-02-12,Combined Robust Max Sharpe λ=0.50 γ=0.10,0.04969077789490739,0.06452315652555152,0.4601569342496392
2019-02-13,Combined Robust Max Sharpe λ=0.50 γ=0.10,0.042074035624752204,0.06425099364453357,0.34355944356092066
2019-02-14,Combined Robust Max Sharpe λ=0.50 γ=0.10,0.04190441717155946,0.06424628062189981,0.34094451786976815
2019-02-15,Combined Robust Max Sharpe λ=0.50 γ=0.10,0.04147655457299182,0.06421989764815227,0.3344221239756171
2019-02-19,Combined Robust Max Sharpe λ=0.50 γ=0.10,0.03706045454484275,0.06388745388946404,0.2670391995016765
2019-02-20,Combined Robust Max Sharpe λ=0.50 γ=0.10,0.03662324942503914,0.06388599730224855,0.260201767632953
2019-02-21,Combined Robust Max Sharpe λ=0.50 γ=0.10,0.03602763138176268,0.06392138660731607,0.2507397325440411
2019-02-22,Combined Robust Max Sharpe λ=0.50 γ=0.10,0.04511519148318688,0.06391847966303504,0.3929253576679069
2019-02-25,Combined Robust Max Sharpe λ=0.50 γ=0.10,0.04331697159878156,0.06390916299788772,0.3648455167462014
2019-02-26,Combined Robust Max Sharpe λ=0.50 γ=0.10,0.035229166884362284,0.06330949085023582,0.24055108767796315
2019-02-27,Combined Robust Max Sharpe λ=0.50 γ=0.10,0.026761723436822482,0.0631526494805763,0.10706951319440948
2019-02-28,Combined Robust Max Sharpe λ=0.50 γ=0.10,0.03199089123004839,0.06274318685584006,0.191110650110886
2019-03-01,Combined Robust Max Sharpe λ=0.50 γ=0.10,0.032982984501324975,0.06271695657699226,0.2070091600409033
2019-03-04,Combined Robust Max Sharpe λ=0.50 γ=0.10,0.038152750011885006,0.06250183095711671,0.2904354917912698
2019-03-05,Combined Robust Max Sharpe λ=0.50 γ=0.10,0.036627470151347596,0.0624926385083348,0.2660708612764038
2019-03-06,Combined Robust Max Sharpe λ=0.50 γ=0.10,0.03138692940359644,0.062424689906320864,0.18241066828981473
2019-03-07,Combined Robust Max Sharpe λ=0.50 γ=0.10,0.028246078812421693,0.06238753640095007,0.13217509919651382
2019-03-08,Combined Robust Max Sharpe λ=0.50 γ=0.10,0.02984568733025128,0.06239933436603521,0.15778513393262122
2019-03-11,Combined Robust Max Sharpe λ=0.50 γ=0.10,0.03125933204572684,0.062474113850416825,0.18022395760082827
2019-03-12,Combined Robust Max Sharpe λ=0.50 γ=0.10,0.029205823792539443,0.062342836364370026,0.1476645005167061
2019-03-13,Combined Robust Max Sharpe λ=0.50 γ=0.10,0.02918100185543726,0.062342127365822494,0.14726802313888496
2019-03-14,Combined Robust Max Sharpe λ=0.50 γ=0.10,0.02995246994868328,0.06230573635916048,0.15973601357204764
2019-03-15,Combined Robust Max Sharpe λ=0.50 γ=0.10,0.03356159289168703,0.06241606661110645,0.2172772753557952
2019-03-18,Combined Robust Max Sharpe λ=0.50 γ=0.10,0.035030263792020566,0.06241388726000349,0.2408160179065207
2019-03-19,Combined Robust Max Sharpe λ=0.50 γ=0.10,0.03559319715233111,0.06240932271447809,0.24985365125126904
2019-03-20,Combined Robust Max Sharpe λ=0.50 γ=0.10,0.047268424809280285,0.062006975923801944,0.439763823392862
2019-03-21,Combined Robust Max Sharpe λ=0.50 γ=0.10,0.052009327137395145,0.06208693541433685,0.5155565647391204
2019-03-22,Combined Robust Max Sharpe λ=0.50 γ=0.10,0.049132702107780535,0.06214682630720339,0.4687721616510574
2019-03-25,Combined Robust Max Sharpe λ=0.50 γ=0.10,0.05960411848049807,0.06166578467082945,0.6422381340301424
2019-03-26,Combined Robust Max Sharpe λ=0.50 γ=0.10,0.07045738514941657,0.06108194656722834,0.8260605299125805
2019-03-27,Combined Robust Max Sharpe λ=0.50 γ=0.10,0.05613535702515415,0.059779419887438366,0.6044782149642002
2019-03-28,Combined Robust Max Sharpe λ=0.50 γ=0.10,0.06455915333855056,0.059281832086734564,0.7516493969578499
2019-03-29,Combined Robust Max Sharpe λ=0.50 γ=0.10,0.06928211113584237,0.05917975133993535,0.8327529268036327
2019-04-01,Combined Robust Max Sharpe λ=0.50 γ=0.10,0.0610130685905399,0.058703781375128605,0.6986444080741305
2019-04-02,Combined Robust Max Sharpe λ=0.50 γ=0.10,0.07125358727912601,0.05808051164386313,0.8824575718857589
2019-04-03,Combined Robust Max Sharpe λ=0.50 γ=0.10,0.06791165889349848,0.0580684300900662,0.825089619595119
2019-04-04,Combined Robust Max Sharpe λ=0.50 γ=0.10,0.06477661511688848,0.057906107205469,0.7732623945520466
2019-04-05,Combined Robust Max Sharpe λ=0.50 γ=0.10,0.06564621481144672,0.05792824740052605,0.7879785227376342
2019-04-08,Combined Robust Max Sharpe λ=0.50 γ=0.10,0.07190267363486336,0.057563653292540276,0.9016570468710933
2019-04-09,Combined Robust Max Sharpe λ=0.50 γ=0.10,0.06873263525026574,0.05751394272958568,0.8473186315776129
2019-04-10,Combined Robust Max Sharpe λ=0.50 γ=0.10,0.06569068035495973,0.057252712184564424,0.7980526792803735
2019-04-11,Combined Robust Max Sharpe λ=0.50 γ=0.10,0.06416223365980378,0.05730005975742581,0.7707188063461062
2019-04-12,Combined Robust Max Sharpe λ=0.50 γ=0.10,0.06320899084824139,0.05729377065302604,0.7541655987335378
2019-04-15,Combined Robust Max Sharpe λ=0.50 γ=0.10,0.06330660418329415,0.05729235370116676,0.7558880266846534
2019-04-16,Combined Robust Max Sharpe λ=0.50 γ=0.10,0.05768931184615478,0.05729489141599813,0.6578127807679377
2019-04-17,Combined Robust Max Sharpe λ=0.50 γ=0.10,0.0495680423503293,0.05697098092310546,0.5190018123478988
2019-04-18,Combined Robust Max Sharpe λ=0.50 γ=0.10,0.05305000222654099,0.05694349714530102,0.5803999382441912
2019-04-22,Combined Robust Max Sharpe λ=0.50 γ=0.10,0.05722626806110975,0.056731793910817965,0.6561799917631587
2019-04-23,Combined Robust Max Sharpe λ=0.50 γ=0.10,0.06999052353471447,0.05638910215517841,0.8865280989426724
2019-04-24,Combined Robust Max Sharpe λ=0.50 γ=0.10,0.07391649301740988,0.05638526080594791,0.956216079286493
2019-04-25,Combined Robust Max Sharpe λ=0.50 γ=0.10,0.08072140030470942,0.05588112499437556,1.0866173562329147
2019-04-26,Combined Robust Max Sharpe λ=0.50 γ=0.10,0.08675547492731939,0.05598626403859949,1.1923545189815685
2019-04-29,Combined Robust Max Sharpe λ=0.50 γ=0.10,0.07708992873944887,0.05557271871810029,1.0273013459903737
2019-04-30,Combined Robust Max Sharpe λ=0.50 γ=0.10,0.0762106752360534,0.055557662552444695,1.0117537825316585
2019-05-01,Combined Robust Max Sharpe λ=0.50 γ=0.10,0.07663031473939719,0.05553420780934205,1.0197375090650118
2019-05-02,Combined Robust Max Sharpe λ=0.50 γ=0.10,0.07276953637986883,0.05562437226339068,0.9486765285187627
2019-05-03,Combined Robust Max Sharpe λ=0.50 γ=0.10,0.08150380369226706,0.05583680413621436,1.101492190388046
2019-05-06,Combined Robust Max Sharpe λ=0.50 γ=0.10,0.08044924611731652,0.055833718508803046,1.082665595840366
2019-05-07,Combined Robust Max Sharpe λ=0.50 γ=0.10,0.06912396198687065,0.05569267721740958,0.8820542383894314
2019-05-08,Combined Robust Max Sharpe λ=0.50 γ=0.10,0.06471096889277206,0.05573538223729115,0.8022008120876771
2019-05-09,Combined Robust Max Sharpe λ=0.50 γ=0.10,0.06569682229934504,0.05572654050846119,0.8200190049911082
2019-05-10,Combined Robust Max Sharpe λ=0.50 γ=0.10,0.06444223365753432,0.05568838813087601,0.7980520742149771
2019-05-13,Combined Robust Max Sharpe λ=0.50 γ=0.10,0.05134912817976445,0.0557484000131823,0.5623323390868906
2019-05-14,Combined Robust Max Sharpe λ=0.50 γ=0.10,0.05400034624268768,0.055820975534927875,0.6090962387680459
2019-05-15,Combined Robust Max Sharpe λ=0.50 γ=0.10,0.05946585003418381,0.055936593097473265,0.7055461880814213
2019-05-16,Combined Robust Max Sharpe λ=0.50 γ=0.10,0.07017971081170393,0.05522913284582621,0.9085732153677318
2019-05-17,Combined Robust Max Sharpe λ=0.50 γ=0.10,0.06642554765649322,0.05530529364592844,0.8394413011115267
2019-05-20,Combined Robust Max Sharpe λ=0.50 γ=0.10,0.06400622049145954,0.05542808633144905,0.7939336066612691
2019-05-21,Combined Robust Max Sharpe λ=0.50 γ=0.10,0.066069476685791,0.05548354422752707,0.8303268532534468
2019-05-22,Combined Robust Max Sharpe λ=0.50 γ=0.10,0.06351669750678313,0.055436935260201665,0.7849766099538313
2019-05-23,Combined Robust Max Sharpe λ=0.50 γ=0.10,0.0634902134140587,0.05543754496612998,0.7844902482718055
2019-05-24,Combined Robust Max Sharpe λ=0.50 γ=0.10,0.059958598148830644,0.05526749661697968,0.7230035842903416
2019-05-28,Combined Robust Max Sharpe λ=0.50 γ=0.10,0.05631725579862534,0.05525654561111,0.6572480309251058
2019-05-29,Combined Robust Max Sharpe λ=0.50 γ=0.10,0.0524409079924304,0.05529404518443882,0.5866980410679035
2019-05-30,Combined Robust Max Sharpe λ=0.50 γ=0.10,0.054734994756789446,0.05540856086454373,0.6268885929325151
2019-05-31,Combined Robust Max Sharpe λ=0.50 γ=0.10,0.05290123994716023,0.05541020646676116,0.5937758049484375
2019-06-03,Combined Robust Max Sharpe λ=0.50 γ=0.10,0.05622087192979586,0.05541008619123573,0.6536873414126713
2019-06-04,Combined Robust Max Sharpe λ=0.50 γ=0.10,0.060582444155738324,0.055703180061218306,0.7285480669350985
2019-06-05,Combined Robust Max Sharpe λ=0.50 γ=0.10,0.0625486823635224,0.05574445050711378,0.7632810436994546
2019-06-06,Combined Robust Max Sharpe λ=0.50 γ=0.10,0.06316075241073471,0.05576712971384473,0.773946097498714
2019-06-07,Combined Robust Max Sharpe λ=0.50 γ=0.10,0.07045539686262603,0.056125324724462,0.8989773709163992
2019-06-10,Combined Robust Max Sharpe λ=0.50 γ=0.10,0.06841440758497885,0.05615356439550478,0.8621787077305201
2019-06-11,Combined Robust Max Sharpe λ=0.50 γ=0.10,0.06911785018046412,0.05614817094632359,0.8747898525032934
2019-06-12,Combined Robust Max Sharpe λ=0.50 γ=0.10,0.06974094729418234,0.056151378608821564,0.8858366174889938
2019-06-13,Combined Robust Max Sharpe λ=0.50 γ=0.10,0.07261746029392824,0.056242143187924934,0.9355521911409856
2019-06-14,Combined Robust Max Sharpe λ=0.50 γ=0.10,0.07298326011355316,0.0562374148787122,0.9421354133688877
2019-06-17,Combined Robust Max Sharpe λ=0.50 γ=0.10,0.06841335330106957,0.05604736460701869,0.8637935724636527
2019-06-18,Combined Robust Max Sharpe λ=0.50 γ=0.10,0.07821507605977462,0.05632351051295399,1.0335839426483473
2019-06-19,Combined Robust Max Sharpe λ=0.50 γ=0.10,0.08312253796836999,0.056435106072521994,1.1184977288295392
2019-06-20,Combined Robust Max Sharpe λ=0.50 γ=0.10,0.09061933389525545,0.05679347896806449,1.2434408875526952
2019-06-21,Combined Robust Max Sharpe λ=0.50 γ=0.10,0.08911768394206665,0.05685053477826575,1.2157789581337533
2019-06-24,Combined Robust Max Sharpe λ=0.50 γ=0.10,0.09386344454219353,0.056830841514037,1.2997070353770768
2019-06-25,Combined Robust Max Sharpe λ=0.50 γ=0.10,0.08953567369102489,0.0569739141417808,1.2204826496207348
2019-06-26,Combined Robust Max Sharpe λ=0.50 γ=0.10,0.09364418618541048,0.05665437786124655,1.2998851803787173
2019-06-27,Combined Robust Max Sharpe λ=0.50 γ=0.10,0.09629905322036425,0.05676709421065847,1.344071847983343
2019-06-28,Combined Robust Max Sharpe λ=0.50 γ=0.10,0.101612628555108,0.05675893895302834,1.4378815048436278
2019-07-01,Combined Robust Max Sharpe λ=0.50 γ=0.10,0.10176636060780142,0.05676153077456706,1.4405242334380133
2019-07-02,Combined Robust Max Sharpe λ=0.50 γ=0.10,0.10566541286880549,0.056907158258881575,1.5053539043207376
2019-07-03,Combined Robust Max Sharpe λ=0.50 γ=0.10,0.10948990483744336,0.057022635762706234,1.569375102368931
2019-07-05,Combined Robust Max Sharpe λ=0.50 γ=0.10,0.1027438987839635,0.05738123247271381,1.4420028155252724
2019-07-08,Combined Robust Max Sharpe λ=0.50 γ=0.10,0.09426496833505937,0.05731450860548307,1.295744657714028
2019-07-09,Combined Robust Max Sharpe λ=0.50 γ=0.10,0.08920794945041766,0.05715402099032566,1.2109025445844368
2019-07-10,Combined Robust Max Sharpe λ=0.50 γ=0.10,0.09061602167783356,0.05721541241901439,1.2342132773714962
2019-07-11,Combined Robust Max Sharpe λ=0.50 γ=0.10,0.08705005654076103,0.05734907803284503,1.1691566602406414
2019-07-12,Combined Robust Max Sharpe λ=0.50 γ=0.10,0.0915895663891042,0.05736116736227313,1.2480493281625435
2019-07-15,Combined Robust Max Sharpe λ=0.50 γ=0.10,0.08723880371837933,0.057145709839853204,1.1766203255994423
2019-07-16,Combined Robust Max Sharpe λ=0.50 γ=0.10,0.08334296513147144,0.05724627902001263,1.1064992557739426
2019-07-17,Combined Robust Max Sharpe λ=0.50 γ=0.10,0.08785030428872553,0.057251917616499406,1.185118457397692
2019-07-18,Combined Robust Max Sharpe λ=0.50 γ=0.10,0.09145019257122056,0.05734366316328348,1.2459997954398094
2019-07-19,Combined Robust Max Sharpe λ=0.50 γ=0.10,0.08759945503857991,0.05750303067537912,1.1755807345215936
2019-07-22,Combined Robust Max Sharpe λ=0.50 γ=0.10,0.09027486368284254,0.05752294887378336,1.2216839549905445
2019-07-23,Combined Robust Max Sharpe λ=0.50 γ=0.10,0.09331857576866653,0.05750033778524068,1.2750981749447412
2019-07-24,Combined Robust Max Sharpe λ=0.50 γ=0.10,0.0995398936066707,0.05751963931534484,1.3828301872792064
2019-07-25,Combined Robust Max Sharpe λ=0.50 γ=0.10,0.09272493400422,0.05764138270650939,1.2616792066649578
2019-07-26,Combined Robust Max Sharpe λ=0.50 γ=0.10,0.09091692985678912,0.0575472210512108,1.2323258805786768
2019-07-29,Combined Robust Max Sharpe λ=0.50 γ=0.10,0.09544122340800842,0.05736857378520376,1.3150269987619227
2019-07-30,Combined Robust Max Sharpe λ=0.50 γ=0.10,0.09805203709624122,0.057288613331834014,1.3624354397293368
2019-07-31,Combined Robust Max Sharpe λ=0.50 γ=0.10,0.09931016834929252,0.05720281551905532,1.3864731592254025
2019-08-01,Combined Robust Max Sharpe λ=0.50 γ=0.10,0.10090652767580299,0.05730813494081103,1.411780853789167
2019-08-02,Combined Robust Max Sharpe λ=0.50 γ=0.10,0.10093015146378725,0.0573072122738288,1.41221581460082
2019-08-05,Combined Robust Max Sharpe λ=0.50 γ=0.10,0.091064038441391,0.05756936120215109,1.2344072777159054
2019-08-06,Combined Robust Max Sharpe λ=0.50 γ=0.10,0.09600739976581374,0.057951274070116306,1.3115742662335774
2019-08-07,Combined Robust Max Sharpe λ=0.50 γ=0.10,0.09616529856264866,0.057954118873234706,1.3142344330909073
2019-08-08,Combined Robust Max Sharpe λ=0.50 γ=0.10,0.10479213769403461,0.05839435854535544,1.4520604353959257
2019-08-09,Combined Robust Max Sharpe λ=0.50 γ=0.10,0.10028331704133597,0.058550914435279655,1.3711710195419515
2019-08-12,Combined Robust Max Sharpe λ=0.50 γ=0.10,0.10033731143044622,0.05855123131542897,1.3720857721616582
2019-08-13,Combined Robust Max Sharpe λ=0.50 γ=0.10,0.10444875501586703,0.05862583594818008,1.4404699506632548
2019-08-14,Combined Robust Max Sharpe λ=0.50 γ=0.10,0.10059989060941765,0.05889656099341587,1.3684990982483345
2019-08-15,Combined Robust Max Sharpe λ=0.50 γ=0.10,0.10324971588617404,0.05902001739024417,1.4105335709361373
2019-08-16,Combined Robust Max Sharpe λ=0.50 γ=0.10,0.1114552841520915,0.05899889131338252,1.5501186906430393
2019-08-19,Combined Robust Max Sharpe λ=0.50 γ=0.10,0.11001421888166152,0.05898055973101782,1.5261675930539385
2019-08-20,Combined Robust Max Sharpe λ=0.50 γ=0.10,0.10940058769622252,0.058969749666062596,1.5160414992854043
2019-08-21,Combined Robust Max Sharpe λ=0.50 γ=0.10,0.10907697311782094,0.05896071619763478,1.5107851271554649
2019-08-22,Combined Robust Max Sharpe λ=0.50 γ=0.10,0.1062791933308953,0.05901919482260649,1.4618836056680198
2019-08-23,Combined Robust Max Sharpe λ=0.50 γ=0.10,0.10069263942913875,0.05915160393361742,1.3641665493922304
2019-08-26,Combined Robust Max Sharpe λ=0.50 γ=0.10,0.10593267940339923,0.059203825888638956,1.451471726929213
2019-08-27,Combined Robust Max Sharpe λ=0.50 γ=0.10,0.10351545323900879,0.059082737060252875,1.4135339253805947
2019-08-28,Combined Robust Max Sharpe λ=0.50 γ=0.10,0.10368504718752258,0.0590866149096092,1.4163114152933638
2019-08-29,Combined Robust Max Sharpe λ=0.50 γ=0.10,0.10880805294922258,0.0590569667571636,1.5037692896486285
2019-08-30,Combined Robust Max Sharpe λ=0.50 γ=0.10,0.10548317895000969,0.05902168922914285,1.4483350115265945
2019-09-03,Combined Robust Max Sharpe λ=0.50 γ=0.10,0.10534359945264948,0.0590235528561048,1.445924471214247
2019-09-04,Combined Robust Max Sharpe λ=0.50 γ=0.10,0.1113727224077985,0.05922134261531974,1.542901906181398
2019-09-05,Combined Robust Max Sharpe λ=0.50 γ=0.10,0.11192098470684453,0.059196817578962585,1.5528028104590454
2019-09-06,Combined Robust Max Sharpe λ=0.50 γ=0.10,0.11537534831454588,0.059132577794938176,1.6129069942678893
2019-09-09,Combined Robust Max Sharpe λ=0.50 γ=0.10,0.11088042913682483,0.05932196030779624,1.531986277346285
2019-09-10,Combined Robust Max Sharpe λ=0.50 γ=0.10,0.10875218868056624,0.059486467528025076,1.4919727522693054
2019-09-11,Combined Robust Max Sharpe λ=0.50 γ=0.10,0.10923386804134383,0.05949875465149443,1.499760264967202
2019-09-12,Combined Robust Max Sharpe λ=0.50 γ=0.10,0.10950881219055097,0.05949733276520902,1.5044172239413582
2019-09-13,Combined Robust Max Sharpe λ=0.50 γ=0.10,0.10089673319241865,0.05989177043592649,1.3507153420846645
2019-09-16,Combined Robust Max Sharpe λ=0.50 γ=0.10,0.1007352706333049,0.05988642780743901,1.3481396969093566
2019-09-17,Combined Robust Max Sharpe λ=0.50 γ=0.10,0.10574221703476283,0.059883426852165425,1.43181881101152
2019-09-18,Combined Robust Max Sharpe λ=0.50 γ=0.10,0.10942256898809721,0.059795666010708445,1.495469069147638
2019-09-19,Combined Robust Max Sharpe λ=0.50 γ=0.10,0.1115781087156873,0.05979530416611694,1.5315267643973305
2019-09-20,Combined Robust Max Sharpe λ=0.50 γ=0.10,0.11567986042870904,0.059840896253828386,1.598904201281708
2019-09-23,Combined Robust Max Sharpe λ=0.50 γ=0.10,0.1118117445658886,0.059728145652430266,1.5371604720521386
2019-09-24,Combined Robust Max Sharpe λ=0.50 γ=0.10,0.11381611597010655,0.05969287761952237,1.571646730922958
2019-09-25,Combined Robust Max Sharpe λ=0.50 γ=0.10,0.11154087600409879,0.059778305426123925,1.5313394274320493
2019-09-26,Combined Robust Max Sharpe λ=0.50 γ=0.10,0.1121181837816645,0.05977704366695582,1.54102943422387
2019-09-27,Combined Robust Max Sharpe λ=0.50 γ=0.10,0.1087917822659914,0.059820256617384576,1.484309618293869
2019-09-30,Combined Robust Max Sharpe λ=0.50 γ=0.10,0.10932679013906466,0.059828502084501016,1.4930474109630996
2019-10-01,Combined Robust Max Sharpe λ=0.50 γ=0.10,0.10669155366728345,0.05986715449207686,1.4480653774643102
2019-10-02,Combined Robust Max Sharpe λ=0.50 γ=0.10,0.10395121181619582,0.05996481891062638,1.4000077602388756
2019-10-03,Combined Robust Max Sharpe λ=0.50 γ=0.10,0.10897312396986858,0.06019837555779849,1.4779987523823208
2019-10-04,Combined Robust Max Sharpe λ=0.50 γ=0.10,0.11983961895349982,0.0603039453071895,1.6556067508504593
2019-10-07,Combined Robust Max Sharpe λ=0.50 γ=0.10,0.12091481972295681,0.06021423597282612,1.6759295886191816
2019-10-08,Combined Robust Max Sharpe λ=0.50 γ=0.10,0.12185772763072378,0.060155236710411585,1.6932478899728838
2019-10-09,Combined Robust Max Sharpe λ=0.50 γ=0.10,0.12579090519679914,0.06014309012858978,1.7589868590159137
2019-10-10,Combined Robust Max Sharpe λ=0.50 γ=0.10,0.12117982021993878,0.06022809952886866,1.6799437639808152
2019-10-11,Combined Robust Max Sharpe λ=0.50 γ=0.10,0.1342648750948623,0.05893605547203879,1.9387940740125256
2019-10-14,Combined Robust Max Sharpe λ=0.50 γ=0.10,0.1391653970385136,0.05888971694823103,2.023534892233731
2019-10-15,Combined Robust Max Sharpe λ=0.50 γ=0.10,0.1334855731402005,0.0587446924874105,1.9318438540557759
2019-10-16,Combined Robust Max Sharpe λ=0.50 γ=0.10,0.13689506105564186,0.058690479004835774,1.9917210259267155
2019-10-17,Combined Robust Max Sharpe λ=0.50 γ=0.10,0.12849418449273098,0.05812133353433505,1.8666843634728076
2019-10-18,Combined Robust Max Sharpe λ=0.50 γ=0.10,0.1304107892491586,0.05806142269973164,1.901620458392056
2019-10-21,Combined Robust Max Sharpe λ=0.50 γ=0.10,0.1356132693525487,0.05780627719100768,2.00001236838918
2019-10-22,Combined Robust Max Sharpe λ=0.50 γ=0.10,0.13771989971491116,0.05778179764887858,2.037318056981494
2019-10-23,Combined Robust Max Sharpe λ=0.50 γ=0.10,0.14055143271127446,0.05776316941431211,2.08699477424113
2019-10-24,Combined Robust Max Sharpe λ=0.50 γ=0.10,0.14247203344738057,0.05776964298444073,2.1200067564960774
2019-10-25,Combined Robust Max Sharpe λ=0.50 γ=0.10,0.15329552980203376,0.0569189050419055,2.341849859970029
2019-10-28,Combined Robust Max Sharpe λ=0.50 γ=0.10,0.1446877360301173,0.05667399995346193,2.2000870969493085
2019-10-29,Combined Robust Max Sharpe λ=0.50 γ=0.10,0.1486502443321842,0.05648599209461677,2.2775601447645433
2019-10-30,Combined Robust Max Sharpe λ=0.50 γ=0.10,0.15782858550747503,0.05644827231353537,2.4416794324886006
2019-10-31,Combined Robust Max Sharpe λ=0.50 γ=0.10,0.15844910547685243,0.05647981368888175,2.4513024465607725
2019-11-01,Combined Robust Max Sharpe λ=0.50 γ=0.10,0.1583774275829415,0.056477905865922835,2.4501161199469066
2019-11-04,Combined Robust Max Sharpe λ=0.50 γ=0.10,0.14847197083783836,0.05628662769107586,2.2824599040280993
2019-11-05,Combined Robust Max Sharpe λ=0.50 γ=0.10,0.1482968837819656,0.05630277162661365,2.2786957031671453
2019-11-06,Combined Robust Max Sharpe λ=0.50 γ=0.10,0.15015107070742695,0.05635549616763537,2.309465439187668
2019-11-07,Combined Robust Max Sharpe λ=0.50 γ=0.10,0.1410801152924115,0.05668468933332941,2.1360285593242003
2019-11-08,Combined Robust Max Sharpe λ=0.50 γ=0.10,0.13040944216336925,0.0561213085843602,1.9673354907148044
2019-11-11,Combined Robust Max Sharpe λ=0.50 γ=0.10,0.1328160851294311,0.05605018126048868,2.012769318356483
2019-11-12,Combined Robust Max Sharpe λ=0.50 γ=0.10,0.13829651851219982,0.05591810731982904,2.1155315188976513
2019-11-13,Combined Robust Max Sharpe λ=0.50 γ=0.10,0.14856622301072453,0.05546041757706973,2.3181618283357572
2019-11-14,Combined Robust Max Sharpe λ=0.50 γ=0.10,0.15404792792893018,0.05556713817389291,2.412359756758355
2019-11-15,Combined Robust Max Sharpe λ=0.50 γ=0.10,0.15810834215953595,0.05551660262790493,2.4876944125200673
2019-11-18,Combined Robust Max Sharpe λ=0.50 γ=0.10,0.15524668423411359,0.055425220555440025,2.440165016552903
2019-11-19,Combined Robust Max Sharpe λ=0.50 γ=0.10,0.15407332159532983,0.055401220976028426,2.4200427216819294
2019-11-20,Combined Robust Max Sharpe λ=0.50 γ=0.10,0.16293334777207802,0.054907967140599194,2.6031440465839517
2019-11-21,Combined Robust Max Sharpe λ=0.50 γ=0.10,0.16798706834115373,0.054482560616553134,2.716228214431457
2019-11-22,Combined Robust Max Sharpe λ=0.50 γ=0.10,0.16657573073279708,0.05445496277942457,2.691687281589323
2019-11-25,Combined Robust Max Sharpe λ=0.50 γ=0.10,0.17218545761869342,0.054448650269039695,2.795027183717506
2019-11-26,Combined Robust Max Sharpe λ=0.50 γ=0.10,0.16860923750408796,0.05425077119227625,2.7393018428693905
2019-11-27,Combined Robust Max Sharpe λ=0.50 γ=0.10,0.16807448931916902,0.054255355667660446,2.729214240640037
2019-11-29,Combined Robust Max Sharpe λ=0.50 γ=0.10,0.15555191128306256,0.05356010158317455,2.530837456918585
2019-12-02,Combined Robust Max Sharpe λ=0.50 γ=0.10,0.15038460689589983,0.05385327262090345,2.4211083291768296
2019-12-03,Combined Robust Max Sharpe λ=0.50 γ=0.10,0.15298333488204974,0.053977503080199725,2.463680742780251
2019-12-04,Combined Robust Max Sharpe λ=0.50 γ=0.10,0.14476404816155752,0.053606446903567334,2.3274075296576853
2019-12-05,Combined Robust Max Sharpe λ=0.50 γ=0.10,0.15524590935990634,0.052627275400930214,2.5698824103958042
2019-12-06,Combined Robust Max Sharpe λ=0.50 γ=0.10,0.1535312900485868,0.05261232237517175,2.5380231098029133
2019-12-09,Combined Robust Max Sharpe λ=0.50 γ=0.10,0.16093069985601427,0.05207377822325759,2.7063659420255153
2019-12-10,Combined Robust Max Sharpe λ=0.50 γ=0.10,0.15812472274956435,0.05206327162176957,2.6530165786164184
2019-12-11,Combined Robust Max Sharpe λ=0.50 γ=0.10,0.1628733736381378,0.05217657726265214,2.7382665006737845
2019-12-12,Combined Robust Max Sharpe λ=0.50 γ=0.10,0.15831887585759707,0.05223790744638948,2.6478640247898606
2019-12-13,Combined Robust Max Sharpe λ=0.50 γ=0.10,0.16325804991598902,0.05239442562941769,2.7342231200174565
2019-12-16,Combined Robust Max Sharpe λ=0.50 γ=0.10,0.1705011198942783,0.05189905124830012,2.899881910639123
2019-12-17,Combined Robust Max Sharpe λ=0.50 γ=0.10,0.1763504119249213,0.051577524961053556,3.031367093379961
2019-12-18,Combined Robust Max Sharpe λ=0.50 γ=0.10,0.1723236213055006,0.0515888803904339,2.9526444488170345
2019-12-19,Combined Robust Max Sharpe λ=0.50 γ=0.10,0.18111870165804334,0.0512353373925794,3.1446792361979985
2019-12-20,Combined Robust Max Sharpe λ=0.50 γ=0.10,0.18926251118439374,0.05085042415295055,3.3286351884750687
2019-12-23,Combined Robust Max Sharpe λ=0.50 γ=0.10,0.19965123243273086,0.050073734500994165,3.587733853347089
2019-12-24,Combined Robust Max Sharpe λ=0.50 γ=0.10,0.21108877695754935,0.04937080094284497,3.870481606704474
2019-12-26,Combined Robust Max Sharpe λ=0.50 γ=0.10,0.19611038586937113,0.04706982945883004,3.7414706595316507
2019-12-27,Combined Robust Max Sharpe λ=0.50 γ=0.10,0.19296796153800622,0.04699134739433778,3.6808470309759196
2019-12-30,Combined Robust Max Sharpe λ=0.50 γ=0.10,0.18802171885880514,0.04696524636733576,3.577575587374411
2019-12-31,Combined Robust Max Sharpe λ=0.50 γ=0.10,0.18012222002179867,0.04683581572313872,3.41879857432892
2020-01-02,Combined Robust Max Sharpe λ=0.50 γ=0.10,0.18402028844239116,0.04707001212581198,3.484602638384422
2020-01-03,Combined Robust Max Sharpe λ=0.50 γ=0.10,0.19350862797007506,0.04672091899792782,3.7137246375177377
2020-01-06,Combined Robust Max Sharpe λ=0.50 γ=0.10,0.18370163972454323,0.046003002859476325,3.558499001132526
2020-01-07,Combined Robust Max Sharpe λ=0.50 γ=0.10,0.17851056662125786,0.046024625196955826,3.4440381848398434
2020-01-08,Combined Robust Max Sharpe λ=0.50 γ=0.10,0.17435247974109136,0.0459800771838754,3.356942597634889
2020-01-09,Combined Robust Max Sharpe λ=0.50 γ=0.10,0.1736839311444056,0.0459457843153171,3.344897327025746
2020-01-10,Combined Robust Max Sharpe λ=0.50 γ=0.10,0.17565936596692433,0.045947020405442414,3.3878010933759377
2020-01-13,Combined Robust Max Sharpe λ=0.50 γ=0.10,0.17410721036227383,0.04594510147355793,3.354159756311884
2020-01-14,Combined Robust Max Sharpe λ=0.50 γ=0.10,0.178550022421472,0.04578646932221536,3.4628139004495013
2020-01-15,Combined Robust Max Sharpe λ=0.50 γ=0.10,0.17693822558493055,0.04570183851760588,3.43395869127831
2020-01-16,Combined Robust Max Sharpe λ=0.50 γ=0.10,0.17752831276395553,0.045712461229510594,3.446069376423337
2020-01-17,Combined Robust Max Sharpe λ=0.50 γ=0.10,0.17510320529500123,0.04567264287003305,3.39597613688277
2020-01-21,Combined Robust Max Sharpe λ=0.50 γ=0.10,0.17446379138400192,0.04564712407297817,3.3838668814502646
2020-01-22,Combined Robust Max Sharpe λ=0.50 γ=0.10,0.17879730835220675,0.04547661452873317,3.4918454242427166
2020-01-23,Combined Robust Max Sharpe λ=0.50 γ=0.10,0.17981093007048354,0.04549162614915062,3.5129746636561463
2020-01-24,Combined Robust Max Sharpe λ=0.50 γ=0.10,0.17682628929238997,0.045462920756514945,3.4495427632620017
2020-01-27,Combined Robust Max Sharpe λ=0.50 γ=0.10,0.17154017018559276,0.04537592098984896,3.3396604824724943
2020-01-28,Combined Robust Max Sharpe λ=0.50 γ=0.10,0.17534758692191543,0.04526173969321262,3.432205389692768
2020-01-29,Combined Robust Max Sharpe λ=0.50 γ=0.10,0.17791774756070677,0.04532117207725672,3.4844144650873625
2020-01-30,Combined Robust Max Sharpe λ=0.50 γ=0.10,0.16978435900482514,0.04466472329660615,3.353527077961468
2020-01-31,Combined Robust Max Sharpe λ=0.50 γ=0.10,0.15950547870656706,0.044288868425706396,3.1498993689708836
2020-02-03,Combined Robust Max Sharpe λ=0.50 γ=0.10,0.1633849944125827,0.044187984243398704,3.2448865198915056
2020-02-04,Combined Robust Max Sharpe λ=0.50 γ=0.10,0.1628343617294783,0.04419047758973817,3.2322429971349087
2020-02-05,Combined Robust Max Sharpe λ=0.50 γ=0.10,0.16098106948987123,0.044128387370832904,3.1947931453995095
2020-02-06,Combined Robust Max Sharpe λ=0.50 γ=0.10,0.164626619687531,0.04409080737101975,3.2801989419361823
2020-02-07,Combined Robust Max Sharpe λ=0.50 γ=0.10,0.16833257243916955,0.04405635086398084,3.366882856392944
2020-02-10,Combined Robust Max Sharpe λ=0.50 γ=0.10,0.17037532387156396,0.04414344870653689,3.40651508384065
2020-02-11,Combined Robust Max Sharpe λ=0.50 γ=0.10,0.17049558698210454,0.04413920308013892,3.4095673795665387
2020-02-12,Combined Robust Max Sharpe λ=0.50 γ=0.10,0.16671446670355672,0.044017127295692425,3.3331222575698254
2020-02-13,Combined Robust Max Sharpe λ=0.50 γ=0.10,0.16844632683541616,0.04398493925160794,3.3749353610847486
2020-02-14,Combined Robust Max Sharpe λ=0.50 γ=0.10,0.1690323461797254,0.04400291354481914,3.3868745083874643
2020-02-18,Combined Robust Max Sharpe λ=0.50 γ=0.10,0.1663302546981389,0.043882202806195314,3.3346150680813116
2020-02-19,Combined Robust Max Sharpe λ=0.50 γ=0.10,0.16448365888094885,0.04382454264733312,3.2968663254205395
2020-02-20,Combined Robust Max Sharpe λ=0.50 γ=0.10,0.1658735692540212,0.04382855513660735,3.328276937246827
2020-02-21,Combined Robust Max Sharpe λ=0.50 γ=0.10,0.1713794668777926,0.04357556603360922,3.4739529662342368
2020-02-24,Combined Robust Max Sharpe λ=0.50 γ=0.10,0.15967381337196263,0.04383357602417833,3.18645718740628
2020-02-25,Combined Robust Max Sharpe λ=0.50 γ=0.10,0.14988071280396764,0.04481517467412065,2.8981413940347682
2020-02-26,Combined Robust Max Sharpe λ=0.50 γ=0.10,0.14626838464122138,0.04488674398704579,2.813043973019343
2020-02-27,Combined Robust Max Sharpe λ=0.50 γ=0.10,0.13538802588498133,0.046558171777531736,2.4783624760082574
2020-02-28,Combined Robust Max Sharpe λ=0.50 γ=0.10,0.14137048520979034,0.04652196028154057,2.6088858783095796
2020-03-02,Combined Robust Max Sharpe λ=0.50 γ=0.10,0.15609759638306842,0.04783731944427321,2.8450088333568027
2020-03-03,Combined Robust Max Sharpe λ=0.50 γ=0.10,0.1589002849562724,0.04786625936395425,2.901841230168728
2020-03-04,Combined Robust Max Sharpe λ=0.50 γ=0.10,0.17218239036434957,0.049035330968521446,3.103525302236546
2020-03-05,Combined Robust Max Sharpe λ=0.50 γ=0.10,0.1694350138516314,0.04919623571197498,3.0375294306360328
2020-03-06,Combined Robust Max Sharpe λ=0.50 γ=0.10,0.17267996367252758,0.04920242850933068,3.103098125401952
2020-03-09,Combined Robust Max Sharpe λ=0.50 γ=0.10,0.14147505903230084,0.055602811452420256,2.1846927495068833
2020-03-10,Combined Robust Max Sharpe λ=0.50 γ=0.10,0.13510567963113118,0.05551453088789157,2.073433347812675
2020-03-11,Combined Robust Max Sharpe λ=0.50 γ=0.10,0.10005062180538515,0.062243059073764644,1.2860971648343416
2020-03-12,Combined Robust Max Sharpe λ=0.50 γ=0.10,0.049383092375199,0.07655485775990299,0.3838174772311958
2020-03-13,Combined Robust Max Sharpe λ=0.50 γ=0.10,0.08487344213126313,0.08254557340182206,0.7859106122561764
2020-03-16,Combined Robust Max Sharpe λ=0.50 γ=0.10,0.05282117881814585,0.08651469803934128,0.37937113070915307
2020-03-17,Combined Robust Max Sharpe λ=0.50 γ=0.10,0.0461833501492106,0.08670525585699912,0.30198111856557075
2020-03-18,Combined Robust Max Sharpe λ=0.50 γ=0.10,0.007867014011514017,0.09423848861924432,-0.12874767163878648
2020-03-19,Combined Robust Max Sharpe λ=0.50 γ=0.10,-0.009957568601586475,0.09524534218192637,-0.3145305367727597
2020-03-20,Combined Robust Max Sharpe λ=0.50 γ=0.10,-0.00937108423695121,0.09526959934733607,-0.3082944028122701
2020-03-23,Combined Robust Max Sharpe λ=0.50 γ=0.10,0.016951994835095352,0.09821293604015896,-0.031034660888850006
2020-03-24,Combined Robust Max Sharpe λ=0.50 γ=0.10,0.04843396111443066,0.10362633293765071,0.274389340125918
2020-03-25,Combined Robust Max Sharpe λ=0.50 γ=0.10,0.06467123955855669,0.10502098090883226,0.42535538300994713
2020-03-26,Combined Robust Max Sharpe λ=0.50 γ=0.10,0.0851607508501473,0.10658441753419175,0.6113534450684974
2020-03-27,Combined Robust Max Sharpe λ=0.50 γ=0.10,0.07764591082350636,0.10680128465861057,0.539749226872795
2020-03-30,Combined Robust Max Sharpe λ=0.50 γ=0.10,0.09099225130055033,0.10761037310291456,0.6597156877493211
2020-03-31,Combined Robust Max Sharpe λ=0.50 γ=0.10,0.08254731764605028,0.10791879437571127,0.5795776167429784
2020-04-01,Combined Robust Max Sharpe λ=0.50 γ=0.10,0.0770569304498594,0.10799471798159477,0.5283307509500922
2020-04-02,Combined Robust Max Sharpe λ=0.50 γ=0.10,0.08843696451898597,0.10837404860169565,0.6314884919590905
2020-04-03,Combined Robust Max Sharpe λ=0.50 γ=0.10,0.08425353253692536,0.10838521858201863,0.5928256027670655
2020-04-06,Combined Robust Max Sharpe λ=0.50 γ=0.10,0.10340114065607398,0.11012516212280495,0.757330468790321
2020-04-07,Combined Robust Max Sharpe λ=0.50 γ=0.10,0.09791381351111839,0.11027447318525888,0.7065444183099815
2020-04-08,Combined Robust Max Sharpe λ=0.50 γ=0.10,0.09976472271556003,0.11027752190613119,0.7233089875147556
2020-04-09,Combined Robust Max Sharpe λ=0.50 γ=0.10,0.10131045822978813,0.11033329951801056,0.7369530194872418
2020-04-13,Combined Robust Max Sharpe λ=0.50 γ=0.10,0.10597850730316871,0.1103084149061099,0.7794374289246216
2020-04-14,Combined Robust Max Sharpe λ=0.50 γ=0.10,0.11947006183844144,0.11095680039144093,0.8964755786713766
2020-04-15,Combined Robust Max Sharpe λ=0.50 γ=0.10,0.1279555135660122,0.11114272991145757,0.9713232134212963
2020-04-16,Combined Robust Max Sharpe λ=0.50 γ=0.10,0.13995056090332247,0.11136712247768837,1.0770733609225984
2020-04-17,Combined Robust Max Sharpe λ=0.50 γ=0.10,0.13533703880567094,0.11150632694586712,1.0343542107853978
2020-04-20,Combined Robust Max Sharpe λ=0.50 γ=0.10,0.135230086482105,0.11150563542562271,1.0334014603142332
2020-04-21,Combined Robust Max Sharpe λ=0.50 γ=0.10,0.12975982898138727,0.11166892864994506,0.9829039313653456
2020-04-22,Combined Robust Max Sharpe λ=0.50 γ=0.10,0.13172554378289147,0.1117473837230715,0.9998045597180678
2020-04-23,Combined Robust Max Sharpe λ=0.50 γ=0.10,0.13249985978908385,0.11175896474842333,1.006629401429481
2020-04-24,Combined Robust Max Sharpe λ=0.50 γ=0.10,0.13831171483211202,0.11180501871084253,1.0581968161742143
2020-04-27,Combined Robust Max Sharpe λ=0.50 γ=0.10,0.1266151384039078,0.11194520983269836,0.9523867842424315
2020-04-28,Combined Robust Max Sharpe λ=0.50 γ=0.10,0.12771046025768995,0.11193118124140135,0.9622918213057308
2020-04-29,Combined Robust Max Sharpe λ=0.50 γ=0.10,0.13571513324831375,0.11218233804639886,1.0314915454913562
2020-04-30,Combined Robust Max Sharpe λ=0.50 γ=0.10,0.13095743523392667,0.11238614289429355,0.9872875105099863
2020-05-01,Combined Robust Max Sharpe λ=0.50 γ=0.10,0.13065143545740487,0.11239467687945952,0.9844900001454319
2020-05-04,Combined Robust Max Sharpe λ=0.50 γ=0.10,0.12645857776465586,0.11227986625695828,0.9481537635698629
2020-05-05,Combined Robust Max Sharpe λ=0.50 γ=0.10,0.12795778398673252,0.11228186682003136,0.9614890368697769
2020-05-06,Combined Robust Max Sharpe λ=0.50 γ=0.10,0.12559467227908883,0.11238965177371069,0.939540879543758
2020-05-07,Combined Robust Max Sharpe λ=0.50 γ=0.10,0.14222630515009183,0.11297660053816867,1.0818727468153742
2020-05-08,Combined Robust Max Sharpe λ=0.50 γ=0.10,0.13933257952667555,0.11301321096570527,1.0559170782510368
2020-05-11,Combined Robust Max Sharpe λ=0.50 γ=0.10,0.1355448651548754,0.11303514309200946,1.022203024601146
2020-05-12,Combined Robust Max Sharpe λ=0.50 γ=0.10,0.14197508970663963,0.11283728206501327,1.0809821671915267
2020-05-13,Combined Robust Max Sharpe λ=0.50 γ=0.10,0.1396341574623181,0.1128099567622068,1.0604928934996058
2020-05-14,Combined Robust Max Sharpe λ=0.50 γ=0.10,0.14362275139294578,0.1129744448966706,1.0942541165483433
2020-05-15,Combined Robust Max Sharpe λ=0.50 γ=0.10,0.14378355910713791,0.11297553717082871,1.095666922299883
2020-05-18,Combined Robust Max Sharpe λ=0.50 γ=0.10,0.14125282845145937,0.11306059095055535,1.0724588243527466
2020-05-19,Combined Robust Max Sharpe λ=0.50 γ=0.10,0.14886147322258103,0.11299523822614535,1.1404150762944671
2020-05-20,Combined Robust Max Sharpe λ=0.50 γ=0.10,0.1529042047607856,0.11312014782928058,1.174894192689377
2020-05-21,Combined Robust Max Sharpe λ=0.50 γ=0.10,0.14819273306338987,0.11321073450950216,1.132337261292393
2020-05-22,Combined Robust Max Sharpe λ=0.50 γ=0.10,0.15421159522288153,0.11325336839654052,1.1850561014040553
2020-05-26,Combined Robust Max Sharpe λ=0.50 γ=0.10,0.14384419797316794,0.11354712149624607,1.0906854911091894
2020-05-27,Combined Robust Max Sharpe λ=0.50 γ=0.10,0.1468786510749478,0.1135341057137841,1.117537767856338
2020-05-28,Combined Robust Max Sharpe λ=0.50 γ=0.10,0.14800657023004749,0.11351445708258986,1.127667554599795
2020-05-29,Combined Robust Max Sharpe λ=0.50 γ=0.10,0.1522154524831414,0.11369197522620905,1.1629268663868035
2020-06-01,Combined Robust Max Sharpe λ=0.50 γ=0.10,0.15222631606593828,0.11369186775780073,1.1630235185125266
2020-06-02,Combined Robust Max Sharpe λ=0.50 γ=0.10,0.14916953268819477,0.11369474570652002,1.1361081981890333
2020-06-03,Combined Robust Max Sharpe λ=0.50 γ=0.10,0.13362388325294394,0.11383129520295482,0.9981779004654118
2020-06-04,Combined Robust Max Sharpe λ=0.50 γ=0.10,0.1244319953937909,0.11398645094866053,0.9161790241265345
2020-06-05,Combined Robust Max Sharpe λ=0.50 γ=0.10,0.11949088524627016,0.1139851786605701,0.8728405430897146
2020-06-08,Combined Robust Max Sharpe λ=0.50 γ=0.10,0.11775278635159747,0.11391150570511249,0.8581467319434283
2020-06-09,Combined Robust Max Sharpe λ=0.50 γ=0.10,0.12810560718471997,0.11412561428766213,0.9472510431552352
2020-06-10,Combined Robust Max Sharpe λ=0.50 γ=0.10,0.14130101723496047,0.11468641756775169,1.0576755278217769
2020-06-11,Combined Robust Max Sharpe λ=0.50 γ=0.10,0.13259193125907442,0.11491902081055415,0.9797501794301227
2020-06-12,Combined Robust Max Sharpe λ=0.50 γ=0.10,0.1270996066723118,0.11489484608103093,0.9321532716687617
2020-06-15,Combined Robust Max Sharpe λ=0.50 γ=0.10,0.13051027876691812,0.11491292038807817,0.9616871487880416
2020-06-16,Combined Robust Max Sharpe λ=0.50 γ=0.10,0.12869516018695237,0.11492264389255324,0.9458115172548306
2020-06-17,Combined Robust Max Sharpe λ=0.50 γ=0.10,0.12447690549768997,0.11478549394327793,0.9101925853916522
2020-06-18,Combined Robust Max Sharpe λ=0.50 γ=0.10,0.1247723336100448,0.11479381240294356,0.9127001831969666
2020-06-19,Combined Robust Max Sharpe λ=0.50 γ=0.10,0.11944053959219159,0.11463310519143176,0.8674679048965015
2020-06-22,Combined Robust Max Sharpe λ=0.50 γ=0.10,0.12665211149362676,0.11463522964936854,0.930360691210202
2020-06-23,Combined Robust Max Sharpe λ=0.50 γ=0.10,0.12549412184794617,0.11462386878747201,0.9203503856910151
2020-06-24,Combined Robust Max Sharpe λ=0.50 γ=0.10,0.1274939893836966,0.114572890791584,0.9382148660212789
2020-06-25,Combined Robust Max Sharpe λ=0.50 γ=0.10,0.1340609046410386,0.1145623304833413,0.9956231176496918
2020-06-26,Combined Robust Max Sharpe λ=0.50 γ=0.10,0.1279282814345286,0.11451612757105674,0.942472328777967
2020-06-29,Combined Robust Max Sharpe λ=0.50 γ=0.10,0.12732379735962618,0.11450702370677504,0.9372682468322346
2020-06-30,Combined Robust Max Sharpe λ=0.50 γ=0.10,0.12965474454617976,0.11454403395393681,0.9573151980161336
2020-07-01,Combined Robust Max Sharpe λ=0.50 γ=0.10,0.12591124169106194,0.11447606960660506,0.9251823726567832
2020-07-02,Combined Robust Max Sharpe λ=0.50 γ=0.10,0.12443714296680364,0.11444281401971487,0.9125705607764278
2020-07-06,Combined Robust Max Sharpe λ=0.50 γ=0.10,0.13746369694536353,0.1143670014167468,1.0270768271464297
2020-07-07,Combined Robust Max Sharpe λ=0.50 γ=0.10,0.1457682470765833,0.11437325769635041,1.099629840136979
2020-07-08,Combined Robust Max Sharpe λ=0.50 γ=0.10,0.1488622922350642,0.11439180896130412,1.1264992957551279
2020-07-09,Combined Robust Max Sharpe λ=0.50 γ=0.10,0.15285642481868456,0.11454041509721856,1.1599087073843752
2020-07-10,Combined Robust Max Sharpe λ=0.50 γ=0.10,0.15619174526295088,0.1144701930642249,1.1897572775695315
2020-07-13,Combined Robust Max Sharpe λ=0.50 γ=0.10,0.14894945167195695,0.11453260274362952,1.125875502546626
2020-07-14,Combined Robust Max Sharpe λ=0.50 γ=0.10,0.150685337248198,0.11455362333694825,1.1408223803083024
2020-07-15,Combined Robust Max Sharpe λ=0.50 γ=0.10,0.15331647184235564,0.11450351960054697,1.164300209351109
2020-07-16,Combined Robust Max Sharpe λ=0.50 γ=0.10,0.1485306432146316,0.11450998638150507,1.1224404724528994
2020-07-17,Combined Robust Max Sharpe λ=0.50 γ=0.10,0.14553145432788162,0.11447084429253088,1.0966238180884322
2020-07-20,Combined Robust Max Sharpe λ=0.50 γ=0.10,0.16024812124133914,0.11467333188132174,1.2230229900922858
2020-07-21,Combined Robust Max Sharpe λ=0.50 γ=0.10,0.15771400096208033,0.11466696795796247,1.2009910387843084
2020-07-22,Combined Robust Max Sharpe λ=0.50 γ=0.10,0.16122416256326888,0.11472513034930565,1.2309784450301444
2020-07-23,Combined Robust Max Sharpe λ=0.50 γ=0.10,0.15558832131482458,0.11470976269846937,1.182012046099663
2020-07-24,Combined Robust Max Sharpe λ=0.50 γ=0.10,0.15874225937456465,0.11463584131764358,1.2102869205637423
2020-07-27,Combined Robust Max Sharpe λ=0.50 γ=0.10,0.1626661978426085,0.11475042395588322,1.243273819166522
2020-07-28,Combined Robust Max Sharpe λ=0.50 γ=0.10,0.16373304488984664,0.1147486738762485,1.2525900303201458
2020-07-29,Combined Robust Max Sharpe λ=0.50 γ=0.10,0.1688308646365757,0.1147943808819475,1.2964995628978628
2020-07-30,Combined Robust Max Sharpe λ=0.50 γ=0.10,0.1755641985642311,0.11473789650443901,1.3558222985045976
2020-07-31,Combined Robust Max Sharpe λ=0.50 γ=0.10,0.17627791981301555,0.11476390215771613,1.3617341069341484
2020-08-03,Combined Robust Max Sharpe λ=0.50 γ=0.10,0.1810424573436098,0.11473850161640321,1.4035607496602247
2020-08-04,Combined Robust Max Sharpe λ=0.50 γ=0.10,0.19761936520953705,0.11479585732882952,1.547262848525547
2020-08-05,Combined Robust Max Sharpe λ=0.50 γ=0.10,0.18712107546191215,0.11461586194279663,1.4580972705620818
2020-08-06,Combined Robust Max Sharpe λ=0.50 γ=0.10,0.19405029232140825,0.11480955950120784,1.5159912909480084
2020-08-07,Combined Robust Max Sharpe λ=0.50 γ=0.10,0.17557205724974412,0.1149366589341963,1.3535460199762068
2020-08-10,Combined Robust Max Sharpe λ=0.50 γ=0.10,0.1763352901572437,0.11491277859737374,1.3604691494320602
2020-08-11,Combined Robust Max Sharpe λ=0.50 γ=0.10,0.15431248330144953,0.11641144842182188,1.1537738351537599
2020-08-12,Combined Robust Max Sharpe λ=0.50 γ=0.10,0.15272880348014062,0.11638598115723847,1.1404191652671885
2020-08-13,Combined Robust Max Sharpe λ=0.50 γ=0.10,0.16044957101344925,0.11620336118287715,1.2086532573908444
2020-08-14,Combined Robust Max Sharpe λ=0.50 γ=0.10,0.15285949535309884,0.11616285723889694,1.1437347402695521
2020-08-17,Combined Robust Max Sharpe λ=0.50 γ=0.10,0.15712737504899876,0.11633007834813991,1.1787783262607199
2020-08-18,Combined Robust Max Sharpe λ=0.50 γ=0.10,0.16388522533074457,0.1164766197735366,1.2353142253827252
2020-08-19,Combined Robust Max Sharpe λ=0.50 γ=0.10,0.15189437457211663,0.11687403440929832,1.1285173412446463
2020-08-20,Combined Robust Max Sharpe λ=0.50 γ=0.10,0.1587534574640641,0.1171029305291073,1.1848845868940516
2020-08-21,Combined Robust Max Sharpe λ=0.50 γ=0.10,0.1640639650306701,0.11708154814897465,1.2304583199340944
2020-08-24,Combined Robust Max Sharpe λ=0.50 γ=0.10,0.1680699631493554,0.11700524484410964,1.265498511170456
2020-08-25,Combined Robust Max Sharpe λ=0.50 γ=0.10,0.16323134005319218,0.11697999687489596,1.224408820991598
2020-08-26,Combined Robust Max Sharpe λ=0.50 γ=0.10,0.16729830459323392,0.11709036865792177,1.2579882212478493
2020-08-27,Combined Robust Max Sharpe λ=0.50 γ=0.10,0.1550019830902598,0.11744642006093646,1.149477208587667
2020-08-28,Combined Robust Max Sharpe λ=0.50 γ=0.10,0.1573641525678895,0.11749491741641457,1.1691071885352813
2020-08-31,Combined Robust Max Sharpe λ=0.50 γ=0.10,0.16318309817536458,0.11755901832072625,1.217967793714731
2020-09-01,Combined Robust Max Sharpe λ=0.50 γ=0.10,0.17394714797506916,0.1178313903235131,1.3065037045934713
2020-09-02,Combined Robust Max Sharpe λ=0.50 γ=0.10,0.17164813699285886,0.11777043133110238,1.2876588399894024
2020-09-03,Combined Robust Max Sharpe λ=0.50 γ=0.10,0.15902803437107527,0.11852616595704168,1.1729733535923557
2020-09-04,Combined Robust Max Sharpe λ=0.50 γ=0.10,0.14666182317055343,0.11899275032080812,1.064449916730803
2020-09-08,Combined Robust Max Sharpe λ=0.50 γ=0.10,0.1399937919743368,0.11937366485711302,1.0051948402352064
2020-09-09,Combined Robust Max Sharpe λ=0.50 γ=0.10,0.15580821752034812,0.11945344283193401,1.1369133806501048
2020-09-10,Combined Robust Max Sharpe λ=0.50 γ=0.10,0.14876893306286187,0.11952192545967505,1.077366621794481
2020-09-11,Combined Robust Max Sharpe λ=0.50 γ=0.10,0.1477275476702884,0.11952822801430614,1.0685973496988586
2020-09-14,Combined Robust Max Sharpe λ=0.50 γ=0.10,0.16152030601845446,0.1194149707235577,1.1851136014266588
2020-09-15,Combined Robust Max Sharpe λ=0.50 γ=0.10,0.1613882525337358,0.11941324339634359,1.184024891313396
2020-09-16,Combined Robust Max Sharpe λ=0.50 γ=0.10,0.15303531194555653,0.11950935162424885,1.1131790955057212
2020-09-17,Combined Robust Max Sharpe λ=0.50 γ=0.10,0.147948264135626,0.11959445210188646,1.069851166897129
2020-09-18,Combined Robust Max Sharpe λ=0.50 γ=0.10,0.14159228709447125,0.11968538702074595,1.0159326056521398
2020-09-21,Combined Robust Max Sharpe λ=0.50 γ=0.10,0.13729427588480037,0.11966701525064244,0.9801721521935483
2020-09-22,Combined Robust Max Sharpe λ=0.50 γ=0.10,0.1407757669192815,0.11970835728508361,1.0089167511642974
2020-09-23,Combined Robust Max Sharpe λ=0.50 γ=0.10,0.12809050674739608,0.1202596766478957,0.8988092248399325
2020-09-24,Combined Robust Max Sharpe λ=0.50 γ=0.10,0.13499325643134719,0.12023169061983735,0.9564305037924347
2020-09-25,Combined Robust Max Sharpe λ=0.50 γ=0.10,0.1408083504487576,0.12034141650314226,1.003880076861179
2020-09-28,Combined Robust Max Sharpe λ=0.50 γ=0.10,0.14998032109665616,0.1204425133534145,1.0791897103247496
2020-09-29,Combined Robust Max Sharpe λ=0.50 γ=0.10,0.1489750655932387,0.12043771841919385,1.0708859922464646
2020-09-30,Combined Robust Max Sharpe λ=0.50 γ=0.10,0.1478082811948096,0.12046161899252182,1.0609875764889385
2020-10-01,Combined Robust Max Sharpe λ=0.50 γ=0.10,0.15848442753709202,0.12052753637726124,1.14898579776512
2020-10-02,Combined Robust Max Sharpe λ=0.50 γ=0.10,0.1421696456842656,0.1207529070401131,1.0117325427509738
2020-10-05,Combined Robust Max Sharpe λ=0.50 γ=0.10,0.13393033623687134,0.12064448025675703,0.9443476899598177
2020-10-06,Combined Robust Max Sharpe λ=0.50 γ=0.10,0.13447675193341224,0.12062455002116974,0.9490336081114619
2020-10-07,Combined Robust Max Sharpe λ=0.50 γ=0.10,0.13971485735110845,0.12056404429627433,0.9929565489435714
2020-10-08,Combined Robust Max Sharpe λ=0.50 γ=0.10,0.14195942769490189,0.12060426239582411,1.0112364627265835
2020-10-09,Combined Robust Max Sharpe λ=0.50 γ=0.10,0.15287947951385994,0.12071290091309332,1.1007893813232597
2020-10-12,Combined Robust Max Sharpe λ=0.50 γ=0.10,0.1629131853808572,0.1209542881883553,1.1815470746957442
2020-10-13,Combined Robust Max Sharpe λ=0.50 γ=0.10,0.16046685945286687,0.12094795301741712,1.1613826935346225
2020-10-14,Combined Robust Max Sharpe λ=0.50 γ=0.10,0.15991077853784863,0.12095253788396092,1.1567411563705743
2020-10-15,Combined Robust Max Sharpe λ=0.50 γ=0.10,0.1566956463119995,0.1209765996213253,1.1299346050383063
2020-10-16,Combined Robust Max Sharpe λ=0.50 γ=0.10,0.1519373463069893,0.12102585366779452,1.090158361279945
2020-10-19,Combined Robust Max Sharpe λ=0.50 γ=0.10,0.1464402705514063,0.12117112109160062,1.043485191952812
2020-10-20,Combined Robust Max Sharpe λ=0.50 γ=0.10,0.14469400696665313,0.12119323479887224,1.028885871175818
2020-10-21,Combined Robust Max Sharpe λ=0.50 γ=0.10,0.1436340881099274,0.12119589095156687,1.020117820325566
2020-10-22,Combined Robust Max Sharpe λ=0.50 γ=0.10,0.13562966802251486,0.12135352004775936,0.9528332427193554
2020-10-23,Combined Robust Max Sharpe λ=0.50 γ=0.10,0.13658477753746978,0.12136383730007984,0.9606220446804633
2020-10-26,Combined Robust Max Sharpe λ=0.50 γ=0.10,0.1360899855132751,0.12136630390944135,0.9565256728910256
2020-10-27,Combined Robust Max Sharpe λ=0.50 γ=0.10,0.14323528848242173,0.12143071441876407,1.014860935903205
2020-10-28,Combined Robust Max Sharpe λ=0.50 γ=0.10,0.13025088361717718,0.12208697641461648,0.9030519622564569
2020-10-29,Combined Robust Max Sharpe λ=0.50 γ=0.10,0.12496387085079386,0.1220316753970305,0.8601362761700478
2020-10-30,Combined Robust Max Sharpe λ=0.50 γ=0.10,0.11002897404089018,0.12235808677826755,0.7357827865030049
2020-11-02,Combined Robust Max Sharpe λ=0.50 γ=0.10,0.11286539267616513,0.1224236542422387,0.7585575945349019
2020-11-03,Combined Robust Max Sharpe λ=0.50 γ=0.10,0.11890843079036095,0.12241312551179112,0.8079887706227536
2020-11-04,Combined Robust Max Sharpe λ=0.50 γ=0.10,0.1469998506620942,0.12373074723588223,1.0264211079238026
2020-11-05,Combined Robust Max Sharpe λ=0.50 γ=0.10,0.15574027298817805,0.12412886374669418,1.0935431848081596
2020-11-06,Combined Robust Max Sharpe λ=0.50 γ=0.10,0.1578047697211893,0.12405024311492813,1.1108786751309958
2020-11-09,Combined Robust Max Sharpe λ=0.50 γ=0.10,0.1346518858095478,0.12588200329039426,0.9107885385733815
2020-11-10,Combined Robust Max Sharpe λ=0.50 γ=0.10,0.12786162706707538,0.1260643458190724,0.855607716569429
2020-11-11,Combined Robust Max Sharpe λ=0.50 γ=0.10,0.13331167090268115,0.12619124746257265,0.8979360548463435
2020-11-12,Combined Robust Max Sharpe λ=0.50 γ=0.10,0.1380552900197305,0.12631620832780918,0.934601280251855
2020-11-13,Combined Robust Max Sharpe λ=0.50 γ=0.10,0.1362224216225496,0.12627973529104056,0.9203568676691349
2020-11-16,Combined Robust Max Sharpe λ=0.50 γ=0.10,0.13561773110497288,0.12627661063515083,0.9155910229411011
2020-11-17,Combined Robust Max Sharpe λ=0.50 γ=0.10,0.1354018197529847,0.12627547877278636,0.9138893859245059
2020-11-18,Combined Robust Max Sharpe λ=0.50 γ=0.10,0.131469922803352,0.12630011951555184,0.8825797095910608
2020-11-19,Combined Robust Max Sharpe λ=0.50 γ=0.10,0.13431262778484476,0.12633168220170576,0.9048611226622396
2020-11-20,Combined Robust Max Sharpe λ=0.50 γ=0.10,0.1393792281397339,0.12629939364415713,0.9452082444360701
2020-11-23,Combined Robust Max Sharpe λ=0.50 γ=0.10,0.13192590190967812,0.12643267596231245,0.885260879418873
2020-11-24,Combined Robust Max Sharpe λ=0.50 γ=0.10,0.12579289216688716,0.12644451552593697,0.8366744237727445
2020-11-25,Combined Robust Max Sharpe λ=0.50 γ=0.10,0.12363360140153334,0.12642729202631542,0.8197090971462265
2020-11-27,Combined Robust Max Sharpe λ=0.50 γ=0.10,0.12842713245215887,0.12647752167904638,0.8572838162286829
2020-11-30,Combined Robust Max Sharpe λ=0.50 γ=0.10,0.12859847791060997,0.12647535934629167,0.8586532465447716
2020-12-01,Combined Robust Max Sharpe λ=0.50 γ=0.10,0.1350480398964684,0.1263465016514217,0.9105755869194961
2020-12-02,Combined Robust Max Sharpe λ=0.50 γ=0.10,0.12830226961940228,0.1262925600730396,0.8575506708927835
2020-12-03,Combined Robust Max Sharpe λ=0.50 γ=0.10,0.1339320584740762,0.12636037869661668,0.9016438510968687
2020-12-04,Combined Robust Max Sharpe λ=0.50 γ=0.10,0.12907851028216144,0.12647180375886957,0.8624729547633393
2020-12-07,Combined Robust Max Sharpe λ=0.50 γ=0.10,0.13671622529683192,0.1266444128709702,0.9216057988736268
2020-12-08,Combined Robust Max Sharpe λ=0.50 γ=0.10,0.14076181601473126,0.1266611238040425,0.9534244793340213
2020-12-09,Combined Robust Max Sharpe λ=0.50 γ=0.10,0.13041117222068888,0.12705338424762044,0.8690140201657536
2020-12-10,Combined Robust Max Sharpe λ=0.50 γ=0.10,0.13024729795602363,0.1270493701377384,0.8677516294374455
2020-12-11,Combined Robust Max Sharpe λ=0.50 γ=0.10,0.13428003381233156,0.12702340015522304,0.8996770175627558
2020-12-14,Combined Robust Max Sharpe λ=0.50 γ=0.10,0.1289067458966089,0.12695793992831866,0.8578175256947174
2020-12-15,Combined Robust Max Sharpe λ=0.50 γ=0.10,0.13341097324401496,0.12699021816037448,0.8930685755716204
2020-12-16,Combined Robust Max Sharpe λ=0.50 γ=0.10,0.1349454499162266,0.12698955339374116,0.9051567380493821
2020-12-17,Combined Robust Max Sharpe λ=0.50 γ=0.10,0.13894630869151414,0.12698890561828088,0.936666932535491
2020-12-18,Combined Robust Max Sharpe λ=0.50 γ=0.10,0.13435729334987334,0.12700817738536996,0.9003931534493945
2020-12-21,Combined Robust Max Sharpe λ=0.50 γ=0.10,0.13328058441896662,0.12700631515690272,0.8919287539286576
2020-12-22,Combined Robust Max Sharpe λ=0.50 γ=0.10,0.1342838775366768,0.1270094627989398,0.8998060067192946
2020-12-23,Combined Robust Max Sharpe λ=0.50 γ=0.10,0.12921132615740638,0.12704367147457063,0.8596360990658742
2020-12-24,Combined Robust Max Sharpe λ=0.50 γ=0.10,0.12925287845253286,0.12704447639541727,0.8599577215186492
2020-12-28,Combined Robust Max Sharpe λ=0.50 γ=0.10,0.13059557937867083,0.12705260651612754,0.870470763341894
2020-12-29,Combined Robust Max Sharpe λ=0.50 γ=0.10,0.13227109141854942,0.12704241411444023,0.8837292033620776
2020-12-30,Combined Robust Max Sharpe λ=0.50 γ=0.10,0.1365882603089359,0.12703066055948764,0.9177962217581193
2020-12-31,Combined Robust Max Sharpe λ=0.50 γ=0.10,0.13222606939260384,0.1269339404300701,0.8841297214312112
2021-01-04,Combined Robust Max Sharpe λ=0.50 γ=0.10,0.12896052636629096,0.1269187202143754,0.8585063431324262
2021-01-05,Combined Robust Max Sharpe λ=0.50 γ=0.10,0.1278361836521118,0.1269223863850429,0.849623039114396
2021-01-06,Combined Robust Max Sharpe λ=0.50 γ=0.10,0.11457039195591179,0.12767394689478428,0.7407180106513583
2021-01-07,Combined Robust Max Sharpe λ=0.50 γ=0.10,0.11721563448824579,0.1276772105861077,0.7614172806718854
2021-01-08,Combined Robust Max Sharpe λ=0.50 γ=0.10,0.10919697943477091,0.12773125921520456,0.6983175456251456
2021-01-11,Combined Robust Max Sharpe λ=0.50 γ=0.10,0.10210540582330574,0.12783762919114772,0.6422632079678088
2021-01-12,Combined Robust Max Sharpe λ=0.50 γ=0.10,0.10252693387062872,0.12783709296438395,0.6455632864994915
2021-01-13,Combined Robust Max Sharpe λ=0.50 γ=0.10,0.10771440197179083,0.1279309142514727,0.6856388269013022
2021-01-14,Combined Robust Max Sharpe λ=0.50 γ=0.10,0.0993951753727289,0.1280144794554161,0.6202046495871589
2021-01-15,Combined Robust Max Sharpe λ=0.50 γ=0.10,0.09532129129695033,0.12802587538585528,0.5883286567652094
2021-01-19,Combined Robust Max Sharpe λ=0.50 γ=0.10,0.1012284784763966,0.1281437620826425,0.6338855450803037
2021-01-20,Combined Robust Max Sharpe λ=0.50 γ=0.10,0.1077337445637776,0.12837697785197366,0.6834071500338624
2021-01-21,Combined Robust Max Sharpe λ=0.50 γ=0.10,0.10652111195789904,0.12838211366946659,0.6739343159644251
2021-01-22,Combined Robust Max Sharpe λ=0.50 γ=0.10,0.10380656658572796,0.12837787109013982,0.6528116245741732
2021-01-25,Combined Robust Max Sharpe λ=0.50 γ=0.10,0.11130986689392652,0.1285298338215788,0.7104176841983637
2021-01-26,Combined Robust Max Sharpe λ=0.50 γ=0.10,0.11138978755028828,0.12852918496299298,0.7110430800335492
2021-01-27,Combined Robust Max Sharpe λ=0.50 γ=0.10,0.10336396128906067,0.12871989154908525,0.6476385295684557
2021-01-28,Combined Robust Max Sharpe λ=0.50 γ=0.10,0.09919161778123087,0.12870045666077373,0.6153173021752569
2021-01-29,Combined Robust Max Sharpe λ=0.50 γ=0.10,0.08969441844633907,0.12892521446706623,0.5405802017427895
2021-02-01,Combined Robust Max Sharpe λ=0.50 γ=0.10,0.10054357096678035,0.12912947324441676,0.6237427362096272
2021-02-02,Combined Robust Max Sharpe λ=0.50 γ=0.10,0.098705238345699,0.12913351539416784,0.6094873054873376
2021-02-03,Combined Robust Max Sharpe λ=0.50 γ=0.10,0.09378599785585706,0.1292205812977127,0.57100809418169
2021-02-04,Combined Robust Max Sharpe λ=0.50 γ=0.10,0.09071905712680395,0.12922667038541857,0.5472481564052091
2021-02-05,Combined Robust Max Sharpe λ=0.50 γ=0.10,0.08823438778762993,0.12922437449036156,0.5280303197963578
2021-02-08,Combined Robust Max Sharpe λ=0.50 γ=0.10,0.09147696949853845,0.1292903456239217,0.5528407334175581
2021-02-09,Combined Robust Max Sharpe λ=0.50 γ=0.10,0.08838651279235132,0.12924865713111622,0.5291081107556628
2021-02-10,Combined Robust Max Sharpe λ=0.50 γ=0.10,0.09254451271492603,0.1292602803603211,0.5612281863593647
2021-02-11,Combined Robust Max Sharpe λ=0.50 γ=0.10,0.0897227087079484,0.12928071495309393,0.5393125241707197
2021-02-12,Combined Robust Max Sharpe λ=0.50 γ=0.10,0.08527773676477035,0.12934400294167872,0.5046831339695287
2021-02-16,Combined Robust Max Sharpe λ=0.50 γ=0.10,0.07240665738722796,0.12969763545337515,0.40406794776198957
2021-02-17,Combined Robust Max Sharpe λ=0.50 γ=0.10,0.06974991221278071,0.12969401301898995,0.3835945164677437
2021-02-18,Combined Robust Max Sharpe λ=0.50 γ=0.10,0.0658133905548064,0.1297149144898597,0.35318521956384435
2021-02-19,Combined Robust Max Sharpe λ=0.50 γ=0.10,0.05869282964249556,0.12983208056530707,0.298022102657691
2021-02-22,Combined Robust Max Sharpe λ=0.50 γ=0.10,0.05126920464098217,0.1300013392285172,0.2405298655117464
2021-02-23,Combined Robust Max Sharpe λ=0.50 γ=0.10,0.055433722967868526,0.12988578943188994,0.27280677218695587
2021-02-24,Combined Robust Max Sharpe λ=0.50 γ=0.10,0.0645351314674747,0.12957024168270737,0.3437141961696164
2021-02-25,Combined Robust Max Sharpe λ=0.50 γ=0.10,0.045278731906813086,0.13114256100229993,0.19275765025184888
2021-02-26,Combined Robust Max Sharpe λ=0.50 γ=0.10,0.06816114754693126,0.13086273563618203,0.3680279746010082
2021-03-01,Combined Robust Max Sharpe λ=0.50 γ=0.10,0.06874397427373058,0.13087450754406788,0.37244819627930653
2021-03-02,Combined Robust Max Sharpe λ=0.50 γ=0.10,0.05344851262208028,0.1303975796031508,0.25651175983386165
2021-03-03,Combined Robust Max Sharpe λ=0.50 γ=0.10,0.03758506301099951,0.13102265203806776,0.13421391444504027
2021-03-04,Combined Robust Max Sharpe λ=0.50 γ=0.10,0.016407632120339466,0.13089513137877823,-0.027444625646656846
2021-03-05,Combined Robust Max Sharpe λ=0.50 γ=0.10,0.024424334745838383,0.13088976844407907,0.033801990777671986
2021-03-08,Combined Robust Max Sharpe λ=0.50 γ=0.10,0.011231351126143485,0.13132753391034355,-0.06676931038576278
2021-03-09,Combined Robust Max Sharpe λ=0.50 γ=0.10,0.055393695877506754,0.1299683500846182,0.27232549966559594
2021-03-10,Combined Robust Max Sharpe λ=0.50 γ=0.10,0.05920245939477198,0.12997218225087095,0.30162192182865555
2021-03-11,Combined Robust Max Sharpe λ=0.50 γ=0.10,0.0931421409878912,0.12692189718928695,0.5762767702629714
2021-03-12,Combined Robust Max Sharpe λ=0.50 γ=0.10,0.13242527201978604,0.11921740437500579,0.9430273424352147
2021-03-15,Combined Robust Max Sharpe λ=0.50 γ=0.10,0.10367999968683028,0.11526092179667481,0.7260049493135702
2021-03-16,Combined Robust Max Sharpe λ=0.50 γ=0.10,0.13233359497285635,0.1122155507644444,1.001051941621351
2021-03-17,Combined Robust Max Sharpe λ=0.50 γ=0.10,0.13831640938263523,0.11205301856146885,1.055896671964535
2021-03-18,Combined Robust Max Sharpe λ=0.50 γ=0.10,0.16632844975323158,0.1065084422466072,1.3738671476804256
2021-03-19,Combined Robust Max Sharpe λ=0.50 γ=0.10,0.1868417282848922,0.10548825799749037,1.5816142142461154
2021-03-22,Combined Robust Max Sharpe λ=0.50 γ=0.10,0.19076136480354755,0.10564903927362382,1.616307786399148
2021-03-23,Combined Robust Max Sharpe λ=0.50 γ=0.10,0.16377269769474645,0.10303335898218825,1.395399500850991
2021-03-24,Combined Robust Max Sharpe λ=0.50 γ=0.10,0.12435214440440556,0.09773149343491934,1.0677432702273704
2021-03-25,Combined Robust Max Sharpe λ=0.50 γ=0.10,0.10238076137678043,0.09630102266431137,0.8554505351822217
2021-03-26,Combined Robust Max Sharpe λ=0.50 γ=0.10,0.08469438637572968,0.09459101348122183,0.6839379767145933
2021-03-29,Combined Robust Max Sharpe λ=0.50 γ=0.10,0.0849845455863738,0.09457220916086406,0.6871420913498736
2021-03-30,Combined Robust Max Sharpe λ=0.50 γ=0.10,0.06887657486509324,0.09366106514756381,0.5218451742790644
2021-03-31,Combined Robust Max Sharpe λ=0.50 γ=0.10,0.08156447406040557,0.09338163839126151,0.6592781527612034
2021-04-01,Combined Robust Max Sharpe λ=0.50 γ=0.10,0.09826475501996401,0.09396083452401223,0.8329508291027684
2021-04-05,Combined Robust Max Sharpe λ=0.50 γ=0.10,0.09034833620841454,0.0935341465699099,0.752113947560684
2021-04-06,Combined Robust Max Sharpe λ=0.50 γ=0.10,0.09726256741600348,0.09359560489977849,0.8254935421245013
2021-04-07,Combined Robust Max Sharpe λ=0.50 γ=0.10,0.07330740017984949,0.09155455798955503,0.5822473654007596
2021-04-08,Combined Robust Max Sharpe λ=0.50 γ=0.10,0.08692110372592543,0.09163861329230552,0.7302718943646923
2021-04-09,Combined Robust Max Sharpe λ=0.50 γ=0.10,0.0837382158534754,0.09165044335134148,0.6954490728335628
2021-04-12,Combined Robust Max Sharpe λ=0.50 γ=0.10,0.07620743908724159,0.09152505016568639,0.6141208225014914
2021-04-13,Combined Robust Max Sharpe λ=0.50 γ=0.10,0.08137870746291864,0.09173460668567893,0.6690899942834848
2021-04-14,Combined Robust Max Sharpe λ=0.50 γ=0.10,0.06378942154519396,0.09103329203816261,0.48102645268323074
2021-04-15,Combined Robust Max Sharpe λ=0.50 γ=0.10,0.06914895547146149,0.09154965625867915,0.5368557073834128
2021-04-16,Combined Robust Max Sharpe λ=0.50 γ=0.10,0.05843845821610372,0.09123234327430117,0.4213249033901694
2021-04-19,Combined Robust Max Sharpe λ=0.50 γ=0.10,0.059941810622212266,0.09115697923414012,0.43816514059357126
2021-04-20,Combined Robust Max Sharpe λ=0.50 γ=0.10,0.059024945770968396,0.09115109801407197,0.4281346755136586
2021-04-21,Combined Robust Max Sharpe λ=0.50 γ=0.10,0.07026284782809333,0.09107581008547148,0.5518792287537535
2021-04-22,Combined Robust Max Sharpe λ=0.50 γ=0.10,0.061021108311453354,0.09090641307205255,0.4512454834065443
2021-04-23,Combined Robust Max Sharpe λ=0.50 γ=0.10,0.060087108009650336,0.09088643256028905,0.4410681207347285
2021-04-26,Combined Robust Max Sharpe λ=0.50 γ=0.10,0.05718638058559189,0.09081124964170106,0.4094909026393981
2021-04-27,Combined Robust Max Sharpe λ=0.50 γ=0.10,0.05865308753444087,0.09072424349030037,0.426050260078205
2021-04-28,Combined Robust Max Sharpe λ=0.50 γ=0.10,0.05967225674360499,0.09072009795946333,0.43730394516694454
2021-04-29,Combined Robust Max Sharpe λ=0.50 γ=0.10,0.05003248902820023,0.09039467942531478,0.33223735311781766
2021-04-30,Combined Robust Max Sharpe λ=0.50 γ=0.10,0.05601488230026308,0.09011679054112491,0.39964674822532253
2021-05-03,Combined Robust Max Sharpe λ=0.50 γ=0.10,0.06122741744696669,0.09006497920679166,0.45775192322320324
2021-05-04,Combined Robust Max Sharpe λ=0.50 γ=0.10,0.055755047633527344,0.09010765666484748,0.39680365639200993
2021-05-05,Combined Robust Max Sharpe λ=0.50 γ=0.10,0.05502723488017147,0.0901018208970209,0.38875168705197166
2021-05-06,Combined Robust Max Sharpe λ=0.50 γ=0.10,0.06676456928051966,0.08997258077608215,0.519764675828342
2021-05-07,Combined Robust Max Sharpe λ=0.50 γ=0.10,0.05623024361732787,0.08917565730792361,0.40627952415562024
2021-05-10,Combined Robust Max Sharpe λ=0.50 γ=0.10,0.04917351980547435,0.08961710367081308,0.3255351781132793
2021-05-11,Combined Robust Max Sharpe λ=0.50 γ=0.10,0.0483788017298743,0.08963787560818418,0.31659386768513775
2021-05-12,Combined Robust Max Sharpe λ=0.50 γ=0.10,0.03606529514000334,0.0905078905132733,0.1775015973623571
2021-05-13,Combined Robust Max Sharpe λ=0.50 γ=0.10,0.03971405286891039,0.09060998907471848,0.21757041436848487
2021-05-14,Combined Robust Max Sharpe λ=0.50 γ=0.10,0.04226123137882132,0.09084571908174544,0.245044363166855
2021-05-17,Combined Robust Max Sharpe λ=0.50 γ=0.10,0.040214221134916794,0.0908382962000159,0.22252972568317783
2021-05-18,Combined Robust Max Sharpe λ=0.50 γ=0.10,0.04290615488881322,0.09073069300029817,0.2524631316189544
2021-05-19,Combined Robust Max Sharpe λ=0.50 γ=0.10,0.03842357014338593,0.09070940790396295,0.2031053952296941
2021-05-20,Combined Robust Max Sharpe λ=0.50 γ=0.10,0.040811087075716124,0.09089667126187169,0.22895323653557953
2021-05-21,Combined Robust Max Sharpe λ=0.50 γ=0.10,0.044867508153113356,0.09080222630144266,0.2738645203539273
2021-05-24,Combined Robust Max Sharpe λ=0.50 γ=0.10,0.046208837033513195,0.0908673682642226,0.2884295818637949
2021-05-25,Combined Robust Max Sharpe λ=0.50 γ=0.10,0.05932071594801358,0.090645740865565,0.4337844842189485
2021-05-26,Combined Robust Max Sharpe λ=0.50 γ=0.10,0.05816446650829321,0.0906391535768565,0.4210593877173848
2021-05-27,Combined Robust Max Sharpe λ=0.50 γ=0.10,0.05722084511321457,0.09065775912613809,0.4105643628520176
2021-05-28,Combined Robust Max Sharpe λ=0.50 γ=0.10,0.049836756710762264,0.09033485649498381,0.3302906305321807
2021-06-01,Combined Robust Max Sharpe λ=0.50 γ=0.10,0.0495074430538196,0.09033856365971135,0.3266317490387458
2021-06-02,Combined Robust Max Sharpe λ=0.50 γ=0.10,0.05274616391222087,0.0903542894812169,0.36241958295768817
2021-06-03,Combined Robust Max Sharpe λ=0.50 γ=0.10,0.053387350874626316,0.09030516249015003,0.36971696804452364
2021-06-04,Combined Robust Max Sharpe λ=0.50 γ=0.10,0.07000343546971943,0.09062991851108111,0.5517321022814957
2021-06-07,Combined Robust Max Sharpe λ=0.50 γ=0.10,0.07169604497766335,0.09060916615169072,0.570538800579159
2021-06-08,Combined Robust Max Sharpe λ=0.50 γ=0.10,0.06867470310884394,0.09050432497291326,0.5378163211914085
2021-06-09,Combined Robust Max Sharpe λ=0.50 γ=0.10,0.06322864409144069,0.09022463441631236,0.47912240787783195
2021-06-10,Combined Robust Max Sharpe λ=0.50 γ=0.10,0.05616724335252976,0.08960684681061457,0.4036214267082713
2021-06-11,Combined Robust Max Sharpe λ=0.50 γ=0.10,0.061043882319404386,0.08936427057180187,0.4592873869700161
2021-06-14,Combined Robust Max Sharpe λ=0.50 γ=0.10,0.05971682483257279,0.08939551304048911,0.4442820839854032
2021-06-15,Combined Robust Max Sharpe λ=0.50 γ=0.10,0.05504937389536124,0.0893827128327962,0.3921269872500554
2021-06-16,Combined Robust Max Sharpe λ=0.50 γ=0.10,0.04923121654002993,0.08962731770472405,0.32614182024649857
2021-06-17,Combined Robust Max Sharpe λ=0.50 γ=0.10,0.04699637583179239,0.08959096910867229,0.30132920874029456
2021-06-18,Combined Robust Max Sharpe λ=0.50 γ=0.10,0.045243407654123935,0.0895307582413435,0.2819523496726853
2021-06-21,Combined Robust Max Sharpe λ=0.50 γ=0.10,0.04290160238055085,0.08951475588058554,0.25584164482448063
2021-06-22,Combined Robust Max Sharpe λ=0.50 γ=0.10,0.04124883701029103,0.08946546398533674,0.23750882255273031
2021-06-23,Combined Robust Max Sharpe λ=0.50 γ=0.10,0.03839524086530077,0.08947474191655387,0.2055914381117364
2021-06-24,Combined Robust Max Sharpe λ=0.50 γ=0.10,0.04221704403579918,0.08946490257222885,0.2483325124940745
2021-06-25,Combined Robust Max Sharpe λ=0.50 γ=0.10,0.03667013480727643,0.08944260702958118,0.18637800664467608
2021-06-28,Combined Robust Max Sharpe λ=0.50 γ=0.10,0.043099712391722944,0.08956047945641692,0.25792305414090627
2021-06-29,Combined Robust Max Sharpe λ=0.50 γ=0.10,0.04004524852922842,0.08954331889963503,0.22386090638092396
2021-06-30,Combined Robust Max Sharpe λ=0.50 γ=0.10,0.03872972657379847,0.0895037984010602,0.20926180685507773
2021-07-01,Combined Robust Max Sharpe λ=0.50 γ=0.10,0.038643887482952666,0.08950290761326639,0.20830482472716016
2021-07-02,Combined Robust Max Sharpe λ=0.50 γ=0.10,0.04193874371775608,0.08965046453774513,0.24471422240672616
2021-07-06,Combined Robust Max Sharpe λ=0.50 γ=0.10,0.04182093620224547,0.0896437336780515,0.24341842209086995
2021-07-07,Combined Robust Max Sharpe λ=0.50 γ=0.10,0.04193347619745702,0.08964879363417907,0.24466002617903346
2021-07-08,Combined Robust Max Sharpe λ=0.50 γ=0.10,0.03894392738750008,0.08961358267179434,0.21139571505450627
2021-07-09,Combined Robust Max Sharpe λ=0.50 γ=0.10,0.02918409548056733,0.08936897289660145,0.10276604041531492
2021-07-12,Combined Robust Max Sharpe λ=0.50 γ=0.10,0.030160063875115384,0.08936472849938068,0.11369210252997966
2021-07-13,Combined Robust Max Sharpe λ=0.50 γ=0.10,0.030701158210673984,0.08934381397149257,0.11977503237200576
2021-07-14,Combined Robust Max Sharpe λ=0.50 γ=0.10,0.03413593793735159,0.089510805026168,0.15792437497594872
2021-07-15,Combined Robust Max Sharpe λ=0.50 γ=0.10,0.0377251390738933,0.08954185234787715,0.19795367874488162
2021-07-16,Combined Robust Max Sharpe λ=0.50 γ=0.10,0.035266764839356535,0.08962174000133186,0.17034666855530428
2021-07-19,Combined Robust Max Sharpe λ=0.50 γ=0.10,0.03969910536738541,0.08976297372401117,0.21945691580977553
2021-07-20,Combined Robust Max Sharpe λ=0.50 γ=0.10,0.030992648195046213,0.08934466577575449,0.12303642416254125
2021-07-21,Combined Robust Max Sharpe λ=0.50 γ=0.10,0.027557304507167757,0.08941750850776842,0.08451705525334775
2021-07-22,Combined Robust Max Sharpe λ=0.50 γ=0.10,0.027592196569278693,0.08941912182183993,0.08490573844379175
2021-07-23,Combined Robust Max Sharpe λ=0.50 γ=0.10,0.029241478412128874,0.08940490051304889,0.10336657564738361
2021-07-26,Combined Robust Max Sharpe λ=0.50 γ=0.10,0.02939075738551855,0.08940295046497956,0.10503856233690013
2021-07-27,Combined Robust Max Sharpe λ=0.50 γ=0.10,0.025624700526537092,0.08922890215166933,0.06303675592664301
2021-07-28,Combined Robust Max Sharpe λ=0.50 γ=0.10,0.026331835775603274,0.08923739993392558,0.07095495588499419
2021-07-29,Combined Robust Max Sharpe λ=0.50 γ=0.10,0.0224105503783929,0.08915146816549367,0.027038818630761616
2021-07-30,Combined Robust Max Sharpe λ=0.50 γ=0.10,0.019415566892174718,0.08912378735241133,-0.006557543448129393
2021-08-02,Combined Robust Max Sharpe λ=0.50 γ=0.10,0.016543707902676452,0.08898509260530592,-0.038841248529728
2021-08-03,Combined Robust Max Sharpe λ=0.50 γ=0.10,0.016456403336199354,0.08898328875101037,-0.039823170322645665
2021-08-04,Combined Robust Max Sharpe λ=0.50 γ=0.10,0.008116580383510819,0.08861279016059344,-0.13410501570882483
2021-08-05,Combined Robust Max Sharpe λ=0.50 γ=0.10,0.007809886215196515,0.08861816511687434,-0.13755773174412397
2021-08-06,Combined Robust Max Sharpe λ=0.50 γ=0.10,-0.009926822254617607,0.08890873127281154,-0.3366016118573192
2021-08-09,Combined Robust Max Sharpe λ=0.50 γ=0.10,-0.006469386570383984,0.08866271739343941,-0.2985402133901051
2021-08-10,Combined Robust Max Sharpe λ=0.50 γ=0.10,-0.005283634206360244,0.08862726680281614,-0.28528053632312683
2021-08-11,Combined Robust Max Sharpe λ=0.50 γ=0.10,0.015659551552899886,0.08681777095539926,-0.049994930753634814
2021-08-12,Combined Robust Max Sharpe λ=0.50 γ=0.10,0.013853754423145626,0.08679538557535543,-0.07081304537230527
2021-08-13,Combined Robust Max Sharpe λ=0.50 γ=0.10,0.021824422173209124,0.0872134835378323,0.020919037965244306
2021-08-16,Combined Robust Max Sharpe λ=0.50 γ=0.10,0.02631074579287085,0.08721923148228496,0.07235498049707788
2021-08-17,Combined Robust Max Sharpe λ=0.50 γ=0.10,0.01603959599073712,0.08692548267177587,-0.045560909039954016
2021-08-18,Combined Robust Max Sharpe λ=0.50 γ=0.10,0.0076815076769851665,0.0867104636518984,-0.14206465753046563
2021-08-19,Combined Robust Max Sharpe λ=0.50 γ=0.10,0.019584118061976463,0.0862699699917725,-0.004820703404245992
2021-08-20,Combined Robust Max Sharpe λ=0.50 γ=0.10,0.013606626687336032,0.08592409864025988,-0.07440722002137294
2021-08-23,Combined Robust Max Sharpe λ=0.50 γ=0.10,0.015941121211851872,0.08601694259704479,-0.04718696881801953
2021-08-24,Combined Robust Max Sharpe λ=0.50 γ=0.10,0.013904972925990577,0.08604776572841659,-0.07083306605829265
2021-08-25,Combined Robust Max Sharpe λ=0.50 γ=0.10,0.01068434445649702,0.08613605136771998,-0.10815048281855744
2021-08-26,Combined Robust Max Sharpe λ=0.50 γ=0.10,0.0039027174292933786,0.08592817387647227,-0.18733416345897896
2021-08-27,Combined Robust Max Sharpe λ=0.50 γ=0.10,0.02025364054283707,0.08581760790376698,0.0029555769384937173
2021-08-30,Combined Robust Max Sharpe λ=0.50 γ=0.10,0.018054700177281058,0.08573591226792025,-0.022689439830534282
2021-08-31,Combined Robust Max Sharpe λ=0.50 γ=0.10,0.011147166274257936,0.08564461239524879,-0.10336708262378899
2021-09-01,Combined Robust Max Sharpe λ=0.50 γ=0.10,0.0032491739924302987,0.08520566860105089,-0.19659285916762473
2021-09-02,Combined Robust Max Sharpe λ=0.50 γ=0.10,0.001339484860056972,0.08515320384227444,-0.2191404938152073
2021-09-03,Combined Robust Max Sharpe λ=0.50 γ=0.10,0.013555531969845491,0.08414827379123194,-0.07658467298025558
2021-09-07,Combined Robust Max Sharpe λ=0.50 γ=0.10,0.016567884565866997,0.08384871637340638,-0.040932235847817224
2021-09-08,Combined Robust Max Sharpe λ=0.50 γ=0.10,0.02868093680162742,0.08323208528812782,0.104297961195809
2021-09-09,Combined Robust Max Sharpe λ=0.50 γ=0.10,0.024246201462103434,0.08292375347622463,0.05120609335804942
2021-09-10,Combined Robust Max Sharpe λ=0.50 γ=0.10,0.02222770626599968,0.08303973300461656,0.026826992156584024
2021-09-13,Combined Robust Max Sharpe λ=0.50 γ=0.10,0.025725268936044543,0.08307685025773442,0.06891533463633598
2021-09-14,Combined Robust Max Sharpe λ=0.50 γ=0.10,0.024300266662140135,0.08299866075646269,0.05181127771155385
2021-09-15,Combined Robust Max Sharpe λ=0.50 γ=0.10,0.021419020312804626,0.0829694953033658,0.017102916049039303
2021-09-16,Combined Robust Max Sharpe λ=0.50 γ=0.10,0.020045791436681837,0.0830560501773624,0.000551331740241089
2021-09-17,Combined Robust Max Sharpe λ=0.50 γ=0.10,0.019080244258532053,0.08310709360121833,-0.011067114750532726
2021-09-20,Combined Robust Max Sharpe λ=0.50 γ=0.10,0.02469061684325191,0.08300636684950487,0.05650912118291189
2021-09-21,Combined Robust Max Sharpe λ=0.50 γ=0.10,0.026199374011961707,0.08300388731196694,0.07468775514888353
2021-09-22,Combined Robust Max Sharpe λ=0.50 γ=0.10,0.02596577544979506,0.08299433691578126,0.07188171713268637
2021-09-23,Combined Robust Max Sharpe λ=0.50 γ=0.10,0.02954355323674318,0.08260315822984558,0.11553496792686761
2021-09-24,Combined Robust Max Sharpe λ=0.50 γ=0.10,0.023266402526752605,0.08261466486545715,0.0395378052077332
2021-09-27,Combined Robust Max Sharpe λ=0.50 γ=0.10,0.014978667345558527,0.08246527112337132,-0.06089027036519846
2021-09-28,Combined Robust Max Sharpe λ=0.50 γ=0.10,-0.003827276109200639,0.08320309221294023,-0.28637488674363093
2021-09-29,Combined Robust Max Sharpe λ=0.50 γ=0.10,-0.004618195592881347,0.08319919278254696,-0.29589464476205357
2021-09-30,Combined Robust Max Sharpe λ=0.50 γ=0.10,-0.0008549844850518351,0.08315937006984236,-0.2507833388773452
2021-10-01,Combined Robust Max Sharpe λ=0.50 γ=0.10,-0.0006650484680851276,0.08317361199344561,-0.24845678782969785
2021-10-04,Combined Robust Max Sharpe λ=0.50 γ=0.10,0.0036635931160557966,0.08284731566065401,-0.1971869185340753
2021-10-05,Combined Robust Max Sharpe λ=0.50 γ=0.10,0.0035700186309710613,0.08284885520854295,-0.19831271449282215
2021-10-06,Combined Robust Max Sharpe λ=0.50 γ=0.10,0.01081588338646644,0.0827903115368503,-0.11093226300333067
2021-10-07,Combined Robust Max Sharpe λ=0.50 γ=0.10,0.006906661776043155,0.08282431672038262,-0.15808567752101532
2021-10-08,Combined Robust Max Sharpe λ=0.50 γ=0.10,-0.0003250920278947689,0.08279333400997593,-0.24549188978723527
2021-10-11,Combined Robust Max Sharpe λ=0.50 γ=0.10,-0.010466354042422021,0.08259328865534017,-0.3688720299001217
2021-10-12,Combined Robust Max Sharpe λ=0.50 γ=0.10,-0.013048101388287714,0.08236855020920483,-0.40122232702105437
2021-10-13,Combined Robust Max Sharpe λ=0.50 γ=0.10,-0.005773990501516835,0.08269497770162242,-0.3116754030034785
2021-10-14,Combined Robust Max Sharpe λ=0.50 γ=0.10,0.0013917171826016705,0.08294138319817768,-0.22435462370981024
2021-10-15,Combined Robust Max Sharpe λ=0.50 γ=0.10,-0.0007812057183170795,0.08301784176980659,-0.25032216298683835
2021-10-18,Combined Robust Max Sharpe λ=0.50 γ=0.10,0.00364206733303285,0.08297970615473789,-0.1971317256349812
2021-10-19,Combined Robust Max Sharpe λ=0.50 γ=0.10,0.006955717715947163,0.08282579880839488,-0.15749057022955898
2021-10-20,Combined Robust Max Sharpe λ=0.50 γ=0.10,0.008974834738674664,0.08280177513652608,-0.13315131521210397
2021-10-21,Combined Robust Max Sharpe λ=0.50 γ=0.10,0.008802192060604064,0.0828025629257648,-0.13523504036264117
2021-10-22,Combined Robust Max Sharpe λ=0.50 γ=0.10,0.018141582390288846,0.08267556398242515,-0.022478438854148117
2021-10-25,Combined Robust Max Sharpe λ=0.50 γ=0.10,0.018659187816480127,0.08269169222918776,-0.01621459359912102
2021-10-26,Combined Robust Max Sharpe λ=0.50 γ=0.10,0.02080474475585281,0.08270691816808139,0.009730077890429498
2021-10-27,Combined Robust Max Sharpe λ=0.50 γ=0.10,0.02207518950140952,0.08278971383986554,0.025065789035379638
2021-10-28,Combined Robust Max Sharpe λ=0.50 γ=0.10,0.03540614138530973,0.08187326995409897,0.188170588446595
2021-10-29,Combined Robust Max Sharpe λ=0.50 γ=0.10,0.035952453561511666,0.08187132867585367,0.1948478645640513
2021-11-01,Combined Robust Max Sharpe λ=0.50 γ=0.10,0.04514258599104459,0.08133590664074165,0.30912037536015513
2021-11-02,Combined Robust Max Sharpe λ=0.50 γ=0.10,0.04292002335422307,0.08124094472849769,0.28212403771054606
2021-11-03,Combined Robust Max Sharpe λ=0.50 γ=0.10,0.037011514341499296,0.08124608856578398,0.2093825640323014
2021-11-04,Combined Robust Max Sharpe λ=0.50 γ=0.10,0.025371182755933308,0.07929639030995196,0.06773552661020947
2021-11-05,Combined Robust Max Sharpe λ=0.50 γ=0.10,0.02261644121399664,0.0789733367233425,0.033130690971846545
2021-11-08,Combined Robust Max Sharpe λ=0.50 γ=0.10,0.025295549649610338,0.07888118402591669,0.06713324242027688
2021-11-09,Combined Robust Max Sharpe λ=0.50 γ=0.10,0.05135256050230175,0.07612589499394806,0.41185145350073377
2021-11-10,Combined Robust Max Sharpe λ=0.50 γ=0.10,0.04908737259734863,0.07633937317978913,0.3810271343051782
2021-11-11,Combined Robust Max Sharpe λ=0.50 γ=0.10,0.0422036859193784,0.07610082118413111,0.29176670598146465
2021-11-12,Combined Robust Max Sharpe λ=0.50 γ=0.10,0.03766961010086933,0.07586801977352992,0.23289931849564627
2021-11-15,Combined Robust Max Sharpe λ=0.50 γ=0.10,0.03005887390637585,0.07598956289302089,0.13237178269516914
2021-11-16,Combined Robust Max Sharpe λ=0.50 γ=0.10,0.028226144072590387,0.0759897416610144,0.1082533496335165
2021-11-17,Combined Robust Max Sharpe λ=0.50 γ=0.10,0.031348086111929074,0.07609331619489333,0.14913380937248008
2021-11-18,Combined Robust Max Sharpe λ=0.50 γ=0.10,0.03582181061148981,0.07608891447824534,0.20793844569846562
2021-11-19,Combined Robust Max Sharpe λ=0.50 γ=0.10,0.03501150527065766,0.07605968796166103,0.1973648022093441
2021-11-22,Combined Robust Max Sharpe λ=0.50 γ=0.10,0.022317668775733157,0.07677174458125799,0.03018908568998393
2021-11-23,Combined Robust Max Sharpe λ=0.50 γ=0.10,0.021013653911092556,0.07687174355776404,0.013186300507557258
2021-11-24,Combined Robust Max Sharpe λ=0.50 γ=0.10,0.029108602209846568,0.0770126871072971,0.11827404745864932
2021-11-26,Combined Robust Max Sharpe λ=0.50 γ=0.10,0.03328361815656855,0.07714809725701596,0.17218335420917355
2021-11-29,Combined Robust Max Sharpe λ=0.50 γ=0.10,0.030414929678897362,0.07705412376274075,0.13516381953763082
2021-11-30,Combined Robust Max Sharpe λ=0.50 γ=0.10,0.03166675861089363,0.07704249809377768,0.1514327663245371
2021-12-01,Combined Robust Max Sharpe λ=0.50 γ=0.10,0.030165485471115527,0.07704911210656808,0.13193514101830858
2021-12-02,Combined Robust Max Sharpe λ=0.50 γ=0.10,0.03366836828980402,0.0770595287929481,0.17737414832278137
2021-12-03,Combined Robust Max Sharpe λ=0.50 γ=0.10,0.032050412769139,0.07698164645856145,0.15653617873223372
2021-12-06,Combined Robust Max Sharpe λ=0.50 γ=0.10,0.034338282336069614,0.0768683571876288,0.1865303599642587
2021-12-07,Combined Robust Max Sharpe λ=0.50 γ=0.10,0.03100003512145144,0.07664040254985291,0.14352788810439973
2021-12-08,Combined Robust Max Sharpe λ=0.50 γ=0.10,0.023492192654599453,0.07672181086842962,0.04551759942929685
2021-12-09,Combined Robust Max Sharpe λ=0.50 γ=0.10,0.031713564592831034,0.07613605612212551,0.1538504250081193
2021-12-10,Combined Robust Max Sharpe λ=0.50 γ=0.10,0.03066677773918003,0.0760918160535676,0.14018298277531926
2021-12-13,Combined Robust Max Sharpe λ=0.50 γ=0.10,0.03190030292456969,0.0761210293662322,0.1563339726702217
2021-12-14,Combined Robust Max Sharpe λ=0.50 γ=0.10,0.027004406958798466,0.07628452239616715,0.09181950333807683
2021-12-15,Combined Robust Max Sharpe λ=0.50 γ=0.10,0.026334693909966678,0.07625785553319181,0.08306939482725754
2021-12-16,Combined Robust Max Sharpe λ=0.50 γ=0.10,0.023771888725321544,0.07626487247179209,0.04945774644436261
2021-12-17,Combined Robust Max Sharpe λ=0.50 γ=0.10,0.022421027998878795,0.0762384883080575,0.03175598116657464
2021-12-20,Combined Robust Max Sharpe λ=0.50 γ=0.10,0.01894114643910405,0.07641152210901234,-0.013857249949625903
2021-12-21,Combined Robust Max Sharpe λ=0.50 γ=0.10,0.021765884548165193,0.07646973331016833,0.023092594569443587
2021-12-22,Combined Robust Max Sharpe λ=0.50 γ=0.10,0.02597228210285718,0.07665240761452759,0.07791382278415585
2021-12-23,Combined Robust Max Sharpe λ=0.50 γ=0.10,0.028094140012598023,0.07660460125930446,0.10566127725408533
2021-12-27,Combined Robust Max Sharpe λ=0.50 γ=0.10,0.029913704317650947,0.07669890301803721,0.12925483843386326
2021-12-28,Combined Robust Max Sharpe λ=0.50 γ=0.10,0.02556286508217198,0.07671331670673254,0.07251498593703447
2021-12-29,Combined Robust Max Sharpe λ=0.50 γ=0.10,0.020786029499354708,0.07683769652479952,0.01022973793990577
2021-12-30,Combined Robust Max Sharpe λ=0.50 γ=0.10,0.02223751394179274,0.0768872262672987,0.029101244126222166
2021-12-31,Combined Robust Max Sharpe λ=0.50 γ=0.10,0.020331502562262127,0.07686909987148748,0.004312559439571226
2022-01-03,Combined Robust Max Sharpe λ=0.50 γ=0.10,0.010623385638371063,0.07749890362315673,-0.1209902840332208
2022-01-04,Combined Robust Max Sharpe λ=0.50 γ=0.10,0.009684545124108324,0.07751054862911153,-0.13308452924583458
2022-01-05,Combined Robust Max Sharpe λ=0.50 γ=0.10,0.013802824479963727,0.07690639540279665,-0.08058075648427696
2022-01-06,Combined Robust Max Sharpe λ=0.50 γ=0.10,0.009693266159206404,0.07692017616611647,-0.1339925927696164
2022-01-07,Combined Robust Max Sharpe λ=0.50 γ=0.10,0.009781073139344398,0.07691553726787445,-0.13285907143918207
2022-01-10,Combined Robust Max Sharpe λ=0.50 γ=0.10,0.01545115819803855,0.07675838393153822,-0.05926182351648544
2022-01-11,Combined Robust Max Sharpe λ=0.50 γ=0.10,0.022212558247401537,0.0770780766482367,0.028705415905732164
2022-01-12,Combined Robust Max Sharpe λ=0.50 γ=0.10,0.01715446665684106,0.07689999177550488,-0.03700303832887188
2022-01-13,Combined Robust Max Sharpe λ=0.50 γ=0.10,0.019973959681811593,0.07677521177334327,-0.0003391761167039722
2022-01-14,Combined Robust Max Sharpe λ=0.50 γ=0.10,0.015913357834205,0.07697840929116131,-0.05308816073787368
2022-01-18,Combined Robust Max Sharpe λ=0.50 γ=0.10,-0.0018080238669883064,0.07764446249072911,-0.28087030507284694
2022-01-19,Combined Robust Max Sharpe λ=0.50 γ=0.10,-0.008225250706203835,0.07720853049275898,-0.3655716606191714
2022-01-20,Combined Robust Max Sharpe λ=0.50 γ=0.10,-0.008923481256551735,0.07721804386770566,-0.3745689453893068
2022-01-21,Combined Robust Max Sharpe λ=0.50 γ=0.10,-0.009739635380014655,0.07722836643273956,-0.38508694089646156
2022-01-24,Combined Robust Max Sharpe λ=0.50 γ=0.10,-0.01676029548912783,0.07693369506246078,-0.47781788537887016
2022-01-25,Combined Robust Max Sharpe λ=0.50 γ=0.10,-0.02082372449056291,0.07707743802987517,-0.5296455815609707
2022-01-26,Combined Robust Max Sharpe λ=0.50 γ=0.10,-0.022441410093330783,0.07723338869733433,-0.5495215321918877
2022-01-27,Combined Robust Max Sharpe λ=0.50 γ=0.10,-0.01980843311799918,0.07725419707102231,-0.5152915262506966
2022-01-28,Combined Robust Max Sharpe λ=0.50 γ=0.10,-0.00528397691682847,0.07727821265252803,-0.32718118146074054
2022-01-31,Combined Robust Max Sharpe λ=0.50 γ=0.10,-0.007461515785273765,0.07707974483818839,-0.35627408786735154
2022-02-01,Combined Robust Max Sharpe λ=0.50 γ=0.10,-0.005726562395721224,0.07708317925691813,-0.3337506657577606
2022-02-02,Combined Robust Max Sharpe λ=0.50 γ=0.10,0.0030979065136633732,0.07709112886489283,-0.2192482291439607
2022-02-03,Combined Robust Max Sharpe λ=0.50 γ=0.10,-0.007889578923687579,0.07804992040841428,-0.3573300110717461
2022-02-04,Combined Robust Max Sharpe λ=0.50 γ=0.10,-0.010839055469434644,0.07813007245939746,-0.3947142822049864
2022-02-07,Combined Robust Max Sharpe λ=0.50 γ=0.10,-0.015565126512402716,0.07798478376547384,-0.45605212703235637
2022-02-08,Combined Robust Max Sharpe λ=0.50 γ=0.10,-0.01590609484883243,0.07798156883038795,-0.46044335074777953
2022-02-09,Combined Robust Max Sharpe λ=0.50 γ=0.10,-0.01225323063587036,0.07820082482165686,-0.41244105429100525
2022-02-10,Combined Robust Max Sharpe λ=0.50 γ=0.10,-0.023364078235889596,0.07927240180990343,-0.547026168576012
2022-02-11,Combined Robust Max Sharpe λ=0.50 γ=0.10,-0.017341738095171033,0.07923109406287838,-0.47130155826873166
2022-02-14,Combined Robust Max Sharpe λ=0.50 γ=0.10,-0.012878984523756687,0.0788224640563052,-0.417127083216661
2022-02-15,Combined Robust Max Sharpe λ=0.50 γ=0.10,-0.011555259182396749,0.07882178334307098,-0.40033678310794896
2022-02-16,Combined Robust Max Sharpe λ=0.50 γ=0.10,-0.005689675575581088,0.07887461381546763,-0.3257027113398461
2022-02-17,Combined Robust Max Sharpe λ=0.50 γ=0.10,-0.002190266097217286,0.07871484160496811,-0.2819070158151311
2022-02-18,Combined Robust Max Sharpe λ=0.50 γ=0.10,0.005133718616022076,0.07845811522112664,-0.18948048066256426
2022-02-22,Combined Robust Max Sharpe λ=0.50 γ=0.10,0.004490006470003083,0.07847396752678244,-0.19764507923858315
2022-02-23,Combined Robust Max Sharpe λ=0.50 γ=0.10,-0.005708052800268981,0.07916135956824792,-0.3247550691458896
2022-02-24,Combined Robust Max Sharpe λ=0.50 γ=0.10,0.021314582571170027,0.07682473135504439,0.017111450284084975
2022-02-25,Combined Robust Max Sharpe λ=0.50 γ=0.10,0.01731387796954076,0.07644600996630951,-0.03513750464730653
2022-02-28,Combined Robust Max Sharpe λ=0.50 γ=0.10,0.024163125064841084,0.0770345593135935,0.05404230389498003
2022-03-01,Combined Robust Max Sharpe λ=0.50 γ=0.10,0.03152296050474268,0.0771071217721495,0.14944093671130498
2022-03-02,Combined Robust Max Sharpe λ=0.50 γ=0.10,0.0354419064015532,0.07656826219767268,0.2016750277247714
2022-03-03,Combined Robust Max Sharpe λ=0.50 γ=0.10,0.047550613470920045,0.07599570843424423,0.3625285432368643
2022-03-04,Combined Robust Max Sharpe λ=0.50 γ=0.10,0.05042422015417336,0.07618209798648953,0.39936180491601747
2022-03-07,Combined Robust Max Sharpe λ=0.50 γ=0.10,0.05171176881795203,0.07601603009917447,0.41717212509755114
2022-03-08,Combined Robust Max Sharpe λ=0.50 γ=0.10,0.03281754670530357,0.07406507096739047,0.1730579143162761
2022-03-09,Combined Robust Max Sharpe λ=0.50 γ=0.10,0.029734101759845588,0.0740421478563775,0.13146703656851247
2022-03-10,Combined Robust Max Sharpe λ=0.50 γ=0.10,0.020043637538691872,0.07422841439158462,0.0005878818650451835
2022-03-11,Combined Robust Max Sharpe λ=0.50 γ=0.10,0.024867418009034692,0.07374378346125222,0.06600445190871197
2022-03-14,Combined Robust Max Sharpe λ=0.50 γ=0.10,0.004179562619113675,0.07516080629363604,-0.21048786144043616
2022-03-15,Combined Robust Max Sharpe λ=0.50 γ=0.10,0.008137791496857005,0.07523482174784862,-0.1576691248488563
2022-03-16,Combined Robust Max Sharpe λ=0.50 γ=0.10,0.01951671703979363,0.0760252545210048,-0.006356873952626439
2022-03-17,Combined Robust Max Sharpe λ=0.50 γ=0.10,0.03534361340241077,0.07490843635646907,0.20483158037626956
2022-03-18,Combined Robust Max Sharpe λ=0.50 γ=0.10,0.038471741522980496,0.0750903836881859,0.24599343638573906
2022-03-21,Combined Robust Max Sharpe λ=0.50 γ=0.10,0.02248080164738364,0.07517794280657734,0.03299906268739499
2022-03-22,Combined Robust Max Sharpe λ=0.50 γ=0.10,0.020059547025797375,0.07519383230907256,0.0007919136978231929
2022-03-23,Combined Robust Max Sharpe λ=0.50 γ=0.10,0.027558617073285552,0.075366683727505,0.10029122550508403
2022-03-24,Combined Robust Max Sharpe λ=0.50 γ=0.10,0.033341244348140675,0.07537670170258383,0.1769942707334374
2022-03-25,Combined Robust Max Sharpe λ=0.50 γ=0.10,0.024749424849007218,0.07561382577987039,0.06281159298610163
2022-03-28,Combined Robust Max Sharpe λ=0.50 γ=0.10,0.033393348977937665,0.07537692100826046,0.17768501019655478
2022-03-29,Combined Robust Max Sharpe λ=0.50 γ=0.10,0.04262916237939218,0.07570510556311255,0.29891197180257656
2022-03-30,Combined Robust Max Sharpe λ=0.50 γ=0.10,0.04066791589767327,0.07563327950832778,0.27326483833611337
2022-03-31,Combined Robust Max Sharpe λ=0.50 γ=0.10,0.025750144256793117,0.07482591554711442,0.0768469615740621
2022-04-01,Combined Robust Max Sharpe λ=0.50 γ=0.10,0.02092915043518584,0.07484143444248662,0.012414920185687555
2022-04-04,Combined Robust Max Sharpe λ=0.50 γ=0.10,0.019983536051944473,0.0747929181145664,-0.00022012709853503186
2022-04-05,Combined Robust Max Sharpe λ=0.50 γ=0.10,0.00834442878224495,0.07602051720510748,-0.15332138804459441
2022-04-06,Combined Robust Max Sharpe λ=0.50 γ=0.10,-0.004999838850265115,0.07592269601799448,-0.3292801778843561
2022-04-07,Combined Robust Max Sharpe λ=0.50 γ=0.10,-0.003535012608187671,0.07590806986284371,-0.31004625266737074
2022-04-08,Combined Robust Max Sharpe λ=0.50 γ=0.10,-0.005958399287685934,0.07599604800269602,-0.34157564728583045
2022-04-11,Combined Robust Max Sharpe λ=0.50 γ=0.10,-0.021152061500569252,0.07618958559373652,-0.5401271207852892
2022-04-12,Combined Robust Max Sharpe λ=0.50 γ=0.10,-0.015292748324449046,0.07610937791217331,-0.463710902553628
2022-04-13,Combined Robust Max Sharpe λ=0.50 γ=0.10,-0.020780885489508183,0.07541392754339546,-0.5407606634204488
2022-04-14,Combined Robust Max Sharpe λ=0.50 γ=0.10,-0.030410472352287,0.07629004236089011,-0.6607739462749309
2022-04-18,Combined Robust Max Sharpe λ=0.50 γ=0.10,-0.027452980845667385,0.07619921925013023,-0.6227489115065479
2022-04-19,Combined Robust Max Sharpe λ=0.50 γ=0.10,-0.029379955244484113,0.07621120677559351,-0.6479356164754755
2022-04-20,Combined Robust Max Sharpe λ=0.50 γ=0.10,-0.028981027954183114,0.07623952536471351,-0.6424623936189057
2022-04-21,Combined Robust Max Sharpe λ=0.50 γ=0.10,-0.03522901183947558,0.07669480922732023,-0.720114078069861
2022-04-22,Combined Robust Max Sharpe λ=0.50 γ=0.10,-0.04761408316122051,0.07743484284891262,-0.8731738927028763
2022-04-25,Combined Robust Max Sharpe λ=0.50 γ=0.10,-0.04710330315453082,0.07744733341829954,-0.8664378771067592
2022-04-26,Combined Robust Max Sharpe λ=0.50 γ=0.10,-0.04746021710482062,0.07747043709260817,-0.8707865817793008
2022-04-27,Combined Robust Max Sharpe λ=0.50 γ=0.10,-0.052880657441975454,0.07764123414394034,-0.9386849429371619
2022-04-28,Combined Robust Max Sharpe λ=0.50 γ=0.10,-0.04278539192775355,0.07823780829740282,-0.8024942581352675
2022-04-29,Combined Robust Max Sharpe λ=0.50 γ=0.10,-0.05624651430963823,0.07970160213108433,-0.956649706793051
2022-05-02,Combined Robust Max Sharpe λ=0.50 γ=0.10,-0.0642795539542691,0.07994525062998248,-1.054215895129874
2022-05-03,Combined Robust Max Sharpe λ=0.50 γ=0.10,-0.05847966090047707,0.07996427447785823,-0.9814340392997346
2022-05-04,Combined Robust Max Sharpe λ=0.50 γ=0.10,-0.04558256856930354,0.08127799405857776,-0.8068920662834963
2022-05-05,Combined Robust Max Sharpe λ=0.50 γ=0.10,-0.06962757764256122,0.08365228932374763,-1.0714300632668674
2022-05-06,Combined Robust Max Sharpe λ=0.50 γ=0.10,-0.07766723715656565,0.08382623624001509,-1.1651153807850847
2022-05-09,Combined Robust Max Sharpe λ=0.50 γ=0.10,-0.07824159316031609,0.08389280914516373,-1.1710371146390388
2022-05-10,Combined Robust Max Sharpe λ=0.50 γ=0.10,-0.07364047406171326,0.08390251564106962,-1.1160627705407795
2022-05-11,Combined Robust Max Sharpe λ=0.50 γ=0.10,-0.061039123243974536,0.08303665368900723,-0.9759439915231419
2022-05-12,Combined Robust Max Sharpe λ=0.50 γ=0.10,-0.06846914304291418,0.08295815938121039,-1.066430881577057
2022-05-13,Combined Robust Max Sharpe λ=0.50 γ=0.10,-0.07567869294642693,0.08234906931079954,-1.1618673258506311
2022-05-16,Combined Robust Max Sharpe λ=0.50 γ=0.10,-0.07401472139025356,0.08236507339634279,-1.141439174561921
2022-05-17,Combined Robust Max Sharpe λ=0.50 γ=0.10,-0.07130344619474616,0.08234490578333915,-1.1087928916328857
2022-05-18,Combined Robust Max Sharpe λ=0.50 γ=0.10,-0.07593962190573655,0.08257167853189633,-1.1618950178986174
2022-05-19,Combined Robust Max Sharpe λ=0.50 γ=0.10,-0.08083559630076265,0.08216221895467672,-1.2272745013908004
2022-05-20,Combined Robust Max Sharpe λ=0.50 γ=0.10,-0.07773700551207652,0.08224134853023636,-1.1884168640078066
2022-05-23,Combined Robust Max Sharpe λ=0.50 γ=0.10,-0.08130389037862507,0.08206167289478462,-1.2344848307992924
2022-05-24,Combined Robust Max Sharpe λ=0.50 γ=0.10,-0.08192608795914513,0.08202159547561971,-1.2426738027723672
2022-05-25,Combined Robust Max Sharpe λ=0.50 γ=0.10,-0.07940933153488239,0.08208640886817052,-1.2110327751641836
2022-05-26,Combined Robust Max Sharpe λ=0.50 γ=0.10,-0.07267087413304507,0.08225242063668477,-1.1266643998524908
2022-05-27,Combined Robust Max Sharpe λ=0.50 γ=0.10,-0.06517541213868505,0.0827596539096101,-1.0291900475044693
2022-05-31,Combined Robust Max Sharpe λ=0.50 γ=0.10,-0.07404203459675718,0.0833868715455124,-1.1277798633497027
2022-06-01,Combined Robust Max Sharpe λ=0.50 γ=0.10,-0.07815835265253979,0.08337146040034776,-1.1773615597134286
2022-06-02,Combined Robust Max Sharpe λ=0.50 γ=0.10,-0.061823322204637154,0.08385467513324116,-0.9757753169352064
2022-06-03,Combined Robust Max Sharpe λ=0.50 γ=0.10,-0.0802035005211239,0.08377251675414531,-1.19613811788895
2022-06-06,Combined Robust Max Sharpe λ=0.50 γ=0.10,-0.08422387110522034,0.08387549963495697,-1.242602089511521
2022-06-07,Combined Robust Max Sharpe λ=0.50 γ=0.10,-0.0798296114799919,0.08415916746262446,-1.1862000836014304
2022-06-08,Combined Robust Max Sharpe λ=0.50 γ=0.10,-0.08693126556867203,0.08424531825400354,-1.2692843683760482
2022-06-09,Combined Robust Max Sharpe λ=0.50 γ=0.10,-0.09916317726673429,0.0844440213619813,-1.4111499588102798
2022-06-10,Combined Robust Max Sharpe λ=0.50 γ=0.10,-0.1052582875786211,0.08485573094448688,-1.4761323270029434
2022-06-13,Combined Robust Max Sharpe λ=0.50 γ=0.10,-0.12869025069313833,0.089425333648962,-1.6627307344115705
2022-06-14,Combined Robust Max Sharpe λ=0.50 γ=0.10,-0.13280836754910652,0.08961223559250174,-1.7052176696492625
2022-06-15,Combined Robust Max Sharpe λ=0.50 γ=0.10,-0.11367025999338798,0.0908257424829944,-1.4717221829308524
2022-06-16,Combined Robust Max Sharpe λ=0.50 γ=0.10,-0.11831593697391518,0.09091245565049037,-1.5214189957167779
2022-06-17,Combined Robust Max Sharpe λ=0.50 γ=0.10,-0.12082346727890403,0.0908616884417733,-1.5498662824117297
2022-06-21,Combined Robust Max Sharpe λ=0.50 γ=0.10,-0.11776942885971298,0.09093549444625994,-1.5150236956277885
2022-06-22,Combined Robust Max Sharpe λ=0.50 γ=0.10,-0.11328379437218705,0.09122555884719864,-1.4610356577309136
2022-06-23,Combined Robust Max Sharpe λ=0.50 γ=0.10,-0.10823794669838449,0.09133727987665077,-1.4040044423434477
2022-06-24,Combined Robust Max Sharpe λ=0.50 γ=0.10,-0.1035383584269498,0.0916175929290569,-1.3484130555865008
2022-06-27,Combined Robust Max Sharpe λ=0.50 γ=0.10,-0.10559173919695075,0.09168893886757175,-1.3697588907463039
2022-06-28,Combined Robust Max Sharpe λ=0.50 γ=0.10,-0.11612602444783382,0.09175424208518898,-1.4835937974556856
2022-06-29,Combined Robust Max Sharpe λ=0.50 γ=0.10,-0.11217753156626487,0.09184835903421569,-1.4390843010818037
2022-06-30,Combined Robust Max Sharpe λ=0.50 γ=0.10,-0.11559280832428975,0.09181270934047853,-1.4768413795682356
2022-07-01,Combined Robust Max Sharpe λ=0.50 γ=0.10,-0.11074352383607422,0.09206980190430633,-1.4200478455679073
2022-07-05,Combined Robust Max Sharpe λ=0.50 γ=0.10,-0.11758376499724765,0.09185884730768036,-1.4977736933320325
2022-07-06,Combined Robust Max Sharpe λ=0.50 γ=0.10,-0.12818383419904866,0.0918756111224227,-1.6128745418802841
2022-07-07,Combined Robust Max Sharpe λ=0.50 γ=0.10,-0.12861397340878822,0.09185027365249832,-1.6180025110327576
2022-07-08,Combined Robust Max Sharpe λ=0.50 γ=0.10,-0.1304731269236814,0.09186672431786269,-1.6379502811381204
2022-07-11,Combined Robust Max Sharpe λ=0.50 γ=0.10,-0.1316658892224709,0.0919029320199226,-1.6502834663598434
2022-07-12,Combined Robust Max Sharpe λ=0.50 γ=0.10,-0.1346337783036753,0.09193848839477457,-1.6819264815372368
2022-07-13,Combined Robust Max Sharpe λ=0.50 γ=0.10,-0.13007758284084636,0.09193907374836091,-1.6323590908867724
2022-07-14,Combined Robust Max Sharpe λ=0.50 γ=0.10,-0.14091229240156988,0.09186260488017077,-1.751662633685059
2022-07-15,Combined Robust Max Sharpe λ=0.50 γ=0.10,-0.13710820684544167,0.09212839172616752,-1.7053180230521459
2022-07-18,Combined Robust Max Sharpe λ=0.50 γ=0.10,-0.13712127727987522,0.09212896346095201,-1.7054493112415139
2022-07-19,Combined Robust Max Sharpe λ=0.50 γ=0.10,-0.13405862149645875,0.09242376596704609,-1.666872366479729
2022-07-20,Combined Robust Max Sharpe λ=0.50 γ=0.10,-0.13378916629977655,0.09242733612649098,-1.6638926614666154
2022-07-21,Combined Robust Max Sharpe λ=0.50 γ=0.10,-0.1196601387853794,0.09333498276666997,-1.496332185912742
2022-07-22,Combined Robust Max Sharpe λ=0.50 γ=0.10,-0.122823645872845,0.0932166887175561,-1.5321681968944052
2022-07-25,Combined Robust Max Sharpe λ=0.50 γ=0.10,-0.12566086058930148,0.09325048936729444,-1.5620385649191972
2022-07-26,Combined Robust Max Sharpe λ=0.50 γ=0.10,-0.1295368257902174,0.09337845916639015,-1.6014060108205386
2022-07-27,Combined Robust Max Sharpe λ=0.50 γ=0.10,-0.11895346611028623,0.09456249221389357,-1.4694353210994424
2022-07-28,Combined Robust Max Sharpe λ=0.50 γ=0.10,-0.11068917325081096,0.09523046661138419,-1.3723462448643289
2022-07-29,Combined Robust Max Sharpe λ=0.50 γ=0.10,-0.1052218190298817,0.09546958002105362,-1.311641037933412
2022-08-01,Combined Robust Max Sharpe λ=0.50 γ=0.10,-0.10097209423506703,0.09558201904204018,-1.265636522930735
2022-08-02,Combined Robust Max Sharpe λ=0.50 γ=0.10,-0.11162244974424607,0.09589380517763814,-1.3725855335537318
2022-08-03,Combined Robust Max Sharpe λ=0.50 γ=0.10,-0.10443590019973359,0.09643393191244974,-1.2903746402532486
2022-08-04,Combined Robust Max Sharpe λ=0.50 γ=0.10,-0.09802567657510863,0.09672209790283455,-1.2202555479480535
2022-08-05,Combined Robust Max Sharpe λ=0.50 γ=0.10,-0.10616036472215806,0.09725890259269705,-1.2971600682201316
2022-08-08,Combined Robust Max Sharpe λ=0.50 γ=0.10,-0.09275351662560416,0.09687761945343115,-1.1638757977512497
2022-08-09,Combined Robust Max Sharpe λ=0.50 γ=0.10,-0.09103189029014125,0.0968138358631038,-1.1468597365271427
2022-08-10,Combined Robust Max Sharpe λ=0.50 γ=0.10,-0.08255806689986422,0.09709795198475246,-1.0562330595393936
2022-08-11,Combined Robust Max Sharpe λ=0.50 γ=0.10,-0.08963947122668614,0.09716227465105816,-1.1284160608676332
2022-08-12,Combined Robust Max Sharpe λ=0.50 γ=0.10,-0.08013532975622029,0.09778861230446297,-1.023997860246251
2022-08-15,Combined Robust Max Sharpe λ=0.50 γ=0.10,-0.08886341134885645,0.09737797562298517,-1.1179469551753574
2022-08-16,Combined Robust Max Sharpe λ=0.50 γ=0.10,-0.09161543681154949,0.09733873214579881,-1.146670337192869
2022-08-17,Combined Robust Max Sharpe λ=0.50 γ=0.10,-0.09638211959527465,0.09759014786933505,-1.1925601316958805
2022-08-18,Combined Robust Max Sharpe λ=0.50 γ=0.10,-0.09399979961926053,0.0975864033084636,-1.1681934752622798
2022-08-19,Combined Robust Max Sharpe λ=0.50 γ=0.10,-0.10657026295733318,0.09813964426547515,-1.2896955547846807
2022-08-22,Combined Robust Max Sharpe λ=0.50 γ=0.10,-0.11869128548320829,0.09872197952884554,-1.404867347120852
2022-08-23,Combined Robust Max Sharpe λ=0.50 γ=0.10,-0.12238850601924878,0.0985909981800351,-1.4442343484466593
2022-08-24,Combined Robust Max Sharpe λ=0.50 γ=0.10,-0.1199723119829007,0.09858037010967607,-1.4198801630301632
2022-08-25,Combined Robust Max Sharpe λ=0.50 γ=0.10,-0.10854977861183168,0.09897691788836045,-1.2987854274956054
2022-08-26,Combined Robust Max Sharpe λ=0.50 γ=0.10,-0.12238289958370607,0.10022415342124079,-1.4206445724243
2022-08-29,Combined Robust Max Sharpe λ=0.50 γ=0.10,-0.13310267269654408,0.09998728312627404,-1.531221450463761
2022-08-30,Combined Robust Max Sharpe λ=0.50 γ=0.10,-0.14041094874197235,0.10010846778935491,-1.6023714305517494
2022-08-31,Combined Robust Max Sharpe λ=0.50 γ=0.10,-0.14407426150560065,0.10026742919498534,-1.6363664933159219
2022-09-01,Combined Robust Max Sharpe λ=0.50 γ=0.10,-0.14814071048713162,0.10031156921257811,-1.6761846296194554
2022-09-02,Combined Robust Max Sharpe λ=0.50 γ=0.10,-0.15073599164330898,0.1002964234815465,-1.7023138584270914
2022-09-06,Combined Robust Max Sharpe λ=0.50 γ=0.10,-0.15596282996311794,0.10050588189881761,-1.7507714637066234
2022-09-07,Combined Robust Max Sharpe λ=0.50 γ=0.10,-0.1386787282598263,0.10127630914002973,-1.5667901961200923
2022-09-08,Combined Robust Max Sharpe λ=0.50 γ=0.10,-0.14020936115505112,0.10125274633685491,-1.5822717600375509
2022-09-09,Combined Robust Max Sharpe λ=0.50 γ=0.10,-0.1346830328280817,0.10173822675742514,-1.5204022888750859
2022-09-12,Combined Robust Max Sharpe λ=0.50 γ=0.10,-0.12439443487746027,0.10181764801073243,-1.4181670633586025
2022-09-13,Combined Robust Max Sharpe λ=0.50 γ=0.10,-0.15110613306974074,0.1053786221820828,-1.6237271803961144
2022-09-14,Combined Robust Max Sharpe λ=0.50 γ=0.10,-0.15302943209844977,0.10530191568122264,-1.6431745897411458
2022-09-15,Combined Robust Max Sharpe λ=0.50 γ=0.10,-0.1636314240999066,0.1060206729588873,-1.7320341304673212
2022-09-16,Combined Robust Max Sharpe λ=0.50 γ=0.10,-0.15963818877456215,0.10589153244766242,-1.6964358209033332
2022-09-19,Combined Robust Max Sharpe λ=0.50 γ=0.10,-0.152976856374059,0.10587173761464651,-1.633834111646138
2022-09-20,Combined Robust Max Sharpe λ=0.50 γ=0.10,-0.16045006312291477,0.1060761708114879,-1.701136661914386
2022-09-21,Combined Robust Max Sharpe λ=0.50 γ=0.10,-0.16574010816647788,0.10618110513274974,-1.7492764643413898
2022-09-22,Combined Robust Max Sharpe λ=0.50 γ=0.10,-0.1758798042417944,0.1064023063644097,-1.8409356989964067
2022-09-23,Combined Robust Max Sharpe λ=0.50 γ=0.10,-0.17986120487300994,0.10681546861164481,-1.871088592979514
2022-09-26,Combined Robust Max Sharpe λ=0.50 γ=0.10,-0.18602609050884844,0.10724170801383663,-1.9211377208041702
2022-09-27,Combined Robust Max Sharpe λ=0.50 γ=0.10,-0.1852012405948421,0.1072305494730808,-1.9136453333791401
2022-09-28,Combined Robust Max Sharpe λ=0.50 γ=0.10,-0.1577013943369604,0.10872914260912507,-1.6343492652727571
2022-09-29,Combined Robust Max Sharpe λ=0.50 γ=0.10,-0.16841154625622712,0.10939270872575013,-1.7223409900981508
2022-09-30,Combined Robust Max Sharpe λ=0.50 γ=0.10,-0.17588900559247378,0.10962062778230602,-1.7869721197135162
2022-10-03,Combined Robust Max Sharpe λ=0.50 γ=0.10,-0.16351675209429484,0.11161452329837121,-1.6442013697779498
2022-10-04,Combined Robust Max Sharpe λ=0.50 γ=0.10,-0.14418843652632785,0.11326438983392442,-1.4496033286990866
2022-10-05,Combined Robust Max Sharpe λ=0.50 γ=0.10,-0.14694708096967735,0.11333267361688573,-1.473071053931295
2022-10-06,Combined Robust Max Sharpe λ=0.50 γ=0.10,-0.1543354370379839,0.1133908369139012,-1.5374737658066546
2022-10-07,Combined Robust Max Sharpe λ=0.50 γ=0.10,-0.16887091224209982,0.11497508548429602,-1.6427116487588689
2022-10-10,Combined Robust Max Sharpe λ=0.50 γ=0.10,-0.17459152822441915,0.11533001729344425,-1.687258293990392
2022-10-11,Combined Robust Max Sharpe λ=0.50 γ=0.10,-0.17564764367267716,0.1153677621935768,-1.6958606109079057
2022-10-12,Combined Robust Max Sharpe λ=0.50 γ=0.10,-0.17889705951416324,0.11521465993352732,-1.7263172900819754
2022-10-13,Combined Robust Max Sharpe λ=0.50 γ=0.10,-0.17832629610814632,0.11526593870191439,-1.7205975879919886
2022-10-14,Combined Robust Max Sharpe λ=0.50 γ=0.10,-0.19770098293570737,0.11622058658837578,-1.8731705743901443
2022-10-17,Combined Robust Max Sharpe λ=0.50 γ=0.10,-0.18271030936596389,0.11720184503286944,-1.7295829200394708
2022-10-18,Combined Robust Max Sharpe λ=0.50 γ=0.10,-0.17939847645930085,0.11735145450700821,-1.6991564126492595
2022-10-19,Combined Robust Max Sharpe λ=0.50 γ=0.10,-0.1849318116896994,0.11762673178836429,-1.742221420029043
2022-10-20,Combined Robust Max Sharpe λ=0.50 γ=0.10,-0.18926339096412115,0.11770869903473428,-1.777807355617534
2022-10-21,Combined Robust Max Sharpe λ=0.50 γ=0.10,-0.17542802733429386,0.11899415993560165,-1.6423329299526748
2022-10-24,Combined Robust Max Sharpe λ=0.50 γ=0.10,-0.175127736399729,0.11900788529506626,-1.6396202311799122
2022-10-25,Combined Robust Max Sharpe λ=0.50 γ=0.10,-0.16749890720947713,0.11965579025808999,-1.5669856578194319
2022-10-26,Combined Robust Max Sharpe λ=0.50 γ=0.10,-0.17228859762431592,0.1196766753265234,-1.6067341200754417
2022-10-27,Combined Robust Max Sharpe λ=0.50 γ=0.10,-0.18104977629308283,0.11953390168768997,-1.6819477441502075
2022-10-28,Combined Robust Max Sharpe λ=0.50 γ=0.10,-0.1749747531065825,0.1198574592467562,-1.6267218939221695
2022-10-31,Combined Robust Max Sharpe λ=0.50 γ=0.10,-0.18165826235258065,0.12007337706482697,-1.679458571767382
2022-11-01,Combined Robust Max Sharpe λ=0.50 γ=0.10,-0.18239939602175292,0.1200739030593876,-1.6856235273841957
2022-11-02,Combined Robust Max Sharpe λ=0.50 γ=0.10,-0.2017217637137253,0.12171079678933722,-1.8217099021830558
2022-11-03,Combined Robust Max Sharpe λ=0.50 γ=0.10,-0.20800500635740726,0.12208515039481141,-1.867590002715821
2022-11-04,Combined Robust Max Sharpe λ=0.50 γ=0.10,-0.19971144452110923,0.12331056376715918,-1.7817730923360202
2022-11-07,Combined Robust Max Sharpe λ=0.50 γ=0.10,-0.20230394961840115,0.12311491757334626,-1.8056621731965385
2022-11-08,Combined Robust Max Sharpe λ=0.50 γ=0.10,-0.1922515102564325,0.12370550961882533,-1.7157805736417446
2022-11-09,Combined Robust Max Sharpe λ=0.50 γ=0.10,-0.20771010977381887,0.12443587230194672,-1.8299394343559923
2022-11-10,Combined Robust Max Sharpe λ=0.50 γ=0.10,-0.1601147954635529,0.13464870242769622,-1.3376645464539183
2022-11-11,Combined Robust Max Sharpe λ=0.50 γ=0.10,-0.15098010307264387,0.1351100888634272,-1.2654873112064562
2022-11-14,Combined Robust Max Sharpe λ=0.50 γ=0.10,-0.1569256178046744,0.135155923897997,-1.3090481919105614
2022-11-15,Combined Robust Max Sharpe λ=0.50 γ=0.10,-0.14548560579991343,0.13541483798698697,-1.2220640533928502
2022-11-16,Combined Robust Max Sharpe λ=0.50 γ=0.10,-0.15086017937875706,0.13556921767858768,-1.2603169237417777
2022-11-17,Combined Robust Max Sharpe λ=0.50 γ=0.10,-0.15825044165178692,0.13553760793962455,-1.3151363991253915
2022-11-18,Combined Robust Max Sharpe λ=0.50 γ=0.10,-0.16076084121827283,0.1355068638405027,-1.333960775824876
2022-11-21,Combined Robust Max Sharpe λ=0.50 γ=0.10,-0.1679830898002832,0.13557455951602126,-1.3865661114544772
2022-11-22,Combined Robust Max Sharpe λ=0.50 γ=0.10,-0.15128821304534423,0.13559679851698087,-1.2632172360905238
2022-11-23,Combined Robust Max Sharpe λ=0.50 γ=0.10,-0.1395010164430247,0.13569048220903443,-1.175476819349124
2022-11-25,Combined Robust Max Sharpe λ=0.50 γ=0.10,-0.1456410769819686,0.13556212591431432,-1.2218831466737727
2022-11-28,Combined Robust Max Sharpe λ=0.50 γ=0.10,-0.15995884133516147,0.13594477904530558,-1.3237642710441093
2022-11-29,Combined Robust Max Sharpe λ=0.50 γ=0.10,-0.1623505354210234,0.13593285506903657,-1.3414750637615354
2022-11-30,Combined Robust Max Sharpe λ=0.50 γ=0.10,-0.13857161731119505,0.13900304791321355,-1.1407779879056976
2022-12-01,Combined Robust Max Sharpe λ=0.50 γ=0.10,-0.132259832175609,0.13917505379148912,-1.0940166935643751
2022-12-02,Combined Robust Max Sharpe λ=0.50 γ=0.10,-0.13601350778007937,0.1391614310859459,-1.1210973224594512
2022-12-05,Combined Robust Max Sharpe λ=0.50 γ=0.10,-0.15345331648836413,0.14009175065947307,-1.238140830361842
2022-12-06,Combined Robust Max Sharpe λ=0.50 γ=0.10,-0.15942457164444546,0.14037237003418251,-1.278204333237041
2022-12-07,Combined Robust Max Sharpe λ=0.50 γ=0.10,-0.1614022541617205,0.1403157781100112,-1.292814369168779
2022-12-08,Combined Robust Max Sharpe λ=0.50 γ=0.10,-0.1526882774586511,0.1404213717594552,-1.2297862874781609
2022-12-09,Combined Robust Max Sharpe λ=0.50 γ=0.10,-0.1547806962722197,0.1404586689893199,-1.2443567743441277
2022-12-12,Combined Robust Max Sharpe λ=0.50 γ=0.10,-0.15230820770616105,0.14056360828603154,-1.2258379662219023
2022-12-13,Combined Robust Max Sharpe λ=0.50 γ=0.10,-0.14476681789196544,0.14104944237690295,-1.1681493745412086
2022-12-14,Combined Robust Max Sharpe λ=0.50 γ=0.10,-0.1447718890612194,0.141049622261878,-1.1681838378503258
2022-12-15,Combined Robust Max Sharpe λ=0.50 γ=0.10,-0.16676380726881035,0.14276063593477933,-1.30823042392536
2022-12-16,Combined Robust Max Sharpe λ=0.50 γ=0.10,-0.16912621957465346,0.1428020469564886,-1.3243943179069393
2022-12-19,Combined Robust Max Sharpe λ=0.50 γ=0.10,-0.1770365021222451,0.14300925749432752,-1.377788442332557
2022-12-20,Combined Robust Max Sharpe λ=0.50 γ=0.10,-0.1685374696676709,0.14303587418851146,-1.3181131708202898
2022-12-21,Combined Robust Max Sharpe λ=0.50 γ=0.10,-0.16368798639776883,0.143309995013322,-1.281752793171846
2022-12-22,Combined Robust Max Sharpe λ=0.50 γ=0.10,-0.18131202706556682,0.14395269863869778,-1.398459556293789
2022-12-23,Combined Robust Max Sharpe λ=0.50 γ=0.10,-0.17825650007541982,0.14400445713665838,-1.3767386372442412
2022-12-27,Combined Robust Max Sharpe λ=0.50 γ=0.10,-0.1854123960936518,0.1439161527143342,-1.4273060543897689
2022-12-28,Combined Robust Max Sharpe λ=0.50 γ=0.10,-0.1914571937267695,0.14418299351316774,-1.4665890100794574
2022-12-29,Combined Robust Max Sharpe λ=0.50 γ=0.10,-0.1754264070736523,0.1450554081774866,-1.347253504912639
2022-12-30,Combined Robust Max Sharpe λ=0.50 γ=0.10,-0.17823120955631755,0.14499648442409238,-1.3671449369525526
2023-01-03,Combined Robust Max Sharpe λ=0.50 γ=0.10,-0.17846672177824097,0.1449954943812887,-1.368778544637678
2023-01-04,Combined Robust Max Sharpe λ=0.50 γ=0.10,-0.16415760623837694,0.1449422598689069,-1.2705584030836719
2023-01-05,Combined Robust Max Sharpe λ=0.50 γ=0.10,-0.17327011834376593,0.14540399233784362,-1.3291940285567
2023-01-06,Combined Robust Max Sharpe λ=0.50 γ=0.10,-0.14671771827913394,0.1469509226383618,-1.1345129059816599
2023-01-09,Combined Robust Max Sharpe λ=0.50 γ=0.10,-0.14252095820587485,0.1469776892309786,-1.1057525741234757
2023-01-10,Combined Robust Max Sharpe λ=0.50 γ=0.10,-0.13413848411344886,0.1470711890366283,-1.04805356591671
2023-01-11,Combined Robust Max Sharpe λ=0.50 γ=0.10,-0.12644392318857944,0.1474144146265758,-0.9934165770663962
2023-01-12,Combined Robust Max Sharpe λ=0.50 γ=0.10,-0.12626124992722754,0.14742544626883702,-0.9921031519925907
2023-01-13,Combined Robust Max Sharpe λ=0.50 γ=0.10,-0.12076500373797805,0.1475956294438056,-0.953720677695079
2023-01-17,Combined Robust Max Sharpe λ=0.50 γ=0.10,-0.1209104648050936,0.14759744003188602,-0.9546945040147863
2023-01-18,Combined Robust Max Sharpe λ=0.50 γ=0.10,-0.12372208675856966,0.14774736834689378,-0.9727556461183577
2023-01-19,Combined Robust Max Sharpe λ=0.50 γ=0.10,-0.11408088718598264,0.14732110881436575,-0.9101267853945719
2023-01-20,Combined Robust Max Sharpe λ=0.50 γ=0.10,-0.10447100149912714,0.14789670940686434,-0.8416076462979781
2023-01-23,Combined Robust Max Sharpe λ=0.50 γ=0.10,-0.09337244477835538,0.14832822763520545,-0.7643349252252956
2023-01-24,Combined Robust Max Sharpe λ=0.50 γ=0.10,-0.0916466384365845,0.14832682008625092,-0.7527070180002701
2023-01-25,Combined Robust Max Sharpe λ=0.50 γ=0.10,-0.09034989460974463,0.1483326987915861,-0.7439350561860338
2023-01-26,Combined Robust Max Sharpe λ=0.50 γ=0.10,-0.0801659479601613,0.14841435106748277,-0.6749074280196575
2023-01-27,Combined Robust Max Sharpe λ=0.50 γ=0.10,-0.06949636530049608,0.14824457608803943,-0.6037075194396726
2023-01-30,Combined Robust Max Sharpe λ=0.50 γ=0.10,-0.081656138403013,0.14863510001204328,-0.6839309045762154
2023-01-31,Combined Robust Max Sharpe λ=0.50 γ=0.10,-0.07835866542618364,0.14886798141639518,-0.6607106813053836
2023-02-01,Combined Robust Max Sharpe λ=0.50 γ=0.10,-0.0705231250090963,0.14946284827089337,-0.6056563624762992
2023-02-02,Combined Robust Max Sharpe λ=0.50 γ=0.10,-0.06268679230287288,0.1497719953207186,-0.5520844676323443
2023-02-03,Combined Robust Max Sharpe λ=0.50 γ=0.10,-0.08271046748347899,0.15062978092795712,-0.6818735767305081
2023-02-06,Combined Robust Max Sharpe λ=0.50 γ=0.10,-0.07578313227288713,0.1502202137659191,-0.6376181332170208
2023-02-07,Combined Robust Max Sharpe λ=0.50 γ=0.10,-0.06273764895431855,0.15056415981881363,-0.5495175548675305
2023-02-08,Combined Robust Max Sharpe λ=0.50 γ=0.10,-0.07018554519417886,0.150767079420161,-0.5981779679027132
2023-02-09,Combined Robust Max Sharpe λ=0.50 γ=0.10,-0.07841964399802037,0.15098359489842364,-0.6518565415284594
2023-02-10,Combined Robust Max Sharpe λ=0.50 γ=0.10,-0.08517829737214244,0.1508361758183641,-0.69730153792017
2023-02-13,Combined Robust Max Sharpe λ=0.50 γ=0.10,-0.06619482201598625,0.15047437719498888,-0.5728205932648095
2023-02-14,Combined Robust Max Sharpe λ=0.50 γ=0.10,-0.06666275734400406,0.15046616892565992,-0.5759617458381698
2023-02-15,Combined Robust Max Sharpe λ=0.50 γ=0.10,-0.06168080720110225,0.1503926342214012,-0.5431170723484734
2023-02-16,Combined Robust Max Sharpe λ=0.50 γ=0.10,-0.07210082927857564,0.15074324172991319,-0.6109781653998976
2023-02-17,Combined Robust Max Sharpe λ=0.50 γ=0.10,-0.07702857772196481,0.1506993327136093,-0.6438553905634009
2023-02-21,Combined Robust Max Sharpe λ=0.50 γ=0.10,-0.09000568156584021,0.15149673976233197,-0.7261257353684119
2023-02-22,Combined Robust Max Sharpe λ=0.50 γ=0.10,-0.09235209215258611,0.1514975438360878,-0.7416099912097918
2023-02-23,Combined Robust Max Sharpe λ=0.50 γ=0.10,-0.08619869291822468,0.15156396055961693,-0.7006856545982906
2023-02-24,Combined Robust Max Sharpe λ=0.50 γ=0.10,-0.08684949822686572,0.15161260274526903,-0.7047534063272315
2023-02-27,Combined Robust Max Sharpe λ=0.50 γ=0.10,-0.08855358259651935,0.15153891939714356,-0.7163412740988936
2023-02-28,Combined Robust Max Sharpe λ=0.50 γ=0.10,-0.09348384002409482,0.15142948869868358,-0.7494170455128887
2023-03-01,Combined Robust Max Sharpe λ=0.50 γ=0.10,-0.10469483637809207,0.15107683309583134,-0.8253736448062517
2023-03-02,Combined Robust Max Sharpe λ=0.50 γ=0.10,-0.10475240297327804,0.1510747544194753,-0.825766048421893
2023-03-03,Combined Robust Max Sharpe λ=0.50 γ=0.10,-0.08290707360140415,0.15162978191644552,-0.678673228311509
2023-03-06,Combined Robust Max Sharpe λ=0.50 γ=0.10,-0.08631526307317783,0.15161367398472606,-0.7012247660714844
2023-03-07,Combined Robust Max Sharpe λ=0.50 γ=0.10,-0.10497354902354006,0.15205110160263624,-0.8219180769248257
2023-03-08,Combined Robust Max Sharpe λ=0.50 γ=0.10,-0.0946691451321009,0.15178791224915303,-0.7554563695683267
2023-03-09,Combined Robust Max Sharpe λ=0.50 γ=0.10,-0.10115443721981277,0.151986526558889,-0.7971393251945266
2023-03-10,Combined Robust Max Sharpe λ=0.50 γ=0.10,-0.1018734736059066,0.15199084736829058,-0.801847451449453
2023-03-13,Combined Robust Max Sharpe λ=0.50 γ=0.10,-0.08819066373104412,0.15217602404903133,-0.7109573561744847
2023-03-14,Combined Robust Max Sharpe λ=0.50 γ=0.10,-0.07428914661951724,0.15244464369215724,-0.6185140017770798
2023-03-15,Combined Robust Max Sharpe λ=0.50 γ=0.10,-0.05751392945246825,0.1517251219115242,-0.5108839490514242
2023-03-16,Combined Robust Max Sharpe λ=0.50 γ=0.10,-0.0480079083490248,0.15230279269903466,-0.44653093448795217
2023-03-17,Combined Robust Max Sharpe λ=0.50 γ=0.10,-0.05470640978687269,0.15194639465098664,-0.49166293124933713
2023-03-20,Combined Robust Max Sharpe λ=0.50 γ=0.10,-0.05296016206049947,0.15198798810450245,-0.4800390015711914
2023-03-21,Combined Robust Max Sharpe λ=0.50 γ=0.10,-0.056422835779552205,0.15187875907415116,-0.5031831721922392
2023-03-22,Combined Robust Max Sharpe λ=0.50 γ=0.10,-0.05254399456816794,0.15172144212499752,-0.478139368780859
2023-03-23,Combined Robust Max Sharpe λ=0.50 γ=0.10,-0.04305227513629417,0.15195673391090167,-0.4149357090898272
2023-03-24,Combined Robust Max Sharpe λ=0.50 γ=0.10,-0.04834361735440007,0.1518501629917054,-0.45007272964292605
2023-03-27,Combined Robust Max Sharpe λ=0.50 γ=0.10,-0.05583522264815388,0.15188725084338617,-0.49928629445238315
2023-03-28,Combined Robust Max Sharpe λ=0.50 γ=0.10,-0.04986298208815665,0.1517680267317183,-0.46032740619112134
2023-03-29,Combined Robust Max Sharpe λ=0.50 γ=0.10,-0.04383645865799557,0.1519997479893959,-0.4199773980049563
2023-03-30,Combined Robust Max Sharpe λ=0.50 γ=0.10,-0.04384726790151294,0.15199918270081827,-0.4200500737374638
2023-03-31,Combined Robust Max Sharpe λ=0.50 γ=0.10,-0.0376650623841327,0.15223244287330503,-0.3787961442103656
2023-04-03,Combined Robust Max Sharpe λ=0.50 γ=0.10,-0.032008544431122554,0.15223583848653216,-0.34163141181584256
2023-04-04,Combined Robust Max Sharpe λ=0.50 γ=0.10,-0.026802329959395355,0.15224493518595414,-0.3074146926610749
2023-04-05,Combined Robust Max Sharpe λ=0.50 γ=0.10,-0.03406026733285572,0.1522524676655255,-0.3550698925393942
2023-04-06,Combined Robust Max Sharpe λ=0.50 γ=0.10,-0.019525000605251752,0.15164043817166062,-0.26064947504641545
2023-04-10,Combined Robust Max Sharpe λ=0.50 γ=0.10,-0.015955382433167076,0.15153842790010558,-0.23726907380132606
2023-04-11,Combined Robust Max Sharpe λ=0.50 γ=0.10,-0.015685469721703815,0.15153866822653897,-0.23548755007109282
2023-04-12,Combined Robust Max Sharpe λ=0.50 γ=0.10,-0.01415340074914806,0.15150607475784875,-0.22542594944615416
2023-04-13,Combined Robust Max Sharpe λ=0.50 γ=0.10,0.008472821506198214,0.15190543697868938,-0.07588390990520583
2023-04-14,Combined Robust Max Sharpe λ=0.50 γ=0.10,-0.0007155822513341681,0.15206983063868987,-0.13622414231888855
2023-04-17,Combined Robust Max Sharpe λ=0.50 γ=0.10,-0.007178569668135459,0.15193490501017454,-0.17888298719978407
2023-04-18,Combined Robust Max Sharpe λ=0.50 γ=0.10,0.0059965737180429635,0.15148111405921677,-0.0924433806083763
2023-04-19,Combined Robust Max Sharpe λ=0.50 γ=0.10,0.005106677811709925,0.15148910965091852,-0.09831282408754835
2023-04-20,Combined Robust Max Sharpe λ=0.50 γ=0.10,0.004173952014983273,0.15150188096069026,-0.1044610659924616
2023-04-21,Combined Robust Max Sharpe λ=0.50 γ=0.10,-0.0036788974978611,0.15143261581004247,-0.1563659015674931
2023-04-24,Combined Robust Max Sharpe λ=0.50 γ=0.10,0.006025657327954237,0.1511794611616788,-0.09243545759897179
2023-04-25,Combined Robust Max Sharpe λ=0.50 γ=0.10,0.00815979436444736,0.15103968393868275,-0.07839135601183715
2023-04-26,Combined Robust Max Sharpe λ=0.50 γ=0.10,0.004617202666310716,0.1510384809889695,-0.10184687526626215
2023-04-27,Combined Robust Max Sharpe λ=0.50 γ=0.10,0.024022732510728062,0.15159422647491383,0.026536185475333738
2023-04-28,Combined Robust Max Sharpe λ=0.50 γ=0.10,0.0351953315193092,0.15158766337700402,0.10024121475847188
2023-05-01,Combined Robust Max Sharpe λ=0.50 γ=0.10,0.023250411574358143,0.15131685159773678,0.021480830059821033
2023-05-02,Combined Robust Max Sharpe λ=0.50 γ=0.10,0.03795682802999556,0.15051680377542287,0.11930115162947434
2023-05-03,Combined Robust Max Sharpe λ=0.50 γ=0.10,0.04413511907638479,0.15035829202063042,0.16051737986670697
2023-05-04,Combined Robust Max Sharpe λ=0.50 γ=0.10,0.03964093282981085,0.1503372466859449,0.13064581973382042
2023-05-05,Combined Robust Max Sharpe λ=0.50 γ=0.10,0.03359021140688334,0.1498945728047256,0.09066513318389399
2023-05-08,Combined Robust Max Sharpe λ=0.50 γ=0.10,0.0565057811041223,0.14844121747153516,0.24592752421424044
2023-05-09,Combined Robust Max Sharpe λ=0.50 γ=0.10,0.061704159491309696,0.14830483917172446,0.2812056553530246
2023-05-10,Combined Robust Max Sharpe λ=0.50 γ=0.10,0.07580410770001977,0.14800553177218745,0.3770406891677155
2023-05-11,Combined Robust Max Sharpe λ=0.50 γ=0.10,0.07049942285596233,0.14802034371662076,0.3411654208332439
2023-05-12,Combined Robust Max Sharpe λ=0.50 γ=0.10,0.06709357506710223,0.1480376906764033,0.3181188172547519
2023-05-15,Combined Robust Max Sharpe λ=0.50 γ=0.10,0.07519479784860272,0.14804061201676244,0.3728355151784504
2023-05-16,Combined Robust Max Sharpe λ=0.50 γ=0.10,0.06553316136872112,0.14819891779058392,0.3072435483844953
2023-05-17,Combined Robust Max Sharpe λ=0.50 γ=0.10,0.07093128710144847,0.14832139286299192,0.3433846333178312
2023-05-18,Combined Robust Max Sharpe λ=0.50 γ=0.10,0.07416519588355697,0.1483581606083571,0.36509751577835214
2023-05-19,Combined Robust Max Sharpe λ=0.50 γ=0.10,0.08420200268660305,0.1482184404716675,0.43315799628100593
2023-05-22,Combined Robust Max Sharpe λ=0.50 γ=0.10,0.08099171082472179,0.14818906541081522,0.4115803730567994
2023-05-23,Combined Robust Max Sharpe λ=0.50 γ=0.10,0.06844330001409826,0.1484145159009082,0.3264054039460827
2023-05-24,Combined Robust Max Sharpe λ=0.50 γ=0.10,0.05832234351416399,0.1486395750722825,0.2578205938460741
2023-05-25,Combined Robust Max Sharpe λ=0.50 γ=0.10,0.06012681075599002,0.1486942853065087,0.26986114949391116
2023-05-26,Combined Robust Max Sharpe λ=0.50 γ=0.10,0.07082995722635799,0.14922324280117136,0.34063029506794085
2023-05-30,Combined Robust Max Sharpe λ=0.50 γ=0.10,0.06713480769819236,0.14914926868631223,0.3160243969906774
2023-05-31,Combined Robust Max Sharpe λ=0.50 γ=0.10,0.0533256128421673,0.1489624941461977,0.2237181448469856
2023-06-01,Combined Robust Max Sharpe λ=0.50 γ=0.10,0.07545518122198658,0.14890865299334752,0.3724107371011141
2023-06-02,Combined Robust Max Sharpe λ=0.50 γ=0.10,0.08183245707029196,0.1489235508859928,0.41519596264278774
2023-06-05,Combined Robust Max Sharpe λ=0.50 γ=0.10,0.07091269798552835,0.14855336696524277,0.34272328541325126
2023-06-06,Combined Robust Max Sharpe λ=0.50 γ=0.10,0.08380617652930411,0.14821430528897322,0.43049944743796015
2023-06-07,Combined Robust Max Sharpe λ=0.50 γ=0.10,0.07748218158165132,0.14851833840888548,0.3870376022077305
2023-06-08,Combined Robust Max Sharpe λ=0.50 γ=0.10,0.08119766237084192,0.1487155040589054,0.41150828730407185
2023-06-09,Combined Robust Max Sharpe λ=0.50 γ=0.10,0.08731625276421662,0.14861346684077617,0.45296199728883896
2023-06-12,Combined Robust Max Sharpe λ=0.50 γ=0.10,0.10465313708590074,0.1485229566424261,0.5699666839363153
2023-06-13,Combined Robust Max Sharpe λ=0.50 γ=0.10,0.11805135117384435,0.14824781422645839,0.6614016650799613
2023-06-14,Combined Robust Max Sharpe λ=0.50 γ=0.10,0.15449541969756475,0.1453370568153911,0.9254034906486546
2023-06-15,Combined Robust Max Sharpe λ=0.50 γ=0.10,0.1740626244509047,0.1454932586530437,1.0588987137768102
2023-06-16,Combined Robust Max Sharpe λ=0.50 γ=0.10,0.15225936143326613,0.14479402961315496,0.9134310426101298
2023-06-20,Combined Robust Max Sharpe λ=0.50 γ=0.10,0.1496139767623319,0.14489435480182158,0.8945412465489817
2023-06-21,Combined Robust Max Sharpe λ=0.50 γ=0.10,0.143854324235557,0.14501201588559928,0.8540969758896828
2023-06-22,Combined Robust Max Sharpe λ=0.50 γ=0.10,0.14059932300413802,0.14498876296120572,0.8317839296029201
2023-06-23,Combined Robust Max Sharpe λ=0.50 γ=0.10,0.12538947381002408,0.14498980339884968,0.7268750721739389
2023-06-26,Combined Robust Max Sharpe λ=0.50 γ=0.10,0.11619919394175637,0.1450133524786091,0.6633816286396571
2023-06-27,Combined Robust Max Sharpe λ=0.50 γ=0.10,0.11681800851553281,0.1450398291555223,0.6675270446693471
2023-06-28,Combined Robust Max Sharpe λ=0.50 γ=0.10,0.1218423587260109,0.1449572345114211,0.7025683062268051
2023-06-29,Combined Robust Max Sharpe λ=0.50 γ=0.10,0.12976798545415025,0.14476879266693907,0.758229611727763
2023-06-30,Combined Robust Max Sharpe λ=0.50 γ=0.10,0.13829456978943933,0.1451330567116058,0.815076678392454
2023-07-03,Combined Robust Max Sharpe λ=0.50 γ=0.10,0.14135766971201846,0.14511888114275448,0.8362638187145204
2023-07-05,Combined Robust Max Sharpe λ=0.50 γ=0.10,0.13042114229867163,0.1450384945814996,0.7613230033673861
2023-07-06,Combined Robust Max Sharpe λ=0.50 γ=0.10,0.12384604046303038,0.1452495326137533,0.7149492228603389
2023-07-07,Combined Robust Max Sharpe λ=0.50 γ=0.10,0.1332890419114925,0.14507533952537396,0.7808979960489978
2023-07-10,Combined Robust Max Sharpe λ=0.50 γ=0.10,0.13054695970040497,0.14503912144199807,0.7621871850941492
2023-07-11,Combined Robust Max Sharpe λ=0.50 γ=0.10,0.1394794660290397,0.14509866847633968,0.8234359920988694
2023-07-12,Combined Robust Max Sharpe λ=0.50 γ=0.10,0.1578643094147063,0.14552074061936138,0.9473859796750074
2023-07-13,Combined Robust Max Sharpe λ=0.50 γ=0.10,0.17234096666988563,0.1457245049050876,1.045403906289525
2023-07-14,Combined Robust Max Sharpe λ=0.50 γ=0.10,0.16757497815592348,0.14574173329484644,1.0125787227833243
2023-07-17,Combined Robust Max Sharpe λ=0.50 γ=0.10,0.17907720048003628,0.1456034022132673,1.0925376609471922
2023-07-18,Combined Robust Max Sharpe λ=0.50 γ=0.10,0.18092324912467528,0.14568185935456554,1.1046210546572908
2023-07-19,Combined Robust Max Sharpe λ=0.50 γ=0.10,0.18641746178634566,0.14560367595339782,1.1429482167717355
2023-07-20,Combined Robust Max Sharpe λ=0.50 γ=0.10,0.16401615567601535,0.14578607403386462,0.9878594826729601
2023-07-21,Combined Robust Max Sharpe λ=0.50 γ=0.10,0.1616013193743131,0.14580066300090042,0.9711980484851336
2023-07-24,Combined Robust Max Sharpe λ=0.50 γ=0.10,0.14710425863706367,0.1452913638677207,0.874823219037194
2023-07-25,Combined Robust Max Sharpe λ=0.50 γ=0.10,0.1513017899959639,0.14534151980450186,0.9034017958018966
2023-07-26,Combined Robust Max Sharpe λ=0.50 γ=0.10,0.15605646885866364,0.14529466286884832,0.9364175267846995
2023-07-27,Combined Robust Max Sharpe λ=0.50 γ=0.10,0.15347675123455895,0.14540422360909902,0.9179702481916511
2023-07-28,Combined Robust Max Sharpe λ=0.50 γ=0.10,0.14938478960902524,0.14509877410008518,0.89170146620108
2023-07-31,Combined Robust Max Sharpe λ=0.50 γ=0.10,0.13869897062940417,0.14472911412678685,0.8201457691879498
2023-08-01,Combined Robust Max Sharpe λ=0.50 γ=0.10,0.12497905737199089,0.14475122233004906,0.7252377954545132
2023-08-02,Combined Robust Max Sharpe λ=0.50 γ=0.10,0.10358824451494986,0.1455179274532246,0.5744188773016887
2023-08-03,Combined Robust Max Sharpe λ=0.50 γ=0.10,0.11133597545647334,0.14523735942148447,0.6288738367337895
2023-08-04,Combined Robust Max Sharpe λ=0.50 γ=0.10,0.09854315830032667,0.14493568330110068,0.5419173285101571
2023-08-07,Combined Robust Max Sharpe λ=0.50 γ=0.10,0.09719722356692695,0.1448842405547811,0.5328200173554313
2023-08-08,Combined Robust Max Sharpe λ=0.50 γ=0.10,0.10200300325747746,0.14461609552584215,0.567039256310332
2023-08-09,Combined Robust Max Sharpe λ=0.50 γ=0.10,0.08969203604434162,0.1447308516733091,0.48152854238467835
2023-08-10,Combined Robust Max Sharpe λ=0.50 γ=0.10,0.09351555127755251,0.14469890496566126,0.5080587948816794
2023-08-11,Combined Robust Max Sharpe λ=0.50 γ=0.10,0.08244857797589122,0.14457249470144004,0.43195338162252234
2023-08-14,Combined Robust Max Sharpe λ=0.50 γ=0.10,0.09181095428439612,0.14450780935680707,0.49693476500696426
2023-08-15,Combined Robust Max Sharpe λ=0.50 γ=0.10,0.06997291029987651,0.14447215481127806,0.34589994428445686
2023-08-16,Combined Robust Max Sharpe λ=0.50 γ=0.10,0.06212688172279357,0.14472161049284066,0.2910890887638206
2023-08-17,Combined Robust Max Sharpe λ=0.50 γ=0.10,0.05497716356793081,0.1449195522846524,0.24135572472117717
2023-08-18,Combined Robust Max Sharpe λ=0.50 γ=0.10,0.06315962554093879,0.14470219146253024,0.29826518247385847
2023-08-21,Combined Robust Max Sharpe λ=0.50 γ=0.10,0.07056399915917555,0.144894846935635,0.34897030659507866
2023-08-22,Combined Robust Max Sharpe λ=0.50 γ=0.10,0.08137193517120567,0.14443947588610764,0.424897243601176
2023-08-23,Combined Robust Max Sharpe λ=0.50 γ=0.10,0.10727441757003153,0.14443763872390278,0.6042359757546258
2023-08-24,Combined Robust Max Sharpe λ=0.50 γ=0.10,0.0923726235202158,0.14506285040997327,0.49890529047015114
2023-08-25,Combined Robust Max Sharpe λ=0.50 γ=0.10,0.0975375557057303,0.14514350481610283,0.5342130590271371
2023-08-28,Combined Robust Max Sharpe λ=0.50 γ=0.10,0.09491583528875625,0.14501993012948894,0.5165899281696217
2023-08-29,Combined Robust Max Sharpe λ=0.50 γ=0.10,0.12994800737472123,0.14481819183923714,0.7592140599074366
2023-08-30,Combined Robust Max Sharpe λ=0.50 γ=0.10,0.13934621688418836,0.1447515798941381,0.8244899086522609
2023-08-31,Combined Robust Max Sharpe λ=0.50 γ=0.10,0.14585032382055085,0.1445960231104836,0.8703581268233812
2023-09-01,Combined Robust Max Sharpe λ=0.50 γ=0.10,0.15468848012612035,0.14442509743177787,0.9325836196146117
2023-09-05,Combined Robust Max Sharpe λ=0.50 γ=0.10,0.1530804173079574,0.14447537059750518,0.9211287485027948
2023-09-06,Combined Robust Max Sharpe λ=0.50 γ=0.10,0.1479750039572274,0.1446122898068888,0.8849524762253722
2023-09-07,Combined Robust Max Sharpe λ=0.50 γ=0.10,0.15145294799507236,0.14448249616492584,0.9098191925270981
2023-09-08,Combined Robust Max Sharpe λ=0.50 γ=0.10,0.13689816775806496,0.14391327603567697,0.8122820283035264
2023-09-11,Combined Robust Max Sharpe λ=0.50 γ=0.10,0.14555128203297363,0.1440782766994671,0.8714102147047544
2023-09-12,Combined Robust Max Sharpe λ=0.50 γ=0.10,0.12648854443289248,0.14392427588222845,0.7398928622717602
2023-09-13,Combined Robust Max Sharpe λ=0.50 γ=0.10,0.11982608056433564,0.14381693607859822,0.694119088378987
2023-09-14,Combined Robust Max Sharpe λ=0.50 γ=0.10,0.16127926630082,0.14116923765313838,1.000779409519459
2023-09-15,Combined Robust Max Sharpe λ=0.50 γ=0.10,0.1491127880841736,0.1414742932432897,0.9126236655739406
2023-09-18,Combined Robust Max Sharpe λ=0.50 γ=0.10,0.164807224134784,0.1408183313555439,1.0283265164474134
2023-09-19,Combined Robust Max Sharpe λ=0.50 γ=0.10,0.16427715142536203,0.14082496314171694,1.0245140364792502
2023-09-20,Combined Robust Max Sharpe λ=0.50 γ=0.10,0.15136404159013517,0.14107501534539763,0.931164467843673
2023-09-21,Combined Robust Max Sharpe λ=0.50 γ=0.10,0.14229469604570677,0.1417414064309227,0.8628014856428475
2023-09-22,Combined Robust Max Sharpe λ=0.50 γ=0.10,0.14858267649567303,0.14160806772470014,0.908018014521957
2023-09-25,Combined Robust Max Sharpe λ=0.50 γ=0.10,0.1604550372564726,0.1413007804968535,0.9940145890390201
2023-09-26,Combined Robust Max Sharpe λ=0.50 γ=0.10,0.1594083418009713,0.14138541971285004,0.9860163946473821
2023-09-27,Combined Robust Max Sharpe λ=0.50 γ=0.10,0.17076125749121873,0.1409450700726028,1.0696454825525965
2023-09-28,Combined Robust Max Sharpe λ=0.50 γ=0.10,0.17860440779268605,0.14100229961092306,1.1248356106980784
2023-09-29,Combined Robust Max Sharpe λ=0.50 γ=0.10,0.15098885228386516,0.13960341872642568,0.9382925825087273
2023-10-02,Combined Robust Max Sharpe λ=0.50 γ=0.10,0.1625777681619498,0.13900482921140053,1.0257037037548926
2023-10-03,Combined Robust Max Sharpe λ=0.50 γ=0.10,0.15680942656192687,0.1393980012790248,0.9814303311859076
2023-10-04,Combined Robust Max Sharpe λ=0.50 γ=0.10,0.13999210061030287,0.13796069642427433,0.8697556892673828
2023-10-05,Combined Robust Max Sharpe λ=0.50 γ=0.10,0.11880374750490952,0.13672742804703666,0.7226329706934828
2023-10-06,Combined Robust Max Sharpe λ=0.50 γ=0.10,0.13728116479342733,0.13710145186726058,0.8554334268245173
2023-10-09,Combined Robust Max Sharpe λ=0.50 γ=0.10,0.1518504847317761,0.13710836651576389,0.961651634268553
2023-10-10,Combined Robust Max Sharpe λ=0.50 γ=0.10,0.18182750017171534,0.13567206661074,1.1927842201742127
2023-10-11,Combined Robust Max Sharpe λ=0.50 γ=0.10,0.19998548399320581,0.1353102941995764,1.3301684476994453
2023-10-12,Combined Robust Max Sharpe λ=0.50 γ=0.10,0.19801008760490757,0.13538748306007364,1.3148193878892156
2023-10-13,Combined Robust Max Sharpe λ=0.50 γ=0.10,0.1942191873939041,0.13540220766697886,1.2866790755908164
2023-10-16,Combined Robust Max Sharpe λ=0.50 γ=0.10,0.1942228579960783,0.13540237451818113,1.2867045989114805
2023-10-17,Combined Robust Max Sharpe λ=0.50 γ=0.10,0.21564279959959776,0.13418594720273316,1.4579976791758475
2023-10-18,Combined Robust Max Sharpe λ=0.50 γ=0.10,0.18682016192236794,0.13385555692295917,1.2462699775578359
2023-10-19,Combined Robust Max Sharpe λ=0.50 γ=0.10,0.17343809439045987,0.13392285246075017,1.1457200288907317
2023-10-20,Combined Robust Max Sharpe λ=0.50 γ=0.10,0.1722018481630605,0.13400198460228077,1.1358178657935336
2023-10-23,Combined Robust Max Sharpe λ=0.50 γ=0.10,0.1774519664024803,0.13387820789349764,1.176083612709665
2023-10-24,Combined Robust Max Sharpe λ=0.50 γ=0.10,0.16589638877746782,0.1330534531533037,1.0965246321669424
2023-10-25,Combined Robust Max Sharpe λ=0.50 γ=0.10,0.14600120005011785,0.13373392887907998,0.9421782572771498
2023-10-26,Combined Robust Max Sharpe λ=0.50 γ=0.10,0.12103764846530929,0.13362368541428332,0.7561357715292378
2023-10-27,Combined Robust Max Sharpe λ=0.50 γ=0.10,0.1264565869917027,0.13354716262742516,0.7971460036833522
2023-10-30,Combined Robust Max Sharpe λ=0.50 γ=0.10,0.14077445417001178,0.13367296732869707,0.9035069437265628
2023-10-31,Combined Robust Max Sharpe λ=0.50 γ=0.10,0.13555169924586896,0.13348903034759152,0.8656269278830206
2023-11-01,Combined Robust Max Sharpe λ=0.50 γ=0.10,0.15570184125146813,0.1335209382249578,1.0163337904564145
2023-11-02,Combined Robust Max Sharpe λ=0.50 γ=0.10,0.17663976752668775,0.13448490504327631,1.1647386558088595
2023-11-03,Combined Robust Max Sharpe λ=0.50 γ=0.10,0.21459747330089196,0.13307795318436408,1.4622818328990959
2023-11-06,Combined Robust Max Sharpe λ=0.50 γ=0.10,0.22613198502731446,0.13260057674437384,1.5545330954683085
2023-11-07,Combined Robust Max Sharpe λ=0.50 γ=0.10,0.2059368731968656,0.13140217702807389,1.4150212530888318
2023-11-08,Combined Robust Max Sharpe λ=0.50 γ=0.10,0.19719726163105467,0.13137684947087272,1.3487708248806858
2023-11-09,Combined Robust Max Sharpe λ=0.50 γ=0.10,0.17774502503098843,0.13108920543657918,1.2033410722540792
2023-11-10,Combined Robust Max Sharpe λ=0.50 γ=0.10,0.20903404921251378,0.1305243841842446,1.4482661641649928
2023-11-13,Combined Robust Max Sharpe λ=0.50 γ=0.10,0.1504176482406463,0.1203414196466752,1.08373034507616
2023-11-14,Combined Robust Max Sharpe λ=0.50 γ=0.10,0.1633913973827017,0.1218148718923547,1.1771255443211708
2023-11-15,Combined Robust Max Sharpe λ=0.50 γ=0.10,0.16962131624484855,0.12168343761184457,1.2295947516055754
2023-11-16,Combined Robust Max Sharpe λ=0.50 γ=0.10,0.1609441868394177,0.12141496780445887,1.160846882292231
2023-11-17,Combined Robust Max Sharpe λ=0.50 γ=0.10,0.17319848344843813,0.12120164377954078,1.2639967468353637
2023-11-20,Combined Robust Max Sharpe λ=0.50 γ=0.10,0.186371469664945,0.1212379335427582,1.3722723969579134
2023-11-21,Combined Robust Max Sharpe λ=0.50 γ=0.10,0.1848434154499783,0.12126039430470778,1.35941678563038
2023-11-22,Combined Robust Max Sharpe λ=0.50 γ=0.10,0.19498742040996597,0.12108315593524982,1.4451838412895506
2023-11-24,Combined Robust Max Sharpe λ=0.50 γ=0.10,0.1865596721988132,0.12077912916944648,1.3790434932275355
2023-11-27,Combined Robust Max Sharpe λ=0.50 γ=0.10,0.17763738951015196,0.12060592764657235,1.3070451227911273
2023-11-28,Combined Robust Max Sharpe λ=0.50 γ=0.10,0.183470705054273,0.1206075994233174,1.3553930750293066
2023-11-29,Combined Robust Max Sharpe λ=0.50 γ=0.10,0.1985573528368365,0.11992013793179682,1.488968874755539
2023-11-30,Combined Robust Max Sharpe λ=0.50 γ=0.10,0.20022837173222396,0.11990179302733286,1.5031332491511535
2023-12-01,Combined Robust Max Sharpe λ=0.50 γ=0.10,0.17743478266567925,0.11693571278241692,1.3463361955010207
2023-12-04,Combined Robust Max Sharpe λ=0.50 γ=0.10,0.1563764801318086,0.11743887128725528,1.1612550311236556
2023-12-05,Combined Robust Max Sharpe λ=0.50 γ=0.10,0.1580769808390925,0.11741204736236265,1.1760035187271094
2023-12-06,Combined Robust Max Sharpe λ=0.50 γ=0.10,0.17641251626726984,0.11607967957378844,1.3474582014834302
2023-12-07,Combined Robust Max Sharpe λ=0.50 γ=0.10,0.19682590426068103,0.11580601534488043,1.526914674804051
2023-12-08,Combined Robust Max Sharpe λ=0.50 γ=0.10,0.1937340620159096,0.11581755820088306,1.500066697266848
2023-12-11,Combined Robust Max Sharpe λ=0.50 γ=0.10,0.18744707859622234,0.11569841521815645,1.447272015614826
2023-12-12,Combined Robust Max Sharpe λ=0.50 γ=0.10,0.19668108434346077,0.11564307536081236,1.527813782124063
2023-12-13,Combined Robust Max Sharpe λ=0.50 γ=0.10,0.20896756017075435,0.11655884292269965,1.621220281811439
2023-12-14,Combined Robust Max Sharpe λ=0.50 γ=0.10,0.19904657827754724,0.11608700278425314,1.5423481869913036
2023-12-15,Combined Robust Max Sharpe λ=0.50 γ=0.10,0.20157796336989176,0.11600397521247117,1.5652736299537686
2023-12-18,Combined Robust Max Sharpe λ=0.50 γ=0.10,0.23611820784006143,0.11362848892877256,1.9019720307601207
2023-12-19,Combined Robust Max Sharpe λ=0.50 γ=0.10,0.24906709693164686,0.11364169066132743,2.015695961566674
2023-12-20,Combined Robust Max Sharpe λ=0.50 γ=0.10,0.24568484633822663,0.11389799844940465,1.981464550832116
2023-12-21,Combined Robust Max Sharpe λ=0.50 γ=0.10,0.252235257518578,0.11420153569619641,2.0335563449547625
2023-12-22,Combined Robust Max Sharpe λ=0.50 γ=0.10,0.24422879606473247,0.11392925917937696,1.9681405609044942
2023-12-26,Combined Robust Max Sharpe λ=0.50 γ=0.10,0.27139142282464834,0.11281867372537902,2.228278480179446
2023-12-27,Combined Robust Max Sharpe λ=0.50 γ=0.10,0.27131239735204904,0.11281750840981963,2.2276010248261677
2023-12-28,Combined Robust Max Sharpe λ=0.50 γ=0.10,0.27340839868965694,0.11276129053559145,2.2472995607448487
2023-12-29,Combined Robust Max Sharpe λ=0.50 γ=0.10,0.2825759819986895,0.11231004189974698,2.337956406721642
2024-01-02,Combined Robust Max Sharpe λ=0.50 γ=0.10,0.25219989021743316,0.11177486594185604,2.0773891183928668
2024-01-03,Combined Robust Max Sharpe λ=0.50 γ=0.10,0.241013870532794,0.1122001562836244,1.9698178492203309
2024-01-04,Combined Robust Max Sharpe λ=0.50 γ=0.10,0.23903129206976548,0.11222958197129627,1.951635996699914
2024-01-05,Combined Robust Max Sharpe λ=0.50 γ=0.10,0.23092400923758172,0.1120339121806406,1.8826800308239997
2024-01-08,Combined Robust Max Sharpe λ=0.50 γ=0.10,0.2576814037323252,0.1115664823670129,2.1304015210450067
2024-01-09,Combined Robust Max Sharpe λ=0.50 γ=0.10,0.2293907584118937,0.10948826059055754,1.9124494012644124
2024-01-10,Combined Robust Max Sharpe λ=0.50 γ=0.10,0.2306348675578247,0.10951000056204241,1.9234304307987877
2024-01-11,Combined Robust Max Sharpe λ=0.50 γ=0.10,0.22493789308189216,0.10940066481391332,1.8732783153601882
2024-01-12,Combined Robust Max Sharpe λ=0.50 γ=0.10,0.2178024066624351,0.10908513908234722,1.8132846355278163
2024-01-16,Combined Robust Max Sharpe λ=0.50 γ=0.10,0.2021348490307251,0.1090798806826935,1.66973824953608
2024-01-17,Combined Robust Max Sharpe λ=0.50 γ=0.10,0.18511416357773935,0.1092388493739024,1.511496729634959
2024-01-18,Combined Robust Max Sharpe λ=0.50 γ=0.10,0.19989812394282214,0.10962014803711755,1.6411045520747551
2024-01-19,Combined Robust Max Sharpe λ=0.50 γ=0.10,0.22389131159961773,0.10964223756526006,1.8596055327515526
2024-01-22,Combined Robust Max Sharpe λ=0.50 γ=0.10,0.22509944049281017,0.10963214735619224,1.870796526738156
2024-01-23,Combined Robust Max Sharpe λ=0.50 γ=0.10,0.2132475248219763,0.1089936503507793,1.7730163564578199
2024-01-24,Combined Robust Max Sharpe λ=0.50 γ=0.10,0.20042370117747277,0.10851529347590966,1.662656897458668
2024-01-25,Combined Robust Max Sharpe λ=0.50 γ=0.10,0.20398910231591416,0.10854912529790259,1.6949846607328605
2024-01-26,Combined Robust Max Sharpe λ=0.50 γ=0.10,0.20047440244130232,0.10858232290068491,1.6620974539877333
2024-01-29,Combined Robust Max Sharpe λ=0.50 γ=0.10,0.2026312439565532,0.1086908589915554,1.6802815402419675
2024-01-30,Combined Robust Max Sharpe λ=0.50 γ=0.10,0.19633359150613017,0.10869404763517138,1.6222929897503595
2024-01-31,Combined Robust Max Sharpe λ=0.50 γ=0.10,0.1960033565767405,0.10872453768361538,1.618800689582182
2024-02-01,Combined Robust Max Sharpe λ=0.50 γ=0.10,0.1966018491544903,0.10877394634658058,1.6235675461455938
2024-02-02,Combined Robust Max Sharpe λ=0.50 γ=0.10,0.1851025520298586,0.10798311545813095,1.5289663696902223
2024-02-05,Combined Robust Max Sharpe λ=0.50 γ=0.10,0.16970000721899337,0.10771218823876623,1.389814928716818
2024-02-06,Combined Robust Max Sharpe λ=0.50 γ=0.10,0.19280337745798382,0.10626542915308489,1.6261485869411496
2024-02-07,Combined Robust Max Sharpe λ=0.50 γ=0.10,0.2050716589731787,0.1062263485726216,1.7422387332334457
2024-02-08,Combined Robust Max Sharpe λ=0.50 γ=0.10,0.19289448107047424,0.10578079311971865,1.6344600562296683
2024-02-09,Combined Robust Max Sharpe λ=0.50 γ=0.10,0.20720960720321324,0.10546086044389914,1.7751572139201452
2024-02-12,Combined Robust Max Sharpe λ=0.50 γ=0.10,0.2150586793159155,0.10509671344935118,1.8559921896122786
2024-02-13,Combined Robust Max Sharpe λ=0.50 γ=0.10,0.19863477062186186,0.10618780705646252,1.6822531284300617
2024-02-14,Combined Robust Max Sharpe λ=0.50 γ=0.10,0.19817568001859032,0.1061645081415923,1.678297984303344
2024-02-15,Combined Robust Max Sharpe λ=0.50 γ=0.10,0.20312950092107696,0.10629342643798052,1.722867603933422
2024-02-16,Combined Robust Max Sharpe λ=0.50 γ=0.10,0.1991362327127857,0.10635761170257631,1.6842822045847656
2024-02-20,Combined Robust Max Sharpe λ=0.50 γ=0.10,0.20983548880560488,0.10578398937030566,1.7945578526167127
2024-02-21,Combined Robust Max Sharpe λ=0.50 γ=0.10,0.2108738145812985,0.10576737878060685,1.8046567550589283
2024-02-22,Combined Robust Max Sharpe λ=0.50 γ=0.10,0.25038658962163707,0.1055666465761685,2.1823804875284014
2024-02-23,Combined Robust Max Sharpe λ=0.50 γ=0.10,0.253918372499605,0.10553509564125622,2.216498417689979
2024-02-26,Combined Robust Max Sharpe λ=0.50 γ=0.10,0.24567341033603896,0.10551445021680493,2.1387915102845008
2024-02-27,Combined Robust Max Sharpe λ=0.50 γ=0.10,0.26119018953832285,0.10482700386160335,2.3008402477738605
2024-02-28,Combined Robust Max Sharpe λ=0.50 γ=0.10,0.2527841742814998,0.10480221796478852,2.221176028542742
2024-02-29,Combined Robust Max Sharpe λ=0.50 γ=0.10,0.25963798226188284,0.10489605880096378,2.284527988955111
2024-03-01,Combined Robust Max Sharpe λ=0.50 γ=0.10,0.2802691651212539,0.10564984694302161,2.4635072615071607
2024-03-04,Combined Robust Max Sharpe λ=0.50 γ=0.10,0.27872323719858083,0.10561745730828939,2.4496256943905323
2024-03-05,Combined Robust Max Sharpe λ=0.50 γ=0.10,0.2510602648479281,0.10493266967462445,2.2019859550357435
2024-03-06,Combined Robust Max Sharpe λ=0.50 γ=0.10,0.2617970058090169,0.10508358274906121,2.300996972918465
2024-03-07,Combined Robust Max Sharpe λ=0.50 γ=0.10,0.2928515421842943,0.10445367399363739,2.612177549646694
2024-03-08,Combined Robust Max Sharpe λ=0.50 γ=0.10,0.2854192046595001,0.10456833926010328,2.5382367792922134
2024-03-11,Combined Robust Max Sharpe λ=0.50 γ=0.10,0.29416839083924984,0.10419193796166823,2.6313781680509214
2024-03-12,Combined Robust Max Sharpe λ=0.50 γ=0.10,0.30277828102528637,0.10423452557367133,2.7129041885975016
2024-03-13,Combined Robust Max Sharpe λ=0.50 γ=0.10,0.290210776216435,0.1039384301194688,2.599719621566822
2024-03-14,Combined Robust Max Sharpe λ=0.50 γ=0.10,0.27320537482327856,0.10364003596659248,2.4431231855698816
2024-03-15,Combined Robust Max Sharpe λ=0.50 γ=0.10,0.2616035515312769,0.10389993654110101,2.325348403227395
2024-03-18,Combined Robust Max Sharpe λ=0.50 γ=0.10,0.25110581956220934,0.10321401377347499,2.2390934245558944
2024-03-19,Combined Robust Max Sharpe λ=0.50 γ=0.10,0.24908210868155334,0.10318001983676875,2.220217722810698
2024-03-20,Combined Robust Max Sharpe λ=0.50 γ=0.10,0.25756134965502864,0.10361968299676183,2.2926276435573785
2024-03-21,Combined Robust Max Sharpe λ=0.50 γ=0.10,0.25702608856397147,0.10361417362869489,2.2875836409540162
2024-03-22,Combined Robust Max Sharpe λ=0.50 γ=0.10,0.25844755378791273,0.10356680132233143,2.3023551055303075
2024-03-25,Combined Robust Max Sharpe λ=0.50 γ=0.10,0.24648893967202623,0.10331533398910245,2.1922103034184253
2024-03-26,Combined Robust Max Sharpe λ=0.50 γ=0.10,0.24596314699708244,0.10331994926874784,2.18702340251179
2024-03-27,Combined Robust Max Sharpe λ=0.50 γ=0.10,0.2599155157544324,0.10330157165784826,2.3224769178640567
2024-03-28,Combined Robust Max Sharpe λ=0.50 γ=0.10,0.2636061603650037,0.10331938529515966,2.3577972291364016
2024-04-01,Combined Robust Max Sharpe λ=0.50 γ=0.10,0.2563417323928703,0.10305364164630978,2.293385547732688
2024-04-02,Combined Robust Max Sharpe λ=0.50 γ=0.10,0.2461825952589003,0.10286354607769584,2.1988605670667623
2024-04-03,Combined Robust Max Sharpe λ=0.50 γ=0.10,0.24076714108755026,0.10262810861938589,2.151137188996666
2024-04-04,Combined Robust Max Sharpe λ=0.50 γ=0.10,0.2237576446854379,0.10327187224109764,1.9730216976191448
2024-04-05,Combined Robust Max Sharpe λ=0.50 γ=0.10,0.23505019112834802,0.10386868966502694,2.0704043906000713
2024-04-08,Combined Robust Max Sharpe λ=0.50 γ=0.10,0.2432221461127717,0.10376997617317514,2.1511245771151613
2024-04-09,Combined Robust Max Sharpe λ=0.50 γ=0.10,0.24567627499455802,0.10379321877946132,2.174287276648318
2024-04-10,Combined Robust Max Sharpe λ=0.50 γ=0.10,0.23654548925269192,0.10428768274577264,2.076424401725138
2024-04-11,Combined Robust Max Sharpe λ=0.50 γ=0.10,0.2524945590687684,0.10500707044198865,2.2140848048628348
2024-04-12,Combined Robust Max Sharpe λ=0.50 γ=0.10,0.23730184828334422,0.10608378196979149,2.048398390860757
2024-04-15,Combined Robust Max Sharpe λ=0.50 γ=0.10,0.21602528451665615,0.1053368342523252,1.8609376853598492
2024-04-16,Combined Robust Max Sharpe λ=0.50 γ=0.10,0.22348491619866073,0.10504649235831086,1.937093867966376
2024-04-17,Combined Robust Max Sharpe λ=0.50 γ=0.10,0.21431499234564666,0.10537840576264994,1.8439735440989107
2024-04-18,Combined Robust Max Sharpe λ=0.50 γ=0.10,0.21073583596144263,0.10540345930983291,1.809578520575645
2024-04-19,Combined Robust Max Sharpe λ=0.50 γ=0.10,0.20332942386179753,0.1057264855413738,1.7339971429396988
2024-04-22,Combined Robust Max Sharpe λ=0.50 γ=0.10,0.20576355077332042,0.1056837185085882,1.7577310241806519
2024-04-23,Combined Robust Max Sharpe λ=0.50 γ=0.10,0.21899503184156033,0.1059050379901445,1.8789949526299095
2024-04-24,Combined Robust Max Sharpe λ=0.50 γ=0.10,0.21801729882111442,0.10590718465659534,1.8697248865899578
2024-04-25,Combined Robust Max Sharpe λ=0.50 γ=0.10,0.22740973950138055,0.10547853752495422,1.9663691246412225
2024-04-26,Combined Robust Max Sharpe λ=0.50 γ=0.10,0.2407914891490388,0.10578337705182446,2.0872040135461982
2024-04-29,Combined Robust Max Sharpe λ=0.50 γ=0.10,0.22609325317513407,0.10495844183244514,1.9635700528418647
2024-04-30,Combined Robust Max Sharpe λ=0.50 γ=0.10,0.1978630631823679,0.10646781257314739,1.6705806091410895
2024-05-01,Combined Robust Max Sharpe λ=0.50 γ=0.10,0.19967919793236577,0.10643723241730838,1.6881235433471034
2024-05-02,Combined Robust Max Sharpe λ=0.50 γ=0.10,0.20966902929020526,0.10660481695450175,1.7791787904964445
2024-05-03,Combined Robust Max Sharpe λ=0.50 γ=0.10,0.2234278359906383,0.10703465702715204,1.9005791361487123
2024-05-06,Combined Robust Max Sharpe λ=0.50 γ=0.10,0.23744746277729578,0.10742636328569005,2.0241536260425685
2024-05-07,Combined Robust Max Sharpe λ=0.50 γ=0.10,0.22617773021695875,0.10716815929577282,1.9238711532585901
2024-05-08,Combined Robust Max Sharpe λ=0.50 γ=0.10,0.2233913842263242,0.10718592401654077,1.89755684892857
2024-05-09,Combined Robust Max Sharpe λ=0.50 γ=0.10,0.23477188051321551,0.10739428150074772,1.9998446612980991
2024-05-10,Combined Robust Max Sharpe λ=0.50 γ=0.10,0.23500500699344595,0.10739916937476063,2.0019243002076075
2024-05-13,Combined Robust Max Sharpe λ=0.50 γ=0.10,0.23495737109114967,0.10740041717339005,2.0014575059249244
2024-05-14,Combined Robust Max Sharpe λ=0.50 γ=0.10,0.24569915753517946,0.1075118330664992,2.09929596675724
2024-05-15,Combined Robust Max Sharpe λ=0.50 γ=0.10,0.2570653845037687,0.10817916966253885,2.191414347542932
2024-05-16,Combined Robust Max Sharpe λ=0.50 γ=0.10,0.2619389988880889,0.10797180571677376,2.240760884584363
2024-05-17,Combined Robust Max Sharpe λ=0.50 γ=0.10,0.2609004962818944,0.10793292442142567,2.2319463460592885
2024-05-20,Combined Robust Max Sharpe λ=0.50 γ=0.10,0.2610111754365567,0.10793516194218587,2.2329254999001287
2024-05-21,Combined Robust Max Sharpe λ=0.50 γ=0.10,0.25844406559854805,0.107919899374298,2.209454113476828
2024-05-22,Combined Robust Max Sharpe λ=0.50 γ=0.10,0.24874257326585636,0.10823822770997488,2.113325191158652
2024-05-23,Combined Robust Max Sharpe λ=0.50 γ=0.10,0.2466292921542974,0.10839524379431616,2.0907678623273784
2024-05-24,Combined Robust Max Sharpe λ=0.50 γ=0.10,0.26407983411683933,0.10814436135165323,2.256981603721016
2024-05-28,Combined Robust Max Sharpe λ=0.50 γ=0.10,0.26232071515508304,0.10808964882741283,2.2418494072637567
2024-05-29,Combined Robust Max Sharpe λ=0.50 γ=0.10,0.2352890156734353,0.1078159890482162,1.996819002208998
2024-05-30,Combined Robust Max Sharpe λ=0.50 γ=0.10,0.22845987290551184,0.10791272675494376,1.9317450237254965
2024-05-31,Combined Robust Max Sharpe λ=0.50 γ=0.10,0.235245609060998,0.10779860927971158,1.9967382742618434
2024-06-03,Combined Robust Max Sharpe λ=0.50 γ=0.10,0.22853651501922023,0.10745529546811701,1.9406816026213893
2024-06-04,Combined Robust Max Sharpe λ=0.50 γ=0.10,0.22200562854234307,0.10744638158750823,1.8800598545780005
2024-06-05,Combined Robust Max Sharpe λ=0.50 γ=0.10,0.23819817324888337,0.10823560998800444,2.0159554999788507
2024-06-06,Combined Robust Max Sharpe λ=0.50 γ=0.10,0.23863559932818812,0.10824021120635427,2.0199110560803586
2024-06-07,Combined Robust Max Sharpe λ=0.50 γ=0.10,0.23596920377489816,0.10848146569116263,1.9908396554093752
2024-06-10,Combined Robust Max Sharpe λ=0.50 γ=0.10,0.22903102222251803,0.10812397643806272,1.9332531886880657
2024-06-11,Combined Robust Max Sharpe λ=0.50 γ=0.10,0.2314953656782741,0.10813614373352731,1.955824929354315
2024-06-12,Combined Robust Max Sharpe λ=0.50 γ=0.10,0.2326009602301864,0.1081954686317377,1.9649710188308454
2024-06-13,Combined Robust Max Sharpe λ=0.50 γ=0.10,0.226785686433012,0.10820076050572204,1.9111296950826557
2024-06-14,Combined Robust Max Sharpe λ=0.50 γ=0.10,0.22872171176208922,0.10824319943012592,1.9282662824173546
2024-06-17,Combined Robust Max Sharpe λ=0.50 γ=0.10,0.22202705275488444,0.10789408275150981,1.872457206204456
2024-06-18,Combined Robust Max Sharpe λ=0.50 γ=0.10,0.22923818052668965,0.10782198127486159,1.9405892755142033
2024-06-20,Combined Robust Max Sharpe λ=0.50 γ=0.10,0.23859378568202216,0.1075432690764066,2.032612431808421
2024-06-21,Combined Robust Max Sharpe λ=0.50 γ=0.10,0.23704545405281086,0.10762220806678242,2.016734816647958
2024-06-24,Combined Robust Max Sharpe λ=0.50 γ=0.10,0.23367405813959707,0.10767069129798257,1.984514593189026
2024-06-25,Combined Robust Max Sharpe λ=0.50 γ=0.10,0.2455031568470294,0.10746604564205439,2.0983665631294417
2024-06-26,Combined Robust Max Sharpe λ=0.50 γ=0.10,0.24739160853331477,0.10740729352725703,2.117096531024767
2024-06-27,Combined Robust Max Sharpe λ=0.50 γ=0.10,0.24382231640741803,0.10726511443060462,2.086627302786502
2024-06-28,Combined Robust Max Sharpe λ=0.50 γ=0.10,0.24051404064074844,0.10731859360795065,2.054760812896189
2024-07-01,Combined Robust Max Sharpe λ=0.50 γ=0.10,0.2444738379957918,0.10734415794063328,2.0911602671468823
2024-07-02,Combined Robust Max Sharpe λ=0.50 γ=0.10,0.23724567522969986,0.10693385252785553,2.03158934326348
2024-07-03,Combined Robust Max Sharpe λ=0.50 γ=0.10,0.2461736336188376,0.10719613915437606,2.109904660774385
2024-07-05,Combined Robust Max Sharpe λ=0.50 γ=0.10,0.26197537267146176,0.10747142673832462,2.2515321515237003
2024-07-08,Combined Robust Max Sharpe λ=0.50 γ=0.10,0.2676737945065286,0.10720501469079873,2.310281801843605
2024-07-09,Combined Robust Max Sharpe λ=0.50 γ=0.10,0.2663843558548833,0.10720305546037728,2.2982960214781194
2024-07-10,Combined Robust Max Sharpe λ=0.50 γ=0.10,0.2754038842827742,0.10747425262409965,2.37641926365444
2024-07-11,Combined Robust Max Sharpe λ=0.50 γ=0.10,0.26381509731598785,0.1074710099870107,2.2686592165222614
2024-07-12,Combined Robust Max Sharpe λ=0.50 γ=0.10,0.2539567081301717,0.10691298326941123,2.188290897660404
2024-07-15,Combined Robust Max Sharpe λ=0.50 γ=0.10,0.24459581328062607,0.10658859971721318,2.1071279093307735
2024-07-16,Combined Robust Max Sharpe λ=0.50 γ=0.10,0.2574904215726035,0.10680968972609677,2.223491353468257
2024-07-17,Combined Robust Max Sharpe λ=0.50 γ=0.10,0.23436390605267587,0.10794903195465315,1.9857881277038698
2024-07-18,Combined Robust Max Sharpe λ=0.50 γ=0.10,0.21559890576233642,0.10791917560800768,1.8124573752565143
2024-07-19,Combined Robust Max Sharpe λ=0.50 γ=0.10,0.20196147679267185,0.10852402468335927,1.676693039385345
2024-07-22,Combined Robust Max Sharpe λ=0.50 γ=0.10,0.2249672204339137,0.1082520304568815,1.8934261054397072
2024-07-23,Combined Robust Max Sharpe λ=0.50 γ=0.10,0.22543954396785515,0.1082446923590804,1.8979179439704077
2024-07-24,Combined Robust Max Sharpe λ=0.50 γ=0.10,0.20092447051202456,0.11020544469394188,1.6417017418193875
2024-07-25,Combined Robust Max Sharpe λ=0.50 γ=0.10,0.18346141837692365,0.11068574282850759,1.4768064449834768
2024-07-26,Combined Robust Max Sharpe λ=0.50 γ=0.10,0.1951092253058897,0.1111524844665567,1.5753964128312055
2024-07-29,Combined Robust Max Sharpe λ=0.50 γ=0.10,0.2042143133070533,0.11083719232215009,1.662026161503906
2024-07-30,Combined Robust Max Sharpe λ=0.50 γ=0.10,0.18814245256216489,0.11039678313293959,1.5230738413789475
2024-07-31,Combined Robust Max Sharpe λ=0.50 γ=0.10,0.21073921050949473,0.11217210667176122,1.70041569307098
2024-08-01,Combined Robust Max Sharpe λ=0.50 γ=0.10,0.1992853452341512,0.11311608695954914,1.5849677093079124
2024-08-02,Combined Robust Max Sharpe λ=0.50 γ=0.10,0.19932341955614352,0.11311175315336149,1.5853650443646612
2024-08-05,Combined Robust Max Sharpe λ=0.50 γ=0.10,0.17317786927904621,0.11568882226295372,1.324050727484131
2024-08-06,Combined Robust Max Sharpe λ=0.50 γ=0.10,0.17908947386041985,0.11569838081977077,1.375036303301786
2024-08-07,Combined Robust Max Sharpe λ=0.50 γ=0.10,0.16643625068854084,0.11572114293422871,1.2654234738397752
2024-08-08,Combined Robust Max Sharpe λ=0.50 γ=0.10,0.2002802637922172,0.11755359738595735,1.53360056860117
2024-08-09,Combined Robust Max Sharpe λ=0.50 γ=0.10,0.213204235177739,0.1173610930737454,1.6462375231656763
2024-08-12,Combined Robust Max Sharpe λ=0.50 γ=0.10,0.21930623325256016,0.11747022160992189,1.696653249828603
2024-08-13,Combined Robust Max Sharpe λ=0.50 γ=0.10,0.23957324534236957,0.11810652331925188,1.859111920082895
2024-08-14,Combined Robust Max Sharpe λ=0.50 γ=0.10,0.23385735121732365,0.11809044763180497,1.8109623217291122
2024-08-15,Combined Robust Max Sharpe λ=0.50 γ=0.10,0.2642316934579152,0.11845825015217147,2.061753344694651
2024-08-16,Combined Robust Max Sharpe λ=0.50 γ=0.10,0.2853898505351167,0.11832244330864987,2.2429375451860327
2024-08-19,Combined Robust Max Sharpe λ=0.50 γ=0.10,0.30465605526113637,0.11820175653385455,2.4082218708789416
2024-08-20,Combined Robust Max Sharpe λ=0.50 γ=0.10,0.30417609349053176,0.1182055772192929,2.404083632731925
2024-08-21,Combined Robust Max Sharpe λ=0.50 γ=0.10,0.2979459546107093,0.118030031588055,2.3548748642276753
2024-08-22,Combined Robust Max Sharpe λ=0.50 γ=0.10,0.2848985732462115,0.11865294941678053,2.23254941868936
2024-08-23,Combined Robust Max Sharpe λ=0.50 γ=0.10,0.2842796169983748,0.11860771706951401,2.22818230995446
2024-08-26,Combined Robust Max Sharpe λ=0.50 γ=0.10,0.2971492649130252,0.11784308855975328,2.351849975253274
2024-08-27,Combined Robust Max Sharpe λ=0.50 γ=0.10,0.2937298561993327,0.11777871058005769,2.3241030136195144
2024-08-28,Combined Robust Max Sharpe λ=0.50 γ=0.10,0.2754619539904395,0.11796258310932439,2.1656185144206663
2024-08-29,Combined Robust Max Sharpe λ=0.50 γ=0.10,0.2581750276136514,0.11708909293212086,2.0341350475037565
2024-08-30,Combined Robust Max Sharpe λ=0.50 γ=0.10,0.25935064343342806,0.11711360602283719,2.04374753337161
2024-09-03,Combined Robust Max Sharpe λ=0.50 γ=0.10,0.23715716471750303,0.1186524966341786,1.8301946514199985
2024-09-04,Combined Robust Max Sharpe λ=0.50 γ=0.10,0.23361054530437486,0.11867882009875684,1.7999045248901362
2024-09-05,Combined Robust Max Sharpe λ=0.50 γ=0.10,0.24275485509233108,0.11852353420102602,1.8794145533537658
2024-09-06,Combined Robust Max Sharpe λ=0.50 γ=0.10,0.22885690042324836,0.11969450499184045,1.744916363850505
2024-09-09,Combined Robust Max Sharpe λ=0.50 γ=0.10,0.2456314589185038,0.11990076578170837,1.8818183307460188
2024-09-10,Combined Robust Max Sharpe λ=0.50 γ=0.10,0.25104808214507224,0.11996704253792674,1.9259296324824213
2024-09-11,Combined Robust Max Sharpe λ=0.50 γ=0.10,0.2538218601295352,0.12011042587647189,1.9467240951256837
2024-09-12,Combined Robust Max Sharpe λ=0.50 γ=0.10,0.27667184200452843,0.12034402016966893,2.1328175811532266
2024-09-13,Combined Robust Max Sharpe λ=0.50 γ=0.10,0.2843512404593589,0.1204498343432845,2.194699908892796
2024-09-16,Combined Robust Max Sharpe λ=0.50 γ=0.10,0.2738920915736942,0.12024431146149914,2.1114686298901346
2024-09-17,Combined Robust Max Sharpe λ=0.50 γ=0.10,0.28261699876370483,0.11988462514356661,2.190581139568235
2024-09-18,Combined Robust Max Sharpe λ=0.50 γ=0.10,0.27577486961281616,0.12002566123391463,2.13100154569733
2024-09-19,Combined Robust Max Sharpe λ=0.50 γ=0.10,0.302575495491586,0.12138970747304002,2.327837354368322
2024-09-20,Combined Robust Max Sharpe λ=0.50 γ=0.10,0.3154894147057705,0.12104122249568743,2.441229596109693
2024-09-23,Combined Robust Max Sharpe λ=0.50 γ=0.10,0.33931699740407706,0.11991656632040244,2.662826390066081
2024-09-24,Combined Robust Max Sharpe λ=0.50 γ=0.10,0.34897679277801963,0.12005421288976828,2.7402353058620315
2024-09-25,Combined Robust Max Sharpe λ=0.50 γ=0.10,0.3451418504905739,0.12008106021694408,2.7076863737142007
2024-09-26,Combined Robust Max Sharpe λ=0.50 γ=0.10,0.372901896827035,0.11935415760629775,2.956762494953205
2024-09-27,Combined Robust Max Sharpe λ=0.50 γ=0.10,0.3671496303497037,0.11950450016545783,2.9049084333147612
2024-09-30,Combined Robust Max Sharpe λ=0.50 γ=0.10,0.3590523184731198,0.11945501687164933,2.8383263202534295
2024-10-01,Combined Robust Max Sharpe λ=0.50 γ=0.10,0.35725280960104566,0.11951097194978294,2.8219401457362023
2024-10-02,Combined Robust Max Sharpe λ=0.50 γ=0.10,0.3615744453856964,0.11944618113787721,2.8596514524931993
2024-10-03,Combined Robust Max Sharpe λ=0.50 γ=0.10,0.37674825721664584,0.1186403904489317,3.006971368407682
2024-10-04,Combined Robust Max Sharpe λ=0.50 γ=0.10,0.3764041188905969,0.11862950879910335,3.004346241491735
2024-10-07,Combined Robust Max Sharpe λ=0.50 γ=0.10,0.3661370536302666,0.11894795450632814,2.9099874400265686
2024-10-08,Combined Robust Max Sharpe λ=0.50 γ=0.10,0.356835089001057,0.11853205824591344,2.841721421071078
2024-10-09,Combined Robust Max Sharpe λ=0.50 γ=0.10,0.35119400334056783,0.11840108872739097,2.797220928458821
2024-10-10,Combined Robust Max Sharpe λ=0.50 γ=0.10,0.3450939282425072,0.11831359316231356,2.74773100497855
2024-10-11,Combined Robust Max Sharpe λ=0.50 γ=0.10,0.34633605541187107,0.11834809961877954,2.757425395617319
2024-10-14,Combined Robust Max Sharpe λ=0.50 γ=0.10,0.3614961233924001,0.11815327889703295,2.890280545578458
2024-10-15,Combined Robust Max Sharpe λ=0.50 γ=0.10,0.35400258317071787,0.1184077195268125,2.8207838518086277
2024-10-16,Combined Robust Max Sharpe λ=0.50 γ=0.10,0.34741340586211944,0.11822743752882675,2.7693521292998335
2024-10-17,Combined Robust Max Sharpe λ=0.50 γ=0.10,0.34972938745272697,0.1182269642469482,2.7889524995668515
2024-10-18,Combined Robust Max Sharpe λ=0.50 γ=0.10,0.3720944058414999,0.11788131092582202,2.986855194230566
2024-10-21,Combined Robust Max Sharpe λ=0.50 γ=0.10,0.3784540274831971,0.11769447455038602,3.0456317414437315
2024-10-22,Combined Robust Max Sharpe λ=0.50 γ=0.10,0.3962788622474309,0.11715894380882216,3.2116955822121094
2024-10-23,Combined Robust Max Sharpe λ=0.50 γ=0.10,0.3806898369910432,0.11789391300536796,3.0594441035697932
2024-10-24,Combined Robust Max Sharpe λ=0.50 γ=0.10,0.3797160312142678,0.11786366472044645,3.0519671356516533
2024-10-25,Combined Robust Max Sharpe λ=0.50 γ=0.10,0.401021691584567,0.11695810163761565,3.257762277684098
2024-10-28,Combined Robust Max Sharpe λ=0.50 γ=0.10,0.4174568578298006,0.1164176299355793,3.4140607230170956
2024-10-29,Combined Robust Max Sharpe λ=0.50 γ=0.10,0.42522656497920064,0.11651742813671817,3.4778193396417874
2024-10-30,Combined Robust Max Sharpe λ=0.50 γ=0.10,0.41058960377368336,0.11637527031161882,3.356293847720388
2024-10-31,Combined Robust Max Sharpe λ=0.50 γ=0.10,0.37930038940428057,0.11807880746944635,3.042886332479703
2024-11-01,Combined Robust Max Sharpe λ=0.50 γ=0.10,0.36951860350506016,0.11778946859494951,2.9673162437549747
2024-11-04,Combined Robust Max Sharpe λ=0.50 γ=0.10,0.34551734385724875,0.11677466759872544,2.7875681477067347
2024-11-05,Combined Robust Max Sharpe λ=0.50 γ=0.10,0.34355528060885576,0.11666489518681798,2.773373087857661
2024-11-06,Combined Robust Max Sharpe λ=0.50 γ=0.10,0.35195704142778816,0.11670315546807923,2.8444564339015272
2024-11-07,Combined Robust Max Sharpe λ=0.50 γ=0.10,0.36757030857586415,0.11733362529409283,2.9622395771433014
2024-11-08,Combined Robust Max Sharpe λ=0.50 γ=0.10,0.36847448333420596,0.11731463367939507,2.970426385906291
2024-11-11,Combined Robust Max Sharpe λ=0.50 γ=0.10,0.3661437314519176,0.11742083601164482,2.9478901974227973
2024-11-12,Combined Robust Max Sharpe λ=0.50 γ=0.10,0.3432728357958108,0.1172311943252988,2.757566683990079
2024-11-13,Combined Robust Max Sharpe λ=0.50 γ=0.10,0.3378651306375322,0.11733577937208564,2.7090213431790846
2024-11-14,Combined Robust Max Sharpe λ=0.50 γ=0.10,0.3031873023309166,0.11561795018061313,2.4493368191404032
2024-11-15,Combined Robust Max Sharpe λ=0.50 γ=0.10,0.28729736645078874,0.11634002559488553,2.2975529280143077
2024-11-18,Combined Robust Max Sharpe λ=0.50 γ=0.10,0.29800243197228826,0.11665252872321917,2.383166786138885
2024-11-19,Combined Robust Max Sharpe λ=0.50 γ=0.10,0.3009724199923638,0.11672175754917911,2.4071983312449685
2024-11-20,Combined Robust Max Sharpe λ=0.50 γ=0.10,0.2940987008125526,0.11658691890463778,2.351024483602243
2024-11-21,Combined Robust Max Sharpe λ=0.50 γ=0.10,0.3035178556193152,0.11661948353558271,2.4311362649175923
2024-11-22,Combined Robust Max Sharpe λ=0.50 γ=0.10,0.30768760223321734,0.11670166735816874,2.465154172564443
2024-11-25,Combined Robust Max Sharpe λ=0.50 γ=0.10,0.29576766829013357,0.11696355240019476,2.357723090921393
2024-11-26,Combined Robust Max Sharpe λ=0.50 γ=0.10,0.3003387516593745,0.11697431213917854,2.3965838869462335
2024-11-27,Combined Robust Max Sharpe λ=0.50 γ=0.10,0.2935170294526981,0.11699645264413995,2.3378232696048995
2024-11-29,Combined Robust Max Sharpe λ=0.50 γ=0.10,0.30378454652370923,0.11722698507571115,2.420812463447957
2024-12-02,Combined Robust Max Sharpe λ=0.50 γ=0.10,0.30585011608154233,0.11722129694265843,2.43855104436673
2024-12-03,Combined Robust Max Sharpe λ=0.50 γ=0.10,0.29726734150127676,0.11696698407182095,2.370475255915182
2024-12-04,Combined Robust Max Sharpe λ=0.50 γ=0.10,0.3211288388387328,0.11639927428251412,2.5870336451399107
2024-12-05,Combined Robust Max Sharpe λ=0.50 γ=0.10,0.3181443736373901,0.1164587270615331,2.560086145195972
2024-12-06,Combined Robust Max Sharpe λ=0.50 γ=0.10,0.3245950819239096,0.11644928636700458,2.615688695282682
2024-12-09,Combined Robust Max Sharpe λ=0.50 γ=0.10,0.3135167532453982,0.11629524836970992,2.523892913597724
2024-12-10,Combined Robust Max Sharpe λ=0.50 γ=0.10,0.3163680731788394,0.11627459319760777,2.54886355676312
2024-12-11,Combined Robust Max Sharpe λ=0.50 γ=0.10,0.3302039632321969,0.11670811939199566,2.6579467208300507
2024-12-12,Combined Robust Max Sharpe λ=0.50 γ=0.10,0.3135971908013191,0.11709850385795928,2.5072667978529686
2024-12-13,Combined Robust Max Sharpe λ=0.50 γ=0.10,0.290527205954791,0.11614907497232704,2.329137843062849
2024-12-16,Combined Robust Max Sharpe λ=0.50 γ=0.10,0.2941249706653979,0.11623493732053944,2.358369841155825
2024-12-17,Combined Robust Max Sharpe λ=0.50 γ=0.10,0.29269587224504146,0.11627644935948811,2.345237352423417
2024-12-18,Combined Robust Max Sharpe λ=0.50 γ=0.10,0.2500565356592501,0.11976686762849285,1.9208696045459495
2024-12-19,Combined Robust Max Sharpe λ=0.50 γ=0.10,0.2406570815195257,0.11966761463533067,1.8439164363052232
2024-12-20,Combined Robust Max Sharpe λ=0.50 γ=0.10,0.2661699956134127,0.11932311710957419,2.0630536779168724
2024-12-23,Combined Robust Max Sharpe λ=0.50 γ=0.10,0.25850219864431456,0.11901057783393636,2.004042018660838
2024-12-24,Combined Robust Max Sharpe λ=0.50 γ=0.10,0.2658855299749412,0.11923185515023332,2.062246952923134
2024-12-26,Combined Robust Max Sharpe λ=0.50 γ=0.10,0.26144498729005394,0.11913903141524364,2.026581754291159
2024-12-27,Combined Robust Max Sharpe λ=0.50 γ=0.10,0.24585237062118792,0.11956430926357721,1.8889614468754279
2024-12-30,Combined Robust Max Sharpe λ=0.50 γ=0.10,0.2371320787233755,0.11994038796524827,1.8103333031262807
2024-12-31,Combined Robust Max Sharpe λ=0.50 γ=0.10,0.2380757375060416,0.11992112100081806,1.8184931535501072
2025-01-02,Combined Robust Max Sharpe λ=0.50 γ=0.10,0.25179363061547244,0.11955434206912949,1.9388139870440109
2025-01-03,Combined Robust Max Sharpe λ=0.50 γ=0.10,0.27151721923810523,0.11928917387549881,2.1084664355259246
2025-01-06,Combined Robust Max Sharpe λ=0.50 γ=0.10,0.28137431750813957,0.11934725607430685,2.190032063622855
2025-01-07,Combined Robust Max Sharpe λ=0.50 γ=0.10,0.2711134967103199,0.11962486822870139,2.0991746986106246
2025-01-08,Combined Robust Max Sharpe λ=0.50 γ=0.10,0.2619502444289148,0.11934369663008361,2.0273399539387578
2025-01-10,Combined Robust Max Sharpe λ=0.50 γ=0.10,0.25275903396758115,0.11966394206120273,1.9451058519243447
2025-01-13,Combined Robust Max Sharpe λ=0.50 γ=0.10,0.24345556401081714,0.11972305366678665,1.8664372246362755
2025-01-14,Combined Robust Max Sharpe λ=0.50 γ=0.10,0.24468884237458166,0.1197286461425044,1.8766506564114211
2025-01-15,Combined Robust Max Sharpe λ=0.50 γ=0.10,0.25977925543328606,0.1206311282033723,1.9877063159770973
2025-01-16,Combined Robust Max Sharpe λ=0.50 γ=0.10,0.2668270016726919,0.12045363689373494,2.049145281436745
2025-01-17,Combined Robust Max Sharpe λ=0.50 γ=0.10,0.2853391054174843,0.12028930304716114,2.2058412402094834
2025-01-21,Combined Robust Max Sharpe λ=0.50 γ=0.10,0.2864648247242676,0.12036092052479391,2.2138815785259536
2025-01-22,Combined Robust Max Sharpe λ=0.50 γ=0.10,0.281395551919984,0.12010136128721152,2.17645786124672
2025-01-23,Combined Robust Max Sharpe λ=0.50 γ=0.10,0.28455460962831225,0.12010999476833989,2.202602790372004
2025-01-24,Combined Robust Max Sharpe λ=0.50 γ=0.10,0.2805160275602667,0.1200991044439058,2.1691754386223994
2025-01-27,Combined Robust Max Sharpe λ=0.50 γ=0.10,0.2595528899252799,0.12130989835320181,1.9747184127366573
2025-01-28,Combined Robust Max Sharpe λ=0.50 γ=0.10,0.26709849216149384,0.1215841916952941,2.032324175668783
2025-01-29,Combined Robust Max Sharpe λ=0.50 γ=0.10,0.265653937437194,0.12161679927773021,2.0199013532349785
2025-01-30,Combined Robust Max Sharpe λ=0.50 γ=0.10,0.2661313885957439,0.12163995633656488,2.023441934776139
2025-01-31,Combined Robust Max Sharpe λ=0.50 γ=0.10,0.2655860715170284,0.12165105182613162,2.018774748187377
2025-02-03,Combined Robust Max Sharpe λ=0.50 γ=0.10,0.2751953119932682,0.12110944355281517,2.1071462679289654
2025-02-04,Combined Robust Max Sharpe λ=0.50 γ=0.10,0.2729841712852932,0.12096834628448146,2.091325367797869
2025-02-05,Combined Robust Max Sharpe λ=0.50 γ=0.10,0.27401339288180315,0.12099542656255043,2.0993635883459367
2025-02-06,Combined Robust Max Sharpe λ=0.50 γ=0.10,0.2816330878614264,0.12091167710425337,2.163836398000163
2025-02-07,Combined Robust Max Sharpe λ=0.50 γ=0.10,0.2696255126729892,0.121164076494609,2.0602270895375154
2025-02-10,Combined Robust Max Sharpe λ=0.50 γ=0.10,0.27716674598174795,0.12153238063564421,2.1160347936632418
2025-02-11,Combined Robust Max Sharpe λ=0.50 γ=0.10,0.275440529950993,0.12154834236247225,2.1015550272930716
2025-02-12,Combined Robust Max Sharpe λ=0.50 γ=0.10,0.27039141210481543,0.12151892290894695,2.060513754655573
2025-02-13,Combined Robust Max Sharpe λ=0.50 γ=0.10,0.2876645863452467,0.12195122794526096,2.194849456254681
2025-02-14,Combined Robust Max Sharpe λ=0.50 γ=0.10,0.30257998807288566,0.12102353062260311,2.3349177355771937
2025-02-18,Combined Robust Max Sharpe λ=0.50 γ=0.10,0.30298738636483824,0.12103923798487545,2.3379805679229335
2025-02-19,Combined Robust Max Sharpe λ=0.50 γ=0.10,0.2949759361874731,0.12093905282249268,2.273673637836959
2025-02-20,Combined Robust Max Sharpe λ=0.50 γ=0.10,0.2963480305926871,0.12090847089922356,2.285596935743414
2025-02-21,Combined Robust Max Sharpe λ=0.50 γ=0.10,0.28262689686692144,0.12160934203294843,2.1595947521512464
2025-02-24,Combined Robust Max Sharpe λ=0.50 γ=0.10,0.27941167114442944,0.1216734071263276,2.1320326049150156
2025-02-25,Combined Robust Max Sharpe λ=0.50 γ=0.10,0.24848581551329207,0.12106312736757602,1.8873278799378412
2025-02-26,Combined Robust Max Sharpe λ=0.50 γ=0.10,0.24888426446697887,0.12106418021403141,1.8906026874533037
2025-02-27,Combined Robust Max Sharpe λ=0.50 γ=0.10,0.2279164526932813,0.12262726293542285,1.69551572559173
2025-02-28,Combined Robust Max Sharpe λ=0.50 γ=0.10,0.23590812659972116,0.12282089325867854,1.7579104081663652
2025-03-03,Combined Robust Max Sharpe λ=0.50 γ=0.10,0.23004864268755498,0.12302412507267418,1.7073776591662222
2025-03-04,Combined Robust Max Sharpe λ=0.50 γ=0.10,0.22108693330259155,0.12296708723999515,1.6352906929488353
2025-03-05,Combined Robust Max Sharpe λ=0.50 γ=0.10,0.21647580434510383,0.12261494452102371,1.6023805671699003
2025-03-06,Combined Robust Max Sharpe λ=0.50 γ=0.10,0.19302804179342004,0.12375499520551067,1.3981499615921387
2025-03-07,Combined Robust Max Sharpe λ=0.50 γ=0.10,0.2072524400482869,0.12360211257612859,1.514961485249332
2025-03-10,Combined Robust Max Sharpe λ=0.50 γ=0.10,0.169303490175422,0.1260183039396175,1.1847762230394863
2025-03-11,Combined Robust Max Sharpe λ=0.50 γ=0.10,0.15720751700399127,0.12563781257218745,1.0920877576180041
2025-03-12,Combined Robust Max Sharpe λ=0.50 γ=0.10,0.1698947256510357,0.12571680924102396,1.192320474533027
2025-03-13,Combined Robust Max Sharpe λ=0.50 γ=0.10,0.16597601697116082,0.125815854722639,1.1602354670877124
2025-03-14,Combined Robust Max Sharpe λ=0.50 γ=0.10,0.17799464904225815,0.12660398883651938,1.2479436903545966
2025-03-17,Combined Robust Max Sharpe λ=0.50 γ=0.10,0.18703201071937925,0.1267543658089674,1.3177614013793786
2025-03-18,Combined Robust Max Sharpe λ=0.50 γ=0.10,0.18520400385455482,0.12681281496222038,1.302739032358613
2025-03-19,Combined Robust Max Sharpe λ=0.50 γ=0.10,0.20352349461558594,0.12686079037455109,1.4466526187779585
2025-03-20,Combined Robust Max Sharpe λ=0.50 γ=0.10,0.1936993235572797,0.12684479883610444,1.3693846744297002
2025-03-21,Combined Robust Max Sharpe λ=0.50 γ=0.10,0.18870673299344776,0.12686388190321912,1.3298247733121502
2025-03-24,Combined Robust Max Sharpe λ=0.50 γ=0.10,0.18828297647763215,0.12683515506735882,1.3267849626411659
2025-03-25,Combined Robust Max Sharpe λ=0.50 γ=0.10,0.19095553758869355,0.12687894604341635,1.347390902271483
2025-03-26,Combined Robust Max Sharpe λ=0.50 γ=0.10,0.1816390265284875,0.12733828781027925,1.2693670482621282
2025-03-27,Combined Robust Max Sharpe λ=0.50 γ=0.10,0.18507590477174918,0.1273286533360067,1.2964552788925798
2025-03-28,Combined Robust Max Sharpe λ=0.50 γ=0.10,0.17065465376242228,0.1280179011371167,1.176824900457163
2025-03-31,Combined Robust Max Sharpe λ=0.50 γ=0.10,0.16961488863976482,0.12798133702459905,1.1690367683141771
2025-04-01,Combined Robust Max Sharpe λ=0.50 γ=0.10,0.1685264987452031,0.12796731127436833,1.1606596814928372
2025-04-02,Combined Robust Max Sharpe λ=0.50 γ=0.10,0.16955755751423607,0.12798494144599135,1.1685558927832789
2025-04-03,Combined Robust Max Sharpe λ=0.50 γ=0.10,0.14157108889849135,0.1304614852855453,0.9318542452004493
2025-04-04,Combined Robust Max Sharpe λ=0.50 γ=0.10,0.09182675912249172,0.13643969792794775,0.5264359289363321
2025-04-07,Combined Robust Max Sharpe λ=0.50 γ=0.10,0.09171229031673822,0.136448292739906,0.5255638518939495
2025-04-08,Combined Robust Max Sharpe λ=0.50 γ=0.10,0.07134508024011654,0.1361238974502865,0.3771937271989157
2025-04-09,Combined Robust Max Sharpe λ=0.50 γ=0.10,0.14001623832356347,0.15151806373096663,0.7920919484337038
2025-04-10,Combined Robust Max Sharpe λ=0.50 γ=0.10,0.11965611299668377,0.1522751604136518,0.6544475981898186
2025-04-11,Combined Robust Max Sharpe λ=0.50 γ=0.10,0.1480354254027969,0.15264213552556125,0.8387947728977906
2025-04-14,Combined Robust Max Sharpe λ=0.50 γ=0.10,0.13823585786155745,0.15217202244917788,0.7769881477460525
2025-04-15,Combined Robust Max Sharpe λ=0.50 γ=0.10,0.15760714923532881,0.15142661736363736,0.9087381837558827
2025-04-16,Combined Robust Max Sharpe λ=0.50 γ=0.10,0.16049066693530922,0.1513810913292901,0.9280595462857936
2025-04-17,Combined Robust Max Sharpe λ=0.50 γ=0.10,0.16149029664140158,0.15137340461254528,0.9347104070464659
2025-04-21,Combined Robust Max Sharpe λ=0.50 γ=0.10,0.16711949046868857,0.15118747600350005,0.973093105048481
2025-04-22,Combined Robust Max Sharpe λ=0.50 γ=0.10,0.18003226507849135,0.15142663851807495,1.056830334772235
2025-04-23,Combined Robust Max Sharpe λ=0.50 γ=0.10,0.19084792435283893,0.151184079509968,1.1300655790385286
2025-04-24,Combined Robust Max Sharpe λ=0.50 γ=0.10,0.21149178821393844,0.15203654249249535,1.2595115955323086
2025-04-25,Combined Robust Max Sharpe λ=0.50 γ=0.10,0.20324865314439378,0.15184767501158197,1.2067926172094288
2025-04-28,Combined Robust Max Sharpe λ=0.50 γ=0.10,0.20988293552194492,0.15192383984412564,1.249856083921822
2025-04-29,Combined Robust Max Sharpe λ=0.50 γ=0.10,0.2122035607516226,0.15190977909506442,1.265248109085476
2025-04-30,Combined Robust Max Sharpe λ=0.50 γ=0.10,0.19867857671714773,0.1516991211100412,1.1778484635223159
2025-05-01,Combined Robust Max Sharpe λ=0.50 γ=0.10,0.18979596736086046,0.15181735504597885,1.11842264219026
2025-05-02,Combined Robust Max Sharpe λ=0.50 γ=0.10,0.2166274374863606,0.15073556042418926,1.3044528904329258
2025-05-05,Combined Robust Max Sharpe λ=0.50 γ=0.10,0.22552195172936051,0.150841156145798,1.3625058106204775
2025-05-06,Combined Robust Max Sharpe λ=0.50 γ=0.10,0.22471690741869743,0.15081528011603845,1.3574016323888842
2025-05-07,Combined Robust Max Sharpe λ=0.50 γ=0.10,0.20889723966943263,0.15054070124722718,1.2547918144689256
2025-05-08,Combined Robust Max Sharpe λ=0.50 γ=0.10,0.1892272927510661,0.15040469552548397,1.125146340410582
2025-05-09,Combined Robust Max Sharpe λ=0.50 γ=0.10,0.19285689446765275,0.15040569838987491,1.1492709140552697
2025-05-12,Combined Robust Max Sharpe λ=0.50 γ=0.10,0.1951679450845385,0.15039375851507295,1.1647288212893663
2025-05-13,Combined Robust Max Sharpe λ=0.50 γ=0.10,0.18993552645164047,0.1502483671067624,1.1310307707430118
2025-05-14,Combined Robust Max Sharpe λ=0.50 γ=0.10,0.1768854054160769,0.15043229824101834,1.042897085602718
2025-05-15,Combined Robust Max Sharpe λ=0.50 γ=0.10,0.19064960973869116,0.1506260172124404,1.1329358161147542
2025-05-16,Combined Robust Max Sharpe λ=0.50 γ=0.10,0.18124420804468833,0.15052558584025397,1.0712079753392194
2025-05-19,Combined Robust Max Sharpe λ=0.50 γ=0.10,0.1711593606148718,0.15004566799955202,1.0074223576739525
2025-05-20,Combined Robust Max Sharpe λ=0.50 γ=0.10,0.1797651798427753,0.1500478614157973,1.064761459012404
2025-05-21,Combined Robust Max Sharpe λ=0.50 γ=0.10,0.1664645509435272,0.15010608820658763,0.9757402427405298
2025-05-22,Combined Robust Max Sharpe λ=0.50 γ=0.10,0.16058686058255156,0.15008769285146295,0.9366981256863343
2025-05-23,Combined Robust Max Sharpe λ=0.50 γ=0.10,0.16587192759709835,0.1501595176726186,0.9714464314884912
2025-05-27,Combined Robust Max Sharpe λ=0.50 γ=0.10,0.1792175937164444,0.14997905080219184,1.0615988890770975
2025-05-28,Combined Robust Max Sharpe λ=0.50 γ=0.10,0.18626328894481237,0.14967050085974307,1.1108621137081547
2025-05-29,Combined Robust Max Sharpe λ=0.50 γ=0.10,0.18469978231371154,0.1496301316079736,1.100712674270848
2025-05-30,Combined Robust Max Sharpe λ=0.50 γ=0.10,0.17788162437851507,0.14959660892382248,1.055382374736258
2025-06-02,Combined Robust Max Sharpe λ=0.50 γ=0.10,0.19933791888972707,0.1495619068801338,1.1990882078914469
2025-06-03,Combined Robust Max Sharpe λ=0.50 γ=0.10,0.20205478346668104,0.14950983750992072,1.2176776224146508
2025-06-04,Combined Robust Max Sharpe λ=0.50 γ=0.10,0.20581540066712622,0.14955523514597885,1.2424533349551712
2025-06-05,Combined Robust Max Sharpe λ=0.50 γ=0.10,0.19511070312481404,0.14958010663553115,1.1706817641966996
2025-06-06,Combined Robust Max Sharpe λ=0.50 γ=0.10,0.1935524125589354,0.14960683571454253,1.1600567028239424
2025-06-09,Combined Robust Max Sharpe λ=0.50 γ=0.10,0.17993036799761541,0.1490342860345664,1.0731112434122834
2025-06-10,Combined Robust Max Sharpe λ=0.50 γ=0.10,0.1800691766791498,0.1490357227785338,1.0740322769260604
2025-06-11,Combined Robust Max Sharpe λ=0.50 γ=0.10,0.19714695838791663,0.1484567594709731,1.1932562654552161
2025-06-12,Combined Robust Max Sharpe λ=0.50 γ=0.10,0.19956465006669788,0.14852629626276015,1.2089754783154851
2025-06-13,Combined Robust Max Sharpe λ=0.50 γ=0.10,0.19451304945809955,0.14853674569843495,1.1748813307947563
2025-06-16,Combined Robust Max Sharpe λ=0.50 γ=0.10,0.18252217305797758,0.14836010331055172,1.0954574001460582
2025-06-17,Combined Robust Max Sharpe λ=0.50 γ=0.10,0.1822129335892324,0.14836448771851482,1.0933407049333235
2025-06-18,Combined Robust Max Sharpe λ=0.50 γ=0.10,0.17530118172861786,0.14832924120641103,1.0470031429103375
2025-06-20,Combined Robust Max Sharpe λ=0.50 γ=0.10,0.16805049126057003,0.14828175372019567,0.998440384917068
2025-06-23,Combined Robust Max Sharpe λ=0.50 γ=0.10,0.1718058887470777,0.14835591087541117,1.0232547382258588
2025-06-24,Combined Robust Max Sharpe λ=0.50 γ=0.10,0.1719802528058192,0.1483559947124656,1.024429468457799
2025-06-25,Combined Robust Max Sharpe λ=0.50 γ=0.10,0.18077051020282808,0.14817854041053158,1.0849783629762462
2025-06-26,Combined Robust Max Sharpe λ=0.50 γ=0.10,0.18843021158651374,0.14818345687358117,1.1366330300298337
2025-06-27,Combined Robust Max Sharpe λ=0.50 γ=0.10,0.17962474564179653,0.14823843152827496,1.0768108107737888
2025-06-30,Combined Robust Max Sharpe λ=0.50 γ=0.10,0.19025655445783207,0.1483155834292754,1.1479343607815782
2025-07-01,Combined Robust Max Sharpe λ=0.50 γ=0.10,0.18679892832773537,0.14826545181969292,1.1250019898808334
2025-07-02,Combined Robust Max Sharpe λ=0.50 γ=0.10,0.19304927358383028,0.1482404807160095,1.1673550486884081
2025-07-03,Combined Robust Max Sharpe λ=0.50 γ=0.10,0.18839877170256547,0.1482233857019673,1.1361147291640254
2025-07-07,Combined Robust Max Sharpe λ=0.50 γ=0.10,0.17754802389523738,0.14821735808569267,1.0629525848392882
2025-07-08,Combined Robust Max Sharpe λ=0.50 γ=0.10,0.16363044982537578,0.14807693692821827,0.9699717782182518
2025-07-09,Combined Robust Max Sharpe λ=0.50 γ=0.10,0.1587925005069446,0.1478822858192321,0.9385336434182615
2025-07-10,Combined Robust Max Sharpe λ=0.50 γ=0.10,0.1639810649993978,0.14783483650628843,0.9739319121394862
2025-07-11,Combined Robust Max Sharpe λ=0.50 γ=0.10,0.16295880399047613,0.14783737417678475,0.9670004272365201
2025-07-14,Combined Robust Max Sharpe λ=0.50 γ=0.10,0.15237090552552113,0.14762579247220817,0.8966651647302155
2025-07-15,Combined Robust Max Sharpe λ=0.50 γ=0.10,0.15160027834462442,0.14764617369717745,0.8913219696064513
2025-07-16,Combined Robust Max Sharpe λ=0.50 γ=0.10,0.15050004037262177,0.1476236514111515,0.8840049621124857
2025-07-17,Combined Robust Max Sharpe λ=0.50 γ=0.10,0.15021645394141325,0.1476219812410477,0.8820939323987703
2025-07-18,Combined Robust Max Sharpe λ=0.50 γ=0.10,0.1422008641593231,0.1474184402664159,0.8289387944851445
2025-07-21,Combined Robust Max Sharpe λ=0.50 γ=0.10,0.16729049632517712,0.1467198391538925,1.0038894342753883
2025-07-22,Combined Robust Max Sharpe λ=0.50 γ=0.10,0.17969438314230501,0.14657321691629335,1.0895195350287294
2025-07-23,Combined Robust Max Sharpe λ=0.50 γ=0.10,0.1909210531957133,0.14614343877508668,1.1695431189268723
2025-07-24,Combined Robust Max Sharpe λ=0.50 γ=0.10,0.17771336737385024,0.14595838553643573,1.0805365296019949
2025-07-25,Combined Robust Max Sharpe λ=0.50 γ=0.10,0.17813140394783278,0.14595461101763338,1.0834286278816383
2025-07-28,Combined Robust Max Sharpe λ=0.50 γ=0.10,0.1980435640860001,0.14454420174444402,1.231758603508589
2025-07-29,Combined Robust Max Sharpe λ=0.50 γ=0.10,0.21297422689407797,0.14413118355785595,1.3388790831417536
2025-07-30,Combined Robust Max Sharpe λ=0.50 γ=0.10,0.1915420081763788,0.14398555688076659,1.1913834407601833
2025-07-31,Combined Robust Max Sharpe λ=0.50 γ=0.10,0.19234556842779615,0.14398328146766984,1.1969831960420685
2025-08-01,Combined Robust Max Sharpe λ=0.50 γ=0.10,0.20034880157865342,0.14399166400461863,1.252494738673682
2025-08-04,Combined Robust Max Sharpe λ=0.50 γ=0.10,0.1852505288486488,0.14278340517945565,1.1573510846092767
2025-08-05,Combined Robust Max Sharpe λ=0.50 γ=0.10,0.2015187103304621,0.14190810045999253,1.2791286032444413
2025-08-06,Combined Robust Max Sharpe λ=0.50 γ=0.10,0.222097124583172,0.14104417440602426,1.4328640330893387
2025-08-07,Combined Robust Max Sharpe λ=0.50 γ=0.10,0.2547463516025903,0.1388894255345322,1.690167200988423
2025-08-08,Combined Robust Max Sharpe λ=0.50 γ=0.10,0.2529143028627281,0.13887103604115603,1.6771985685604107
2025-08-11,Combined Robust Max Sharpe λ=0.50 γ=0.10,0.2529198554877212,0.13887084757261006,1.6772408288639318
2025-08-12,Combined Robust Max Sharpe λ=0.50 γ=0.10,0.22984654043585806,0.1372022403478118,1.529468760159388
2025-08-13,Combined Robust Max Sharpe λ=0.50 γ=0.10,0.2291153527612544,0.13718974853591448,1.5242782714665501
2025-08-14,Combined Robust Max Sharpe λ=0.50 γ=0.10,0.21829847290094695,0.13715137531914112,1.4458365615329853
2025-08-15,Combined Robust Max Sharpe λ=0.50 γ=0.10,0.2005631992326915,0.13655938561101483,1.3222320708663715
2025-08-18,Combined Robust Max Sharpe λ=0.50 γ=0.10,0.20068519461365542,0.1365580825801161,1.3231380464620304
2025-08-19,Combined Robust Max Sharpe λ=0.50 γ=0.10,0.17969572187480232,0.1358675403831316,1.1753780293989122
2025-08-20,Combined Robust Max Sharpe λ=0.50 γ=0.10,0.17303359717243594,0.1356655311227599,1.1280212144229929
2025-08-21,Combined Robust Max Sharpe λ=0.50 γ=0.10,0.16005585294084224,0.1355568613886586,1.0331889622265926
2025-08-22,Combined Robust Max Sharpe λ=0.50 γ=0.10,0.17288629395438093,0.13592952193709412,1.1247467936003934
2025-08-25,Combined Robust Max Sharpe λ=0.50 γ=0.10,0.16563248455409152,0.13596630968577114,1.071092426430192
2025-08-26,Combined Robust Max Sharpe λ=0.50 γ=0.10,0.18405282434202475,0.13548623784522226,1.2108449311983744
2025-08-27,Combined Robust Max Sharpe λ=0.50 γ=0.10,0.17246365353903936,0.13503780670736845,1.1290442081115353
2025-08-28,Combined Robust Max Sharpe λ=0.50 γ=0.10,0.18123726261340267,0.13503392889894944,1.1940499986048847
2025-08-29,Combined Robust Max Sharpe λ=0.50 γ=0.10,0.17840944078433796,0.13502163856321403,1.1732152155017308
2025-09-02,Combined Robust Max Sharpe λ=0.50 γ=0.10,0.19133363907217138,0.13478908843056983,1.2711239542244233
2025-09-03,Combined Robust Max Sharpe λ=0.50 γ=0.10,0.19610137016489815,0.13487211837677518,1.3056914378177558
2025-09-04,Combined Robust Max Sharpe λ=0.50 γ=0.10,0.1947119142379552,0.13484491970428678,1.2956506972683601
2025-09-05,Combined Robust Max Sharpe λ=0.50 γ=0.10,0.22292927017533404,0.13356971307920018,1.519276080611232
2025-09-08,Combined Robust Max Sharpe λ=0.50 γ=0.10,0.23191500724435388,0.13363405231302908,1.5857859847575135
2025-09-09,Combined Robust Max Sharpe λ=0.50 γ=0.10,0.2283973970068791,0.1336386381990326,1.5594097621415877
2025-09-10,Combined Robust Max Sharpe λ=0.50 γ=0.10,0.2534606360047187,0.13241999171147972,1.763031646410227
2025-09-11,Combined Robust Max Sharpe λ=0.50 γ=0.10,0.24566115453007642,0.13216154464940397,1.7074645664039925
2025-09-12,Combined Robust Max Sharpe λ=0.50 γ=0.10,0.23904631775141194,0.13210720361192121,1.6580951815079177
2025-09-15,Combined Robust Max Sharpe λ=0.50 γ=0.10,0.2342485373012937,0.13190257866458124,1.6242937740141707
2025-09-16,Combined Robust Max Sharpe λ=0.50 γ=0.10,0.22041990779198728,0.1314665591270568,1.5244934462633197
2025-09-17,Combined Robust Max Sharpe λ=0.50 γ=0.10,0.20864134647951782,0.1314319319362806,1.4352778940430766
2025-09-18,Combined Robust Max Sharpe λ=0.50 γ=0.10,0.20819120909271693,0.13143497454790112,1.431819877015544
2025-09-19,Combined Robust Max Sharpe λ=0.50 γ=0.10,0.21610073150317044,0.13146149451897596,1.4916971104026515
2025-09-22,Combined Robust Max Sharpe λ=0.50 γ=0.10,0.22970442900017551,0.13145415419429618,1.5952666561622793
2025-09-23,Combined Robust Max Sharpe λ=0.50 γ=0.10,0.20666375552405736,0.13013815921209407,1.4343506674306044
2025-09-24,Combined Robust Max Sharpe λ=0.50 γ=0.10,0.1986415298161519,0.1302593107126354,1.3714300255300165
2025-09-25,Combined Robust Max Sharpe λ=0.50 γ=0.10,0.19419695605359077,0.13026217728388786,1.3372796285598185
2025-09-26,Combined Robust Max Sharpe λ=0.50 γ=0.10,0.19019725809080756,0.13014066230881569,1.3077946206155004
2025-09-29,Combined Robust Max Sharpe λ=0.50 γ=0.10,0.2002023704788065,0.13027766695342485,1.3832176664879183
2025-09-30,Combined Robust Max Sharpe λ=0.50 γ=0.10,0.1961166825526064,0.1301532316198965,1.3531487490602074
2025-10-01,Combined Robust Max Sharpe λ=0.50 γ=0.10,0.20572763009036166,0.1300391035225963,1.4282444669275087
2025-10-02,Combined Robust Max Sharpe λ=0.50 γ=0.10,0.20633409109978773,0.13003423273996806,1.4329618222334082
2025-10-03,Combined Robust Max Sharpe λ=0.50 γ=0.10,0.21378784767114212,0.12993085774796714,1.4914690092098162
2025-10-06,Combined Robust Max Sharpe λ=0.50 γ=0.10,0.2200104491157533,0.13001637772583902,1.5383481113241622
2025-10-07,Combined Robust Max Sharpe λ=0.50 γ=0.10,0.22402353937277875,0.1299885572094426,1.5695499954203516
2025-10-08,Combined Robust Max Sharpe λ=0.50 γ=0.10,0.2244992419994689,0.13000559442181156,1.5730033996533865
2025-10-09,Combined Robust Max Sharpe λ=0.50 γ=0.10,0.22533654094670097,0.12996366739805626,1.5799534212726594
2025-10-10,Combined Robust Max Sharpe λ=0.50 γ=0.10,0.215730074678389,0.1299524583829735,1.5061667714016387
2025-10-13,Combined Robust Max Sharpe λ=0.50 γ=0.10,0.22732043137690283,0.13045241329691928,1.5892418249482767
2025-10-14,Combined Robust Max Sharpe λ=0.50 γ=0.10,0.229361887117713,0.1304677668428423,1.6047020055911914
2025-10-15,Combined Robust Max Sharpe λ=0.50 γ=0.10,0.22953259690876693,0.13047343083071464,1.6059407311870966
2025-10-16,Combined Robust Max Sharpe λ=0.50 γ=0.10,0.23182726177508406,0.13054345079361482,1.622657134366522
2025-10-17,Combined Robust Max Sharpe λ=0.50 γ=0.10,0.23471779391948888,0.13042402411234205,1.6463055436361904
2025-10-20,Combined Robust Max Sharpe λ=0.50 γ=0.10,0.2490509658118254,0.1311416957052097,1.7465914603293191
2025-10-21,Combined Robust Max Sharpe λ=0.50 γ=0.10,0.22317859340009782,0.13259728087694572,1.5322983401797938
2025-10-22,Combined Robust Max Sharpe λ=0.50 γ=0.10,0.21303544955478237,0.13247148021482738,1.4571849672226742
2025-10-23,Combined Robust Max Sharpe λ=0.50 γ=0.10,0.2167187024045123,0.13246112374359087,1.4851051904504966
2025-10-24,Combined Robust Max Sharpe λ=0.50 γ=0.10,0.21557361677042075,0.13245001751188953,1.4765843028511858
2025-10-27,Combined Robust Max Sharpe λ=0.50 γ=0.10,0.22457387399120043,0.13194299941539353,1.5504716043868654
2025-10-28,Combined Robust Max Sharpe λ=0.50 γ=0.10,0.2160268445644613,0.13185647943255935,1.4866682730197054
2025-10-29,Combined Robust Max Sharpe λ=0.50 γ=0.10,0.20935150467401975,0.1319211792691319,1.435338174833356
2025-10-30,Combined Robust Max Sharpe λ=0.50 γ=0.10,0.2091543051984397,0.13192003701137558,1.433855762048708
2025-10-31,Combined Robust Max Sharpe λ=0.50 γ=0.10,0.20050207404966547,0.13181575616112554,1.3693512771646814
2025-11-03,Combined Robust Max Sharpe λ=0.50 γ=0.10,0.20394336330271257,0.13178293703437127,1.3958056137019996
2025-11-04,Combined Robust Max Sharpe λ=0.50 γ=0.10,0.21672116757432125,0.1306432914880732,1.5057885126254686
2025-11-05,Combined Robust Max Sharpe λ=0.50 γ=0.10,0.21711613232222415,0.13064781003068698,1.5087595595817862
2025-11-06,Combined Robust Max Sharpe λ=0.50 γ=0.10,0.2164972700566501,0.13065594147056242,1.5039290815635975
2025-11-07,Combined Robust Max Sharpe λ=0.50 γ=0.10,0.20797622623537637,0.13039531107582525,1.4415873138725646
2025-11-10,Combined Robust Max Sharpe λ=0.50 γ=0.10,0.21697571572699315,0.13085526646305623,1.5052945215820137
2025-11-11,Combined Robust Max Sharpe λ=0.50 γ=0.10,0.20474329756601706,0.13026800236669275,1.4181786333529645
2025-11-12,Combined Robust Max Sharpe λ=0.50 γ=0.10,0.21286173386760598,0.13031018076988643,1.4800204613957124
2025-11-13,Combined Robust Max Sharpe λ=0.50 γ=0.10,0.21059029947539099,0.13043379990722323,1.4612033047488973
2025-11-14,Combined Robust Max Sharpe λ=0.50 γ=0.10,0.21021165356481952,0.13045023534602682,1.458116599485406
2025-11-17,Combined Robust Max Sharpe λ=0.50 γ=0.10,0.20781598026367099,0.13053564255200886,1.4388099418045162
2025-11-18,Combined Robust Max Sharpe λ=0.50 γ=0.10,0.21363092845883958,0.13042553653077318,1.4846090237332736
2025-11-19,Combined Robust Max Sharpe λ=0.50 γ=0.10,0.22999506313569262,0.1298035161749997,1.617791792732175
2025-11-20,Combined Robust Max Sharpe λ=0.50 γ=0.10,0.21369985221629895,0.12959144672626358,1.4946962713168237
2025-11-21,Combined Robust Max Sharpe λ=0.50 γ=0.10,0.21146556625272317,0.12953412317132973,1.4781091002521332
2025-11-24,Combined Robust Max Sharpe λ=0.50 γ=0.10,0.22196836886849303,0.12986180575774942,1.5552561254635158
2025-11-25,Combined Robust Max Sharpe λ=0.50 γ=0.10,0.22021605900252195,0.12982089275033792,1.5422483604974346
2025-11-26,Combined Robust Max Sharpe λ=0.50 γ=0.10,0.21947573423407074,0.1297994683501837,1.5367993164340912
2025-11-28,Combined Robust Max Sharpe λ=0.50 γ=0.10,0.23359975449071202,0.12962834674193408,1.6477858420577516
2025-12-01,Combined Robust Max Sharpe λ=0.50 γ=0.10,0.22714212583895543,0.129640557903103,1.5978188399480608
2025-12-02,Combined Robust Max Sharpe λ=0.50 γ=0.10,0.22836858721821685,0.12962193224841018,1.6075102693184278
2025-12-03,Combined Robust Max Sharpe λ=0.50 γ=0.10,0.22006576005281353,0.12940120020929702,1.546088905892849
2025-12-04,Combined Robust Max Sharpe λ=0.50 γ=0.10,0.21744495780637574,0.12940850230198309,1.5257495009533857
2025-12-05,Combined Robust Max Sharpe λ=0.50 γ=0.10,0.21390297804080727,0.1294092907612832,1.4983698380550845
2025-12-08,Combined Robust Max Sharpe λ=0.50 γ=0.10,0.20295290947617772,0.12932241279203813,1.4147038052126524
2025-12-09,Combined Robust Max Sharpe λ=0.50 γ=0.10,0.20750726366264693,0.12926550503882775,1.4505591697206845
2025-12-10,Combined Robust Max Sharpe λ=0.50 γ=0.10,0.20912494233722478,0.1292993299861272,1.4626908148519904
2025-12-11,Combined Robust Max Sharpe λ=0.50 γ=0.10,0.21491461150881808,0.12932265243259375,1.5071962091901303
2025-12-12,Combined Robust Max Sharpe λ=0.50 γ=0.10,0.20999336297597626,0.12937711736643354,1.468523699116436
2025-12-15,Combined Robust Max Sharpe λ=0.50 γ=0.10,0.19683890148918093,0.12895705288685316,1.371300735635912
2025-12-16,Combined Robust Max Sharpe λ=0.50 γ=0.10,0.20779585165348502,0.12860439966598722,1.4602599299964116
2025-12-17,Combined Robust Max Sharpe λ=0.50 γ=0.10,0.2087316464196165,0.1285919258497626,1.4676788233198776
2025-12-18,Combined Robust Max Sharpe λ=0.50 γ=0.10,0.20498957577601118,0.12850289363709966,1.439575176403681
2025-12-19,Combined Robust Max Sharpe λ=0.50 γ=0.10,0.21223904161861573,0.12842535905556596,1.4968931606057605
2025-12-22,Combined Robust Max Sharpe λ=0.50 γ=0.10,0.25767983889532164,0.12536280160799618,1.8959359223522763
2025-12-23,Combined Robust Max Sharpe λ=0.50 γ=0.10,0.26604347647108106,0.1254184763652923,1.961780142779425
2025-12-24,Combined Robust Max Sharpe λ=0.50 γ=0.10,0.2558948829203025,0.12515409565358562,1.884835503691678
2025-12-26,Combined Robust Max Sharpe λ=0.50 γ=0.10,0.25562553894008255,0.12514905791837655,1.8827591901951022
2025-12-29,Combined Robust Max Sharpe λ=0.50 γ=0.10,0.22833820601468036,0.1257612034789773,1.6566174643001643
2025-12-30,Combined Robust Max Sharpe λ=0.50 γ=0.10,0.2247938767509663,0.12576055063036093,1.6284429077676545
2025-12-31,Combined Robust Max Sharpe λ=0.50 γ=0.10,0.22945308610114945,0.12551027918825017,1.6688122076996998
2026-01-02,Combined Robust Max Sharpe λ=0.50 γ=0.10,0.24284174520875945,0.12512088254381046,1.781011615952537
2026-01-05,Combined Robust Max Sharpe λ=0.50 γ=0.10,0.2588388319792403,0.12550539363603244,1.9030164765020103
2026-01-06,Combined Robust Max Sharpe λ=0.50 γ=0.10,0.26185498435986854,0.12555648653297408,1.9262643535055575
2026-01-07,Combined Robust Max Sharpe λ=0.50 γ=0.10,0.24939460427241178,0.12549016118860562,1.8279887610283871
2026-01-08,Combined Robust Max Sharpe λ=0.50 γ=0.10,0.24279374519416885,0.12539674049782112,1.7767108164828262
2026-01-09,Combined Robust Max Sharpe λ=0.50 γ=0.10,0.25780887120572427,0.12519943044080453,1.8994405195650035
2026-01-12,Combined Robust Max Sharpe λ=0.50 γ=0.10,0.2624140418477512,0.12528217392937321,1.9349444078485587
2026-01-13,Combined Robust Max Sharpe λ=0.50 γ=0.10,0.2719634573171148,0.12497161972209304,2.0161654132147855
2026-01-14,Combined Robust Max Sharpe λ=0.50 γ=0.10,0.2799204077376174,0.12488917478312149,2.0812084649369074
2026-01-15,Combined Robust Max Sharpe λ=0.50 γ=0.10,0.2750250065430839,0.12491553497772463,2.041579588868277
2026-01-16,Combined Robust Max Sharpe λ=0.50 γ=0.10,0.2511509405360224,0.12408489007236427,1.8628451892991884
2026-01-20,Combined Robust Max Sharpe λ=0.50 γ=0.10,0.2555833233479987,0.12410642996008803,1.8982362430678337
2026-01-21,Combined Robust Max Sharpe λ=0.50 γ=0.10,0.25848858295501453,0.12424046125011085,1.919572581712399
2026-01-22,Combined Robust Max Sharpe λ=0.50 γ=0.10,0.2536278452990879,0.12397880837492492,1.8844175739499995
2026-01-23,Combined Robust Max Sharpe λ=0.50 γ=0.10,0.25109218520627996,0.12389811577179809,1.865179173764978
2026-01-26,Combined Robust Max Sharpe λ=0.50 γ=0.10,0.2557855263777251,0.12400850758736709,1.9013657285699397
2026-01-27,Combined Robust Max Sharpe λ=0.50 γ=0.10,0.2661476700928176,0.12421055431304048,1.9816968972899536
2026-01-28,Combined Robust Max Sharpe λ=0.50 γ=0.10,0.3012878466070845,0.12344288247996708,2.278688256106894
2026-01-29,Combined Robust Max Sharpe λ=0.50 γ=0.10,0.2897831448465962,0.12315494438957558,2.1905993801855987
2026-01-30,Combined Robust Max Sharpe λ=0.50 γ=0.10,0.2523528341133001,0.12744846066866986,1.823112126221376
2026-02-02,Combined Robust Max Sharpe λ=0.50 γ=0.10,0.22784319447065227,0.12779363841115532,1.6263970339583766
2026-02-03,Combined Robust Max Sharpe λ=0.50 γ=0.10,0.2515293109861969,0.12875167712464175,1.7982624860261691
2026-02-04,Combined Robust Max Sharpe λ=0.50 γ=0.10,0.25421570624052525,0.12868746219402036,1.820035163079068
2026-02-05,Combined Robust Max Sharpe λ=0.50 γ=0.10,0.23023575226674087,0.12879817247761557,1.6322883176256147
2026-02-06,Combined Robust Max Sharpe λ=0.50 γ=0.10,0.24200306373046354,0.12949694156895095,1.7143498606278473
2026-02-09,Combined Robust Max Sharpe λ=0.50 γ=0.10,0.25048061834827773,0.12975140742273228,1.7763246112419266
2026-02-10,Combined Robust Max Sharpe λ=0.50 γ=0.10,0.2564261209651906,0.12954996702076316,1.824980170989146
2026-02-11,Combined Robust Max Sharpe λ=0.50 γ=0.10,0.24518092835189487,0.12912968046771361,1.743835557683402
2026-02-12,Combined Robust Max Sharpe λ=0.50 γ=0.10,0.23067492100999187,0.12983402035298056,1.6226480581686422
2026-02-13,Combined Robust Max Sharpe λ=0.50 γ=0.10,0.242107313027784,0.13009700787526424,1.7072438225538467
2026-02-17,Combined Robust Max Sharpe λ=0.50 γ=0.10,0.21699443549019315,0.13000636646828911,1.5152676045156883
2026-02-18,Combined Robust Max Sharpe λ=0.50 γ=0.10,0.22994965413915058,0.13012125105301187,1.613492434480332
2026-02-19,Combined Robust Max Sharpe λ=0.50 γ=0.10,0.2215930804193873,0.12996348205684422,1.5511517330015312
2026-02-20,Combined Robust Max Sharpe λ=0.50 γ=0.10,0.23146087528126102,0.13015807504352153,1.624646609213865
2026-02-23,Combined Robust Max Sharpe λ=0.50 γ=0.10,0.24149348987515107,0.13023887494392314,1.700671093561883
2026-02-24,Combined Robust Max Sharpe λ=0.50 γ=0.10,0.2543016241777396,0.12960314624490793,1.807839014455602
2026-02-25,Combined Robust Max Sharpe λ=0.50 γ=0.10,0.26039903041077883,0.12953337438516868,1.8558848756301995
2026-02-26,Combined Robust Max Sharpe λ=0.50 γ=0.10,0.27322397910495577,0.1292008170701362,1.959925524058366
2026-02-27,Combined Robust Max Sharpe λ=0.50 γ=0.10,0.27601325985596215,0.12922755720503523,1.9811042272490376
2026-03-02,Combined Robust Max Sharpe λ=0.50 γ=0.10,0.3029683771023013,0.12768867766709266,2.2160804095728106
2026-03-03,Combined Robust Max Sharpe λ=0.50 γ=0.10,0.2717294451372023,0.12870423722823077,1.9558753507921527
2026-03-04,Combined Robust Max Sharpe λ=0.50 γ=0.10,0.28542591129273887,0.12850189528406053,2.0655408288414754
2026-03-05,Combined Robust Max Sharpe λ=0.50 γ=0.10,0.27933084806447206,0.128696164894822,2.015062750909573
2026-03-06,Combined Robust Max Sharpe λ=0.50 γ=0.10,0.2668532320135597,0.12837052281948894,1.9229744227238046
2026-03-09,Combined Robust Max Sharpe λ=0.50 γ=0.10,0.2921838029524484,0.1272412798294205,2.139115570963587
2026-03-10,Combined Robust Max Sharpe λ=0.50 γ=0.10,0.28725902702049155,0.12717694199815732,2.1014739214626177
2026-03-11,Combined Robust Max Sharpe λ=0.50 γ=0.10,0.3150014620838888,0.12463460444105483,2.366930624178359
2026-03-12,Combined Robust Max Sharpe λ=0.50 γ=0.10,0.29931488410551554,0.12531409293625592,2.2289183727132422
2026-03-13,Combined Robust Max Sharpe λ=0.50 γ=0.10,0.28220640542397546,0.12538582859757028,2.091196496101127
2026-03-16,Combined Robust Max Sharpe λ=0.50 γ=0.10,0.29425277531026417,0.12530380378933706,2.1887027130584378
2026-03-17,Combined Robust Max Sharpe λ=0.50 γ=0.10,0.27605235041676135,0.12447286553067129,2.0570937234000417
2026-03-18,Combined Robust Max Sharpe λ=0.50 γ=0.10,0.24742082011774214,0.12542516496757244,1.8131992904018883
2026-03-19,Combined Robust Max Sharpe λ=0.50 γ=0.10,0.23760991785398278,0.12602973878453994,1.7266553112992487
2026-03-20,Combined Robust Max Sharpe λ=0.50 γ=0.10,0.20546853455456038,0.12709297903657776,1.4593137713860806
2026-03-23,Combined Robust Max Sharpe λ=0.50 γ=0.10,0.20677883760790516,0.1270643955708907,1.469954165907153
2026-03-24,Combined Robust Max Sharpe λ=0.50 γ=0.10,0.2065288189264276,0.12706901186279107,1.4679331820714963
2026-03-25,Combined Robust Max Sharpe λ=0.50 γ=0.10,0.20895442029690448,0.1272429529549173,1.4849892737388122
2026-03-26,Combined Robust Max Sharpe λ=0.50 γ=0.10,0.17989155251143796,0.12885305154174787,1.2408829329093052
2026-03-27,Combined Robust Max Sharpe λ=0.50 γ=0.10,0.19879245881246566,0.12842733267109846,1.3921682798657196
2026-03-30,Combined Robust Max Sharpe λ=0.50 γ=0.10,0.19872499906058527,0.12842691307312112,1.3916475509991153
2026-03-31,Combined Robust Max Sharpe λ=0.50 γ=0.10,0.23982870780922005,0.1293510085688332,1.6994742464048112
2026-04-01,Combined Robust Max Sharpe λ=0.50 γ=0.10,0.2415589285869706,0.12940803161543576,1.7120956545060615
2026-04-02,Combined Robust Max Sharpe λ=0.50 γ=0.10,0.2344680439496809,0.12948087116872212,1.6563685586438086
2026-04-06,Combined Robust Max Sharpe λ=0.50 γ=0.10,0.22916942300893162,0.12946015239234132,1.6157050578391394
2026-04-07,Combined Robust Max Sharpe λ=0.50 γ=0.10,0.2648616180081649,0.12692547276963972,1.9291763321029378
2026-04-08,Combined Robust Max Sharpe λ=0.50 γ=0.10,0.33079523043479986,0.12059052244823132,2.5772774188636762
2026-04-09,Combined Robust Max Sharpe λ=0.50 γ=0.10,0.3505064906735569,0.12000404272187747,2.754127970834632
2026-04-10,Combined Robust Max Sharpe λ=0.50 γ=0.10,0.35762137534737715,0.11976843497945182,2.8189512153623904
2026-04-13,Combined Robust Max Sharpe λ=0.50 γ=0.10,0.2763482867953735,0.10002625259582898,2.5628100637858244
2026-04-14,Combined Robust Max Sharpe λ=0.50 γ=0.10,0.3098667025033097,0.09926368623095493,2.9201686287257393
2026-04-15,Combined Robust Max Sharpe λ=0.50 γ=0.10,0.28865895414963005,0.098255042364072,2.7343019522005525
2026-04-16,Combined Robust Max Sharpe λ=0.50 γ=0.10,0.28205876677598307,0.09820686120628969,2.6684364366916498
2026-04-17,Combined Robust Max Sharpe λ=0.50 γ=0.10,0.29139595644264227,0.09857097906316217,2.7533048674370733
2026-04-20,Combined Robust Max Sharpe λ=0.50 γ=0.10,0.28841408058519113,0.09864324727610348,2.721058845861971
2026-04-21,Combined Robust Max Sharpe λ=0.50 γ=0.10,0.27412082550172423,0.09941098228971806,2.556265109232379
2026-04-22,Combined Robust Max Sharpe λ=0.50 γ=0.10,0.2868015549755458,0.09953023563487677,2.68060809133717
2026-04-23,Combined Robust Max Sharpe λ=0.50 γ=0.10,0.2688788037768006,0.0993252877450493,2.5056942640390747
2026-04-24,Combined Robust Max Sharpe λ=0.50 γ=0.10,0.27286472170703235,0.09938404409600782,2.544319100788028
2026-04-27,Combined Robust Max Sharpe λ=0.50 γ=0.10,0.24846709357290542,0.09815937935847108,2.327511594572739
2026-04-28,Combined Robust Max Sharpe λ=0.50 γ=0.10,0.23826501378841525,0.09844751445886969,2.2170698263753934
2026-04-29,Combined Robust Max Sharpe λ=0.50 γ=0.10,0.22509540099021552,0.09850820910149144,2.082013294738807
2026-04-30,Combined Robust Max Sharpe λ=0.50 γ=0.10,0.23373748015841,0.09874841694515649,2.164464877215367
2026-05-01,Combined Robust Max Sharpe λ=0.50 γ=0.10,0.23755563844964867,0.09870665512362684,2.204062514094591
2026-05-04,Combined Robust Max Sharpe λ=0.50 γ=0.10,0.23509093084624344,0.09885205244491853,2.1758873541456767
2026-05-05,Combined Robust Max Sharpe λ=0.50 γ=0.10,0.23626391523284163,0.09889191861458792,2.1868714679880803
2026-05-06,Combined Robust Max Sharpe λ=0.50 γ=0.10,0.24462802409005557,0.09952545444069318,2.25699068999389
2026-05-07,Combined Robust Max Sharpe λ=0.50 γ=0.10,0.23405277099064414,0.09941762933722575,2.153066537772437
2026-05-08,Combined Robust Max Sharpe λ=0.50 γ=0.10,0.24351341429205364,0.09944913843798368,2.2475148382651526
2026-05-11,Combined Robust Max Sharpe λ=0.50 γ=0.10,0.25093344804223117,0.09920068013144422,2.327942184834183
2026-05-12,Combined Robust Max Sharpe λ=0.50 γ=0.10,0.24435762607803468,0.09926569680715652,2.2601727816800024
2026-05-13,Combined Robust Max Sharpe λ=0.50 γ=0.10,0.24397549328487012,0.0992664700465024,2.256305610343014
2026-05-14,Combined Robust Max Sharpe λ=0.50 γ=0.10,0.24006178102647735,0.09923414520220097,2.2176014171137988
2026-05-15,Combined Robust Max Sharpe λ=0.50 γ=0.10,0.2336711936650302,0.09978717758341929,2.141269037160682
2026-05-18,Combined Robust Max Sharpe λ=0.50 γ=0.10,0.22258806632697192,0.09945201867684145,2.0370432799887137
2026-05-19,Combined Robust Max Sharpe λ=0.50 γ=0.10,0.2146914055340403,0.09980234683146096,1.950769813688061
2026-05-20,Combined Robust Max Sharpe λ=0.50 γ=0.10,0.22079627443713856,0.10012638636809962,2.005428156559463
2026-05-21,Combined Robust Max Sharpe λ=0.50 γ=0.10,0.2165603484943801,0.10006183733496961,1.9643887592866158
2026-05-22,Combined Robust Max Sharpe λ=0.50 γ=0.10,0.2236130495825932,0.09984845835992438,2.0392207644170925
2026-05-26,Combined Robust Max Sharpe λ=0.50 γ=0.10,0.23017330661217117,0.09987569776136124,2.1043488188122637
2026-05-27,Combined Robust Max Sharpe λ=0.50 γ=0.10,0.22035406859398132,0.09984008006395213,2.006749879063052
2026-05-28,Combined Robust Max Sharpe λ=0.50 γ=0.10,0.2219254111721196,0.09988968487049962,2.0214841145399807
2026-05-29,Combined Robust Max Sharpe λ=0.50 γ=0.10,0.231480979857853,0.09980718085500391,2.118895434638962
2026-06-01,Combined Robust Max Sharpe λ=0.50 γ=0.10,0.22277703570668228,0.099791985822349,2.0319971993309025
2026-06-02,Combined Robust Max Sharpe λ=0.50 γ=0.10,0.22554873739062464,0.09976894249923676,2.0602477308226166
2026-06-03,Combined Robust Max Sharpe λ=0.50 γ=0.10,0.2075140522476242,0.09958219373937316,1.8830078471497285
2026-06-04,Combined Robust Max Sharpe λ=0.50 γ=0.10,0.21371669381252567,0.09959500974945228,1.9450441774126241
2026-06-05,Combined Robust Max Sharpe λ=0.50 γ=0.10,0.18674885214920645,0.10124593934792642,1.6469682954511655
2026-06-08,Combined Robust Max Sharpe λ=0.50 γ=0.10,0.19243516982467423,0.10113089960611298,1.705069078751191
2026-06-09,Combined Robust Max Sharpe λ=0.50 γ=0.10,0.19285103966660744,0.10111879211007709,1.7093859218417407
2026-06-10,Combined Robust Max Sharpe λ=0.50 γ=0.10,0.17385447390368802,0.1021237587867169,1.50654926661101
2026-06-11,Combined Robust Max Sharpe λ=0.50 γ=0.10,0.18851413919725934,0.10312165857084116,1.634129449939905
2026-06-12,Combined Robust Max Sharpe λ=0.50 γ=0.10,0.1875915642635393,0.10311575447523434,1.625276031935453
2026-06-15,Combined Robust Max Sharpe λ=0.50 γ=0.10,0.19211736413364022,0.10341612276734483,1.6643184788589738
2026-06-16,Combined Robust Max Sharpe λ=0.50 γ=0.10,0.1938776373054003,0.10339172956644879,1.6817364216124362
2026-06-17,Combined Robust Max Sharpe λ=0.50 γ=0.10,0.1834577034442617,0.10396675040041305,1.5722113350155487
2026-06-18,Combined Robust Max Sharpe λ=0.50 γ=0.10,0.19047161671381585,0.10398685578380196,1.6393573536663297
2026-06-22,Combined Robust Max Sharpe λ=0.50 γ=0.10,0.18741560240442867,0.1040695854397611,1.6086890487455083
2026-06-23,Combined Robust Max Sharpe λ=0.50 γ=0.10,0.18008528916698974,0.1043706973407081,1.533814502018768
2026-06-24,Combined Robust Max Sharpe λ=0.50 γ=0.10,0.169638543891927,0.10432236600294344,1.4343860250227165
2026-06-25,Combined Robust Max Sharpe λ=0.50 γ=0.10,0.17182249019336582,0.10434246539886516,1.4550402811837055
2026-06-26,Combined Robust Max Sharpe λ=0.50 γ=0.10,0.17172966591453975,0.10434230817420286,1.4541528606135699
2026-06-29,Combined Robust Max Sharpe λ=0.50 γ=0.10,0.1701855211944292,0.10430724090058897,1.4398379239804164
2026-06-30,Combined Robust Max Sharpe λ=0.50 γ=0.10,0.17443148136404463,0.10420490639367803,1.4819981775197275
2026-07-01,Combined Robust Max Sharpe λ=0.50 γ=0.10,0.16622354798638406,0.104047793860751,1.4053498162784464
2026-07-02,Combined Robust Max Sharpe λ=0.50 γ=0.10,0.16866935700443486,0.10409281024397851,1.4282384792568803
2026-07-06,Combined Robust Max Sharpe λ=0.50 γ=0.10,0.1709003431352747,0.10414764540714302,1.44890787060391
2026-07-07,Combined Robust Max Sharpe λ=0.50 γ=0.10,0.1636393402675751,0.1044047284940376,1.375793437131328
2026-07-08,Combined Robust Max Sharpe λ=0.50 γ=0.10,0.16412278330888452,0.10438801159715468,1.3806449716186846
2026-07-09,Combined Robust Max Sharpe λ=0.50 γ=0.10,0.1739541471189805,0.1043891490874691,1.4748098673548935
2026-07-10,Combined Robust Max Sharpe λ=0.50 γ=0.10,0.16749611663608044,0.1042848271602206,1.4143583554055386
2026-07-13,Combined Robust Max Sharpe λ=0.50 γ=0.10,0.15549277802624806,0.10472594396148151,1.2937842611004078
2026-07-14,Combined Robust Max Sharpe λ=0.50 γ=0.10,0.16131008489512144,0.1048074936649047,1.3482822645003276
2026-07-15,Combined Robust Max Sharpe λ=0.50 γ=0.10,0.1652140471204624,0.10482297285601852,1.3853265478353087
2026-07-16,Combined Robust Max Sharpe λ=0.50 γ=0.10,0.16384759970739915,0.10488376201043934,1.3714954245546767
2026-07-17,Combined Robust Max Sharpe λ=0.50 γ=0.10,0.15902381776764019,0.10484885056024887,1.3259450821328127
2026-07-20,Combined Robust Max Sharpe λ=0.50 γ=0.10,0.15416707246109884,0.10489816567827656,1.2790221029468736
2026-07-21,Combined Robust Max Sharpe λ=0.50 γ=0.10,0.15768755757957664,0.1049641278169762,1.3117582210530023
2026-07-22,Combined Robust Max Sharpe λ=0.50 γ=0.10,0.1506902019875851,0.10478531925148818,1.247218626818556
2026-07-23,Combined Robust Max Sharpe λ=0.50 γ=0.10,0.13617209511350392,0.10514401365496749,1.1048854906255086
2026-07-24,Combined Robust Max Sharpe λ=0.50 γ=0.10,0.13868385110398007,0.10513012445973603,1.1289233387090205
2026-07-27,Combined Robust Max Sharpe λ=0.50 γ=0.10,0.1447073559592742,0.10511081425704889,1.1864369697898247
2026-07-28,Combined Robust Max Sharpe λ=0.50 γ=0.10,0.1452838846604778,0.10510607416476091,1.1919756841463494
2026-07-29,Combined Robust Max Sharpe λ=0.50 γ=0.10,0.14203517410186217,0.10524850546704455,1.1594955535028844
2026-07-30,Combined Robust Max Sharpe λ=0.50 γ=0.10,0.14889429038257185,0.10551144650680608,1.2216142859368102
2026-07-31,Combined Robust Max Sharpe λ=0.50 γ=0.10,0.15488265283638425,0.10526568575141045,1.2813544306823363
2026-08-03,Combined Robust Max Sharpe λ=0.50 γ=0.10,0.16044945850353898,0.10537600420644172,1.3328409969729447
2026-08-04,Combined Robust Max Sharpe λ=0.50 γ=0.10,0.16601622780113878,0.10565409143720444,1.3820215177177837
2026-08-05,Combined Robust Max Sharpe λ=0.50 γ=0.10,0.16500303943739492,0.10559835996660355,1.3731561691228298
2026-08-06,Combined Robust Max Sharpe λ=0.50 γ=0.10,0.1640970919909026,0.10561825816588843,1.3643199054142487
2026-08-07,Combined Robust Max Sharpe λ=0.50 γ=0.10,0.16969793448888826,0.10579220115381215,1.4150186200515973
2026-08-10,Combined Robust Max Sharpe λ=0.50 γ=0.10,0.16577766241463032,0.10578918982505471,1.3780015014360654
2026-08-11,Combined Robust Max Sharpe λ=0.50 γ=0.10,0.16216651048535113,0.10579617043454691,1.343777472298069
2026-08-12,Combined Robust Max Sharpe λ=0.50 γ=0.10,0.17152258044182433,0.10567402455074802,1.433867793774225
2026-08-13,Combined Robust Max Sharpe λ=0.50 γ=0.10,0.16892825248601007,0.10563375023239208,1.4098548253599914
2026-08-14,Combined Robust Max Sharpe λ=0.50 γ=0.10,0.16348071405380948,0.10561384342236466,1.3585407878776827
2026-08-17,Combined Robust Max Sharpe λ=0.50 γ=0.10,0.1656104827200331,0.10556682337339038,1.3793204916757615
2026-08-18,Combined Robust Max Sharpe λ=0.50 γ=0.10,0.16189543017094232,0.105667710760408,1.342845691932112
2026-08-19,Combined Robust Max Sharpe λ=0.50 γ=0.10,0.17517697289008827,0.10611565526175726,1.4623381677973024
2026-08-20,Combined Robust Max Sharpe λ=0.50 γ=0.10,0.17367811643604347,0.10616568574309586,1.447530954661944
2026-08-21,Combined Robust Max Sharpe λ=0.50 γ=0.10,0.17491465858954425,0.10619064775825662,1.4588352351160718
2026-08-24,Combined Robust Max Sharpe λ=0.50 γ=0.10,0.18126334098075714,0.10610968545332676,1.5197796534011043
2026-08-25,Combined Robust Max Sharpe λ=0.50 γ=0.10,0.1741388567503026,0.10570439663811672,1.4582066749598244
2026-08-26,Combined Robust Max Sharpe λ=0.50 γ=0.10,0.17382754531668532,0.10571453331765616,1.455122020493217
2026-08-27,Combined Robust Max Sharpe λ=0.50 γ=0.10,0.17106465169222607,0.10565842361272273,1.4297454620933394
2026-08-28,Combined Robust Max Sharpe λ=0.50 γ=0.10,0.15904107787522692,0.10604232540817952,1.3111847306255136
2026-08-31,Combined Robust Max Sharpe λ=0.50 γ=0.10,0.15204912385047975,0.10600120720204359,1.2457322641504218
2026-09-01,Combined Robust Max Sharpe λ=0.50 γ=0.10,0.14134361463390532,0.10644324465997605,1.1399841767462768
2026-09-02,Combined Robust Max Sharpe λ=0.50 γ=0.10,0.1426036597983169,0.1064775537861678,1.1514507559455596
