rebalance_date,strategy,cost_bps,turnover,transaction_cost
2018-02-01,Combined Robust Max Sharpe λ=0.50 γ=0.10,0.0,0.0,0.0
2018-02-01,Combined Robust Max Sharpe λ=0.50 γ=0.10,5.0,0.0,0.0
2018-02-01,Combined Robust Max Sharpe λ=0.50 γ=0.10,10.0,0.0,0.0
2018-02-01,Combined Robust Max Sharpe λ=0.50 γ=0.10,25.0,0.0,0.0
2018-02-01,Equal Weight,0.0,0.0,0.0
2018-02-01,Equal Weight,5.0,0.0,0.0
2018-02-01,Equal Weight,10.0,0.0,0.0
2018-02-01,Equal Weight,25.0,0.0,0.0
2018-02-01,Maximum Sharpe,0.0,0.0,0.0
2018-02-01,Maximum Sharpe,5.0,0.0,0.0
2018-02-01,Maximum Sharpe,10.0,0.0,0.0
2018-02-01,Maximum Sharpe,25.0,0.0,0.0
2018-02-01,Minimum Variance,0.0,0.0,0.0
2018-02-01,Minimum Variance,5.0,0.0,0.0
2018-02-01,Minimum Variance,10.0,0.0,0.0
2018-02-01,Minimum Variance,25.0,0.0,0.0
2018-02-01,SPY,0.0,0.0,0.0
2018-02-01,SPY,5.0,0.0,0.0
2018-02-01,SPY,10.0,0.0,0.0
2018-02-01,SPY,25.0,0.0,0.0
2018-02-01,Shrunk Max Sharpe λ=0.25,0.0,0.0,0.0
2018-02-01,Shrunk Max Sharpe λ=0.25,5.0,0.0,0.0
2018-02-01,Shrunk Max Sharpe λ=0.25,10.0,0.0,0.0
2018-02-01,Shrunk Max Sharpe λ=0.25,25.0,0.0,0.0
2018-02-01,Shrunk Max Sharpe λ=0.50,0.0,0.0,0.0
2018-02-01,Shrunk Max Sharpe λ=0.50,5.0,0.0,0.0
2018-02-01,Shrunk Max Sharpe λ=0.50,10.0,0.0,0.0
2018-02-01,Shrunk Max Sharpe λ=0.50,25.0,0.0,0.0
2018-02-01,Shrunk Max Sharpe λ=0.75,0.0,0.0,0.0
2018-02-01,Shrunk Max Sharpe λ=0.75,5.0,0.0,0.0
2018-02-01,Shrunk Max Sharpe λ=0.75,10.0,0.0,0.0
2018-02-01,Shrunk Max Sharpe λ=0.75,25.0,0.0,0.0
2018-02-01,Turnover-Aware Max Sharpe γ=0.05,0.0,0.0,0.0
2018-02-01,Turnover-Aware Max Sharpe γ=0.05,5.0,0.0,0.0
2018-02-01,Turnover-Aware Max Sharpe γ=0.05,10.0,0.0,0.0
2018-02-01,Turnover-Aware Max Sharpe γ=0.05,25.0,0.0,0.0
2018-02-01,Turnover-Aware Max Sharpe γ=0.10,0.0,0.0,0.0
2018-02-01,Turnover-Aware Max Sharpe γ=0.10,5.0,0.0,0.0
2018-02-01,Turnover-Aware Max Sharpe γ=0.10,10.0,0.0,0.0
2018-02-01,Turnover-Aware Max Sharpe γ=0.10,25.0,0.0,0.0
2018-02-01,Turnover-Aware Max Sharpe γ=0.25,0.0,0.0,0.0
2018-02-01,Turnover-Aware Max Sharpe γ=0.25,5.0,0.0,0.0
2018-02-01,Turnover-Aware Max Sharpe γ=0.25,10.0,0.0,0.0
2018-02-01,Turnover-Aware Max Sharpe γ=0.25,25.0,0.0,0.0
2018-03-01,Combined Robust Max Sharpe λ=0.50 γ=0.10,0.0,0.06052373517869784,0.0
2018-03-01,Combined Robust Max Sharpe λ=0.50 γ=0.10,5.0,0.06052373517869784,3.026186758934892e-05
2018-03-01,Combined Robust Max Sharpe λ=0.50 γ=0.10,10.0,0.06052373517869784,6.052373517869784e-05
2018-03-01,Combined Robust Max Sharpe λ=0.50 γ=0.10,25.0,0.06052373517869784,0.00015130933794674461
2018-03-01,Equal Weight,0.0,0.0,0.0
2018-03-01,Equal Weight,5.0,0.0,0.0
2018-03-01,Equal Weight,10.0,0.0,0.0
2018-03-01,Equal Weight,25.0,0.0,0.0
2018-03-01,Maximum Sharpe,0.0,0.0794294892742284,0.0
2018-03-01,Maximum Sharpe,5.0,0.0794294892742284,3.9714744637114196e-05
2018-03-01,Maximum Sharpe,10.0,0.0794294892742284,7.942948927422839e-05
2018-03-01,Maximum Sharpe,25.0,0.0794294892742284,0.00019857372318557098
2018-03-01,Minimum Variance,0.0,0.03542139788636511,0.0
2018-03-01,Minimum Variance,5.0,0.03542139788636511,1.7710698943182555e-05
2018-03-01,Minimum Variance,10.0,0.03542139788636511,3.542139788636511e-05
2018-03-01,Minimum Variance,25.0,0.03542139788636511,8.855349471591276e-05
2018-03-01,SPY,0.0,0.0,0.0
2018-03-01,SPY,5.0,0.0,0.0
2018-03-01,SPY,10.0,0.0,0.0
2018-03-01,SPY,25.0,0.0,0.0
2018-03-01,Shrunk Max Sharpe λ=0.25,0.0,0.052761425461753136,0.0
2018-03-01,Shrunk Max Sharpe λ=0.25,5.0,0.052761425461753136,2.6380712730876564e-05
2018-03-01,Shrunk Max Sharpe λ=0.25,10.0,0.052761425461753136,5.276142546175313e-05
2018-03-01,Shrunk Max Sharpe λ=0.25,25.0,0.052761425461753136,0.00013190356365438285
2018-03-01,Shrunk Max Sharpe λ=0.50,0.0,0.1824082046995919,0.0
2018-03-01,Shrunk Max Sharpe λ=0.50,5.0,0.1824082046995919,9.120410234979595e-05
2018-03-01,Shrunk Max Sharpe λ=0.50,10.0,0.1824082046995919,0.0001824082046995919
2018-03-01,Shrunk Max Sharpe λ=0.50,25.0,0.1824082046995919,0.00045602051174897974
2018-03-01,Shrunk Max Sharpe λ=0.75,0.0,0.06859354238672301,0.0
2018-03-01,Shrunk Max Sharpe λ=0.75,5.0,0.06859354238672301,3.42967711933615e-05
2018-03-01,Shrunk Max Sharpe λ=0.75,10.0,0.06859354238672301,6.8593542386723e-05
2018-03-01,Shrunk Max Sharpe λ=0.75,25.0,0.06859354238672301,0.00017148385596680752
2018-03-01,Turnover-Aware Max Sharpe γ=0.05,0.0,0.05152895160330476,0.0
2018-03-01,Turnover-Aware Max Sharpe γ=0.05,5.0,0.05152895160330476,2.5764475801652376e-05
2018-03-01,Turnover-Aware Max Sharpe γ=0.05,10.0,0.05152895160330476,5.152895160330475e-05
2018-03-01,Turnover-Aware Max Sharpe γ=0.05,25.0,0.05152895160330476,0.0001288223790082619
2018-03-01,Turnover-Aware Max Sharpe γ=0.10,0.0,0.027213217567347976,0.0
2018-03-01,Turnover-Aware Max Sharpe γ=0.10,5.0,0.027213217567347976,1.3606608783673988e-05
2018-03-01,Turnover-Aware Max Sharpe γ=0.10,10.0,0.027213217567347976,2.7213217567347976e-05
2018-03-01,Turnover-Aware Max Sharpe γ=0.10,25.0,0.027213217567347976,6.803304391836993e-05
2018-03-01,Turnover-Aware Max Sharpe γ=0.25,0.0,0.027081314250217505,0.0
2018-03-01,Turnover-Aware Max Sharpe γ=0.25,5.0,0.027081314250217505,1.3540657125108751e-05
2018-03-01,Turnover-Aware Max Sharpe γ=0.25,10.0,0.027081314250217505,2.7081314250217503e-05
2018-03-01,Turnover-Aware Max Sharpe γ=0.25,25.0,0.027081314250217505,6.770328562554376e-05
2018-05-01,Combined Robust Max Sharpe λ=0.50 γ=0.10,0.0,0.027010350729730754,0.0
2018-05-01,Combined Robust Max Sharpe λ=0.50 γ=0.10,5.0,0.027010350729730754,1.3505175364865377e-05
2018-05-01,Combined Robust Max Sharpe λ=0.50 γ=0.10,10.0,0.027010350729730754,2.7010350729730754e-05
2018-05-01,Combined Robust Max Sharpe λ=0.50 γ=0.10,25.0,0.027010350729730754,6.752587682432688e-05
2018-05-01,Equal Weight,0.0,0.0,0.0
2018-05-01,Equal Weight,5.0,0.0,0.0
2018-05-01,Equal Weight,10.0,0.0,0.0
2018-05-01,Equal Weight,25.0,0.0,0.0
2018-05-01,Maximum Sharpe,0.0,0.2324349757953837,0.0
2018-05-01,Maximum Sharpe,5.0,0.2324349757953837,0.00011621748789769184
2018-05-01,Maximum Sharpe,10.0,0.2324349757953837,0.00023243497579538368
2018-05-01,Maximum Sharpe,25.0,0.2324349757953837,0.0005810874394884593
2018-05-01,Minimum Variance,0.0,0.05715954298580286,0.0
2018-05-01,Minimum Variance,5.0,0.05715954298580286,2.857977149290143e-05
2018-05-01,Minimum Variance,10.0,0.05715954298580286,5.715954298580286e-05
2018-05-01,Minimum Variance,25.0,0.05715954298580286,0.00014289885746450714
2018-05-01,SPY,0.0,0.0,0.0
2018-05-01,SPY,5.0,0.0,0.0
2018-05-01,SPY,10.0,0.0,0.0
2018-05-01,SPY,25.0,0.0,0.0
2018-05-01,Shrunk Max Sharpe λ=0.25,0.0,0.07469175471131345,0.0
2018-05-01,Shrunk Max Sharpe λ=0.25,5.0,0.07469175471131345,3.734587735565673e-05
2018-05-01,Shrunk Max Sharpe λ=0.25,10.0,0.07469175471131345,7.469175471131346e-05
2018-05-01,Shrunk Max Sharpe λ=0.25,25.0,0.07469175471131345,0.00018672938677828364
2018-05-01,Shrunk Max Sharpe λ=0.50,0.0,0.05491131324305374,0.0
2018-05-01,Shrunk Max Sharpe λ=0.50,5.0,0.05491131324305374,2.745565662152687e-05
2018-05-01,Shrunk Max Sharpe λ=0.50,10.0,0.05491131324305374,5.491131324305374e-05
2018-05-01,Shrunk Max Sharpe λ=0.50,25.0,0.05491131324305374,0.00013727828310763435
2018-05-01,Shrunk Max Sharpe λ=0.75,0.0,0.061151103932388144,0.0
2018-05-01,Shrunk Max Sharpe λ=0.75,5.0,0.061151103932388144,3.057555196619407e-05
2018-05-01,Shrunk Max Sharpe λ=0.75,10.0,0.061151103932388144,6.115110393238814e-05
2018-05-01,Shrunk Max Sharpe λ=0.75,25.0,0.061151103932388144,0.00015287775983097035
2018-05-01,Turnover-Aware Max Sharpe γ=0.05,0.0,0.12090498332288527,0.0
2018-05-01,Turnover-Aware Max Sharpe γ=0.05,5.0,0.12090498332288527,6.0452491661442634e-05
2018-05-01,Turnover-Aware Max Sharpe γ=0.05,10.0,0.12090498332288527,0.00012090498332288527
2018-05-01,Turnover-Aware Max Sharpe γ=0.05,25.0,0.12090498332288527,0.00030226245830721317
2018-05-01,Turnover-Aware Max Sharpe γ=0.10,0.0,0.05742075372646574,0.0
2018-05-01,Turnover-Aware Max Sharpe γ=0.10,5.0,0.05742075372646574,2.8710376863232865e-05
2018-05-01,Turnover-Aware Max Sharpe γ=0.10,10.0,0.05742075372646574,5.742075372646573e-05
2018-05-01,Turnover-Aware Max Sharpe γ=0.10,25.0,0.05742075372646574,0.00014355188431616436
2018-05-01,Turnover-Aware Max Sharpe γ=0.25,0.0,0.03152650571364696,0.0
2018-05-01,Turnover-Aware Max Sharpe γ=0.25,5.0,0.03152650571364696,1.576325285682348e-05
2018-05-01,Turnover-Aware Max Sharpe γ=0.25,10.0,0.03152650571364696,3.152650571364696e-05
2018-05-01,Turnover-Aware Max Sharpe γ=0.25,25.0,0.03152650571364696,7.881626428411739e-05
2018-06-01,Combined Robust Max Sharpe λ=0.50 γ=0.10,0.0,0.05484481058894809,0.0
2018-06-01,Combined Robust Max Sharpe λ=0.50 γ=0.10,5.0,0.05484481058894809,2.7422405294474044e-05
2018-06-01,Combined Robust Max Sharpe λ=0.50 γ=0.10,10.0,0.05484481058894809,5.484481058894809e-05
2018-06-01,Combined Robust Max Sharpe λ=0.50 γ=0.10,25.0,0.05484481058894809,0.00013711202647237025
2018-06-01,Equal Weight,0.0,0.0,0.0
2018-06-01,Equal Weight,5.0,0.0,0.0
2018-06-01,Equal Weight,10.0,0.0,0.0
2018-06-01,Equal Weight,25.0,0.0,0.0
2018-06-01,Maximum Sharpe,0.0,0.21871700143383374,0.0
2018-06-01,Maximum Sharpe,5.0,0.21871700143383374,0.00010935850071691687
2018-06-01,Maximum Sharpe,10.0,0.21871700143383374,0.00021871700143383374
2018-06-01,Maximum Sharpe,25.0,0.21871700143383374,0.0005467925035845843
2018-06-01,Minimum Variance,0.0,0.023426511162257295,0.0
2018-06-01,Minimum Variance,5.0,0.023426511162257295,1.1713255581128648e-05
2018-06-01,Minimum Variance,10.0,0.023426511162257295,2.3426511162257296e-05
2018-06-01,Minimum Variance,25.0,0.023426511162257295,5.8566277905643235e-05
2018-06-01,SPY,0.0,0.0,0.0
2018-06-01,SPY,5.0,0.0,0.0
2018-06-01,SPY,10.0,0.0,0.0
2018-06-01,SPY,25.0,0.0,0.0
2018-06-01,Shrunk Max Sharpe λ=0.25,0.0,0.17862857041636218,0.0
2018-06-01,Shrunk Max Sharpe λ=0.25,5.0,0.17862857041636218,8.93142852081811e-05
2018-06-01,Shrunk Max Sharpe λ=0.25,10.0,0.17862857041636218,0.0001786285704163622
2018-06-01,Shrunk Max Sharpe λ=0.25,25.0,0.17862857041636218,0.00044657142604090545
2018-06-01,Shrunk Max Sharpe λ=0.50,0.0,0.0735297036103312,0.0
2018-06-01,Shrunk Max Sharpe λ=0.50,5.0,0.0735297036103312,3.6764851805165596e-05
2018-06-01,Shrunk Max Sharpe λ=0.50,10.0,0.0735297036103312,7.352970361033119e-05
2018-06-01,Shrunk Max Sharpe λ=0.50,25.0,0.0735297036103312,0.00018382425902582802
2018-06-01,Shrunk Max Sharpe λ=0.75,0.0,0.03880247231047753,0.0
2018-06-01,Shrunk Max Sharpe λ=0.75,5.0,0.03880247231047753,1.9401236155238766e-05
2018-06-01,Shrunk Max Sharpe λ=0.75,10.0,0.03880247231047753,3.880247231047753e-05
2018-06-01,Shrunk Max Sharpe λ=0.75,25.0,0.03880247231047753,9.700618077619383e-05
2018-06-01,Turnover-Aware Max Sharpe γ=0.05,0.0,0.1833833143674292,0.0
2018-06-01,Turnover-Aware Max Sharpe γ=0.05,5.0,0.1833833143674292,9.169165718371459e-05
2018-06-01,Turnover-Aware Max Sharpe γ=0.05,10.0,0.1833833143674292,0.00018338331436742919
2018-06-01,Turnover-Aware Max Sharpe γ=0.05,25.0,0.1833833143674292,0.00045845828591857296
2018-06-01,Turnover-Aware Max Sharpe γ=0.10,0.0,0.08994831643552137,0.0
2018-06-01,Turnover-Aware Max Sharpe γ=0.10,5.0,0.08994831643552137,4.4974158217760684e-05
2018-06-01,Turnover-Aware Max Sharpe γ=0.10,10.0,0.08994831643552137,8.994831643552137e-05
2018-06-01,Turnover-Aware Max Sharpe γ=0.10,25.0,0.08994831643552137,0.00022487079108880344
2018-06-01,Turnover-Aware Max Sharpe γ=0.25,0.0,0.034417800730177826,0.0
2018-06-01,Turnover-Aware Max Sharpe γ=0.25,5.0,0.034417800730177826,1.7208900365088914e-05
2018-06-01,Turnover-Aware Max Sharpe γ=0.25,10.0,0.034417800730177826,3.441780073017783e-05
2018-06-01,Turnover-Aware Max Sharpe γ=0.25,25.0,0.034417800730177826,8.604450182544457e-05
2018-08-01,Combined Robust Max Sharpe λ=0.50 γ=0.10,0.0,0.053589666310524774,0.0
2018-08-01,Combined Robust Max Sharpe λ=0.50 γ=0.10,5.0,0.053589666310524774,2.6794833155262386e-05
2018-08-01,Combined Robust Max Sharpe λ=0.50 γ=0.10,10.0,0.053589666310524774,5.358966631052477e-05
2018-08-01,Combined Robust Max Sharpe λ=0.50 γ=0.10,25.0,0.053589666310524774,0.00013397416577631195
2018-08-01,Equal Weight,0.0,0.0,0.0
2018-08-01,Equal Weight,5.0,0.0,0.0
2018-08-01,Equal Weight,10.0,0.0,0.0
2018-08-01,Equal Weight,25.0,0.0,0.0
2018-08-01,Maximum Sharpe,0.0,0.30940188604359686,0.0
2018-08-01,Maximum Sharpe,5.0,0.30940188604359686,0.00015470094302179845
2018-08-01,Maximum Sharpe,10.0,0.30940188604359686,0.0003094018860435969
2018-08-01,Maximum Sharpe,25.0,0.30940188604359686,0.0007735047151089921
2018-08-01,Minimum Variance,0.0,0.016090277882317972,0.0
2018-08-01,Minimum Variance,5.0,0.016090277882317972,8.045138941158986e-06
2018-08-01,Minimum Variance,10.0,0.016090277882317972,1.6090277882317973e-05
2018-08-01,Minimum Variance,25.0,0.016090277882317972,4.022569470579493e-05
2018-08-01,SPY,0.0,0.0,0.0
2018-08-01,SPY,5.0,0.0,0.0
2018-08-01,SPY,10.0,0.0,0.0
2018-08-01,SPY,25.0,0.0,0.0
2018-08-01,Shrunk Max Sharpe λ=0.25,0.0,0.08841964691001444,0.0
2018-08-01,Shrunk Max Sharpe λ=0.25,5.0,0.08841964691001444,4.420982345500722e-05
2018-08-01,Shrunk Max Sharpe λ=0.25,10.0,0.08841964691001444,8.841964691001444e-05
2018-08-01,Shrunk Max Sharpe λ=0.25,25.0,0.08841964691001444,0.00022104911727503608
2018-08-01,Shrunk Max Sharpe λ=0.50,0.0,0.18221523409731596,0.0
2018-08-01,Shrunk Max Sharpe λ=0.50,5.0,0.18221523409731596,9.110761704865799e-05
2018-08-01,Shrunk Max Sharpe λ=0.50,10.0,0.18221523409731596,0.00018221523409731597
2018-08-01,Shrunk Max Sharpe λ=0.50,25.0,0.18221523409731596,0.00045553808524328987
2018-08-01,Shrunk Max Sharpe λ=0.75,0.0,0.019861745534323325,0.0
2018-08-01,Shrunk Max Sharpe λ=0.75,5.0,0.019861745534323325,9.930872767161662e-06
2018-08-01,Shrunk Max Sharpe λ=0.75,10.0,0.019861745534323325,1.9861745534323324e-05
2018-08-01,Shrunk Max Sharpe λ=0.75,25.0,0.019861745534323325,4.965436383580831e-05
2018-08-01,Turnover-Aware Max Sharpe γ=0.05,0.0,0.0216925504941145,0.0
2018-08-01,Turnover-Aware Max Sharpe γ=0.05,5.0,0.0216925504941145,1.084627524705725e-05
2018-08-01,Turnover-Aware Max Sharpe γ=0.05,10.0,0.0216925504941145,2.16925504941145e-05
2018-08-01,Turnover-Aware Max Sharpe γ=0.05,25.0,0.0216925504941145,5.4231376235286256e-05
2018-08-01,Turnover-Aware Max Sharpe γ=0.10,0.0,6.440499610266442e-15,0.0
2018-08-01,Turnover-Aware Max Sharpe γ=0.10,5.0,6.440499610266442e-15,3.220249805133221e-18
2018-08-01,Turnover-Aware Max Sharpe γ=0.10,10.0,6.440499610266442e-15,6.440499610266442e-18
2018-08-01,Turnover-Aware Max Sharpe γ=0.10,25.0,6.440499610266442e-15,1.6101249025666105e-17
2018-08-01,Turnover-Aware Max Sharpe γ=0.25,0.0,3.8311174728641065e-15,0.0
2018-08-01,Turnover-Aware Max Sharpe γ=0.25,5.0,3.8311174728641065e-15,1.9155587364320533e-18
2018-08-01,Turnover-Aware Max Sharpe γ=0.25,10.0,3.8311174728641065e-15,3.8311174728641065e-18
2018-08-01,Turnover-Aware Max Sharpe γ=0.25,25.0,3.8311174728641065e-15,9.577793682160267e-18
2018-10-01,Combined Robust Max Sharpe λ=0.50 γ=0.10,0.0,0.11570443234738997,0.0
2018-10-01,Combined Robust Max Sharpe λ=0.50 γ=0.10,5.0,0.11570443234738997,5.785221617369498e-05
2018-10-01,Combined Robust Max Sharpe λ=0.50 γ=0.10,10.0,0.11570443234738997,0.00011570443234738996
2018-10-01,Combined Robust Max Sharpe λ=0.50 γ=0.10,25.0,0.11570443234738997,0.0002892610808684749
2018-10-01,Equal Weight,0.0,0.0,0.0
2018-10-01,Equal Weight,5.0,0.0,0.0
2018-10-01,Equal Weight,10.0,0.0,0.0
2018-10-01,Equal Weight,25.0,0.0,0.0
2018-10-01,Maximum Sharpe,0.0,0.12074438783500732,0.0
2018-10-01,Maximum Sharpe,5.0,0.12074438783500732,6.037219391750366e-05
2018-10-01,Maximum Sharpe,10.0,0.12074438783500732,0.00012074438783500732
2018-10-01,Maximum Sharpe,25.0,0.12074438783500732,0.0003018609695875183
2018-10-01,Minimum Variance,0.0,0.05556763659789068,0.0
2018-10-01,Minimum Variance,5.0,0.05556763659789068,2.778381829894534e-05
2018-10-01,Minimum Variance,10.0,0.05556763659789068,5.556763659789068e-05
2018-10-01,Minimum Variance,25.0,0.05556763659789068,0.0001389190914947267
2018-10-01,SPY,0.0,0.0,0.0
2018-10-01,SPY,5.0,0.0,0.0
2018-10-01,SPY,10.0,0.0,0.0
2018-10-01,SPY,25.0,0.0,0.0
2018-10-01,Shrunk Max Sharpe λ=0.25,0.0,0.2176173604372027,0.0
2018-10-01,Shrunk Max Sharpe λ=0.25,5.0,0.2176173604372027,0.00010880868021860135
2018-10-01,Shrunk Max Sharpe λ=0.25,10.0,0.2176173604372027,0.0002176173604372027
2018-10-01,Shrunk Max Sharpe λ=0.25,25.0,0.2176173604372027,0.0005440434010930067
2018-10-01,Shrunk Max Sharpe λ=0.50,0.0,0.11322494919991828,0.0
2018-10-01,Shrunk Max Sharpe λ=0.50,5.0,0.11322494919991828,5.661247459995914e-05
2018-10-01,Shrunk Max Sharpe λ=0.50,10.0,0.11322494919991828,0.00011322494919991828
2018-10-01,Shrunk Max Sharpe λ=0.50,25.0,0.11322494919991828,0.0002830623729997957
2018-10-01,Shrunk Max Sharpe λ=0.75,0.0,0.044591654124965636,0.0
2018-10-01,Shrunk Max Sharpe λ=0.75,5.0,0.044591654124965636,2.2295827062482817e-05
2018-10-01,Shrunk Max Sharpe λ=0.75,10.0,0.044591654124965636,4.459165412496563e-05
2018-10-01,Shrunk Max Sharpe λ=0.75,25.0,0.044591654124965636,0.00011147913531241409
2018-10-01,Turnover-Aware Max Sharpe γ=0.05,0.0,0.10226712357487407,0.0
2018-10-01,Turnover-Aware Max Sharpe γ=0.05,5.0,0.10226712357487407,5.113356178743703e-05
2018-10-01,Turnover-Aware Max Sharpe γ=0.05,10.0,0.10226712357487407,0.00010226712357487406
2018-10-01,Turnover-Aware Max Sharpe γ=0.05,25.0,0.10226712357487407,0.00025566780893718514
2018-10-01,Turnover-Aware Max Sharpe γ=0.10,0.0,0.08637011400362614,0.0
2018-10-01,Turnover-Aware Max Sharpe γ=0.10,5.0,0.08637011400362614,4.3185057001813074e-05
2018-10-01,Turnover-Aware Max Sharpe γ=0.10,10.0,0.08637011400362614,8.637011400362615e-05
2018-10-01,Turnover-Aware Max Sharpe γ=0.10,25.0,0.08637011400362614,0.00021592528500906534
2018-10-01,Turnover-Aware Max Sharpe γ=0.25,0.0,0.021125182530792277,0.0
2018-10-01,Turnover-Aware Max Sharpe γ=0.25,5.0,0.021125182530792277,1.0562591265396139e-05
2018-10-01,Turnover-Aware Max Sharpe γ=0.25,10.0,0.021125182530792277,2.1125182530792278e-05
2018-10-01,Turnover-Aware Max Sharpe γ=0.25,25.0,0.021125182530792277,5.2812956326980695e-05
2018-11-01,Combined Robust Max Sharpe λ=0.50 γ=0.10,0.0,2.258158014434127e-14,0.0
2018-11-01,Combined Robust Max Sharpe λ=0.50 γ=0.10,5.0,2.258158014434127e-14,1.1290790072170635e-17
2018-11-01,Combined Robust Max Sharpe λ=0.50 γ=0.10,10.0,2.258158014434127e-14,2.258158014434127e-17
2018-11-01,Combined Robust Max Sharpe λ=0.50 γ=0.10,25.0,2.258158014434127e-14,5.645395036085317e-17
2018-11-01,Equal Weight,0.0,0.0,0.0
2018-11-01,Equal Weight,5.0,0.0,0.0
2018-11-01,Equal Weight,10.0,0.0,0.0
2018-11-01,Equal Weight,25.0,0.0,0.0
2018-11-01,Maximum Sharpe,0.0,0.07415948310766869,0.0
2018-11-01,Maximum Sharpe,5.0,0.07415948310766869,3.7079741553834345e-05
2018-11-01,Maximum Sharpe,10.0,0.07415948310766869,7.415948310766869e-05
2018-11-01,Maximum Sharpe,25.0,0.07415948310766869,0.00018539870776917172
2018-11-01,Minimum Variance,0.0,0.02277628545461684,0.0
2018-11-01,Minimum Variance,5.0,0.02277628545461684,1.138814272730842e-05
2018-11-01,Minimum Variance,10.0,0.02277628545461684,2.277628545461684e-05
2018-11-01,Minimum Variance,25.0,0.02277628545461684,5.6940713636542106e-05
2018-11-01,SPY,0.0,0.0,0.0
2018-11-01,SPY,5.0,0.0,0.0
2018-11-01,SPY,10.0,0.0,0.0
2018-11-01,SPY,25.0,0.0,0.0
2018-11-01,Shrunk Max Sharpe λ=0.25,0.0,0.1340147331120124,0.0
2018-11-01,Shrunk Max Sharpe λ=0.25,5.0,0.1340147331120124,6.70073665560062e-05
2018-11-01,Shrunk Max Sharpe λ=0.25,10.0,0.1340147331120124,0.0001340147331120124
2018-11-01,Shrunk Max Sharpe λ=0.25,25.0,0.1340147331120124,0.000335036832780031
2018-11-01,Shrunk Max Sharpe λ=0.50,0.0,0.03141383224689011,0.0
2018-11-01,Shrunk Max Sharpe λ=0.50,5.0,0.03141383224689011,1.570691612344505e-05
2018-11-01,Shrunk Max Sharpe λ=0.50,10.0,0.03141383224689011,3.14138322468901e-05
2018-11-01,Shrunk Max Sharpe λ=0.50,25.0,0.03141383224689011,7.853458061722527e-05
2018-11-01,Shrunk Max Sharpe λ=0.75,0.0,0.018287066083957467,0.0
2018-11-01,Shrunk Max Sharpe λ=0.75,5.0,0.018287066083957467,9.143533041978734e-06
2018-11-01,Shrunk Max Sharpe λ=0.75,10.0,0.018287066083957467,1.828706608395747e-05
2018-11-01,Shrunk Max Sharpe λ=0.75,25.0,0.018287066083957467,4.571766520989367e-05
2018-11-01,Turnover-Aware Max Sharpe γ=0.05,0.0,0.09511986324544754,0.0
2018-11-01,Turnover-Aware Max Sharpe γ=0.05,5.0,0.09511986324544754,4.7559931622723766e-05
2018-11-01,Turnover-Aware Max Sharpe γ=0.05,10.0,0.09511986324544754,9.511986324544753e-05
2018-11-01,Turnover-Aware Max Sharpe γ=0.05,25.0,0.09511986324544754,0.00023779965811361885
2018-11-01,Turnover-Aware Max Sharpe γ=0.10,0.0,0.045678792970288595,0.0
2018-11-01,Turnover-Aware Max Sharpe γ=0.10,5.0,0.045678792970288595,2.2839396485144296e-05
2018-11-01,Turnover-Aware Max Sharpe γ=0.10,10.0,0.045678792970288595,4.567879297028859e-05
2018-11-01,Turnover-Aware Max Sharpe γ=0.10,25.0,0.045678792970288595,0.00011419698242572149
2018-11-01,Turnover-Aware Max Sharpe γ=0.25,0.0,1.096345236817342e-15,0.0
2018-11-01,Turnover-Aware Max Sharpe γ=0.25,5.0,1.096345236817342e-15,5.48172618408671e-19
2018-11-01,Turnover-Aware Max Sharpe γ=0.25,10.0,1.096345236817342e-15,1.096345236817342e-18
2018-11-01,Turnover-Aware Max Sharpe γ=0.25,25.0,1.096345236817342e-15,2.7408630920433553e-18
2019-02-01,Combined Robust Max Sharpe λ=0.50 γ=0.10,0.0,0.07931771409895501,0.0
2019-02-01,Combined Robust Max Sharpe λ=0.50 γ=0.10,5.0,0.07931771409895501,3.96588570494775e-05
2019-02-01,Combined Robust Max Sharpe λ=0.50 γ=0.10,10.0,0.07931771409895501,7.9317714098955e-05
2019-02-01,Combined Robust Max Sharpe λ=0.50 γ=0.10,25.0,0.07931771409895501,0.00019829428524738751
2019-02-01,Equal Weight,0.0,0.0,0.0
2019-02-01,Equal Weight,5.0,0.0,0.0
2019-02-01,Equal Weight,10.0,0.0,0.0
2019-02-01,Equal Weight,25.0,0.0,0.0
2019-02-01,Maximum Sharpe,0.0,0.20484025470494482,0.0
2019-02-01,Maximum Sharpe,5.0,0.20484025470494482,0.00010242012735247241
2019-02-01,Maximum Sharpe,10.0,0.20484025470494482,0.00020484025470494482
2019-02-01,Maximum Sharpe,25.0,0.20484025470494482,0.0005121006367623621
2019-02-01,Minimum Variance,0.0,0.05526332284830261,0.0
2019-02-01,Minimum Variance,5.0,0.05526332284830261,2.7631661424151306e-05
2019-02-01,Minimum Variance,10.0,0.05526332284830261,5.526332284830261e-05
2019-02-01,Minimum Variance,25.0,0.05526332284830261,0.00013815830712075655
2019-02-01,SPY,0.0,0.0,0.0
2019-02-01,SPY,5.0,0.0,0.0
2019-02-01,SPY,10.0,0.0,0.0
2019-02-01,SPY,25.0,0.0,0.0
2019-02-01,Shrunk Max Sharpe λ=0.25,0.0,0.27585616029538856,0.0
2019-02-01,Shrunk Max Sharpe λ=0.25,5.0,0.27585616029538856,0.00013792808014769428
2019-02-01,Shrunk Max Sharpe λ=0.25,10.0,0.27585616029538856,0.00027585616029538856
2019-02-01,Shrunk Max Sharpe λ=0.25,25.0,0.27585616029538856,0.0006896404007384714
2019-02-01,Shrunk Max Sharpe λ=0.50,0.0,0.09196360055471706,0.0
2019-02-01,Shrunk Max Sharpe λ=0.50,5.0,0.09196360055471706,4.5981800277358534e-05
2019-02-01,Shrunk Max Sharpe λ=0.50,10.0,0.09196360055471706,9.196360055471707e-05
2019-02-01,Shrunk Max Sharpe λ=0.50,25.0,0.09196360055471706,0.00022990900138679266
2019-02-01,Shrunk Max Sharpe λ=0.75,0.0,0.07175296689678096,0.0
2019-02-01,Shrunk Max Sharpe λ=0.75,5.0,0.07175296689678096,3.587648344839048e-05
2019-02-01,Shrunk Max Sharpe λ=0.75,10.0,0.07175296689678096,7.175296689678096e-05
2019-02-01,Shrunk Max Sharpe λ=0.75,25.0,0.07175296689678096,0.0001793824172419524
2019-02-01,Turnover-Aware Max Sharpe γ=0.05,0.0,0.19205100638653458,0.0
2019-02-01,Turnover-Aware Max Sharpe γ=0.05,5.0,0.19205100638653458,9.602550319326729e-05
2019-02-01,Turnover-Aware Max Sharpe γ=0.05,10.0,0.19205100638653458,0.00019205100638653458
2019-02-01,Turnover-Aware Max Sharpe γ=0.05,25.0,0.19205100638653458,0.00048012751596633645
2019-02-01,Turnover-Aware Max Sharpe γ=0.10,0.0,0.1202751259190298,0.0
2019-02-01,Turnover-Aware Max Sharpe γ=0.10,5.0,0.1202751259190298,6.01375629595149e-05
2019-02-01,Turnover-Aware Max Sharpe γ=0.10,10.0,0.1202751259190298,0.0001202751259190298
2019-02-01,Turnover-Aware Max Sharpe γ=0.10,25.0,0.1202751259190298,0.00030068781479757447
2019-02-01,Turnover-Aware Max Sharpe γ=0.25,0.0,0.045247151023623366,0.0
2019-02-01,Turnover-Aware Max Sharpe γ=0.25,5.0,0.045247151023623366,2.2623575511811682e-05
2019-02-01,Turnover-Aware Max Sharpe γ=0.25,10.0,0.045247151023623366,4.5247151023623365e-05
2019-02-01,Turnover-Aware Max Sharpe γ=0.25,25.0,0.045247151023623366,0.00011311787755905842
2019-03-01,Combined Robust Max Sharpe λ=0.50 γ=0.10,0.0,0.018814848028970876,0.0
2019-03-01,Combined Robust Max Sharpe λ=0.50 γ=0.10,5.0,0.018814848028970876,9.407424014485439e-06
2019-03-01,Combined Robust Max Sharpe λ=0.50 γ=0.10,10.0,0.018814848028970876,1.8814848028970878e-05
2019-03-01,Combined Robust Max Sharpe λ=0.50 γ=0.10,25.0,0.018814848028970876,4.703712007242719e-05
2019-03-01,Equal Weight,0.0,0.0,0.0
2019-03-01,Equal Weight,5.0,0.0,0.0
2019-03-01,Equal Weight,10.0,0.0,0.0
2019-03-01,Equal Weight,25.0,0.0,0.0
2019-03-01,Maximum Sharpe,0.0,0.1685164072796334,0.0
2019-03-01,Maximum Sharpe,5.0,0.1685164072796334,8.425820363981671e-05
2019-03-01,Maximum Sharpe,10.0,0.1685164072796334,0.00016851640727963342
2019-03-01,Maximum Sharpe,25.0,0.1685164072796334,0.0004212910181990835
2019-03-01,Minimum Variance,0.0,0.008409245360724788,0.0
2019-03-01,Minimum Variance,5.0,0.008409245360724788,4.204622680362393e-06
2019-03-01,Minimum Variance,10.0,0.008409245360724788,8.409245360724787e-06
2019-03-01,Minimum Variance,25.0,0.008409245360724788,2.102311340181197e-05
2019-03-01,SPY,0.0,0.0,0.0
2019-03-01,SPY,5.0,0.0,0.0
2019-03-01,SPY,10.0,0.0,0.0
2019-03-01,SPY,25.0,0.0,0.0
2019-03-01,Shrunk Max Sharpe λ=0.25,0.0,0.12318040982484695,0.0
2019-03-01,Shrunk Max Sharpe λ=0.25,5.0,0.12318040982484695,6.159020491242348e-05
2019-03-01,Shrunk Max Sharpe λ=0.25,10.0,0.12318040982484695,0.00012318040982484696
2019-03-01,Shrunk Max Sharpe λ=0.25,25.0,0.12318040982484695,0.00030795102456211736
2019-03-01,Shrunk Max Sharpe λ=0.50,0.0,0.0242628886934831,0.0
2019-03-01,Shrunk Max Sharpe λ=0.50,5.0,0.0242628886934831,1.213144434674155e-05
2019-03-01,Shrunk Max Sharpe λ=0.50,10.0,0.0242628886934831,2.42628886934831e-05
2019-03-01,Shrunk Max Sharpe λ=0.50,25.0,0.0242628886934831,6.0657221733707755e-05
2019-03-01,Shrunk Max Sharpe λ=0.75,0.0,0.009811733127419557,0.0
2019-03-01,Shrunk Max Sharpe λ=0.75,5.0,0.009811733127419557,4.905866563709779e-06
2019-03-01,Shrunk Max Sharpe λ=0.75,10.0,0.009811733127419557,9.811733127419557e-06
2019-03-01,Shrunk Max Sharpe λ=0.75,25.0,0.009811733127419557,2.4529332818548893e-05
2019-03-01,Turnover-Aware Max Sharpe γ=0.05,0.0,0.11084451197778804,0.0
2019-03-01,Turnover-Aware Max Sharpe γ=0.05,5.0,0.11084451197778804,5.542225598889402e-05
2019-03-01,Turnover-Aware Max Sharpe γ=0.05,10.0,0.11084451197778804,0.00011084451197778804
2019-03-01,Turnover-Aware Max Sharpe γ=0.05,25.0,0.11084451197778804,0.00027711127994447014
2019-03-01,Turnover-Aware Max Sharpe γ=0.10,0.0,0.09209070954584511,0.0
2019-03-01,Turnover-Aware Max Sharpe γ=0.10,5.0,0.09209070954584511,4.604535477292255e-05
2019-03-01,Turnover-Aware Max Sharpe γ=0.10,10.0,0.09209070954584511,9.20907095458451e-05
2019-03-01,Turnover-Aware Max Sharpe γ=0.10,25.0,0.09209070954584511,0.00023022677386461279
2019-03-01,Turnover-Aware Max Sharpe γ=0.25,0.0,0.04520450337771439,0.0
2019-03-01,Turnover-Aware Max Sharpe γ=0.25,5.0,0.04520450337771439,2.2602251688857196e-05
2019-03-01,Turnover-Aware Max Sharpe γ=0.25,10.0,0.04520450337771439,4.520450337771439e-05
2019-03-01,Turnover-Aware Max Sharpe γ=0.25,25.0,0.04520450337771439,0.00011301125844428597
2019-04-01,Combined Robust Max Sharpe λ=0.50 γ=0.10,0.0,0.0059259986899791615,0.0
2019-04-01,Combined Robust Max Sharpe λ=0.50 γ=0.10,5.0,0.0059259986899791615,2.962999344989581e-06
2019-04-01,Combined Robust Max Sharpe λ=0.50 γ=0.10,10.0,0.0059259986899791615,5.925998689979162e-06
2019-04-01,Combined Robust Max Sharpe λ=0.50 γ=0.10,25.0,0.0059259986899791615,1.4814996724947904e-05
2019-04-01,Equal Weight,0.0,0.0,0.0
2019-04-01,Equal Weight,5.0,0.0,0.0
2019-04-01,Equal Weight,10.0,0.0,0.0
2019-04-01,Equal Weight,25.0,0.0,0.0
2019-04-01,Maximum Sharpe,0.0,0.2464850927795489,0.0
2019-04-01,Maximum Sharpe,5.0,0.2464850927795489,0.00012324254638977443
2019-04-01,Maximum Sharpe,10.0,0.2464850927795489,0.00024648509277954886
2019-04-01,Maximum Sharpe,25.0,0.2464850927795489,0.0006162127319488723
2019-04-01,Minimum Variance,0.0,0.026396897545508134,0.0
2019-04-01,Minimum Variance,5.0,0.026396897545508134,1.3198448772754069e-05
2019-04-01,Minimum Variance,10.0,0.026396897545508134,2.6396897545508137e-05
2019-04-01,Minimum Variance,25.0,0.026396897545508134,6.599224386377034e-05
2019-04-01,SPY,0.0,0.0,0.0
2019-04-01,SPY,5.0,0.0,0.0
2019-04-01,SPY,10.0,0.0,0.0
2019-04-01,SPY,25.0,0.0,0.0
2019-04-01,Shrunk Max Sharpe λ=0.25,0.0,0.14131664522393064,0.0
2019-04-01,Shrunk Max Sharpe λ=0.25,5.0,0.14131664522393064,7.065832261196531e-05
2019-04-01,Shrunk Max Sharpe λ=0.25,10.0,0.14131664522393064,0.00014131664522393063
2019-04-01,Shrunk Max Sharpe λ=0.25,25.0,0.14131664522393064,0.00035329161305982663
2019-04-01,Shrunk Max Sharpe λ=0.50,0.0,0.04463994583964321,0.0
2019-04-01,Shrunk Max Sharpe λ=0.50,5.0,0.04463994583964321,2.2319972919821605e-05
2019-04-01,Shrunk Max Sharpe λ=0.50,10.0,0.04463994583964321,4.463994583964321e-05
2019-04-01,Shrunk Max Sharpe λ=0.50,25.0,0.04463994583964321,0.00011159986459910802
2019-04-01,Shrunk Max Sharpe λ=0.75,0.0,0.008368979476212757,0.0
2019-04-01,Shrunk Max Sharpe λ=0.75,5.0,0.008368979476212757,4.184489738106378e-06
2019-04-01,Shrunk Max Sharpe λ=0.75,10.0,0.008368979476212757,8.368979476212756e-06
2019-04-01,Shrunk Max Sharpe λ=0.75,25.0,0.008368979476212757,2.0922448690531894e-05
2019-04-01,Turnover-Aware Max Sharpe γ=0.05,0.0,0.13977206920992488,0.0
2019-04-01,Turnover-Aware Max Sharpe γ=0.05,5.0,0.13977206920992488,6.988603460496244e-05
2019-04-01,Turnover-Aware Max Sharpe γ=0.05,10.0,0.13977206920992488,0.00013977206920992488
2019-04-01,Turnover-Aware Max Sharpe γ=0.05,25.0,0.13977206920992488,0.0003494301730248122
2019-04-01,Turnover-Aware Max Sharpe γ=0.10,0.0,0.13750879942945873,0.0
2019-04-01,Turnover-Aware Max Sharpe γ=0.10,5.0,0.13750879942945873,6.875439971472936e-05
2019-04-01,Turnover-Aware Max Sharpe γ=0.10,10.0,0.13750879942945873,0.00013750879942945872
2019-04-01,Turnover-Aware Max Sharpe γ=0.10,25.0,0.13750879942945873,0.0003437719985736468
2019-04-01,Turnover-Aware Max Sharpe γ=0.25,0.0,0.011424098639192075,0.0
2019-04-01,Turnover-Aware Max Sharpe γ=0.25,5.0,0.011424098639192075,5.712049319596037e-06
2019-04-01,Turnover-Aware Max Sharpe γ=0.25,10.0,0.011424098639192075,1.1424098639192074e-05
2019-04-01,Turnover-Aware Max Sharpe γ=0.25,25.0,0.011424098639192075,2.856024659798019e-05
2019-05-01,Combined Robust Max Sharpe λ=0.50 γ=0.10,0.0,0.05995581195182595,0.0
2019-05-01,Combined Robust Max Sharpe λ=0.50 γ=0.10,5.0,0.05995581195182595,2.9977905975912978e-05
2019-05-01,Combined Robust Max Sharpe λ=0.50 γ=0.10,10.0,0.05995581195182595,5.9955811951825956e-05
2019-05-01,Combined Robust Max Sharpe λ=0.50 γ=0.10,25.0,0.05995581195182595,0.00014988952987956487
2019-05-01,Equal Weight,0.0,0.0,0.0
2019-05-01,Equal Weight,5.0,0.0,0.0
2019-05-01,Equal Weight,10.0,0.0,0.0
2019-05-01,Equal Weight,25.0,0.0,0.0
2019-05-01,Maximum Sharpe,0.0,0.03516344701930395,0.0
2019-05-01,Maximum Sharpe,5.0,0.03516344701930395,1.7581723509651977e-05
2019-05-01,Maximum Sharpe,10.0,0.03516344701930395,3.5163447019303953e-05
2019-05-01,Maximum Sharpe,25.0,0.03516344701930395,8.790861754825987e-05
2019-05-01,Minimum Variance,0.0,0.004408128307074956,0.0
2019-05-01,Minimum Variance,5.0,0.004408128307074956,2.204064153537478e-06
2019-05-01,Minimum Variance,10.0,0.004408128307074956,4.408128307074956e-06
2019-05-01,Minimum Variance,25.0,0.004408128307074956,1.1020320767687388e-05
2019-05-01,SPY,0.0,0.0,0.0
2019-05-01,SPY,5.0,0.0,0.0
2019-05-01,SPY,10.0,0.0,0.0
2019-05-01,SPY,25.0,0.0,0.0
2019-05-01,Shrunk Max Sharpe λ=0.25,0.0,0.12807863034165717,0.0
2019-05-01,Shrunk Max Sharpe λ=0.25,5.0,0.12807863034165717,6.403931517082859e-05
2019-05-01,Shrunk Max Sharpe λ=0.25,10.0,0.12807863034165717,0.00012807863034165718
2019-05-01,Shrunk Max Sharpe λ=0.25,25.0,0.12807863034165717,0.00032019657585414293
2019-05-01,Shrunk Max Sharpe λ=0.50,0.0,0.0570426168576369,0.0
2019-05-01,Shrunk Max Sharpe λ=0.50,5.0,0.0570426168576369,2.8521308428818455e-05
2019-05-01,Shrunk Max Sharpe λ=0.50,10.0,0.0570426168576369,5.704261685763691e-05
2019-05-01,Shrunk Max Sharpe λ=0.50,25.0,0.0570426168576369,0.00014260654214409224
2019-05-01,Shrunk Max Sharpe λ=0.75,0.0,0.028179643292102756,0.0
2019-05-01,Shrunk Max Sharpe λ=0.75,5.0,0.028179643292102756,1.408982164605138e-05
2019-05-01,Shrunk Max Sharpe λ=0.75,10.0,0.028179643292102756,2.817964329210276e-05
2019-05-01,Shrunk Max Sharpe λ=0.75,25.0,0.028179643292102756,7.044910823025689e-05
2019-05-01,Turnover-Aware Max Sharpe γ=0.05,0.0,0.0841404988415712,0.0
2019-05-01,Turnover-Aware Max Sharpe γ=0.05,5.0,0.0841404988415712,4.20702494207856e-05
2019-05-01,Turnover-Aware Max Sharpe γ=0.05,10.0,0.0841404988415712,8.41404988415712e-05
2019-05-01,Turnover-Aware Max Sharpe γ=0.05,25.0,0.0841404988415712,0.00021035124710392798
2019-05-01,Turnover-Aware Max Sharpe γ=0.10,0.0,0.07127147659629743,0.0
2019-05-01,Turnover-Aware Max Sharpe γ=0.10,5.0,0.07127147659629743,3.563573829814871e-05
2019-05-01,Turnover-Aware Max Sharpe γ=0.10,10.0,0.07127147659629743,7.127147659629742e-05
2019-05-01,Turnover-Aware Max Sharpe γ=0.10,25.0,0.07127147659629743,0.00017817869149074357
2019-05-01,Turnover-Aware Max Sharpe γ=0.25,0.0,0.10561903917626396,0.0
2019-05-01,Turnover-Aware Max Sharpe γ=0.25,5.0,0.10561903917626396,5.280951958813198e-05
2019-05-01,Turnover-Aware Max Sharpe γ=0.25,10.0,0.10561903917626396,0.00010561903917626396
2019-05-01,Turnover-Aware Max Sharpe γ=0.25,25.0,0.10561903917626396,0.0002640475979406599
2019-07-01,Combined Robust Max Sharpe λ=0.50 γ=0.10,0.0,0.016411509620760288,0.0
2019-07-01,Combined Robust Max Sharpe λ=0.50 γ=0.10,5.0,0.016411509620760288,8.205754810380145e-06
2019-07-01,Combined Robust Max Sharpe λ=0.50 γ=0.10,10.0,0.016411509620760288,1.641150962076029e-05
2019-07-01,Combined Robust Max Sharpe λ=0.50 γ=0.10,25.0,0.016411509620760288,4.1028774051900715e-05
2019-07-01,Equal Weight,0.0,0.0,0.0
2019-07-01,Equal Weight,5.0,0.0,0.0
2019-07-01,Equal Weight,10.0,0.0,0.0
2019-07-01,Equal Weight,25.0,0.0,0.0
2019-07-01,Maximum Sharpe,0.0,0.199708758651778,0.0
2019-07-01,Maximum Sharpe,5.0,0.199708758651778,9.985437932588901e-05
2019-07-01,Maximum Sharpe,10.0,0.199708758651778,0.00019970875865177803
2019-07-01,Maximum Sharpe,25.0,0.199708758651778,0.000499271896629445
2019-07-01,Minimum Variance,0.0,0.007616592203804302,0.0
2019-07-01,Minimum Variance,5.0,0.007616592203804302,3.8082961019021504e-06
2019-07-01,Minimum Variance,10.0,0.007616592203804302,7.616592203804301e-06
2019-07-01,Minimum Variance,25.0,0.007616592203804302,1.9041480509510754e-05
2019-07-01,SPY,0.0,0.0,0.0
2019-07-01,SPY,5.0,0.0,0.0
2019-07-01,SPY,10.0,0.0,0.0
2019-07-01,SPY,25.0,0.0,0.0
2019-07-01,Shrunk Max Sharpe λ=0.25,0.0,0.0914431760955145,0.0
2019-07-01,Shrunk Max Sharpe λ=0.25,5.0,0.0914431760955145,4.572158804775725e-05
2019-07-01,Shrunk Max Sharpe λ=0.25,10.0,0.0914431760955145,9.14431760955145e-05
2019-07-01,Shrunk Max Sharpe λ=0.25,25.0,0.0914431760955145,0.00022860794023878624
2019-07-01,Shrunk Max Sharpe λ=0.50,0.0,0.05946411332246946,0.0
2019-07-01,Shrunk Max Sharpe λ=0.50,5.0,0.05946411332246946,2.9732056661234728e-05
2019-07-01,Shrunk Max Sharpe λ=0.50,10.0,0.05946411332246946,5.9464113322469456e-05
2019-07-01,Shrunk Max Sharpe λ=0.50,25.0,0.05946411332246946,0.00014866028330617364
2019-07-01,Shrunk Max Sharpe λ=0.75,0.0,0.028441884933112196,0.0
2019-07-01,Shrunk Max Sharpe λ=0.75,5.0,0.028441884933112196,1.4220942466556098e-05
2019-07-01,Shrunk Max Sharpe λ=0.75,10.0,0.028441884933112196,2.8441884933112195e-05
2019-07-01,Shrunk Max Sharpe λ=0.75,25.0,0.028441884933112196,7.110471233278048e-05
2019-07-01,Turnover-Aware Max Sharpe γ=0.05,0.0,0.01691794316248829,0.0
2019-07-01,Turnover-Aware Max Sharpe γ=0.05,5.0,0.01691794316248829,8.458971581244146e-06
2019-07-01,Turnover-Aware Max Sharpe γ=0.05,10.0,0.01691794316248829,1.6917943162488292e-05
2019-07-01,Turnover-Aware Max Sharpe γ=0.05,25.0,0.01691794316248829,4.2294857906220726e-05
2019-07-01,Turnover-Aware Max Sharpe γ=0.10,0.0,3.33447122767122e-16,0.0
2019-07-01,Turnover-Aware Max Sharpe γ=0.10,5.0,3.33447122767122e-16,1.66723561383561e-19
2019-07-01,Turnover-Aware Max Sharpe γ=0.10,10.0,3.33447122767122e-16,3.33447122767122e-19
2019-07-01,Turnover-Aware Max Sharpe γ=0.10,25.0,3.33447122767122e-16,8.33617806917805e-19
2019-07-01,Turnover-Aware Max Sharpe γ=0.25,0.0,0.059740654740435474,0.0
2019-07-01,Turnover-Aware Max Sharpe γ=0.25,5.0,0.059740654740435474,2.9870327370217737e-05
2019-07-01,Turnover-Aware Max Sharpe γ=0.25,10.0,0.059740654740435474,5.974065474043547e-05
2019-07-01,Turnover-Aware Max Sharpe γ=0.25,25.0,0.059740654740435474,0.00014935163685108867
2019-08-01,Combined Robust Max Sharpe λ=0.50 γ=0.10,0.0,0.021938406181163578,0.0
2019-08-01,Combined Robust Max Sharpe λ=0.50 γ=0.10,5.0,0.021938406181163578,1.096920309058179e-05
2019-08-01,Combined Robust Max Sharpe λ=0.50 γ=0.10,10.0,0.021938406181163578,2.193840618116358e-05
2019-08-01,Combined Robust Max Sharpe λ=0.50 γ=0.10,25.0,0.021938406181163578,5.484601545290895e-05
2019-08-01,Equal Weight,0.0,0.0,0.0
2019-08-01,Equal Weight,5.0,0.0,0.0
2019-08-01,Equal Weight,10.0,0.0,0.0
2019-08-01,Equal Weight,25.0,0.0,0.0
2019-08-01,Maximum Sharpe,0.0,0.049676308365915356,0.0
2019-08-01,Maximum Sharpe,5.0,0.049676308365915356,2.4838154182957676e-05
2019-08-01,Maximum Sharpe,10.0,0.049676308365915356,4.967630836591535e-05
2019-08-01,Maximum Sharpe,25.0,0.049676308365915356,0.00012419077091478837
2019-08-01,Minimum Variance,0.0,0.01134052578024347,0.0
2019-08-01,Minimum Variance,5.0,0.01134052578024347,5.670262890121735e-06
2019-08-01,Minimum Variance,10.0,0.01134052578024347,1.134052578024347e-05
2019-08-01,Minimum Variance,25.0,0.01134052578024347,2.8351314450608672e-05
2019-08-01,SPY,0.0,0.0,0.0
2019-08-01,SPY,5.0,0.0,0.0
2019-08-01,SPY,10.0,0.0,0.0
2019-08-01,SPY,25.0,0.0,0.0
2019-08-01,Shrunk Max Sharpe λ=0.25,0.0,0.03496548477237136,0.0
2019-08-01,Shrunk Max Sharpe λ=0.25,5.0,0.03496548477237136,1.7482742386185678e-05
2019-08-01,Shrunk Max Sharpe λ=0.25,10.0,0.03496548477237136,3.4965484772371356e-05
2019-08-01,Shrunk Max Sharpe λ=0.25,25.0,0.03496548477237136,8.741371193092839e-05
2019-08-01,Shrunk Max Sharpe λ=0.50,0.0,0.017796409956836765,0.0
2019-08-01,Shrunk Max Sharpe λ=0.50,5.0,0.017796409956836765,8.898204978418382e-06
2019-08-01,Shrunk Max Sharpe λ=0.50,10.0,0.017796409956836765,1.7796409956836765e-05
2019-08-01,Shrunk Max Sharpe λ=0.50,25.0,0.017796409956836765,4.449102489209191e-05
2019-08-01,Shrunk Max Sharpe λ=0.75,0.0,0.030425809240714228,0.0
2019-08-01,Shrunk Max Sharpe λ=0.75,5.0,0.030425809240714228,1.5212904620357116e-05
2019-08-01,Shrunk Max Sharpe λ=0.75,10.0,0.030425809240714228,3.042580924071423e-05
2019-08-01,Shrunk Max Sharpe λ=0.75,25.0,0.030425809240714228,7.606452310178557e-05
2019-08-01,Turnover-Aware Max Sharpe γ=0.05,0.0,0.09818797041294794,0.0
2019-08-01,Turnover-Aware Max Sharpe γ=0.05,5.0,0.09818797041294794,4.9093985206473964e-05
2019-08-01,Turnover-Aware Max Sharpe γ=0.05,10.0,0.09818797041294794,9.818797041294793e-05
2019-08-01,Turnover-Aware Max Sharpe γ=0.05,25.0,0.09818797041294794,0.0002454699260323698
2019-08-01,Turnover-Aware Max Sharpe γ=0.10,0.0,0.006855242789236171,0.0
2019-08-01,Turnover-Aware Max Sharpe γ=0.10,5.0,0.006855242789236171,3.4276213946180858e-06
2019-08-01,Turnover-Aware Max Sharpe γ=0.10,10.0,0.006855242789236171,6.8552427892361716e-06
2019-08-01,Turnover-Aware Max Sharpe γ=0.10,25.0,0.006855242789236171,1.7138106973090428e-05
2019-08-01,Turnover-Aware Max Sharpe γ=0.25,0.0,0.006589031168070418,0.0
2019-08-01,Turnover-Aware Max Sharpe γ=0.25,5.0,0.006589031168070418,3.2945155840352092e-06
2019-08-01,Turnover-Aware Max Sharpe γ=0.25,10.0,0.006589031168070418,6.5890311680704184e-06
2019-08-01,Turnover-Aware Max Sharpe γ=0.25,25.0,0.006589031168070418,1.6472577920176047e-05
2019-10-01,Combined Robust Max Sharpe λ=0.50 γ=0.10,0.0,0.045015885843027126,0.0
2019-10-01,Combined Robust Max Sharpe λ=0.50 γ=0.10,5.0,0.045015885843027126,2.2507942921513564e-05
2019-10-01,Combined Robust Max Sharpe λ=0.50 γ=0.10,10.0,0.045015885843027126,4.501588584302713e-05
2019-10-01,Combined Robust Max Sharpe λ=0.50 γ=0.10,25.0,0.045015885843027126,0.00011253971460756782
2019-10-01,Equal Weight,0.0,0.0,0.0
2019-10-01,Equal Weight,5.0,0.0,0.0
2019-10-01,Equal Weight,10.0,0.0,0.0
2019-10-01,Equal Weight,25.0,0.0,0.0
2019-10-01,Maximum Sharpe,0.0,0.2798334882633502,0.0
2019-10-01,Maximum Sharpe,5.0,0.2798334882633502,0.0001399167441316751
2019-10-01,Maximum Sharpe,10.0,0.2798334882633502,0.0002798334882633502
2019-10-01,Maximum Sharpe,25.0,0.2798334882633502,0.0006995837206583755
2019-10-01,Minimum Variance,0.0,0.05773578805145012,0.0
2019-10-01,Minimum Variance,5.0,0.05773578805145012,2.886789402572506e-05
2019-10-01,Minimum Variance,10.0,0.05773578805145012,5.773578805145012e-05
2019-10-01,Minimum Variance,25.0,0.05773578805145012,0.0001443394701286253
2019-10-01,SPY,0.0,0.0,0.0
2019-10-01,SPY,5.0,0.0,0.0
2019-10-01,SPY,10.0,0.0,0.0
2019-10-01,SPY,25.0,0.0,0.0
2019-10-01,Shrunk Max Sharpe λ=0.25,0.0,0.21184858207503468,0.0
2019-10-01,Shrunk Max Sharpe λ=0.25,5.0,0.21184858207503468,0.00010592429103751735
2019-10-01,Shrunk Max Sharpe λ=0.25,10.0,0.21184858207503468,0.0002118485820750347
2019-10-01,Shrunk Max Sharpe λ=0.25,25.0,0.21184858207503468,0.0005296214551875867
2019-10-01,Shrunk Max Sharpe λ=0.50,0.0,0.03773830648331792,0.0
2019-10-01,Shrunk Max Sharpe λ=0.50,5.0,0.03773830648331792,1.8869153241658958e-05
2019-10-01,Shrunk Max Sharpe λ=0.50,10.0,0.03773830648331792,3.7738306483317915e-05
2019-10-01,Shrunk Max Sharpe λ=0.50,25.0,0.03773830648331792,9.43457662082948e-05
2019-10-01,Shrunk Max Sharpe λ=0.75,0.0,0.01725917666392577,0.0
2019-10-01,Shrunk Max Sharpe λ=0.75,5.0,0.01725917666392577,8.629588331962885e-06
2019-10-01,Shrunk Max Sharpe λ=0.75,10.0,0.01725917666392577,1.725917666392577e-05
2019-10-01,Shrunk Max Sharpe λ=0.75,25.0,0.01725917666392577,4.314794165981443e-05
2019-10-01,Turnover-Aware Max Sharpe γ=0.05,0.0,0.1902305803507558,0.0
2019-10-01,Turnover-Aware Max Sharpe γ=0.05,5.0,0.1902305803507558,9.51152901753779e-05
2019-10-01,Turnover-Aware Max Sharpe γ=0.05,10.0,0.1902305803507558,0.0001902305803507558
2019-10-01,Turnover-Aware Max Sharpe γ=0.05,25.0,0.1902305803507558,0.00047557645087688944
2019-10-01,Turnover-Aware Max Sharpe γ=0.10,0.0,0.11071827272405015,0.0
2019-10-01,Turnover-Aware Max Sharpe γ=0.10,5.0,0.11071827272405015,5.5359136362025075e-05
2019-10-01,Turnover-Aware Max Sharpe γ=0.10,10.0,0.11071827272405015,0.00011071827272405015
2019-10-01,Turnover-Aware Max Sharpe γ=0.10,25.0,0.11071827272405015,0.0002767956818101254
2019-10-01,Turnover-Aware Max Sharpe γ=0.25,0.0,0.05030700865734631,0.0
2019-10-01,Turnover-Aware Max Sharpe γ=0.25,5.0,0.05030700865734631,2.5153504328673154e-05
2019-10-01,Turnover-Aware Max Sharpe γ=0.25,10.0,0.05030700865734631,5.030700865734631e-05
2019-10-01,Turnover-Aware Max Sharpe γ=0.25,25.0,0.05030700865734631,0.00012576752164336578
2019-11-01,Combined Robust Max Sharpe λ=0.50 γ=0.10,0.0,0.012895980117594666,0.0
2019-11-01,Combined Robust Max Sharpe λ=0.50 γ=0.10,5.0,0.012895980117594666,6.447990058797333e-06
2019-11-01,Combined Robust Max Sharpe λ=0.50 γ=0.10,10.0,0.012895980117594666,1.2895980117594667e-05
2019-11-01,Combined Robust Max Sharpe λ=0.50 γ=0.10,25.0,0.012895980117594666,3.2239950293986663e-05
2019-11-01,Equal Weight,0.0,0.0,0.0
2019-11-01,Equal Weight,5.0,0.0,0.0
2019-11-01,Equal Weight,10.0,0.0,0.0
2019-11-01,Equal Weight,25.0,0.0,0.0
2019-11-01,Maximum Sharpe,0.0,0.06752609440032346,0.0
2019-11-01,Maximum Sharpe,5.0,0.06752609440032346,3.3763047200161736e-05
2019-11-01,Maximum Sharpe,10.0,0.06752609440032346,6.752609440032347e-05
2019-11-01,Maximum Sharpe,25.0,0.06752609440032346,0.00016881523600080866
2019-11-01,Minimum Variance,0.0,0.01897430533617561,0.0
2019-11-01,Minimum Variance,5.0,0.01897430533617561,9.487152668087805e-06
2019-11-01,Minimum Variance,10.0,0.01897430533617561,1.897430533617561e-05
2019-11-01,Minimum Variance,25.0,0.01897430533617561,4.743576334043902e-05
2019-11-01,SPY,0.0,0.0,0.0
2019-11-01,SPY,5.0,0.0,0.0
2019-11-01,SPY,10.0,0.0,0.0
2019-11-01,SPY,25.0,0.0,0.0
2019-11-01,Shrunk Max Sharpe λ=0.25,0.0,0.03652048732303942,0.0
2019-11-01,Shrunk Max Sharpe λ=0.25,5.0,0.03652048732303942,1.826024366151971e-05
2019-11-01,Shrunk Max Sharpe λ=0.25,10.0,0.03652048732303942,3.652048732303942e-05
2019-11-01,Shrunk Max Sharpe λ=0.25,25.0,0.03652048732303942,9.130121830759855e-05
2019-11-01,Shrunk Max Sharpe λ=0.50,0.0,0.027761403014152385,0.0
2019-11-01,Shrunk Max Sharpe λ=0.50,5.0,0.027761403014152385,1.3880701507076193e-05
2019-11-01,Shrunk Max Sharpe λ=0.50,10.0,0.027761403014152385,2.7761403014152385e-05
2019-11-01,Shrunk Max Sharpe λ=0.50,25.0,0.027761403014152385,6.940350753538096e-05
2019-11-01,Shrunk Max Sharpe λ=0.75,0.0,0.0573352382423254,0.0
2019-11-01,Shrunk Max Sharpe λ=0.75,5.0,0.0573352382423254,2.86676191211627e-05
2019-11-01,Shrunk Max Sharpe λ=0.75,10.0,0.0573352382423254,5.73352382423254e-05
2019-11-01,Shrunk Max Sharpe λ=0.75,25.0,0.0573352382423254,0.0001433380956058135
2019-11-01,Turnover-Aware Max Sharpe γ=0.05,0.0,0.08022886790506695,0.0
2019-11-01,Turnover-Aware Max Sharpe γ=0.05,5.0,0.08022886790506695,4.0114433952533476e-05
2019-11-01,Turnover-Aware Max Sharpe γ=0.05,10.0,0.08022886790506695,8.022886790506695e-05
2019-11-01,Turnover-Aware Max Sharpe γ=0.05,25.0,0.08022886790506695,0.00020057216976266737
2019-11-01,Turnover-Aware Max Sharpe γ=0.10,0.0,0.06505909315606916,0.0
2019-11-01,Turnover-Aware Max Sharpe γ=0.10,5.0,0.06505909315606916,3.252954657803458e-05
2019-11-01,Turnover-Aware Max Sharpe γ=0.10,10.0,0.06505909315606916,6.505909315606916e-05
2019-11-01,Turnover-Aware Max Sharpe γ=0.10,25.0,0.06505909315606916,0.0001626477328901729
2019-11-01,Turnover-Aware Max Sharpe γ=0.25,0.0,0.07205813479261369,0.0
2019-11-01,Turnover-Aware Max Sharpe γ=0.25,5.0,0.07205813479261369,3.602906739630685e-05
2019-11-01,Turnover-Aware Max Sharpe γ=0.25,10.0,0.07205813479261369,7.20581347926137e-05
2019-11-01,Turnover-Aware Max Sharpe γ=0.25,25.0,0.07205813479261369,0.00018014533698153422
2020-04-01,Combined Robust Max Sharpe λ=0.50 γ=0.10,0.0,0.5770525783848413,0.0
2020-04-01,Combined Robust Max Sharpe λ=0.50 γ=0.10,5.0,0.5770525783848413,0.00028852628919242066
2020-04-01,Combined Robust Max Sharpe λ=0.50 γ=0.10,10.0,0.5770525783848413,0.0005770525783848413
2020-04-01,Combined Robust Max Sharpe λ=0.50 γ=0.10,25.0,0.5770525783848413,0.001442631445962103
2020-04-01,Equal Weight,0.0,0.0,0.0
2020-04-01,Equal Weight,5.0,0.0,0.0
2020-04-01,Equal Weight,10.0,0.0,0.0
2020-04-01,Equal Weight,25.0,0.0,0.0
2020-04-01,Maximum Sharpe,0.0,0.5750558753266459,0.0
2020-04-01,Maximum Sharpe,5.0,0.5750558753266459,0.00028752793766332295
2020-04-01,Maximum Sharpe,10.0,0.5750558753266459,0.0005750558753266459
2020-04-01,Maximum Sharpe,25.0,0.5750558753266459,0.0014376396883166147
2020-04-01,Minimum Variance,0.0,0.23270703497322143,0.0
2020-04-01,Minimum Variance,5.0,0.23270703497322143,0.00011635351748661071
2020-04-01,Minimum Variance,10.0,0.23270703497322143,0.00023270703497322141
2020-04-01,Minimum Variance,25.0,0.23270703497322143,0.0005817675874330536
2020-04-01,SPY,0.0,0.0,0.0
2020-04-01,SPY,5.0,0.0,0.0
2020-04-01,SPY,10.0,0.0,0.0
2020-04-01,SPY,25.0,0.0,0.0
2020-04-01,Shrunk Max Sharpe λ=0.25,0.0,0.600000000000095,0.0
2020-04-01,Shrunk Max Sharpe λ=0.25,5.0,0.600000000000095,0.0003000000000000475
2020-04-01,Shrunk Max Sharpe λ=0.25,10.0,0.600000000000095,0.000600000000000095
2020-04-01,Shrunk Max Sharpe λ=0.25,25.0,0.600000000000095,0.0015000000000002375
2020-04-01,Shrunk Max Sharpe λ=0.50,0.0,0.5725908884038551,0.0
2020-04-01,Shrunk Max Sharpe λ=0.50,5.0,0.5725908884038551,0.00028629544420192757
2020-04-01,Shrunk Max Sharpe λ=0.50,10.0,0.5725908884038551,0.0005725908884038551
2020-04-01,Shrunk Max Sharpe λ=0.50,25.0,0.5725908884038551,0.0014314772210096377
2020-04-01,Shrunk Max Sharpe λ=0.75,0.0,0.5427760360207657,0.0
2020-04-01,Shrunk Max Sharpe λ=0.75,5.0,0.5427760360207657,0.00027138801801038286
2020-04-01,Shrunk Max Sharpe λ=0.75,10.0,0.5427760360207657,0.0005427760360207657
2020-04-01,Shrunk Max Sharpe λ=0.75,25.0,0.5427760360207657,0.0013569400900519143
2020-04-01,Turnover-Aware Max Sharpe γ=0.05,0.0,0.5831507825362392,0.0
2020-04-01,Turnover-Aware Max Sharpe γ=0.05,5.0,0.5831507825362392,0.0002915753912681196
2020-04-01,Turnover-Aware Max Sharpe γ=0.05,10.0,0.5831507825362392,0.0005831507825362392
2020-04-01,Turnover-Aware Max Sharpe γ=0.05,25.0,0.5831507825362392,0.0014578769563405982
2020-04-01,Turnover-Aware Max Sharpe γ=0.10,0.0,0.5895232135471354,0.0
2020-04-01,Turnover-Aware Max Sharpe γ=0.10,5.0,0.5895232135471354,0.0002947616067735677
2020-04-01,Turnover-Aware Max Sharpe γ=0.10,10.0,0.5895232135471354,0.0005895232135471354
2020-04-01,Turnover-Aware Max Sharpe γ=0.10,25.0,0.5895232135471354,0.0014738080338678387
2020-04-01,Turnover-Aware Max Sharpe γ=0.25,0.0,0.5087658732440011,0.0
2020-04-01,Turnover-Aware Max Sharpe γ=0.25,5.0,0.5087658732440011,0.00025438293662200054
2020-04-01,Turnover-Aware Max Sharpe γ=0.25,10.0,0.5087658732440011,0.0005087658732440011
2020-04-01,Turnover-Aware Max Sharpe γ=0.25,25.0,0.5087658732440011,0.0012719146831100029
2020-05-01,Combined Robust Max Sharpe λ=0.50 γ=0.10,0.0,9.370159924307788e-16,0.0
2020-05-01,Combined Robust Max Sharpe λ=0.50 γ=0.10,5.0,9.370159924307788e-16,4.685079962153894e-19
2020-05-01,Combined Robust Max Sharpe λ=0.50 γ=0.10,10.0,9.370159924307788e-16,9.370159924307789e-19
2020-05-01,Combined Robust Max Sharpe λ=0.50 γ=0.10,25.0,9.370159924307788e-16,2.342539981076947e-18
2020-05-01,Equal Weight,0.0,0.0,0.0
2020-05-01,Equal Weight,5.0,0.0,0.0
2020-05-01,Equal Weight,10.0,0.0,0.0
2020-05-01,Equal Weight,25.0,0.0,0.0
2020-05-01,Maximum Sharpe,0.0,0.0023942509307644383,0.0
2020-05-01,Maximum Sharpe,5.0,0.0023942509307644383,1.197125465382219e-06
2020-05-01,Maximum Sharpe,10.0,0.0023942509307644383,2.394250930764438e-06
2020-05-01,Maximum Sharpe,25.0,0.0023942509307644383,5.985627326911096e-06
2020-05-01,Minimum Variance,0.0,0.029525849013922894,0.0
2020-05-01,Minimum Variance,5.0,0.029525849013922894,1.4762924506961448e-05
2020-05-01,Minimum Variance,10.0,0.029525849013922894,2.9525849013922896e-05
2020-05-01,Minimum Variance,25.0,0.029525849013922894,7.381462253480724e-05
2020-05-01,SPY,0.0,0.0,0.0
2020-05-01,SPY,5.0,0.0,0.0
2020-05-01,SPY,10.0,0.0,0.0
2020-05-01,SPY,25.0,0.0,0.0
2020-05-01,Shrunk Max Sharpe λ=0.25,0.0,0.0016366724349226474,0.0
2020-05-01,Shrunk Max Sharpe λ=0.25,5.0,0.0016366724349226474,8.183362174613236e-07
2020-05-01,Shrunk Max Sharpe λ=0.25,10.0,0.0016366724349226474,1.6366724349226473e-06
2020-05-01,Shrunk Max Sharpe λ=0.25,25.0,0.0016366724349226474,4.091681087306619e-06
2020-05-01,Shrunk Max Sharpe λ=0.50,0.0,0.005698587752983235,0.0
2020-05-01,Shrunk Max Sharpe λ=0.50,5.0,0.005698587752983235,2.8492938764916177e-06
2020-05-01,Shrunk Max Sharpe λ=0.50,10.0,0.005698587752983235,5.698587752983235e-06
2020-05-01,Shrunk Max Sharpe λ=0.50,25.0,0.005698587752983235,1.4246469382458088e-05
2020-05-01,Shrunk Max Sharpe λ=0.75,0.0,0.09189505268529137,0.0
2020-05-01,Shrunk Max Sharpe λ=0.75,5.0,0.09189505268529137,4.594752634264568e-05
2020-05-01,Shrunk Max Sharpe λ=0.75,10.0,0.09189505268529137,9.189505268529136e-05
2020-05-01,Shrunk Max Sharpe λ=0.75,25.0,0.09189505268529137,0.00022973763171322843
2020-05-01,Turnover-Aware Max Sharpe γ=0.05,0.0,1.1368954234379875e-13,0.0
2020-05-01,Turnover-Aware Max Sharpe γ=0.05,5.0,1.1368954234379875e-13,5.684477117189937e-17
2020-05-01,Turnover-Aware Max Sharpe γ=0.05,10.0,1.1368954234379875e-13,1.1368954234379875e-16
2020-05-01,Turnover-Aware Max Sharpe γ=0.05,25.0,1.1368954234379875e-13,2.8422385585949685e-16
2020-05-01,Turnover-Aware Max Sharpe γ=0.10,0.0,2.885384972143662e-13,0.0
2020-05-01,Turnover-Aware Max Sharpe γ=0.10,5.0,2.885384972143662e-13,1.4426924860718308e-16
2020-05-01,Turnover-Aware Max Sharpe γ=0.10,10.0,2.885384972143662e-13,2.8853849721436616e-16
2020-05-01,Turnover-Aware Max Sharpe γ=0.10,25.0,2.885384972143662e-13,7.213462430359155e-16
2020-05-01,Turnover-Aware Max Sharpe γ=0.25,0.0,5.629423589993756e-13,0.0
2020-05-01,Turnover-Aware Max Sharpe γ=0.25,5.0,5.629423589993756e-13,2.8147117949968775e-16
2020-05-01,Turnover-Aware Max Sharpe γ=0.25,10.0,5.629423589993756e-13,5.629423589993755e-16
2020-05-01,Turnover-Aware Max Sharpe γ=0.25,25.0,5.629423589993756e-13,1.4073558974984388e-15
2020-06-01,Combined Robust Max Sharpe λ=0.50 γ=0.10,0.0,3.575142321846845e-05,0.0
2020-06-01,Combined Robust Max Sharpe λ=0.50 γ=0.10,5.0,3.575142321846845e-05,1.7875711609234226e-08
2020-06-01,Combined Robust Max Sharpe λ=0.50 γ=0.10,10.0,3.575142321846845e-05,3.575142321846845e-08
2020-06-01,Combined Robust Max Sharpe λ=0.50 γ=0.10,25.0,3.575142321846845e-05,8.937855804617112e-08
2020-06-01,Equal Weight,0.0,0.0,0.0
2020-06-01,Equal Weight,5.0,0.0,0.0
2020-06-01,Equal Weight,10.0,0.0,0.0
2020-06-01,Equal Weight,25.0,0.0,0.0
2020-06-01,Maximum Sharpe,0.0,0.0013555827892855338,0.0
2020-06-01,Maximum Sharpe,5.0,0.0013555827892855338,6.777913946427669e-07
2020-06-01,Maximum Sharpe,10.0,0.0013555827892855338,1.3555827892855339e-06
2020-06-01,Maximum Sharpe,25.0,0.0013555827892855338,3.3889569732138345e-06
2020-06-01,Minimum Variance,0.0,0.009776225595079888,0.0
2020-06-01,Minimum Variance,5.0,0.009776225595079888,4.888112797539944e-06
2020-06-01,Minimum Variance,10.0,0.009776225595079888,9.776225595079888e-06
2020-06-01,Minimum Variance,25.0,0.009776225595079888,2.444056398769972e-05
2020-06-01,SPY,0.0,0.0,0.0
2020-06-01,SPY,5.0,0.0,0.0
2020-06-01,SPY,10.0,0.0,0.0
2020-06-01,SPY,25.0,0.0,0.0
2020-06-01,Shrunk Max Sharpe λ=0.25,0.0,0.0030793220243374095,0.0
2020-06-01,Shrunk Max Sharpe λ=0.25,5.0,0.0030793220243374095,1.5396610121687047e-06
2020-06-01,Shrunk Max Sharpe λ=0.25,10.0,0.0030793220243374095,3.0793220243374094e-06
2020-06-01,Shrunk Max Sharpe λ=0.25,25.0,0.0030793220243374095,7.698305060843524e-06
2020-06-01,Shrunk Max Sharpe λ=0.50,0.0,0.016368409301091597,0.0
2020-06-01,Shrunk Max Sharpe λ=0.50,5.0,0.016368409301091597,8.184204650545798e-06
2020-06-01,Shrunk Max Sharpe λ=0.50,10.0,0.016368409301091597,1.6368409301091595e-05
2020-06-01,Shrunk Max Sharpe λ=0.50,25.0,0.016368409301091597,4.0921023252728996e-05
2020-06-01,Shrunk Max Sharpe λ=0.75,0.0,0.05947695757603855,0.0
2020-06-01,Shrunk Max Sharpe λ=0.75,5.0,0.05947695757603855,2.9738478788019274e-05
2020-06-01,Shrunk Max Sharpe λ=0.75,10.0,0.05947695757603855,5.947695757603855e-05
2020-06-01,Shrunk Max Sharpe λ=0.75,25.0,0.05947695757603855,0.00014869239394009636
2020-06-01,Turnover-Aware Max Sharpe γ=0.05,0.0,0.0008942397908462935,0.0
2020-06-01,Turnover-Aware Max Sharpe γ=0.05,5.0,0.0008942397908462935,4.4711989542314673e-07
2020-06-01,Turnover-Aware Max Sharpe γ=0.05,10.0,0.0008942397908462935,8.942397908462935e-07
2020-06-01,Turnover-Aware Max Sharpe γ=0.05,25.0,0.0008942397908462935,2.2355994771157334e-06
2020-06-01,Turnover-Aware Max Sharpe γ=0.10,0.0,2.321397074698283e-13,0.0
2020-06-01,Turnover-Aware Max Sharpe γ=0.10,5.0,2.321397074698283e-13,1.1606985373491415e-16
2020-06-01,Turnover-Aware Max Sharpe γ=0.10,10.0,2.321397074698283e-13,2.321397074698283e-16
2020-06-01,Turnover-Aware Max Sharpe γ=0.10,25.0,2.321397074698283e-13,5.803492686745707e-16
2020-06-01,Turnover-Aware Max Sharpe γ=0.25,0.0,1.1825262991038699e-13,0.0
2020-06-01,Turnover-Aware Max Sharpe γ=0.25,5.0,1.1825262991038699e-13,5.91263149551935e-17
2020-06-01,Turnover-Aware Max Sharpe γ=0.25,10.0,1.1825262991038699e-13,1.18252629910387e-16
2020-06-01,Turnover-Aware Max Sharpe γ=0.25,25.0,1.1825262991038699e-13,2.9563157477596744e-16
2020-07-01,Combined Robust Max Sharpe λ=0.50 γ=0.10,0.0,0.01414789277442217,0.0
2020-07-01,Combined Robust Max Sharpe λ=0.50 γ=0.10,5.0,0.01414789277442217,7.073946387211085e-06
2020-07-01,Combined Robust Max Sharpe λ=0.50 γ=0.10,10.0,0.01414789277442217,1.414789277442217e-05
2020-07-01,Combined Robust Max Sharpe λ=0.50 γ=0.10,25.0,0.01414789277442217,3.536973193605542e-05
2020-07-01,Equal Weight,0.0,0.0,0.0
2020-07-01,Equal Weight,5.0,0.0,0.0
2020-07-01,Equal Weight,10.0,0.0,0.0
2020-07-01,Equal Weight,25.0,0.0,0.0
2020-07-01,Maximum Sharpe,0.0,0.025103210490399347,0.0
2020-07-01,Maximum Sharpe,5.0,0.025103210490399347,1.2551605245199674e-05
2020-07-01,Maximum Sharpe,10.0,0.025103210490399347,2.5103210490399348e-05
2020-07-01,Maximum Sharpe,25.0,0.025103210490399347,6.275802622599837e-05
2020-07-01,Minimum Variance,0.0,0.014903827893864182,0.0
2020-07-01,Minimum Variance,5.0,0.014903827893864182,7.451913946932091e-06
2020-07-01,Minimum Variance,10.0,0.014903827893864182,1.4903827893864183e-05
2020-07-01,Minimum Variance,25.0,0.014903827893864182,3.7259569734660454e-05
2020-07-01,SPY,0.0,0.0,0.0
2020-07-01,SPY,5.0,0.0,0.0
2020-07-01,SPY,10.0,0.0,0.0
2020-07-01,SPY,25.0,0.0,0.0
2020-07-01,Shrunk Max Sharpe λ=0.25,0.0,0.025280675130717557,0.0
2020-07-01,Shrunk Max Sharpe λ=0.25,5.0,0.025280675130717557,1.2640337565358777e-05
2020-07-01,Shrunk Max Sharpe λ=0.25,10.0,0.025280675130717557,2.5280675130717555e-05
2020-07-01,Shrunk Max Sharpe λ=0.25,25.0,0.025280675130717557,6.32016878267939e-05
2020-07-01,Shrunk Max Sharpe λ=0.50,0.0,0.017603802199505043,0.0
2020-07-01,Shrunk Max Sharpe λ=0.50,5.0,0.017603802199505043,8.801901099752521e-06
2020-07-01,Shrunk Max Sharpe λ=0.50,10.0,0.017603802199505043,1.7603802199505042e-05
2020-07-01,Shrunk Max Sharpe λ=0.50,25.0,0.017603802199505043,4.4009505498762605e-05
2020-07-01,Shrunk Max Sharpe λ=0.75,0.0,0.06085311117932709,0.0
2020-07-01,Shrunk Max Sharpe λ=0.75,5.0,0.06085311117932709,3.0426555589663546e-05
2020-07-01,Shrunk Max Sharpe λ=0.75,10.0,0.06085311117932709,6.085311117932709e-05
2020-07-01,Shrunk Max Sharpe λ=0.75,25.0,0.06085311117932709,0.00015213277794831772
2020-07-01,Turnover-Aware Max Sharpe γ=0.05,0.0,0.01814278080867519,0.0
2020-07-01,Turnover-Aware Max Sharpe γ=0.05,5.0,0.01814278080867519,9.071390404337595e-06
2020-07-01,Turnover-Aware Max Sharpe γ=0.05,10.0,0.01814278080867519,1.814278080867519e-05
2020-07-01,Turnover-Aware Max Sharpe γ=0.05,25.0,0.01814278080867519,4.5356952021687975e-05
2020-07-01,Turnover-Aware Max Sharpe γ=0.10,0.0,0.011142851358839525,0.0
2020-07-01,Turnover-Aware Max Sharpe γ=0.10,5.0,0.011142851358839525,5.571425679419762e-06
2020-07-01,Turnover-Aware Max Sharpe γ=0.10,10.0,0.011142851358839525,1.1142851358839524e-05
2020-07-01,Turnover-Aware Max Sharpe γ=0.10,25.0,0.011142851358839525,2.785712839709881e-05
2020-07-01,Turnover-Aware Max Sharpe γ=0.25,0.0,0.002354239495266322,0.0
2020-07-01,Turnover-Aware Max Sharpe γ=0.25,5.0,0.002354239495266322,1.177119747633161e-06
2020-07-01,Turnover-Aware Max Sharpe γ=0.25,10.0,0.002354239495266322,2.354239495266322e-06
2020-07-01,Turnover-Aware Max Sharpe γ=0.25,25.0,0.002354239495266322,5.885598738165805e-06
2020-09-01,Combined Robust Max Sharpe λ=0.50 γ=0.10,0.0,0.005715121918152666,0.0
2020-09-01,Combined Robust Max Sharpe λ=0.50 γ=0.10,5.0,0.005715121918152666,2.857560959076333e-06
2020-09-01,Combined Robust Max Sharpe λ=0.50 γ=0.10,10.0,0.005715121918152666,5.715121918152666e-06
2020-09-01,Combined Robust Max Sharpe λ=0.50 γ=0.10,25.0,0.005715121918152666,1.4287804795381664e-05
2020-09-01,Equal Weight,0.0,0.0,0.0
2020-09-01,Equal Weight,5.0,0.0,0.0
2020-09-01,Equal Weight,10.0,0.0,0.0
2020-09-01,Equal Weight,25.0,0.0,0.0
2020-09-01,Maximum Sharpe,0.0,0.020566689484275716,0.0
2020-09-01,Maximum Sharpe,5.0,0.020566689484275716,1.0283344742137858e-05
2020-09-01,Maximum Sharpe,10.0,0.020566689484275716,2.0566689484275716e-05
2020-09-01,Maximum Sharpe,25.0,0.020566689484275716,5.1416723710689294e-05
2020-09-01,Minimum Variance,0.0,0.03985272120834414,0.0
2020-09-01,Minimum Variance,5.0,0.03985272120834414,1.992636060417207e-05
2020-09-01,Minimum Variance,10.0,0.03985272120834414,3.985272120834414e-05
2020-09-01,Minimum Variance,25.0,0.03985272120834414,9.963180302086036e-05
2020-09-01,SPY,0.0,0.0,0.0
2020-09-01,SPY,5.0,0.0,0.0
2020-09-01,SPY,10.0,0.0,0.0
2020-09-01,SPY,25.0,0.0,0.0
2020-09-01,Shrunk Max Sharpe λ=0.25,0.0,0.01300251883553466,0.0
2020-09-01,Shrunk Max Sharpe λ=0.25,5.0,0.01300251883553466,6.50125941776733e-06
2020-09-01,Shrunk Max Sharpe λ=0.25,10.0,0.01300251883553466,1.300251883553466e-05
2020-09-01,Shrunk Max Sharpe λ=0.25,25.0,0.01300251883553466,3.250629708883665e-05
2020-09-01,Shrunk Max Sharpe λ=0.50,0.0,0.01190831431797596,0.0
2020-09-01,Shrunk Max Sharpe λ=0.50,5.0,0.01190831431797596,5.9541571589879796e-06
2020-09-01,Shrunk Max Sharpe λ=0.50,10.0,0.01190831431797596,1.1908314317975959e-05
2020-09-01,Shrunk Max Sharpe λ=0.50,25.0,0.01190831431797596,2.9770785794939898e-05
2020-09-01,Shrunk Max Sharpe λ=0.75,0.0,0.061992521178859485,0.0
2020-09-01,Shrunk Max Sharpe λ=0.75,5.0,0.061992521178859485,3.099626058942974e-05
2020-09-01,Shrunk Max Sharpe λ=0.75,10.0,0.061992521178859485,6.199252117885948e-05
2020-09-01,Shrunk Max Sharpe λ=0.75,25.0,0.061992521178859485,0.0001549813029471487
2020-09-01,Turnover-Aware Max Sharpe γ=0.05,0.0,0.020874465521974667,0.0
2020-09-01,Turnover-Aware Max Sharpe γ=0.05,5.0,0.020874465521974667,1.0437232760987334e-05
2020-09-01,Turnover-Aware Max Sharpe γ=0.05,10.0,0.020874465521974667,2.0874465521974668e-05
2020-09-01,Turnover-Aware Max Sharpe γ=0.05,25.0,0.020874465521974667,5.218616380493667e-05
2020-09-01,Turnover-Aware Max Sharpe γ=0.10,0.0,0.02124362787215639,0.0
2020-09-01,Turnover-Aware Max Sharpe γ=0.10,5.0,0.02124362787215639,1.0621813936078195e-05
2020-09-01,Turnover-Aware Max Sharpe γ=0.10,10.0,0.02124362787215639,2.124362787215639e-05
2020-09-01,Turnover-Aware Max Sharpe γ=0.10,25.0,0.02124362787215639,5.3109069680390976e-05
2020-09-01,Turnover-Aware Max Sharpe γ=0.25,0.0,0.01746356675534219,0.0
2020-09-01,Turnover-Aware Max Sharpe γ=0.25,5.0,0.01746356675534219,8.731783377671095e-06
2020-09-01,Turnover-Aware Max Sharpe γ=0.25,10.0,0.01746356675534219,1.746356675534219e-05
2020-09-01,Turnover-Aware Max Sharpe γ=0.25,25.0,0.01746356675534219,4.3658916888355484e-05
2020-10-01,Combined Robust Max Sharpe λ=0.50 γ=0.10,0.0,0.007944132301270087,0.0
2020-10-01,Combined Robust Max Sharpe λ=0.50 γ=0.10,5.0,0.007944132301270087,3.972066150635043e-06
2020-10-01,Combined Robust Max Sharpe λ=0.50 γ=0.10,10.0,0.007944132301270087,7.944132301270087e-06
2020-10-01,Combined Robust Max Sharpe λ=0.50 γ=0.10,25.0,0.007944132301270087,1.9860330753175218e-05
2020-10-01,Equal Weight,0.0,0.0,0.0
2020-10-01,Equal Weight,5.0,0.0,0.0
2020-10-01,Equal Weight,10.0,0.0,0.0
2020-10-01,Equal Weight,25.0,0.0,0.0
2020-10-01,Maximum Sharpe,0.0,0.022683908361512115,0.0
2020-10-01,Maximum Sharpe,5.0,0.022683908361512115,1.1341954180756057e-05
2020-10-01,Maximum Sharpe,10.0,0.022683908361512115,2.2683908361512114e-05
2020-10-01,Maximum Sharpe,25.0,0.022683908361512115,5.670977090378029e-05
2020-10-01,Minimum Variance,0.0,0.01957275880331372,0.0
2020-10-01,Minimum Variance,5.0,0.01957275880331372,9.78637940165686e-06
2020-10-01,Minimum Variance,10.0,0.01957275880331372,1.957275880331372e-05
2020-10-01,Minimum Variance,25.0,0.01957275880331372,4.8931897008284304e-05
2020-10-01,SPY,0.0,0.0,0.0
2020-10-01,SPY,5.0,0.0,0.0
2020-10-01,SPY,10.0,0.0,0.0
2020-10-01,SPY,25.0,0.0,0.0
2020-10-01,Shrunk Max Sharpe λ=0.25,0.0,0.018524610674138693,0.0
2020-10-01,Shrunk Max Sharpe λ=0.25,5.0,0.018524610674138693,9.262305337069346e-06
2020-10-01,Shrunk Max Sharpe λ=0.25,10.0,0.018524610674138693,1.8524610674138692e-05
2020-10-01,Shrunk Max Sharpe λ=0.25,25.0,0.018524610674138693,4.6311526685346734e-05
2020-10-01,Shrunk Max Sharpe λ=0.50,0.0,0.015475699603253849,0.0
2020-10-01,Shrunk Max Sharpe λ=0.50,5.0,0.015475699603253849,7.737849801626924e-06
2020-10-01,Shrunk Max Sharpe λ=0.50,10.0,0.015475699603253849,1.547569960325385e-05
2020-10-01,Shrunk Max Sharpe λ=0.50,25.0,0.015475699603253849,3.868924900813462e-05
2020-10-01,Shrunk Max Sharpe λ=0.75,0.0,0.01085203269941407,0.0
2020-10-01,Shrunk Max Sharpe λ=0.75,5.0,0.01085203269941407,5.426016349707035e-06
2020-10-01,Shrunk Max Sharpe λ=0.75,10.0,0.01085203269941407,1.085203269941407e-05
2020-10-01,Shrunk Max Sharpe λ=0.75,25.0,0.01085203269941407,2.7130081748535173e-05
2020-10-01,Turnover-Aware Max Sharpe γ=0.05,0.0,0.015913923564248367,0.0
2020-10-01,Turnover-Aware Max Sharpe γ=0.05,5.0,0.015913923564248367,7.956961782124184e-06
2020-10-01,Turnover-Aware Max Sharpe γ=0.05,10.0,0.015913923564248367,1.591392356424837e-05
2020-10-01,Turnover-Aware Max Sharpe γ=0.05,25.0,0.015913923564248367,3.978480891062092e-05
2020-10-01,Turnover-Aware Max Sharpe γ=0.10,0.0,0.013331192214324212,0.0
2020-10-01,Turnover-Aware Max Sharpe γ=0.10,5.0,0.013331192214324212,6.665596107162106e-06
2020-10-01,Turnover-Aware Max Sharpe γ=0.10,10.0,0.013331192214324212,1.3331192214324211e-05
2020-10-01,Turnover-Aware Max Sharpe γ=0.10,25.0,0.013331192214324212,3.3327980535810534e-05
2020-10-01,Turnover-Aware Max Sharpe γ=0.25,0.0,0.0027922944596195237,0.0
2020-10-01,Turnover-Aware Max Sharpe γ=0.25,5.0,0.0027922944596195237,1.3961472298097618e-06
2020-10-01,Turnover-Aware Max Sharpe γ=0.25,10.0,0.0027922944596195237,2.7922944596195236e-06
2020-10-01,Turnover-Aware Max Sharpe γ=0.25,25.0,0.0027922944596195237,6.980736149048809e-06
2020-12-01,Combined Robust Max Sharpe λ=0.50 γ=0.10,0.0,0.03057968546073705,0.0
2020-12-01,Combined Robust Max Sharpe λ=0.50 γ=0.10,5.0,0.03057968546073705,1.5289842730368523e-05
2020-12-01,Combined Robust Max Sharpe λ=0.50 γ=0.10,10.0,0.03057968546073705,3.0579685460737046e-05
2020-12-01,Combined Robust Max Sharpe λ=0.50 γ=0.10,25.0,0.03057968546073705,7.644921365184262e-05
2020-12-01,Equal Weight,0.0,0.0,0.0
2020-12-01,Equal Weight,5.0,0.0,0.0
2020-12-01,Equal Weight,10.0,0.0,0.0
2020-12-01,Equal Weight,25.0,0.0,0.0
2020-12-01,Maximum Sharpe,0.0,0.04167389631279865,0.0
2020-12-01,Maximum Sharpe,5.0,0.04167389631279865,2.0836948156399326e-05
2020-12-01,Maximum Sharpe,10.0,0.04167389631279865,4.167389631279865e-05
2020-12-01,Maximum Sharpe,25.0,0.04167389631279865,0.00010418474078199662
2020-12-01,Minimum Variance,0.0,0.030609036901952276,0.0
2020-12-01,Minimum Variance,5.0,0.030609036901952276,1.5304518450976138e-05
2020-12-01,Minimum Variance,10.0,0.030609036901952276,3.0609036901952276e-05
2020-12-01,Minimum Variance,25.0,0.030609036901952276,7.65225922548807e-05
2020-12-01,SPY,0.0,0.0,0.0
2020-12-01,SPY,5.0,0.0,0.0
2020-12-01,SPY,10.0,0.0,0.0
2020-12-01,SPY,25.0,0.0,0.0
2020-12-01,Shrunk Max Sharpe λ=0.25,0.0,0.030213810911451346,0.0
2020-12-01,Shrunk Max Sharpe λ=0.25,5.0,0.030213810911451346,1.5106905455725672e-05
2020-12-01,Shrunk Max Sharpe λ=0.25,10.0,0.030213810911451346,3.0213810911451344e-05
2020-12-01,Shrunk Max Sharpe λ=0.25,25.0,0.030213810911451346,7.553452727862836e-05
2020-12-01,Shrunk Max Sharpe λ=0.50,0.0,0.0922555396377975,0.0
2020-12-01,Shrunk Max Sharpe λ=0.50,5.0,0.0922555396377975,4.612776981889876e-05
2020-12-01,Shrunk Max Sharpe λ=0.50,10.0,0.0922555396377975,9.225553963779752e-05
2020-12-01,Shrunk Max Sharpe λ=0.50,25.0,0.0922555396377975,0.00023063884909449377
2020-12-01,Shrunk Max Sharpe λ=0.75,0.0,0.09647597713212033,0.0
2020-12-01,Shrunk Max Sharpe λ=0.75,5.0,0.09647597713212033,4.823798856606016e-05
2020-12-01,Shrunk Max Sharpe λ=0.75,10.0,0.09647597713212033,9.647597713212032e-05
2020-12-01,Shrunk Max Sharpe λ=0.75,25.0,0.09647597713212033,0.0002411899428303008
2020-12-01,Turnover-Aware Max Sharpe γ=0.05,0.0,0.027805022450509906,0.0
2020-12-01,Turnover-Aware Max Sharpe γ=0.05,5.0,0.027805022450509906,1.3902511225254954e-05
2020-12-01,Turnover-Aware Max Sharpe γ=0.05,10.0,0.027805022450509906,2.780502245050991e-05
2020-12-01,Turnover-Aware Max Sharpe γ=0.05,25.0,0.027805022450509906,6.951255612627476e-05
2020-12-01,Turnover-Aware Max Sharpe γ=0.10,0.0,0.012664754700899207,0.0
2020-12-01,Turnover-Aware Max Sharpe γ=0.10,5.0,0.012664754700899207,6.3323773504496025e-06
2020-12-01,Turnover-Aware Max Sharpe γ=0.10,10.0,0.012664754700899207,1.2664754700899205e-05
2020-12-01,Turnover-Aware Max Sharpe γ=0.10,25.0,0.012664754700899207,3.166188675224802e-05
2020-12-01,Turnover-Aware Max Sharpe γ=0.25,0.0,4.10613701718264e-13,0.0
2020-12-01,Turnover-Aware Max Sharpe γ=0.25,5.0,4.10613701718264e-13,2.0530685085913197e-16
2020-12-01,Turnover-Aware Max Sharpe γ=0.25,10.0,4.10613701718264e-13,4.1061370171826394e-16
2020-12-01,Turnover-Aware Max Sharpe γ=0.25,25.0,4.10613701718264e-13,1.02653425429566e-15
2021-02-01,Combined Robust Max Sharpe λ=0.50 γ=0.10,0.0,0.019498120891547663,0.0
2021-02-01,Combined Robust Max Sharpe λ=0.50 γ=0.10,5.0,0.019498120891547663,9.749060445773831e-06
2021-02-01,Combined Robust Max Sharpe λ=0.50 γ=0.10,10.0,0.019498120891547663,1.9498120891547663e-05
2021-02-01,Combined Robust Max Sharpe λ=0.50 γ=0.10,25.0,0.019498120891547663,4.874530222886916e-05
2021-02-01,Equal Weight,0.0,0.0,0.0
2021-02-01,Equal Weight,5.0,0.0,0.0
2021-02-01,Equal Weight,10.0,0.0,0.0
2021-02-01,Equal Weight,25.0,0.0,0.0
2021-02-01,Maximum Sharpe,0.0,0.007099457914230865,0.0
2021-02-01,Maximum Sharpe,5.0,0.007099457914230865,3.549728957115432e-06
2021-02-01,Maximum Sharpe,10.0,0.007099457914230865,7.099457914230864e-06
2021-02-01,Maximum Sharpe,25.0,0.007099457914230865,1.774864478557716e-05
2021-02-01,Minimum Variance,0.0,0.017384892896745503,0.0
2021-02-01,Minimum Variance,5.0,0.017384892896745503,8.692446448372751e-06
2021-02-01,Minimum Variance,10.0,0.017384892896745503,1.7384892896745502e-05
2021-02-01,Minimum Variance,25.0,0.017384892896745503,4.346223224186376e-05
2021-02-01,SPY,0.0,0.0,0.0
2021-02-01,SPY,5.0,0.0,0.0
2021-02-01,SPY,10.0,0.0,0.0
2021-02-01,SPY,25.0,0.0,0.0
2021-02-01,Shrunk Max Sharpe λ=0.25,0.0,0.004396190046095006,0.0
2021-02-01,Shrunk Max Sharpe λ=0.25,5.0,0.004396190046095006,2.198095023047503e-06
2021-02-01,Shrunk Max Sharpe λ=0.25,10.0,0.004396190046095006,4.396190046095006e-06
2021-02-01,Shrunk Max Sharpe λ=0.25,25.0,0.004396190046095006,1.0990475115237515e-05
2021-02-01,Shrunk Max Sharpe λ=0.50,0.0,0.02337209101126485,0.0
2021-02-01,Shrunk Max Sharpe λ=0.50,5.0,0.02337209101126485,1.1686045505632426e-05
2021-02-01,Shrunk Max Sharpe λ=0.50,10.0,0.02337209101126485,2.3372091011264852e-05
2021-02-01,Shrunk Max Sharpe λ=0.50,25.0,0.02337209101126485,5.8430227528162125e-05
2021-02-01,Shrunk Max Sharpe λ=0.75,0.0,0.02258638026410678,0.0
2021-02-01,Shrunk Max Sharpe λ=0.75,5.0,0.02258638026410678,1.129319013205339e-05
2021-02-01,Shrunk Max Sharpe λ=0.75,10.0,0.02258638026410678,2.258638026410678e-05
2021-02-01,Shrunk Max Sharpe λ=0.75,25.0,0.02258638026410678,5.646595066026695e-05
2021-02-01,Turnover-Aware Max Sharpe γ=0.05,0.0,0.0010133370553048727,0.0
2021-02-01,Turnover-Aware Max Sharpe γ=0.05,5.0,0.0010133370553048727,5.066685276524364e-07
2021-02-01,Turnover-Aware Max Sharpe γ=0.05,10.0,0.0010133370553048727,1.0133370553048727e-06
2021-02-01,Turnover-Aware Max Sharpe γ=0.05,25.0,0.0010133370553048727,2.5333426382621815e-06
2021-02-01,Turnover-Aware Max Sharpe γ=0.10,0.0,0.0008361766027139212,0.0
2021-02-01,Turnover-Aware Max Sharpe γ=0.10,5.0,0.0008361766027139212,4.1808830135696063e-07
2021-02-01,Turnover-Aware Max Sharpe γ=0.10,10.0,0.0008361766027139212,8.361766027139213e-07
2021-02-01,Turnover-Aware Max Sharpe γ=0.10,25.0,0.0008361766027139212,2.0904415067848026e-06
2021-02-01,Turnover-Aware Max Sharpe γ=0.25,0.0,7.325188023175846e-15,0.0
2021-02-01,Turnover-Aware Max Sharpe γ=0.25,5.0,7.325188023175846e-15,3.662594011587923e-18
2021-02-01,Turnover-Aware Max Sharpe γ=0.25,10.0,7.325188023175846e-15,7.325188023175846e-18
2021-02-01,Turnover-Aware Max Sharpe γ=0.25,25.0,7.325188023175846e-15,1.8312970057939615e-17
2021-03-01,Combined Robust Max Sharpe λ=0.50 γ=0.10,0.0,0.0397993422560142,0.0
2021-03-01,Combined Robust Max Sharpe λ=0.50 γ=0.10,5.0,0.0397993422560142,1.9899671128007098e-05
2021-03-01,Combined Robust Max Sharpe λ=0.50 γ=0.10,10.0,0.0397993422560142,3.9799342256014196e-05
2021-03-01,Combined Robust Max Sharpe λ=0.50 γ=0.10,25.0,0.0397993422560142,9.94983556400355e-05
2021-03-01,Equal Weight,0.0,0.0,0.0
2021-03-01,Equal Weight,5.0,0.0,0.0
2021-03-01,Equal Weight,10.0,0.0,0.0
2021-03-01,Equal Weight,25.0,0.0,0.0
2021-03-01,Maximum Sharpe,0.0,0.023614585377739715,0.0
2021-03-01,Maximum Sharpe,5.0,0.023614585377739715,1.1807292688869859e-05
2021-03-01,Maximum Sharpe,10.0,0.023614585377739715,2.3614585377739718e-05
2021-03-01,Maximum Sharpe,25.0,0.023614585377739715,5.9036463444349285e-05
2021-03-01,Minimum Variance,0.0,0.017777265218387957,0.0
2021-03-01,Minimum Variance,5.0,0.017777265218387957,8.888632609193979e-06
2021-03-01,Minimum Variance,10.0,0.017777265218387957,1.7777265218387958e-05
2021-03-01,Minimum Variance,25.0,0.017777265218387957,4.444316304596989e-05
2021-03-01,SPY,0.0,0.0,0.0
2021-03-01,SPY,5.0,0.0,0.0
2021-03-01,SPY,10.0,0.0,0.0
2021-03-01,SPY,25.0,0.0,0.0
2021-03-01,Shrunk Max Sharpe λ=0.25,0.0,0.033782468161129973,0.0
2021-03-01,Shrunk Max Sharpe λ=0.25,5.0,0.033782468161129973,1.6891234080564988e-05
2021-03-01,Shrunk Max Sharpe λ=0.25,10.0,0.033782468161129973,3.3782468161129976e-05
2021-03-01,Shrunk Max Sharpe λ=0.25,25.0,0.033782468161129973,8.445617040282494e-05
2021-03-01,Shrunk Max Sharpe λ=0.50,0.0,0.0356545304896531,0.0
2021-03-01,Shrunk Max Sharpe λ=0.50,5.0,0.0356545304896531,1.782726524482655e-05
2021-03-01,Shrunk Max Sharpe λ=0.50,10.0,0.0356545304896531,3.56545304896531e-05
2021-03-01,Shrunk Max Sharpe λ=0.50,25.0,0.0356545304896531,8.913632622413274e-05
2021-03-01,Shrunk Max Sharpe λ=0.75,0.0,0.09382051874458842,0.0
2021-03-01,Shrunk Max Sharpe λ=0.75,5.0,0.09382051874458842,4.691025937229421e-05
2021-03-01,Shrunk Max Sharpe λ=0.75,10.0,0.09382051874458842,9.382051874458842e-05
2021-03-01,Shrunk Max Sharpe λ=0.75,25.0,0.09382051874458842,0.00023455129686147106
2021-03-01,Turnover-Aware Max Sharpe γ=0.05,0.0,0.020123603797303116,0.0
2021-03-01,Turnover-Aware Max Sharpe γ=0.05,5.0,0.020123603797303116,1.0061801898651559e-05
2021-03-01,Turnover-Aware Max Sharpe γ=0.05,10.0,0.020123603797303116,2.0123603797303118e-05
2021-03-01,Turnover-Aware Max Sharpe γ=0.05,25.0,0.020123603797303116,5.030900949325779e-05
2021-03-01,Turnover-Aware Max Sharpe γ=0.10,0.0,0.020453126604020957,0.0
2021-03-01,Turnover-Aware Max Sharpe γ=0.10,5.0,0.020453126604020957,1.0226563302010478e-05
2021-03-01,Turnover-Aware Max Sharpe γ=0.10,10.0,0.020453126604020957,2.0453126604020957e-05
2021-03-01,Turnover-Aware Max Sharpe γ=0.10,25.0,0.020453126604020957,5.113281651005239e-05
2021-03-01,Turnover-Aware Max Sharpe γ=0.25,0.0,0.01107614438273618,0.0
2021-03-01,Turnover-Aware Max Sharpe γ=0.25,5.0,0.01107614438273618,5.53807219136809e-06
2021-03-01,Turnover-Aware Max Sharpe γ=0.25,10.0,0.01107614438273618,1.107614438273618e-05
2021-03-01,Turnover-Aware Max Sharpe γ=0.25,25.0,0.01107614438273618,2.7690360956840454e-05
2021-04-01,Combined Robust Max Sharpe λ=0.50 γ=0.10,0.0,0.033051968597361016,0.0
2021-04-01,Combined Robust Max Sharpe λ=0.50 γ=0.10,5.0,0.033051968597361016,1.6525984298680507e-05
2021-04-01,Combined Robust Max Sharpe λ=0.50 γ=0.10,10.0,0.033051968597361016,3.3051968597361015e-05
2021-04-01,Combined Robust Max Sharpe λ=0.50 γ=0.10,25.0,0.033051968597361016,8.262992149340254e-05
2021-04-01,Equal Weight,0.0,0.0,0.0
2021-04-01,Equal Weight,5.0,0.0,0.0
2021-04-01,Equal Weight,10.0,0.0,0.0
2021-04-01,Equal Weight,25.0,0.0,0.0
2021-04-01,Maximum Sharpe,0.0,0.05947206268029474,0.0
2021-04-01,Maximum Sharpe,5.0,0.05947206268029474,2.9736031340147374e-05
2021-04-01,Maximum Sharpe,10.0,0.05947206268029474,5.947206268029475e-05
2021-04-01,Maximum Sharpe,25.0,0.05947206268029474,0.00014868015670073685
2021-04-01,Minimum Variance,0.0,0.013584911652274167,0.0
2021-04-01,Minimum Variance,5.0,0.013584911652274167,6.792455826137084e-06
2021-04-01,Minimum Variance,10.0,0.013584911652274167,1.3584911652274168e-05
2021-04-01,Minimum Variance,25.0,0.013584911652274167,3.396227913068542e-05
2021-04-01,SPY,0.0,0.0,0.0
2021-04-01,SPY,5.0,0.0,0.0
2021-04-01,SPY,10.0,0.0,0.0
2021-04-01,SPY,25.0,0.0,0.0
2021-04-01,Shrunk Max Sharpe λ=0.25,0.0,0.07977553986907965,0.0
2021-04-01,Shrunk Max Sharpe λ=0.25,5.0,0.07977553986907965,3.988776993453982e-05
2021-04-01,Shrunk Max Sharpe λ=0.25,10.0,0.07977553986907965,7.977553986907964e-05
2021-04-01,Shrunk Max Sharpe λ=0.25,25.0,0.07977553986907965,0.0001994388496726991
2021-04-01,Shrunk Max Sharpe λ=0.50,0.0,0.11062541180059822,0.0
2021-04-01,Shrunk Max Sharpe λ=0.50,5.0,0.11062541180059822,5.5312705900299106e-05
2021-04-01,Shrunk Max Sharpe λ=0.50,10.0,0.11062541180059822,0.00011062541180059821
2021-04-01,Shrunk Max Sharpe λ=0.50,25.0,0.11062541180059822,0.00027656352950149556
2021-04-01,Shrunk Max Sharpe λ=0.75,0.0,0.03422991668928284,0.0
2021-04-01,Shrunk Max Sharpe λ=0.75,5.0,0.03422991668928284,1.711495834464142e-05
2021-04-01,Shrunk Max Sharpe λ=0.75,10.0,0.03422991668928284,3.422991668928284e-05
2021-04-01,Shrunk Max Sharpe λ=0.75,25.0,0.03422991668928284,8.55747917232071e-05
2021-04-01,Turnover-Aware Max Sharpe γ=0.05,0.0,0.03424152873954127,0.0
2021-04-01,Turnover-Aware Max Sharpe γ=0.05,5.0,0.03424152873954127,1.7120764369770636e-05
2021-04-01,Turnover-Aware Max Sharpe γ=0.05,10.0,0.03424152873954127,3.424152873954127e-05
2021-04-01,Turnover-Aware Max Sharpe γ=0.05,25.0,0.03424152873954127,8.560382184885317e-05
2021-04-01,Turnover-Aware Max Sharpe γ=0.10,0.0,0.02245451011458853,0.0
2021-04-01,Turnover-Aware Max Sharpe γ=0.10,5.0,0.02245451011458853,1.1227255057294264e-05
2021-04-01,Turnover-Aware Max Sharpe γ=0.10,10.0,0.02245451011458853,2.245451011458853e-05
2021-04-01,Turnover-Aware Max Sharpe γ=0.10,25.0,0.02245451011458853,5.6136275286471325e-05
2021-04-01,Turnover-Aware Max Sharpe γ=0.25,0.0,0.017252571727778408,0.0
2021-04-01,Turnover-Aware Max Sharpe γ=0.25,5.0,0.017252571727778408,8.626285863889204e-06
2021-04-01,Turnover-Aware Max Sharpe γ=0.25,10.0,0.017252571727778408,1.7252571727778408e-05
2021-04-01,Turnover-Aware Max Sharpe γ=0.25,25.0,0.017252571727778408,4.313142931944602e-05
2021-06-01,Combined Robust Max Sharpe λ=0.50 γ=0.10,0.0,0.15501884498723903,0.0
2021-06-01,Combined Robust Max Sharpe λ=0.50 γ=0.10,5.0,0.15501884498723903,7.750942249361952e-05
2021-06-01,Combined Robust Max Sharpe λ=0.50 γ=0.10,10.0,0.15501884498723903,0.00015501884498723905
2021-06-01,Combined Robust Max Sharpe λ=0.50 γ=0.10,25.0,0.15501884498723903,0.0003875471124680976
2021-06-01,Equal Weight,0.0,0.0,0.0
2021-06-01,Equal Weight,5.0,0.0,0.0
2021-06-01,Equal Weight,10.0,0.0,0.0
2021-06-01,Equal Weight,25.0,0.0,0.0
2021-06-01,Maximum Sharpe,0.0,0.10078386593415387,0.0
2021-06-01,Maximum Sharpe,5.0,0.10078386593415387,5.039193296707694e-05
2021-06-01,Maximum Sharpe,10.0,0.10078386593415387,0.00010078386593415388
2021-06-01,Maximum Sharpe,25.0,0.10078386593415387,0.00025195966483538467
2021-06-01,Minimum Variance,0.0,0.01821563036983701,0.0
2021-06-01,Minimum Variance,5.0,0.01821563036983701,9.107815184918506e-06
2021-06-01,Minimum Variance,10.0,0.01821563036983701,1.8215630369837012e-05
2021-06-01,Minimum Variance,25.0,0.01821563036983701,4.553907592459253e-05
2021-06-01,SPY,0.0,0.0,0.0
2021-06-01,SPY,5.0,0.0,0.0
2021-06-01,SPY,10.0,0.0,0.0
2021-06-01,SPY,25.0,0.0,0.0
2021-06-01,Shrunk Max Sharpe λ=0.25,0.0,0.16662583056721875,0.0
2021-06-01,Shrunk Max Sharpe λ=0.25,5.0,0.16662583056721875,8.331291528360938e-05
2021-06-01,Shrunk Max Sharpe λ=0.25,10.0,0.16662583056721875,0.00016662583056721876
2021-06-01,Shrunk Max Sharpe λ=0.25,25.0,0.16662583056721875,0.0004165645764180469
2021-06-01,Shrunk Max Sharpe λ=0.50,0.0,0.11422139765645652,0.0
2021-06-01,Shrunk Max Sharpe λ=0.50,5.0,0.11422139765645652,5.7110698828228257e-05
2021-06-01,Shrunk Max Sharpe λ=0.50,10.0,0.11422139765645652,0.00011422139765645651
2021-06-01,Shrunk Max Sharpe λ=0.50,25.0,0.11422139765645652,0.0002855534941411413
2021-06-01,Shrunk Max Sharpe λ=0.75,0.0,0.025281071664941552,0.0
2021-06-01,Shrunk Max Sharpe λ=0.75,5.0,0.025281071664941552,1.2640535832470775e-05
2021-06-01,Shrunk Max Sharpe λ=0.75,10.0,0.025281071664941552,2.528107166494155e-05
2021-06-01,Shrunk Max Sharpe λ=0.75,25.0,0.025281071664941552,6.320267916235387e-05
2021-06-01,Turnover-Aware Max Sharpe γ=0.05,0.0,0.09709004725552228,0.0
2021-06-01,Turnover-Aware Max Sharpe γ=0.05,5.0,0.09709004725552228,4.854502362776114e-05
2021-06-01,Turnover-Aware Max Sharpe γ=0.05,10.0,0.09709004725552228,9.709004725552228e-05
2021-06-01,Turnover-Aware Max Sharpe γ=0.05,25.0,0.09709004725552228,0.0002427251181388057
2021-06-01,Turnover-Aware Max Sharpe γ=0.10,0.0,0.08767226065656955,0.0
2021-06-01,Turnover-Aware Max Sharpe γ=0.10,5.0,0.08767226065656955,4.383613032828477e-05
2021-06-01,Turnover-Aware Max Sharpe γ=0.10,10.0,0.08767226065656955,8.767226065656954e-05
2021-06-01,Turnover-Aware Max Sharpe γ=0.10,25.0,0.08767226065656955,0.00021918065164142387
2021-06-01,Turnover-Aware Max Sharpe γ=0.25,0.0,0.036245945891618066,0.0
2021-06-01,Turnover-Aware Max Sharpe γ=0.25,5.0,0.036245945891618066,1.8122972945809033e-05
2021-06-01,Turnover-Aware Max Sharpe γ=0.25,10.0,0.036245945891618066,3.6245945891618066e-05
2021-06-01,Turnover-Aware Max Sharpe γ=0.25,25.0,0.036245945891618066,9.061486472904516e-05
2021-07-01,Combined Robust Max Sharpe λ=0.50 γ=0.10,0.0,0.011070437166495002,0.0
2021-07-01,Combined Robust Max Sharpe λ=0.50 γ=0.10,5.0,0.011070437166495002,5.5352185832475015e-06
2021-07-01,Combined Robust Max Sharpe λ=0.50 γ=0.10,10.0,0.011070437166495002,1.1070437166495003e-05
2021-07-01,Combined Robust Max Sharpe λ=0.50 γ=0.10,25.0,0.011070437166495002,2.7676092916237503e-05
2021-07-01,Equal Weight,0.0,0.0,0.0
2021-07-01,Equal Weight,5.0,0.0,0.0
2021-07-01,Equal Weight,10.0,0.0,0.0
2021-07-01,Equal Weight,25.0,0.0,0.0
2021-07-01,Maximum Sharpe,0.0,0.06148873483207969,0.0
2021-07-01,Maximum Sharpe,5.0,0.06148873483207969,3.074436741603985e-05
2021-07-01,Maximum Sharpe,10.0,0.06148873483207969,6.14887348320797e-05
2021-07-01,Maximum Sharpe,25.0,0.06148873483207969,0.00015372183708019924
2021-07-01,Minimum Variance,0.0,0.0057720985522159,0.0
2021-07-01,Minimum Variance,5.0,0.0057720985522159,2.88604927610795e-06
2021-07-01,Minimum Variance,10.0,0.0057720985522159,5.7720985522159e-06
2021-07-01,Minimum Variance,25.0,0.0057720985522159,1.4430246380539752e-05
2021-07-01,SPY,0.0,0.0,0.0
2021-07-01,SPY,5.0,0.0,0.0
2021-07-01,SPY,10.0,0.0,0.0
2021-07-01,SPY,25.0,0.0,0.0
2021-07-01,Shrunk Max Sharpe λ=0.25,0.0,0.09431876812069373,0.0
2021-07-01,Shrunk Max Sharpe λ=0.25,5.0,0.09431876812069373,4.7159384060346866e-05
2021-07-01,Shrunk Max Sharpe λ=0.25,10.0,0.09431876812069373,9.431876812069373e-05
2021-07-01,Shrunk Max Sharpe λ=0.25,25.0,0.09431876812069373,0.00023579692030173432
2021-07-01,Shrunk Max Sharpe λ=0.50,0.0,0.054611288905325975,0.0
2021-07-01,Shrunk Max Sharpe λ=0.50,5.0,0.054611288905325975,2.7305644452662984e-05
2021-07-01,Shrunk Max Sharpe λ=0.50,10.0,0.054611288905325975,5.461128890532597e-05
2021-07-01,Shrunk Max Sharpe λ=0.50,25.0,0.054611288905325975,0.00013652822226331495
2021-07-01,Shrunk Max Sharpe λ=0.75,0.0,0.015388986374928219,0.0
2021-07-01,Shrunk Max Sharpe λ=0.75,5.0,0.015388986374928219,7.694493187464109e-06
2021-07-01,Shrunk Max Sharpe λ=0.75,10.0,0.015388986374928219,1.5388986374928217e-05
2021-07-01,Shrunk Max Sharpe λ=0.75,25.0,0.015388986374928219,3.8472465937320546e-05
2021-07-01,Turnover-Aware Max Sharpe γ=0.05,0.0,0.035239290456503716,0.0
2021-07-01,Turnover-Aware Max Sharpe γ=0.05,5.0,0.035239290456503716,1.7619645228251855e-05
2021-07-01,Turnover-Aware Max Sharpe γ=0.05,10.0,0.035239290456503716,3.523929045650371e-05
2021-07-01,Turnover-Aware Max Sharpe γ=0.05,25.0,0.035239290456503716,8.809822614125929e-05
2021-07-01,Turnover-Aware Max Sharpe γ=0.10,0.0,0.015474400749628544,0.0
2021-07-01,Turnover-Aware Max Sharpe γ=0.10,5.0,0.015474400749628544,7.737200374814272e-06
2021-07-01,Turnover-Aware Max Sharpe γ=0.10,10.0,0.015474400749628544,1.5474400749628545e-05
2021-07-01,Turnover-Aware Max Sharpe γ=0.10,25.0,0.015474400749628544,3.868600187407136e-05
2021-07-01,Turnover-Aware Max Sharpe γ=0.25,0.0,5.100536299599752e-15,0.0
2021-07-01,Turnover-Aware Max Sharpe γ=0.25,5.0,5.100536299599752e-15,2.550268149799876e-18
2021-07-01,Turnover-Aware Max Sharpe γ=0.25,10.0,5.100536299599752e-15,5.100536299599752e-18
2021-07-01,Turnover-Aware Max Sharpe γ=0.25,25.0,5.100536299599752e-15,1.275134074899938e-17
2021-09-01,Combined Robust Max Sharpe λ=0.50 γ=0.10,0.0,0.002668880673288687,0.0
2021-09-01,Combined Robust Max Sharpe λ=0.50 γ=0.10,5.0,0.002668880673288687,1.3344403366443436e-06
2021-09-01,Combined Robust Max Sharpe λ=0.50 γ=0.10,10.0,0.002668880673288687,2.668880673288687e-06
2021-09-01,Combined Robust Max Sharpe λ=0.50 γ=0.10,25.0,0.002668880673288687,6.672201683221718e-06
2021-09-01,Equal Weight,0.0,0.0,0.0
2021-09-01,Equal Weight,5.0,0.0,0.0
2021-09-01,Equal Weight,10.0,0.0,0.0
2021-09-01,Equal Weight,25.0,0.0,0.0
2021-09-01,Maximum Sharpe,0.0,0.0362210907450192,0.0
2021-09-01,Maximum Sharpe,5.0,0.0362210907450192,1.8110545372509598e-05
2021-09-01,Maximum Sharpe,10.0,0.0362210907450192,3.6221090745019196e-05
2021-09-01,Maximum Sharpe,25.0,0.0362210907450192,9.0552726862548e-05
2021-09-01,Minimum Variance,0.0,0.00888274260248011,0.0
2021-09-01,Minimum Variance,5.0,0.00888274260248011,4.4413713012400546e-06
2021-09-01,Minimum Variance,10.0,0.00888274260248011,8.882742602480109e-06
2021-09-01,Minimum Variance,25.0,0.00888274260248011,2.2206856506200275e-05
2021-09-01,SPY,0.0,0.0,0.0
2021-09-01,SPY,5.0,0.0,0.0
2021-09-01,SPY,10.0,0.0,0.0
2021-09-01,SPY,25.0,0.0,0.0
2021-09-01,Shrunk Max Sharpe λ=0.25,0.0,0.07195872275262644,0.0
2021-09-01,Shrunk Max Sharpe λ=0.25,5.0,0.07195872275262644,3.597936137631322e-05
2021-09-01,Shrunk Max Sharpe λ=0.25,10.0,0.07195872275262644,7.195872275262644e-05
2021-09-01,Shrunk Max Sharpe λ=0.25,25.0,0.07195872275262644,0.0001798968068815661
2021-09-01,Shrunk Max Sharpe λ=0.50,0.0,0.04169426198920463,0.0
2021-09-01,Shrunk Max Sharpe λ=0.50,5.0,0.04169426198920463,2.0847130994602314e-05
2021-09-01,Shrunk Max Sharpe λ=0.50,10.0,0.04169426198920463,4.169426198920463e-05
2021-09-01,Shrunk Max Sharpe λ=0.50,25.0,0.04169426198920463,0.00010423565497301157
2021-09-01,Shrunk Max Sharpe λ=0.75,0.0,0.012182789313117883,0.0
2021-09-01,Shrunk Max Sharpe λ=0.75,5.0,0.012182789313117883,6.091394656558942e-06
2021-09-01,Shrunk Max Sharpe λ=0.75,10.0,0.012182789313117883,1.2182789313117883e-05
2021-09-01,Shrunk Max Sharpe λ=0.75,25.0,0.012182789313117883,3.045697328279471e-05
2021-09-01,Turnover-Aware Max Sharpe γ=0.05,0.0,0.011797748191304781,0.0
2021-09-01,Turnover-Aware Max Sharpe γ=0.05,5.0,0.011797748191304781,5.898874095652391e-06
2021-09-01,Turnover-Aware Max Sharpe γ=0.05,10.0,0.011797748191304781,1.1797748191304782e-05
2021-09-01,Turnover-Aware Max Sharpe γ=0.05,25.0,0.011797748191304781,2.9494370478261956e-05
2021-09-01,Turnover-Aware Max Sharpe γ=0.10,0.0,0.0036290810663797152,0.0
2021-09-01,Turnover-Aware Max Sharpe γ=0.10,5.0,0.0036290810663797152,1.8145405331898575e-06
2021-09-01,Turnover-Aware Max Sharpe γ=0.10,10.0,0.0036290810663797152,3.629081066379715e-06
2021-09-01,Turnover-Aware Max Sharpe γ=0.10,25.0,0.0036290810663797152,9.072702665949288e-06
2021-09-01,Turnover-Aware Max Sharpe γ=0.25,0.0,0.011913656337207961,0.0
2021-09-01,Turnover-Aware Max Sharpe γ=0.25,5.0,0.011913656337207961,5.956828168603981e-06
2021-09-01,Turnover-Aware Max Sharpe γ=0.25,10.0,0.011913656337207961,1.1913656337207962e-05
2021-09-01,Turnover-Aware Max Sharpe γ=0.25,25.0,0.011913656337207961,2.9784140843019903e-05
2021-10-01,Combined Robust Max Sharpe λ=0.50 γ=0.10,0.0,4.0918004056280716e-16,0.0
2021-10-01,Combined Robust Max Sharpe λ=0.50 γ=0.10,5.0,4.0918004056280716e-16,2.045900202814036e-19
2021-10-01,Combined Robust Max Sharpe λ=0.50 γ=0.10,10.0,4.0918004056280716e-16,4.091800405628072e-19
2021-10-01,Combined Robust Max Sharpe λ=0.50 γ=0.10,25.0,4.0918004056280716e-16,1.022950101407018e-18
2021-10-01,Equal Weight,0.0,0.0,0.0
2021-10-01,Equal Weight,5.0,0.0,0.0
2021-10-01,Equal Weight,10.0,0.0,0.0
2021-10-01,Equal Weight,25.0,0.0,0.0
2021-10-01,Maximum Sharpe,0.0,0.01141299081815401,0.0
2021-10-01,Maximum Sharpe,5.0,0.01141299081815401,5.706495409077005e-06
2021-10-01,Maximum Sharpe,10.0,0.01141299081815401,1.141299081815401e-05
2021-10-01,Maximum Sharpe,25.0,0.01141299081815401,2.8532477045385024e-05
2021-10-01,Minimum Variance,0.0,0.010270888562017633,0.0
2021-10-01,Minimum Variance,5.0,0.010270888562017633,5.135444281008816e-06
2021-10-01,Minimum Variance,10.0,0.010270888562017633,1.0270888562017632e-05
2021-10-01,Minimum Variance,25.0,0.010270888562017633,2.567722140504408e-05
2021-10-01,SPY,0.0,0.0,0.0
2021-10-01,SPY,5.0,0.0,0.0
2021-10-01,SPY,10.0,0.0,0.0
2021-10-01,SPY,25.0,0.0,0.0
2021-10-01,Shrunk Max Sharpe λ=0.25,0.0,0.04523834269708503,0.0
2021-10-01,Shrunk Max Sharpe λ=0.25,5.0,0.04523834269708503,2.2619171348542517e-05
2021-10-01,Shrunk Max Sharpe λ=0.25,10.0,0.04523834269708503,4.5238342697085034e-05
2021-10-01,Shrunk Max Sharpe λ=0.25,25.0,0.04523834269708503,0.00011309585674271257
2021-10-01,Shrunk Max Sharpe λ=0.50,0.0,0.027474212374237098,0.0
2021-10-01,Shrunk Max Sharpe λ=0.50,5.0,0.027474212374237098,1.3737106187118547e-05
2021-10-01,Shrunk Max Sharpe λ=0.50,10.0,0.027474212374237098,2.7474212374237094e-05
2021-10-01,Shrunk Max Sharpe λ=0.50,25.0,0.027474212374237098,6.868553093559274e-05
2021-10-01,Shrunk Max Sharpe λ=0.75,0.0,0.005435860023476413,0.0
2021-10-01,Shrunk Max Sharpe λ=0.75,5.0,0.005435860023476413,2.7179300117382066e-06
2021-10-01,Shrunk Max Sharpe λ=0.75,10.0,0.005435860023476413,5.435860023476413e-06
2021-10-01,Shrunk Max Sharpe λ=0.75,25.0,0.005435860023476413,1.3589650058691033e-05
2021-10-01,Turnover-Aware Max Sharpe γ=0.05,0.0,9.57866933292231e-16,0.0
2021-10-01,Turnover-Aware Max Sharpe γ=0.05,5.0,9.57866933292231e-16,4.789334666461155e-19
2021-10-01,Turnover-Aware Max Sharpe γ=0.05,10.0,9.57866933292231e-16,9.57866933292231e-19
2021-10-01,Turnover-Aware Max Sharpe γ=0.05,25.0,9.57866933292231e-16,2.3946673332305777e-18
2021-10-01,Turnover-Aware Max Sharpe γ=0.10,0.0,0.0012533982551196617,0.0
2021-10-01,Turnover-Aware Max Sharpe γ=0.10,5.0,0.0012533982551196617,6.266991275598308e-07
2021-10-01,Turnover-Aware Max Sharpe γ=0.10,10.0,0.0012533982551196617,1.2533982551196617e-06
2021-10-01,Turnover-Aware Max Sharpe γ=0.10,25.0,0.0012533982551196617,3.1334956377991543e-06
2021-10-01,Turnover-Aware Max Sharpe γ=0.25,0.0,0.00027534782579891867,0.0
2021-10-01,Turnover-Aware Max Sharpe γ=0.25,5.0,0.00027534782579891867,1.3767391289945933e-07
2021-10-01,Turnover-Aware Max Sharpe γ=0.25,10.0,0.00027534782579891867,2.7534782579891866e-07
2021-10-01,Turnover-Aware Max Sharpe γ=0.25,25.0,0.00027534782579891867,6.883695644972967e-07
2021-11-01,Combined Robust Max Sharpe λ=0.50 γ=0.10,0.0,0.013224237531728203,0.0
2021-11-01,Combined Robust Max Sharpe λ=0.50 γ=0.10,5.0,0.013224237531728203,6.6121187658641015e-06
2021-11-01,Combined Robust Max Sharpe λ=0.50 γ=0.10,10.0,0.013224237531728203,1.3224237531728203e-05
2021-11-01,Combined Robust Max Sharpe λ=0.50 γ=0.10,25.0,0.013224237531728203,3.3060593829320507e-05
2021-11-01,Equal Weight,0.0,0.0,0.0
2021-11-01,Equal Weight,5.0,0.0,0.0
2021-11-01,Equal Weight,10.0,0.0,0.0
2021-11-01,Equal Weight,25.0,0.0,0.0
2021-11-01,Maximum Sharpe,0.0,0.06990358820538278,0.0
2021-11-01,Maximum Sharpe,5.0,0.06990358820538278,3.495179410269139e-05
2021-11-01,Maximum Sharpe,10.0,0.06990358820538278,6.990358820538278e-05
2021-11-01,Maximum Sharpe,25.0,0.06990358820538278,0.00017475897051345694
2021-11-01,Minimum Variance,0.0,0.006198607906516803,0.0
2021-11-01,Minimum Variance,5.0,0.006198607906516803,3.0993039532584013e-06
2021-11-01,Minimum Variance,10.0,0.006198607906516803,6.198607906516803e-06
2021-11-01,Minimum Variance,25.0,0.006198607906516803,1.5496519766292007e-05
2021-11-01,SPY,0.0,0.0,0.0
2021-11-01,SPY,5.0,0.0,0.0
2021-11-01,SPY,10.0,0.0,0.0
2021-11-01,SPY,25.0,0.0,0.0
2021-11-01,Shrunk Max Sharpe λ=0.25,0.0,0.08471702719281157,0.0
2021-11-01,Shrunk Max Sharpe λ=0.25,5.0,0.08471702719281157,4.235851359640579e-05
2021-11-01,Shrunk Max Sharpe λ=0.25,10.0,0.08471702719281157,8.471702719281158e-05
2021-11-01,Shrunk Max Sharpe λ=0.25,25.0,0.08471702719281157,0.00021179256798202896
2021-11-01,Shrunk Max Sharpe λ=0.50,0.0,0.08209047231043734,0.0
2021-11-01,Shrunk Max Sharpe λ=0.50,5.0,0.08209047231043734,4.104523615521867e-05
2021-11-01,Shrunk Max Sharpe λ=0.50,10.0,0.08209047231043734,8.209047231043734e-05
2021-11-01,Shrunk Max Sharpe λ=0.50,25.0,0.08209047231043734,0.00020522618077609334
2021-11-01,Shrunk Max Sharpe λ=0.75,0.0,0.033198515406369006,0.0
2021-11-01,Shrunk Max Sharpe λ=0.75,5.0,0.033198515406369006,1.6599257703184504e-05
2021-11-01,Shrunk Max Sharpe λ=0.75,10.0,0.033198515406369006,3.319851540636901e-05
2021-11-01,Shrunk Max Sharpe λ=0.75,25.0,0.033198515406369006,8.299628851592251e-05
2021-11-01,Turnover-Aware Max Sharpe γ=0.05,0.0,0.058603221888863063,0.0
2021-11-01,Turnover-Aware Max Sharpe γ=0.05,5.0,0.058603221888863063,2.9301610944431533e-05
2021-11-01,Turnover-Aware Max Sharpe γ=0.05,10.0,0.058603221888863063,5.8603221888863065e-05
2021-11-01,Turnover-Aware Max Sharpe γ=0.05,25.0,0.058603221888863063,0.00014650805472215766
2021-11-01,Turnover-Aware Max Sharpe γ=0.10,0.0,0.04837483145934776,0.0
2021-11-01,Turnover-Aware Max Sharpe γ=0.10,5.0,0.04837483145934776,2.4187415729673882e-05
2021-11-01,Turnover-Aware Max Sharpe γ=0.10,10.0,0.04837483145934776,4.8374831459347764e-05
2021-11-01,Turnover-Aware Max Sharpe γ=0.10,25.0,0.04837483145934776,0.0001209370786483694
2021-11-01,Turnover-Aware Max Sharpe γ=0.25,0.0,0.002149718985404626,0.0
2021-11-01,Turnover-Aware Max Sharpe γ=0.25,5.0,0.002149718985404626,1.074859492702313e-06
2021-11-01,Turnover-Aware Max Sharpe γ=0.25,10.0,0.002149718985404626,2.149718985404626e-06
2021-11-01,Turnover-Aware Max Sharpe γ=0.25,25.0,0.002149718985404626,5.374297463511566e-06
2021-12-01,Combined Robust Max Sharpe λ=0.50 γ=0.10,0.0,0.008556956685900176,0.0
2021-12-01,Combined Robust Max Sharpe λ=0.50 γ=0.10,5.0,0.008556956685900176,4.278478342950088e-06
2021-12-01,Combined Robust Max Sharpe λ=0.50 γ=0.10,10.0,0.008556956685900176,8.556956685900177e-06
2021-12-01,Combined Robust Max Sharpe λ=0.50 γ=0.10,25.0,0.008556956685900176,2.139239171475044e-05
2021-12-01,Equal Weight,0.0,0.0,0.0
2021-12-01,Equal Weight,5.0,0.0,0.0
2021-12-01,Equal Weight,10.0,0.0,0.0
2021-12-01,Equal Weight,25.0,0.0,0.0
2021-12-01,Maximum Sharpe,0.0,0.0037997444380752617,0.0
2021-12-01,Maximum Sharpe,5.0,0.0037997444380752617,1.8998722190376308e-06
2021-12-01,Maximum Sharpe,10.0,0.0037997444380752617,3.7997444380752617e-06
2021-12-01,Maximum Sharpe,25.0,0.0037997444380752617,9.499361095188154e-06
2021-12-01,Minimum Variance,0.0,0.006304755322423234,0.0
2021-12-01,Minimum Variance,5.0,0.006304755322423234,3.1523776612116175e-06
2021-12-01,Minimum Variance,10.0,0.006304755322423234,6.304755322423235e-06
2021-12-01,Minimum Variance,25.0,0.006304755322423234,1.5761888306058086e-05
2021-12-01,SPY,0.0,0.0,0.0
2021-12-01,SPY,5.0,0.0,0.0
2021-12-01,SPY,10.0,0.0,0.0
2021-12-01,SPY,25.0,0.0,0.0
2021-12-01,Shrunk Max Sharpe λ=0.25,0.0,0.07794557774680189,0.0
2021-12-01,Shrunk Max Sharpe λ=0.25,5.0,0.07794557774680189,3.897278887340094e-05
2021-12-01,Shrunk Max Sharpe λ=0.25,10.0,0.07794557774680189,7.794557774680188e-05
2021-12-01,Shrunk Max Sharpe λ=0.25,25.0,0.07794557774680189,0.00019486394436700472
2021-12-01,Shrunk Max Sharpe λ=0.50,0.0,0.06930443833994358,0.0
2021-12-01,Shrunk Max Sharpe λ=0.50,5.0,0.06930443833994358,3.4652219169971796e-05
2021-12-01,Shrunk Max Sharpe λ=0.50,10.0,0.06930443833994358,6.930443833994359e-05
2021-12-01,Shrunk Max Sharpe λ=0.50,25.0,0.06930443833994358,0.00017326109584985897
2021-12-01,Shrunk Max Sharpe λ=0.75,0.0,0.01773600506002761,0.0
2021-12-01,Shrunk Max Sharpe λ=0.75,5.0,0.01773600506002761,8.868002530013805e-06
2021-12-01,Shrunk Max Sharpe λ=0.75,10.0,0.01773600506002761,1.773600506002761e-05
2021-12-01,Shrunk Max Sharpe λ=0.75,25.0,0.01773600506002761,4.434001265006903e-05
2021-12-01,Turnover-Aware Max Sharpe γ=0.05,0.0,0.004096993912220722,0.0
2021-12-01,Turnover-Aware Max Sharpe γ=0.05,5.0,0.004096993912220722,2.048496956110361e-06
2021-12-01,Turnover-Aware Max Sharpe γ=0.05,10.0,0.004096993912220722,4.096993912220722e-06
2021-12-01,Turnover-Aware Max Sharpe γ=0.05,25.0,0.004096993912220722,1.0242484780551805e-05
2021-12-01,Turnover-Aware Max Sharpe γ=0.10,0.0,0.004403017820862954,0.0
2021-12-01,Turnover-Aware Max Sharpe γ=0.10,5.0,0.004403017820862954,2.2015089104314772e-06
2021-12-01,Turnover-Aware Max Sharpe γ=0.10,10.0,0.004403017820862954,4.4030178208629545e-06
2021-12-01,Turnover-Aware Max Sharpe γ=0.10,25.0,0.004403017820862954,1.1007544552157386e-05
2021-12-01,Turnover-Aware Max Sharpe γ=0.25,0.0,0.004777067970071915,0.0
2021-12-01,Turnover-Aware Max Sharpe γ=0.25,5.0,0.004777067970071915,2.3885339850359574e-06
2021-12-01,Turnover-Aware Max Sharpe γ=0.25,10.0,0.004777067970071915,4.777067970071915e-06
2021-12-01,Turnover-Aware Max Sharpe γ=0.25,25.0,0.004777067970071915,1.1942669925179785e-05
2022-02-01,Combined Robust Max Sharpe λ=0.50 γ=0.10,0.0,0.03297642853728856,0.0
2022-02-01,Combined Robust Max Sharpe λ=0.50 γ=0.10,5.0,0.03297642853728856,1.648821426864428e-05
2022-02-01,Combined Robust Max Sharpe λ=0.50 γ=0.10,10.0,0.03297642853728856,3.297642853728856e-05
2022-02-01,Combined Robust Max Sharpe λ=0.50 γ=0.10,25.0,0.03297642853728856,8.24410713432214e-05
2022-02-01,Equal Weight,0.0,0.0,0.0
2022-02-01,Equal Weight,5.0,0.0,0.0
2022-02-01,Equal Weight,10.0,0.0,0.0
2022-02-01,Equal Weight,25.0,0.0,0.0
2022-02-01,Maximum Sharpe,0.0,0.10177809525344328,0.0
2022-02-01,Maximum Sharpe,5.0,0.10177809525344328,5.088904762672164e-05
2022-02-01,Maximum Sharpe,10.0,0.10177809525344328,0.00010177809525344328
2022-02-01,Maximum Sharpe,25.0,0.10177809525344328,0.0002544452381336082
2022-02-01,Minimum Variance,0.0,0.006655179051168666,0.0
2022-02-01,Minimum Variance,5.0,0.006655179051168666,3.3275895255843334e-06
2022-02-01,Minimum Variance,10.0,0.006655179051168666,6.655179051168667e-06
2022-02-01,Minimum Variance,25.0,0.006655179051168666,1.6637947627921666e-05
2022-02-01,SPY,0.0,0.0,0.0
2022-02-01,SPY,5.0,0.0,0.0
2022-02-01,SPY,10.0,0.0,0.0
2022-02-01,SPY,25.0,0.0,0.0
2022-02-01,Shrunk Max Sharpe λ=0.25,0.0,0.05249287737749066,0.0
2022-02-01,Shrunk Max Sharpe λ=0.25,5.0,0.05249287737749066,2.6246438688745326e-05
2022-02-01,Shrunk Max Sharpe λ=0.25,10.0,0.05249287737749066,5.249287737749065e-05
2022-02-01,Shrunk Max Sharpe λ=0.25,25.0,0.05249287737749066,0.00013123219344372665
2022-02-01,Shrunk Max Sharpe λ=0.50,0.0,0.09997012954198753,0.0
2022-02-01,Shrunk Max Sharpe λ=0.50,5.0,0.09997012954198753,4.998506477099376e-05
2022-02-01,Shrunk Max Sharpe λ=0.50,10.0,0.09997012954198753,9.997012954198752e-05
2022-02-01,Shrunk Max Sharpe λ=0.50,25.0,0.09997012954198753,0.00024992532385496885
2022-02-01,Shrunk Max Sharpe λ=0.75,0.0,0.03145399827797278,0.0
2022-02-01,Shrunk Max Sharpe λ=0.75,5.0,0.03145399827797278,1.572699913898639e-05
2022-02-01,Shrunk Max Sharpe λ=0.75,10.0,0.03145399827797278,3.145399827797278e-05
2022-02-01,Shrunk Max Sharpe λ=0.75,25.0,0.03145399827797278,7.863499569493195e-05
2022-02-01,Turnover-Aware Max Sharpe γ=0.05,0.0,0.050916315843930096,0.0
2022-02-01,Turnover-Aware Max Sharpe γ=0.05,5.0,0.050916315843930096,2.5458157921965048e-05
2022-02-01,Turnover-Aware Max Sharpe γ=0.05,10.0,0.050916315843930096,5.0916315843930096e-05
2022-02-01,Turnover-Aware Max Sharpe γ=0.05,25.0,0.050916315843930096,0.00012729078960982526
2022-02-01,Turnover-Aware Max Sharpe γ=0.10,0.0,0.04647378580947052,0.0
2022-02-01,Turnover-Aware Max Sharpe γ=0.10,5.0,0.04647378580947052,2.3236892904735263e-05
2022-02-01,Turnover-Aware Max Sharpe γ=0.10,10.0,0.04647378580947052,4.647378580947053e-05
2022-02-01,Turnover-Aware Max Sharpe γ=0.10,25.0,0.04647378580947052,0.0001161844645236763
2022-02-01,Turnover-Aware Max Sharpe γ=0.25,0.0,0.04035219096499234,0.0
2022-02-01,Turnover-Aware Max Sharpe γ=0.25,5.0,0.04035219096499234,2.0176095482496172e-05
2022-02-01,Turnover-Aware Max Sharpe γ=0.25,10.0,0.04035219096499234,4.0352190964992343e-05
2022-02-01,Turnover-Aware Max Sharpe γ=0.25,25.0,0.04035219096499234,0.00010088047741248086
2022-03-01,Combined Robust Max Sharpe λ=0.50 γ=0.10,0.0,0.04335045769603616,0.0
2022-03-01,Combined Robust Max Sharpe λ=0.50 γ=0.10,5.0,0.04335045769603616,2.167522884801808e-05
2022-03-01,Combined Robust Max Sharpe λ=0.50 γ=0.10,10.0,0.04335045769603616,4.335045769603616e-05
2022-03-01,Combined Robust Max Sharpe λ=0.50 γ=0.10,25.0,0.04335045769603616,0.0001083761442400904
2022-03-01,Equal Weight,0.0,0.0,0.0
2022-03-01,Equal Weight,5.0,0.0,0.0
2022-03-01,Equal Weight,10.0,0.0,0.0
2022-03-01,Equal Weight,25.0,0.0,0.0
2022-03-01,Maximum Sharpe,0.0,0.1579057347139472,0.0
2022-03-01,Maximum Sharpe,5.0,0.1579057347139472,7.89528673569736e-05
2022-03-01,Maximum Sharpe,10.0,0.1579057347139472,0.0001579057347139472
2022-03-01,Maximum Sharpe,25.0,0.1579057347139472,0.000394764336784868
2022-03-01,Minimum Variance,0.0,0.018307263360872905,0.0
2022-03-01,Minimum Variance,5.0,0.018307263360872905,9.153631680436452e-06
2022-03-01,Minimum Variance,10.0,0.018307263360872905,1.8307263360872904e-05
2022-03-01,Minimum Variance,25.0,0.018307263360872905,4.576815840218226e-05
2022-03-01,SPY,0.0,0.0,0.0
2022-03-01,SPY,5.0,0.0,0.0
2022-03-01,SPY,10.0,0.0,0.0
2022-03-01,SPY,25.0,0.0,0.0
2022-03-01,Shrunk Max Sharpe λ=0.25,0.0,0.0832679157801005,0.0
2022-03-01,Shrunk Max Sharpe λ=0.25,5.0,0.0832679157801005,4.163395789005025e-05
2022-03-01,Shrunk Max Sharpe λ=0.25,10.0,0.0832679157801005,8.32679157801005e-05
2022-03-01,Shrunk Max Sharpe λ=0.25,25.0,0.0832679157801005,0.00020816978945025123
2022-03-01,Shrunk Max Sharpe λ=0.50,0.0,0.053687309551956275,0.0
2022-03-01,Shrunk Max Sharpe λ=0.50,5.0,0.053687309551956275,2.6843654775978138e-05
2022-03-01,Shrunk Max Sharpe λ=0.50,10.0,0.053687309551956275,5.3687309551956275e-05
2022-03-01,Shrunk Max Sharpe λ=0.50,25.0,0.053687309551956275,0.00013421827387989068
2022-03-01,Shrunk Max Sharpe λ=0.75,0.0,0.030950827071166587,0.0
2022-03-01,Shrunk Max Sharpe λ=0.75,5.0,0.030950827071166587,1.5475413535583293e-05
2022-03-01,Shrunk Max Sharpe λ=0.75,10.0,0.030950827071166587,3.0950827071166586e-05
2022-03-01,Shrunk Max Sharpe λ=0.75,25.0,0.030950827071166587,7.737706767791647e-05
2022-03-01,Turnover-Aware Max Sharpe γ=0.05,0.0,0.10633556127934399,0.0
2022-03-01,Turnover-Aware Max Sharpe γ=0.05,5.0,0.10633556127934399,5.316778063967199e-05
2022-03-01,Turnover-Aware Max Sharpe γ=0.05,10.0,0.10633556127934399,0.00010633556127934398
2022-03-01,Turnover-Aware Max Sharpe γ=0.05,25.0,0.10633556127934399,0.00026583890319836
2022-03-01,Turnover-Aware Max Sharpe γ=0.10,0.0,0.07894837549172415,0.0
2022-03-01,Turnover-Aware Max Sharpe γ=0.10,5.0,0.07894837549172415,3.947418774586208e-05
2022-03-01,Turnover-Aware Max Sharpe γ=0.10,10.0,0.07894837549172415,7.894837549172416e-05
2022-03-01,Turnover-Aware Max Sharpe γ=0.10,25.0,0.07894837549172415,0.00019737093872931037
2022-03-01,Turnover-Aware Max Sharpe γ=0.25,0.0,0.009784012789635773,0.0
2022-03-01,Turnover-Aware Max Sharpe γ=0.25,5.0,0.009784012789635773,4.8920063948178866e-06
2022-03-01,Turnover-Aware Max Sharpe γ=0.25,10.0,0.009784012789635773,9.784012789635773e-06
2022-03-01,Turnover-Aware Max Sharpe γ=0.25,25.0,0.009784012789635773,2.4460031974089432e-05
2022-04-01,Combined Robust Max Sharpe λ=0.50 γ=0.10,0.0,0.05110777375466519,0.0
2022-04-01,Combined Robust Max Sharpe λ=0.50 γ=0.10,5.0,0.05110777375466519,2.5553886877332594e-05
2022-04-01,Combined Robust Max Sharpe λ=0.50 γ=0.10,10.0,0.05110777375466519,5.110777375466519e-05
2022-04-01,Combined Robust Max Sharpe λ=0.50 γ=0.10,25.0,0.05110777375466519,0.00012776943438666297
2022-04-01,Equal Weight,0.0,0.0,0.0
2022-04-01,Equal Weight,5.0,0.0,0.0
2022-04-01,Equal Weight,10.0,0.0,0.0
2022-04-01,Equal Weight,25.0,0.0,0.0
2022-04-01,Maximum Sharpe,0.0,0.09421299091460084,0.0
2022-04-01,Maximum Sharpe,5.0,0.09421299091460084,4.710649545730042e-05
2022-04-01,Maximum Sharpe,10.0,0.09421299091460084,9.421299091460083e-05
2022-04-01,Maximum Sharpe,25.0,0.09421299091460084,0.0002355324772865021
2022-04-01,Minimum Variance,0.0,0.015087391674397233,0.0
2022-04-01,Minimum Variance,5.0,0.015087391674397233,7.543695837198616e-06
2022-04-01,Minimum Variance,10.0,0.015087391674397233,1.5087391674397232e-05
2022-04-01,Minimum Variance,25.0,0.015087391674397233,3.7718479185993084e-05
2022-04-01,SPY,0.0,0.0,0.0
2022-04-01,SPY,5.0,0.0,0.0
2022-04-01,SPY,10.0,0.0,0.0
2022-04-01,SPY,25.0,0.0,0.0
2022-04-01,Shrunk Max Sharpe λ=0.25,0.0,0.12490141008740892,0.0
2022-04-01,Shrunk Max Sharpe λ=0.25,5.0,0.12490141008740892,6.245070504370446e-05
2022-04-01,Shrunk Max Sharpe λ=0.25,10.0,0.12490141008740892,0.00012490141008740893
2022-04-01,Shrunk Max Sharpe λ=0.25,25.0,0.12490141008740892,0.0003122535252185223
2022-04-01,Shrunk Max Sharpe λ=0.50,0.0,0.07268426825415542,0.0
2022-04-01,Shrunk Max Sharpe λ=0.50,5.0,0.07268426825415542,3.634213412707771e-05
2022-04-01,Shrunk Max Sharpe λ=0.50,10.0,0.07268426825415542,7.268426825415542e-05
2022-04-01,Shrunk Max Sharpe λ=0.50,25.0,0.07268426825415542,0.00018171067063538855
2022-04-01,Shrunk Max Sharpe λ=0.75,0.0,0.04531632962995087,0.0
2022-04-01,Shrunk Max Sharpe λ=0.75,5.0,0.04531632962995087,2.2658164814975434e-05
2022-04-01,Shrunk Max Sharpe λ=0.75,10.0,0.04531632962995087,4.531632962995087e-05
2022-04-01,Shrunk Max Sharpe λ=0.75,25.0,0.04531632962995087,0.00011329082407487718
2022-04-01,Turnover-Aware Max Sharpe γ=0.05,0.0,0.1444061436787014,0.0
2022-04-01,Turnover-Aware Max Sharpe γ=0.05,5.0,0.1444061436787014,7.22030718393507e-05
2022-04-01,Turnover-Aware Max Sharpe γ=0.05,10.0,0.1444061436787014,0.0001444061436787014
2022-04-01,Turnover-Aware Max Sharpe γ=0.05,25.0,0.1444061436787014,0.00036101535919675346
2022-04-01,Turnover-Aware Max Sharpe γ=0.10,0.0,0.15540262158326656,0.0
2022-04-01,Turnover-Aware Max Sharpe γ=0.10,5.0,0.15540262158326656,7.770131079163328e-05
2022-04-01,Turnover-Aware Max Sharpe γ=0.10,10.0,0.15540262158326656,0.00015540262158326656
2022-04-01,Turnover-Aware Max Sharpe γ=0.10,25.0,0.15540262158326656,0.00038850655395816644
2022-04-01,Turnover-Aware Max Sharpe γ=0.25,0.0,0.16272103405526936,0.0
2022-04-01,Turnover-Aware Max Sharpe γ=0.25,5.0,0.16272103405526936,8.136051702763469e-05
2022-04-01,Turnover-Aware Max Sharpe γ=0.25,10.0,0.16272103405526936,0.00016272103405526938
2022-04-01,Turnover-Aware Max Sharpe γ=0.25,25.0,0.16272103405526936,0.0004068025851381734
2022-06-01,Combined Robust Max Sharpe λ=0.50 γ=0.10,0.0,0.07600168488390943,0.0
2022-06-01,Combined Robust Max Sharpe λ=0.50 γ=0.10,5.0,0.07600168488390943,3.800084244195472e-05
2022-06-01,Combined Robust Max Sharpe λ=0.50 γ=0.10,10.0,0.07600168488390943,7.600168488390944e-05
2022-06-01,Combined Robust Max Sharpe λ=0.50 γ=0.10,25.0,0.07600168488390943,0.00019000421220977356
2022-06-01,Equal Weight,0.0,0.0,0.0
2022-06-01,Equal Weight,5.0,0.0,0.0
2022-06-01,Equal Weight,10.0,0.0,0.0
2022-06-01,Equal Weight,25.0,0.0,0.0
2022-06-01,Maximum Sharpe,0.0,0.170699320051789,0.0
2022-06-01,Maximum Sharpe,5.0,0.170699320051789,8.53496600258945e-05
2022-06-01,Maximum Sharpe,10.0,0.170699320051789,0.000170699320051789
2022-06-01,Maximum Sharpe,25.0,0.170699320051789,0.00042674830012947245
2022-06-01,Minimum Variance,0.0,0.04158574222421575,0.0
2022-06-01,Minimum Variance,5.0,0.04158574222421575,2.0792871112107876e-05
2022-06-01,Minimum Variance,10.0,0.04158574222421575,4.158574222421575e-05
2022-06-01,Minimum Variance,25.0,0.04158574222421575,0.00010396435556053938
2022-06-01,SPY,0.0,0.0,0.0
2022-06-01,SPY,5.0,0.0,0.0
2022-06-01,SPY,10.0,0.0,0.0
2022-06-01,SPY,25.0,0.0,0.0
2022-06-01,Shrunk Max Sharpe λ=0.25,0.0,0.0738506638851508,0.0
2022-06-01,Shrunk Max Sharpe λ=0.25,5.0,0.0738506638851508,3.69253319425754e-05
2022-06-01,Shrunk Max Sharpe λ=0.25,10.0,0.0738506638851508,7.38506638851508e-05
2022-06-01,Shrunk Max Sharpe λ=0.25,25.0,0.0738506638851508,0.00018462665971287698
2022-06-01,Shrunk Max Sharpe λ=0.50,0.0,0.0797522667298119,0.0
2022-06-01,Shrunk Max Sharpe λ=0.50,5.0,0.0797522667298119,3.987613336490595e-05
2022-06-01,Shrunk Max Sharpe λ=0.50,10.0,0.0797522667298119,7.97522667298119e-05
2022-06-01,Shrunk Max Sharpe λ=0.50,25.0,0.0797522667298119,0.00019938066682452974
2022-06-01,Shrunk Max Sharpe λ=0.75,0.0,0.05908132348924557,0.0
2022-06-01,Shrunk Max Sharpe λ=0.75,5.0,0.05908132348924557,2.9540661744622788e-05
2022-06-01,Shrunk Max Sharpe λ=0.75,10.0,0.05908132348924557,5.9081323489245576e-05
2022-06-01,Shrunk Max Sharpe λ=0.75,25.0,0.05908132348924557,0.00014770330872311392
2022-06-01,Turnover-Aware Max Sharpe γ=0.05,0.0,0.1100399730669643,0.0
2022-06-01,Turnover-Aware Max Sharpe γ=0.05,5.0,0.1100399730669643,5.501998653348215e-05
2022-06-01,Turnover-Aware Max Sharpe γ=0.05,10.0,0.1100399730669643,0.0001100399730669643
2022-06-01,Turnover-Aware Max Sharpe γ=0.05,25.0,0.1100399730669643,0.00027509993266741075
2022-06-01,Turnover-Aware Max Sharpe γ=0.10,0.0,0.10284647668904251,0.0
2022-06-01,Turnover-Aware Max Sharpe γ=0.10,5.0,0.10284647668904251,5.142323834452125e-05
2022-06-01,Turnover-Aware Max Sharpe γ=0.10,10.0,0.10284647668904251,0.0001028464766890425
2022-06-01,Turnover-Aware Max Sharpe γ=0.10,25.0,0.10284647668904251,0.00025711619172260627
2022-06-01,Turnover-Aware Max Sharpe γ=0.25,0.0,0.08376604838073295,0.0
2022-06-01,Turnover-Aware Max Sharpe γ=0.25,5.0,0.08376604838073295,4.188302419036648e-05
2022-06-01,Turnover-Aware Max Sharpe γ=0.25,10.0,0.08376604838073295,8.376604838073296e-05
2022-06-01,Turnover-Aware Max Sharpe γ=0.25,25.0,0.08376604838073295,0.00020941512095183236
2022-07-01,Combined Robust Max Sharpe λ=0.50 γ=0.10,0.0,0.04170448868439514,0.0
2022-07-01,Combined Robust Max Sharpe λ=0.50 γ=0.10,5.0,0.04170448868439514,2.085224434219757e-05
2022-07-01,Combined Robust Max Sharpe λ=0.50 γ=0.10,10.0,0.04170448868439514,4.170448868439514e-05
2022-07-01,Combined Robust Max Sharpe λ=0.50 γ=0.10,25.0,0.04170448868439514,0.00010426122171098786
2022-07-01,Equal Weight,0.0,0.0,0.0
2022-07-01,Equal Weight,5.0,0.0,0.0
2022-07-01,Equal Weight,10.0,0.0,0.0
2022-07-01,Equal Weight,25.0,0.0,0.0
2022-07-01,Maximum Sharpe,0.0,0.06990897026885272,0.0
2022-07-01,Maximum Sharpe,5.0,0.06990897026885272,3.495448513442636e-05
2022-07-01,Maximum Sharpe,10.0,0.06990897026885272,6.990897026885273e-05
2022-07-01,Maximum Sharpe,25.0,0.06990897026885272,0.0001747724256721318
2022-07-01,Minimum Variance,0.0,0.028079402264027217,0.0
2022-07-01,Minimum Variance,5.0,0.028079402264027217,1.4039701132013607e-05
2022-07-01,Minimum Variance,10.0,0.028079402264027217,2.8079402264027213e-05
2022-07-01,Minimum Variance,25.0,0.028079402264027217,7.019850566006804e-05
2022-07-01,SPY,0.0,0.0,0.0
2022-07-01,SPY,5.0,0.0,0.0
2022-07-01,SPY,10.0,0.0,0.0
2022-07-01,SPY,25.0,0.0,0.0
2022-07-01,Shrunk Max Sharpe λ=0.25,0.0,0.057422949628789306,0.0
2022-07-01,Shrunk Max Sharpe λ=0.25,5.0,0.057422949628789306,2.8711474814394654e-05
2022-07-01,Shrunk Max Sharpe λ=0.25,10.0,0.057422949628789306,5.742294962878931e-05
2022-07-01,Shrunk Max Sharpe λ=0.25,25.0,0.057422949628789306,0.00014355737407197326
2022-07-01,Shrunk Max Sharpe λ=0.50,0.0,0.20018166165845644,0.0
2022-07-01,Shrunk Max Sharpe λ=0.50,5.0,0.20018166165845644,0.00010009083082922822
2022-07-01,Shrunk Max Sharpe λ=0.50,10.0,0.20018166165845644,0.00020018166165845645
2022-07-01,Shrunk Max Sharpe λ=0.50,25.0,0.20018166165845644,0.0005004541541461412
2022-07-01,Shrunk Max Sharpe λ=0.75,0.0,0.08574474296675891,0.0
2022-07-01,Shrunk Max Sharpe λ=0.75,5.0,0.08574474296675891,4.287237148337946e-05
2022-07-01,Shrunk Max Sharpe λ=0.75,10.0,0.08574474296675891,8.574474296675891e-05
2022-07-01,Shrunk Max Sharpe λ=0.75,25.0,0.08574474296675891,0.0002143618574168973
2022-07-01,Turnover-Aware Max Sharpe γ=0.05,0.0,0.05380743312145496,0.0
2022-07-01,Turnover-Aware Max Sharpe γ=0.05,5.0,0.05380743312145496,2.690371656072748e-05
2022-07-01,Turnover-Aware Max Sharpe γ=0.05,10.0,0.05380743312145496,5.380743312145496e-05
2022-07-01,Turnover-Aware Max Sharpe γ=0.05,25.0,0.05380743312145496,0.0001345185828036374
2022-07-01,Turnover-Aware Max Sharpe γ=0.10,0.0,0.03136579396671937,0.0
2022-07-01,Turnover-Aware Max Sharpe γ=0.10,5.0,0.03136579396671937,1.5682896983359686e-05
2022-07-01,Turnover-Aware Max Sharpe γ=0.10,10.0,0.03136579396671937,3.136579396671937e-05
2022-07-01,Turnover-Aware Max Sharpe γ=0.10,25.0,0.03136579396671937,7.841448491679842e-05
2022-07-01,Turnover-Aware Max Sharpe γ=0.25,0.0,0.013808662166187596,0.0
2022-07-01,Turnover-Aware Max Sharpe γ=0.25,5.0,0.013808662166187596,6.904331083093798e-06
2022-07-01,Turnover-Aware Max Sharpe γ=0.25,10.0,0.013808662166187596,1.3808662166187596e-05
2022-07-01,Turnover-Aware Max Sharpe γ=0.25,25.0,0.013808662166187596,3.4521655415468985e-05
2022-08-01,Combined Robust Max Sharpe λ=0.50 γ=0.10,0.0,6.431270065772884e-15,0.0
2022-08-01,Combined Robust Max Sharpe λ=0.50 γ=0.10,5.0,6.431270065772884e-15,3.2156350328864424e-18
2022-08-01,Combined Robust Max Sharpe λ=0.50 γ=0.10,10.0,6.431270065772884e-15,6.431270065772885e-18
2022-08-01,Combined Robust Max Sharpe λ=0.50 γ=0.10,25.0,6.431270065772884e-15,1.6078175164432213e-17
2022-08-01,Equal Weight,0.0,0.0,0.0
2022-08-01,Equal Weight,5.0,0.0,0.0
2022-08-01,Equal Weight,10.0,0.0,0.0
2022-08-01,Equal Weight,25.0,0.0,0.0
2022-08-01,Maximum Sharpe,0.0,0.015342502517790511,0.0
2022-08-01,Maximum Sharpe,5.0,0.015342502517790511,7.671251258895254e-06
2022-08-01,Maximum Sharpe,10.0,0.015342502517790511,1.534250251779051e-05
2022-08-01,Maximum Sharpe,25.0,0.015342502517790511,3.835625629447628e-05
2022-08-01,Minimum Variance,0.0,0.006600251024183374,0.0
2022-08-01,Minimum Variance,5.0,0.006600251024183374,3.300125512091687e-06
2022-08-01,Minimum Variance,10.0,0.006600251024183374,6.600251024183374e-06
2022-08-01,Minimum Variance,25.0,0.006600251024183374,1.6500627560458435e-05
2022-08-01,SPY,0.0,0.0,0.0
2022-08-01,SPY,5.0,0.0,0.0
2022-08-01,SPY,10.0,0.0,0.0
2022-08-01,SPY,25.0,0.0,0.0
2022-08-01,Shrunk Max Sharpe λ=0.25,0.0,0.035606040317770475,0.0
2022-08-01,Shrunk Max Sharpe λ=0.25,5.0,0.035606040317770475,1.7803020158885238e-05
2022-08-01,Shrunk Max Sharpe λ=0.25,10.0,0.035606040317770475,3.5606040317770475e-05
2022-08-01,Shrunk Max Sharpe λ=0.25,25.0,0.035606040317770475,8.901510079442618e-05
2022-08-01,Shrunk Max Sharpe λ=0.50,0.0,0.05159314910762139,0.0
2022-08-01,Shrunk Max Sharpe λ=0.50,5.0,0.05159314910762139,2.5796574553810692e-05
2022-08-01,Shrunk Max Sharpe λ=0.50,10.0,0.05159314910762139,5.1593149107621384e-05
2022-08-01,Shrunk Max Sharpe λ=0.50,25.0,0.05159314910762139,0.00012898287276905346
2022-08-01,Shrunk Max Sharpe λ=0.75,0.0,0.05471858169440091,0.0
2022-08-01,Shrunk Max Sharpe λ=0.75,5.0,0.05471858169440091,2.735929084720045e-05
2022-08-01,Shrunk Max Sharpe λ=0.75,10.0,0.05471858169440091,5.47185816944009e-05
2022-08-01,Shrunk Max Sharpe λ=0.75,25.0,0.05471858169440091,0.00013679645423600226
2022-08-01,Turnover-Aware Max Sharpe γ=0.05,0.0,1.6711698994751913e-15,0.0
2022-08-01,Turnover-Aware Max Sharpe γ=0.05,5.0,1.6711698994751913e-15,8.355849497375956e-19
2022-08-01,Turnover-Aware Max Sharpe γ=0.05,10.0,1.6711698994751913e-15,1.6711698994751912e-18
2022-08-01,Turnover-Aware Max Sharpe γ=0.05,25.0,1.6711698994751913e-15,4.177924748687978e-18
2022-08-01,Turnover-Aware Max Sharpe γ=0.10,0.0,1.6700066908393096e-15,0.0
2022-08-01,Turnover-Aware Max Sharpe γ=0.10,5.0,1.6700066908393096e-15,8.350033454196549e-19
2022-08-01,Turnover-Aware Max Sharpe γ=0.10,10.0,1.6700066908393096e-15,1.6700066908393097e-18
2022-08-01,Turnover-Aware Max Sharpe γ=0.10,25.0,1.6700066908393096e-15,4.175016727098274e-18
2022-08-01,Turnover-Aware Max Sharpe γ=0.25,0.0,1.5346409791042584e-14,0.0
2022-08-01,Turnover-Aware Max Sharpe γ=0.25,5.0,1.5346409791042584e-14,7.673204895521292e-18
2022-08-01,Turnover-Aware Max Sharpe γ=0.25,10.0,1.5346409791042584e-14,1.5346409791042584e-17
2022-08-01,Turnover-Aware Max Sharpe γ=0.25,25.0,1.5346409791042584e-14,3.8366024477606456e-17
2022-09-01,Combined Robust Max Sharpe λ=0.50 γ=0.10,0.0,0.10929667058071899,0.0
2022-09-01,Combined Robust Max Sharpe λ=0.50 γ=0.10,5.0,0.10929667058071899,5.46483352903595e-05
2022-09-01,Combined Robust Max Sharpe λ=0.50 γ=0.10,10.0,0.10929667058071899,0.000109296670580719
2022-09-01,Combined Robust Max Sharpe λ=0.50 γ=0.10,25.0,0.10929667058071899,0.00027324167645179743
2022-09-01,Equal Weight,0.0,0.0,0.0
2022-09-01,Equal Weight,5.0,0.0,0.0
2022-09-01,Equal Weight,10.0,0.0,0.0
2022-09-01,Equal Weight,25.0,0.0,0.0
2022-09-01,Maximum Sharpe,0.0,0.09552992957369272,0.0
2022-09-01,Maximum Sharpe,5.0,0.09552992957369272,4.776496478684636e-05
2022-09-01,Maximum Sharpe,10.0,0.09552992957369272,9.552992957369272e-05
2022-09-01,Maximum Sharpe,25.0,0.09552992957369272,0.0002388248239342318
2022-09-01,Minimum Variance,0.0,0.01800721070052875,0.0
2022-09-01,Minimum Variance,5.0,0.01800721070052875,9.003605350264373e-06
2022-09-01,Minimum Variance,10.0,0.01800721070052875,1.8007210700528746e-05
2022-09-01,Minimum Variance,25.0,0.01800721070052875,4.501802675132187e-05
2022-09-01,SPY,0.0,0.0,0.0
2022-09-01,SPY,5.0,0.0,0.0
2022-09-01,SPY,10.0,0.0,0.0
2022-09-01,SPY,25.0,0.0,0.0
2022-09-01,Shrunk Max Sharpe λ=0.25,0.0,0.20000000000000379,0.0
2022-09-01,Shrunk Max Sharpe λ=0.25,5.0,0.20000000000000379,0.00010000000000000189
2022-09-01,Shrunk Max Sharpe λ=0.25,10.0,0.20000000000000379,0.00020000000000000378
2022-09-01,Shrunk Max Sharpe λ=0.25,25.0,0.20000000000000379,0.0005000000000000096
2022-09-01,Shrunk Max Sharpe λ=0.50,0.0,0.16764751072333492,0.0
2022-09-01,Shrunk Max Sharpe λ=0.50,5.0,0.16764751072333492,8.382375536166746e-05
2022-09-01,Shrunk Max Sharpe λ=0.50,10.0,0.16764751072333492,0.00016764751072333492
2022-09-01,Shrunk Max Sharpe λ=0.50,25.0,0.16764751072333492,0.00041911877680833734
2022-09-01,Shrunk Max Sharpe λ=0.75,0.0,0.1341403282922476,0.0
2022-09-01,Shrunk Max Sharpe λ=0.75,5.0,0.1341403282922476,6.707016414612378e-05
2022-09-01,Shrunk Max Sharpe λ=0.75,10.0,0.1341403282922476,0.00013414032829224757
2022-09-01,Shrunk Max Sharpe λ=0.75,25.0,0.1341403282922476,0.000335350820730619
2022-09-01,Turnover-Aware Max Sharpe γ=0.05,0.0,0.09959175688533266,0.0
2022-09-01,Turnover-Aware Max Sharpe γ=0.05,5.0,0.09959175688533266,4.979587844266633e-05
2022-09-01,Turnover-Aware Max Sharpe γ=0.05,10.0,0.09959175688533266,9.959175688533266e-05
2022-09-01,Turnover-Aware Max Sharpe γ=0.05,25.0,0.09959175688533266,0.00024897939221333167
2022-09-01,Turnover-Aware Max Sharpe γ=0.10,0.0,0.0908731825489037,0.0
2022-09-01,Turnover-Aware Max Sharpe γ=0.10,5.0,0.0908731825489037,4.543659127445185e-05
2022-09-01,Turnover-Aware Max Sharpe γ=0.10,10.0,0.0908731825489037,9.08731825489037e-05
2022-09-01,Turnover-Aware Max Sharpe γ=0.10,25.0,0.0908731825489037,0.00022718295637225925
2022-09-01,Turnover-Aware Max Sharpe γ=0.25,0.0,0.15419991162080732,0.0
2022-09-01,Turnover-Aware Max Sharpe γ=0.25,5.0,0.15419991162080732,7.709995581040366e-05
2022-09-01,Turnover-Aware Max Sharpe γ=0.25,10.0,0.15419991162080732,0.00015419991162080732
2022-09-01,Turnover-Aware Max Sharpe γ=0.25,25.0,0.15419991162080732,0.0003854997790520183
2022-11-01,Combined Robust Max Sharpe λ=0.50 γ=0.10,0.0,0.17819401964318587,0.0
2022-11-01,Combined Robust Max Sharpe λ=0.50 γ=0.10,5.0,0.17819401964318587,8.909700982159294e-05
2022-11-01,Combined Robust Max Sharpe λ=0.50 γ=0.10,10.0,0.17819401964318587,0.00017819401964318588
2022-11-01,Combined Robust Max Sharpe λ=0.50 γ=0.10,25.0,0.17819401964318587,0.0004454850491079647
2022-11-01,Equal Weight,0.0,0.0,0.0
2022-11-01,Equal Weight,5.0,0.0,0.0
2022-11-01,Equal Weight,10.0,0.0,0.0
2022-11-01,Equal Weight,25.0,0.0,0.0
2022-11-01,Maximum Sharpe,0.0,0.01610638531297994,0.0
2022-11-01,Maximum Sharpe,5.0,0.01610638531297994,8.053192656489971e-06
2022-11-01,Maximum Sharpe,10.0,0.01610638531297994,1.6106385312979942e-05
2022-11-01,Maximum Sharpe,25.0,0.01610638531297994,4.0265963282449854e-05
2022-11-01,Minimum Variance,0.0,0.04799797488170564,0.0
2022-11-01,Minimum Variance,5.0,0.04799797488170564,2.3998987440852822e-05
2022-11-01,Minimum Variance,10.0,0.04799797488170564,4.7997974881705644e-05
2022-11-01,Minimum Variance,25.0,0.04799797488170564,0.00011999493720426408
2022-11-01,SPY,0.0,0.0,0.0
2022-11-01,SPY,5.0,0.0,0.0
2022-11-01,SPY,10.0,0.0,0.0
2022-11-01,SPY,25.0,0.0,0.0
2022-11-01,Shrunk Max Sharpe λ=0.25,0.0,0.10000000000000026,0.0
2022-11-01,Shrunk Max Sharpe λ=0.25,5.0,0.10000000000000026,5.000000000000013e-05
2022-11-01,Shrunk Max Sharpe λ=0.25,10.0,0.10000000000000026,0.00010000000000000026
2022-11-01,Shrunk Max Sharpe λ=0.25,25.0,0.10000000000000026,0.0002500000000000006
2022-11-01,Shrunk Max Sharpe λ=0.50,0.0,0.20285319517194592,0.0
2022-11-01,Shrunk Max Sharpe λ=0.50,5.0,0.20285319517194592,0.00010142659758597296
2022-11-01,Shrunk Max Sharpe λ=0.50,10.0,0.20285319517194592,0.00020285319517194592
2022-11-01,Shrunk Max Sharpe λ=0.50,25.0,0.20285319517194592,0.0005071329879298647
2022-11-01,Shrunk Max Sharpe λ=0.75,0.0,0.37141427565014784,0.0
2022-11-01,Shrunk Max Sharpe λ=0.75,5.0,0.37141427565014784,0.0001857071378250739
2022-11-01,Shrunk Max Sharpe λ=0.75,10.0,0.37141427565014784,0.0003714142756501478
2022-11-01,Shrunk Max Sharpe λ=0.75,25.0,0.37141427565014784,0.0009285356891253697
2022-11-01,Turnover-Aware Max Sharpe γ=0.05,0.0,0.02628548492687205,0.0
2022-11-01,Turnover-Aware Max Sharpe γ=0.05,5.0,0.02628548492687205,1.3142742463436025e-05
2022-11-01,Turnover-Aware Max Sharpe γ=0.05,10.0,0.02628548492687205,2.628548492687205e-05
2022-11-01,Turnover-Aware Max Sharpe γ=0.05,25.0,0.02628548492687205,6.571371231718013e-05
2022-11-01,Turnover-Aware Max Sharpe γ=0.10,0.0,0.07923044329038116,0.0
2022-11-01,Turnover-Aware Max Sharpe γ=0.10,5.0,0.07923044329038116,3.961522164519058e-05
2022-11-01,Turnover-Aware Max Sharpe γ=0.10,10.0,0.07923044329038116,7.923044329038115e-05
2022-11-01,Turnover-Aware Max Sharpe γ=0.10,25.0,0.07923044329038116,0.0001980761082259529
2022-11-01,Turnover-Aware Max Sharpe γ=0.25,0.0,0.04462431899933174,0.0
2022-11-01,Turnover-Aware Max Sharpe γ=0.25,5.0,0.04462431899933174,2.2312159499665868e-05
2022-11-01,Turnover-Aware Max Sharpe γ=0.25,10.0,0.04462431899933174,4.4624318999331736e-05
2022-11-01,Turnover-Aware Max Sharpe γ=0.25,25.0,0.04462431899933174,0.00011156079749832935
2022-12-01,Combined Robust Max Sharpe λ=0.50 γ=0.10,0.0,9.200339387703826e-16,0.0
2022-12-01,Combined Robust Max Sharpe λ=0.50 γ=0.10,5.0,9.200339387703826e-16,4.600169693851913e-19
2022-12-01,Combined Robust Max Sharpe λ=0.50 γ=0.10,10.0,9.200339387703826e-16,9.200339387703827e-19
2022-12-01,Combined Robust Max Sharpe λ=0.50 γ=0.10,25.0,9.200339387703826e-16,2.300084846925956e-18
2022-12-01,Equal Weight,0.0,0.0,0.0
2022-12-01,Equal Weight,5.0,0.0,0.0
2022-12-01,Equal Weight,10.0,0.0,0.0
2022-12-01,Equal Weight,25.0,0.0,0.0
2022-12-01,Maximum Sharpe,0.0,1.6484691494555401e-15,0.0
2022-12-01,Maximum Sharpe,5.0,1.6484691494555401e-15,8.242345747277701e-19
2022-12-01,Maximum Sharpe,10.0,1.6484691494555401e-15,1.6484691494555403e-18
2022-12-01,Maximum Sharpe,25.0,1.6484691494555401e-15,4.1211728736388506e-18
2022-12-01,Minimum Variance,0.0,0.021678199505593253,0.0
2022-12-01,Minimum Variance,5.0,0.021678199505593253,1.0839099752796627e-05
2022-12-01,Minimum Variance,10.0,0.021678199505593253,2.1678199505593254e-05
2022-12-01,Minimum Variance,25.0,0.021678199505593253,5.419549876398313e-05
2022-12-01,SPY,0.0,0.0,0.0
2022-12-01,SPY,5.0,0.0,0.0
2022-12-01,SPY,10.0,0.0,0.0
2022-12-01,SPY,25.0,0.0,0.0
2022-12-01,Shrunk Max Sharpe λ=0.25,0.0,0.10000000000000003,0.0
2022-12-01,Shrunk Max Sharpe λ=0.25,5.0,0.10000000000000003,5.000000000000002e-05
2022-12-01,Shrunk Max Sharpe λ=0.25,10.0,0.10000000000000003,0.00010000000000000005
2022-12-01,Shrunk Max Sharpe λ=0.25,25.0,0.10000000000000003,0.0002500000000000001
2022-12-01,Shrunk Max Sharpe λ=0.50,0.0,0.0999999999999999,0.0
2022-12-01,Shrunk Max Sharpe λ=0.50,5.0,0.0999999999999999,4.999999999999994e-05
2022-12-01,Shrunk Max Sharpe λ=0.50,10.0,0.0999999999999999,9.999999999999988e-05
2022-12-01,Shrunk Max Sharpe λ=0.50,25.0,0.0999999999999999,0.00024999999999999973
2022-12-01,Shrunk Max Sharpe λ=0.75,0.0,0.34119246599072994,0.0
2022-12-01,Shrunk Max Sharpe λ=0.75,5.0,0.34119246599072994,0.00017059623299536496
2022-12-01,Shrunk Max Sharpe λ=0.75,10.0,0.34119246599072994,0.0003411924659907299
2022-12-01,Shrunk Max Sharpe λ=0.75,25.0,0.34119246599072994,0.0008529811649768249
2022-12-01,Turnover-Aware Max Sharpe γ=0.05,0.0,1.3292212700703276e-15,0.0
2022-12-01,Turnover-Aware Max Sharpe γ=0.05,5.0,1.3292212700703276e-15,6.646106350351638e-19
2022-12-01,Turnover-Aware Max Sharpe γ=0.05,10.0,1.3292212700703276e-15,1.3292212700703277e-18
2022-12-01,Turnover-Aware Max Sharpe γ=0.05,25.0,1.3292212700703276e-15,3.3230531751758188e-18
2022-12-01,Turnover-Aware Max Sharpe γ=0.10,0.0,2.894775332969083e-16,0.0
2022-12-01,Turnover-Aware Max Sharpe γ=0.10,5.0,2.894775332969083e-16,1.4473876664845413e-19
2022-12-01,Turnover-Aware Max Sharpe γ=0.10,10.0,2.894775332969083e-16,2.8947753329690827e-19
2022-12-01,Turnover-Aware Max Sharpe γ=0.10,25.0,2.894775332969083e-16,7.236938332422707e-19
2022-12-01,Turnover-Aware Max Sharpe γ=0.25,0.0,9.494419997789077e-16,0.0
2022-12-01,Turnover-Aware Max Sharpe γ=0.25,5.0,9.494419997789077e-16,4.747209998894539e-19
2022-12-01,Turnover-Aware Max Sharpe γ=0.25,10.0,9.494419997789077e-16,9.494419997789077e-19
2022-12-01,Turnover-Aware Max Sharpe γ=0.25,25.0,9.494419997789077e-16,2.373604999447269e-18
2023-02-01,Combined Robust Max Sharpe λ=0.50 γ=0.10,0.0,8.941764645787042e-16,0.0
2023-02-01,Combined Robust Max Sharpe λ=0.50 γ=0.10,5.0,8.941764645787042e-16,4.470882322893521e-19
2023-02-01,Combined Robust Max Sharpe λ=0.50 γ=0.10,10.0,8.941764645787042e-16,8.941764645787041e-19
2023-02-01,Combined Robust Max Sharpe λ=0.50 γ=0.10,25.0,8.941764645787042e-16,2.2354411614467607e-18
2023-02-01,Equal Weight,0.0,0.0,0.0
2023-02-01,Equal Weight,5.0,0.0,0.0
2023-02-01,Equal Weight,10.0,0.0,0.0
2023-02-01,Equal Weight,25.0,0.0,0.0
2023-02-01,Maximum Sharpe,0.0,5.933991617167497e-16,0.0
2023-02-01,Maximum Sharpe,5.0,5.933991617167497e-16,2.9669958085837484e-19
2023-02-01,Maximum Sharpe,10.0,5.933991617167497e-16,5.933991617167497e-19
2023-02-01,Maximum Sharpe,25.0,5.933991617167497e-16,1.4834979042918742e-18
2023-02-01,Minimum Variance,0.0,0.02526347541578099,0.0
2023-02-01,Minimum Variance,5.0,0.02526347541578099,1.2631737707890495e-05
2023-02-01,Minimum Variance,10.0,0.02526347541578099,2.526347541578099e-05
2023-02-01,Minimum Variance,25.0,0.02526347541578099,6.315868853945248e-05
2023-02-01,SPY,0.0,0.0,0.0
2023-02-01,SPY,5.0,0.0,0.0
2023-02-01,SPY,10.0,0.0,0.0
2023-02-01,SPY,25.0,0.0,0.0
2023-02-01,Shrunk Max Sharpe λ=0.25,0.0,0.10000000000000107,0.0
2023-02-01,Shrunk Max Sharpe λ=0.25,5.0,0.10000000000000107,5.000000000000053e-05
2023-02-01,Shrunk Max Sharpe λ=0.25,10.0,0.10000000000000107,0.00010000000000000106
2023-02-01,Shrunk Max Sharpe λ=0.25,25.0,0.10000000000000107,0.00025000000000000266
2023-02-01,Shrunk Max Sharpe λ=0.50,0.0,0.019432361851875458,0.0
2023-02-01,Shrunk Max Sharpe λ=0.50,5.0,0.019432361851875458,9.716180925937728e-06
2023-02-01,Shrunk Max Sharpe λ=0.50,10.0,0.019432361851875458,1.9432361851875455e-05
2023-02-01,Shrunk Max Sharpe λ=0.50,25.0,0.019432361851875458,4.858090462968864e-05
2023-02-01,Shrunk Max Sharpe λ=0.75,0.0,0.08655426983439568,0.0
2023-02-01,Shrunk Max Sharpe λ=0.75,5.0,0.08655426983439568,4.327713491719784e-05
2023-02-01,Shrunk Max Sharpe λ=0.75,10.0,0.08655426983439568,8.655426983439568e-05
2023-02-01,Shrunk Max Sharpe λ=0.75,25.0,0.08655426983439568,0.0002163856745859892
2023-02-01,Turnover-Aware Max Sharpe γ=0.05,0.0,1.5736539241736427e-15,0.0
2023-02-01,Turnover-Aware Max Sharpe γ=0.05,5.0,1.5736539241736427e-15,7.868269620868214e-19
2023-02-01,Turnover-Aware Max Sharpe γ=0.05,10.0,1.5736539241736427e-15,1.5736539241736427e-18
2023-02-01,Turnover-Aware Max Sharpe γ=0.05,25.0,1.5736539241736427e-15,3.934134810434107e-18
2023-02-01,Turnover-Aware Max Sharpe γ=0.10,0.0,6.697209409492939e-16,0.0
2023-02-01,Turnover-Aware Max Sharpe γ=0.10,5.0,6.697209409492939e-16,3.3486047047464695e-19
2023-02-01,Turnover-Aware Max Sharpe γ=0.10,10.0,6.697209409492939e-16,6.697209409492939e-19
2023-02-01,Turnover-Aware Max Sharpe γ=0.10,25.0,6.697209409492939e-16,1.6743023523732348e-18
2023-02-01,Turnover-Aware Max Sharpe γ=0.25,0.0,1.2083347906525114e-15,0.0
2023-02-01,Turnover-Aware Max Sharpe γ=0.25,5.0,1.2083347906525114e-15,6.041673953262557e-19
2023-02-01,Turnover-Aware Max Sharpe γ=0.25,10.0,1.2083347906525114e-15,1.2083347906525115e-18
2023-02-01,Turnover-Aware Max Sharpe γ=0.25,25.0,1.2083347906525114e-15,3.020836976631279e-18
2023-03-01,Combined Robust Max Sharpe λ=0.50 γ=0.10,0.0,1.0915397613725928e-15,0.0
2023-03-01,Combined Robust Max Sharpe λ=0.50 γ=0.10,5.0,1.0915397613725928e-15,5.457698806862964e-19
2023-03-01,Combined Robust Max Sharpe λ=0.50 γ=0.10,10.0,1.0915397613725928e-15,1.0915397613725928e-18
2023-03-01,Combined Robust Max Sharpe λ=0.50 γ=0.10,25.0,1.0915397613725928e-15,2.728849403431482e-18
2023-03-01,Equal Weight,0.0,0.0,0.0
2023-03-01,Equal Weight,5.0,0.0,0.0
2023-03-01,Equal Weight,10.0,0.0,0.0
2023-03-01,Equal Weight,25.0,0.0,0.0
2023-03-01,Maximum Sharpe,0.0,1.1280266456386308e-15,0.0
2023-03-01,Maximum Sharpe,5.0,1.1280266456386308e-15,5.640133228193153e-19
2023-03-01,Maximum Sharpe,10.0,1.1280266456386308e-15,1.1280266456386306e-18
2023-03-01,Maximum Sharpe,25.0,1.1280266456386308e-15,2.820066614096577e-18
2023-03-01,Minimum Variance,0.0,0.011353440748740543,0.0
2023-03-01,Minimum Variance,5.0,0.011353440748740543,5.676720374370271e-06
2023-03-01,Minimum Variance,10.0,0.011353440748740543,1.1353440748740542e-05
2023-03-01,Minimum Variance,25.0,0.011353440748740543,2.8383601871851355e-05
2023-03-01,SPY,0.0,0.0,0.0
2023-03-01,SPY,5.0,0.0,0.0
2023-03-01,SPY,10.0,0.0,0.0
2023-03-01,SPY,25.0,0.0,0.0
2023-03-01,Shrunk Max Sharpe λ=0.25,0.0,6.073030900886458e-16,0.0
2023-03-01,Shrunk Max Sharpe λ=0.25,5.0,6.073030900886458e-16,3.0365154504432295e-19
2023-03-01,Shrunk Max Sharpe λ=0.25,10.0,6.073030900886458e-16,6.073030900886459e-19
2023-03-01,Shrunk Max Sharpe λ=0.25,25.0,6.073030900886458e-16,1.5182577252216146e-18
2023-03-01,Shrunk Max Sharpe λ=0.50,0.0,0.1194323618518751,0.0
2023-03-01,Shrunk Max Sharpe λ=0.50,5.0,0.1194323618518751,5.9716180925937544e-05
2023-03-01,Shrunk Max Sharpe λ=0.50,10.0,0.1194323618518751,0.00011943236185187509
2023-03-01,Shrunk Max Sharpe λ=0.50,25.0,0.1194323618518751,0.0002985809046296878
2023-03-01,Shrunk Max Sharpe λ=0.75,0.0,0.10000000000000138,0.0
2023-03-01,Shrunk Max Sharpe λ=0.75,5.0,0.10000000000000138,5.000000000000069e-05
2023-03-01,Shrunk Max Sharpe λ=0.75,10.0,0.10000000000000138,0.00010000000000000137
2023-03-01,Shrunk Max Sharpe λ=0.75,25.0,0.10000000000000138,0.0002500000000000035
2023-03-01,Turnover-Aware Max Sharpe γ=0.05,0.0,7.15229166200491e-16,0.0
2023-03-01,Turnover-Aware Max Sharpe γ=0.05,5.0,7.15229166200491e-16,3.576145831002455e-19
2023-03-01,Turnover-Aware Max Sharpe γ=0.05,10.0,7.15229166200491e-16,7.15229166200491e-19
2023-03-01,Turnover-Aware Max Sharpe γ=0.05,25.0,7.15229166200491e-16,1.7880729155012275e-18
2023-03-01,Turnover-Aware Max Sharpe γ=0.10,0.0,5.012483763033967e-16,0.0
2023-03-01,Turnover-Aware Max Sharpe γ=0.10,5.0,5.012483763033967e-16,2.506241881516983e-19
2023-03-01,Turnover-Aware Max Sharpe γ=0.10,10.0,5.012483763033967e-16,5.012483763033966e-19
2023-03-01,Turnover-Aware Max Sharpe γ=0.10,25.0,5.012483763033967e-16,1.2531209407584918e-18
2023-03-01,Turnover-Aware Max Sharpe γ=0.25,0.0,0.05630400630191035,0.0
2023-03-01,Turnover-Aware Max Sharpe γ=0.25,5.0,0.05630400630191035,2.8152003150955175e-05
2023-03-01,Turnover-Aware Max Sharpe γ=0.25,10.0,0.05630400630191035,5.630400630191035e-05
2023-03-01,Turnover-Aware Max Sharpe γ=0.25,25.0,0.05630400630191035,0.00014076001575477588
2023-05-01,Combined Robust Max Sharpe λ=0.50 γ=0.10,0.0,0.13936660018682856,0.0
2023-05-01,Combined Robust Max Sharpe λ=0.50 γ=0.10,5.0,0.13936660018682856,6.968330009341427e-05
2023-05-01,Combined Robust Max Sharpe λ=0.50 γ=0.10,10.0,0.13936660018682856,0.00013936660018682855
2023-05-01,Combined Robust Max Sharpe λ=0.50 γ=0.10,25.0,0.13936660018682856,0.0003484165004670714
2023-05-01,Equal Weight,0.0,0.0,0.0
2023-05-01,Equal Weight,5.0,0.0,0.0
2023-05-01,Equal Weight,10.0,0.0,0.0
2023-05-01,Equal Weight,25.0,0.0,0.0
2023-05-01,Maximum Sharpe,0.0,0.3000000000000003,0.0
2023-05-01,Maximum Sharpe,5.0,0.3000000000000003,0.00015000000000000015
2023-05-01,Maximum Sharpe,10.0,0.3000000000000003,0.0003000000000000003
2023-05-01,Maximum Sharpe,25.0,0.3000000000000003,0.0007500000000000008
2023-05-01,Minimum Variance,0.0,0.07659744526177562,0.0
2023-05-01,Minimum Variance,5.0,0.07659744526177562,3.8298722630887805e-05
2023-05-01,Minimum Variance,10.0,0.07659744526177562,7.659744526177561e-05
2023-05-01,Minimum Variance,25.0,0.07659744526177562,0.00019149361315443905
2023-05-01,SPY,0.0,0.0,0.0
2023-05-01,SPY,5.0,0.0,0.0
2023-05-01,SPY,10.0,0.0,0.0
2023-05-01,SPY,25.0,0.0,0.0
2023-05-01,Shrunk Max Sharpe λ=0.25,0.0,0.2960486540092553,0.0
2023-05-01,Shrunk Max Sharpe λ=0.25,5.0,0.2960486540092553,0.00014802432700462763
2023-05-01,Shrunk Max Sharpe λ=0.25,10.0,0.2960486540092553,0.00029604865400925526
2023-05-01,Shrunk Max Sharpe λ=0.25,25.0,0.2960486540092553,0.0007401216350231382
2023-05-01,Shrunk Max Sharpe λ=0.50,0.0,0.3000000000000001,0.0
2023-05-01,Shrunk Max Sharpe λ=0.50,5.0,0.3000000000000001,0.00015000000000000004
2023-05-01,Shrunk Max Sharpe λ=0.50,10.0,0.3000000000000001,0.0003000000000000001
2023-05-01,Shrunk Max Sharpe λ=0.50,25.0,0.3000000000000001,0.0007500000000000002
2023-05-01,Shrunk Max Sharpe λ=0.75,0.0,0.1456572427818141,0.0
2023-05-01,Shrunk Max Sharpe λ=0.75,5.0,0.1456572427818141,7.282862139090706e-05
2023-05-01,Shrunk Max Sharpe λ=0.75,10.0,0.1456572427818141,0.00014565724278181412
2023-05-01,Shrunk Max Sharpe λ=0.75,25.0,0.1456572427818141,0.0003641431069545352
2023-05-01,Turnover-Aware Max Sharpe γ=0.05,0.0,0.20447705864108504,0.0
2023-05-01,Turnover-Aware Max Sharpe γ=0.05,5.0,0.20447705864108504,0.00010223852932054251
2023-05-01,Turnover-Aware Max Sharpe γ=0.05,10.0,0.20447705864108504,0.00020447705864108502
2023-05-01,Turnover-Aware Max Sharpe γ=0.05,25.0,0.20447705864108504,0.0005111926466027126
2023-05-01,Turnover-Aware Max Sharpe γ=0.10,0.0,0.10202381074629151,0.0
2023-05-01,Turnover-Aware Max Sharpe γ=0.10,5.0,0.10202381074629151,5.101190537314575e-05
2023-05-01,Turnover-Aware Max Sharpe γ=0.10,10.0,0.10202381074629151,0.0001020238107462915
2023-05-01,Turnover-Aware Max Sharpe γ=0.10,25.0,0.10202381074629151,0.00025505952686572875
2023-05-01,Turnover-Aware Max Sharpe γ=0.25,0.0,6.001649063589832e-16,0.0
2023-05-01,Turnover-Aware Max Sharpe γ=0.25,5.0,6.001649063589832e-16,3.000824531794916e-19
2023-05-01,Turnover-Aware Max Sharpe γ=0.25,10.0,6.001649063589832e-16,6.001649063589832e-19
2023-05-01,Turnover-Aware Max Sharpe γ=0.25,25.0,6.001649063589832e-16,1.500412265897458e-18
2023-06-01,Combined Robust Max Sharpe λ=0.50 γ=0.10,0.0,5.726106831584693e-16,0.0
2023-06-01,Combined Robust Max Sharpe λ=0.50 γ=0.10,5.0,5.726106831584693e-16,2.8630534157923463e-19
2023-06-01,Combined Robust Max Sharpe λ=0.50 γ=0.10,10.0,5.726106831584693e-16,5.726106831584693e-19
2023-06-01,Combined Robust Max Sharpe λ=0.50 γ=0.10,25.0,5.726106831584693e-16,1.4315267078961732e-18
2023-06-01,Equal Weight,0.0,0.0,0.0
2023-06-01,Equal Weight,5.0,0.0,0.0
2023-06-01,Equal Weight,10.0,0.0,0.0
2023-06-01,Equal Weight,25.0,0.0,0.0
2023-06-01,Maximum Sharpe,0.0,0.18272008624265967,0.0
2023-06-01,Maximum Sharpe,5.0,0.18272008624265967,9.136004312132984e-05
2023-06-01,Maximum Sharpe,10.0,0.18272008624265967,0.00018272008624265967
2023-06-01,Maximum Sharpe,25.0,0.18272008624265967,0.0004568002156066492
2023-06-01,Minimum Variance,0.0,0.007566920451040107,0.0
2023-06-01,Minimum Variance,5.0,0.007566920451040107,3.7834602255200536e-06
2023-06-01,Minimum Variance,10.0,0.007566920451040107,7.566920451040107e-06
2023-06-01,Minimum Variance,25.0,0.007566920451040107,1.8917301127600267e-05
2023-06-01,SPY,0.0,0.0,0.0
2023-06-01,SPY,5.0,0.0,0.0
2023-06-01,SPY,10.0,0.0,0.0
2023-06-01,SPY,25.0,0.0,0.0
2023-06-01,Shrunk Max Sharpe λ=0.25,0.0,0.19604865400925542,0.0
2023-06-01,Shrunk Max Sharpe λ=0.25,5.0,0.19604865400925542,9.80243270046277e-05
2023-06-01,Shrunk Max Sharpe λ=0.25,10.0,0.19604865400925542,0.0001960486540092554
2023-06-01,Shrunk Max Sharpe λ=0.25,25.0,0.19604865400925542,0.0004901216350231385
2023-06-01,Shrunk Max Sharpe λ=0.50,0.0,0.19999999999999996,0.0
2023-06-01,Shrunk Max Sharpe λ=0.50,5.0,0.19999999999999996,9.999999999999998e-05
2023-06-01,Shrunk Max Sharpe λ=0.50,10.0,0.19999999999999996,0.00019999999999999996
2023-06-01,Shrunk Max Sharpe λ=0.50,25.0,0.19999999999999996,0.0004999999999999999
2023-06-01,Shrunk Max Sharpe λ=0.75,0.0,0.1446780262565807,0.0
2023-06-01,Shrunk Max Sharpe λ=0.75,5.0,0.1446780262565807,7.233901312829034e-05
2023-06-01,Shrunk Max Sharpe λ=0.75,10.0,0.1446780262565807,0.00014467802625658068
2023-06-01,Shrunk Max Sharpe λ=0.75,25.0,0.1446780262565807,0.00036169506564145173
2023-06-01,Turnover-Aware Max Sharpe γ=0.05,0.0,0.06794530464703867,0.0
2023-06-01,Turnover-Aware Max Sharpe γ=0.05,5.0,0.06794530464703867,3.397265232351934e-05
2023-06-01,Turnover-Aware Max Sharpe γ=0.05,10.0,0.06794530464703867,6.794530464703868e-05
2023-06-01,Turnover-Aware Max Sharpe γ=0.05,25.0,0.06794530464703867,0.0001698632616175967
2023-06-01,Turnover-Aware Max Sharpe γ=0.10,0.0,5.441890240564186e-16,0.0
2023-06-01,Turnover-Aware Max Sharpe γ=0.10,5.0,5.441890240564186e-16,2.720945120282093e-19
2023-06-01,Turnover-Aware Max Sharpe γ=0.10,10.0,5.441890240564186e-16,5.441890240564186e-19
2023-06-01,Turnover-Aware Max Sharpe γ=0.10,25.0,5.441890240564186e-16,1.3604725601410465e-18
2023-06-01,Turnover-Aware Max Sharpe γ=0.25,0.0,6.674955177934582e-16,0.0
2023-06-01,Turnover-Aware Max Sharpe γ=0.25,5.0,6.674955177934582e-16,3.3374775889672913e-19
2023-06-01,Turnover-Aware Max Sharpe γ=0.25,10.0,6.674955177934582e-16,6.674955177934583e-19
2023-06-01,Turnover-Aware Max Sharpe γ=0.25,25.0,6.674955177934582e-16,1.6687387944836455e-18
2023-08-01,Combined Robust Max Sharpe λ=0.50 γ=0.10,0.0,0.0766305059485707,0.0
2023-08-01,Combined Robust Max Sharpe λ=0.50 γ=0.10,5.0,0.0766305059485707,3.831525297428535e-05
2023-08-01,Combined Robust Max Sharpe λ=0.50 γ=0.10,10.0,0.0766305059485707,7.66305059485707e-05
2023-08-01,Combined Robust Max Sharpe λ=0.50 γ=0.10,25.0,0.0766305059485707,0.00019157626487142674
2023-08-01,Equal Weight,0.0,0.0,0.0
2023-08-01,Equal Weight,5.0,0.0,0.0
2023-08-01,Equal Weight,10.0,0.0,0.0
2023-08-01,Equal Weight,25.0,0.0,0.0
2023-08-01,Maximum Sharpe,0.0,0.28272008624265943,0.0
2023-08-01,Maximum Sharpe,5.0,0.28272008624265943,0.00014136004312132974
2023-08-01,Maximum Sharpe,10.0,0.28272008624265943,0.0002827200862426595
2023-08-01,Maximum Sharpe,25.0,0.28272008624265943,0.0007068002156066486
2023-08-01,Minimum Variance,0.0,0.02255948865816636,0.0
2023-08-01,Minimum Variance,5.0,0.02255948865816636,1.127974432908318e-05
2023-08-01,Minimum Variance,10.0,0.02255948865816636,2.255948865816636e-05
2023-08-01,Minimum Variance,25.0,0.02255948865816636,5.639872164541591e-05
2023-08-01,SPY,0.0,0.0,0.0
2023-08-01,SPY,5.0,0.0,0.0
2023-08-01,SPY,10.0,0.0,0.0
2023-08-01,SPY,25.0,0.0,0.0
2023-08-01,Shrunk Max Sharpe λ=0.25,0.0,0.3,0.0
2023-08-01,Shrunk Max Sharpe λ=0.25,5.0,0.3,0.00015
2023-08-01,Shrunk Max Sharpe λ=0.25,10.0,0.3,0.0003
2023-08-01,Shrunk Max Sharpe λ=0.25,25.0,0.3,0.00075
2023-08-01,Shrunk Max Sharpe λ=0.50,0.0,0.30000000000000027,0.0
2023-08-01,Shrunk Max Sharpe λ=0.50,5.0,0.30000000000000027,0.00015000000000000012
2023-08-01,Shrunk Max Sharpe λ=0.50,10.0,0.30000000000000027,0.00030000000000000024
2023-08-01,Shrunk Max Sharpe λ=0.50,25.0,0.30000000000000027,0.0007500000000000007
2023-08-01,Shrunk Max Sharpe λ=0.75,0.0,0.1924264750291515,0.0
2023-08-01,Shrunk Max Sharpe λ=0.75,5.0,0.1924264750291515,9.621323751457575e-05
2023-08-01,Shrunk Max Sharpe λ=0.75,10.0,0.1924264750291515,0.0001924264750291515
2023-08-01,Shrunk Max Sharpe λ=0.75,25.0,0.1924264750291515,0.00048106618757287877
2023-08-01,Turnover-Aware Max Sharpe γ=0.05,0.0,0.26346824600595375,0.0
2023-08-01,Turnover-Aware Max Sharpe γ=0.05,5.0,0.26346824600595375,0.00013173412300297689
2023-08-01,Turnover-Aware Max Sharpe γ=0.05,10.0,0.26346824600595375,0.00026346824600595377
2023-08-01,Turnover-Aware Max Sharpe γ=0.05,25.0,0.26346824600595375,0.0006586706150148844
2023-08-01,Turnover-Aware Max Sharpe γ=0.10,0.0,0.24286658357200638,0.0
2023-08-01,Turnover-Aware Max Sharpe γ=0.10,5.0,0.24286658357200638,0.0001214332917860032
2023-08-01,Turnover-Aware Max Sharpe γ=0.10,10.0,0.24286658357200638,0.0002428665835720064
2023-08-01,Turnover-Aware Max Sharpe γ=0.10,25.0,0.24286658357200638,0.000607166458930016
2023-08-01,Turnover-Aware Max Sharpe γ=0.25,0.0,0.06271907915394087,0.0
2023-08-01,Turnover-Aware Max Sharpe γ=0.25,5.0,0.06271907915394087,3.1359539576970434e-05
2023-08-01,Turnover-Aware Max Sharpe γ=0.25,10.0,0.06271907915394087,6.271907915394087e-05
2023-08-01,Turnover-Aware Max Sharpe γ=0.25,25.0,0.06271907915394087,0.00015679769788485217
2023-09-01,Combined Robust Max Sharpe λ=0.50 γ=0.10,0.0,0.043935501150639766,0.0
2023-09-01,Combined Robust Max Sharpe λ=0.50 γ=0.10,5.0,0.043935501150639766,2.1967750575319882e-05
2023-09-01,Combined Robust Max Sharpe λ=0.50 γ=0.10,10.0,0.043935501150639766,4.3935501150639764e-05
2023-09-01,Combined Robust Max Sharpe λ=0.50 γ=0.10,25.0,0.043935501150639766,0.00010983875287659942
2023-09-01,Equal Weight,0.0,0.0,0.0
2023-09-01,Equal Weight,5.0,0.0,0.0
2023-09-01,Equal Weight,10.0,0.0,0.0
2023-09-01,Equal Weight,25.0,0.0,0.0
2023-09-01,Maximum Sharpe,0.0,0.002590738091663149,0.0
2023-09-01,Maximum Sharpe,5.0,0.002590738091663149,1.2953690458315743e-06
2023-09-01,Maximum Sharpe,10.0,0.002590738091663149,2.5907380916631487e-06
2023-09-01,Maximum Sharpe,25.0,0.002590738091663149,6.476845229157873e-06
2023-09-01,Minimum Variance,0.0,0.02181449496457442,0.0
2023-09-01,Minimum Variance,5.0,0.02181449496457442,1.090724748228721e-05
2023-09-01,Minimum Variance,10.0,0.02181449496457442,2.181449496457442e-05
2023-09-01,Minimum Variance,25.0,0.02181449496457442,5.453623741143605e-05
2023-09-01,SPY,0.0,0.0,0.0
2023-09-01,SPY,5.0,0.0,0.0
2023-09-01,SPY,10.0,0.0,0.0
2023-09-01,SPY,25.0,0.0,0.0
2023-09-01,Shrunk Max Sharpe λ=0.25,0.0,0.027523488754397363,0.0
2023-09-01,Shrunk Max Sharpe λ=0.25,5.0,0.027523488754397363,1.3761744377198682e-05
2023-09-01,Shrunk Max Sharpe λ=0.25,10.0,0.027523488754397363,2.7523488754397364e-05
2023-09-01,Shrunk Max Sharpe λ=0.25,25.0,0.027523488754397363,6.88087218859934e-05
2023-09-01,Shrunk Max Sharpe λ=0.50,0.0,0.07685903644702674,0.0
2023-09-01,Shrunk Max Sharpe λ=0.50,5.0,0.07685903644702674,3.842951822351337e-05
2023-09-01,Shrunk Max Sharpe λ=0.50,10.0,0.07685903644702674,7.685903644702674e-05
2023-09-01,Shrunk Max Sharpe λ=0.50,25.0,0.07685903644702674,0.00019214759111756686
2023-09-01,Shrunk Max Sharpe λ=0.75,0.0,0.2582182919563358,0.0
2023-09-01,Shrunk Max Sharpe λ=0.75,5.0,0.2582182919563358,0.0001291091459781679
2023-09-01,Shrunk Max Sharpe λ=0.75,10.0,0.2582182919563358,0.0002582182919563358
2023-09-01,Shrunk Max Sharpe λ=0.75,25.0,0.2582182919563358,0.0006455457298908394
2023-09-01,Turnover-Aware Max Sharpe γ=0.05,0.0,3.33930091361481e-16,0.0
2023-09-01,Turnover-Aware Max Sharpe γ=0.05,5.0,3.33930091361481e-16,1.6696504568074052e-19
2023-09-01,Turnover-Aware Max Sharpe γ=0.05,10.0,3.33930091361481e-16,3.3393009136148104e-19
2023-09-01,Turnover-Aware Max Sharpe γ=0.05,25.0,3.33930091361481e-16,8.348252284037025e-19
2023-09-01,Turnover-Aware Max Sharpe γ=0.10,0.0,0.01908144355021669,0.0
2023-09-01,Turnover-Aware Max Sharpe γ=0.10,5.0,0.01908144355021669,9.540721775108346e-06
2023-09-01,Turnover-Aware Max Sharpe γ=0.10,10.0,0.01908144355021669,1.9081443550216693e-05
2023-09-01,Turnover-Aware Max Sharpe γ=0.10,25.0,0.01908144355021669,4.770360887554173e-05
2023-09-01,Turnover-Aware Max Sharpe γ=0.25,0.0,5.696078169837111e-16,0.0
2023-09-01,Turnover-Aware Max Sharpe γ=0.25,5.0,5.696078169837111e-16,2.848039084918556e-19
2023-09-01,Turnover-Aware Max Sharpe γ=0.25,10.0,5.696078169837111e-16,5.696078169837112e-19
2023-09-01,Turnover-Aware Max Sharpe γ=0.25,25.0,5.696078169837111e-16,1.4240195424592777e-18
2023-11-01,Combined Robust Max Sharpe λ=0.50 γ=0.10,0.0,8.758834947607956e-16,0.0
2023-11-01,Combined Robust Max Sharpe λ=0.50 γ=0.10,5.0,8.758834947607956e-16,4.379417473803978e-19
2023-11-01,Combined Robust Max Sharpe λ=0.50 γ=0.10,10.0,8.758834947607956e-16,8.758834947607956e-19
2023-11-01,Combined Robust Max Sharpe λ=0.50 γ=0.10,25.0,8.758834947607956e-16,2.189708736901989e-18
2023-11-01,Equal Weight,0.0,0.0,0.0
2023-11-01,Equal Weight,5.0,0.0,0.0
2023-11-01,Equal Weight,10.0,0.0,0.0
2023-11-01,Equal Weight,25.0,0.0,0.0
2023-11-01,Maximum Sharpe,0.0,0.20461445570430722,0.0
2023-11-01,Maximum Sharpe,5.0,0.20461445570430722,0.0001023072278521536
2023-11-01,Maximum Sharpe,10.0,0.20461445570430722,0.0002046144557043072
2023-11-01,Maximum Sharpe,25.0,0.20461445570430722,0.0005115361392607681
2023-11-01,Minimum Variance,0.0,0.017673170908119453,0.0
2023-11-01,Minimum Variance,5.0,0.017673170908119453,8.836585454059726e-06
2023-11-01,Minimum Variance,10.0,0.017673170908119453,1.7673170908119452e-05
2023-11-01,Minimum Variance,25.0,0.017673170908119453,4.4182927270298636e-05
2023-11-01,SPY,0.0,0.0,0.0
2023-11-01,SPY,5.0,0.0,0.0
2023-11-01,SPY,10.0,0.0,0.0
2023-11-01,SPY,25.0,0.0,0.0
2023-11-01,Shrunk Max Sharpe λ=0.25,0.0,0.20116756254294832,0.0
2023-11-01,Shrunk Max Sharpe λ=0.25,5.0,0.20116756254294832,0.00010058378127147416
2023-11-01,Shrunk Max Sharpe λ=0.25,10.0,0.20116756254294832,0.00020116756254294832
2023-11-01,Shrunk Max Sharpe λ=0.25,25.0,0.20116756254294832,0.0005029189063573708
2023-11-01,Shrunk Max Sharpe λ=0.50,0.0,0.19440138028966789,0.0
2023-11-01,Shrunk Max Sharpe λ=0.50,5.0,0.19440138028966789,9.720069014483395e-05
2023-11-01,Shrunk Max Sharpe λ=0.50,10.0,0.19440138028966789,0.0001944013802896679
2023-11-01,Shrunk Max Sharpe λ=0.50,25.0,0.19440138028966789,0.0004860034507241697
2023-11-01,Shrunk Max Sharpe λ=0.75,0.0,0.17506067915151102,0.0
2023-11-01,Shrunk Max Sharpe λ=0.75,5.0,0.17506067915151102,8.75303395757555e-05
2023-11-01,Shrunk Max Sharpe λ=0.75,10.0,0.17506067915151102,0.000175060679151511
2023-11-01,Shrunk Max Sharpe λ=0.75,25.0,0.17506067915151102,0.00043765169787877755
2023-11-01,Turnover-Aware Max Sharpe γ=0.05,0.0,0.20720514060819087,0.0
2023-11-01,Turnover-Aware Max Sharpe γ=0.05,5.0,0.20720514060819087,0.00010360257030409543
2023-11-01,Turnover-Aware Max Sharpe γ=0.05,10.0,0.20720514060819087,0.00020720514060819085
2023-11-01,Turnover-Aware Max Sharpe γ=0.05,25.0,0.20720514060819087,0.0005180128515204772
2023-11-01,Turnover-Aware Max Sharpe γ=0.10,0.0,0.2024107290125431,0.0
2023-11-01,Turnover-Aware Max Sharpe γ=0.10,5.0,0.2024107290125431,0.00010120536450627155
2023-11-01,Turnover-Aware Max Sharpe γ=0.10,10.0,0.2024107290125431,0.0002024107290125431
2023-11-01,Turnover-Aware Max Sharpe γ=0.10,25.0,0.2024107290125431,0.0005060268225313577
2023-11-01,Turnover-Aware Max Sharpe γ=0.25,0.0,1.5647693683710209e-15,0.0
2023-11-01,Turnover-Aware Max Sharpe γ=0.25,5.0,1.5647693683710209e-15,7.823846841855104e-19
2023-11-01,Turnover-Aware Max Sharpe γ=0.25,10.0,1.5647693683710209e-15,1.5647693683710208e-18
2023-11-01,Turnover-Aware Max Sharpe γ=0.25,25.0,1.5647693683710209e-15,3.911923420927552e-18
2023-12-01,Combined Robust Max Sharpe λ=0.50 γ=0.10,0.0,0.12056600709920985,0.0
2023-12-01,Combined Robust Max Sharpe λ=0.50 γ=0.10,5.0,0.12056600709920985,6.028300354960493e-05
2023-12-01,Combined Robust Max Sharpe λ=0.50 γ=0.10,10.0,0.12056600709920985,0.00012056600709920986
2023-12-01,Combined Robust Max Sharpe λ=0.50 γ=0.10,25.0,0.12056600709920985,0.00030141501774802465
2023-12-01,Equal Weight,0.0,0.0,0.0
2023-12-01,Equal Weight,5.0,0.0,0.0
2023-12-01,Equal Weight,10.0,0.0,0.0
2023-12-01,Equal Weight,25.0,0.0,0.0
2023-12-01,Maximum Sharpe,0.0,0.14044303946072578,0.0
2023-12-01,Maximum Sharpe,5.0,0.14044303946072578,7.022151973036289e-05
2023-12-01,Maximum Sharpe,10.0,0.14044303946072578,0.00014044303946072578
2023-12-01,Maximum Sharpe,25.0,0.14044303946072578,0.00035110759865181445
2023-12-01,Minimum Variance,0.0,0.01936939784277465,0.0
2023-12-01,Minimum Variance,5.0,0.01936939784277465,9.684698921387324e-06
2023-12-01,Minimum Variance,10.0,0.01936939784277465,1.9369397842774648e-05
2023-12-01,Minimum Variance,25.0,0.01936939784277465,4.8423494606936625e-05
2023-12-01,SPY,0.0,0.0,0.0
2023-12-01,SPY,5.0,0.0,0.0
2023-12-01,SPY,10.0,0.0,0.0
2023-12-01,SPY,25.0,0.0,0.0
2023-12-01,Shrunk Max Sharpe λ=0.25,0.0,0.17438779909309532,0.0
2023-12-01,Shrunk Max Sharpe λ=0.25,5.0,0.17438779909309532,8.719389954654766e-05
2023-12-01,Shrunk Max Sharpe λ=0.25,10.0,0.17438779909309532,0.00017438779909309532
2023-12-01,Shrunk Max Sharpe λ=0.25,25.0,0.17438779909309532,0.0004359694977327383
2023-12-01,Shrunk Max Sharpe λ=0.50,0.0,0.19999999999999996,0.0
2023-12-01,Shrunk Max Sharpe λ=0.50,5.0,0.19999999999999996,9.999999999999998e-05
2023-12-01,Shrunk Max Sharpe λ=0.50,10.0,0.19999999999999996,0.00019999999999999996
2023-12-01,Shrunk Max Sharpe λ=0.50,25.0,0.19999999999999996,0.0004999999999999999
2023-12-01,Shrunk Max Sharpe λ=0.75,0.0,0.20000000000000137,0.0
2023-12-01,Shrunk Max Sharpe λ=0.75,5.0,0.20000000000000137,0.00010000000000000068
2023-12-01,Shrunk Max Sharpe λ=0.75,10.0,0.20000000000000137,0.00020000000000000136
2023-12-01,Shrunk Max Sharpe λ=0.75,25.0,0.20000000000000137,0.0005000000000000035
2023-12-01,Turnover-Aware Max Sharpe γ=0.05,0.0,0.1404432277737011,0.0
2023-12-01,Turnover-Aware Max Sharpe γ=0.05,5.0,0.1404432277737011,7.022161388685055e-05
2023-12-01,Turnover-Aware Max Sharpe γ=0.05,10.0,0.1404432277737011,0.0001404432277737011
2023-12-01,Turnover-Aware Max Sharpe γ=0.05,25.0,0.1404432277737011,0.00035110806943425277
2023-12-01,Turnover-Aware Max Sharpe γ=0.10,0.0,0.14044302684095225,0.0
2023-12-01,Turnover-Aware Max Sharpe γ=0.10,5.0,0.14044302684095225,7.022151342047613e-05
2023-12-01,Turnover-Aware Max Sharpe γ=0.10,10.0,0.14044302684095225,0.00014044302684095225
2023-12-01,Turnover-Aware Max Sharpe γ=0.10,25.0,0.14044302684095225,0.00035110756710238065
2023-12-01,Turnover-Aware Max Sharpe γ=0.25,0.0,0.11526132535253193,0.0
2023-12-01,Turnover-Aware Max Sharpe γ=0.25,5.0,0.11526132535253193,5.763066267626596e-05
2023-12-01,Turnover-Aware Max Sharpe γ=0.25,10.0,0.11526132535253193,0.00011526132535253192
2023-12-01,Turnover-Aware Max Sharpe γ=0.25,25.0,0.11526132535253193,0.0002881533133813298
2024-02-01,Combined Robust Max Sharpe λ=0.50 γ=0.10,0.0,4.683039400076552e-16,0.0
2024-02-01,Combined Robust Max Sharpe λ=0.50 γ=0.10,5.0,4.683039400076552e-16,2.341519700038276e-19
2024-02-01,Combined Robust Max Sharpe λ=0.50 γ=0.10,10.0,4.683039400076552e-16,4.683039400076552e-19
2024-02-01,Combined Robust Max Sharpe λ=0.50 γ=0.10,25.0,4.683039400076552e-16,1.1707598500191382e-18
2024-02-01,Equal Weight,0.0,0.0,0.0
2024-02-01,Equal Weight,5.0,0.0,0.0
2024-02-01,Equal Weight,10.0,0.0,0.0
2024-02-01,Equal Weight,25.0,0.0,0.0
2024-02-01,Maximum Sharpe,0.0,1.6780739124644397e-15,0.0
2024-02-01,Maximum Sharpe,5.0,1.6780739124644397e-15,8.390369562322199e-19
2024-02-01,Maximum Sharpe,10.0,1.6780739124644397e-15,1.6780739124644398e-18
2024-02-01,Maximum Sharpe,25.0,1.6780739124644397e-15,4.1951847811611e-18
2024-02-01,Minimum Variance,0.0,0.020094304993544608,0.0
2024-02-01,Minimum Variance,5.0,0.020094304993544608,1.0047152496772304e-05
2024-02-01,Minimum Variance,10.0,0.020094304993544608,2.0094304993544608e-05
2024-02-01,Minimum Variance,25.0,0.020094304993544608,5.023576248386152e-05
2024-02-01,SPY,0.0,0.0,0.0
2024-02-01,SPY,5.0,0.0,0.0
2024-02-01,SPY,10.0,0.0,0.0
2024-02-01,SPY,25.0,0.0,0.0
2024-02-01,Shrunk Max Sharpe λ=0.25,0.0,5.969321691489284e-15,0.0
2024-02-01,Shrunk Max Sharpe λ=0.25,5.0,5.969321691489284e-15,2.9846608457446415e-18
2024-02-01,Shrunk Max Sharpe λ=0.25,10.0,5.969321691489284e-15,5.969321691489283e-18
2024-02-01,Shrunk Max Sharpe λ=0.25,25.0,5.969321691489284e-15,1.4923304228723208e-17
2024-02-01,Shrunk Max Sharpe λ=0.50,0.0,2.9497097029902543e-16,0.0
2024-02-01,Shrunk Max Sharpe λ=0.50,5.0,2.9497097029902543e-16,1.4748548514951272e-19
2024-02-01,Shrunk Max Sharpe λ=0.50,10.0,2.9497097029902543e-16,2.9497097029902544e-19
2024-02-01,Shrunk Max Sharpe λ=0.50,25.0,2.9497097029902543e-16,7.374274257475635e-19
2024-02-01,Shrunk Max Sharpe λ=0.75,0.0,2.0106000003364523e-15,0.0
2024-02-01,Shrunk Max Sharpe λ=0.75,5.0,2.0106000003364523e-15,1.005300000168226e-18
2024-02-01,Shrunk Max Sharpe λ=0.75,10.0,2.0106000003364523e-15,2.010600000336452e-18
2024-02-01,Shrunk Max Sharpe λ=0.75,25.0,2.0106000003364523e-15,5.026500000841131e-18
2024-02-01,Turnover-Aware Max Sharpe γ=0.05,0.0,7.087550475374432e-15,0.0
2024-02-01,Turnover-Aware Max Sharpe γ=0.05,5.0,7.087550475374432e-15,3.543775237687215e-18
2024-02-01,Turnover-Aware Max Sharpe γ=0.05,10.0,7.087550475374432e-15,7.08755047537443e-18
2024-02-01,Turnover-Aware Max Sharpe γ=0.05,25.0,7.087550475374432e-15,1.771887618843608e-17
2024-02-01,Turnover-Aware Max Sharpe γ=0.10,0.0,5.562965379408473e-16,0.0
2024-02-01,Turnover-Aware Max Sharpe γ=0.10,5.0,5.562965379408473e-16,2.7814826897042365e-19
2024-02-01,Turnover-Aware Max Sharpe γ=0.10,10.0,5.562965379408473e-16,5.562965379408473e-19
2024-02-01,Turnover-Aware Max Sharpe γ=0.10,25.0,5.562965379408473e-16,1.3907413448521183e-18
2024-02-01,Turnover-Aware Max Sharpe γ=0.25,0.0,0.04745775380141106,0.0
2024-02-01,Turnover-Aware Max Sharpe γ=0.25,5.0,0.04745775380141106,2.3728876900705532e-05
2024-02-01,Turnover-Aware Max Sharpe γ=0.25,10.0,0.04745775380141106,4.7457753801411065e-05
2024-02-01,Turnover-Aware Max Sharpe γ=0.25,25.0,0.04745775380141106,0.00011864438450352766
2024-03-01,Combined Robust Max Sharpe λ=0.50 γ=0.10,0.0,4.954931800130571e-16,0.0
2024-03-01,Combined Robust Max Sharpe λ=0.50 γ=0.10,5.0,4.954931800130571e-16,2.477465900065286e-19
2024-03-01,Combined Robust Max Sharpe λ=0.50 γ=0.10,10.0,4.954931800130571e-16,4.954931800130572e-19
2024-03-01,Combined Robust Max Sharpe λ=0.50 γ=0.10,25.0,4.954931800130571e-16,1.2387329500326428e-18
2024-03-01,Equal Weight,0.0,0.0,0.0
2024-03-01,Equal Weight,5.0,0.0,0.0
2024-03-01,Equal Weight,10.0,0.0,0.0
2024-03-01,Equal Weight,25.0,0.0,0.0
2024-03-01,Maximum Sharpe,0.0,1.4753380551160278e-15,0.0
2024-03-01,Maximum Sharpe,5.0,1.4753380551160278e-15,7.3766902755801385e-19
2024-03-01,Maximum Sharpe,10.0,1.4753380551160278e-15,1.4753380551160277e-18
2024-03-01,Maximum Sharpe,25.0,1.4753380551160278e-15,3.6883451377900695e-18
2024-03-01,Minimum Variance,0.0,0.019015934672219452,0.0
2024-03-01,Minimum Variance,5.0,0.019015934672219452,9.507967336109727e-06
2024-03-01,Minimum Variance,10.0,0.019015934672219452,1.9015934672219453e-05
2024-03-01,Minimum Variance,25.0,0.019015934672219452,4.753983668054863e-05
2024-03-01,SPY,0.0,0.0,0.0
2024-03-01,SPY,5.0,0.0,0.0
2024-03-01,SPY,10.0,0.0,0.0
2024-03-01,SPY,25.0,0.0,0.0
2024-03-01,Shrunk Max Sharpe λ=0.25,0.0,6.515989096865826e-16,0.0
2024-03-01,Shrunk Max Sharpe λ=0.25,5.0,6.515989096865826e-16,3.257994548432913e-19
2024-03-01,Shrunk Max Sharpe λ=0.25,10.0,6.515989096865826e-16,6.515989096865826e-19
2024-03-01,Shrunk Max Sharpe λ=0.25,25.0,6.515989096865826e-16,1.6289972742164566e-18
2024-03-01,Shrunk Max Sharpe λ=0.50,0.0,4.699970494733637e-16,0.0
2024-03-01,Shrunk Max Sharpe λ=0.50,5.0,4.699970494733637e-16,2.3499852473668187e-19
2024-03-01,Shrunk Max Sharpe λ=0.50,10.0,4.699970494733637e-16,4.699970494733637e-19
2024-03-01,Shrunk Max Sharpe λ=0.50,25.0,4.699970494733637e-16,1.1749926236834095e-18
2024-03-01,Shrunk Max Sharpe λ=0.75,0.0,8.270670030561544e-16,0.0
2024-03-01,Shrunk Max Sharpe λ=0.75,5.0,8.270670030561544e-16,4.1353350152807723e-19
2024-03-01,Shrunk Max Sharpe λ=0.75,10.0,8.270670030561544e-16,8.270670030561545e-19
2024-03-01,Shrunk Max Sharpe λ=0.75,25.0,8.270670030561544e-16,2.067667507640386e-18
2024-03-01,Turnover-Aware Max Sharpe γ=0.05,0.0,6.694763512637552e-15,0.0
2024-03-01,Turnover-Aware Max Sharpe γ=0.05,5.0,6.694763512637552e-15,3.347381756318776e-18
2024-03-01,Turnover-Aware Max Sharpe γ=0.05,10.0,6.694763512637552e-15,6.694763512637552e-18
2024-03-01,Turnover-Aware Max Sharpe γ=0.05,25.0,6.694763512637552e-15,1.673690878159388e-17
2024-03-01,Turnover-Aware Max Sharpe γ=0.10,0.0,6.348280256879761e-16,0.0
2024-03-01,Turnover-Aware Max Sharpe γ=0.10,5.0,6.348280256879761e-16,3.174140128439881e-19
2024-03-01,Turnover-Aware Max Sharpe γ=0.10,10.0,6.348280256879761e-16,6.348280256879762e-19
2024-03-01,Turnover-Aware Max Sharpe γ=0.10,25.0,6.348280256879761e-16,1.5870700642199405e-18
2024-03-01,Turnover-Aware Max Sharpe γ=0.25,0.0,1.098079960293319e-15,0.0
2024-03-01,Turnover-Aware Max Sharpe γ=0.25,5.0,1.098079960293319e-15,5.490399801466595e-19
2024-03-01,Turnover-Aware Max Sharpe γ=0.25,10.0,1.098079960293319e-15,1.098079960293319e-18
2024-03-01,Turnover-Aware Max Sharpe γ=0.25,25.0,1.098079960293319e-15,2.745199900733298e-18
2024-04-01,Combined Robust Max Sharpe λ=0.50 γ=0.10,0.0,5.499073418846478e-16,0.0
2024-04-01,Combined Robust Max Sharpe λ=0.50 γ=0.10,5.0,5.499073418846478e-16,2.7495367094232393e-19
2024-04-01,Combined Robust Max Sharpe λ=0.50 γ=0.10,10.0,5.499073418846478e-16,5.499073418846479e-19
2024-04-01,Combined Robust Max Sharpe λ=0.50 γ=0.10,25.0,5.499073418846478e-16,1.3747683547116196e-18
2024-04-01,Equal Weight,0.0,0.0,0.0
2024-04-01,Equal Weight,5.0,0.0,0.0
2024-04-01,Equal Weight,10.0,0.0,0.0
2024-04-01,Equal Weight,25.0,0.0,0.0
2024-04-01,Maximum Sharpe,0.0,7.714171743672514e-16,0.0
2024-04-01,Maximum Sharpe,5.0,7.714171743672514e-16,3.857085871836257e-19
2024-04-01,Maximum Sharpe,10.0,7.714171743672514e-16,7.714171743672514e-19
2024-04-01,Maximum Sharpe,25.0,7.714171743672514e-16,1.928542935918129e-18
2024-04-01,Minimum Variance,0.0,0.014680904779344767,0.0
2024-04-01,Minimum Variance,5.0,0.014680904779344767,7.3404523896723835e-06
2024-04-01,Minimum Variance,10.0,0.014680904779344767,1.4680904779344767e-05
2024-04-01,Minimum Variance,25.0,0.014680904779344767,3.670226194836192e-05
2024-04-01,SPY,0.0,0.0,0.0
2024-04-01,SPY,5.0,0.0,0.0
2024-04-01,SPY,10.0,0.0,0.0
2024-04-01,SPY,25.0,0.0,0.0
2024-04-01,Shrunk Max Sharpe λ=0.25,0.0,6.849791446447248e-16,0.0
2024-04-01,Shrunk Max Sharpe λ=0.25,5.0,6.849791446447248e-16,3.4248957232236236e-19
2024-04-01,Shrunk Max Sharpe λ=0.25,10.0,6.849791446447248e-16,6.849791446447247e-19
2024-04-01,Shrunk Max Sharpe λ=0.25,25.0,6.849791446447248e-16,1.7124478616118119e-18
2024-04-01,Shrunk Max Sharpe λ=0.50,0.0,7.297700999408571e-16,0.0
2024-04-01,Shrunk Max Sharpe λ=0.50,5.0,7.297700999408571e-16,3.6488504997042855e-19
2024-04-01,Shrunk Max Sharpe λ=0.50,10.0,7.297700999408571e-16,7.297700999408571e-19
2024-04-01,Shrunk Max Sharpe λ=0.50,25.0,7.297700999408571e-16,1.824425249852143e-18
2024-04-01,Shrunk Max Sharpe λ=0.75,0.0,0.058246409921213875,0.0
2024-04-01,Shrunk Max Sharpe λ=0.75,5.0,0.058246409921213875,2.9123204960606937e-05
2024-04-01,Shrunk Max Sharpe λ=0.75,10.0,0.058246409921213875,5.824640992121387e-05
2024-04-01,Shrunk Max Sharpe λ=0.75,25.0,0.058246409921213875,0.00014561602480303468
2024-04-01,Turnover-Aware Max Sharpe γ=0.05,0.0,1.3147017371311522e-15,0.0
2024-04-01,Turnover-Aware Max Sharpe γ=0.05,5.0,1.3147017371311522e-15,6.573508685655761e-19
2024-04-01,Turnover-Aware Max Sharpe γ=0.05,10.0,1.3147017371311522e-15,1.3147017371311521e-18
2024-04-01,Turnover-Aware Max Sharpe γ=0.05,25.0,1.3147017371311522e-15,3.2867543428278805e-18
2024-04-01,Turnover-Aware Max Sharpe γ=0.10,0.0,4.835189184693566e-16,0.0
2024-04-01,Turnover-Aware Max Sharpe γ=0.10,5.0,4.835189184693566e-16,2.417594592346783e-19
2024-04-01,Turnover-Aware Max Sharpe γ=0.10,10.0,4.835189184693566e-16,4.835189184693566e-19
2024-04-01,Turnover-Aware Max Sharpe γ=0.10,25.0,4.835189184693566e-16,1.2087972961733916e-18
2024-04-01,Turnover-Aware Max Sharpe γ=0.25,0.0,1.304512053934559e-15,0.0
2024-04-01,Turnover-Aware Max Sharpe γ=0.25,5.0,1.304512053934559e-15,6.522560269672795e-19
2024-04-01,Turnover-Aware Max Sharpe γ=0.25,10.0,1.304512053934559e-15,1.304512053934559e-18
2024-04-01,Turnover-Aware Max Sharpe γ=0.25,25.0,1.304512053934559e-15,3.261280134836397e-18
2024-05-01,Combined Robust Max Sharpe λ=0.50 γ=0.10,0.0,7.424616477180734e-16,0.0
2024-05-01,Combined Robust Max Sharpe λ=0.50 γ=0.10,5.0,7.424616477180734e-16,3.712308238590367e-19
2024-05-01,Combined Robust Max Sharpe λ=0.50 γ=0.10,10.0,7.424616477180734e-16,7.424616477180734e-19
2024-05-01,Combined Robust Max Sharpe λ=0.50 γ=0.10,25.0,7.424616477180734e-16,1.8561541192951837e-18
2024-05-01,Equal Weight,0.0,0.0,0.0
2024-05-01,Equal Weight,5.0,0.0,0.0
2024-05-01,Equal Weight,10.0,0.0,0.0
2024-05-01,Equal Weight,25.0,0.0,0.0
2024-05-01,Maximum Sharpe,0.0,6.591949208711864e-16,0.0
2024-05-01,Maximum Sharpe,5.0,6.591949208711864e-16,3.295974604355932e-19
2024-05-01,Maximum Sharpe,10.0,6.591949208711864e-16,6.591949208711864e-19
2024-05-01,Maximum Sharpe,25.0,6.591949208711864e-16,1.647987302177966e-18
2024-05-01,Minimum Variance,0.0,0.0018720721554319308,0.0
2024-05-01,Minimum Variance,5.0,0.0018720721554319308,9.360360777159654e-07
2024-05-01,Minimum Variance,10.0,0.0018720721554319308,1.8720721554319308e-06
2024-05-01,Minimum Variance,25.0,0.0018720721554319308,4.680180388579827e-06
2024-05-01,SPY,0.0,0.0,0.0
2024-05-01,SPY,5.0,0.0,0.0
2024-05-01,SPY,10.0,0.0,0.0
2024-05-01,SPY,25.0,0.0,0.0
2024-05-01,Shrunk Max Sharpe λ=0.25,0.0,7.840950111415166e-16,0.0
2024-05-01,Shrunk Max Sharpe λ=0.25,5.0,7.840950111415166e-16,3.920475055707583e-19
2024-05-01,Shrunk Max Sharpe λ=0.25,10.0,7.840950111415166e-16,7.840950111415166e-19
2024-05-01,Shrunk Max Sharpe λ=0.25,25.0,7.840950111415166e-16,1.9602375278537914e-18
2024-05-01,Shrunk Max Sharpe λ=0.50,0.0,1.392149077117506e-15,0.0
2024-05-01,Shrunk Max Sharpe λ=0.50,5.0,1.392149077117506e-15,6.960745385587529e-19
2024-05-01,Shrunk Max Sharpe λ=0.50,10.0,1.392149077117506e-15,1.3921490771175058e-18
2024-05-01,Shrunk Max Sharpe λ=0.50,25.0,1.392149077117506e-15,3.480372692793765e-18
2024-05-01,Shrunk Max Sharpe λ=0.75,0.0,0.05824640992121464,0.0
2024-05-01,Shrunk Max Sharpe λ=0.75,5.0,0.05824640992121464,2.912320496060732e-05
2024-05-01,Shrunk Max Sharpe λ=0.75,10.0,0.05824640992121464,5.824640992121464e-05
2024-05-01,Shrunk Max Sharpe λ=0.75,25.0,0.05824640992121464,0.0001456160248030366
2024-05-01,Turnover-Aware Max Sharpe γ=0.05,0.0,1.5057399771478686e-15,0.0
2024-05-01,Turnover-Aware Max Sharpe γ=0.05,5.0,1.5057399771478686e-15,7.528699885739343e-19
2024-05-01,Turnover-Aware Max Sharpe γ=0.05,10.0,1.5057399771478686e-15,1.5057399771478685e-18
2024-05-01,Turnover-Aware Max Sharpe γ=0.05,25.0,1.5057399771478686e-15,3.764349942869671e-18
2024-05-01,Turnover-Aware Max Sharpe γ=0.10,0.0,1.6375789613221055e-15,0.0
2024-05-01,Turnover-Aware Max Sharpe γ=0.10,5.0,1.6375789613221055e-15,8.187894806610528e-19
2024-05-01,Turnover-Aware Max Sharpe γ=0.10,10.0,1.6375789613221055e-15,1.6375789613221056e-18
2024-05-01,Turnover-Aware Max Sharpe γ=0.10,25.0,1.6375789613221055e-15,4.093947403305264e-18
2024-05-01,Turnover-Aware Max Sharpe γ=0.25,0.0,1.3739009929736308e-15,0.0
2024-05-01,Turnover-Aware Max Sharpe γ=0.25,5.0,1.3739009929736308e-15,6.8695049648681545e-19
2024-05-01,Turnover-Aware Max Sharpe γ=0.25,10.0,1.3739009929736308e-15,1.3739009929736309e-18
2024-05-01,Turnover-Aware Max Sharpe γ=0.25,25.0,1.3739009929736308e-15,3.434752482434077e-18
2024-07-01,Combined Robust Max Sharpe λ=0.50 γ=0.10,0.0,8.673617379884036e-16,0.0
2024-07-01,Combined Robust Max Sharpe λ=0.50 γ=0.10,5.0,8.673617379884036e-16,4.336808689942019e-19
2024-07-01,Combined Robust Max Sharpe λ=0.50 γ=0.10,10.0,8.673617379884036e-16,8.673617379884037e-19
2024-07-01,Combined Robust Max Sharpe λ=0.50 γ=0.10,25.0,8.673617379884036e-16,2.1684043449710093e-18
2024-07-01,Equal Weight,0.0,0.0,0.0
2024-07-01,Equal Weight,5.0,0.0,0.0
2024-07-01,Equal Weight,10.0,0.0,0.0
2024-07-01,Equal Weight,25.0,0.0,0.0
2024-07-01,Maximum Sharpe,0.0,2.1024848528838886e-15,0.0
2024-07-01,Maximum Sharpe,5.0,2.1024848528838886e-15,1.0512424264419443e-18
2024-07-01,Maximum Sharpe,10.0,2.1024848528838886e-15,2.1024848528838886e-18
2024-07-01,Maximum Sharpe,25.0,2.1024848528838886e-15,5.256212132209722e-18
2024-07-01,Minimum Variance,0.0,0.0062204429868437695,0.0
2024-07-01,Minimum Variance,5.0,0.0062204429868437695,3.110221493421885e-06
2024-07-01,Minimum Variance,10.0,0.0062204429868437695,6.22044298684377e-06
2024-07-01,Minimum Variance,25.0,0.0062204429868437695,1.5551107467109424e-05
2024-07-01,SPY,0.0,0.0,0.0
2024-07-01,SPY,5.0,0.0,0.0
2024-07-01,SPY,10.0,0.0,0.0
2024-07-01,SPY,25.0,0.0,0.0
2024-07-01,Shrunk Max Sharpe λ=0.25,0.0,1.0963452368173417e-15,0.0
2024-07-01,Shrunk Max Sharpe λ=0.25,5.0,1.0963452368173417e-15,5.481726184086709e-19
2024-07-01,Shrunk Max Sharpe λ=0.25,10.0,1.0963452368173417e-15,1.0963452368173417e-18
2024-07-01,Shrunk Max Sharpe λ=0.25,25.0,1.0963452368173417e-15,2.740863092043354e-18
2024-07-01,Shrunk Max Sharpe λ=0.50,0.0,1.2876993716049727e-16,0.0
2024-07-01,Shrunk Max Sharpe λ=0.50,5.0,1.2876993716049727e-16,6.438496858024863e-20
2024-07-01,Shrunk Max Sharpe λ=0.50,10.0,1.2876993716049727e-16,1.2876993716049727e-19
2024-07-01,Shrunk Max Sharpe λ=0.50,25.0,1.2876993716049727e-16,3.219248429012432e-19
2024-07-01,Shrunk Max Sharpe λ=0.75,0.0,7.51211377825512e-16,0.0
2024-07-01,Shrunk Max Sharpe λ=0.75,5.0,7.51211377825512e-16,3.7560568891275605e-19
2024-07-01,Shrunk Max Sharpe λ=0.75,10.0,7.51211377825512e-16,7.512113778255121e-19
2024-07-01,Shrunk Max Sharpe λ=0.75,25.0,7.51211377825512e-16,1.8780284445637797e-18
2024-07-01,Turnover-Aware Max Sharpe γ=0.05,0.0,1.4432899320127035e-15,0.0
2024-07-01,Turnover-Aware Max Sharpe γ=0.05,5.0,1.4432899320127035e-15,7.216449660063517e-19
2024-07-01,Turnover-Aware Max Sharpe γ=0.05,10.0,1.4432899320127035e-15,1.4432899320127034e-18
2024-07-01,Turnover-Aware Max Sharpe γ=0.05,25.0,1.4432899320127035e-15,3.608224830031759e-18
2024-07-01,Turnover-Aware Max Sharpe γ=0.10,0.0,1.65145674912992e-15,0.0
2024-07-01,Turnover-Aware Max Sharpe γ=0.10,5.0,1.65145674912992e-15,8.2572837456496e-19
2024-07-01,Turnover-Aware Max Sharpe γ=0.10,10.0,1.65145674912992e-15,1.65145674912992e-18
2024-07-01,Turnover-Aware Max Sharpe γ=0.10,25.0,1.65145674912992e-15,4.1286418728248e-18
2024-07-01,Turnover-Aware Max Sharpe γ=0.25,0.0,1.8804402479588585e-15,0.0
2024-07-01,Turnover-Aware Max Sharpe γ=0.25,5.0,1.8804402479588585e-15,9.402201239794293e-19
2024-07-01,Turnover-Aware Max Sharpe γ=0.25,10.0,1.8804402479588585e-15,1.8804402479588586e-18
2024-07-01,Turnover-Aware Max Sharpe γ=0.25,25.0,1.8804402479588585e-15,4.701100619897146e-18
2024-08-01,Combined Robust Max Sharpe λ=0.50 γ=0.10,0.0,6.591949208711867e-16,0.0
2024-08-01,Combined Robust Max Sharpe λ=0.50 γ=0.10,5.0,6.591949208711867e-16,3.2959746043559335e-19
2024-08-01,Combined Robust Max Sharpe λ=0.50 γ=0.10,10.0,6.591949208711867e-16,6.591949208711867e-19
2024-08-01,Combined Robust Max Sharpe λ=0.50 γ=0.10,25.0,6.591949208711867e-16,1.6479873021779667e-18
2024-08-01,Equal Weight,0.0,0.0,0.0
2024-08-01,Equal Weight,5.0,0.0,0.0
2024-08-01,Equal Weight,10.0,0.0,0.0
2024-08-01,Equal Weight,25.0,0.0,0.0
2024-08-01,Maximum Sharpe,0.0,2.384523180335928e-15,0.0
2024-08-01,Maximum Sharpe,5.0,2.384523180335928e-15,1.192261590167964e-18
2024-08-01,Maximum Sharpe,10.0,2.384523180335928e-15,2.384523180335928e-18
2024-08-01,Maximum Sharpe,25.0,2.384523180335928e-15,5.96130795083982e-18
2024-08-01,Minimum Variance,0.0,0.002300284557943168,0.0
2024-08-01,Minimum Variance,5.0,0.002300284557943168,1.150142278971584e-06
2024-08-01,Minimum Variance,10.0,0.002300284557943168,2.300284557943168e-06
2024-08-01,Minimum Variance,25.0,0.002300284557943168,5.75071139485792e-06
2024-08-01,SPY,0.0,0.0,0.0
2024-08-01,SPY,5.0,0.0,0.0
2024-08-01,SPY,10.0,0.0,0.0
2024-08-01,SPY,25.0,0.0,0.0
2024-08-01,Shrunk Max Sharpe λ=0.25,0.0,1.1017589987392713e-15,0.0
2024-08-01,Shrunk Max Sharpe λ=0.25,5.0,1.1017589987392713e-15,5.508794993696356e-19
2024-08-01,Shrunk Max Sharpe λ=0.25,10.0,1.1017589987392713e-15,1.1017589987392712e-18
2024-08-01,Shrunk Max Sharpe λ=0.25,25.0,1.1017589987392713e-15,2.754397496848178e-18
2024-08-01,Shrunk Max Sharpe λ=0.50,0.0,2.620558042344204e-16,0.0
2024-08-01,Shrunk Max Sharpe λ=0.50,5.0,2.620558042344204e-16,1.310279021172102e-19
2024-08-01,Shrunk Max Sharpe λ=0.50,10.0,2.620558042344204e-16,2.620558042344204e-19
2024-08-01,Shrunk Max Sharpe λ=0.50,25.0,2.620558042344204e-16,6.551395105860509e-19
2024-08-01,Shrunk Max Sharpe λ=0.75,0.0,6.483650533299596e-16,0.0
2024-08-01,Shrunk Max Sharpe λ=0.75,5.0,6.483650533299596e-16,3.241825266649798e-19
2024-08-01,Shrunk Max Sharpe λ=0.75,10.0,6.483650533299596e-16,6.483650533299596e-19
2024-08-01,Shrunk Max Sharpe λ=0.75,25.0,6.483650533299596e-16,1.6209126333248988e-18
2024-08-01,Turnover-Aware Max Sharpe γ=0.05,0.0,2.019815656272323e-15,0.0
2024-08-01,Turnover-Aware Max Sharpe γ=0.05,5.0,2.019815656272323e-15,1.0099078281361617e-18
2024-08-01,Turnover-Aware Max Sharpe γ=0.05,10.0,2.019815656272323e-15,2.0198156562723234e-18
2024-08-01,Turnover-Aware Max Sharpe γ=0.05,25.0,2.019815656272323e-15,5.049539140680808e-18
2024-08-01,Turnover-Aware Max Sharpe γ=0.10,0.0,1.2004286453759501e-15,0.0
2024-08-01,Turnover-Aware Max Sharpe γ=0.10,5.0,1.2004286453759501e-15,6.002143226879751e-19
2024-08-01,Turnover-Aware Max Sharpe γ=0.10,10.0,1.2004286453759501e-15,1.2004286453759502e-18
2024-08-01,Turnover-Aware Max Sharpe γ=0.10,25.0,1.2004286453759501e-15,3.001071613439875e-18
2024-08-01,Turnover-Aware Max Sharpe γ=0.25,0.0,1.0824674490095272e-15,0.0
2024-08-01,Turnover-Aware Max Sharpe γ=0.25,5.0,1.0824674490095272e-15,5.412337245047636e-19
2024-08-01,Turnover-Aware Max Sharpe γ=0.25,10.0,1.0824674490095272e-15,1.0824674490095272e-18
2024-08-01,Turnover-Aware Max Sharpe γ=0.25,25.0,1.0824674490095272e-15,2.706168622523818e-18
2024-10-01,Combined Robust Max Sharpe λ=0.50 γ=0.10,0.0,5.759281940243e-16,0.0
2024-10-01,Combined Robust Max Sharpe λ=0.50 γ=0.10,5.0,5.759281940243e-16,2.8796409701215e-19
2024-10-01,Combined Robust Max Sharpe λ=0.50 γ=0.10,10.0,5.759281940243e-16,5.759281940243e-19
2024-10-01,Combined Robust Max Sharpe λ=0.50 γ=0.10,25.0,5.759281940243e-16,1.4398204850607498e-18
2024-10-01,Equal Weight,0.0,0.0,0.0
2024-10-01,Equal Weight,5.0,0.0,0.0
2024-10-01,Equal Weight,10.0,0.0,0.0
2024-10-01,Equal Weight,25.0,0.0,0.0
2024-10-01,Maximum Sharpe,0.0,1.5166628011136838e-15,0.0
2024-10-01,Maximum Sharpe,5.0,1.5166628011136838e-15,7.583314005568419e-19
2024-10-01,Maximum Sharpe,10.0,1.5166628011136838e-15,1.5166628011136837e-18
2024-10-01,Maximum Sharpe,25.0,1.5166628011136838e-15,3.79165700278421e-18
2024-10-01,Minimum Variance,0.0,0.01288199490590568,0.0
2024-10-01,Minimum Variance,5.0,0.01288199490590568,6.44099745295284e-06
2024-10-01,Minimum Variance,10.0,0.01288199490590568,1.288199490590568e-05
2024-10-01,Minimum Variance,25.0,0.01288199490590568,3.22049872647642e-05
2024-10-01,SPY,0.0,0.0,0.0
2024-10-01,SPY,5.0,0.0,0.0
2024-10-01,SPY,10.0,0.0,0.0
2024-10-01,SPY,25.0,0.0,0.0
2024-10-01,Shrunk Max Sharpe λ=0.25,0.0,0.022609898547401808,0.0
2024-10-01,Shrunk Max Sharpe λ=0.25,5.0,0.022609898547401808,1.1304949273700904e-05
2024-10-01,Shrunk Max Sharpe λ=0.25,10.0,0.022609898547401808,2.2609898547401808e-05
2024-10-01,Shrunk Max Sharpe λ=0.25,25.0,0.022609898547401808,5.652474636850452e-05
2024-10-01,Shrunk Max Sharpe λ=0.50,0.0,0.1698170414323314,0.0
2024-10-01,Shrunk Max Sharpe λ=0.50,5.0,0.1698170414323314,8.49085207161657e-05
2024-10-01,Shrunk Max Sharpe λ=0.50,10.0,0.1698170414323314,0.0001698170414323314
2024-10-01,Shrunk Max Sharpe λ=0.50,25.0,0.1698170414323314,0.00042454260358082847
2024-10-01,Shrunk Max Sharpe λ=0.75,0.0,0.3217611137781473,0.0
2024-10-01,Shrunk Max Sharpe λ=0.75,5.0,0.3217611137781473,0.00016088055688907366
2024-10-01,Shrunk Max Sharpe λ=0.75,10.0,0.3217611137781473,0.00032176111377814733
2024-10-01,Shrunk Max Sharpe λ=0.75,25.0,0.3217611137781473,0.0008044027844453683
2024-10-01,Turnover-Aware Max Sharpe γ=0.05,0.0,1.4453599723138545e-15,0.0
2024-10-01,Turnover-Aware Max Sharpe γ=0.05,5.0,1.4453599723138545e-15,7.226799861569273e-19
2024-10-01,Turnover-Aware Max Sharpe γ=0.05,10.0,1.4453599723138545e-15,1.4453599723138547e-18
2024-10-01,Turnover-Aware Max Sharpe γ=0.05,25.0,1.4453599723138545e-15,3.6133999307846366e-18
2024-10-01,Turnover-Aware Max Sharpe γ=0.10,0.0,1.7832957333041573e-15,0.0
2024-10-01,Turnover-Aware Max Sharpe γ=0.10,5.0,1.7832957333041573e-15,8.916478666520787e-19
2024-10-01,Turnover-Aware Max Sharpe γ=0.10,10.0,1.7832957333041573e-15,1.7832957333041574e-18
2024-10-01,Turnover-Aware Max Sharpe γ=0.10,25.0,1.7832957333041573e-15,4.458239333260393e-18
2024-10-01,Turnover-Aware Max Sharpe γ=0.25,0.0,1.1796119636642288e-15,0.0
2024-10-01,Turnover-Aware Max Sharpe γ=0.25,5.0,1.1796119636642288e-15,5.898059818321145e-19
2024-10-01,Turnover-Aware Max Sharpe γ=0.25,10.0,1.1796119636642288e-15,1.179611963664229e-18
2024-10-01,Turnover-Aware Max Sharpe γ=0.25,25.0,1.1796119636642288e-15,2.949029909160572e-18
2024-11-01,Combined Robust Max Sharpe λ=0.50 γ=0.10,0.0,4.85722573273506e-16,0.0
2024-11-01,Combined Robust Max Sharpe λ=0.50 γ=0.10,5.0,4.85722573273506e-16,2.42861286636753e-19
2024-11-01,Combined Robust Max Sharpe λ=0.50 γ=0.10,10.0,4.85722573273506e-16,4.85722573273506e-19
2024-11-01,Combined Robust Max Sharpe λ=0.50 γ=0.10,25.0,4.85722573273506e-16,1.2143064331837649e-18
2024-11-01,Equal Weight,0.0,0.0,0.0
2024-11-01,Equal Weight,5.0,0.0,0.0
2024-11-01,Equal Weight,10.0,0.0,0.0
2024-11-01,Equal Weight,25.0,0.0,0.0
2024-11-01,Maximum Sharpe,0.0,0.004509761450421089,0.0
2024-11-01,Maximum Sharpe,5.0,0.004509761450421089,2.2548807252105445e-06
2024-11-01,Maximum Sharpe,10.0,0.004509761450421089,4.509761450421089e-06
2024-11-01,Maximum Sharpe,25.0,0.004509761450421089,1.1274403626052722e-05
2024-11-01,Minimum Variance,0.0,0.0012568207435612142,0.0
2024-11-01,Minimum Variance,5.0,0.0012568207435612142,6.284103717806071e-07
2024-11-01,Minimum Variance,10.0,0.0012568207435612142,1.2568207435612141e-06
2024-11-01,Minimum Variance,25.0,0.0012568207435612142,3.1420518589030354e-06
2024-11-01,SPY,0.0,0.0,0.0
2024-11-01,SPY,5.0,0.0,0.0
2024-11-01,SPY,10.0,0.0,0.0
2024-11-01,SPY,25.0,0.0,0.0
2024-11-01,Shrunk Max Sharpe λ=0.25,0.0,0.005536747645912752,0.0
2024-11-01,Shrunk Max Sharpe λ=0.25,5.0,0.005536747645912752,2.768373822956376e-06
2024-11-01,Shrunk Max Sharpe λ=0.25,10.0,0.005536747645912752,5.536747645912752e-06
2024-11-01,Shrunk Max Sharpe λ=0.25,25.0,0.005536747645912752,1.3841869114781879e-05
2024-11-01,Shrunk Max Sharpe λ=0.50,0.0,0.09980142751146016,0.0
2024-11-01,Shrunk Max Sharpe λ=0.50,5.0,0.09980142751146016,4.9900713755730084e-05
2024-11-01,Shrunk Max Sharpe λ=0.50,10.0,0.09980142751146016,9.980142751146017e-05
2024-11-01,Shrunk Max Sharpe λ=0.50,25.0,0.09980142751146016,0.0002495035687786504
2024-11-01,Shrunk Max Sharpe λ=0.75,0.0,0.24709961687217885,0.0
2024-11-01,Shrunk Max Sharpe λ=0.75,5.0,0.24709961687217885,0.00012354980843608943
2024-11-01,Shrunk Max Sharpe λ=0.75,10.0,0.24709961687217885,0.00024709961687217885
2024-11-01,Shrunk Max Sharpe λ=0.75,25.0,0.24709961687217885,0.0006177490421804471
2024-11-01,Turnover-Aware Max Sharpe γ=0.05,0.0,5.759281940243e-16,0.0
2024-11-01,Turnover-Aware Max Sharpe γ=0.05,5.0,5.759281940243e-16,2.8796409701215e-19
2024-11-01,Turnover-Aware Max Sharpe γ=0.05,10.0,5.759281940243e-16,5.759281940243e-19
2024-11-01,Turnover-Aware Max Sharpe γ=0.05,25.0,5.759281940243e-16,1.4398204850607498e-18
2024-11-01,Turnover-Aware Max Sharpe γ=0.10,0.0,2.844946500601963e-16,0.0
2024-11-01,Turnover-Aware Max Sharpe γ=0.10,5.0,2.844946500601963e-16,1.4224732503009816e-19
2024-11-01,Turnover-Aware Max Sharpe γ=0.10,10.0,2.844946500601963e-16,2.8449465006019633e-19
2024-11-01,Turnover-Aware Max Sharpe γ=0.10,25.0,2.844946500601963e-16,7.112366251504908e-19
2024-11-01,Turnover-Aware Max Sharpe γ=0.25,0.0,1.797173521111972e-15,0.0
2024-11-01,Turnover-Aware Max Sharpe γ=0.25,5.0,1.797173521111972e-15,8.985867605559861e-19
2024-11-01,Turnover-Aware Max Sharpe γ=0.25,10.0,1.797173521111972e-15,1.7971735211119722e-18
2024-11-01,Turnover-Aware Max Sharpe γ=0.25,25.0,1.797173521111972e-15,4.49293380277993e-18
2025-04-01,Combined Robust Max Sharpe λ=0.50 γ=0.10,0.0,0.1578375992635021,0.0
2025-04-01,Combined Robust Max Sharpe λ=0.50 γ=0.10,5.0,0.1578375992635021,7.891879963175105e-05
2025-04-01,Combined Robust Max Sharpe λ=0.50 γ=0.10,10.0,0.1578375992635021,0.0001578375992635021
2025-04-01,Combined Robust Max Sharpe λ=0.50 γ=0.10,25.0,0.1578375992635021,0.00039459399815875524
2025-04-01,Equal Weight,0.0,0.0,0.0
2025-04-01,Equal Weight,5.0,0.0,0.0
2025-04-01,Equal Weight,10.0,0.0,0.0
2025-04-01,Equal Weight,25.0,0.0,0.0
2025-04-01,Maximum Sharpe,0.0,0.1407297302704667,0.0
2025-04-01,Maximum Sharpe,5.0,0.1407297302704667,7.036486513523334e-05
2025-04-01,Maximum Sharpe,10.0,0.1407297302704667,0.00014072973027046668
2025-04-01,Maximum Sharpe,25.0,0.1407297302704667,0.00035182432567616674
2025-04-01,Minimum Variance,0.0,0.012442635626286497,0.0
2025-04-01,Minimum Variance,5.0,0.012442635626286497,6.221317813143249e-06
2025-04-01,Minimum Variance,10.0,0.012442635626286497,1.2442635626286497e-05
2025-04-01,Minimum Variance,25.0,0.012442635626286497,3.1106589065716246e-05
2025-04-01,SPY,0.0,0.0,0.0
2025-04-01,SPY,5.0,0.0,0.0
2025-04-01,SPY,10.0,0.0,0.0
2025-04-01,SPY,25.0,0.0,0.0
2025-04-01,Shrunk Max Sharpe λ=0.25,0.0,0.19526690397051444,0.0
2025-04-01,Shrunk Max Sharpe λ=0.25,5.0,0.19526690397051444,9.763345198525721e-05
2025-04-01,Shrunk Max Sharpe λ=0.25,10.0,0.19526690397051444,0.00019526690397051442
2025-04-01,Shrunk Max Sharpe λ=0.25,25.0,0.19526690397051444,0.0004881672599262861
2025-04-01,Shrunk Max Sharpe λ=0.50,0.0,0.25940066239121506,0.0
2025-04-01,Shrunk Max Sharpe λ=0.50,5.0,0.25940066239121506,0.00012970033119560754
2025-04-01,Shrunk Max Sharpe λ=0.50,10.0,0.25940066239121506,0.0002594006623912151
2025-04-01,Shrunk Max Sharpe λ=0.50,25.0,0.25940066239121506,0.0006485016559780376
2025-04-01,Shrunk Max Sharpe λ=0.75,0.0,0.28720655324516975,0.0
2025-04-01,Shrunk Max Sharpe λ=0.75,5.0,0.28720655324516975,0.00014360327662258488
2025-04-01,Shrunk Max Sharpe λ=0.75,10.0,0.28720655324516975,0.00028720655324516976
2025-04-01,Shrunk Max Sharpe λ=0.75,25.0,0.28720655324516975,0.0007180163831129244
2025-04-01,Turnover-Aware Max Sharpe γ=0.05,0.0,0.07007429816284469,0.0
2025-04-01,Turnover-Aware Max Sharpe γ=0.05,5.0,0.07007429816284469,3.503714908142235e-05
2025-04-01,Turnover-Aware Max Sharpe γ=0.05,10.0,0.07007429816284469,7.00742981628447e-05
2025-04-01,Turnover-Aware Max Sharpe γ=0.05,25.0,0.07007429816284469,0.00017518574540711172
2025-04-01,Turnover-Aware Max Sharpe γ=0.10,0.0,8.465450562766819e-16,0.0
2025-04-01,Turnover-Aware Max Sharpe γ=0.10,5.0,8.465450562766819e-16,4.232725281383409e-19
2025-04-01,Turnover-Aware Max Sharpe γ=0.10,10.0,8.465450562766819e-16,8.465450562766818e-19
2025-04-01,Turnover-Aware Max Sharpe γ=0.10,25.0,8.465450562766819e-16,2.1163626406917046e-18
2025-04-01,Turnover-Aware Max Sharpe γ=0.25,0.0,2.6645352591003757e-15,0.0
2025-04-01,Turnover-Aware Max Sharpe γ=0.25,5.0,2.6645352591003757e-15,1.3322676295501879e-18
2025-04-01,Turnover-Aware Max Sharpe γ=0.25,10.0,2.6645352591003757e-15,2.6645352591003758e-18
2025-04-01,Turnover-Aware Max Sharpe γ=0.25,25.0,2.6645352591003757e-15,6.661338147750939e-18
2025-05-01,Combined Robust Max Sharpe λ=0.50 γ=0.10,0.0,0.1554136546655505,0.0
2025-05-01,Combined Robust Max Sharpe λ=0.50 γ=0.10,5.0,0.1554136546655505,7.770682733277524e-05
2025-05-01,Combined Robust Max Sharpe λ=0.50 γ=0.10,10.0,0.1554136546655505,0.00015541365466555047
2025-05-01,Combined Robust Max Sharpe λ=0.50 γ=0.10,25.0,0.1554136546655505,0.00038853413666387624
2025-05-01,Equal Weight,0.0,0.0,0.0
2025-05-01,Equal Weight,5.0,0.0,0.0
2025-05-01,Equal Weight,10.0,0.0,0.0
2025-05-01,Equal Weight,25.0,0.0,0.0
2025-05-01,Maximum Sharpe,0.0,0.3231631739931903,0.0
2025-05-01,Maximum Sharpe,5.0,0.3231631739931903,0.00016158158699659513
2025-05-01,Maximum Sharpe,10.0,0.3231631739931903,0.00032316317399319025
2025-05-01,Maximum Sharpe,25.0,0.3231631739931903,0.0008079079349829757
2025-05-01,Minimum Variance,0.0,0.018523828689991105,0.0
2025-05-01,Minimum Variance,5.0,0.018523828689991105,9.261914344995554e-06
2025-05-01,Minimum Variance,10.0,0.018523828689991105,1.8523828689991108e-05
2025-05-01,Minimum Variance,25.0,0.018523828689991105,4.630957172497776e-05
2025-05-01,SPY,0.0,0.0,0.0
2025-05-01,SPY,5.0,0.0,0.0
2025-05-01,SPY,10.0,0.0,0.0
2025-05-01,SPY,25.0,0.0,0.0
2025-05-01,Shrunk Max Sharpe λ=0.25,0.0,0.21529619099238725,0.0
2025-05-01,Shrunk Max Sharpe λ=0.25,5.0,0.21529619099238725,0.00010764809549619363
2025-05-01,Shrunk Max Sharpe λ=0.25,10.0,0.21529619099238725,0.00021529619099238726
2025-05-01,Shrunk Max Sharpe λ=0.25,25.0,0.21529619099238725,0.0005382404774809681
2025-05-01,Shrunk Max Sharpe λ=0.50,0.0,0.14301629819093864,0.0
2025-05-01,Shrunk Max Sharpe λ=0.50,5.0,0.14301629819093864,7.150814909546932e-05
2025-05-01,Shrunk Max Sharpe λ=0.50,10.0,0.14301629819093864,0.00014301629819093864
2025-05-01,Shrunk Max Sharpe λ=0.50,25.0,0.14301629819093864,0.0003575407454773466
2025-05-01,Shrunk Max Sharpe λ=0.75,0.0,0.10886286757765191,0.0
2025-05-01,Shrunk Max Sharpe λ=0.75,5.0,0.10886286757765191,5.443143378882595e-05
2025-05-01,Shrunk Max Sharpe λ=0.75,10.0,0.10886286757765191,0.0001088628675776519
2025-05-01,Shrunk Max Sharpe λ=0.75,25.0,0.10886286757765191,0.00027215716894412977
2025-05-01,Turnover-Aware Max Sharpe γ=0.05,0.0,0.12947893780043565,0.0
2025-05-01,Turnover-Aware Max Sharpe γ=0.05,5.0,0.12947893780043565,6.473946890021783e-05
2025-05-01,Turnover-Aware Max Sharpe γ=0.05,10.0,0.12947893780043565,0.00012947893780043565
2025-05-01,Turnover-Aware Max Sharpe γ=0.05,25.0,0.12947893780043565,0.00032369734450108913
2025-05-01,Turnover-Aware Max Sharpe γ=0.10,0.0,0.07352440993169618,0.0
2025-05-01,Turnover-Aware Max Sharpe γ=0.10,5.0,0.07352440993169618,3.676220496584809e-05
2025-05-01,Turnover-Aware Max Sharpe γ=0.10,10.0,0.07352440993169618,7.352440993169618e-05
2025-05-01,Turnover-Aware Max Sharpe γ=0.10,25.0,0.07352440993169618,0.00018381102482924042
2025-05-01,Turnover-Aware Max Sharpe γ=0.25,0.0,1.1934897514720433e-15,0.0
2025-05-01,Turnover-Aware Max Sharpe γ=0.25,5.0,1.1934897514720433e-15,5.967448757360216e-19
2025-05-01,Turnover-Aware Max Sharpe γ=0.25,10.0,1.1934897514720433e-15,1.1934897514720432e-18
2025-05-01,Turnover-Aware Max Sharpe γ=0.25,25.0,1.1934897514720433e-15,2.983724378680108e-18
2025-07-01,Combined Robust Max Sharpe λ=0.50 γ=0.10,0.0,0.02547559921914255,0.0
2025-07-01,Combined Robust Max Sharpe λ=0.50 γ=0.10,5.0,0.02547559921914255,1.2737799609571273e-05
2025-07-01,Combined Robust Max Sharpe λ=0.50 γ=0.10,10.0,0.02547559921914255,2.5475599219142546e-05
2025-07-01,Combined Robust Max Sharpe λ=0.50 γ=0.10,25.0,0.02547559921914255,6.368899804785637e-05
2025-07-01,Equal Weight,0.0,0.0,0.0
2025-07-01,Equal Weight,5.0,0.0,0.0
2025-07-01,Equal Weight,10.0,0.0,0.0
2025-07-01,Equal Weight,25.0,0.0,0.0
2025-07-01,Maximum Sharpe,0.0,0.17703114884293555,0.0
2025-07-01,Maximum Sharpe,5.0,0.17703114884293555,8.851557442146778e-05
2025-07-01,Maximum Sharpe,10.0,0.17703114884293555,0.00017703114884293556
2025-07-01,Maximum Sharpe,25.0,0.17703114884293555,0.00044257787210733886
2025-07-01,Minimum Variance,0.0,0.028083134727558468,0.0
2025-07-01,Minimum Variance,5.0,0.028083134727558468,1.4041567363779234e-05
2025-07-01,Minimum Variance,10.0,0.028083134727558468,2.8083134727558467e-05
2025-07-01,Minimum Variance,25.0,0.028083134727558468,7.020783681889617e-05
2025-07-01,SPY,0.0,0.0,0.0
2025-07-01,SPY,5.0,0.0,0.0
2025-07-01,SPY,10.0,0.0,0.0
2025-07-01,SPY,25.0,0.0,0.0
2025-07-01,Shrunk Max Sharpe λ=0.25,0.0,0.09886897804942386,0.0
2025-07-01,Shrunk Max Sharpe λ=0.25,5.0,0.09886897804942386,4.943448902471193e-05
2025-07-01,Shrunk Max Sharpe λ=0.25,10.0,0.09886897804942386,9.886897804942386e-05
2025-07-01,Shrunk Max Sharpe λ=0.25,25.0,0.09886897804942386,0.00024717244512355963
2025-07-01,Shrunk Max Sharpe λ=0.50,0.0,0.02945871630608296,0.0
2025-07-01,Shrunk Max Sharpe λ=0.50,5.0,0.02945871630608296,1.4729358153041481e-05
2025-07-01,Shrunk Max Sharpe λ=0.50,10.0,0.02945871630608296,2.9458716306082962e-05
2025-07-01,Shrunk Max Sharpe λ=0.50,25.0,0.02945871630608296,7.36467907652074e-05
2025-07-01,Shrunk Max Sharpe λ=0.75,0.0,0.019463486968786168,0.0
2025-07-01,Shrunk Max Sharpe λ=0.75,5.0,0.019463486968786168,9.731743484393084e-06
2025-07-01,Shrunk Max Sharpe λ=0.75,10.0,0.019463486968786168,1.9463486968786167e-05
2025-07-01,Shrunk Max Sharpe λ=0.75,25.0,0.019463486968786168,4.865871742196542e-05
2025-07-01,Turnover-Aware Max Sharpe γ=0.05,0.0,0.07007429816284413,0.0
2025-07-01,Turnover-Aware Max Sharpe γ=0.05,5.0,0.07007429816284413,3.503714908142207e-05
2025-07-01,Turnover-Aware Max Sharpe γ=0.05,10.0,0.07007429816284413,7.007429816284414e-05
2025-07-01,Turnover-Aware Max Sharpe γ=0.05,25.0,0.07007429816284413,0.00017518574540711034
2025-07-01,Turnover-Aware Max Sharpe γ=0.10,0.0,8.461063613893461e-16,0.0
2025-07-01,Turnover-Aware Max Sharpe γ=0.10,5.0,8.461063613893461e-16,4.2305318069467307e-19
2025-07-01,Turnover-Aware Max Sharpe γ=0.10,10.0,8.461063613893461e-16,8.461063613893461e-19
2025-07-01,Turnover-Aware Max Sharpe γ=0.10,25.0,8.461063613893461e-16,2.115265903473365e-18
2025-07-01,Turnover-Aware Max Sharpe γ=0.25,0.0,1.9845236565174665e-15,0.0
2025-07-01,Turnover-Aware Max Sharpe γ=0.25,5.0,1.9845236565174665e-15,9.922618282587334e-19
2025-07-01,Turnover-Aware Max Sharpe γ=0.25,10.0,1.9845236565174665e-15,1.9845236565174668e-18
2025-07-01,Turnover-Aware Max Sharpe γ=0.25,25.0,1.9845236565174665e-15,4.9613091412936665e-18
2025-08-01,Combined Robust Max Sharpe λ=0.50 γ=0.10,0.0,0.006909689192438884,0.0
2025-08-01,Combined Robust Max Sharpe λ=0.50 γ=0.10,5.0,0.006909689192438884,3.454844596219442e-06
2025-08-01,Combined Robust Max Sharpe λ=0.50 γ=0.10,10.0,0.006909689192438884,6.909689192438884e-06
2025-08-01,Combined Robust Max Sharpe λ=0.50 γ=0.10,25.0,0.006909689192438884,1.727422298109721e-05
2025-08-01,Equal Weight,0.0,0.0,0.0
2025-08-01,Equal Weight,5.0,0.0,0.0
2025-08-01,Equal Weight,10.0,0.0,0.0
2025-08-01,Equal Weight,25.0,0.0,0.0
2025-08-01,Maximum Sharpe,0.0,0.032105154423050446,0.0
2025-08-01,Maximum Sharpe,5.0,0.032105154423050446,1.6052577211525225e-05
2025-08-01,Maximum Sharpe,10.0,0.032105154423050446,3.210515442305045e-05
2025-08-01,Maximum Sharpe,25.0,0.032105154423050446,8.026288605762611e-05
2025-08-01,Minimum Variance,0.0,0.006890790240036553,0.0
2025-08-01,Minimum Variance,5.0,0.006890790240036553,3.445395120018276e-06
2025-08-01,Minimum Variance,10.0,0.006890790240036553,6.890790240036552e-06
2025-08-01,Minimum Variance,25.0,0.006890790240036553,1.7226975600091382e-05
2025-08-01,SPY,0.0,0.0,0.0
2025-08-01,SPY,5.0,0.0,0.0
2025-08-01,SPY,10.0,0.0,0.0
2025-08-01,SPY,25.0,0.0,0.0
2025-08-01,Shrunk Max Sharpe λ=0.25,0.0,0.021002931609508946,0.0
2025-08-01,Shrunk Max Sharpe λ=0.25,5.0,0.021002931609508946,1.0501465804754474e-05
2025-08-01,Shrunk Max Sharpe λ=0.25,10.0,0.021002931609508946,2.1002931609508947e-05
2025-08-01,Shrunk Max Sharpe λ=0.25,25.0,0.021002931609508946,5.250732902377236e-05
2025-08-01,Shrunk Max Sharpe λ=0.50,0.0,0.01909619932983692,0.0
2025-08-01,Shrunk Max Sharpe λ=0.50,5.0,0.01909619932983692,9.54809966491846e-06
2025-08-01,Shrunk Max Sharpe λ=0.50,10.0,0.01909619932983692,1.909619932983692e-05
2025-08-01,Shrunk Max Sharpe λ=0.50,25.0,0.01909619932983692,4.77404983245923e-05
2025-08-01,Shrunk Max Sharpe λ=0.75,0.0,0.03892414185370298,0.0
2025-08-01,Shrunk Max Sharpe λ=0.75,5.0,0.03892414185370298,1.9462070926851487e-05
2025-08-01,Shrunk Max Sharpe λ=0.75,10.0,0.03892414185370298,3.8924141853702974e-05
2025-08-01,Shrunk Max Sharpe λ=0.75,25.0,0.03892414185370298,9.731035463425744e-05
2025-08-01,Turnover-Aware Max Sharpe γ=0.05,0.0,0.0561227234720288,0.0
2025-08-01,Turnover-Aware Max Sharpe γ=0.05,5.0,0.0561227234720288,2.80613617360144e-05
2025-08-01,Turnover-Aware Max Sharpe γ=0.05,10.0,0.0561227234720288,5.61227234720288e-05
2025-08-01,Turnover-Aware Max Sharpe γ=0.05,25.0,0.0561227234720288,0.000140306808680072
2025-08-01,Turnover-Aware Max Sharpe γ=0.10,0.0,2.3279564915002e-15,0.0
2025-08-01,Turnover-Aware Max Sharpe γ=0.10,5.0,2.3279564915002e-15,1.1639782457501e-18
2025-08-01,Turnover-Aware Max Sharpe γ=0.10,10.0,2.3279564915002e-15,2.3279564915002e-18
2025-08-01,Turnover-Aware Max Sharpe γ=0.10,25.0,2.3279564915002e-15,5.8198912287505e-18
2025-08-01,Turnover-Aware Max Sharpe γ=0.25,0.0,1.644517855226013e-15,0.0
2025-08-01,Turnover-Aware Max Sharpe γ=0.25,5.0,1.644517855226013e-15,8.222589276130064e-19
2025-08-01,Turnover-Aware Max Sharpe γ=0.25,10.0,1.644517855226013e-15,1.6445178552260129e-18
2025-08-01,Turnover-Aware Max Sharpe γ=0.25,25.0,1.644517855226013e-15,4.111294638065032e-18
2025-10-01,Combined Robust Max Sharpe λ=0.50 γ=0.10,0.0,0.06222957619828749,0.0
2025-10-01,Combined Robust Max Sharpe λ=0.50 γ=0.10,5.0,0.06222957619828749,3.1114788099143746e-05
2025-10-01,Combined Robust Max Sharpe λ=0.50 γ=0.10,10.0,0.06222957619828749,6.222957619828749e-05
2025-10-01,Combined Robust Max Sharpe λ=0.50 γ=0.10,25.0,0.06222957619828749,0.00015557394049571874
2025-10-01,Equal Weight,0.0,0.0,0.0
2025-10-01,Equal Weight,5.0,0.0,0.0
2025-10-01,Equal Weight,10.0,0.0,0.0
2025-10-01,Equal Weight,25.0,0.0,0.0
2025-10-01,Maximum Sharpe,0.0,0.1863478147887823,0.0
2025-10-01,Maximum Sharpe,5.0,0.1863478147887823,9.317390739439114e-05
2025-10-01,Maximum Sharpe,10.0,0.1863478147887823,0.00018634781478878227
2025-10-01,Maximum Sharpe,25.0,0.1863478147887823,0.0004658695369719557
2025-10-01,Minimum Variance,0.0,0.023687286370249812,0.0
2025-10-01,Minimum Variance,5.0,0.023687286370249812,1.1843643185124906e-05
2025-10-01,Minimum Variance,10.0,0.023687286370249812,2.3687286370249812e-05
2025-10-01,Minimum Variance,25.0,0.023687286370249812,5.921821592562453e-05
2025-10-01,SPY,0.0,0.0,0.0
2025-10-01,SPY,5.0,0.0,0.0
2025-10-01,SPY,10.0,0.0,0.0
2025-10-01,SPY,25.0,0.0,0.0
2025-10-01,Shrunk Max Sharpe λ=0.25,0.0,0.1338603041227728,0.0
2025-10-01,Shrunk Max Sharpe λ=0.25,5.0,0.1338603041227728,6.69301520613864e-05
2025-10-01,Shrunk Max Sharpe λ=0.25,10.0,0.1338603041227728,0.0001338603041227728
2025-10-01,Shrunk Max Sharpe λ=0.25,25.0,0.1338603041227728,0.000334650760306932
2025-10-01,Shrunk Max Sharpe λ=0.50,0.0,0.07458293365315703,0.0
2025-10-01,Shrunk Max Sharpe λ=0.50,5.0,0.07458293365315703,3.729146682657852e-05
2025-10-01,Shrunk Max Sharpe λ=0.50,10.0,0.07458293365315703,7.458293365315704e-05
2025-10-01,Shrunk Max Sharpe λ=0.50,25.0,0.07458293365315703,0.00018645733413289259
2025-10-01,Shrunk Max Sharpe λ=0.75,0.0,0.12290187505907793,0.0
2025-10-01,Shrunk Max Sharpe λ=0.75,5.0,0.12290187505907793,6.145093752953896e-05
2025-10-01,Shrunk Max Sharpe λ=0.75,10.0,0.12290187505907793,0.00012290187505907793
2025-10-01,Shrunk Max Sharpe λ=0.75,25.0,0.12290187505907793,0.00030725468764769483
2025-10-01,Turnover-Aware Max Sharpe γ=0.05,0.0,0.14712035303129456,0.0
2025-10-01,Turnover-Aware Max Sharpe γ=0.05,5.0,0.14712035303129456,7.356017651564728e-05
2025-10-01,Turnover-Aware Max Sharpe γ=0.05,10.0,0.14712035303129456,0.00014712035303129456
2025-10-01,Turnover-Aware Max Sharpe γ=0.05,25.0,0.14712035303129456,0.0003678008825782364
2025-10-01,Turnover-Aware Max Sharpe γ=0.10,0.0,0.11403930274494947,0.0
2025-10-01,Turnover-Aware Max Sharpe γ=0.10,5.0,0.11403930274494947,5.7019651372474734e-05
2025-10-01,Turnover-Aware Max Sharpe γ=0.10,10.0,0.11403930274494947,0.00011403930274494947
2025-10-01,Turnover-Aware Max Sharpe γ=0.10,25.0,0.11403930274494947,0.00028509825686237367
2025-10-01,Turnover-Aware Max Sharpe γ=0.25,0.0,0.13009192643851467,0.0
2025-10-01,Turnover-Aware Max Sharpe γ=0.25,5.0,0.13009192643851467,6.504596321925732e-05
2025-10-01,Turnover-Aware Max Sharpe γ=0.25,10.0,0.13009192643851467,0.00013009192643851465
2025-10-01,Turnover-Aware Max Sharpe γ=0.25,25.0,0.13009192643851467,0.0003252298160962867
2025-12-01,Combined Robust Max Sharpe λ=0.50 γ=0.10,0.0,7.07874936063602e-15,0.0
2025-12-01,Combined Robust Max Sharpe λ=0.50 γ=0.10,5.0,7.07874936063602e-15,3.5393746803180106e-18
2025-12-01,Combined Robust Max Sharpe λ=0.50 γ=0.10,10.0,7.07874936063602e-15,7.078749360636021e-18
2025-12-01,Combined Robust Max Sharpe λ=0.50 γ=0.10,25.0,7.07874936063602e-15,1.769687340159005e-17
2025-12-01,Equal Weight,0.0,0.0,0.0
2025-12-01,Equal Weight,5.0,0.0,0.0
2025-12-01,Equal Weight,10.0,0.0,0.0
2025-12-01,Equal Weight,25.0,0.0,0.0
2025-12-01,Maximum Sharpe,0.0,0.2781680681788462,0.0
2025-12-01,Maximum Sharpe,5.0,0.2781680681788462,0.00013908403408942308
2025-12-01,Maximum Sharpe,10.0,0.2781680681788462,0.00027816806817884616
2025-12-01,Maximum Sharpe,25.0,0.2781680681788462,0.0006954201704471156
2025-12-01,Minimum Variance,0.0,0.04142039916408414,0.0
2025-12-01,Minimum Variance,5.0,0.04142039916408414,2.071019958204207e-05
2025-12-01,Minimum Variance,10.0,0.04142039916408414,4.142039916408414e-05
2025-12-01,Minimum Variance,25.0,0.04142039916408414,0.00010355099791021034
2025-12-01,SPY,0.0,0.0,0.0
2025-12-01,SPY,5.0,0.0,0.0
2025-12-01,SPY,10.0,0.0,0.0
2025-12-01,SPY,25.0,0.0,0.0
2025-12-01,Shrunk Max Sharpe λ=0.25,0.0,0.17633088129988347,0.0
2025-12-01,Shrunk Max Sharpe λ=0.25,5.0,0.17633088129988347,8.816544064994174e-05
2025-12-01,Shrunk Max Sharpe λ=0.25,10.0,0.17633088129988347,0.00017633088129988348
2025-12-01,Shrunk Max Sharpe λ=0.25,25.0,0.17633088129988347,0.0004408272032497087
2025-12-01,Shrunk Max Sharpe λ=0.50,0.0,0.04351985013716703,0.0
2025-12-01,Shrunk Max Sharpe λ=0.50,5.0,0.04351985013716703,2.1759925068583512e-05
2025-12-01,Shrunk Max Sharpe λ=0.50,10.0,0.04351985013716703,4.3519850137167024e-05
2025-12-01,Shrunk Max Sharpe λ=0.50,25.0,0.04351985013716703,0.00010879962534291756
2025-12-01,Shrunk Max Sharpe λ=0.75,0.0,0.0189994761657093,0.0
2025-12-01,Shrunk Max Sharpe λ=0.75,5.0,0.0189994761657093,9.499738082854651e-06
2025-12-01,Shrunk Max Sharpe λ=0.75,10.0,0.0189994761657093,1.8999476165709302e-05
2025-12-01,Shrunk Max Sharpe λ=0.75,25.0,0.0189994761657093,4.7498690414273256e-05
2025-12-01,Turnover-Aware Max Sharpe γ=0.05,0.0,0.21635685923594217,0.0
2025-12-01,Turnover-Aware Max Sharpe γ=0.05,5.0,0.21635685923594217,0.00010817842961797109
2025-12-01,Turnover-Aware Max Sharpe γ=0.05,10.0,0.21635685923594217,0.00021635685923594218
2025-12-01,Turnover-Aware Max Sharpe γ=0.05,25.0,0.21635685923594217,0.0005408921480898554
2025-12-01,Turnover-Aware Max Sharpe γ=0.10,0.0,0.15303396724035,0.0
2025-12-01,Turnover-Aware Max Sharpe γ=0.10,5.0,0.15303396724035,7.6516983620175e-05
2025-12-01,Turnover-Aware Max Sharpe γ=0.10,10.0,0.15303396724035,0.00015303396724035
2025-12-01,Turnover-Aware Max Sharpe γ=0.10,25.0,0.15303396724035,0.000382584918100875
2025-12-01,Turnover-Aware Max Sharpe γ=0.25,0.0,0.10668794697306995,0.0
2025-12-01,Turnover-Aware Max Sharpe γ=0.25,5.0,0.10668794697306995,5.334397348653498e-05
2025-12-01,Turnover-Aware Max Sharpe γ=0.25,10.0,0.10668794697306995,0.00010668794697306996
2025-12-01,Turnover-Aware Max Sharpe γ=0.25,25.0,0.10668794697306995,0.00026671986743267485
2026-04-01,Combined Robust Max Sharpe λ=0.50 γ=0.10,0.0,0.032108547001685826,0.0
2026-04-01,Combined Robust Max Sharpe λ=0.50 γ=0.10,5.0,0.032108547001685826,1.6054273500842914e-05
2026-04-01,Combined Robust Max Sharpe λ=0.50 γ=0.10,10.0,0.032108547001685826,3.210854700168583e-05
2026-04-01,Combined Robust Max Sharpe λ=0.50 γ=0.10,25.0,0.032108547001685826,8.027136750421456e-05
2026-04-01,Equal Weight,0.0,0.0,0.0
2026-04-01,Equal Weight,5.0,0.0,0.0
2026-04-01,Equal Weight,10.0,0.0,0.0
2026-04-01,Equal Weight,25.0,0.0,0.0
2026-04-01,Maximum Sharpe,0.0,0.20759808414688824,0.0
2026-04-01,Maximum Sharpe,5.0,0.20759808414688824,0.00010379904207344412
2026-04-01,Maximum Sharpe,10.0,0.20759808414688824,0.00020759808414688824
2026-04-01,Maximum Sharpe,25.0,0.20759808414688824,0.0005189952103672206
2026-04-01,Minimum Variance,0.0,0.06632749060700618,0.0
2026-04-01,Minimum Variance,5.0,0.06632749060700618,3.316374530350309e-05
2026-04-01,Minimum Variance,10.0,0.06632749060700618,6.632749060700618e-05
2026-04-01,Minimum Variance,25.0,0.06632749060700618,0.00016581872651751545
2026-04-01,SPY,0.0,0.0,0.0
2026-04-01,SPY,5.0,0.0,0.0
2026-04-01,SPY,10.0,0.0,0.0
2026-04-01,SPY,25.0,0.0,0.0
2026-04-01,Shrunk Max Sharpe λ=0.25,0.0,0.16314545942519443,0.0
2026-04-01,Shrunk Max Sharpe λ=0.25,5.0,0.16314545942519443,8.157272971259722e-05
2026-04-01,Shrunk Max Sharpe λ=0.25,10.0,0.16314545942519443,0.00016314545942519443
2026-04-01,Shrunk Max Sharpe λ=0.25,25.0,0.16314545942519443,0.0004078636485629861
2026-04-01,Shrunk Max Sharpe λ=0.50,0.0,0.09497513592197905,0.0
2026-04-01,Shrunk Max Sharpe λ=0.50,5.0,0.09497513592197905,4.7487567960989527e-05
2026-04-01,Shrunk Max Sharpe λ=0.50,10.0,0.09497513592197905,9.497513592197905e-05
2026-04-01,Shrunk Max Sharpe λ=0.50,25.0,0.09497513592197905,0.00023743783980494763
2026-04-01,Shrunk Max Sharpe λ=0.75,0.0,0.04319935848484215,0.0
2026-04-01,Shrunk Max Sharpe λ=0.75,5.0,0.04319935848484215,2.159967924242108e-05
2026-04-01,Shrunk Max Sharpe λ=0.75,10.0,0.04319935848484215,4.319935848484216e-05
2026-04-01,Shrunk Max Sharpe λ=0.75,25.0,0.04319935848484215,0.00010799839621210538
2026-04-01,Turnover-Aware Max Sharpe γ=0.05,0.0,0.1824431419667207,0.0
2026-04-01,Turnover-Aware Max Sharpe γ=0.05,5.0,0.1824431419667207,9.122157098336035e-05
2026-04-01,Turnover-Aware Max Sharpe γ=0.05,10.0,0.1824431419667207,0.0001824431419667207
2026-04-01,Turnover-Aware Max Sharpe γ=0.05,25.0,0.1824431419667207,0.00045610785491680177
2026-04-01,Turnover-Aware Max Sharpe γ=0.10,0.0,0.006135099790460141,0.0
2026-04-01,Turnover-Aware Max Sharpe γ=0.10,5.0,0.006135099790460141,3.0675498952300704e-06
2026-04-01,Turnover-Aware Max Sharpe γ=0.10,10.0,0.006135099790460141,6.135099790460141e-06
2026-04-01,Turnover-Aware Max Sharpe γ=0.10,25.0,0.006135099790460141,1.5337749476150353e-05
2026-04-01,Turnover-Aware Max Sharpe γ=0.25,0.0,1.6870813279032021e-15,0.0
2026-04-01,Turnover-Aware Max Sharpe γ=0.25,5.0,1.6870813279032021e-15,8.435406639516011e-19
2026-04-01,Turnover-Aware Max Sharpe γ=0.25,10.0,1.6870813279032021e-15,1.6870813279032022e-18
2026-04-01,Turnover-Aware Max Sharpe γ=0.25,25.0,1.6870813279032021e-15,4.217703319758005e-18
2026-05-01,Combined Robust Max Sharpe λ=0.50 γ=0.10,0.0,0.038374353649155354,0.0
2026-05-01,Combined Robust Max Sharpe λ=0.50 γ=0.10,5.0,0.038374353649155354,1.918717682457768e-05
2026-05-01,Combined Robust Max Sharpe λ=0.50 γ=0.10,10.0,0.038374353649155354,3.837435364915536e-05
2026-05-01,Combined Robust Max Sharpe λ=0.50 γ=0.10,25.0,0.038374353649155354,9.593588412288838e-05
2026-05-01,Equal Weight,0.0,0.0,0.0
2026-05-01,Equal Weight,5.0,0.0,0.0
2026-05-01,Equal Weight,10.0,0.0,0.0
2026-05-01,Equal Weight,25.0,0.0,0.0
2026-05-01,Maximum Sharpe,0.0,0.0937397554672797,0.0
2026-05-01,Maximum Sharpe,5.0,0.0937397554672797,4.686987773363985e-05
2026-05-01,Maximum Sharpe,10.0,0.0937397554672797,9.37397554672797e-05
2026-05-01,Maximum Sharpe,25.0,0.0937397554672797,0.00023434938866819923
2026-05-01,Minimum Variance,0.0,0.008282710954827537,0.0
2026-05-01,Minimum Variance,5.0,0.008282710954827537,4.141355477413768e-06
2026-05-01,Minimum Variance,10.0,0.008282710954827537,8.282710954827536e-06
2026-05-01,Minimum Variance,25.0,0.008282710954827537,2.0706777387068843e-05
2026-05-01,SPY,0.0,0.0,0.0
2026-05-01,SPY,5.0,0.0,0.0
2026-05-01,SPY,10.0,0.0,0.0
2026-05-01,SPY,25.0,0.0,0.0
2026-05-01,Shrunk Max Sharpe λ=0.25,0.0,0.04213127356789081,0.0
2026-05-01,Shrunk Max Sharpe λ=0.25,5.0,0.04213127356789081,2.1065636783945404e-05
2026-05-01,Shrunk Max Sharpe λ=0.25,10.0,0.04213127356789081,4.213127356789081e-05
2026-05-01,Shrunk Max Sharpe λ=0.25,25.0,0.04213127356789081,0.00010532818391972703
2026-05-01,Shrunk Max Sharpe λ=0.50,0.0,0.033430712445825767,0.0
2026-05-01,Shrunk Max Sharpe λ=0.50,5.0,0.033430712445825767,1.6715356222912884e-05
2026-05-01,Shrunk Max Sharpe λ=0.50,10.0,0.033430712445825767,3.343071244582577e-05
2026-05-01,Shrunk Max Sharpe λ=0.50,25.0,0.033430712445825767,8.357678111456442e-05
2026-05-01,Shrunk Max Sharpe λ=0.75,0.0,0.011852131627853485,0.0
2026-05-01,Shrunk Max Sharpe λ=0.75,5.0,0.011852131627853485,5.9260658139267424e-06
2026-05-01,Shrunk Max Sharpe λ=0.75,10.0,0.011852131627853485,1.1852131627853485e-05
2026-05-01,Shrunk Max Sharpe λ=0.75,25.0,0.011852131627853485,2.963032906963371e-05
2026-05-01,Turnover-Aware Max Sharpe γ=0.05,0.0,0.07676360431348805,0.0
2026-05-01,Turnover-Aware Max Sharpe γ=0.05,5.0,0.07676360431348805,3.838180215674403e-05
2026-05-01,Turnover-Aware Max Sharpe γ=0.05,10.0,0.07676360431348805,7.676360431348805e-05
2026-05-01,Turnover-Aware Max Sharpe γ=0.05,25.0,0.07676360431348805,0.00019190901078372014
2026-05-01,Turnover-Aware Max Sharpe γ=0.10,0.0,0.05872548578226036,0.0
2026-05-01,Turnover-Aware Max Sharpe γ=0.10,5.0,0.05872548578226036,2.9362742891130178e-05
2026-05-01,Turnover-Aware Max Sharpe γ=0.10,10.0,0.05872548578226036,5.8725485782260356e-05
2026-05-01,Turnover-Aware Max Sharpe γ=0.10,25.0,0.05872548578226036,0.0001468137144556509
2026-05-01,Turnover-Aware Max Sharpe γ=0.25,0.0,1.8711730090399944e-15,0.0
2026-05-01,Turnover-Aware Max Sharpe γ=0.25,5.0,1.8711730090399944e-15,9.355865045199972e-19
2026-05-01,Turnover-Aware Max Sharpe γ=0.25,10.0,1.8711730090399944e-15,1.8711730090399945e-18
2026-05-01,Turnover-Aware Max Sharpe γ=0.25,25.0,1.8711730090399944e-15,4.677932522599986e-18
2026-06-01,Combined Robust Max Sharpe λ=0.50 γ=0.10,0.0,0.032194813947285246,0.0
2026-06-01,Combined Robust Max Sharpe λ=0.50 γ=0.10,5.0,0.032194813947285246,1.6097406973642624e-05
2026-06-01,Combined Robust Max Sharpe λ=0.50 γ=0.10,10.0,0.032194813947285246,3.219481394728525e-05
2026-06-01,Combined Robust Max Sharpe λ=0.50 γ=0.10,25.0,0.032194813947285246,8.048703486821311e-05
2026-06-01,Equal Weight,0.0,0.0,0.0
2026-06-01,Equal Weight,5.0,0.0,0.0
2026-06-01,Equal Weight,10.0,0.0,0.0
2026-06-01,Equal Weight,25.0,0.0,0.0
2026-06-01,Maximum Sharpe,0.0,0.04420088056140338,0.0
2026-06-01,Maximum Sharpe,5.0,0.04420088056140338,2.210044028070169e-05
2026-06-01,Maximum Sharpe,10.0,0.04420088056140338,4.420088056140338e-05
2026-06-01,Maximum Sharpe,25.0,0.04420088056140338,0.00011050220140350846
2026-06-01,Minimum Variance,0.0,0.010052445207669207,0.0
2026-06-01,Minimum Variance,5.0,0.010052445207669207,5.026222603834604e-06
2026-06-01,Minimum Variance,10.0,0.010052445207669207,1.0052445207669208e-05
2026-06-01,Minimum Variance,25.0,0.010052445207669207,2.5131113019173017e-05
2026-06-01,SPY,0.0,0.0,0.0
2026-06-01,SPY,5.0,0.0,0.0
2026-06-01,SPY,10.0,0.0,0.0
2026-06-01,SPY,25.0,0.0,0.0
2026-06-01,Shrunk Max Sharpe λ=0.25,0.0,0.00872529190186188,0.0
2026-06-01,Shrunk Max Sharpe λ=0.25,5.0,0.00872529190186188,4.36264595093094e-06
2026-06-01,Shrunk Max Sharpe λ=0.25,10.0,0.00872529190186188,8.72529190186188e-06
2026-06-01,Shrunk Max Sharpe λ=0.25,25.0,0.00872529190186188,2.18132297546547e-05
2026-06-01,Shrunk Max Sharpe λ=0.50,0.0,0.050660658429676673,0.0
2026-06-01,Shrunk Max Sharpe λ=0.50,5.0,0.050660658429676673,2.5330329214838336e-05
2026-06-01,Shrunk Max Sharpe λ=0.50,10.0,0.050660658429676673,5.066065842967667e-05
2026-06-01,Shrunk Max Sharpe λ=0.50,25.0,0.050660658429676673,0.00012665164607419168
2026-06-01,Shrunk Max Sharpe λ=0.75,0.0,0.005896275533023192,0.0
2026-06-01,Shrunk Max Sharpe λ=0.75,5.0,0.005896275533023192,2.948137766511596e-06
2026-06-01,Shrunk Max Sharpe λ=0.75,10.0,0.005896275533023192,5.896275533023192e-06
2026-06-01,Shrunk Max Sharpe λ=0.75,25.0,0.005896275533023192,1.474068883255798e-05
2026-06-01,Turnover-Aware Max Sharpe γ=0.05,0.0,0.01875618158253255,0.0
2026-06-01,Turnover-Aware Max Sharpe γ=0.05,5.0,0.01875618158253255,9.378090791266275e-06
2026-06-01,Turnover-Aware Max Sharpe γ=0.05,10.0,0.01875618158253255,1.875618158253255e-05
2026-06-01,Turnover-Aware Max Sharpe γ=0.05,25.0,0.01875618158253255,4.6890453956331374e-05
2026-06-01,Turnover-Aware Max Sharpe γ=0.10,0.0,0.030930002510151346,0.0
2026-06-01,Turnover-Aware Max Sharpe γ=0.10,5.0,0.030930002510151346,1.5465001255075672e-05
2026-06-01,Turnover-Aware Max Sharpe γ=0.10,10.0,0.030930002510151346,3.0930002510151345e-05
2026-06-01,Turnover-Aware Max Sharpe γ=0.10,25.0,0.030930002510151346,7.732500627537837e-05
2026-06-01,Turnover-Aware Max Sharpe γ=0.25,0.0,3.7305578473369078e-16,0.0
2026-06-01,Turnover-Aware Max Sharpe γ=0.25,5.0,3.7305578473369078e-16,1.8652789236684536e-19
2026-06-01,Turnover-Aware Max Sharpe γ=0.25,10.0,3.7305578473369078e-16,3.730557847336907e-19
2026-06-01,Turnover-Aware Max Sharpe γ=0.25,25.0,3.7305578473369078e-16,9.32639461834227e-19
2026-07-01,Combined Robust Max Sharpe λ=0.50 γ=0.10,0.0,0.04047613233229722,0.0
2026-07-01,Combined Robust Max Sharpe λ=0.50 γ=0.10,5.0,0.04047613233229722,2.023806616614861e-05
2026-07-01,Combined Robust Max Sharpe λ=0.50 γ=0.10,10.0,0.04047613233229722,4.047613233229722e-05
2026-07-01,Combined Robust Max Sharpe λ=0.50 γ=0.10,25.0,0.04047613233229722,0.00010119033083074305
2026-07-01,Equal Weight,0.0,0.0,0.0
2026-07-01,Equal Weight,5.0,0.0,0.0
2026-07-01,Equal Weight,10.0,0.0,0.0
2026-07-01,Equal Weight,25.0,0.0,0.0
2026-07-01,Maximum Sharpe,0.0,0.017870371719164876,0.0
2026-07-01,Maximum Sharpe,5.0,0.017870371719164876,8.935185859582438e-06
2026-07-01,Maximum Sharpe,10.0,0.017870371719164876,1.7870371719164875e-05
2026-07-01,Maximum Sharpe,25.0,0.017870371719164876,4.467592929791219e-05
2026-07-01,Minimum Variance,0.0,0.016202690641540618,0.0
2026-07-01,Minimum Variance,5.0,0.016202690641540618,8.10134532077031e-06
2026-07-01,Minimum Variance,10.0,0.016202690641540618,1.620269064154062e-05
2026-07-01,Minimum Variance,25.0,0.016202690641540618,4.0506726603851544e-05
2026-07-01,SPY,0.0,0.0,0.0
2026-07-01,SPY,5.0,0.0,0.0
2026-07-01,SPY,10.0,0.0,0.0
2026-07-01,SPY,25.0,0.0,0.0
2026-07-01,Shrunk Max Sharpe λ=0.25,0.0,0.027946087254761665,0.0
2026-07-01,Shrunk Max Sharpe λ=0.25,5.0,0.027946087254761665,1.3973043627380832e-05
2026-07-01,Shrunk Max Sharpe λ=0.25,10.0,0.027946087254761665,2.7946087254761664e-05
2026-07-01,Shrunk Max Sharpe λ=0.25,25.0,0.027946087254761665,6.986521813690417e-05
2026-07-01,Shrunk Max Sharpe λ=0.50,0.0,0.04474668298482493,0.0
2026-07-01,Shrunk Max Sharpe λ=0.50,5.0,0.04474668298482493,2.2373341492412467e-05
2026-07-01,Shrunk Max Sharpe λ=0.50,10.0,0.04474668298482493,4.4746682984824934e-05
2026-07-01,Shrunk Max Sharpe λ=0.50,25.0,0.04474668298482493,0.00011186670746206234
2026-07-01,Shrunk Max Sharpe λ=0.75,0.0,0.0045617647703797065,0.0
2026-07-01,Shrunk Max Sharpe λ=0.75,5.0,0.0045617647703797065,2.2808823851898535e-06
2026-07-01,Shrunk Max Sharpe λ=0.75,10.0,0.0045617647703797065,4.561764770379707e-06
2026-07-01,Shrunk Max Sharpe λ=0.75,25.0,0.0045617647703797065,1.1404411925949266e-05
2026-07-01,Turnover-Aware Max Sharpe γ=0.05,0.0,5.48509897891847e-16,0.0
2026-07-01,Turnover-Aware Max Sharpe γ=0.05,5.0,5.48509897891847e-16,2.742549489459235e-19
2026-07-01,Turnover-Aware Max Sharpe γ=0.05,10.0,5.48509897891847e-16,5.48509897891847e-19
2026-07-01,Turnover-Aware Max Sharpe γ=0.05,25.0,5.48509897891847e-16,1.3712747447296174e-18
2026-07-01,Turnover-Aware Max Sharpe γ=0.10,0.0,5.232570916640659e-16,0.0
2026-07-01,Turnover-Aware Max Sharpe γ=0.10,5.0,5.232570916640659e-16,2.61628545832033e-19
2026-07-01,Turnover-Aware Max Sharpe γ=0.10,10.0,5.232570916640659e-16,5.23257091664066e-19
2026-07-01,Turnover-Aware Max Sharpe γ=0.10,25.0,5.232570916640659e-16,1.3081427291601647e-18
2026-07-01,Turnover-Aware Max Sharpe γ=0.25,0.0,1.1796817794804317e-15,0.0
2026-07-01,Turnover-Aware Max Sharpe γ=0.25,5.0,1.1796817794804317e-15,5.898408897402159e-19
2026-07-01,Turnover-Aware Max Sharpe γ=0.25,10.0,1.1796817794804317e-15,1.1796817794804317e-18
2026-07-01,Turnover-Aware Max Sharpe γ=0.25,25.0,1.1796817794804317e-15,2.949204448701079e-18
2026-09-01,Combined Robust Max Sharpe λ=0.50 γ=0.10,0.0,0.018907025277046647,0.0
2026-09-01,Combined Robust Max Sharpe λ=0.50 γ=0.10,5.0,0.018907025277046647,9.453512638523324e-06
2026-09-01,Combined Robust Max Sharpe λ=0.50 γ=0.10,10.0,0.018907025277046647,1.8907025277046647e-05
2026-09-01,Combined Robust Max Sharpe λ=0.50 γ=0.10,25.0,0.018907025277046647,4.726756319261662e-05
2026-09-01,Equal Weight,0.0,0.0,0.0
2026-09-01,Equal Weight,5.0,0.0,0.0
2026-09-01,Equal Weight,10.0,0.0,0.0
2026-09-01,Equal Weight,25.0,0.0,0.0
2026-09-01,Maximum Sharpe,0.0,0.10259761216490787,0.0
2026-09-01,Maximum Sharpe,5.0,0.10259761216490787,5.129880608245394e-05
2026-09-01,Maximum Sharpe,10.0,0.10259761216490787,0.00010259761216490788
2026-09-01,Maximum Sharpe,25.0,0.10259761216490787,0.00025649403041226967
2026-09-01,Minimum Variance,0.0,0.015720269657770205,0.0
2026-09-01,Minimum Variance,5.0,0.015720269657770205,7.860134828885103e-06
2026-09-01,Minimum Variance,10.0,0.015720269657770205,1.5720269657770206e-05
2026-09-01,Minimum Variance,25.0,0.015720269657770205,3.930067414442551e-05
2026-09-01,SPY,0.0,0.0,0.0
2026-09-01,SPY,5.0,0.0,0.0
2026-09-01,SPY,10.0,0.0,0.0
2026-09-01,SPY,25.0,0.0,0.0
2026-09-01,Shrunk Max Sharpe λ=0.25,0.0,0.053691932563329665,0.0
2026-09-01,Shrunk Max Sharpe λ=0.25,5.0,0.053691932563329665,2.6845966281664835e-05
2026-09-01,Shrunk Max Sharpe λ=0.25,10.0,0.053691932563329665,5.369193256332967e-05
2026-09-01,Shrunk Max Sharpe λ=0.25,25.0,0.053691932563329665,0.00013422983140832416
2026-09-01,Shrunk Max Sharpe λ=0.50,0.0,0.016025591864064655,0.0
2026-09-01,Shrunk Max Sharpe λ=0.50,5.0,0.016025591864064655,8.012795932032328e-06
2026-09-01,Shrunk Max Sharpe λ=0.50,10.0,0.016025591864064655,1.6025591864064655e-05
2026-09-01,Shrunk Max Sharpe λ=0.50,25.0,0.016025591864064655,4.006397966016163e-05
2026-09-01,Shrunk Max Sharpe λ=0.75,0.0,0.002073038770808095,0.0
2026-09-01,Shrunk Max Sharpe λ=0.75,5.0,0.002073038770808095,1.0365193854040475e-06
2026-09-01,Shrunk Max Sharpe λ=0.75,10.0,0.002073038770808095,2.073038770808095e-06
2026-09-01,Shrunk Max Sharpe λ=0.75,25.0,0.002073038770808095,5.182596927020237e-06
2026-09-01,Turnover-Aware Max Sharpe γ=0.05,0.0,0.0754199864400423,0.0
2026-09-01,Turnover-Aware Max Sharpe γ=0.05,5.0,0.0754199864400423,3.7709993220021156e-05
2026-09-01,Turnover-Aware Max Sharpe γ=0.05,10.0,0.0754199864400423,7.541998644004231e-05
2026-09-01,Turnover-Aware Max Sharpe γ=0.05,25.0,0.0754199864400423,0.00018854996610010574
2026-09-01,Turnover-Aware Max Sharpe γ=0.10,0.0,0.08895600841968639,0.0
2026-09-01,Turnover-Aware Max Sharpe γ=0.10,5.0,0.08895600841968639,4.447800420984319e-05
2026-09-01,Turnover-Aware Max Sharpe γ=0.10,10.0,0.08895600841968639,8.895600841968638e-05
2026-09-01,Turnover-Aware Max Sharpe γ=0.10,25.0,0.08895600841968639,0.00022239002104921596
2026-09-01,Turnover-Aware Max Sharpe γ=0.25,0.0,5.925388436245839e-16,0.0
2026-09-01,Turnover-Aware Max Sharpe γ=0.25,5.0,5.925388436245839e-16,2.9626942181229195e-19
2026-09-01,Turnover-Aware Max Sharpe γ=0.25,10.0,5.925388436245839e-16,5.925388436245839e-19
2026-09-01,Turnover-Aware Max Sharpe γ=0.25,25.0,5.925388436245839e-16,1.48134710906146e-18
