date,strategy,cost_bps,transaction_cost
2018-02-01,Maximum Sharpe,0.0,0.0
2018-02-01,Maximum Sharpe,5.0,0.0
2018-02-01,Maximum Sharpe,10.0,0.0
2018-02-01,Maximum Sharpe,25.0,0.0
2018-02-01,Equal Weight,0.0,0.0
2018-02-01,Equal Weight,5.0,0.0
2018-02-01,Equal Weight,10.0,0.0
2018-02-01,Equal Weight,25.0,0.0
2018-02-01,Minimum Variance,0.0,0.0
2018-02-01,Minimum Variance,5.0,0.0
2018-02-01,Minimum Variance,10.0,0.0
2018-02-01,Minimum Variance,25.0,0.0
2018-02-01,SPY,0.0,0.0
2018-02-01,SPY,5.0,0.0
2018-02-01,SPY,10.0,0.0
2018-02-01,SPY,25.0,0.0
2018-02-01,Shrunk Max Sharpe λ=0.25,0.0,0.0
2018-02-01,Shrunk Max Sharpe λ=0.25,5.0,0.0
2018-02-01,Shrunk Max Sharpe λ=0.25,10.0,0.0
2018-02-01,Shrunk Max Sharpe λ=0.25,25.0,0.0
2018-02-01,Shrunk Max Sharpe λ=0.50,0.0,0.0
2018-02-01,Shrunk Max Sharpe λ=0.50,5.0,0.0
2018-02-01,Shrunk Max Sharpe λ=0.50,10.0,0.0
2018-02-01,Shrunk Max Sharpe λ=0.50,25.0,0.0
2018-02-01,Shrunk Max Sharpe λ=0.75,0.0,0.0
2018-02-01,Shrunk Max Sharpe λ=0.75,5.0,0.0
2018-02-01,Shrunk Max Sharpe λ=0.75,10.0,0.0
2018-02-01,Shrunk Max Sharpe λ=0.75,25.0,0.0
2018-02-01,Turnover-Aware Max Sharpe γ=0.05,0.0,0.0
2018-02-01,Turnover-Aware Max Sharpe γ=0.05,5.0,0.0
2018-02-01,Turnover-Aware Max Sharpe γ=0.05,10.0,0.0
2018-02-01,Turnover-Aware Max Sharpe γ=0.05,25.0,0.0
2018-02-01,Turnover-Aware Max Sharpe γ=0.10,0.0,0.0
2018-02-01,Turnover-Aware Max Sharpe γ=0.10,5.0,0.0
2018-02-01,Turnover-Aware Max Sharpe γ=0.10,10.0,0.0
2018-02-01,Turnover-Aware Max Sharpe γ=0.10,25.0,0.0
2018-02-01,Turnover-Aware Max Sharpe γ=0.25,0.0,0.0
2018-02-01,Turnover-Aware Max Sharpe γ=0.25,5.0,0.0
2018-02-01,Turnover-Aware Max Sharpe γ=0.25,10.0,0.0
2018-02-01,Turnover-Aware Max Sharpe γ=0.25,25.0,0.0
2018-02-01,Combined Robust Max Sharpe λ=0.50 γ=0.10,0.0,0.0
2018-02-01,Combined Robust Max Sharpe λ=0.50 γ=0.10,5.0,0.0
2018-02-01,Combined Robust Max Sharpe λ=0.50 γ=0.10,10.0,0.0
2018-02-01,Combined Robust Max Sharpe λ=0.50 γ=0.10,25.0,0.0
2018-03-01,Maximum Sharpe,0.0,0.0
2018-03-01,Maximum Sharpe,5.0,3.971144271733639e-05
2018-03-01,Maximum Sharpe,10.0,7.942288543467278e-05
2018-03-01,Maximum Sharpe,25.0,0.00019855721358668195
2018-03-01,Equal Weight,0.0,0.0
2018-03-01,Equal Weight,5.0,0.0
2018-03-01,Equal Weight,10.0,0.0
2018-03-01,Equal Weight,25.0,0.0
2018-03-01,Minimum Variance,0.0,0.0
2018-03-01,Minimum Variance,5.0,1.7711064872451124e-05
2018-03-01,Minimum Variance,10.0,3.542212974490225e-05
2018-03-01,Minimum Variance,25.0,8.855532436225562e-05
2018-03-01,SPY,0.0,0.0
2018-03-01,SPY,5.0,0.0
2018-03-01,SPY,10.0,0.0
2018-03-01,SPY,25.0,0.0
2018-03-01,Shrunk Max Sharpe λ=0.25,0.0,0.0
2018-03-01,Shrunk Max Sharpe λ=0.25,5.0,2.638149381762179e-05
2018-03-01,Shrunk Max Sharpe λ=0.25,10.0,5.276298763524358e-05
2018-03-01,Shrunk Max Sharpe λ=0.25,25.0,0.00013190746908810894
2018-03-01,Shrunk Max Sharpe λ=0.50,0.0,0.0
2018-03-01,Shrunk Max Sharpe λ=0.50,5.0,9.120359367302083e-05
2018-03-01,Shrunk Max Sharpe λ=0.50,10.0,0.00018240718734604167
2018-03-01,Shrunk Max Sharpe λ=0.50,25.0,0.00045601796836510416
2018-03-01,Shrunk Max Sharpe λ=0.75,0.0,0.0
2018-03-01,Shrunk Max Sharpe λ=0.75,5.0,3.4300732302644434e-05
2018-03-01,Shrunk Max Sharpe λ=0.75,10.0,6.860146460528887e-05
2018-03-01,Shrunk Max Sharpe λ=0.75,25.0,0.00017150366151322214
2018-03-01,Turnover-Aware Max Sharpe γ=0.05,0.0,0.0
2018-03-01,Turnover-Aware Max Sharpe γ=0.05,5.0,2.5761760314341094e-05
2018-03-01,Turnover-Aware Max Sharpe γ=0.05,10.0,5.152352062868219e-05
2018-03-01,Turnover-Aware Max Sharpe γ=0.05,25.0,0.00012880880157170547
2018-03-01,Turnover-Aware Max Sharpe γ=0.10,0.0,0.0
2018-03-01,Turnover-Aware Max Sharpe γ=0.10,5.0,1.3607455239225249e-05
2018-03-01,Turnover-Aware Max Sharpe γ=0.10,10.0,2.7214910478450497e-05
2018-03-01,Turnover-Aware Max Sharpe γ=0.10,25.0,6.803727619612624e-05
2018-03-01,Turnover-Aware Max Sharpe γ=0.25,0.0,0.0
2018-03-01,Turnover-Aware Max Sharpe γ=0.25,5.0,1.353908107834797e-05
2018-03-01,Turnover-Aware Max Sharpe γ=0.25,10.0,2.707816215669594e-05
2018-03-01,Turnover-Aware Max Sharpe γ=0.25,25.0,6.769540539173984e-05
2018-03-01,Combined Robust Max Sharpe λ=0.50 γ=0.10,0.0,0.0
2018-03-01,Combined Robust Max Sharpe λ=0.50 γ=0.10,5.0,3.026484692211789e-05
2018-03-01,Combined Robust Max Sharpe λ=0.50 γ=0.10,10.0,6.052969384423578e-05
2018-03-01,Combined Robust Max Sharpe λ=0.50 γ=0.10,25.0,0.00015132423461058944
2018-05-01,Maximum Sharpe,0.0,0.0
2018-05-01,Maximum Sharpe,5.0,0.0001162273000878027
2018-05-01,Maximum Sharpe,10.0,0.0002324546001756054
2018-05-01,Maximum Sharpe,25.0,0.0005811365004390135
2018-05-01,Equal Weight,0.0,0.0
2018-05-01,Equal Weight,5.0,0.0
2018-05-01,Equal Weight,10.0,0.0
2018-05-01,Equal Weight,25.0,0.0
2018-05-01,Minimum Variance,0.0,0.0
2018-05-01,Minimum Variance,5.0,2.857775883714441e-05
2018-05-01,Minimum Variance,10.0,5.715551767428882e-05
2018-05-01,Minimum Variance,25.0,0.00014288879418572205
2018-05-01,SPY,0.0,0.0
2018-05-01,SPY,5.0,0.0
2018-05-01,SPY,10.0,0.0
2018-05-01,SPY,25.0,0.0
2018-05-01,Shrunk Max Sharpe λ=0.25,0.0,0.0
2018-05-01,Shrunk Max Sharpe λ=0.25,5.0,3.73468499430614e-05
2018-05-01,Shrunk Max Sharpe λ=0.25,10.0,7.46936998861228e-05
2018-05-01,Shrunk Max Sharpe λ=0.25,25.0,0.00018673424971530698
2018-05-01,Shrunk Max Sharpe λ=0.50,0.0,0.0
2018-05-01,Shrunk Max Sharpe λ=0.50,5.0,2.745472621145389e-05
2018-05-01,Shrunk Max Sharpe λ=0.50,10.0,5.490945242290778e-05
2018-05-01,Shrunk Max Sharpe λ=0.50,25.0,0.00013727363105726944
2018-05-01,Shrunk Max Sharpe λ=0.75,0.0,0.0
2018-05-01,Shrunk Max Sharpe λ=0.75,5.0,3.057733395853637e-05
2018-05-01,Shrunk Max Sharpe λ=0.75,10.0,6.115466791707274e-05
2018-05-01,Shrunk Max Sharpe λ=0.75,25.0,0.00015288666979268185
2018-05-01,Turnover-Aware Max Sharpe γ=0.05,0.0,0.0
2018-05-01,Turnover-Aware Max Sharpe γ=0.05,5.0,6.04527552601117e-05
2018-05-01,Turnover-Aware Max Sharpe γ=0.05,10.0,0.0001209055105202234
2018-05-01,Turnover-Aware Max Sharpe γ=0.05,25.0,0.0003022637763005585
2018-05-01,Turnover-Aware Max Sharpe γ=0.10,0.0,0.0
2018-05-01,Turnover-Aware Max Sharpe γ=0.10,5.0,2.8708593185573175e-05
2018-05-01,Turnover-Aware Max Sharpe γ=0.10,10.0,5.741718637114635e-05
2018-05-01,Turnover-Aware Max Sharpe γ=0.10,25.0,0.00014354296592786585
2018-05-01,Turnover-Aware Max Sharpe γ=0.25,0.0,0.0
2018-05-01,Turnover-Aware Max Sharpe γ=0.25,5.0,1.5765316045165277e-05
2018-05-01,Turnover-Aware Max Sharpe γ=0.25,10.0,3.1530632090330555e-05
2018-05-01,Turnover-Aware Max Sharpe γ=0.25,25.0,7.882658022582638e-05
2018-05-01,Combined Robust Max Sharpe λ=0.50 γ=0.10,0.0,0.0
2018-05-01,Combined Robust Max Sharpe λ=0.50 γ=0.10,5.0,1.3504863490493287e-05
2018-05-01,Combined Robust Max Sharpe λ=0.50 γ=0.10,10.0,2.7009726980986574e-05
2018-05-01,Combined Robust Max Sharpe λ=0.50 γ=0.10,25.0,6.752431745246644e-05
2018-06-01,Maximum Sharpe,0.0,0.0
2018-06-01,Maximum Sharpe,5.0,0.00010935824664860877
2018-06-01,Maximum Sharpe,10.0,0.00021871649329721754
2018-06-01,Maximum Sharpe,25.0,0.0005467912332430438
2018-06-01,Equal Weight,0.0,0.0
2018-06-01,Equal Weight,5.0,0.0
2018-06-01,Equal Weight,10.0,0.0
2018-06-01,Equal Weight,25.0,0.0
2018-06-01,Minimum Variance,0.0,0.0
2018-06-01,Minimum Variance,5.0,1.1713070663476365e-05
2018-06-01,Minimum Variance,10.0,2.342614132695273e-05
2018-06-01,Minimum Variance,25.0,5.856535331738183e-05
2018-06-01,SPY,0.0,0.0
2018-06-01,SPY,5.0,0.0
2018-06-01,SPY,10.0,0.0
2018-06-01,SPY,25.0,0.0
2018-06-01,Shrunk Max Sharpe λ=0.25,0.0,0.0
2018-06-01,Shrunk Max Sharpe λ=0.25,5.0,8.931235603595738e-05
2018-06-01,Shrunk Max Sharpe λ=0.25,10.0,0.00017862471207191475
2018-06-01,Shrunk Max Sharpe λ=0.25,25.0,0.00044656178017978687
2018-06-01,Shrunk Max Sharpe λ=0.50,0.0,0.0
2018-06-01,Shrunk Max Sharpe λ=0.50,5.0,3.6765109981363526e-05
2018-06-01,Shrunk Max Sharpe λ=0.50,10.0,7.353021996272705e-05
2018-06-01,Shrunk Max Sharpe λ=0.50,25.0,0.00018382554990681763
2018-06-01,Shrunk Max Sharpe λ=0.75,0.0,0.0
2018-06-01,Shrunk Max Sharpe λ=0.75,5.0,1.9401009159333725e-05
2018-06-01,Shrunk Max Sharpe λ=0.75,10.0,3.880201831866745e-05
2018-06-01,Shrunk Max Sharpe λ=0.75,25.0,9.700504579666862e-05
2018-06-01,Turnover-Aware Max Sharpe γ=0.05,0.0,0.0
2018-06-01,Turnover-Aware Max Sharpe γ=0.05,5.0,9.169642930644622e-05
2018-06-01,Turnover-Aware Max Sharpe γ=0.05,10.0,0.00018339285861289245
2018-06-01,Turnover-Aware Max Sharpe γ=0.05,25.0,0.00045848214653223114
2018-06-01,Turnover-Aware Max Sharpe γ=0.10,0.0,0.0
2018-06-01,Turnover-Aware Max Sharpe γ=0.10,5.0,4.497531453856895e-05
2018-06-01,Turnover-Aware Max Sharpe γ=0.10,10.0,8.99506290771379e-05
2018-06-01,Turnover-Aware Max Sharpe γ=0.10,25.0,0.00022487657269284477
2018-06-01,Turnover-Aware Max Sharpe γ=0.25,0.0,0.0
2018-06-01,Turnover-Aware Max Sharpe γ=0.25,5.0,1.7212114988312756e-05
2018-06-01,Turnover-Aware Max Sharpe γ=0.25,10.0,3.442422997662551e-05
2018-06-01,Turnover-Aware Max Sharpe γ=0.25,25.0,8.606057494156377e-05
2018-06-01,Combined Robust Max Sharpe λ=0.50 γ=0.10,0.0,0.0
2018-06-01,Combined Robust Max Sharpe λ=0.50 γ=0.10,5.0,2.7421289068539153e-05
2018-06-01,Combined Robust Max Sharpe λ=0.50 γ=0.10,10.0,5.4842578137078305e-05
2018-06-01,Combined Robust Max Sharpe λ=0.50 γ=0.10,25.0,0.00013710644534269576
2018-08-01,Maximum Sharpe,0.0,0.0
2018-08-01,Maximum Sharpe,5.0,0.0001547006387777564
2018-08-01,Maximum Sharpe,10.0,0.0003094012775555128
2018-08-01,Maximum Sharpe,25.0,0.0007735031938887819
2018-08-01,Equal Weight,0.0,0.0
2018-08-01,Equal Weight,5.0,0.0
2018-08-01,Equal Weight,10.0,0.0
2018-08-01,Equal Weight,25.0,0.0
2018-08-01,Minimum Variance,0.0,0.0
2018-08-01,Minimum Variance,5.0,8.044410467752748e-06
2018-08-01,Minimum Variance,10.0,1.6088820935505497e-05
2018-08-01,Minimum Variance,25.0,4.0222052338763744e-05
2018-08-01,SPY,0.0,0.0
2018-08-01,SPY,5.0,0.0
2018-08-01,SPY,10.0,0.0
2018-08-01,SPY,25.0,0.0
2018-08-01,Shrunk Max Sharpe λ=0.25,0.0,0.0
2018-08-01,Shrunk Max Sharpe λ=0.25,5.0,4.421051248775886e-05
2018-08-01,Shrunk Max Sharpe λ=0.25,10.0,8.842102497551772e-05
2018-08-01,Shrunk Max Sharpe λ=0.25,25.0,0.0002210525624387943
2018-08-01,Shrunk Max Sharpe λ=0.50,0.0,0.0
2018-08-01,Shrunk Max Sharpe λ=0.50,5.0,9.110760697361888e-05
2018-08-01,Shrunk Max Sharpe λ=0.50,10.0,0.00018221521394723775
2018-08-01,Shrunk Max Sharpe λ=0.50,25.0,0.0004555380348680944
2018-08-01,Shrunk Max Sharpe λ=0.75,0.0,0.0
2018-08-01,Shrunk Max Sharpe λ=0.75,5.0,9.932025803495802e-06
2018-08-01,Shrunk Max Sharpe λ=0.75,10.0,1.9864051606991604e-05
2018-08-01,Shrunk Max Sharpe λ=0.75,25.0,4.966012901747901e-05
2018-08-01,Turnover-Aware Max Sharpe γ=0.05,0.0,0.0
2018-08-01,Turnover-Aware Max Sharpe γ=0.05,5.0,1.084681564940103e-05
2018-08-01,Turnover-Aware Max Sharpe γ=0.05,10.0,2.169363129880206e-05
2018-08-01,Turnover-Aware Max Sharpe γ=0.05,25.0,5.423407824700515e-05
2018-08-01,Turnover-Aware Max Sharpe γ=0.10,0.0,0.0
2018-08-01,Turnover-Aware Max Sharpe γ=0.10,5.0,1.9149394180737987e-18
2018-08-01,Turnover-Aware Max Sharpe γ=0.10,10.0,3.8298788361475974e-18
2018-08-01,Turnover-Aware Max Sharpe γ=0.10,25.0,9.574697090368992e-18
2018-08-01,Turnover-Aware Max Sharpe γ=0.25,0.0,0.0
2018-08-01,Turnover-Aware Max Sharpe γ=0.25,5.0,5.663638509753431e-19
2018-08-01,Turnover-Aware Max Sharpe γ=0.25,10.0,1.1327277019506861e-18
2018-08-01,Turnover-Aware Max Sharpe γ=0.25,25.0,2.8318192548767155e-18
2018-08-01,Combined Robust Max Sharpe λ=0.50 γ=0.10,0.0,0.0
2018-08-01,Combined Robust Max Sharpe λ=0.50 γ=0.10,5.0,2.6797184936598222e-05
2018-08-01,Combined Robust Max Sharpe λ=0.50 γ=0.10,10.0,5.3594369873196445e-05
2018-08-01,Combined Robust Max Sharpe λ=0.50 γ=0.10,25.0,0.0001339859246829911
2018-10-01,Maximum Sharpe,0.0,0.0
2018-10-01,Maximum Sharpe,5.0,6.0370956394662515e-05
2018-10-01,Maximum Sharpe,10.0,0.00012074191278932503
2018-10-01,Maximum Sharpe,25.0,0.0003018547819733126
2018-10-01,Equal Weight,0.0,0.0
2018-10-01,Equal Weight,5.0,0.0
2018-10-01,Equal Weight,10.0,0.0
2018-10-01,Equal Weight,25.0,0.0
2018-10-01,Minimum Variance,0.0,0.0
2018-10-01,Minimum Variance,5.0,2.7783235901139255e-05
2018-10-01,Minimum Variance,10.0,5.556647180227851e-05
2018-10-01,Minimum Variance,25.0,0.00013891617950569627
2018-10-01,SPY,0.0,0.0
2018-10-01,SPY,5.0,0.0
2018-10-01,SPY,10.0,0.0
2018-10-01,SPY,25.0,0.0
2018-10-01,Shrunk Max Sharpe λ=0.25,0.0,0.0
2018-10-01,Shrunk Max Sharpe λ=0.25,5.0,0.00010878359399914842
2018-10-01,Shrunk Max Sharpe λ=0.25,10.0,0.00021756718799829683
2018-10-01,Shrunk Max Sharpe λ=0.25,25.0,0.0005439179699957421
2018-10-01,Shrunk Max Sharpe λ=0.50,0.0,0.0
2018-10-01,Shrunk Max Sharpe λ=0.50,5.0,5.661138437487558e-05
2018-10-01,Shrunk Max Sharpe λ=0.50,10.0,0.00011322276874975116
2018-10-01,Shrunk Max Sharpe λ=0.50,25.0,0.0002830569218743779
2018-10-01,Shrunk Max Sharpe λ=0.75,0.0,0.0
2018-10-01,Shrunk Max Sharpe λ=0.75,5.0,2.2295074783531414e-05
2018-10-01,Shrunk Max Sharpe λ=0.75,10.0,4.459014956706283e-05
2018-10-01,Shrunk Max Sharpe λ=0.75,25.0,0.00011147537391765708
2018-10-01,Turnover-Aware Max Sharpe γ=0.05,0.0,0.0
2018-10-01,Turnover-Aware Max Sharpe γ=0.05,5.0,5.1138885656101175e-05
2018-10-01,Turnover-Aware Max Sharpe γ=0.05,10.0,0.00010227777131220235
2018-10-01,Turnover-Aware Max Sharpe γ=0.05,25.0,0.0002556944282805059
2018-10-01,Turnover-Aware Max Sharpe γ=0.10,0.0,0.0
2018-10-01,Turnover-Aware Max Sharpe γ=0.10,5.0,4.318499644995829e-05
2018-10-01,Turnover-Aware Max Sharpe γ=0.10,10.0,8.636999289991658e-05
2018-10-01,Turnover-Aware Max Sharpe γ=0.10,25.0,0.00021592498224979145
2018-10-01,Turnover-Aware Max Sharpe γ=0.25,0.0,0.0
2018-10-01,Turnover-Aware Max Sharpe γ=0.25,5.0,1.0563548446228537e-05
2018-10-01,Turnover-Aware Max Sharpe γ=0.25,10.0,2.1127096892457073e-05
2018-10-01,Turnover-Aware Max Sharpe γ=0.25,25.0,5.281774223114268e-05
2018-10-01,Combined Robust Max Sharpe λ=0.50 γ=0.10,0.0,0.0
2018-10-01,Combined Robust Max Sharpe λ=0.50 γ=0.10,5.0,5.7852411991262043e-05
2018-10-01,Combined Robust Max Sharpe λ=0.50 γ=0.10,10.0,0.00011570482398252409
2018-10-01,Combined Robust Max Sharpe λ=0.50 γ=0.10,25.0,0.00028926205995631024
2018-11-01,Maximum Sharpe,0.0,0.0
2018-11-01,Maximum Sharpe,5.0,3.707930042269933e-05
2018-11-01,Maximum Sharpe,10.0,7.415860084539867e-05
2018-11-01,Maximum Sharpe,25.0,0.00018539650211349664
2018-11-01,Equal Weight,0.0,0.0
2018-11-01,Equal Weight,5.0,0.0
2018-11-01,Equal Weight,10.0,0.0
2018-11-01,Equal Weight,25.0,0.0
2018-11-01,Minimum Variance,0.0,0.0
2018-11-01,Minimum Variance,5.0,1.1388961362510325e-05
2018-11-01,Minimum Variance,10.0,2.277792272502065e-05
2018-11-01,Minimum Variance,25.0,5.6944806812551626e-05
2018-11-01,SPY,0.0,0.0
2018-11-01,SPY,5.0,0.0
2018-11-01,SPY,10.0,0.0
2018-11-01,SPY,25.0,0.0
2018-11-01,Shrunk Max Sharpe λ=0.25,0.0,0.0
2018-11-01,Shrunk Max Sharpe λ=0.25,5.0,6.700102125924445e-05
2018-11-01,Shrunk Max Sharpe λ=0.25,10.0,0.0001340020425184889
2018-11-01,Shrunk Max Sharpe λ=0.25,25.0,0.0003350051062962223
2018-11-01,Shrunk Max Sharpe λ=0.50,0.0,0.0
2018-11-01,Shrunk Max Sharpe λ=0.50,5.0,1.570863144235154e-05
2018-11-01,Shrunk Max Sharpe λ=0.50,10.0,3.141726288470308e-05
2018-11-01,Shrunk Max Sharpe λ=0.50,25.0,7.854315721175771e-05
2018-11-01,Shrunk Max Sharpe λ=0.75,0.0,0.0
2018-11-01,Shrunk Max Sharpe λ=0.75,5.0,9.143007493294256e-06
2018-11-01,Shrunk Max Sharpe λ=0.75,10.0,1.8286014986588512e-05
2018-11-01,Shrunk Max Sharpe λ=0.75,25.0,4.571503746647128e-05
2018-11-01,Turnover-Aware Max Sharpe γ=0.05,0.0,0.0
2018-11-01,Turnover-Aware Max Sharpe γ=0.05,5.0,4.756072084859081e-05
2018-11-01,Turnover-Aware Max Sharpe γ=0.05,10.0,9.512144169718162e-05
2018-11-01,Turnover-Aware Max Sharpe γ=0.05,25.0,0.00023780360424295407
2018-11-01,Turnover-Aware Max Sharpe γ=0.10,0.0,0.0
2018-11-01,Turnover-Aware Max Sharpe γ=0.10,5.0,2.2840962575622425e-05
2018-11-01,Turnover-Aware Max Sharpe γ=0.10,10.0,4.568192515124485e-05
2018-11-01,Turnover-Aware Max Sharpe γ=0.10,25.0,0.00011420481287811212
2018-11-01,Turnover-Aware Max Sharpe γ=0.25,0.0,0.0
2018-11-01,Turnover-Aware Max Sharpe γ=0.25,5.0,1.0632125161342781e-18
2018-11-01,Turnover-Aware Max Sharpe γ=0.25,10.0,2.1264250322685562e-18
2018-11-01,Turnover-Aware Max Sharpe γ=0.25,25.0,5.316062580671391e-18
2018-11-01,Combined Robust Max Sharpe λ=0.50 γ=0.10,0.0,0.0
2018-11-01,Combined Robust Max Sharpe λ=0.50 γ=0.10,5.0,2.2260810551063616e-17
2018-11-01,Combined Robust Max Sharpe λ=0.50 γ=0.10,10.0,4.452162110212723e-17
2018-11-01,Combined Robust Max Sharpe λ=0.50 γ=0.10,25.0,1.1130405275531808e-16
2019-02-01,Maximum Sharpe,0.0,0.0
2019-02-01,Maximum Sharpe,5.0,0.0001024211222786702
2019-02-01,Maximum Sharpe,10.0,0.0002048422445573404
2019-02-01,Maximum Sharpe,25.0,0.000512105611393351
2019-02-01,Equal Weight,0.0,0.0
2019-02-01,Equal Weight,5.0,0.0
2019-02-01,Equal Weight,10.0,0.0
2019-02-01,Equal Weight,25.0,0.0
2019-02-01,Minimum Variance,0.0,0.0
2019-02-01,Minimum Variance,5.0,2.7632524758314007e-05
2019-02-01,Minimum Variance,10.0,5.5265049516628015e-05
2019-02-01,Minimum Variance,25.0,0.00013816262379157004
2019-02-01,SPY,0.0,0.0
2019-02-01,SPY,5.0,0.0
2019-02-01,SPY,10.0,0.0
2019-02-01,SPY,25.0,0.0
2019-02-01,Shrunk Max Sharpe λ=0.25,0.0,0.0
2019-02-01,Shrunk Max Sharpe λ=0.25,5.0,0.00013792556207103891
2019-02-01,Shrunk Max Sharpe λ=0.25,10.0,0.00027585112414207783
2019-02-01,Shrunk Max Sharpe λ=0.25,25.0,0.0006896278103551945
2019-02-01,Shrunk Max Sharpe λ=0.50,0.0,0.0
2019-02-01,Shrunk Max Sharpe λ=0.50,5.0,4.598105098744497e-05
2019-02-01,Shrunk Max Sharpe λ=0.50,10.0,9.196210197488994e-05
2019-02-01,Shrunk Max Sharpe λ=0.50,25.0,0.00022990525493722484
2019-02-01,Shrunk Max Sharpe λ=0.75,0.0,0.0
2019-02-01,Shrunk Max Sharpe λ=0.75,5.0,3.58763845670254e-05
2019-02-01,Shrunk Max Sharpe λ=0.75,10.0,7.17527691340508e-05
2019-02-01,Shrunk Max Sharpe λ=0.75,25.0,0.00017938192283512702
2019-02-01,Turnover-Aware Max Sharpe γ=0.05,0.0,0.0
2019-02-01,Turnover-Aware Max Sharpe γ=0.05,5.0,9.60219176126486e-05
2019-02-01,Turnover-Aware Max Sharpe γ=0.05,10.0,0.0001920438352252972
2019-02-01,Turnover-Aware Max Sharpe γ=0.05,25.0,0.00048010958806324306
2019-02-01,Turnover-Aware Max Sharpe γ=0.10,0.0,0.0
2019-02-01,Turnover-Aware Max Sharpe γ=0.10,5.0,6.013714676175522e-05
2019-02-01,Turnover-Aware Max Sharpe γ=0.10,10.0,0.00012027429352351044
2019-02-01,Turnover-Aware Max Sharpe γ=0.10,25.0,0.0003006857338087761
2019-02-01,Turnover-Aware Max Sharpe γ=0.25,0.0,0.0
2019-02-01,Turnover-Aware Max Sharpe γ=0.25,5.0,2.261985558094001e-05
2019-02-01,Turnover-Aware Max Sharpe γ=0.25,10.0,4.523971116188002e-05
2019-02-01,Turnover-Aware Max Sharpe γ=0.25,25.0,0.00011309927790470005
2019-02-01,Combined Robust Max Sharpe λ=0.50 γ=0.10,0.0,0.0
2019-02-01,Combined Robust Max Sharpe λ=0.50 γ=0.10,5.0,3.965958036779706e-05
2019-02-01,Combined Robust Max Sharpe λ=0.50 γ=0.10,10.0,7.931916073559412e-05
2019-02-01,Combined Robust Max Sharpe λ=0.50 γ=0.10,25.0,0.00019829790183898533
2019-03-01,Maximum Sharpe,0.0,0.0
2019-03-01,Maximum Sharpe,5.0,8.425438655067707e-05
2019-03-01,Maximum Sharpe,10.0,0.00016850877310135414
2019-03-01,Maximum Sharpe,25.0,0.00042127193275338535
2019-03-01,Equal Weight,0.0,0.0
2019-03-01,Equal Weight,5.0,0.0
2019-03-01,Equal Weight,10.0,0.0
2019-03-01,Equal Weight,25.0,0.0
2019-03-01,Minimum Variance,0.0,0.0
2019-03-01,Minimum Variance,5.0,4.203888314464464e-06
2019-03-01,Minimum Variance,10.0,8.407776628928928e-06
2019-03-01,Minimum Variance,25.0,2.101944157232232e-05
2019-03-01,SPY,0.0,0.0
2019-03-01,SPY,5.0,0.0
2019-03-01,SPY,10.0,0.0
2019-03-01,SPY,25.0,0.0
2019-03-01,Shrunk Max Sharpe λ=0.25,0.0,0.0
2019-03-01,Shrunk Max Sharpe λ=0.25,5.0,6.159125973620668e-05
2019-03-01,Shrunk Max Sharpe λ=0.25,10.0,0.00012318251947241336
2019-03-01,Shrunk Max Sharpe λ=0.25,25.0,0.00030795629868103343
2019-03-01,Shrunk Max Sharpe λ=0.50,0.0,0.0
2019-03-01,Shrunk Max Sharpe λ=0.50,5.0,1.2131266922518459e-05
2019-03-01,Shrunk Max Sharpe λ=0.50,10.0,2.4262533845036918e-05
2019-03-01,Shrunk Max Sharpe λ=0.50,25.0,6.06563346125923e-05
2019-03-01,Shrunk Max Sharpe λ=0.75,0.0,0.0
2019-03-01,Shrunk Max Sharpe λ=0.75,5.0,4.9067265007523965e-06
2019-03-01,Shrunk Max Sharpe λ=0.75,10.0,9.813453001504793e-06
2019-03-01,Shrunk Max Sharpe λ=0.75,25.0,2.4533632503761982e-05
2019-03-01,Turnover-Aware Max Sharpe γ=0.05,0.0,0.0
2019-03-01,Turnover-Aware Max Sharpe γ=0.05,5.0,5.542229416852898e-05
2019-03-01,Turnover-Aware Max Sharpe γ=0.05,10.0,0.00011084458833705796
2019-03-01,Turnover-Aware Max Sharpe γ=0.05,25.0,0.0002771114708426449
2019-03-01,Turnover-Aware Max Sharpe γ=0.10,0.0,0.0
2019-03-01,Turnover-Aware Max Sharpe γ=0.10,5.0,4.604519972731175e-05
2019-03-01,Turnover-Aware Max Sharpe γ=0.10,10.0,9.20903994546235e-05
2019-03-01,Turnover-Aware Max Sharpe γ=0.10,25.0,0.00023022599863655875
2019-03-01,Turnover-Aware Max Sharpe γ=0.25,0.0,0.0
2019-03-01,Turnover-Aware Max Sharpe γ=0.25,5.0,2.2602774921757905e-05
2019-03-01,Turnover-Aware Max Sharpe γ=0.25,10.0,4.520554984351581e-05
2019-03-01,Turnover-Aware Max Sharpe γ=0.25,25.0,0.00011301387460878952
2019-03-01,Combined Robust Max Sharpe λ=0.50 γ=0.10,0.0,0.0
2019-03-01,Combined Robust Max Sharpe λ=0.50 γ=0.10,5.0,9.407252909384278e-06
2019-03-01,Combined Robust Max Sharpe λ=0.50 γ=0.10,10.0,1.8814505818768557e-05
2019-03-01,Combined Robust Max Sharpe λ=0.50 γ=0.10,25.0,4.703626454692139e-05
2019-04-01,Maximum Sharpe,0.0,0.0
2019-04-01,Maximum Sharpe,5.0,0.00012324473489250314
2019-04-01,Maximum Sharpe,10.0,0.00024648946978500627
2019-04-01,Maximum Sharpe,25.0,0.0006162236744625156
2019-04-01,Equal Weight,0.0,0.0
2019-04-01,Equal Weight,5.0,0.0
2019-04-01,Equal Weight,10.0,0.0
2019-04-01,Equal Weight,25.0,0.0
2019-04-01,Minimum Variance,0.0,0.0
2019-04-01,Minimum Variance,5.0,1.3198124897928642e-05
2019-04-01,Minimum Variance,10.0,2.6396249795857284e-05
2019-04-01,Minimum Variance,25.0,6.599062448964321e-05
2019-04-01,SPY,0.0,0.0
2019-04-01,SPY,5.0,0.0
2019-04-01,SPY,10.0,0.0
2019-04-01,SPY,25.0,0.0
2019-04-01,Shrunk Max Sharpe λ=0.25,0.0,0.0
2019-04-01,Shrunk Max Sharpe λ=0.25,5.0,7.065844537306728e-05
2019-04-01,Shrunk Max Sharpe λ=0.25,10.0,0.00014131689074613457
2019-04-01,Shrunk Max Sharpe λ=0.25,25.0,0.0003532922268653364
2019-04-01,Shrunk Max Sharpe λ=0.50,0.0,0.0
2019-04-01,Shrunk Max Sharpe λ=0.50,5.0,2.2320567772045094e-05
2019-04-01,Shrunk Max Sharpe λ=0.50,10.0,4.464113554409019e-05
2019-04-01,Shrunk Max Sharpe λ=0.50,25.0,0.00011160283886022547
2019-04-01,Shrunk Max Sharpe λ=0.75,0.0,0.0
2019-04-01,Shrunk Max Sharpe λ=0.75,5.0,4.184357404361225e-06
2019-04-01,Shrunk Max Sharpe λ=0.75,10.0,8.36871480872245e-06
2019-04-01,Shrunk Max Sharpe λ=0.75,25.0,2.0921787021806123e-05
2019-04-01,Turnover-Aware Max Sharpe γ=0.05,0.0,0.0
2019-04-01,Turnover-Aware Max Sharpe γ=0.05,5.0,6.988637073727068e-05
2019-04-01,Turnover-Aware Max Sharpe γ=0.05,10.0,0.00013977274147454136
2019-04-01,Turnover-Aware Max Sharpe γ=0.05,25.0,0.0003494318536863534
2019-04-01,Turnover-Aware Max Sharpe γ=0.10,0.0,0.0
2019-04-01,Turnover-Aware Max Sharpe γ=0.10,5.0,6.875557848120448e-05
2019-04-01,Turnover-Aware Max Sharpe γ=0.10,10.0,0.00013751115696240896
2019-04-01,Turnover-Aware Max Sharpe γ=0.10,25.0,0.00034377789240602237
2019-04-01,Turnover-Aware Max Sharpe γ=0.25,0.0,0.0
2019-04-01,Turnover-Aware Max Sharpe γ=0.25,5.0,5.712657150532034e-06
2019-04-01,Turnover-Aware Max Sharpe γ=0.25,10.0,1.1425314301064069e-05
2019-04-01,Turnover-Aware Max Sharpe γ=0.25,25.0,2.8563285752660172e-05
2019-04-01,Combined Robust Max Sharpe λ=0.50 γ=0.10,0.0,0.0
2019-04-01,Combined Robust Max Sharpe λ=0.50 γ=0.10,5.0,2.963685849121405e-06
2019-04-01,Combined Robust Max Sharpe λ=0.50 γ=0.10,10.0,5.92737169824281e-06
2019-04-01,Combined Robust Max Sharpe λ=0.50 γ=0.10,25.0,1.4818429245607025e-05
2019-05-01,Maximum Sharpe,0.0,0.0
2019-05-01,Maximum Sharpe,5.0,1.7581287715662388e-05
2019-05-01,Maximum Sharpe,10.0,3.5162575431324775e-05
2019-05-01,Maximum Sharpe,25.0,8.790643857831194e-05
2019-05-01,Equal Weight,0.0,0.0
2019-05-01,Equal Weight,5.0,0.0
2019-05-01,Equal Weight,10.0,0.0
2019-05-01,Equal Weight,25.0,0.0
2019-05-01,Minimum Variance,0.0,0.0
2019-05-01,Minimum Variance,5.0,2.204257607395948e-06
2019-05-01,Minimum Variance,10.0,4.408515214791896e-06
2019-05-01,Minimum Variance,25.0,1.102128803697974e-05
2019-05-01,SPY,0.0,0.0
2019-05-01,SPY,5.0,0.0
2019-05-01,SPY,10.0,0.0
2019-05-01,SPY,25.0,0.0
2019-05-01,Shrunk Max Sharpe λ=0.25,0.0,0.0
2019-05-01,Shrunk Max Sharpe λ=0.25,5.0,6.403605672364773e-05
2019-05-01,Shrunk Max Sharpe λ=0.25,10.0,0.00012807211344729547
2019-05-01,Shrunk Max Sharpe λ=0.25,25.0,0.0003201802836182387
2019-05-01,Shrunk Max Sharpe λ=0.50,0.0,0.0
2019-05-01,Shrunk Max Sharpe λ=0.50,5.0,2.8523361292147378e-05
2019-05-01,Shrunk Max Sharpe λ=0.50,10.0,5.7046722584294756e-05
2019-05-01,Shrunk Max Sharpe λ=0.50,25.0,0.00014261680646073687
2019-05-01,Shrunk Max Sharpe λ=0.75,0.0,0.0
2019-05-01,Shrunk Max Sharpe λ=0.75,5.0,1.408971147339384e-05
2019-05-01,Shrunk Max Sharpe λ=0.75,10.0,2.817942294678768e-05
2019-05-01,Shrunk Max Sharpe λ=0.75,25.0,7.04485573669692e-05
2019-05-01,Turnover-Aware Max Sharpe γ=0.05,0.0,0.0
2019-05-01,Turnover-Aware Max Sharpe γ=0.05,5.0,4.2071034369651836e-05
2019-05-01,Turnover-Aware Max Sharpe γ=0.05,10.0,8.414206873930367e-05
2019-05-01,Turnover-Aware Max Sharpe γ=0.05,25.0,0.0002103551718482592
2019-05-01,Turnover-Aware Max Sharpe γ=0.10,0.0,0.0
2019-05-01,Turnover-Aware Max Sharpe γ=0.10,5.0,3.56369529723134e-05
2019-05-01,Turnover-Aware Max Sharpe γ=0.10,10.0,7.12739059446268e-05
2019-05-01,Turnover-Aware Max Sharpe γ=0.10,25.0,0.00017818476486156703
2019-05-01,Turnover-Aware Max Sharpe γ=0.25,0.0,0.0
2019-05-01,Turnover-Aware Max Sharpe γ=0.25,5.0,5.280651753187814e-05
2019-05-01,Turnover-Aware Max Sharpe γ=0.25,10.0,0.00010561303506375628
2019-05-01,Turnover-Aware Max Sharpe γ=0.25,25.0,0.0002640325876593907
2019-05-01,Combined Robust Max Sharpe λ=0.50 γ=0.10,0.0,0.0
2019-05-01,Combined Robust Max Sharpe λ=0.50 γ=0.10,5.0,2.9978495739172304e-05
2019-05-01,Combined Robust Max Sharpe λ=0.50 γ=0.10,10.0,5.995699147834461e-05
2019-05-01,Combined Robust Max Sharpe λ=0.50 γ=0.10,25.0,0.00014989247869586154
2019-07-01,Maximum Sharpe,0.0,0.0
2019-07-01,Maximum Sharpe,5.0,9.985614799235376e-05
2019-07-01,Maximum Sharpe,10.0,0.00019971229598470753
2019-07-01,Maximum Sharpe,25.0,0.0004992807399617688
2019-07-01,Equal Weight,0.0,0.0
2019-07-01,Equal Weight,5.0,0.0
2019-07-01,Equal Weight,10.0,0.0
2019-07-01,Equal Weight,25.0,0.0
2019-07-01,Minimum Variance,0.0,0.0
2019-07-01,Minimum Variance,5.0,3.8083083229331977e-06
2019-07-01,Minimum Variance,10.0,7.6166166458663955e-06
2019-07-01,Minimum Variance,25.0,1.9041541614665988e-05
2019-07-01,SPY,0.0,0.0
2019-07-01,SPY,5.0,0.0
2019-07-01,SPY,10.0,0.0
2019-07-01,SPY,25.0,0.0
2019-07-01,Shrunk Max Sharpe λ=0.25,0.0,0.0
2019-07-01,Shrunk Max Sharpe λ=0.25,5.0,4.571923163812553e-05
2019-07-01,Shrunk Max Sharpe λ=0.25,10.0,9.143846327625106e-05
2019-07-01,Shrunk Max Sharpe λ=0.25,25.0,0.00022859615819062766
2019-07-01,Shrunk Max Sharpe λ=0.50,0.0,0.0
2019-07-01,Shrunk Max Sharpe λ=0.50,5.0,2.973404512279758e-05
2019-07-01,Shrunk Max Sharpe λ=0.50,10.0,5.946809024559516e-05
2019-07-01,Shrunk Max Sharpe λ=0.50,25.0,0.00014867022561398788
2019-07-01,Shrunk Max Sharpe λ=0.75,0.0,0.0
2019-07-01,Shrunk Max Sharpe λ=0.75,5.0,1.4221677479017227e-05
2019-07-01,Shrunk Max Sharpe λ=0.75,10.0,2.8443354958034454e-05
2019-07-01,Shrunk Max Sharpe λ=0.75,25.0,7.110838739508614e-05
2019-07-01,Turnover-Aware Max Sharpe γ=0.05,0.0,0.0
2019-07-01,Turnover-Aware Max Sharpe γ=0.05,5.0,8.45808220939759e-06
2019-07-01,Turnover-Aware Max Sharpe γ=0.05,10.0,1.691616441879518e-05
2019-07-01,Turnover-Aware Max Sharpe γ=0.05,25.0,4.229041104698795e-05
2019-07-01,Turnover-Aware Max Sharpe γ=0.10,0.0,0.0
2019-07-01,Turnover-Aware Max Sharpe γ=0.10,5.0,5.790578076993351e-19
2019-07-01,Turnover-Aware Max Sharpe γ=0.10,10.0,1.1581156153986702e-18
2019-07-01,Turnover-Aware Max Sharpe γ=0.10,25.0,2.8952890384966755e-18
2019-07-01,Turnover-Aware Max Sharpe γ=0.25,0.0,0.0
2019-07-01,Turnover-Aware Max Sharpe γ=0.25,5.0,2.9866759473304706e-05
2019-07-01,Turnover-Aware Max Sharpe γ=0.25,10.0,5.973351894660941e-05
2019-07-01,Turnover-Aware Max Sharpe γ=0.25,25.0,0.00014933379736652353
2019-07-01,Combined Robust Max Sharpe λ=0.50 γ=0.10,0.0,0.0
2019-07-01,Combined Robust Max Sharpe λ=0.50 γ=0.10,5.0,8.205511506983164e-06
2019-07-01,Combined Robust Max Sharpe λ=0.50 γ=0.10,10.0,1.641102301396633e-05
2019-07-01,Combined Robust Max Sharpe λ=0.50 γ=0.10,25.0,4.102755753491582e-05
2019-08-01,Maximum Sharpe,0.0,0.0
2019-08-01,Maximum Sharpe,5.0,2.4838226307971107e-05
2019-08-01,Maximum Sharpe,10.0,4.967645261594221e-05
2019-08-01,Maximum Sharpe,25.0,0.00012419113153985554
2019-08-01,Equal Weight,0.0,0.0
2019-08-01,Equal Weight,5.0,0.0
2019-08-01,Equal Weight,10.0,0.0
2019-08-01,Equal Weight,25.0,0.0
2019-08-01,Minimum Variance,0.0,0.0
2019-08-01,Minimum Variance,5.0,5.6701106790296195e-06
2019-08-01,Minimum Variance,10.0,1.1340221358059239e-05
2019-08-01,Minimum Variance,25.0,2.83505533951481e-05
2019-08-01,SPY,0.0,0.0
2019-08-01,SPY,5.0,0.0
2019-08-01,SPY,10.0,0.0
2019-08-01,SPY,25.0,0.0
2019-08-01,Shrunk Max Sharpe λ=0.25,0.0,0.0
2019-08-01,Shrunk Max Sharpe λ=0.25,5.0,1.7482818277001865e-05
2019-08-01,Shrunk Max Sharpe λ=0.25,10.0,3.496563655400373e-05
2019-08-01,Shrunk Max Sharpe λ=0.25,25.0,8.741409138500931e-05
2019-08-01,Shrunk Max Sharpe λ=0.50,0.0,0.0
2019-08-01,Shrunk Max Sharpe λ=0.50,5.0,8.89852420247056e-06
2019-08-01,Shrunk Max Sharpe λ=0.50,10.0,1.779704840494112e-05
2019-08-01,Shrunk Max Sharpe λ=0.50,25.0,4.4492621012352795e-05
2019-08-01,Shrunk Max Sharpe λ=0.75,0.0,0.0
2019-08-01,Shrunk Max Sharpe λ=0.75,5.0,1.5213595301293459e-05
2019-08-01,Shrunk Max Sharpe λ=0.75,10.0,3.0427190602586918e-05
2019-08-01,Shrunk Max Sharpe λ=0.75,25.0,7.60679765064673e-05
2019-08-01,Turnover-Aware Max Sharpe γ=0.05,0.0,0.0
2019-08-01,Turnover-Aware Max Sharpe γ=0.05,5.0,4.909444823974467e-05
2019-08-01,Turnover-Aware Max Sharpe γ=0.05,10.0,9.818889647948935e-05
2019-08-01,Turnover-Aware Max Sharpe γ=0.05,25.0,0.00024547224119872337
2019-08-01,Turnover-Aware Max Sharpe γ=0.10,0.0,0.0
2019-08-01,Turnover-Aware Max Sharpe γ=0.10,5.0,3.429152722738851e-06
2019-08-01,Turnover-Aware Max Sharpe γ=0.10,10.0,6.858305445477702e-06
2019-08-01,Turnover-Aware Max Sharpe γ=0.10,25.0,1.7145763613694256e-05
2019-08-01,Turnover-Aware Max Sharpe γ=0.25,0.0,0.0
2019-08-01,Turnover-Aware Max Sharpe γ=0.25,5.0,3.2995638946808064e-06
2019-08-01,Turnover-Aware Max Sharpe γ=0.25,10.0,6.599127789361613e-06
2019-08-01,Turnover-Aware Max Sharpe γ=0.25,25.0,1.6497819473404033e-05
2019-08-01,Combined Robust Max Sharpe λ=0.50 γ=0.10,0.0,0.0
2019-08-01,Combined Robust Max Sharpe λ=0.50 γ=0.10,5.0,1.0968648176620044e-05
2019-08-01,Combined Robust Max Sharpe λ=0.50 γ=0.10,10.0,2.1937296353240088e-05
2019-08-01,Combined Robust Max Sharpe λ=0.50 γ=0.10,25.0,5.484324088310022e-05
2019-10-01,Maximum Sharpe,0.0,0.0
2019-10-01,Maximum Sharpe,5.0,0.00013991856911496007
2019-10-01,Maximum Sharpe,10.0,0.00027983713822992014
2019-10-01,Maximum Sharpe,25.0,0.0006995928455748004
2019-10-01,Equal Weight,0.0,0.0
2019-10-01,Equal Weight,5.0,0.0
2019-10-01,Equal Weight,10.0,0.0
2019-10-01,Equal Weight,25.0,0.0
2019-10-01,Minimum Variance,0.0,0.0
2019-10-01,Minimum Variance,5.0,2.8867261470053132e-05
2019-10-01,Minimum Variance,10.0,5.7734522940106264e-05
2019-10-01,Minimum Variance,25.0,0.00014433630735026566
2019-10-01,SPY,0.0,0.0
2019-10-01,SPY,5.0,0.0
2019-10-01,SPY,10.0,0.0
2019-10-01,SPY,25.0,0.0
2019-10-01,Shrunk Max Sharpe λ=0.25,0.0,0.0
2019-10-01,Shrunk Max Sharpe λ=0.25,5.0,0.00010592716548003929
2019-10-01,Shrunk Max Sharpe λ=0.25,10.0,0.00021185433096007858
2019-10-01,Shrunk Max Sharpe λ=0.25,25.0,0.0005296358274001965
2019-10-01,Shrunk Max Sharpe λ=0.50,0.0,0.0
2019-10-01,Shrunk Max Sharpe λ=0.50,5.0,1.8870372612718502e-05
2019-10-01,Shrunk Max Sharpe λ=0.50,10.0,3.7740745225437005e-05
2019-10-01,Shrunk Max Sharpe λ=0.50,25.0,9.435186306359251e-05
2019-10-01,Shrunk Max Sharpe λ=0.75,0.0,0.0
2019-10-01,Shrunk Max Sharpe λ=0.75,5.0,8.629320670885714e-06
2019-10-01,Shrunk Max Sharpe λ=0.75,10.0,1.7258641341771428e-05
2019-10-01,Shrunk Max Sharpe λ=0.75,25.0,4.314660335442857e-05
2019-10-01,Turnover-Aware Max Sharpe γ=0.05,0.0,0.0
2019-10-01,Turnover-Aware Max Sharpe γ=0.05,5.0,9.512804519726427e-05
2019-10-01,Turnover-Aware Max Sharpe γ=0.05,10.0,0.00019025609039452853
2019-10-01,Turnover-Aware Max Sharpe γ=0.05,25.0,0.00047564022598632134
2019-10-01,Turnover-Aware Max Sharpe γ=0.10,0.0,0.0
2019-10-01,Turnover-Aware Max Sharpe γ=0.10,5.0,5.5359257458447326e-05
2019-10-01,Turnover-Aware Max Sharpe γ=0.10,10.0,0.00011071851491689465
2019-10-01,Turnover-Aware Max Sharpe γ=0.10,25.0,0.0002767962872922366
2019-10-01,Turnover-Aware Max Sharpe γ=0.25,0.0,0.0
2019-10-01,Turnover-Aware Max Sharpe γ=0.25,5.0,2.515035692324808e-05
2019-10-01,Turnover-Aware Max Sharpe γ=0.25,10.0,5.030071384649616e-05
2019-10-01,Turnover-Aware Max Sharpe γ=0.25,25.0,0.0001257517846162404
2019-10-01,Combined Robust Max Sharpe λ=0.50 γ=0.10,0.0,0.0
2019-10-01,Combined Robust Max Sharpe λ=0.50 γ=0.10,5.0,2.2508761385901733e-05
2019-10-01,Combined Robust Max Sharpe λ=0.50 γ=0.10,10.0,4.5017522771803466e-05
2019-10-01,Combined Robust Max Sharpe λ=0.50 γ=0.10,25.0,0.00011254380692950867
2019-11-01,Maximum Sharpe,0.0,0.0
2019-11-01,Maximum Sharpe,5.0,3.376392886874754e-05
2019-11-01,Maximum Sharpe,10.0,6.752785773749508e-05
2019-11-01,Maximum Sharpe,25.0,0.0001688196443437377
2019-11-01,Equal Weight,0.0,0.0
2019-11-01,Equal Weight,5.0,0.0
2019-11-01,Equal Weight,10.0,0.0
2019-11-01,Equal Weight,25.0,0.0
2019-11-01,Minimum Variance,0.0,0.0
2019-11-01,Minimum Variance,5.0,9.487063448503859e-06
2019-11-01,Minimum Variance,10.0,1.8974126897007718e-05
2019-11-01,Minimum Variance,25.0,4.74353172425193e-05
2019-11-01,SPY,0.0,0.0
2019-11-01,SPY,5.0,0.0
2019-11-01,SPY,10.0,0.0
2019-11-01,SPY,25.0,0.0
2019-11-01,Shrunk Max Sharpe λ=0.25,0.0,0.0
2019-11-01,Shrunk Max Sharpe λ=0.25,5.0,1.8260491733056263e-05
2019-11-01,Shrunk Max Sharpe λ=0.25,10.0,3.6520983466112526e-05
2019-11-01,Shrunk Max Sharpe λ=0.25,25.0,9.130245866528131e-05
2019-11-01,Shrunk Max Sharpe λ=0.50,0.0,0.0
2019-11-01,Shrunk Max Sharpe λ=0.50,5.0,1.3880687879127986e-05
2019-11-01,Shrunk Max Sharpe λ=0.50,10.0,2.7761375758255973e-05
2019-11-01,Shrunk Max Sharpe λ=0.50,25.0,6.940343939563994e-05
2019-11-01,Shrunk Max Sharpe λ=0.75,0.0,0.0
2019-11-01,Shrunk Max Sharpe λ=0.75,5.0,2.866795157850308e-05
2019-11-01,Shrunk Max Sharpe λ=0.75,10.0,5.733590315700616e-05
2019-11-01,Shrunk Max Sharpe λ=0.75,25.0,0.0001433397578925154
2019-11-01,Turnover-Aware Max Sharpe γ=0.05,0.0,0.0
2019-11-01,Turnover-Aware Max Sharpe γ=0.05,5.0,4.01011897791028e-05
2019-11-01,Turnover-Aware Max Sharpe γ=0.05,10.0,8.02023795582056e-05
2019-11-01,Turnover-Aware Max Sharpe γ=0.05,25.0,0.000200505948895514
2019-11-01,Turnover-Aware Max Sharpe γ=0.10,0.0,0.0
2019-11-01,Turnover-Aware Max Sharpe γ=0.10,5.0,3.252998501032762e-05
2019-11-01,Turnover-Aware Max Sharpe γ=0.10,10.0,6.505997002065525e-05
2019-11-01,Turnover-Aware Max Sharpe γ=0.10,25.0,0.00016264992505163813
2019-11-01,Turnover-Aware Max Sharpe γ=0.25,0.0,0.0
2019-11-01,Turnover-Aware Max Sharpe γ=0.25,5.0,3.6028957071950827e-05
2019-11-01,Turnover-Aware Max Sharpe γ=0.25,10.0,7.205791414390165e-05
2019-11-01,Turnover-Aware Max Sharpe γ=0.25,25.0,0.00018014478535975415
2019-11-01,Combined Robust Max Sharpe λ=0.50 γ=0.10,0.0,0.0
2019-11-01,Combined Robust Max Sharpe λ=0.50 γ=0.10,5.0,6.447890326310811e-06
2019-11-01,Combined Robust Max Sharpe λ=0.50 γ=0.10,10.0,1.2895780652621621e-05
2019-11-01,Combined Robust Max Sharpe λ=0.50 γ=0.10,25.0,3.2239451631554055e-05
2020-04-01,Maximum Sharpe,0.0,0.0
2020-04-01,Maximum Sharpe,5.0,0.0002875251945068935
2020-04-01,Maximum Sharpe,10.0,0.000575050389013787
2020-04-01,Maximum Sharpe,25.0,0.0014376259725344676
2020-04-01,Equal Weight,0.0,0.0
2020-04-01,Equal Weight,5.0,0.0
2020-04-01,Equal Weight,10.0,0.0
2020-04-01,Equal Weight,25.0,0.0
2020-04-01,Minimum Variance,0.0,0.0
2020-04-01,Minimum Variance,5.0,0.00011635555845463069
2020-04-01,Minimum Variance,10.0,0.00023271111690926138
2020-04-01,Minimum Variance,25.0,0.0005817777922731535
2020-04-01,SPY,0.0,0.0
2020-04-01,SPY,5.0,0.0
2020-04-01,SPY,10.0,0.0
2020-04-01,SPY,25.0,0.0
2020-04-01,Shrunk Max Sharpe λ=0.25,0.0,0.0
2020-04-01,Shrunk Max Sharpe λ=0.25,5.0,0.00030000000000009056
2020-04-01,Shrunk Max Sharpe λ=0.25,10.0,0.0006000000000001811
2020-04-01,Shrunk Max Sharpe λ=0.25,25.0,0.0015000000000004526
2020-04-01,Shrunk Max Sharpe λ=0.50,0.0,0.0
2020-04-01,Shrunk Max Sharpe λ=0.50,5.0,0.000286295146405263
2020-04-01,Shrunk Max Sharpe λ=0.50,10.0,0.000572590292810526
2020-04-01,Shrunk Max Sharpe λ=0.50,25.0,0.001431475732026315
2020-04-01,Shrunk Max Sharpe λ=0.75,0.0,0.0
2020-04-01,Shrunk Max Sharpe λ=0.75,5.0,0.0002713888676334388
2020-04-01,Shrunk Max Sharpe λ=0.75,10.0,0.0005427777352668776
2020-04-01,Shrunk Max Sharpe λ=0.75,25.0,0.001356944338167194
2020-04-01,Turnover-Aware Max Sharpe γ=0.05,0.0,0.0
2020-04-01,Turnover-Aware Max Sharpe γ=0.05,5.0,0.00029157259718598554
2020-04-01,Turnover-Aware Max Sharpe γ=0.05,10.0,0.0005831451943719711
2020-04-01,Turnover-Aware Max Sharpe γ=0.05,25.0,0.0014578629859299279
2020-04-01,Turnover-Aware Max Sharpe γ=0.10,0.0,0.0
2020-04-01,Turnover-Aware Max Sharpe γ=0.10,5.0,0.0002947586634958367
2020-04-01,Turnover-Aware Max Sharpe γ=0.10,10.0,0.0005895173269916734
2020-04-01,Turnover-Aware Max Sharpe γ=0.10,25.0,0.0014737933174791837
2020-04-01,Turnover-Aware Max Sharpe γ=0.25,0.0,0.0
2020-04-01,Turnover-Aware Max Sharpe γ=0.25,5.0,0.0002543737285572386
2020-04-01,Turnover-Aware Max Sharpe γ=0.25,10.0,0.0005087474571144772
2020-04-01,Turnover-Aware Max Sharpe γ=0.25,25.0,0.0012718686427861928
2020-04-01,Combined Robust Max Sharpe λ=0.50 γ=0.10,0.0,0.0
2020-04-01,Combined Robust Max Sharpe λ=0.50 γ=0.10,5.0,0.00028852599275124637
2020-04-01,Combined Robust Max Sharpe λ=0.50 γ=0.10,10.0,0.0005770519855024927
2020-04-01,Combined Robust Max Sharpe λ=0.50 γ=0.10,25.0,0.0014426299637562317
2020-05-01,Maximum Sharpe,0.0,0.0
2020-05-01,Maximum Sharpe,5.0,1.1971229146228655e-06
2020-05-01,Maximum Sharpe,10.0,2.394245829245731e-06
2020-05-01,Maximum Sharpe,25.0,5.985614573114328e-06
2020-05-01,Equal Weight,0.0,0.0
2020-05-01,Equal Weight,5.0,0.0
2020-05-01,Equal Weight,10.0,0.0
2020-05-01,Equal Weight,25.0,0.0
2020-05-01,Minimum Variance,0.0,0.0
2020-05-01,Minimum Variance,5.0,1.4762941859688537e-05
2020-05-01,Minimum Variance,10.0,2.9525883719377074e-05
2020-05-01,Minimum Variance,25.0,7.381470929844269e-05
2020-05-01,SPY,0.0,0.0
2020-05-01,SPY,5.0,0.0
2020-05-01,SPY,10.0,0.0
2020-05-01,SPY,25.0,0.0
2020-05-01,Shrunk Max Sharpe λ=0.25,0.0,0.0
2020-05-01,Shrunk Max Sharpe λ=0.25,5.0,8.183350698797064e-07
2020-05-01,Shrunk Max Sharpe λ=0.25,10.0,1.6366701397594128e-06
2020-05-01,Shrunk Max Sharpe λ=0.25,25.0,4.091675349398532e-06
2020-05-01,Shrunk Max Sharpe λ=0.50,0.0,0.0
2020-05-01,Shrunk Max Sharpe λ=0.50,5.0,2.849288887459216e-06
2020-05-01,Shrunk Max Sharpe λ=0.50,10.0,5.698577774918432e-06
2020-05-01,Shrunk Max Sharpe λ=0.50,25.0,1.424644443729608e-05
2020-05-01,Shrunk Max Sharpe λ=0.75,0.0,0.0
2020-05-01,Shrunk Max Sharpe λ=0.75,5.0,4.594509642936402e-05
2020-05-01,Shrunk Max Sharpe λ=0.75,10.0,9.189019285872804e-05
2020-05-01,Shrunk Max Sharpe λ=0.75,25.0,0.00022972548214682012
2020-05-01,Turnover-Aware Max Sharpe γ=0.05,0.0,0.0
2020-05-01,Turnover-Aware Max Sharpe γ=0.05,5.0,1.58690425747886e-17
2020-05-01,Turnover-Aware Max Sharpe γ=0.05,10.0,3.17380851495772e-17
2020-05-01,Turnover-Aware Max Sharpe γ=0.05,25.0,7.9345212873943e-17
2020-05-01,Turnover-Aware Max Sharpe γ=0.10,0.0,0.0
2020-05-01,Turnover-Aware Max Sharpe γ=0.10,5.0,9.123576704140693e-17
2020-05-01,Turnover-Aware Max Sharpe γ=0.10,10.0,1.8247153408281386e-16
2020-05-01,Turnover-Aware Max Sharpe γ=0.10,25.0,4.561788352070346e-16
2020-05-01,Turnover-Aware Max Sharpe γ=0.25,0.0,0.0
2020-05-01,Turnover-Aware Max Sharpe γ=0.25,5.0,1.532407246222597e-16
2020-05-01,Turnover-Aware Max Sharpe γ=0.25,10.0,3.064814492445194e-16
2020-05-01,Turnover-Aware Max Sharpe γ=0.25,25.0,7.662036231112985e-16
2020-05-01,Combined Robust Max Sharpe λ=0.50 γ=0.10,0.0,0.0
2020-05-01,Combined Robust Max Sharpe λ=0.50 γ=0.10,5.0,1.4643315477120923e-18
2020-05-01,Combined Robust Max Sharpe λ=0.50 γ=0.10,10.0,2.9286630954241846e-18
2020-05-01,Combined Robust Max Sharpe λ=0.50 γ=0.10,25.0,7.321657738560462e-18
2020-06-01,Maximum Sharpe,0.0,0.0
2020-06-01,Maximum Sharpe,5.0,6.778020115593281e-07
2020-06-01,Maximum Sharpe,10.0,1.3556040231186563e-06
2020-06-01,Maximum Sharpe,25.0,3.3890100577966404e-06
2020-06-01,Equal Weight,0.0,0.0
2020-06-01,Equal Weight,5.0,0.0
2020-06-01,Equal Weight,10.0,0.0
2020-06-01,Equal Weight,25.0,0.0
2020-06-01,Minimum Variance,0.0,0.0
2020-06-01,Minimum Variance,5.0,4.8882831738109766e-06
2020-06-01,Minimum Variance,10.0,9.776566347621953e-06
2020-06-01,Minimum Variance,25.0,2.4441415869054883e-05
2020-06-01,SPY,0.0,0.0
2020-06-01,SPY,5.0,0.0
2020-06-01,SPY,10.0,0.0
2020-06-01,SPY,25.0,0.0
2020-06-01,Shrunk Max Sharpe λ=0.25,0.0,0.0
2020-06-01,Shrunk Max Sharpe λ=0.25,5.0,1.5391830938190211e-06
2020-06-01,Shrunk Max Sharpe λ=0.25,10.0,3.0783661876380423e-06
2020-06-01,Shrunk Max Sharpe λ=0.25,25.0,7.695915469095106e-06
2020-06-01,Shrunk Max Sharpe λ=0.50,0.0,0.0
2020-06-01,Shrunk Max Sharpe λ=0.50,5.0,8.183667370173168e-06
2020-06-01,Shrunk Max Sharpe λ=0.50,10.0,1.6367334740346337e-05
2020-06-01,Shrunk Max Sharpe λ=0.50,25.0,4.091833685086584e-05
2020-06-01,Shrunk Max Sharpe λ=0.75,0.0,0.0
2020-06-01,Shrunk Max Sharpe λ=0.75,5.0,2.9738687285397792e-05
2020-06-01,Shrunk Max Sharpe λ=0.75,10.0,5.9477374570795584e-05
2020-06-01,Shrunk Max Sharpe λ=0.75,25.0,0.00014869343642698896
2020-06-01,Turnover-Aware Max Sharpe γ=0.05,0.0,0.0
2020-06-01,Turnover-Aware Max Sharpe γ=0.05,5.0,4.471728498549467e-07
2020-06-01,Turnover-Aware Max Sharpe γ=0.05,10.0,8.943456997098934e-07
2020-06-01,Turnover-Aware Max Sharpe γ=0.05,25.0,2.2358642492747333e-06
2020-06-01,Turnover-Aware Max Sharpe γ=0.10,0.0,0.0
2020-06-01,Turnover-Aware Max Sharpe γ=0.10,5.0,1.551338917730087e-16
2020-06-01,Turnover-Aware Max Sharpe γ=0.10,10.0,3.102677835460174e-16
2020-06-01,Turnover-Aware Max Sharpe γ=0.10,25.0,7.756694588650435e-16
2020-06-01,Turnover-Aware Max Sharpe γ=0.25,0.0,0.0
2020-06-01,Turnover-Aware Max Sharpe γ=0.25,5.0,1.7140719203077103e-16
2020-06-01,Turnover-Aware Max Sharpe γ=0.25,10.0,3.4281438406154207e-16
2020-06-01,Turnover-Aware Max Sharpe γ=0.25,25.0,8.570359601538551e-16
2020-06-01,Combined Robust Max Sharpe λ=0.50 γ=0.10,0.0,0.0
2020-06-01,Combined Robust Max Sharpe λ=0.50 γ=0.10,5.0,1.7896153031766617e-08
2020-06-01,Combined Robust Max Sharpe λ=0.50 γ=0.10,10.0,3.5792306063533234e-08
2020-06-01,Combined Robust Max Sharpe λ=0.50 γ=0.10,25.0,8.948076515883309e-08
2020-07-01,Maximum Sharpe,0.0,0.0
2020-07-01,Maximum Sharpe,5.0,1.255117901806605e-05
2020-07-01,Maximum Sharpe,10.0,2.51023580361321e-05
2020-07-01,Maximum Sharpe,25.0,6.275589509033024e-05
2020-07-01,Equal Weight,0.0,0.0
2020-07-01,Equal Weight,5.0,0.0
2020-07-01,Equal Weight,10.0,0.0
2020-07-01,Equal Weight,25.0,0.0
2020-07-01,Minimum Variance,0.0,0.0
2020-07-01,Minimum Variance,5.0,7.451864688068186e-06
2020-07-01,Minimum Variance,10.0,1.4903729376136371e-05
2020-07-01,Minimum Variance,25.0,3.725932344034093e-05
2020-07-01,SPY,0.0,0.0
2020-07-01,SPY,5.0,0.0
2020-07-01,SPY,10.0,0.0
2020-07-01,SPY,25.0,0.0
2020-07-01,Shrunk Max Sharpe λ=0.25,0.0,0.0
2020-07-01,Shrunk Max Sharpe λ=0.25,5.0,1.2640306255155268e-05
2020-07-01,Shrunk Max Sharpe λ=0.25,10.0,2.5280612510310536e-05
2020-07-01,Shrunk Max Sharpe λ=0.25,25.0,6.320153127577634e-05
2020-07-01,Shrunk Max Sharpe λ=0.50,0.0,0.0
2020-07-01,Shrunk Max Sharpe λ=0.50,5.0,8.80190732541472e-06
2020-07-01,Shrunk Max Sharpe λ=0.50,10.0,1.760381465082944e-05
2020-07-01,Shrunk Max Sharpe λ=0.50,25.0,4.4009536627073607e-05
2020-07-01,Shrunk Max Sharpe λ=0.75,0.0,0.0
2020-07-01,Shrunk Max Sharpe λ=0.75,5.0,3.04274337692748e-05
2020-07-01,Shrunk Max Sharpe λ=0.75,10.0,6.08548675385496e-05
2020-07-01,Shrunk Max Sharpe λ=0.75,25.0,0.000152137168846374
2020-07-01,Turnover-Aware Max Sharpe γ=0.05,0.0,0.0
2020-07-01,Turnover-Aware Max Sharpe γ=0.05,5.0,9.070934639596077e-06
2020-07-01,Turnover-Aware Max Sharpe γ=0.05,10.0,1.8141869279192154e-05
2020-07-01,Turnover-Aware Max Sharpe γ=0.05,25.0,4.5354673197980386e-05
2020-07-01,Turnover-Aware Max Sharpe γ=0.10,0.0,0.0
2020-07-01,Turnover-Aware Max Sharpe γ=0.10,5.0,5.570998927969299e-06
2020-07-01,Turnover-Aware Max Sharpe γ=0.10,10.0,1.1141997855938599e-05
2020-07-01,Turnover-Aware Max Sharpe γ=0.10,25.0,2.7854994639846497e-05
2020-07-01,Turnover-Aware Max Sharpe γ=0.25,0.0,0.0
2020-07-01,Turnover-Aware Max Sharpe γ=0.25,5.0,1.177103599782292e-06
2020-07-01,Turnover-Aware Max Sharpe γ=0.25,10.0,2.354207199564584e-06
2020-07-01,Turnover-Aware Max Sharpe γ=0.25,25.0,5.88551799891146e-06
2020-07-01,Combined Robust Max Sharpe λ=0.50 γ=0.10,0.0,0.0
2020-07-01,Combined Robust Max Sharpe λ=0.50 γ=0.10,5.0,7.073316035526199e-06
2020-07-01,Combined Robust Max Sharpe λ=0.50 γ=0.10,10.0,1.4146632071052398e-05
2020-07-01,Combined Robust Max Sharpe λ=0.50 γ=0.10,25.0,3.5366580177630995e-05
2020-09-01,Maximum Sharpe,0.0,0.0
2020-09-01,Maximum Sharpe,5.0,1.0283197324803752e-05
2020-09-01,Maximum Sharpe,10.0,2.0566394649607504e-05
2020-09-01,Maximum Sharpe,25.0,5.1415986624018766e-05
2020-09-01,Equal Weight,0.0,0.0
2020-09-01,Equal Weight,5.0,0.0
2020-09-01,Equal Weight,10.0,0.0
2020-09-01,Equal Weight,25.0,0.0
2020-09-01,Minimum Variance,0.0,0.0
2020-09-01,Minimum Variance,5.0,1.992663131679402e-05
2020-09-01,Minimum Variance,10.0,3.985326263358804e-05
2020-09-01,Minimum Variance,25.0,9.963315658397009e-05
2020-09-01,SPY,0.0,0.0
2020-09-01,SPY,5.0,0.0
2020-09-01,SPY,10.0,0.0
2020-09-01,SPY,25.0,0.0
2020-09-01,Shrunk Max Sharpe λ=0.25,0.0,0.0
2020-09-01,Shrunk Max Sharpe λ=0.25,5.0,6.501346337096084e-06
2020-09-01,Shrunk Max Sharpe λ=0.25,10.0,1.3002692674192168e-05
2020-09-01,Shrunk Max Sharpe λ=0.25,25.0,3.2506731685480416e-05
2020-09-01,Shrunk Max Sharpe λ=0.50,0.0,0.0
2020-09-01,Shrunk Max Sharpe λ=0.50,5.0,5.952125108129877e-06
2020-09-01,Shrunk Max Sharpe λ=0.50,10.0,1.1904250216259753e-05
2020-09-01,Shrunk Max Sharpe λ=0.50,25.0,2.9760625540649383e-05
2020-09-01,Shrunk Max Sharpe λ=0.75,0.0,0.0
2020-09-01,Shrunk Max Sharpe λ=0.75,5.0,3.099698881459856e-05
2020-09-01,Shrunk Max Sharpe λ=0.75,10.0,6.199397762919712e-05
2020-09-01,Shrunk Max Sharpe λ=0.75,25.0,0.00015498494407299281
2020-09-01,Turnover-Aware Max Sharpe γ=0.05,0.0,0.0
2020-09-01,Turnover-Aware Max Sharpe γ=0.05,5.0,1.043711222711996e-05
2020-09-01,Turnover-Aware Max Sharpe γ=0.05,10.0,2.087422445423992e-05
2020-09-01,Turnover-Aware Max Sharpe γ=0.05,25.0,5.21855611355998e-05
2020-09-01,Turnover-Aware Max Sharpe γ=0.10,0.0,0.0
2020-09-01,Turnover-Aware Max Sharpe γ=0.10,5.0,1.0621656722750728e-05
2020-09-01,Turnover-Aware Max Sharpe γ=0.10,10.0,2.1243313445501457e-05
2020-09-01,Turnover-Aware Max Sharpe γ=0.10,25.0,5.310828361375364e-05
2020-09-01,Turnover-Aware Max Sharpe γ=0.25,0.0,0.0
2020-09-01,Turnover-Aware Max Sharpe γ=0.25,5.0,8.731770257114491e-06
2020-09-01,Turnover-Aware Max Sharpe γ=0.25,10.0,1.7463540514228982e-05
2020-09-01,Turnover-Aware Max Sharpe γ=0.25,25.0,4.365885128557246e-05
2020-09-01,Combined Robust Max Sharpe λ=0.50 γ=0.10,0.0,0.0
2020-09-01,Combined Robust Max Sharpe λ=0.50 γ=0.10,5.0,2.8574250051678844e-06
2020-09-01,Combined Robust Max Sharpe λ=0.50 γ=0.10,10.0,5.714850010335769e-06
2020-09-01,Combined Robust Max Sharpe λ=0.50 γ=0.10,25.0,1.428712502583942e-05
2020-10-01,Maximum Sharpe,0.0,0.0
2020-10-01,Maximum Sharpe,5.0,1.1341666735755599e-05
2020-10-01,Maximum Sharpe,10.0,2.2683333471511197e-05
2020-10-01,Maximum Sharpe,25.0,5.6708333678777995e-05
2020-10-01,Equal Weight,0.0,0.0
2020-10-01,Equal Weight,5.0,0.0
2020-10-01,Equal Weight,10.0,0.0
2020-10-01,Equal Weight,25.0,0.0
2020-10-01,Minimum Variance,0.0,0.0
2020-10-01,Minimum Variance,5.0,9.786428763196044e-06
2020-10-01,Minimum Variance,10.0,1.9572857526392087e-05
2020-10-01,Minimum Variance,25.0,4.8932143815980214e-05
2020-10-01,SPY,0.0,0.0
2020-10-01,SPY,5.0,0.0
2020-10-01,SPY,10.0,0.0
2020-10-01,SPY,25.0,0.0
2020-10-01,Shrunk Max Sharpe λ=0.25,0.0,0.0
2020-10-01,Shrunk Max Sharpe λ=0.25,5.0,9.262059986221177e-06
2020-10-01,Shrunk Max Sharpe λ=0.25,10.0,1.8524119972442355e-05
2020-10-01,Shrunk Max Sharpe λ=0.25,25.0,4.631029993110589e-05
2020-10-01,Shrunk Max Sharpe λ=0.50,0.0,0.0
2020-10-01,Shrunk Max Sharpe λ=0.50,5.0,7.736147124163763e-06
2020-10-01,Shrunk Max Sharpe λ=0.50,10.0,1.5472294248327527e-05
2020-10-01,Shrunk Max Sharpe λ=0.50,25.0,3.868073562081882e-05
2020-10-01,Shrunk Max Sharpe λ=0.75,0.0,0.0
2020-10-01,Shrunk Max Sharpe λ=0.75,5.0,5.426063158025338e-06
2020-10-01,Shrunk Max Sharpe λ=0.75,10.0,1.0852126316050676e-05
2020-10-01,Shrunk Max Sharpe λ=0.75,25.0,2.713031579012669e-05
2020-10-01,Turnover-Aware Max Sharpe γ=0.05,0.0,0.0
2020-10-01,Turnover-Aware Max Sharpe γ=0.05,5.0,7.956922978032664e-06
2020-10-01,Turnover-Aware Max Sharpe γ=0.05,10.0,1.591384595606533e-05
2020-10-01,Turnover-Aware Max Sharpe γ=0.05,25.0,3.978461489016332e-05
2020-10-01,Turnover-Aware Max Sharpe γ=0.10,0.0,0.0
2020-10-01,Turnover-Aware Max Sharpe γ=0.10,5.0,6.665697615102141e-06
2020-10-01,Turnover-Aware Max Sharpe γ=0.10,10.0,1.3331395230204282e-05
2020-10-01,Turnover-Aware Max Sharpe γ=0.10,25.0,3.332848807551071e-05
2020-10-01,Turnover-Aware Max Sharpe γ=0.25,0.0,0.0
2020-10-01,Turnover-Aware Max Sharpe γ=0.25,5.0,1.3959636862835503e-06
2020-10-01,Turnover-Aware Max Sharpe γ=0.25,10.0,2.7919273725671005e-06
2020-10-01,Turnover-Aware Max Sharpe γ=0.25,25.0,6.979818431417752e-06
2020-10-01,Combined Robust Max Sharpe λ=0.50 γ=0.10,0.0,0.0
2020-10-01,Combined Robust Max Sharpe λ=0.50 γ=0.10,5.0,3.972104027903187e-06
2020-10-01,Combined Robust Max Sharpe λ=0.50 γ=0.10,10.0,7.944208055806374e-06
2020-10-01,Combined Robust Max Sharpe λ=0.50 γ=0.10,25.0,1.9860520139515934e-05
2020-12-01,Maximum Sharpe,0.0,0.0
2020-12-01,Maximum Sharpe,5.0,2.0837229090219746e-05
2020-12-01,Maximum Sharpe,10.0,4.167445818043949e-05
2020-12-01,Maximum Sharpe,25.0,0.00010418614545109874
2020-12-01,Equal Weight,0.0,0.0
2020-12-01,Equal Weight,5.0,0.0
2020-12-01,Equal Weight,10.0,0.0
2020-12-01,Equal Weight,25.0,0.0
2020-12-01,Minimum Variance,0.0,0.0
2020-12-01,Minimum Variance,5.0,1.53043201573265e-05
2020-12-01,Minimum Variance,10.0,3.0608640314653e-05
2020-12-01,Minimum Variance,25.0,7.65216007866325e-05
2020-12-01,SPY,0.0,0.0
2020-12-01,SPY,5.0,0.0
2020-12-01,SPY,10.0,0.0
2020-12-01,SPY,25.0,0.0
2020-12-01,Shrunk Max Sharpe λ=0.25,0.0,0.0
2020-12-01,Shrunk Max Sharpe λ=0.25,5.0,1.5107165373102207e-05
2020-12-01,Shrunk Max Sharpe λ=0.25,10.0,3.0214330746204414e-05
2020-12-01,Shrunk Max Sharpe λ=0.25,25.0,7.553582686551103e-05
2020-12-01,Shrunk Max Sharpe λ=0.50,0.0,0.0
2020-12-01,Shrunk Max Sharpe λ=0.50,5.0,4.612467899274276e-05
2020-12-01,Shrunk Max Sharpe λ=0.50,10.0,9.224935798548552e-05
2020-12-01,Shrunk Max Sharpe λ=0.50,25.0,0.00023062339496371378
2020-12-01,Shrunk Max Sharpe λ=0.75,0.0,0.0
2020-12-01,Shrunk Max Sharpe λ=0.75,5.0,4.823799170818865e-05
2020-12-01,Shrunk Max Sharpe λ=0.75,10.0,9.64759834163773e-05
2020-12-01,Shrunk Max Sharpe λ=0.75,25.0,0.00024118995854094323
2020-12-01,Turnover-Aware Max Sharpe γ=0.05,0.0,0.0
2020-12-01,Turnover-Aware Max Sharpe γ=0.05,5.0,1.3902420384595107e-05
2020-12-01,Turnover-Aware Max Sharpe γ=0.05,10.0,2.7804840769190214e-05
2020-12-01,Turnover-Aware Max Sharpe γ=0.05,25.0,6.951210192297553e-05
2020-12-01,Turnover-Aware Max Sharpe γ=0.10,0.0,0.0
2020-12-01,Turnover-Aware Max Sharpe γ=0.10,5.0,6.33285999224309e-06
2020-12-01,Turnover-Aware Max Sharpe γ=0.10,10.0,1.266571998448618e-05
2020-12-01,Turnover-Aware Max Sharpe γ=0.10,25.0,3.166429996121545e-05
2020-12-01,Turnover-Aware Max Sharpe γ=0.25,0.0,0.0
2020-12-01,Turnover-Aware Max Sharpe γ=0.25,5.0,1.6536943121311976e-16
2020-12-01,Turnover-Aware Max Sharpe γ=0.25,10.0,3.307388624262395e-16
2020-12-01,Turnover-Aware Max Sharpe γ=0.25,25.0,8.268471560655989e-16
2020-12-01,Combined Robust Max Sharpe λ=0.50 γ=0.10,0.0,0.0
2020-12-01,Combined Robust Max Sharpe λ=0.50 γ=0.10,5.0,1.5286133636227988e-05
2020-12-01,Combined Robust Max Sharpe λ=0.50 γ=0.10,10.0,3.0572267272455976e-05
2020-12-01,Combined Robust Max Sharpe λ=0.50 γ=0.10,25.0,7.643066818113993e-05
2021-02-01,Maximum Sharpe,0.0,0.0
2021-02-01,Maximum Sharpe,5.0,3.5493765252172755e-06
2021-02-01,Maximum Sharpe,10.0,7.098753050434551e-06
2021-02-01,Maximum Sharpe,25.0,1.7746882626086377e-05
2021-02-01,Equal Weight,0.0,0.0
2021-02-01,Equal Weight,5.0,0.0
2021-02-01,Equal Weight,10.0,0.0
2021-02-01,Equal Weight,25.0,0.0
2021-02-01,Minimum Variance,0.0,0.0
2021-02-01,Minimum Variance,5.0,8.692248834853199e-06
2021-02-01,Minimum Variance,10.0,1.7384497669706398e-05
2021-02-01,Minimum Variance,25.0,4.3461244174265994e-05
2021-02-01,SPY,0.0,0.0
2021-02-01,SPY,5.0,0.0
2021-02-01,SPY,10.0,0.0
2021-02-01,SPY,25.0,0.0
2021-02-01,Shrunk Max Sharpe λ=0.25,0.0,0.0
2021-02-01,Shrunk Max Sharpe λ=0.25,5.0,2.197861540462624e-06
2021-02-01,Shrunk Max Sharpe λ=0.25,10.0,4.395723080925248e-06
2021-02-01,Shrunk Max Sharpe λ=0.25,25.0,1.098930770231312e-05
2021-02-01,Shrunk Max Sharpe λ=0.50,0.0,0.0
2021-02-01,Shrunk Max Sharpe λ=0.50,5.0,1.1685959392449227e-05
2021-02-01,Shrunk Max Sharpe λ=0.50,10.0,2.3371918784898454e-05
2021-02-01,Shrunk Max Sharpe λ=0.50,25.0,5.8429796962246135e-05
2021-02-01,Shrunk Max Sharpe λ=0.75,0.0,0.0
2021-02-01,Shrunk Max Sharpe λ=0.75,5.0,1.129339263780655e-05
2021-02-01,Shrunk Max Sharpe λ=0.75,10.0,2.25867852756131e-05
2021-02-01,Shrunk Max Sharpe λ=0.75,25.0,5.646696318903275e-05
2021-02-01,Turnover-Aware Max Sharpe γ=0.05,0.0,0.0
2021-02-01,Turnover-Aware Max Sharpe γ=0.05,5.0,5.065832173046333e-07
2021-02-01,Turnover-Aware Max Sharpe γ=0.05,10.0,1.0131664346092667e-06
2021-02-01,Turnover-Aware Max Sharpe γ=0.05,25.0,2.5329160865231666e-06
2021-02-01,Turnover-Aware Max Sharpe γ=0.10,0.0,0.0
2021-02-01,Turnover-Aware Max Sharpe γ=0.10,5.0,4.179976163119152e-07
2021-02-01,Turnover-Aware Max Sharpe γ=0.10,10.0,8.359952326238304e-07
2021-02-01,Turnover-Aware Max Sharpe γ=0.10,25.0,2.089988081559576e-06
2021-02-01,Turnover-Aware Max Sharpe γ=0.25,0.0,0.0
2021-02-01,Turnover-Aware Max Sharpe γ=0.25,5.0,1.065467158944955e-16
2021-02-01,Turnover-Aware Max Sharpe γ=0.25,10.0,2.13093431788991e-16
2021-02-01,Turnover-Aware Max Sharpe γ=0.25,25.0,5.327335794724775e-16
2021-02-01,Combined Robust Max Sharpe λ=0.50 γ=0.10,0.0,0.0
2021-02-01,Combined Robust Max Sharpe λ=0.50 γ=0.10,5.0,9.74908285636918e-06
2021-02-01,Combined Robust Max Sharpe λ=0.50 γ=0.10,10.0,1.949816571273836e-05
2021-02-01,Combined Robust Max Sharpe λ=0.50 γ=0.10,25.0,4.87454142818459e-05
2021-03-01,Maximum Sharpe,0.0,0.0
2021-03-01,Maximum Sharpe,5.0,1.180702608982841e-05
2021-03-01,Maximum Sharpe,10.0,2.361405217965682e-05
2021-03-01,Maximum Sharpe,25.0,5.9035130449142055e-05
2021-03-01,Equal Weight,0.0,0.0
2021-03-01,Equal Weight,5.0,0.0
2021-03-01,Equal Weight,10.0,0.0
2021-03-01,Equal Weight,25.0,0.0
2021-03-01,Minimum Variance,0.0,0.0
2021-03-01,Minimum Variance,5.0,8.888824194875199e-06
2021-03-01,Minimum Variance,10.0,1.7777648389750398e-05
2021-03-01,Minimum Variance,25.0,4.4444120974376e-05
2021-03-01,SPY,0.0,0.0
2021-03-01,SPY,5.0,0.0
2021-03-01,SPY,10.0,0.0
2021-03-01,SPY,25.0,0.0
2021-03-01,Shrunk Max Sharpe λ=0.25,0.0,0.0
2021-03-01,Shrunk Max Sharpe λ=0.25,5.0,1.6891126545746126e-05
2021-03-01,Shrunk Max Sharpe λ=0.25,10.0,3.378225309149225e-05
2021-03-01,Shrunk Max Sharpe λ=0.25,25.0,8.445563272873062e-05
2021-03-01,Shrunk Max Sharpe λ=0.50,0.0,0.0
2021-03-01,Shrunk Max Sharpe λ=0.50,5.0,1.782790288423747e-05
2021-03-01,Shrunk Max Sharpe λ=0.50,10.0,3.565580576847494e-05
2021-03-01,Shrunk Max Sharpe λ=0.50,25.0,8.913951442118736e-05
2021-03-01,Shrunk Max Sharpe λ=0.75,0.0,0.0
2021-03-01,Shrunk Max Sharpe λ=0.75,5.0,4.691127733384749e-05
2021-03-01,Shrunk Max Sharpe λ=0.75,10.0,9.382255466769498e-05
2021-03-01,Shrunk Max Sharpe λ=0.75,25.0,0.00023455638666923742
2021-03-01,Turnover-Aware Max Sharpe γ=0.05,0.0,0.0
2021-03-01,Turnover-Aware Max Sharpe γ=0.05,5.0,1.0061631622936115e-05
2021-03-01,Turnover-Aware Max Sharpe γ=0.05,10.0,2.012326324587223e-05
2021-03-01,Turnover-Aware Max Sharpe γ=0.05,25.0,5.0308158114680576e-05
2021-03-01,Turnover-Aware Max Sharpe γ=0.10,0.0,0.0
2021-03-01,Turnover-Aware Max Sharpe γ=0.10,5.0,1.02263926580892e-05
2021-03-01,Turnover-Aware Max Sharpe γ=0.10,10.0,2.04527853161784e-05
2021-03-01,Turnover-Aware Max Sharpe γ=0.10,25.0,5.1131963290446e-05
2021-03-01,Turnover-Aware Max Sharpe γ=0.25,0.0,0.0
2021-03-01,Turnover-Aware Max Sharpe γ=0.25,5.0,5.537873457960611e-06
2021-03-01,Turnover-Aware Max Sharpe γ=0.25,10.0,1.1075746915921223e-05
2021-03-01,Turnover-Aware Max Sharpe γ=0.25,25.0,2.7689367289803056e-05
2021-03-01,Combined Robust Max Sharpe λ=0.50 γ=0.10,0.0,0.0
2021-03-01,Combined Robust Max Sharpe λ=0.50 γ=0.10,5.0,1.9900394563039714e-05
2021-03-01,Combined Robust Max Sharpe λ=0.50 γ=0.10,10.0,3.980078912607943e-05
2021-03-01,Combined Robust Max Sharpe λ=0.50 γ=0.10,25.0,9.950197281519858e-05
2021-04-01,Maximum Sharpe,0.0,0.0
2021-04-01,Maximum Sharpe,5.0,2.973612896345165e-05
2021-04-01,Maximum Sharpe,10.0,5.94722579269033e-05
2021-04-01,Maximum Sharpe,25.0,0.00014868064481725826
2021-04-01,Equal Weight,0.0,0.0
2021-04-01,Equal Weight,5.0,0.0
2021-04-01,Equal Weight,10.0,0.0
2021-04-01,Equal Weight,25.0,0.0
2021-04-01,Minimum Variance,0.0,0.0
2021-04-01,Minimum Variance,5.0,6.792706368682063e-06
2021-04-01,Minimum Variance,10.0,1.3585412737364125e-05
2021-04-01,Minimum Variance,25.0,3.3963531843410315e-05
2021-04-01,SPY,0.0,0.0
2021-04-01,SPY,5.0,0.0
2021-04-01,SPY,10.0,0.0
2021-04-01,SPY,25.0,0.0
2021-04-01,Shrunk Max Sharpe λ=0.25,0.0,0.0
2021-04-01,Shrunk Max Sharpe λ=0.25,5.0,3.9887016745031874e-05
2021-04-01,Shrunk Max Sharpe λ=0.25,10.0,7.977403349006375e-05
2021-04-01,Shrunk Max Sharpe λ=0.25,25.0,0.00019943508372515938
2021-04-01,Shrunk Max Sharpe λ=0.50,0.0,0.0
2021-04-01,Shrunk Max Sharpe λ=0.50,5.0,5.531339979565056e-05
2021-04-01,Shrunk Max Sharpe λ=0.50,10.0,0.00011062679959130112
2021-04-01,Shrunk Max Sharpe λ=0.50,25.0,0.0002765669989782528
2021-04-01,Shrunk Max Sharpe λ=0.75,0.0,0.0
2021-04-01,Shrunk Max Sharpe λ=0.75,5.0,1.7114474302342396e-05
2021-04-01,Shrunk Max Sharpe λ=0.75,10.0,3.422894860468479e-05
2021-04-01,Shrunk Max Sharpe λ=0.75,25.0,8.557237151171198e-05
2021-04-01,Turnover-Aware Max Sharpe γ=0.05,0.0,0.0
2021-04-01,Turnover-Aware Max Sharpe γ=0.05,5.0,1.7120512484990865e-05
2021-04-01,Turnover-Aware Max Sharpe γ=0.05,10.0,3.424102496998173e-05
2021-04-01,Turnover-Aware Max Sharpe γ=0.05,25.0,8.560256242495432e-05
2021-04-01,Turnover-Aware Max Sharpe γ=0.10,0.0,0.0
2021-04-01,Turnover-Aware Max Sharpe γ=0.10,5.0,1.1227168914238478e-05
2021-04-01,Turnover-Aware Max Sharpe γ=0.10,10.0,2.2454337828476957e-05
2021-04-01,Turnover-Aware Max Sharpe γ=0.10,25.0,5.613584457119239e-05
2021-04-01,Turnover-Aware Max Sharpe γ=0.25,0.0,0.0
2021-04-01,Turnover-Aware Max Sharpe γ=0.25,5.0,8.626029438071235e-06
2021-04-01,Turnover-Aware Max Sharpe γ=0.25,10.0,1.725205887614247e-05
2021-04-01,Turnover-Aware Max Sharpe γ=0.25,25.0,4.313014719035617e-05
2021-04-01,Combined Robust Max Sharpe λ=0.50 γ=0.10,0.0,0.0
2021-04-01,Combined Robust Max Sharpe λ=0.50 γ=0.10,5.0,1.6525974348436947e-05
2021-04-01,Combined Robust Max Sharpe λ=0.50 γ=0.10,10.0,3.305194869687389e-05
2021-04-01,Combined Robust Max Sharpe λ=0.50 γ=0.10,25.0,8.262987174218473e-05
2021-06-01,Maximum Sharpe,0.0,0.0
2021-06-01,Maximum Sharpe,5.0,5.039203573199088e-05
2021-06-01,Maximum Sharpe,10.0,0.00010078407146398176
2021-06-01,Maximum Sharpe,25.0,0.0002519601786599544
2021-06-01,Equal Weight,0.0,0.0
2021-06-01,Equal Weight,5.0,0.0
2021-06-01,Equal Weight,10.0,0.0
2021-06-01,Equal Weight,25.0,0.0
2021-06-01,Minimum Variance,0.0,0.0
2021-06-01,Minimum Variance,5.0,9.10754355148982e-06
2021-06-01,Minimum Variance,10.0,1.821508710297964e-05
2021-06-01,Minimum Variance,25.0,4.55377177574491e-05
2021-06-01,SPY,0.0,0.0
2021-06-01,SPY,5.0,0.0
2021-06-01,SPY,10.0,0.0
2021-06-01,SPY,25.0,0.0
2021-06-01,Shrunk Max Sharpe λ=0.25,0.0,0.0
2021-06-01,Shrunk Max Sharpe λ=0.25,5.0,8.331363228573437e-05
2021-06-01,Shrunk Max Sharpe λ=0.25,10.0,0.00016662726457146874
2021-06-01,Shrunk Max Sharpe λ=0.25,25.0,0.00041656816142867184
2021-06-01,Shrunk Max Sharpe λ=0.50,0.0,0.0
2021-06-01,Shrunk Max Sharpe λ=0.50,5.0,5.711113111196578e-05
2021-06-01,Shrunk Max Sharpe λ=0.50,10.0,0.00011422226222393157
2021-06-01,Shrunk Max Sharpe λ=0.50,25.0,0.0002855556555598289
2021-06-01,Shrunk Max Sharpe λ=0.75,0.0,0.0
2021-06-01,Shrunk Max Sharpe λ=0.75,5.0,1.2640685421568352e-05
2021-06-01,Shrunk Max Sharpe λ=0.75,10.0,2.5281370843136704e-05
2021-06-01,Shrunk Max Sharpe λ=0.75,25.0,6.320342710784175e-05
2021-06-01,Turnover-Aware Max Sharpe γ=0.05,0.0,0.0
2021-06-01,Turnover-Aware Max Sharpe γ=0.05,5.0,4.854512611450917e-05
2021-06-01,Turnover-Aware Max Sharpe γ=0.05,10.0,9.709025222901835e-05
2021-06-01,Turnover-Aware Max Sharpe γ=0.05,25.0,0.00024272563057254587
2021-06-01,Turnover-Aware Max Sharpe γ=0.10,0.0,0.0
2021-06-01,Turnover-Aware Max Sharpe γ=0.10,5.0,4.383618564297087e-05
2021-06-01,Turnover-Aware Max Sharpe γ=0.10,10.0,8.767237128594174e-05
2021-06-01,Turnover-Aware Max Sharpe γ=0.10,25.0,0.00021918092821485437
2021-06-01,Turnover-Aware Max Sharpe γ=0.25,0.0,0.0
2021-06-01,Turnover-Aware Max Sharpe γ=0.25,5.0,1.8122381676048768e-05
2021-06-01,Turnover-Aware Max Sharpe γ=0.25,10.0,3.6244763352097537e-05
2021-06-01,Turnover-Aware Max Sharpe γ=0.25,25.0,9.061190838024384e-05
2021-06-01,Combined Robust Max Sharpe λ=0.50 γ=0.10,0.0,0.0
2021-06-01,Combined Robust Max Sharpe λ=0.50 γ=0.10,5.0,7.751077372970797e-05
2021-06-01,Combined Robust Max Sharpe λ=0.50 γ=0.10,10.0,0.00015502154745941594
2021-06-01,Combined Robust Max Sharpe λ=0.50 γ=0.10,25.0,0.0003875538686485398
2021-07-01,Maximum Sharpe,0.0,0.0
2021-07-01,Maximum Sharpe,5.0,3.074428780985363e-05
2021-07-01,Maximum Sharpe,10.0,6.148857561970726e-05
2021-07-01,Maximum Sharpe,25.0,0.00015372143904926816
2021-07-01,Equal Weight,0.0,0.0
2021-07-01,Equal Weight,5.0,0.0
2021-07-01,Equal Weight,10.0,0.0
2021-07-01,Equal Weight,25.0,0.0
2021-07-01,Minimum Variance,0.0,0.0
2021-07-01,Minimum Variance,5.0,2.886284117520593e-06
2021-07-01,Minimum Variance,10.0,5.772568235041186e-06
2021-07-01,Minimum Variance,25.0,1.4431420587602964e-05
2021-07-01,SPY,0.0,0.0
2021-07-01,SPY,5.0,0.0
2021-07-01,SPY,10.0,0.0
2021-07-01,SPY,25.0,0.0
2021-07-01,Shrunk Max Sharpe λ=0.25,0.0,0.0
2021-07-01,Shrunk Max Sharpe λ=0.25,5.0,4.716005524228577e-05
2021-07-01,Shrunk Max Sharpe λ=0.25,10.0,9.432011048457154e-05
2021-07-01,Shrunk Max Sharpe λ=0.25,25.0,0.00023580027621142885
2021-07-01,Shrunk Max Sharpe λ=0.50,0.0,0.0
2021-07-01,Shrunk Max Sharpe λ=0.50,5.0,2.730613720493179e-05
2021-07-01,Shrunk Max Sharpe λ=0.50,10.0,5.461227440986358e-05
2021-07-01,Shrunk Max Sharpe λ=0.50,25.0,0.00013653068602465895
2021-07-01,Shrunk Max Sharpe λ=0.75,0.0,0.0
2021-07-01,Shrunk Max Sharpe λ=0.75,5.0,7.694546657831289e-06
2021-07-01,Shrunk Max Sharpe λ=0.75,10.0,1.5389093315662578e-05
2021-07-01,Shrunk Max Sharpe λ=0.75,25.0,3.847273328915645e-05
2021-07-01,Turnover-Aware Max Sharpe γ=0.05,0.0,0.0
2021-07-01,Turnover-Aware Max Sharpe γ=0.05,5.0,1.76195435049563e-05
2021-07-01,Turnover-Aware Max Sharpe γ=0.05,10.0,3.52390870099126e-05
2021-07-01,Turnover-Aware Max Sharpe γ=0.05,25.0,8.80977175247815e-05
2021-07-01,Turnover-Aware Max Sharpe γ=0.10,0.0,0.0
2021-07-01,Turnover-Aware Max Sharpe γ=0.10,5.0,7.737152317097075e-06
2021-07-01,Turnover-Aware Max Sharpe γ=0.10,10.0,1.547430463419415e-05
2021-07-01,Turnover-Aware Max Sharpe γ=0.10,25.0,3.868576158548538e-05
2021-07-01,Turnover-Aware Max Sharpe γ=0.25,0.0,0.0
2021-07-01,Turnover-Aware Max Sharpe γ=0.25,5.0,1.4193053470782508e-19
2021-07-01,Turnover-Aware Max Sharpe γ=0.25,10.0,2.8386106941565017e-19
2021-07-01,Turnover-Aware Max Sharpe γ=0.25,25.0,7.096526735391254e-19
2021-07-01,Combined Robust Max Sharpe λ=0.50 γ=0.10,0.0,0.0
2021-07-01,Combined Robust Max Sharpe λ=0.50 γ=0.10,5.0,5.535118613041458e-06
2021-07-01,Combined Robust Max Sharpe λ=0.50 γ=0.10,10.0,1.1070237226082917e-05
2021-07-01,Combined Robust Max Sharpe λ=0.50 γ=0.10,25.0,2.767559306520729e-05
2021-09-01,Maximum Sharpe,0.0,0.0
2021-09-01,Maximum Sharpe,5.0,1.8110222315248727e-05
2021-09-01,Maximum Sharpe,10.0,3.6220444630497455e-05
2021-09-01,Maximum Sharpe,25.0,9.055111157624364e-05
2021-09-01,Equal Weight,0.0,0.0
2021-09-01,Equal Weight,5.0,0.0
2021-09-01,Equal Weight,10.0,0.0
2021-09-01,Equal Weight,25.0,0.0
2021-09-01,Minimum Variance,0.0,0.0
2021-09-01,Minimum Variance,5.0,4.441250462234551e-06
2021-09-01,Minimum Variance,10.0,8.882500924469103e-06
2021-09-01,Minimum Variance,25.0,2.2206252311172756e-05
2021-09-01,SPY,0.0,0.0
2021-09-01,SPY,5.0,0.0
2021-09-01,SPY,10.0,0.0
2021-09-01,SPY,25.0,0.0
2021-09-01,Shrunk Max Sharpe λ=0.25,0.0,0.0
2021-09-01,Shrunk Max Sharpe λ=0.25,5.0,3.5981238439944675e-05
2021-09-01,Shrunk Max Sharpe λ=0.25,10.0,7.196247687988935e-05
2021-09-01,Shrunk Max Sharpe λ=0.25,25.0,0.0001799061921997234
2021-09-01,Shrunk Max Sharpe λ=0.50,0.0,0.0
2021-09-01,Shrunk Max Sharpe λ=0.50,5.0,2.0848246711417437e-05
2021-09-01,Shrunk Max Sharpe λ=0.50,10.0,4.1696493422834874e-05
2021-09-01,Shrunk Max Sharpe λ=0.50,25.0,0.00010424123355708718
2021-09-01,Shrunk Max Sharpe λ=0.75,0.0,0.0
2021-09-01,Shrunk Max Sharpe λ=0.75,5.0,6.091978439597131e-06
2021-09-01,Shrunk Max Sharpe λ=0.75,10.0,1.2183956879194262e-05
2021-09-01,Shrunk Max Sharpe λ=0.75,25.0,3.0459892197985655e-05
2021-09-01,Turnover-Aware Max Sharpe γ=0.05,0.0,0.0
2021-09-01,Turnover-Aware Max Sharpe γ=0.05,5.0,5.89853441624933e-06
2021-09-01,Turnover-Aware Max Sharpe γ=0.05,10.0,1.179706883249866e-05
2021-09-01,Turnover-Aware Max Sharpe γ=0.05,25.0,2.9492672081246648e-05
2021-09-01,Turnover-Aware Max Sharpe γ=0.10,0.0,0.0
2021-09-01,Turnover-Aware Max Sharpe γ=0.10,5.0,1.81436312320386e-06
2021-09-01,Turnover-Aware Max Sharpe γ=0.10,10.0,3.62872624640772e-06
2021-09-01,Turnover-Aware Max Sharpe γ=0.10,25.0,9.0718156160193e-06
2021-09-01,Turnover-Aware Max Sharpe γ=0.25,0.0,0.0
2021-09-01,Turnover-Aware Max Sharpe γ=0.25,5.0,5.956963350777073e-06
2021-09-01,Turnover-Aware Max Sharpe γ=0.25,10.0,1.1913926701554146e-05
2021-09-01,Turnover-Aware Max Sharpe γ=0.25,25.0,2.9784816753885368e-05
2021-09-01,Combined Robust Max Sharpe λ=0.50 γ=0.10,0.0,0.0
2021-09-01,Combined Robust Max Sharpe λ=0.50 γ=0.10,5.0,1.3345243644330068e-06
2021-09-01,Combined Robust Max Sharpe λ=0.50 γ=0.10,10.0,2.6690487288660136e-06
2021-09-01,Combined Robust Max Sharpe λ=0.50 γ=0.10,25.0,6.672621822165033e-06
2021-10-01,Maximum Sharpe,0.0,0.0
2021-10-01,Maximum Sharpe,5.0,5.705859161434232e-06
2021-10-01,Maximum Sharpe,10.0,1.1411718322868463e-05
2021-10-01,Maximum Sharpe,25.0,2.8529295807171158e-05
2021-10-01,Equal Weight,0.0,0.0
2021-10-01,Equal Weight,5.0,0.0
2021-10-01,Equal Weight,10.0,0.0
2021-10-01,Equal Weight,25.0,0.0
2021-10-01,Minimum Variance,0.0,0.0
2021-10-01,Minimum Variance,5.0,5.135495795177083e-06
2021-10-01,Minimum Variance,10.0,1.0270991590354165e-05
2021-10-01,Minimum Variance,25.0,2.5677478975885414e-05
2021-10-01,SPY,0.0,0.0
2021-10-01,SPY,5.0,0.0
2021-10-01,SPY,10.0,0.0
2021-10-01,SPY,25.0,0.0
2021-10-01,Shrunk Max Sharpe λ=0.25,0.0,0.0
2021-10-01,Shrunk Max Sharpe λ=0.25,5.0,2.261995702609791e-05
2021-10-01,Shrunk Max Sharpe λ=0.25,10.0,4.523991405219582e-05
2021-10-01,Shrunk Max Sharpe λ=0.25,25.0,0.00011309978513048956
2021-10-01,Shrunk Max Sharpe λ=0.50,0.0,0.0
2021-10-01,Shrunk Max Sharpe λ=0.50,5.0,1.3738452416616515e-05
2021-10-01,Shrunk Max Sharpe λ=0.50,10.0,2.747690483323303e-05
2021-10-01,Shrunk Max Sharpe λ=0.50,25.0,6.869226208308258e-05
2021-10-01,Shrunk Max Sharpe λ=0.75,0.0,0.0
2021-10-01,Shrunk Max Sharpe λ=0.75,5.0,2.7184894227243744e-06
2021-10-01,Shrunk Max Sharpe λ=0.75,10.0,5.436978845448749e-06
2021-10-01,Shrunk Max Sharpe λ=0.75,25.0,1.3592447113621871e-05
2021-10-01,Turnover-Aware Max Sharpe γ=0.05,0.0,0.0
2021-10-01,Turnover-Aware Max Sharpe γ=0.05,5.0,5.437168162157986e-19
2021-10-01,Turnover-Aware Max Sharpe γ=0.05,10.0,1.0874336324315973e-18
2021-10-01,Turnover-Aware Max Sharpe γ=0.05,25.0,2.7185840810789933e-18
2021-10-01,Turnover-Aware Max Sharpe γ=0.10,0.0,0.0
2021-10-01,Turnover-Aware Max Sharpe γ=0.10,5.0,6.26717223176785e-07
2021-10-01,Turnover-Aware Max Sharpe γ=0.10,10.0,1.25343444635357e-06
2021-10-01,Turnover-Aware Max Sharpe γ=0.10,25.0,3.1335861158839247e-06
2021-10-01,Turnover-Aware Max Sharpe γ=0.25,0.0,0.0
2021-10-01,Turnover-Aware Max Sharpe γ=0.25,5.0,1.3769020537745235e-07
2021-10-01,Turnover-Aware Max Sharpe γ=0.25,10.0,2.753804107549047e-07
2021-10-01,Turnover-Aware Max Sharpe γ=0.25,25.0,6.884510268872617e-07
2021-10-01,Combined Robust Max Sharpe λ=0.50 γ=0.10,0.0,0.0
2021-10-01,Combined Robust Max Sharpe λ=0.50 γ=0.10,5.0,2.6348394186138895e-19
2021-10-01,Combined Robust Max Sharpe λ=0.50 γ=0.10,10.0,5.269678837227779e-19
2021-10-01,Combined Robust Max Sharpe λ=0.50 γ=0.10,25.0,1.3174197093069445e-18
2021-11-01,Maximum Sharpe,0.0,0.0
2021-11-01,Maximum Sharpe,5.0,3.4952219870595783e-05
2021-11-01,Maximum Sharpe,10.0,6.990443974119157e-05
2021-11-01,Maximum Sharpe,25.0,0.00017476109935297892
2021-11-01,Equal Weight,0.0,0.0
2021-11-01,Equal Weight,5.0,0.0
2021-11-01,Equal Weight,10.0,0.0
2021-11-01,Equal Weight,25.0,0.0
2021-11-01,Minimum Variance,0.0,0.0
2021-11-01,Minimum Variance,5.0,3.0992986824628135e-06
2021-11-01,Minimum Variance,10.0,6.198597364925627e-06
2021-11-01,Minimum Variance,25.0,1.5496493412314067e-05
2021-11-01,SPY,0.0,0.0
2021-11-01,SPY,5.0,0.0
2021-11-01,SPY,10.0,0.0
2021-11-01,SPY,25.0,0.0
2021-11-01,Shrunk Max Sharpe λ=0.25,0.0,0.0
2021-11-01,Shrunk Max Sharpe λ=0.25,5.0,4.2356905795167034e-05
2021-11-01,Shrunk Max Sharpe λ=0.25,10.0,8.471381159033407e-05
2021-11-01,Shrunk Max Sharpe λ=0.25,25.0,0.00021178452897583518
2021-11-01,Shrunk Max Sharpe λ=0.50,0.0,0.0
2021-11-01,Shrunk Max Sharpe λ=0.50,5.0,4.10470518121674e-05
2021-11-01,Shrunk Max Sharpe λ=0.50,10.0,8.20941036243348e-05
2021-11-01,Shrunk Max Sharpe λ=0.50,25.0,0.000205235259060837
2021-11-01,Shrunk Max Sharpe λ=0.75,0.0,0.0
2021-11-01,Shrunk Max Sharpe λ=0.75,5.0,1.660015227648922e-05
2021-11-01,Shrunk Max Sharpe λ=0.75,10.0,3.320030455297844e-05
2021-11-01,Shrunk Max Sharpe λ=0.75,25.0,8.30007613824461e-05
2021-11-01,Turnover-Aware Max Sharpe γ=0.05,0.0,0.0
2021-11-01,Turnover-Aware Max Sharpe γ=0.05,5.0,2.9301401617678837e-05
2021-11-01,Turnover-Aware Max Sharpe γ=0.05,10.0,5.8602803235357675e-05
2021-11-01,Turnover-Aware Max Sharpe γ=0.05,25.0,0.0001465070080883942
2021-11-01,Turnover-Aware Max Sharpe γ=0.10,0.0,0.0
2021-11-01,Turnover-Aware Max Sharpe γ=0.10,5.0,2.4187517662017555e-05
2021-11-01,Turnover-Aware Max Sharpe γ=0.10,10.0,4.837503532403511e-05
2021-11-01,Turnover-Aware Max Sharpe γ=0.10,25.0,0.00012093758831008778
2021-11-01,Turnover-Aware Max Sharpe γ=0.25,0.0,0.0
2021-11-01,Turnover-Aware Max Sharpe γ=0.25,5.0,1.0750531372886987e-06
2021-11-01,Turnover-Aware Max Sharpe γ=0.25,10.0,2.1501062745773974e-06
2021-11-01,Turnover-Aware Max Sharpe γ=0.25,25.0,5.375265686443494e-06
2021-11-01,Combined Robust Max Sharpe λ=0.50 γ=0.10,0.0,0.0
2021-11-01,Combined Robust Max Sharpe λ=0.50 γ=0.10,5.0,6.612181733325024e-06
2021-11-01,Combined Robust Max Sharpe λ=0.50 γ=0.10,10.0,1.3224363466650048e-05
2021-11-01,Combined Robust Max Sharpe λ=0.50 γ=0.10,25.0,3.3060908666625123e-05
2021-12-01,Maximum Sharpe,0.0,0.0
2021-12-01,Maximum Sharpe,5.0,1.8996295644654955e-06
2021-12-01,Maximum Sharpe,10.0,3.799259128930991e-06
2021-12-01,Maximum Sharpe,25.0,9.498147822327478e-06
2021-12-01,Equal Weight,0.0,0.0
2021-12-01,Equal Weight,5.0,0.0
2021-12-01,Equal Weight,10.0,0.0
2021-12-01,Equal Weight,25.0,0.0
2021-12-01,Minimum Variance,0.0,0.0
2021-12-01,Minimum Variance,5.0,3.152379128676083e-06
2021-12-01,Minimum Variance,10.0,6.304758257352166e-06
2021-12-01,Minimum Variance,25.0,1.5761895643380415e-05
2021-12-01,SPY,0.0,0.0
2021-12-01,SPY,5.0,0.0
2021-12-01,SPY,10.0,0.0
2021-12-01,SPY,25.0,0.0
2021-12-01,Shrunk Max Sharpe λ=0.25,0.0,0.0
2021-12-01,Shrunk Max Sharpe λ=0.25,5.0,3.897211973574462e-05
2021-12-01,Shrunk Max Sharpe λ=0.25,10.0,7.794423947148924e-05
2021-12-01,Shrunk Max Sharpe λ=0.25,25.0,0.0001948605986787231
2021-12-01,Shrunk Max Sharpe λ=0.50,0.0,0.0
2021-12-01,Shrunk Max Sharpe λ=0.50,5.0,3.4653933597915517e-05
2021-12-01,Shrunk Max Sharpe λ=0.50,10.0,6.930786719583103e-05
2021-12-01,Shrunk Max Sharpe λ=0.50,25.0,0.00017326966798957756
2021-12-01,Shrunk Max Sharpe λ=0.75,0.0,0.0
2021-12-01,Shrunk Max Sharpe λ=0.75,5.0,8.868469061689269e-06
2021-12-01,Shrunk Max Sharpe λ=0.75,10.0,1.7736938123378538e-05
2021-12-01,Shrunk Max Sharpe λ=0.75,25.0,4.4342345308446343e-05
2021-12-01,Turnover-Aware Max Sharpe γ=0.05,0.0,0.0
2021-12-01,Turnover-Aware Max Sharpe γ=0.05,5.0,2.048249618933551e-06
2021-12-01,Turnover-Aware Max Sharpe γ=0.05,10.0,4.096499237867102e-06
2021-12-01,Turnover-Aware Max Sharpe γ=0.05,25.0,1.0241248094667756e-05
2021-12-01,Turnover-Aware Max Sharpe γ=0.10,0.0,0.0
2021-12-01,Turnover-Aware Max Sharpe γ=0.10,5.0,2.2012688918095627e-06
2021-12-01,Turnover-Aware Max Sharpe γ=0.10,10.0,4.402537783619125e-06
2021-12-01,Turnover-Aware Max Sharpe γ=0.10,25.0,1.1006344459047814e-05
2021-12-01,Turnover-Aware Max Sharpe γ=0.25,0.0,0.0
2021-12-01,Turnover-Aware Max Sharpe γ=0.25,5.0,2.388379310017353e-06
2021-12-01,Turnover-Aware Max Sharpe γ=0.25,10.0,4.776758620034706e-06
2021-12-01,Turnover-Aware Max Sharpe γ=0.25,25.0,1.1941896550086766e-05
2021-12-01,Combined Robust Max Sharpe λ=0.50 γ=0.10,0.0,0.0
2021-12-01,Combined Robust Max Sharpe λ=0.50 γ=0.10,5.0,4.278502990823166e-06
2021-12-01,Combined Robust Max Sharpe λ=0.50 γ=0.10,10.0,8.557005981646332e-06
2021-12-01,Combined Robust Max Sharpe λ=0.50 γ=0.10,25.0,2.139251495411583e-05
2022-02-01,Maximum Sharpe,0.0,0.0
2022-02-01,Maximum Sharpe,5.0,5.0884579281718774e-05
2022-02-01,Maximum Sharpe,10.0,0.00010176915856343755
2022-02-01,Maximum Sharpe,25.0,0.00025442289640859386
2022-02-01,Equal Weight,0.0,0.0
2022-02-01,Equal Weight,5.0,0.0
2022-02-01,Equal Weight,10.0,0.0
2022-02-01,Equal Weight,25.0,0.0
2022-02-01,Minimum Variance,0.0,0.0
2022-02-01,Minimum Variance,5.0,3.327763986112363e-06
2022-02-01,Minimum Variance,10.0,6.655527972224726e-06
2022-02-01,Minimum Variance,25.0,1.6638819930561813e-05
2022-02-01,SPY,0.0,0.0
2022-02-01,SPY,5.0,0.0
2022-02-01,SPY,10.0,0.0
2022-02-01,SPY,25.0,0.0
2022-02-01,Shrunk Max Sharpe λ=0.25,0.0,0.0
2022-02-01,Shrunk Max Sharpe λ=0.25,5.0,2.624554516395783e-05
2022-02-01,Shrunk Max Sharpe λ=0.25,10.0,5.249109032791566e-05
2022-02-01,Shrunk Max Sharpe λ=0.25,25.0,0.00013122772581978915
2022-02-01,Shrunk Max Sharpe λ=0.50,0.0,0.0
2022-02-01,Shrunk Max Sharpe λ=0.50,5.0,4.998191856736349e-05
2022-02-01,Shrunk Max Sharpe λ=0.50,10.0,9.996383713472698e-05
2022-02-01,Shrunk Max Sharpe λ=0.50,25.0,0.00024990959283681743
2022-02-01,Shrunk Max Sharpe λ=0.75,0.0,0.0
2022-02-01,Shrunk Max Sharpe λ=0.75,5.0,1.5727033777657548e-05
2022-02-01,Shrunk Max Sharpe λ=0.75,10.0,3.1454067555315096e-05
2022-02-01,Shrunk Max Sharpe λ=0.75,25.0,7.863516888828774e-05
2022-02-01,Turnover-Aware Max Sharpe γ=0.05,0.0,0.0
2022-02-01,Turnover-Aware Max Sharpe γ=0.05,5.0,2.545726333762613e-05
2022-02-01,Turnover-Aware Max Sharpe γ=0.05,10.0,5.091452667525226e-05
2022-02-01,Turnover-Aware Max Sharpe γ=0.05,25.0,0.00012728631668813064
2022-02-01,Turnover-Aware Max Sharpe γ=0.10,0.0,0.0
2022-02-01,Turnover-Aware Max Sharpe γ=0.10,5.0,2.3237068207884146e-05
2022-02-01,Turnover-Aware Max Sharpe γ=0.10,10.0,4.647413641576829e-05
2022-02-01,Turnover-Aware Max Sharpe γ=0.10,25.0,0.00011618534103942074
2022-02-01,Turnover-Aware Max Sharpe γ=0.25,0.0,0.0
2022-02-01,Turnover-Aware Max Sharpe γ=0.25,5.0,2.0176192548737362e-05
2022-02-01,Turnover-Aware Max Sharpe γ=0.25,10.0,4.0352385097474724e-05
2022-02-01,Turnover-Aware Max Sharpe γ=0.25,25.0,0.0001008809627436868
2022-02-01,Combined Robust Max Sharpe λ=0.50 γ=0.10,0.0,0.0
2022-02-01,Combined Robust Max Sharpe λ=0.50 γ=0.10,5.0,1.6488268220321274e-05
2022-02-01,Combined Robust Max Sharpe λ=0.50 γ=0.10,10.0,3.297653644064255e-05
2022-02-01,Combined Robust Max Sharpe λ=0.50 γ=0.10,25.0,8.244134110160638e-05
2022-03-01,Maximum Sharpe,0.0,0.0
2022-03-01,Maximum Sharpe,5.0,7.89557818592742e-05
2022-03-01,Maximum Sharpe,10.0,0.0001579115637185484
2022-03-01,Maximum Sharpe,25.0,0.000394778909296371
2022-03-01,Equal Weight,0.0,0.0
2022-03-01,Equal Weight,5.0,0.0
2022-03-01,Equal Weight,10.0,0.0
2022-03-01,Equal Weight,25.0,0.0
2022-03-01,Minimum Variance,0.0,0.0
2022-03-01,Minimum Variance,5.0,9.153838975327945e-06
2022-03-01,Minimum Variance,10.0,1.830767795065589e-05
2022-03-01,Minimum Variance,25.0,4.576919487663972e-05
2022-03-01,SPY,0.0,0.0
2022-03-01,SPY,5.0,0.0
2022-03-01,SPY,10.0,0.0
2022-03-01,SPY,25.0,0.0
2022-03-01,Shrunk Max Sharpe λ=0.25,0.0,0.0
2022-03-01,Shrunk Max Sharpe λ=0.25,5.0,4.1634328341315286e-05
2022-03-01,Shrunk Max Sharpe λ=0.25,10.0,8.326865668263057e-05
2022-03-01,Shrunk Max Sharpe λ=0.25,25.0,0.00020817164170657644
2022-03-01,Shrunk Max Sharpe λ=0.50,0.0,0.0
2022-03-01,Shrunk Max Sharpe λ=0.50,5.0,2.6843883035183207e-05
2022-03-01,Shrunk Max Sharpe λ=0.50,10.0,5.368776607036641e-05
2022-03-01,Shrunk Max Sharpe λ=0.50,25.0,0.00013421941517591604
2022-03-01,Shrunk Max Sharpe λ=0.75,0.0,0.0
2022-03-01,Shrunk Max Sharpe λ=0.75,5.0,1.547559951843473e-05
2022-03-01,Shrunk Max Sharpe λ=0.75,10.0,3.095119903686946e-05
2022-03-01,Shrunk Max Sharpe λ=0.75,25.0,7.737799759217365e-05
2022-03-01,Turnover-Aware Max Sharpe γ=0.05,0.0,0.0
2022-03-01,Turnover-Aware Max Sharpe γ=0.05,5.0,5.316812555069395e-05
2022-03-01,Turnover-Aware Max Sharpe γ=0.05,10.0,0.0001063362511013879
2022-03-01,Turnover-Aware Max Sharpe γ=0.05,25.0,0.00026584062775346975
2022-03-01,Turnover-Aware Max Sharpe γ=0.10,0.0,0.0
2022-03-01,Turnover-Aware Max Sharpe γ=0.10,5.0,3.947443816814822e-05
2022-03-01,Turnover-Aware Max Sharpe γ=0.10,10.0,7.894887633629643e-05
2022-03-01,Turnover-Aware Max Sharpe γ=0.10,25.0,0.0001973721908407411
2022-03-01,Turnover-Aware Max Sharpe γ=0.25,0.0,0.0
2022-03-01,Turnover-Aware Max Sharpe γ=0.25,5.0,4.892383317971931e-06
2022-03-01,Turnover-Aware Max Sharpe γ=0.25,10.0,9.784766635943862e-06
2022-03-01,Turnover-Aware Max Sharpe γ=0.25,25.0,2.4461916589859657e-05
2022-03-01,Combined Robust Max Sharpe λ=0.50 γ=0.10,0.0,0.0
2022-03-01,Combined Robust Max Sharpe λ=0.50 γ=0.10,5.0,2.1675375494868673e-05
2022-03-01,Combined Robust Max Sharpe λ=0.50 γ=0.10,10.0,4.3350750989737346e-05
2022-03-01,Combined Robust Max Sharpe λ=0.50 γ=0.10,25.0,0.00010837687747434337
2022-04-01,Maximum Sharpe,0.0,0.0
2022-04-01,Maximum Sharpe,5.0,4.710677788756282e-05
2022-04-01,Maximum Sharpe,10.0,9.421355577512564e-05
2022-04-01,Maximum Sharpe,25.0,0.0002355338894378141
2022-04-01,Equal Weight,0.0,0.0
2022-04-01,Equal Weight,5.0,0.0
2022-04-01,Equal Weight,10.0,0.0
2022-04-01,Equal Weight,25.0,0.0
2022-04-01,Minimum Variance,0.0,0.0
2022-04-01,Minimum Variance,5.0,7.54391146152229e-06
2022-04-01,Minimum Variance,10.0,1.508782292304458e-05
2022-04-01,Minimum Variance,25.0,3.7719557307611446e-05
2022-04-01,SPY,0.0,0.0
2022-04-01,SPY,5.0,0.0
2022-04-01,SPY,10.0,0.0
2022-04-01,SPY,25.0,0.0
2022-04-01,Shrunk Max Sharpe λ=0.25,0.0,0.0
2022-04-01,Shrunk Max Sharpe λ=0.25,5.0,6.244902104296022e-05
2022-04-01,Shrunk Max Sharpe λ=0.25,10.0,0.00012489804208592044
2022-04-01,Shrunk Max Sharpe λ=0.25,25.0,0.0003122451052148011
2022-04-01,Shrunk Max Sharpe λ=0.50,0.0,0.0
2022-04-01,Shrunk Max Sharpe λ=0.50,5.0,3.634172781025791e-05
2022-04-01,Shrunk Max Sharpe λ=0.50,10.0,7.268345562051583e-05
2022-04-01,Shrunk Max Sharpe λ=0.50,25.0,0.00018170863905128958
2022-04-01,Shrunk Max Sharpe λ=0.75,0.0,0.0
2022-04-01,Shrunk Max Sharpe λ=0.75,5.0,2.2657961082333146e-05
2022-04-01,Shrunk Max Sharpe λ=0.75,10.0,4.531592216466629e-05
2022-04-01,Shrunk Max Sharpe λ=0.75,25.0,0.00011328980541166572
2022-04-01,Turnover-Aware Max Sharpe γ=0.05,0.0,0.0
2022-04-01,Turnover-Aware Max Sharpe γ=0.05,5.0,7.220369130134713e-05
2022-04-01,Turnover-Aware Max Sharpe γ=0.05,10.0,0.00014440738260269425
2022-04-01,Turnover-Aware Max Sharpe γ=0.05,25.0,0.00036101845650673563
2022-04-01,Turnover-Aware Max Sharpe γ=0.10,0.0,0.0
2022-04-01,Turnover-Aware Max Sharpe γ=0.10,5.0,7.770143525234695e-05
2022-04-01,Turnover-Aware Max Sharpe γ=0.10,10.0,0.0001554028705046939
2022-04-01,Turnover-Aware Max Sharpe γ=0.10,25.0,0.00038850717626173477
2022-04-01,Turnover-Aware Max Sharpe γ=0.25,0.0,0.0
2022-04-01,Turnover-Aware Max Sharpe γ=0.25,5.0,8.136039692785141e-05
2022-04-01,Turnover-Aware Max Sharpe γ=0.25,10.0,0.00016272079385570281
2022-04-01,Turnover-Aware Max Sharpe γ=0.25,25.0,0.00040680198463925705
2022-04-01,Combined Robust Max Sharpe λ=0.50 γ=0.10,0.0,0.0
2022-04-01,Combined Robust Max Sharpe λ=0.50 γ=0.10,5.0,2.5552421565875882e-05
2022-04-01,Combined Robust Max Sharpe λ=0.50 γ=0.10,10.0,5.1104843131751763e-05
2022-04-01,Combined Robust Max Sharpe λ=0.50 γ=0.10,25.0,0.0001277621078293794
2022-06-01,Maximum Sharpe,0.0,0.0
2022-06-01,Maximum Sharpe,5.0,8.53523307023487e-05
2022-06-01,Maximum Sharpe,10.0,0.0001707046614046974
2022-06-01,Maximum Sharpe,25.0,0.0004267616535117435
2022-06-01,Equal Weight,0.0,0.0
2022-06-01,Equal Weight,5.0,0.0
2022-06-01,Equal Weight,10.0,0.0
2022-06-01,Equal Weight,25.0,0.0
2022-06-01,Minimum Variance,0.0,0.0
2022-06-01,Minimum Variance,5.0,2.079269350482835e-05
2022-06-01,Minimum Variance,10.0,4.15853870096567e-05
2022-06-01,Minimum Variance,25.0,0.00010396346752414175
2022-06-01,SPY,0.0,0.0
2022-06-01,SPY,5.0,0.0
2022-06-01,SPY,10.0,0.0
2022-06-01,SPY,25.0,0.0
2022-06-01,Shrunk Max Sharpe λ=0.25,0.0,0.0
2022-06-01,Shrunk Max Sharpe λ=0.25,5.0,3.692526242451006e-05
2022-06-01,Shrunk Max Sharpe λ=0.25,10.0,7.385052484902013e-05
2022-06-01,Shrunk Max Sharpe λ=0.25,25.0,0.0001846263121225503
2022-06-01,Shrunk Max Sharpe λ=0.50,0.0,0.0
2022-06-01,Shrunk Max Sharpe λ=0.50,5.0,3.987618342954288e-05
2022-06-01,Shrunk Max Sharpe λ=0.50,10.0,7.975236685908576e-05
2022-06-01,Shrunk Max Sharpe λ=0.50,25.0,0.0001993809171477144
2022-06-01,Shrunk Max Sharpe λ=0.75,0.0,0.0
2022-06-01,Shrunk Max Sharpe λ=0.75,5.0,2.9540624599196882e-05
2022-06-01,Shrunk Max Sharpe λ=0.75,10.0,5.9081249198393765e-05
2022-06-01,Shrunk Max Sharpe λ=0.75,25.0,0.00014770312299598442
2022-06-01,Turnover-Aware Max Sharpe γ=0.05,0.0,0.0
2022-06-01,Turnover-Aware Max Sharpe γ=0.05,5.0,5.501966086423882e-05
2022-06-01,Turnover-Aware Max Sharpe γ=0.05,10.0,0.00011003932172847763
2022-06-01,Turnover-Aware Max Sharpe γ=0.05,25.0,0.0002750983043211941
2022-06-01,Turnover-Aware Max Sharpe γ=0.10,0.0,0.0
2022-06-01,Turnover-Aware Max Sharpe γ=0.10,5.0,5.142325588320557e-05
2022-06-01,Turnover-Aware Max Sharpe γ=0.10,10.0,0.00010284651176641113
2022-06-01,Turnover-Aware Max Sharpe γ=0.10,25.0,0.00025711627941602785
2022-06-01,Turnover-Aware Max Sharpe γ=0.25,0.0,0.0
2022-06-01,Turnover-Aware Max Sharpe γ=0.25,5.0,4.18829339491334e-05
2022-06-01,Turnover-Aware Max Sharpe γ=0.25,10.0,8.37658678982668e-05
2022-06-01,Turnover-Aware Max Sharpe γ=0.25,25.0,0.00020941466974566702
2022-06-01,Combined Robust Max Sharpe λ=0.50 γ=0.10,0.0,0.0
2022-06-01,Combined Robust Max Sharpe λ=0.50 γ=0.10,5.0,3.800107902927e-05
2022-06-01,Combined Robust Max Sharpe λ=0.50 γ=0.10,10.0,7.600215805854e-05
2022-06-01,Combined Robust Max Sharpe λ=0.50 γ=0.10,25.0,0.00019000539514635003
2022-07-01,Maximum Sharpe,0.0,0.0
2022-07-01,Maximum Sharpe,5.0,3.495891083501673e-05
2022-07-01,Maximum Sharpe,10.0,6.991782167003346e-05
2022-07-01,Maximum Sharpe,25.0,0.00017479455417508365
2022-07-01,Equal Weight,0.0,0.0
2022-07-01,Equal Weight,5.0,0.0
2022-07-01,Equal Weight,10.0,0.0
2022-07-01,Equal Weight,25.0,0.0
2022-07-01,Minimum Variance,0.0,0.0
2022-07-01,Minimum Variance,5.0,1.4040574146904247e-05
2022-07-01,Minimum Variance,10.0,2.8081148293808495e-05
2022-07-01,Minimum Variance,25.0,7.020287073452125e-05
2022-07-01,SPY,0.0,0.0
2022-07-01,SPY,5.0,0.0
2022-07-01,SPY,10.0,0.0
2022-07-01,SPY,25.0,0.0
2022-07-01,Shrunk Max Sharpe λ=0.25,0.0,0.0
2022-07-01,Shrunk Max Sharpe λ=0.25,5.0,2.871165728631694e-05
2022-07-01,Shrunk Max Sharpe λ=0.25,10.0,5.742331457263388e-05
2022-07-01,Shrunk Max Sharpe λ=0.25,25.0,0.0001435582864315847
2022-07-01,Shrunk Max Sharpe λ=0.50,0.0,0.0
2022-07-01,Shrunk Max Sharpe λ=0.50,5.0,0.00010008970260939941
2022-07-01,Shrunk Max Sharpe λ=0.50,10.0,0.00020017940521879882
2022-07-01,Shrunk Max Sharpe λ=0.50,25.0,0.000500448513046997
2022-07-01,Shrunk Max Sharpe λ=0.75,0.0,0.0
2022-07-01,Shrunk Max Sharpe λ=0.75,5.0,4.2869578098110403e-05
2022-07-01,Shrunk Max Sharpe λ=0.75,10.0,8.573915619622081e-05
2022-07-01,Shrunk Max Sharpe λ=0.75,25.0,0.000214347890490552
2022-07-01,Turnover-Aware Max Sharpe γ=0.05,0.0,0.0
2022-07-01,Turnover-Aware Max Sharpe γ=0.05,5.0,2.690564630212389e-05
2022-07-01,Turnover-Aware Max Sharpe γ=0.05,10.0,5.381129260424778e-05
2022-07-01,Turnover-Aware Max Sharpe γ=0.05,25.0,0.00013452823151061946
2022-07-01,Turnover-Aware Max Sharpe γ=0.10,0.0,0.0
2022-07-01,Turnover-Aware Max Sharpe γ=0.10,5.0,1.5683071781377343e-05
2022-07-01,Turnover-Aware Max Sharpe γ=0.10,10.0,3.1366143562754686e-05
2022-07-01,Turnover-Aware Max Sharpe γ=0.10,25.0,7.84153589068867e-05
2022-07-01,Turnover-Aware Max Sharpe γ=0.25,0.0,0.0
2022-07-01,Turnover-Aware Max Sharpe γ=0.25,5.0,6.9044636419600604e-06
2022-07-01,Turnover-Aware Max Sharpe γ=0.25,10.0,1.3808927283920121e-05
2022-07-01,Turnover-Aware Max Sharpe γ=0.25,25.0,3.45223182098003e-05
2022-07-01,Combined Robust Max Sharpe λ=0.50 γ=0.10,0.0,0.0
2022-07-01,Combined Robust Max Sharpe λ=0.50 γ=0.10,5.0,2.085240578559662e-05
2022-07-01,Combined Robust Max Sharpe λ=0.50 γ=0.10,10.0,4.170481157119324e-05
2022-07-01,Combined Robust Max Sharpe λ=0.50 γ=0.10,25.0,0.00010426202892798308
2022-08-01,Maximum Sharpe,0.0,0.0
2022-08-01,Maximum Sharpe,5.0,7.661989360144244e-06
2022-08-01,Maximum Sharpe,10.0,1.5323978720288488e-05
2022-08-01,Maximum Sharpe,25.0,3.830994680072122e-05
2022-08-01,Equal Weight,0.0,0.0
2022-08-01,Equal Weight,5.0,0.0
2022-08-01,Equal Weight,10.0,0.0
2022-08-01,Equal Weight,25.0,0.0
2022-08-01,Minimum Variance,0.0,0.0
2022-08-01,Minimum Variance,5.0,3.3000464070648265e-06
2022-08-01,Minimum Variance,10.0,6.600092814129653e-06
2022-08-01,Minimum Variance,25.0,1.6500232035324133e-05
2022-08-01,SPY,0.0,0.0
2022-08-01,SPY,5.0,0.0
2022-08-01,SPY,10.0,0.0
2022-08-01,SPY,25.0,0.0
2022-08-01,Shrunk Max Sharpe λ=0.25,0.0,0.0
2022-08-01,Shrunk Max Sharpe λ=0.25,5.0,1.7803102838573654e-05
2022-08-01,Shrunk Max Sharpe λ=0.25,10.0,3.560620567714731e-05
2022-08-01,Shrunk Max Sharpe λ=0.25,25.0,8.901551419286827e-05
2022-08-01,Shrunk Max Sharpe λ=0.50,0.0,0.0
2022-08-01,Shrunk Max Sharpe λ=0.50,5.0,2.5795556252190603e-05
2022-08-01,Shrunk Max Sharpe λ=0.50,10.0,5.1591112504381206e-05
2022-08-01,Shrunk Max Sharpe λ=0.50,25.0,0.00012897778126095302
2022-08-01,Shrunk Max Sharpe λ=0.75,0.0,0.0
2022-08-01,Shrunk Max Sharpe λ=0.75,5.0,2.736000343928846e-05
2022-08-01,Shrunk Max Sharpe λ=0.75,10.0,5.472000687857692e-05
2022-08-01,Shrunk Max Sharpe λ=0.75,25.0,0.00013680001719644231
2022-08-01,Turnover-Aware Max Sharpe γ=0.05,0.0,0.0
2022-08-01,Turnover-Aware Max Sharpe γ=0.05,5.0,8.981265807882002e-19
2022-08-01,Turnover-Aware Max Sharpe γ=0.05,10.0,1.7962531615764004e-18
2022-08-01,Turnover-Aware Max Sharpe γ=0.05,25.0,4.490632903941001e-18
2022-08-01,Turnover-Aware Max Sharpe γ=0.10,0.0,0.0
2022-08-01,Turnover-Aware Max Sharpe γ=0.10,5.0,1.051242426441945e-18
2022-08-01,Turnover-Aware Max Sharpe γ=0.10,10.0,2.10248485288389e-18
2022-08-01,Turnover-Aware Max Sharpe γ=0.10,25.0,5.256212132209726e-18
2022-08-01,Turnover-Aware Max Sharpe γ=0.25,0.0,0.0
2022-08-01,Turnover-Aware Max Sharpe γ=0.25,5.0,3.934352843515399e-18
2022-08-01,Turnover-Aware Max Sharpe γ=0.25,10.0,7.868705687030798e-18
2022-08-01,Turnover-Aware Max Sharpe γ=0.25,25.0,1.9671764217576992e-17
2022-08-01,Combined Robust Max Sharpe λ=0.50 γ=0.10,0.0,0.0
2022-08-01,Combined Robust Max Sharpe λ=0.50 γ=0.10,5.0,1.0617198487153071e-17
2022-08-01,Combined Robust Max Sharpe λ=0.50 γ=0.10,10.0,2.1234396974306142e-17
2022-08-01,Combined Robust Max Sharpe λ=0.50 γ=0.10,25.0,5.308599243576536e-17
2022-09-01,Maximum Sharpe,0.0,0.0
2022-09-01,Maximum Sharpe,5.0,4.7770349601144324e-05
2022-09-01,Maximum Sharpe,10.0,9.554069920228865e-05
2022-09-01,Maximum Sharpe,25.0,0.00023885174800572162
2022-09-01,Equal Weight,0.0,0.0
2022-09-01,Equal Weight,5.0,0.0
2022-09-01,Equal Weight,10.0,0.0
2022-09-01,Equal Weight,25.0,0.0
2022-09-01,Minimum Variance,0.0,0.0
2022-09-01,Minimum Variance,5.0,9.003987698008202e-06
2022-09-01,Minimum Variance,10.0,1.8007975396016403e-05
2022-09-01,Minimum Variance,25.0,4.501993849004101e-05
2022-09-01,SPY,0.0,0.0
2022-09-01,SPY,5.0,0.0
2022-09-01,SPY,10.0,0.0
2022-09-01,SPY,25.0,0.0
2022-09-01,Shrunk Max Sharpe λ=0.25,0.0,0.0
2022-09-01,Shrunk Max Sharpe λ=0.25,5.0,0.00010000000000000045
2022-09-01,Shrunk Max Sharpe λ=0.25,10.0,0.0002000000000000009
2022-09-01,Shrunk Max Sharpe λ=0.25,25.0,0.0005000000000000023
2022-09-01,Shrunk Max Sharpe λ=0.50,0.0,0.0
2022-09-01,Shrunk Max Sharpe λ=0.50,5.0,8.382393190361284e-05
2022-09-01,Shrunk Max Sharpe λ=0.50,10.0,0.0001676478638072257
2022-09-01,Shrunk Max Sharpe λ=0.50,25.0,0.0004191196595180642
2022-09-01,Shrunk Max Sharpe λ=0.75,0.0,0.0
2022-09-01,Shrunk Max Sharpe λ=0.75,5.0,6.707100359365747e-05
2022-09-01,Shrunk Max Sharpe λ=0.75,10.0,0.00013414200718731494
2022-09-01,Shrunk Max Sharpe λ=0.75,25.0,0.00033535501796828736
2022-09-01,Turnover-Aware Max Sharpe γ=0.05,0.0,0.0
2022-09-01,Turnover-Aware Max Sharpe γ=0.05,5.0,4.979687567427909e-05
2022-09-01,Turnover-Aware Max Sharpe γ=0.05,10.0,9.959375134855818e-05
2022-09-01,Turnover-Aware Max Sharpe γ=0.05,25.0,0.00024898437837139547
2022-09-01,Turnover-Aware Max Sharpe γ=0.10,0.0,0.0
2022-09-01,Turnover-Aware Max Sharpe γ=0.10,5.0,4.543691044973461e-05
2022-09-01,Turnover-Aware Max Sharpe γ=0.10,10.0,9.087382089946922e-05
2022-09-01,Turnover-Aware Max Sharpe γ=0.10,25.0,0.00022718455224867305
2022-09-01,Turnover-Aware Max Sharpe γ=0.25,0.0,0.0
2022-09-01,Turnover-Aware Max Sharpe γ=0.25,5.0,7.710026544364412e-05
2022-09-01,Turnover-Aware Max Sharpe γ=0.25,10.0,0.00015420053088728824
2022-09-01,Turnover-Aware Max Sharpe γ=0.25,25.0,0.0003855013272182206
2022-09-01,Combined Robust Max Sharpe λ=0.50 γ=0.10,0.0,0.0
2022-09-01,Combined Robust Max Sharpe λ=0.50 γ=0.10,5.0,5.4648499923638364e-05
2022-09-01,Combined Robust Max Sharpe λ=0.50 γ=0.10,10.0,0.00010929699984727673
2022-09-01,Combined Robust Max Sharpe λ=0.50 γ=0.10,25.0,0.0002732424996181918
2022-11-01,Maximum Sharpe,0.0,0.0
2022-11-01,Maximum Sharpe,5.0,8.052872457524991e-06
2022-11-01,Maximum Sharpe,10.0,1.6105744915049982e-05
2022-11-01,Maximum Sharpe,25.0,4.0264362287624955e-05
2022-11-01,Equal Weight,0.0,0.0
2022-11-01,Equal Weight,5.0,0.0
2022-11-01,Equal Weight,10.0,0.0
2022-11-01,Equal Weight,25.0,0.0
2022-11-01,Minimum Variance,0.0,0.0
2022-11-01,Minimum Variance,5.0,2.400024682800648e-05
2022-11-01,Minimum Variance,10.0,4.800049365601296e-05
2022-11-01,Minimum Variance,25.0,0.0001200012341400324
2022-11-01,SPY,0.0,0.0
2022-11-01,SPY,5.0,0.0
2022-11-01,SPY,10.0,0.0
2022-11-01,SPY,25.0,0.0
2022-11-01,Shrunk Max Sharpe λ=0.25,0.0,0.0
2022-11-01,Shrunk Max Sharpe λ=0.25,5.0,5.000000000000032e-05
2022-11-01,Shrunk Max Sharpe λ=0.25,10.0,0.00010000000000000064
2022-11-01,Shrunk Max Sharpe λ=0.25,25.0,0.00025000000000000163
2022-11-01,Shrunk Max Sharpe λ=0.50,0.0,0.0
2022-11-01,Shrunk Max Sharpe λ=0.50,5.0,0.00010142643554836953
2022-11-01,Shrunk Max Sharpe λ=0.50,10.0,0.00020285287109673907
2022-11-01,Shrunk Max Sharpe λ=0.50,25.0,0.0005071321777418476
2022-11-01,Shrunk Max Sharpe λ=0.75,0.0,0.0
2022-11-01,Shrunk Max Sharpe λ=0.75,5.0,0.00018570731335441345
2022-11-01,Shrunk Max Sharpe λ=0.75,10.0,0.0003714146267088269
2022-11-01,Shrunk Max Sharpe λ=0.75,25.0,0.0009285365667720673
2022-11-01,Turnover-Aware Max Sharpe γ=0.05,0.0,0.0
2022-11-01,Turnover-Aware Max Sharpe γ=0.05,5.0,1.3141207482325928e-05
2022-11-01,Turnover-Aware Max Sharpe γ=0.05,10.0,2.6282414964651857e-05
2022-11-01,Turnover-Aware Max Sharpe γ=0.05,25.0,6.570603741162965e-05
2022-11-01,Turnover-Aware Max Sharpe γ=0.10,0.0,0.0
2022-11-01,Turnover-Aware Max Sharpe γ=0.10,5.0,3.9614783516323115e-05
2022-11-01,Turnover-Aware Max Sharpe γ=0.10,10.0,7.922956703264623e-05
2022-11-01,Turnover-Aware Max Sharpe γ=0.10,25.0,0.0001980739175816156
2022-11-01,Turnover-Aware Max Sharpe γ=0.25,0.0,0.0
2022-11-01,Turnover-Aware Max Sharpe γ=0.25,5.0,2.2312667817004156e-05
2022-11-01,Turnover-Aware Max Sharpe γ=0.25,10.0,4.462533563400831e-05
2022-11-01,Turnover-Aware Max Sharpe γ=0.25,25.0,0.00011156333908502078
2022-11-01,Combined Robust Max Sharpe λ=0.50 γ=0.10,0.0,0.0
2022-11-01,Combined Robust Max Sharpe λ=0.50 γ=0.10,5.0,8.909772050198608e-05
2022-11-01,Combined Robust Max Sharpe λ=0.50 γ=0.10,10.0,0.00017819544100397216
2022-11-01,Combined Robust Max Sharpe λ=0.50 γ=0.10,25.0,0.0004454886025099304
2022-12-01,Maximum Sharpe,0.0,0.0
2022-12-01,Maximum Sharpe,5.0,2.1954263209120483e-19
2022-12-01,Maximum Sharpe,10.0,4.3908526418240965e-19
2022-12-01,Maximum Sharpe,25.0,1.097713160456024e-18
2022-12-01,Equal Weight,0.0,0.0
2022-12-01,Equal Weight,5.0,0.0
2022-12-01,Equal Weight,10.0,0.0
2022-12-01,Equal Weight,25.0,0.0
2022-12-01,Minimum Variance,0.0,0.0
2022-12-01,Minimum Variance,5.0,1.0839169443958428e-05
2022-12-01,Minimum Variance,10.0,2.1678338887916855e-05
2022-12-01,Minimum Variance,25.0,5.419584721979214e-05
2022-12-01,SPY,0.0,0.0
2022-12-01,SPY,5.0,0.0
2022-12-01,SPY,10.0,0.0
2022-12-01,SPY,25.0,0.0
2022-12-01,Shrunk Max Sharpe λ=0.25,0.0,0.0
2022-12-01,Shrunk Max Sharpe λ=0.25,5.0,4.999999999999975e-05
2022-12-01,Shrunk Max Sharpe λ=0.25,10.0,9.99999999999995e-05
2022-12-01,Shrunk Max Sharpe λ=0.25,25.0,0.00024999999999999876
2022-12-01,Shrunk Max Sharpe λ=0.50,0.0,0.0
2022-12-01,Shrunk Max Sharpe λ=0.50,5.0,4.9999999999999935e-05
2022-12-01,Shrunk Max Sharpe λ=0.50,10.0,9.999999999999987e-05
2022-12-01,Shrunk Max Sharpe λ=0.50,25.0,0.0002499999999999997
2022-12-01,Shrunk Max Sharpe λ=0.75,0.0,0.0
2022-12-01,Shrunk Max Sharpe λ=0.75,5.0,0.00017059603667973853
2022-12-01,Shrunk Max Sharpe λ=0.75,10.0,0.00034119207335947706
2022-12-01,Shrunk Max Sharpe λ=0.75,25.0,0.0008529801833986926
2022-12-01,Turnover-Aware Max Sharpe γ=0.05,0.0,0.0
2022-12-01,Turnover-Aware Max Sharpe γ=0.05,5.0,5.085496637821372e-19
2022-12-01,Turnover-Aware Max Sharpe γ=0.05,10.0,1.0170993275642745e-18
2022-12-01,Turnover-Aware Max Sharpe γ=0.05,25.0,2.5427483189106862e-18
2022-12-01,Turnover-Aware Max Sharpe γ=0.10,0.0,0.0
2022-12-01,Turnover-Aware Max Sharpe γ=0.10,5.0,3.986359495757964e-19
2022-12-01,Turnover-Aware Max Sharpe γ=0.10,10.0,7.972718991515928e-19
2022-12-01,Turnover-Aware Max Sharpe γ=0.10,25.0,1.993179747878982e-18
2022-12-01,Turnover-Aware Max Sharpe γ=0.25,0.0,0.0
2022-12-01,Turnover-Aware Max Sharpe γ=0.25,5.0,5.172641278160996e-19
2022-12-01,Turnover-Aware Max Sharpe γ=0.25,10.0,1.0345282556321992e-18
2022-12-01,Turnover-Aware Max Sharpe γ=0.25,25.0,2.586320639080498e-18
2022-12-01,Combined Robust Max Sharpe λ=0.50 γ=0.10,0.0,0.0
2022-12-01,Combined Robust Max Sharpe λ=0.50 γ=0.10,5.0,5.500735262984786e-19
2022-12-01,Combined Robust Max Sharpe λ=0.50 γ=0.10,10.0,1.1001470525969573e-18
2022-12-01,Combined Robust Max Sharpe λ=0.50 γ=0.10,25.0,2.750367631492393e-18
2023-02-01,Maximum Sharpe,0.0,0.0
2023-02-01,Maximum Sharpe,5.0,2.1658104505727634e-19
2023-02-01,Maximum Sharpe,10.0,4.3316209011455267e-19
2023-02-01,Maximum Sharpe,25.0,1.0829052252863816e-18
2023-02-01,Equal Weight,0.0,0.0
2023-02-01,Equal Weight,5.0,0.0
2023-02-01,Equal Weight,10.0,0.0
2023-02-01,Equal Weight,25.0,0.0
2023-02-01,Minimum Variance,0.0,0.0
2023-02-01,Minimum Variance,5.0,1.2631631363731446e-05
2023-02-01,Minimum Variance,10.0,2.526326272746289e-05
2023-02-01,Minimum Variance,25.0,6.315815681865723e-05
2023-02-01,SPY,0.0,0.0
2023-02-01,SPY,5.0,0.0
2023-02-01,SPY,10.0,0.0
2023-02-01,SPY,25.0,0.0
2023-02-01,Shrunk Max Sharpe λ=0.25,0.0,0.0
2023-02-01,Shrunk Max Sharpe λ=0.25,5.0,4.9999999999999704e-05
2023-02-01,Shrunk Max Sharpe λ=0.25,10.0,9.999999999999941e-05
2023-02-01,Shrunk Max Sharpe λ=0.25,25.0,0.00024999999999999854
2023-02-01,Shrunk Max Sharpe λ=0.50,0.0,0.0
2023-02-01,Shrunk Max Sharpe λ=0.50,5.0,9.715185252775194e-06
2023-02-01,Shrunk Max Sharpe λ=0.50,10.0,1.943037050555039e-05
2023-02-01,Shrunk Max Sharpe λ=0.50,25.0,4.857592626387597e-05
2023-02-01,Shrunk Max Sharpe λ=0.75,0.0,0.0
2023-02-01,Shrunk Max Sharpe λ=0.75,5.0,4.3276402206712546e-05
2023-02-01,Shrunk Max Sharpe λ=0.75,10.0,8.655280441342509e-05
2023-02-01,Shrunk Max Sharpe λ=0.75,25.0,0.00021638201103356275
2023-02-01,Turnover-Aware Max Sharpe γ=0.05,0.0,0.0
2023-02-01,Turnover-Aware Max Sharpe γ=0.05,5.0,4.0171431739966476e-19
2023-02-01,Turnover-Aware Max Sharpe γ=0.05,10.0,8.034286347993295e-19
2023-02-01,Turnover-Aware Max Sharpe γ=0.05,25.0,2.008571586998324e-18
2023-02-01,Turnover-Aware Max Sharpe γ=0.10,0.0,0.0
2023-02-01,Turnover-Aware Max Sharpe γ=0.10,5.0,4.958155588479199e-19
2023-02-01,Turnover-Aware Max Sharpe γ=0.10,10.0,9.916311176958398e-19
2023-02-01,Turnover-Aware Max Sharpe γ=0.10,25.0,2.4790777942395994e-18
2023-02-01,Turnover-Aware Max Sharpe γ=0.25,0.0,0.0
2023-02-01,Turnover-Aware Max Sharpe γ=0.25,5.0,4.637264347457399e-19
2023-02-01,Turnover-Aware Max Sharpe γ=0.25,10.0,9.274528694914798e-19
2023-02-01,Turnover-Aware Max Sharpe γ=0.25,25.0,2.3186321737286993e-18
2023-02-01,Combined Robust Max Sharpe λ=0.50 γ=0.10,0.0,0.0
2023-02-01,Combined Robust Max Sharpe λ=0.50 γ=0.10,5.0,2.258664175830427e-19
2023-02-01,Combined Robust Max Sharpe λ=0.50 γ=0.10,10.0,4.517328351660854e-19
2023-02-01,Combined Robust Max Sharpe λ=0.50 γ=0.10,25.0,1.1293320879152135e-18
2023-03-01,Maximum Sharpe,0.0,0.0
2023-03-01,Maximum Sharpe,5.0,2.639990910754021e-19
2023-03-01,Maximum Sharpe,10.0,5.279981821508042e-19
2023-03-01,Maximum Sharpe,25.0,1.3199954553770107e-18
2023-03-01,Equal Weight,0.0,0.0
2023-03-01,Equal Weight,5.0,0.0
2023-03-01,Equal Weight,10.0,0.0
2023-03-01,Equal Weight,25.0,0.0
2023-03-01,Minimum Variance,0.0,0.0
2023-03-01,Minimum Variance,5.0,5.6767035067746735e-06
2023-03-01,Minimum Variance,10.0,1.1353407013549347e-05
2023-03-01,Minimum Variance,25.0,2.8383517533873367e-05
2023-03-01,SPY,0.0,0.0
2023-03-01,SPY,5.0,0.0
2023-03-01,SPY,10.0,0.0
2023-03-01,SPY,25.0,0.0
2023-03-01,Shrunk Max Sharpe λ=0.25,0.0,0.0
2023-03-01,Shrunk Max Sharpe λ=0.25,5.0,2.378891428812661e-19
2023-03-01,Shrunk Max Sharpe λ=0.25,10.0,4.757782857625322e-19
2023-03-01,Shrunk Max Sharpe λ=0.25,25.0,1.1894457144063306e-18
2023-03-01,Shrunk Max Sharpe λ=0.50,0.0,0.0
2023-03-01,Shrunk Max Sharpe λ=0.50,5.0,5.971518525277519e-05
2023-03-01,Shrunk Max Sharpe λ=0.50,10.0,0.00011943037050555038
2023-03-01,Shrunk Max Sharpe λ=0.50,25.0,0.00029857592626387596
2023-03-01,Shrunk Max Sharpe λ=0.75,0.0,0.0
2023-03-01,Shrunk Max Sharpe λ=0.75,5.0,5.000000000000115e-05
2023-03-01,Shrunk Max Sharpe λ=0.75,10.0,0.0001000000000000023
2023-03-01,Shrunk Max Sharpe λ=0.75,25.0,0.00025000000000000575
2023-03-01,Turnover-Aware Max Sharpe γ=0.05,0.0,0.0
2023-03-01,Turnover-Aware Max Sharpe γ=0.05,5.0,2.6178256335400815e-19
2023-03-01,Turnover-Aware Max Sharpe γ=0.05,10.0,5.235651267080163e-19
2023-03-01,Turnover-Aware Max Sharpe γ=0.05,25.0,1.308912816770041e-18
2023-03-01,Turnover-Aware Max Sharpe γ=0.10,0.0,0.0
2023-03-01,Turnover-Aware Max Sharpe γ=0.10,5.0,2.1859338183450454e-19
2023-03-01,Turnover-Aware Max Sharpe γ=0.10,10.0,4.371867636690091e-19
2023-03-01,Turnover-Aware Max Sharpe γ=0.10,25.0,1.0929669091725225e-18
2023-03-01,Turnover-Aware Max Sharpe γ=0.25,0.0,0.0
2023-03-01,Turnover-Aware Max Sharpe γ=0.25,5.0,2.815139766686837e-05
2023-03-01,Turnover-Aware Max Sharpe γ=0.25,10.0,5.630279533373674e-05
2023-03-01,Turnover-Aware Max Sharpe γ=0.25,25.0,0.00014075698833434185
2023-03-01,Combined Robust Max Sharpe λ=0.50 γ=0.10,0.0,0.0
2023-03-01,Combined Robust Max Sharpe λ=0.50 γ=0.10,5.0,1.3675602302933247e-19
2023-03-01,Combined Robust Max Sharpe λ=0.50 γ=0.10,10.0,2.7351204605866493e-19
2023-03-01,Combined Robust Max Sharpe λ=0.50 γ=0.10,25.0,6.837801151466622e-19
2023-05-01,Maximum Sharpe,0.0,0.0
2023-05-01,Maximum Sharpe,5.0,0.00015000000000000018
2023-05-01,Maximum Sharpe,10.0,0.00030000000000000035
2023-05-01,Maximum Sharpe,25.0,0.0007500000000000008
2023-05-01,Equal Weight,0.0,0.0
2023-05-01,Equal Weight,5.0,0.0
2023-05-01,Equal Weight,10.0,0.0
2023-05-01,Equal Weight,25.0,0.0
2023-05-01,Minimum Variance,0.0,0.0
2023-05-01,Minimum Variance,5.0,3.8298485499467206e-05
2023-05-01,Minimum Variance,10.0,7.659697099893441e-05
2023-05-01,Minimum Variance,25.0,0.00019149242749733604
2023-05-01,SPY,0.0,0.0
2023-05-01,SPY,5.0,0.0
2023-05-01,SPY,10.0,0.0
2023-05-01,SPY,25.0,0.0
2023-05-01,Shrunk Max Sharpe λ=0.25,0.0,0.0
2023-05-01,Shrunk Max Sharpe λ=0.25,5.0,0.00014802477692055563
2023-05-01,Shrunk Max Sharpe λ=0.25,10.0,0.00029604955384111126
2023-05-01,Shrunk Max Sharpe λ=0.25,25.0,0.0007401238846027782
2023-05-01,Shrunk Max Sharpe λ=0.50,0.0,0.0
2023-05-01,Shrunk Max Sharpe λ=0.50,5.0,0.00014999999999999985
2023-05-01,Shrunk Max Sharpe λ=0.50,10.0,0.0002999999999999997
2023-05-01,Shrunk Max Sharpe λ=0.50,25.0,0.0007499999999999993
2023-05-01,Shrunk Max Sharpe λ=0.75,0.0,0.0
2023-05-01,Shrunk Max Sharpe λ=0.75,5.0,7.282962919097347e-05
2023-05-01,Shrunk Max Sharpe λ=0.75,10.0,0.00014565925838194694
2023-05-01,Shrunk Max Sharpe λ=0.75,25.0,0.00036414814595486734
2023-05-01,Turnover-Aware Max Sharpe γ=0.05,0.0,0.0
2023-05-01,Turnover-Aware Max Sharpe γ=0.05,5.0,0.00010223898237455785
2023-05-01,Turnover-Aware Max Sharpe γ=0.05,10.0,0.0002044779647491157
2023-05-01,Turnover-Aware Max Sharpe γ=0.05,25.0,0.0005111949118727893
2023-05-01,Turnover-Aware Max Sharpe γ=0.10,0.0,0.0
2023-05-01,Turnover-Aware Max Sharpe γ=0.10,5.0,5.1012208590632985e-05
2023-05-01,Turnover-Aware Max Sharpe γ=0.10,10.0,0.00010202441718126597
2023-05-01,Turnover-Aware Max Sharpe γ=0.10,25.0,0.0002550610429531649
2023-05-01,Turnover-Aware Max Sharpe γ=0.25,0.0,0.0
2023-05-01,Turnover-Aware Max Sharpe γ=0.25,5.0,2.581737513383136e-19
2023-05-01,Turnover-Aware Max Sharpe γ=0.25,10.0,5.163475026766272e-19
2023-05-01,Turnover-Aware Max Sharpe γ=0.25,25.0,1.290868756691568e-18
2023-05-01,Combined Robust Max Sharpe λ=0.50 γ=0.10,0.0,0.0
2023-05-01,Combined Robust Max Sharpe λ=0.50 γ=0.10,5.0,6.968350408190917e-05
2023-05-01,Combined Robust Max Sharpe λ=0.50 γ=0.10,10.0,0.00013936700816381833
2023-05-01,Combined Robust Max Sharpe λ=0.50 γ=0.10,25.0,0.00034841752040954587
2023-06-01,Maximum Sharpe,0.0,0.0
2023-06-01,Maximum Sharpe,5.0,9.135952302209489e-05
2023-06-01,Maximum Sharpe,10.0,0.00018271904604418978
2023-06-01,Maximum Sharpe,25.0,0.0004567976151104745
2023-06-01,Equal Weight,0.0,0.0
2023-06-01,Equal Weight,5.0,0.0
2023-06-01,Equal Weight,10.0,0.0
2023-06-01,Equal Weight,25.0,0.0
2023-06-01,Minimum Variance,0.0,0.0
2023-06-01,Minimum Variance,5.0,3.7834636328567934e-06
2023-06-01,Minimum Variance,10.0,7.566927265713587e-06
2023-06-01,Minimum Variance,25.0,1.8917318164283966e-05
2023-06-01,SPY,0.0,0.0
2023-06-01,SPY,5.0,0.0
2023-06-01,SPY,10.0,0.0
2023-06-01,SPY,25.0,0.0
2023-06-01,Shrunk Max Sharpe λ=0.25,0.0,0.0
2023-06-01,Shrunk Max Sharpe λ=0.25,5.0,9.802477692055569e-05
2023-06-01,Shrunk Max Sharpe λ=0.25,10.0,0.00019604955384111138
2023-06-01,Shrunk Max Sharpe λ=0.25,25.0,0.0004901238846027784
2023-06-01,Shrunk Max Sharpe λ=0.50,0.0,0.0
2023-06-01,Shrunk Max Sharpe λ=0.50,5.0,0.00010000000000000005
2023-06-01,Shrunk Max Sharpe λ=0.50,10.0,0.0002000000000000001
2023-06-01,Shrunk Max Sharpe λ=0.50,25.0,0.0005000000000000002
2023-06-01,Shrunk Max Sharpe λ=0.75,0.0,0.0
2023-06-01,Shrunk Max Sharpe λ=0.75,5.0,7.234038722020433e-05
2023-06-01,Shrunk Max Sharpe λ=0.75,10.0,0.00014468077444040867
2023-06-01,Shrunk Max Sharpe λ=0.75,25.0,0.00036170193610102165
2023-06-01,Turnover-Aware Max Sharpe γ=0.05,0.0,0.0
2023-06-01,Turnover-Aware Max Sharpe γ=0.05,5.0,3.3972856087534866e-05
2023-06-01,Turnover-Aware Max Sharpe γ=0.05,10.0,6.794571217506973e-05
2023-06-01,Turnover-Aware Max Sharpe γ=0.05,25.0,0.00016986428043767432
2023-06-01,Turnover-Aware Max Sharpe γ=0.10,0.0,0.0
2023-06-01,Turnover-Aware Max Sharpe γ=0.10,5.0,7.010309451688135e-19
2023-06-01,Turnover-Aware Max Sharpe γ=0.10,10.0,1.402061890337627e-18
2023-06-01,Turnover-Aware Max Sharpe γ=0.10,25.0,3.505154725844067e-18
2023-06-01,Turnover-Aware Max Sharpe γ=0.25,0.0,0.0
2023-06-01,Turnover-Aware Max Sharpe γ=0.25,5.0,3.8595848811912407e-19
2023-06-01,Turnover-Aware Max Sharpe γ=0.25,10.0,7.719169762382481e-19
2023-06-01,Turnover-Aware Max Sharpe γ=0.25,25.0,1.9297924405956204e-18
2023-06-01,Combined Robust Max Sharpe λ=0.50 γ=0.10,0.0,0.0
2023-06-01,Combined Robust Max Sharpe λ=0.50 γ=0.10,5.0,1.110862358833998e-19
2023-06-01,Combined Robust Max Sharpe λ=0.50 γ=0.10,10.0,2.221724717667996e-19
2023-06-01,Combined Robust Max Sharpe λ=0.50 γ=0.10,25.0,5.554311794169991e-19
2023-08-01,Maximum Sharpe,0.0,0.0
2023-08-01,Maximum Sharpe,5.0,0.00014135952302209452
2023-08-01,Maximum Sharpe,10.0,0.00028271904604418904
2023-08-01,Maximum Sharpe,25.0,0.0007067976151104725
2023-08-01,Equal Weight,0.0,0.0
2023-08-01,Equal Weight,5.0,0.0
2023-08-01,Equal Weight,10.0,0.0
2023-08-01,Equal Weight,25.0,0.0
2023-08-01,Minimum Variance,0.0,0.0
2023-08-01,Minimum Variance,5.0,1.127994463634347e-05
2023-08-01,Minimum Variance,10.0,2.255988927268694e-05
2023-08-01,Minimum Variance,25.0,5.639972318171735e-05
2023-08-01,SPY,0.0,0.0
2023-08-01,SPY,5.0,0.0
2023-08-01,SPY,10.0,0.0
2023-08-01,SPY,25.0,0.0
2023-08-01,Shrunk Max Sharpe λ=0.25,0.0,0.0
2023-08-01,Shrunk Max Sharpe λ=0.25,5.0,0.00014999999999999996
2023-08-01,Shrunk Max Sharpe λ=0.25,10.0,0.0002999999999999999
2023-08-01,Shrunk Max Sharpe λ=0.25,25.0,0.0007499999999999998
2023-08-01,Shrunk Max Sharpe λ=0.50,0.0,0.0
2023-08-01,Shrunk Max Sharpe λ=0.50,5.0,0.00015000000000000001
2023-08-01,Shrunk Max Sharpe λ=0.50,10.0,0.00030000000000000003
2023-08-01,Shrunk Max Sharpe λ=0.50,25.0,0.0007500000000000001
2023-08-01,Shrunk Max Sharpe λ=0.75,0.0,0.0
2023-08-01,Shrunk Max Sharpe λ=0.75,5.0,9.621102718841881e-05
2023-08-01,Shrunk Max Sharpe λ=0.75,10.0,0.00019242205437683762
2023-08-01,Shrunk Max Sharpe λ=0.75,25.0,0.0004810551359420941
2023-08-01,Turnover-Aware Max Sharpe γ=0.05,0.0,0.0
2023-08-01,Turnover-Aware Max Sharpe γ=0.05,5.0,0.00013173387371297698
2023-08-01,Turnover-Aware Max Sharpe γ=0.05,10.0,0.00026346774742595395
2023-08-01,Turnover-Aware Max Sharpe γ=0.05,25.0,0.000658669368564885
2023-08-01,Turnover-Aware Max Sharpe γ=0.10,0.0,0.0
2023-08-01,Turnover-Aware Max Sharpe γ=0.10,5.0,0.00012143344717002998
2023-08-01,Turnover-Aware Max Sharpe γ=0.10,10.0,0.00024286689434005996
2023-08-01,Turnover-Aware Max Sharpe γ=0.10,25.0,0.0006071672358501499
2023-08-01,Turnover-Aware Max Sharpe γ=0.25,0.0,0.0
2023-08-01,Turnover-Aware Max Sharpe γ=0.25,5.0,3.135972619337635e-05
2023-08-01,Turnover-Aware Max Sharpe γ=0.25,10.0,6.27194523867527e-05
2023-08-01,Turnover-Aware Max Sharpe γ=0.25,25.0,0.00015679863096688173
2023-08-01,Combined Robust Max Sharpe λ=0.50 γ=0.10,0.0,0.0
2023-08-01,Combined Robust Max Sharpe λ=0.50 γ=0.10,5.0,3.831546174800071e-05
2023-08-01,Combined Robust Max Sharpe λ=0.50 γ=0.10,10.0,7.663092349600142e-05
2023-08-01,Combined Robust Max Sharpe λ=0.50 γ=0.10,25.0,0.00019157730874000357
2023-09-01,Maximum Sharpe,0.0,0.0
2023-09-01,Maximum Sharpe,5.0,1.2943639274474527e-06
2023-09-01,Maximum Sharpe,10.0,2.5887278548949055e-06
2023-09-01,Maximum Sharpe,25.0,6.4718196372372645e-06
2023-09-01,Equal Weight,0.0,0.0
2023-09-01,Equal Weight,5.0,0.0
2023-09-01,Equal Weight,10.0,0.0
2023-09-01,Equal Weight,25.0,0.0
2023-09-01,Minimum Variance,0.0,0.0
2023-09-01,Minimum Variance,5.0,1.0907542870559772e-05
2023-09-01,Minimum Variance,10.0,2.1815085741119544e-05
2023-09-01,Minimum Variance,25.0,5.4537714352798855e-05
2023-09-01,SPY,0.0,0.0
2023-09-01,SPY,5.0,0.0
2023-09-01,SPY,10.0,0.0
2023-09-01,SPY,25.0,0.0
2023-09-01,Shrunk Max Sharpe λ=0.25,0.0,0.0
2023-09-01,Shrunk Max Sharpe λ=0.25,5.0,1.376275365839931e-05
2023-09-01,Shrunk Max Sharpe λ=0.25,10.0,2.752550731679862e-05
2023-09-01,Shrunk Max Sharpe λ=0.25,25.0,6.881376829199656e-05
2023-09-01,Shrunk Max Sharpe λ=0.50,0.0,0.0
2023-09-01,Shrunk Max Sharpe λ=0.50,5.0,3.84304356076469e-05
2023-09-01,Shrunk Max Sharpe λ=0.50,10.0,7.68608712152938e-05
2023-09-01,Shrunk Max Sharpe λ=0.50,25.0,0.00019215217803823448
2023-09-01,Shrunk Max Sharpe λ=0.75,0.0,0.0
2023-09-01,Shrunk Max Sharpe λ=0.75,5.0,0.00012910999188124841
2023-09-01,Shrunk Max Sharpe λ=0.75,10.0,0.00025821998376249683
2023-09-01,Shrunk Max Sharpe λ=0.75,25.0,0.0006455499594062421
2023-09-01,Turnover-Aware Max Sharpe γ=0.05,0.0,0.0
2023-09-01,Turnover-Aware Max Sharpe γ=0.05,5.0,1.8205593055861719e-19
2023-09-01,Turnover-Aware Max Sharpe γ=0.05,10.0,3.6411186111723438e-19
2023-09-01,Turnover-Aware Max Sharpe γ=0.05,25.0,9.10279652793086e-19
2023-09-01,Turnover-Aware Max Sharpe γ=0.10,0.0,0.0
2023-09-01,Turnover-Aware Max Sharpe γ=0.10,5.0,9.54048726175163e-06
2023-09-01,Turnover-Aware Max Sharpe γ=0.10,10.0,1.908097452350326e-05
2023-09-01,Turnover-Aware Max Sharpe γ=0.10,25.0,4.770243630875815e-05
2023-09-01,Turnover-Aware Max Sharpe γ=0.25,0.0,0.0
2023-09-01,Turnover-Aware Max Sharpe γ=0.25,5.0,2.479076568744348e-19
2023-09-01,Turnover-Aware Max Sharpe γ=0.25,10.0,4.958153137488696e-19
2023-09-01,Turnover-Aware Max Sharpe γ=0.25,25.0,1.2395382843721738e-18
2023-09-01,Combined Robust Max Sharpe λ=0.50 γ=0.10,0.0,0.0
2023-09-01,Combined Robust Max Sharpe λ=0.50 γ=0.10,5.0,2.1967873341185592e-05
2023-09-01,Combined Robust Max Sharpe λ=0.50 γ=0.10,10.0,4.3935746682371185e-05
2023-09-01,Combined Robust Max Sharpe λ=0.50 γ=0.10,25.0,0.00010983936670592797
2023-11-01,Maximum Sharpe,0.0,0.0
2023-11-01,Maximum Sharpe,5.0,0.00010230818396481088
2023-11-01,Maximum Sharpe,10.0,0.00020461636792962177
2023-11-01,Maximum Sharpe,25.0,0.0005115409198240544
2023-11-01,Equal Weight,0.0,0.0
2023-11-01,Equal Weight,5.0,0.0
2023-11-01,Equal Weight,10.0,0.0
2023-11-01,Equal Weight,25.0,0.0
2023-11-01,Minimum Variance,0.0,0.0
2023-11-01,Minimum Variance,5.0,8.83672978567759e-06
2023-11-01,Minimum Variance,10.0,1.767345957135518e-05
2023-11-01,Minimum Variance,25.0,4.418364892838795e-05
2023-11-01,SPY,0.0,0.0
2023-11-01,SPY,5.0,0.0
2023-11-01,SPY,10.0,0.0
2023-11-01,SPY,25.0,0.0
2023-11-01,Shrunk Max Sharpe λ=0.25,0.0,0.0
2023-11-01,Shrunk Max Sharpe λ=0.25,5.0,0.000100584689513868
2023-11-01,Shrunk Max Sharpe λ=0.25,10.0,0.000201169379027736
2023-11-01,Shrunk Max Sharpe λ=0.25,25.0,0.0005029234475693399
2023-11-01,Shrunk Max Sharpe λ=0.50,0.0,0.0
2023-11-01,Shrunk Max Sharpe λ=0.50,5.0,9.720146431065976e-05
2023-11-01,Shrunk Max Sharpe λ=0.50,10.0,0.00019440292862131953
2023-11-01,Shrunk Max Sharpe λ=0.50,25.0,0.00048600732155329885
2023-11-01,Shrunk Max Sharpe λ=0.75,0.0,0.0
2023-11-01,Shrunk Max Sharpe λ=0.75,5.0,8.75308565530119e-05
2023-11-01,Shrunk Max Sharpe λ=0.75,10.0,0.0001750617131060238
2023-11-01,Shrunk Max Sharpe λ=0.75,25.0,0.0004376542827650595
2023-11-01,Turnover-Aware Max Sharpe γ=0.05,0.0,0.0
2023-11-01,Turnover-Aware Max Sharpe γ=0.05,5.0,0.00010360249477238657
2023-11-01,Turnover-Aware Max Sharpe γ=0.05,10.0,0.00020720498954477314
2023-11-01,Turnover-Aware Max Sharpe γ=0.05,25.0,0.0005180124738619329
2023-11-01,Turnover-Aware Max Sharpe γ=0.10,0.0,0.0
2023-11-01,Turnover-Aware Max Sharpe γ=0.10,5.0,0.00010120633279402985
2023-11-01,Turnover-Aware Max Sharpe γ=0.10,10.0,0.0002024126655880597
2023-11-01,Turnover-Aware Max Sharpe γ=0.10,25.0,0.0005060316639701493
2023-11-01,Turnover-Aware Max Sharpe γ=0.25,0.0,0.0
2023-11-01,Turnover-Aware Max Sharpe γ=0.25,5.0,4.326714842986959e-19
2023-11-01,Turnover-Aware Max Sharpe γ=0.25,10.0,8.653429685973918e-19
2023-11-01,Turnover-Aware Max Sharpe γ=0.25,25.0,2.1633574214934798e-18
2023-11-01,Combined Robust Max Sharpe λ=0.50 γ=0.10,0.0,0.0
2023-11-01,Combined Robust Max Sharpe λ=0.50 γ=0.10,5.0,2.0927570308310769e-19
2023-11-01,Combined Robust Max Sharpe λ=0.50 γ=0.10,10.0,4.1855140616621537e-19
2023-11-01,Combined Robust Max Sharpe λ=0.50 γ=0.10,25.0,1.0463785154155385e-18
2023-12-01,Maximum Sharpe,0.0,0.0
2023-12-01,Maximum Sharpe,5.0,7.022221177518663e-05
2023-12-01,Maximum Sharpe,10.0,0.00014044442355037325
2023-12-01,Maximum Sharpe,25.0,0.00035111105887593313
2023-12-01,Equal Weight,0.0,0.0
2023-12-01,Equal Weight,5.0,0.0
2023-12-01,Equal Weight,10.0,0.0
2023-12-01,Equal Weight,25.0,0.0
2023-12-01,Minimum Variance,0.0,0.0
2023-12-01,Minimum Variance,5.0,9.684349156463425e-06
2023-12-01,Minimum Variance,10.0,1.936869831292685e-05
2023-12-01,Minimum Variance,25.0,4.842174578231713e-05
2023-12-01,SPY,0.0,0.0
2023-12-01,SPY,5.0,0.0
2023-12-01,SPY,10.0,0.0
2023-12-01,SPY,25.0,0.0
2023-12-01,Shrunk Max Sharpe λ=0.25,0.0,0.0
2023-12-01,Shrunk Max Sharpe λ=0.25,5.0,8.719462731943711e-05
2023-12-01,Shrunk Max Sharpe λ=0.25,10.0,0.00017438925463887422
2023-12-01,Shrunk Max Sharpe λ=0.25,25.0,0.0004359731365971856
2023-12-01,Shrunk Max Sharpe λ=0.50,0.0,0.0
2023-12-01,Shrunk Max Sharpe λ=0.50,5.0,0.00010000000000000033
2023-12-01,Shrunk Max Sharpe λ=0.50,10.0,0.00020000000000000066
2023-12-01,Shrunk Max Sharpe λ=0.50,25.0,0.0005000000000000016
2023-12-01,Shrunk Max Sharpe λ=0.75,0.0,0.0
2023-12-01,Shrunk Max Sharpe λ=0.75,5.0,0.00010000000000000014
2023-12-01,Shrunk Max Sharpe λ=0.75,10.0,0.00020000000000000028
2023-12-01,Shrunk Max Sharpe λ=0.75,25.0,0.0005000000000000008
2023-12-01,Turnover-Aware Max Sharpe γ=0.05,0.0,0.0
2023-12-01,Turnover-Aware Max Sharpe γ=0.05,5.0,7.02222965451782e-05
2023-12-01,Turnover-Aware Max Sharpe γ=0.05,10.0,0.0001404445930903564
2023-12-01,Turnover-Aware Max Sharpe γ=0.05,25.0,0.000351111482725891
2023-12-01,Turnover-Aware Max Sharpe γ=0.10,0.0,0.0
2023-12-01,Turnover-Aware Max Sharpe γ=0.10,5.0,7.022221997473704e-05
2023-12-01,Turnover-Aware Max Sharpe γ=0.10,10.0,0.00014044443994947408
2023-12-01,Turnover-Aware Max Sharpe γ=0.10,25.0,0.0003511110998736852
2023-12-01,Turnover-Aware Max Sharpe γ=0.25,0.0,0.0
2023-12-01,Turnover-Aware Max Sharpe γ=0.25,5.0,5.762957690458113e-05
2023-12-01,Turnover-Aware Max Sharpe γ=0.25,10.0,0.00011525915380916225
2023-12-01,Turnover-Aware Max Sharpe γ=0.25,25.0,0.00028814788452290565
2023-12-01,Combined Robust Max Sharpe λ=0.50 γ=0.10,0.0,0.0
2023-12-01,Combined Robust Max Sharpe λ=0.50 γ=0.10,5.0,6.028333508918672e-05
2023-12-01,Combined Robust Max Sharpe λ=0.50 γ=0.10,10.0,0.00012056667017837345
2023-12-01,Combined Robust Max Sharpe λ=0.50 γ=0.10,25.0,0.0003014166754459336
2024-02-01,Maximum Sharpe,0.0,0.0
2024-02-01,Maximum Sharpe,5.0,1.885565371117619e-18
2024-02-01,Maximum Sharpe,10.0,3.771130742235238e-18
2024-02-01,Maximum Sharpe,25.0,9.427826855588096e-18
2024-02-01,Equal Weight,0.0,0.0
2024-02-01,Equal Weight,5.0,0.0
2024-02-01,Equal Weight,10.0,0.0
2024-02-01,Equal Weight,25.0,0.0
2024-02-01,Minimum Variance,0.0,0.0
2024-02-01,Minimum Variance,5.0,1.0046830742859427e-05
2024-02-01,Minimum Variance,10.0,2.0093661485718854e-05
2024-02-01,Minimum Variance,25.0,5.023415371429713e-05
2024-02-01,SPY,0.0,0.0
2024-02-01,SPY,5.0,0.0
2024-02-01,SPY,10.0,0.0
2024-02-01,SPY,25.0,0.0
2024-02-01,Shrunk Max Sharpe λ=0.25,0.0,0.0
2024-02-01,Shrunk Max Sharpe λ=0.25,5.0,8.563887723993161e-19
2024-02-01,Shrunk Max Sharpe λ=0.25,10.0,1.7127775447986322e-18
2024-02-01,Shrunk Max Sharpe λ=0.25,25.0,4.2819438619965804e-18
2024-02-01,Shrunk Max Sharpe λ=0.50,0.0,0.0
2024-02-01,Shrunk Max Sharpe λ=0.50,5.0,9.061005095795533e-19
2024-02-01,Shrunk Max Sharpe λ=0.50,10.0,1.8122010191591066e-18
2024-02-01,Shrunk Max Sharpe λ=0.50,25.0,4.530502547897766e-18
2024-02-01,Shrunk Max Sharpe λ=0.75,0.0,0.0
2024-02-01,Shrunk Max Sharpe λ=0.75,5.0,4.693940997694071e-19
2024-02-01,Shrunk Max Sharpe λ=0.75,10.0,9.387881995388142e-19
2024-02-01,Shrunk Max Sharpe λ=0.75,25.0,2.346970498847035e-18
2024-02-01,Turnover-Aware Max Sharpe γ=0.05,0.0,0.0
2024-02-01,Turnover-Aware Max Sharpe γ=0.05,5.0,6.363847690220846e-19
2024-02-01,Turnover-Aware Max Sharpe γ=0.05,10.0,1.2727695380441693e-18
2024-02-01,Turnover-Aware Max Sharpe γ=0.05,25.0,3.1819238451104232e-18
2024-02-01,Turnover-Aware Max Sharpe γ=0.10,0.0,0.0
2024-02-01,Turnover-Aware Max Sharpe γ=0.10,5.0,7.591081117296805e-19
2024-02-01,Turnover-Aware Max Sharpe γ=0.10,10.0,1.518216223459361e-18
2024-02-01,Turnover-Aware Max Sharpe γ=0.10,25.0,3.795540558648402e-18
2024-02-01,Turnover-Aware Max Sharpe γ=0.25,0.0,0.0
2024-02-01,Turnover-Aware Max Sharpe γ=0.25,5.0,2.373014928879559e-05
2024-02-01,Turnover-Aware Max Sharpe γ=0.25,10.0,4.746029857759118e-05
2024-02-01,Turnover-Aware Max Sharpe γ=0.25,25.0,0.00011865074644397796
2024-02-01,Combined Robust Max Sharpe λ=0.50 γ=0.10,0.0,0.0
2024-02-01,Combined Robust Max Sharpe λ=0.50 γ=0.10,5.0,3.2332338972523068e-19
2024-02-01,Combined Robust Max Sharpe λ=0.50 γ=0.10,10.0,6.4664677945046135e-19
2024-02-01,Combined Robust Max Sharpe λ=0.50 γ=0.10,25.0,1.6166169486261534e-18
2024-03-01,Maximum Sharpe,0.0,0.0
2024-03-01,Maximum Sharpe,5.0,9.23661183537059e-19
2024-03-01,Maximum Sharpe,10.0,1.847322367074118e-18
2024-03-01,Maximum Sharpe,25.0,4.618305917685295e-18
2024-03-01,Equal Weight,0.0,0.0
2024-03-01,Equal Weight,5.0,0.0
2024-03-01,Equal Weight,10.0,0.0
2024-03-01,Equal Weight,25.0,0.0
2024-03-01,Minimum Variance,0.0,0.0
2024-03-01,Minimum Variance,5.0,9.508170277122207e-06
2024-03-01,Minimum Variance,10.0,1.9016340554244414e-05
2024-03-01,Minimum Variance,25.0,4.7540851385611034e-05
2024-03-01,SPY,0.0,0.0
2024-03-01,SPY,5.0,0.0
2024-03-01,SPY,10.0,0.0
2024-03-01,SPY,25.0,0.0
2024-03-01,Shrunk Max Sharpe λ=0.25,0.0,0.0
2024-03-01,Shrunk Max Sharpe λ=0.25,5.0,6.740489664153249e-19
2024-03-01,Shrunk Max Sharpe λ=0.25,10.0,1.3480979328306498e-18
2024-03-01,Shrunk Max Sharpe λ=0.25,25.0,3.3702448320766247e-18
2024-03-01,Shrunk Max Sharpe λ=0.50,0.0,0.0
2024-03-01,Shrunk Max Sharpe λ=0.50,5.0,1.2700993270800727e-18
2024-03-01,Shrunk Max Sharpe λ=0.50,10.0,2.5401986541601454e-18
2024-03-01,Shrunk Max Sharpe λ=0.50,25.0,6.350496635400364e-18
2024-03-01,Shrunk Max Sharpe λ=0.75,0.0,0.0
2024-03-01,Shrunk Max Sharpe λ=0.75,5.0,6.57867645327672e-19
2024-03-01,Shrunk Max Sharpe λ=0.75,10.0,1.315735290655344e-18
2024-03-01,Shrunk Max Sharpe λ=0.75,25.0,3.28933822663836e-18
2024-03-01,Turnover-Aware Max Sharpe γ=0.05,0.0,0.0
2024-03-01,Turnover-Aware Max Sharpe γ=0.05,5.0,3.432252652545254e-18
2024-03-01,Turnover-Aware Max Sharpe γ=0.05,10.0,6.864505305090508e-18
2024-03-01,Turnover-Aware Max Sharpe γ=0.05,25.0,1.716126326272627e-17
2024-03-01,Turnover-Aware Max Sharpe γ=0.10,0.0,0.0
2024-03-01,Turnover-Aware Max Sharpe γ=0.10,5.0,1.0583212810671288e-18
2024-03-01,Turnover-Aware Max Sharpe γ=0.10,10.0,2.1166425621342575e-18
2024-03-01,Turnover-Aware Max Sharpe γ=0.10,25.0,5.291606405335644e-18
2024-03-01,Turnover-Aware Max Sharpe γ=0.25,0.0,0.0
2024-03-01,Turnover-Aware Max Sharpe γ=0.25,5.0,7.1448451758283635e-19
2024-03-01,Turnover-Aware Max Sharpe γ=0.25,10.0,1.4289690351656727e-18
2024-03-01,Turnover-Aware Max Sharpe γ=0.25,25.0,3.5724225879141816e-18
2024-03-01,Combined Robust Max Sharpe λ=0.50 γ=0.10,0.0,0.0
2024-03-01,Combined Robust Max Sharpe λ=0.50 γ=0.10,5.0,6.544528619016509e-19
2024-03-01,Combined Robust Max Sharpe λ=0.50 γ=0.10,10.0,1.3089057238033019e-18
2024-03-01,Combined Robust Max Sharpe λ=0.50 γ=0.10,25.0,3.2722643095082544e-18
2024-04-01,Maximum Sharpe,0.0,0.0
2024-04-01,Maximum Sharpe,5.0,9.730392400387445e-19
2024-04-01,Maximum Sharpe,10.0,1.946078480077489e-18
2024-04-01,Maximum Sharpe,25.0,4.865196200193722e-18
2024-04-01,Equal Weight,0.0,0.0
2024-04-01,Equal Weight,5.0,0.0
2024-04-01,Equal Weight,10.0,0.0
2024-04-01,Equal Weight,25.0,0.0
2024-04-01,Minimum Variance,0.0,0.0
2024-04-01,Minimum Variance,5.0,7.340261882936777e-06
2024-04-01,Minimum Variance,10.0,1.4680523765873554e-05
2024-04-01,Minimum Variance,25.0,3.670130941468389e-05
2024-04-01,SPY,0.0,0.0
2024-04-01,SPY,5.0,0.0
2024-04-01,SPY,10.0,0.0
2024-04-01,SPY,25.0,0.0
2024-04-01,Shrunk Max Sharpe λ=0.25,0.0,0.0
2024-04-01,Shrunk Max Sharpe λ=0.25,5.0,6.340833270326579e-19
2024-04-01,Shrunk Max Sharpe λ=0.25,10.0,1.2681666540653159e-18
2024-04-01,Shrunk Max Sharpe λ=0.25,25.0,3.1704166351632897e-18
2024-04-01,Shrunk Max Sharpe λ=0.50,0.0,0.0
2024-04-01,Shrunk Max Sharpe λ=0.50,5.0,2.662902588968049e-19
2024-04-01,Shrunk Max Sharpe λ=0.50,10.0,5.325805177936098e-19
2024-04-01,Shrunk Max Sharpe λ=0.50,25.0,1.3314512944840245e-18
2024-04-01,Shrunk Max Sharpe λ=0.75,0.0,0.0
2024-04-01,Shrunk Max Sharpe λ=0.75,5.0,2.9121646265128416e-05
2024-04-01,Shrunk Max Sharpe λ=0.75,10.0,5.824329253025683e-05
2024-04-01,Shrunk Max Sharpe λ=0.75,25.0,0.00014560823132564208
2024-04-01,Turnover-Aware Max Sharpe γ=0.05,0.0,0.0
2024-04-01,Turnover-Aware Max Sharpe γ=0.05,5.0,4.040967462134628e-18
2024-04-01,Turnover-Aware Max Sharpe γ=0.05,10.0,8.081934924269256e-18
2024-04-01,Turnover-Aware Max Sharpe γ=0.05,25.0,2.020483731067314e-17
2024-04-01,Turnover-Aware Max Sharpe γ=0.10,0.0,0.0
2024-04-01,Turnover-Aware Max Sharpe γ=0.10,5.0,8.808189739942422e-19
2024-04-01,Turnover-Aware Max Sharpe γ=0.10,10.0,1.7616379479884845e-18
2024-04-01,Turnover-Aware Max Sharpe γ=0.10,25.0,4.404094869971211e-18
2024-04-01,Turnover-Aware Max Sharpe γ=0.25,0.0,0.0
2024-04-01,Turnover-Aware Max Sharpe γ=0.25,5.0,4.926614671774133e-19
2024-04-01,Turnover-Aware Max Sharpe γ=0.25,10.0,9.853229343548265e-19
2024-04-01,Turnover-Aware Max Sharpe γ=0.25,25.0,2.463307335887066e-18
2024-04-01,Combined Robust Max Sharpe λ=0.50 γ=0.10,0.0,0.0
2024-04-01,Combined Robust Max Sharpe λ=0.50 γ=0.10,5.0,4.512860313088685e-19
2024-04-01,Combined Robust Max Sharpe λ=0.50 γ=0.10,10.0,9.02572062617737e-19
2024-04-01,Combined Robust Max Sharpe λ=0.50 γ=0.10,25.0,2.2564301565443427e-18
2024-05-01,Maximum Sharpe,0.0,0.0
2024-05-01,Maximum Sharpe,5.0,1.1171619185290628e-18
2024-05-01,Maximum Sharpe,10.0,2.2343238370581257e-18
2024-05-01,Maximum Sharpe,25.0,5.585809592645314e-18
2024-05-01,Equal Weight,0.0,0.0
2024-05-01,Equal Weight,5.0,0.0
2024-05-01,Equal Weight,10.0,0.0
2024-05-01,Equal Weight,25.0,0.0
2024-05-01,Minimum Variance,0.0,0.0
2024-05-01,Minimum Variance,5.0,9.361805292586191e-07
2024-05-01,Minimum Variance,10.0,1.8723610585172382e-06
2024-05-01,Minimum Variance,25.0,4.6809026462930954e-06
2024-05-01,SPY,0.0,0.0
2024-05-01,SPY,5.0,0.0
2024-05-01,SPY,10.0,0.0
2024-05-01,SPY,25.0,0.0
2024-05-01,Shrunk Max Sharpe λ=0.25,0.0,0.0
2024-05-01,Shrunk Max Sharpe λ=0.25,5.0,4.718447854656915e-19
2024-05-01,Shrunk Max Sharpe λ=0.25,10.0,9.43689570931383e-19
2024-05-01,Shrunk Max Sharpe λ=0.25,25.0,2.359223927328457e-18
2024-05-01,Shrunk Max Sharpe λ=0.50,0.0,0.0
2024-05-01,Shrunk Max Sharpe λ=0.50,5.0,3.0589953006837855e-19
2024-05-01,Shrunk Max Sharpe λ=0.50,10.0,6.117990601367571e-19
2024-05-01,Shrunk Max Sharpe λ=0.50,25.0,1.5294976503418928e-18
2024-05-01,Shrunk Max Sharpe λ=0.75,0.0,0.0
2024-05-01,Shrunk Max Sharpe λ=0.75,5.0,2.9121646265128714e-05
2024-05-01,Shrunk Max Sharpe λ=0.75,10.0,5.824329253025743e-05
2024-05-01,Shrunk Max Sharpe λ=0.75,25.0,0.00014560823132564357
2024-05-01,Turnover-Aware Max Sharpe γ=0.05,0.0,0.0
2024-05-01,Turnover-Aware Max Sharpe γ=0.05,5.0,1.5959455978986625e-19
2024-05-01,Turnover-Aware Max Sharpe γ=0.05,10.0,3.191891195797325e-19
2024-05-01,Turnover-Aware Max Sharpe γ=0.05,25.0,7.979727989493313e-19
2024-05-01,Turnover-Aware Max Sharpe γ=0.10,0.0,0.0
2024-05-01,Turnover-Aware Max Sharpe γ=0.10,5.0,6.938893903907226e-19
2024-05-01,Turnover-Aware Max Sharpe γ=0.10,10.0,1.3877787807814452e-18
2024-05-01,Turnover-Aware Max Sharpe γ=0.10,25.0,3.4694469519536126e-18
2024-05-01,Turnover-Aware Max Sharpe γ=0.25,0.0,0.0
2024-05-01,Turnover-Aware Max Sharpe γ=0.25,5.0,1.103284130721249e-18
2024-05-01,Turnover-Aware Max Sharpe γ=0.25,10.0,2.206568261442498e-18
2024-05-01,Turnover-Aware Max Sharpe γ=0.25,25.0,5.5164206536062445e-18
2024-05-01,Combined Robust Max Sharpe λ=0.50 γ=0.10,0.0,0.0
2024-05-01,Combined Robust Max Sharpe λ=0.50 γ=0.10,5.0,9.124645483638008e-19
2024-05-01,Combined Robust Max Sharpe λ=0.50 γ=0.10,10.0,1.8249290967276015e-18
2024-05-01,Combined Robust Max Sharpe λ=0.50 γ=0.10,25.0,4.562322741819004e-18
2024-07-01,Maximum Sharpe,0.0,0.0
2024-07-01,Maximum Sharpe,5.0,6.557254739192329e-19
2024-07-01,Maximum Sharpe,10.0,1.3114509478384658e-18
2024-07-01,Maximum Sharpe,25.0,3.2786273695961645e-18
2024-07-01,Equal Weight,0.0,0.0
2024-07-01,Equal Weight,5.0,0.0
2024-07-01,Equal Weight,10.0,0.0
2024-07-01,Equal Weight,25.0,0.0
2024-07-01,Minimum Variance,0.0,0.0
2024-07-01,Minimum Variance,5.0,3.1102376149431565e-06
2024-07-01,Minimum Variance,10.0,6.220475229886313e-06
2024-07-01,Minimum Variance,25.0,1.5551188074715782e-05
2024-07-01,SPY,0.0,0.0
2024-07-01,SPY,5.0,0.0
2024-07-01,SPY,10.0,0.0
2024-07-01,SPY,25.0,0.0
2024-07-01,Shrunk Max Sharpe λ=0.25,0.0,0.0
2024-07-01,Shrunk Max Sharpe λ=0.25,5.0,5.238864897449956e-19
2024-07-01,Shrunk Max Sharpe λ=0.25,10.0,1.0477729794899913e-18
2024-07-01,Shrunk Max Sharpe λ=0.25,25.0,2.6194324487249783e-18
2024-07-01,Shrunk Max Sharpe λ=0.50,0.0,0.0
2024-07-01,Shrunk Max Sharpe λ=0.50,5.0,6.765451428940871e-19
2024-07-01,Shrunk Max Sharpe λ=0.50,10.0,1.3530902857881742e-18
2024-07-01,Shrunk Max Sharpe λ=0.50,25.0,3.3827257144704358e-18
2024-07-01,Shrunk Max Sharpe λ=0.75,0.0,0.0
2024-07-01,Shrunk Max Sharpe λ=0.75,5.0,2.1111562095976734e-19
2024-07-01,Shrunk Max Sharpe λ=0.75,10.0,4.222312419195347e-19
2024-07-01,Shrunk Max Sharpe λ=0.75,25.0,1.0555781047988367e-18
2024-07-01,Turnover-Aware Max Sharpe γ=0.05,0.0,0.0
2024-07-01,Turnover-Aware Max Sharpe γ=0.05,5.0,5.030698080332738e-19
2024-07-01,Turnover-Aware Max Sharpe γ=0.05,10.0,1.0061396160665477e-18
2024-07-01,Turnover-Aware Max Sharpe γ=0.05,25.0,2.5153490401663694e-18
2024-07-01,Turnover-Aware Max Sharpe γ=0.10,0.0,0.0
2024-07-01,Turnover-Aware Max Sharpe γ=0.10,5.0,7.285838599102589e-19
2024-07-01,Turnover-Aware Max Sharpe γ=0.10,10.0,1.4571677198205177e-18
2024-07-01,Turnover-Aware Max Sharpe γ=0.10,25.0,3.642919299551294e-18
2024-07-01,Turnover-Aware Max Sharpe γ=0.25,0.0,0.0
2024-07-01,Turnover-Aware Max Sharpe γ=0.25,5.0,5.932754287840679e-19
2024-07-01,Turnover-Aware Max Sharpe γ=0.25,10.0,1.1865508575681358e-18
2024-07-01,Turnover-Aware Max Sharpe γ=0.25,25.0,2.9663771439203393e-18
2024-07-01,Combined Robust Max Sharpe λ=0.50 γ=0.10,0.0,0.0
2024-07-01,Combined Robust Max Sharpe λ=0.50 γ=0.10,5.0,1.5612511283791263e-19
2024-07-01,Combined Robust Max Sharpe λ=0.50 γ=0.10,10.0,3.1225022567582527e-19
2024-07-01,Combined Robust Max Sharpe λ=0.50 γ=0.10,25.0,7.806255641895632e-19
2024-08-01,Maximum Sharpe,0.0,0.0
2024-08-01,Maximum Sharpe,5.0,1.1726730697603215e-18
2024-08-01,Maximum Sharpe,10.0,2.345346139520643e-18
2024-08-01,Maximum Sharpe,25.0,5.863365348801607e-18
2024-08-01,Equal Weight,0.0,0.0
2024-08-01,Equal Weight,5.0,0.0
2024-08-01,Equal Weight,10.0,0.0
2024-08-01,Equal Weight,25.0,0.0
2024-08-01,Minimum Variance,0.0,0.0
2024-08-01,Minimum Variance,5.0,1.1500971789380002e-06
2024-08-01,Minimum Variance,10.0,2.3001943578760004e-06
2024-08-01,Minimum Variance,25.0,5.750485894690001e-06
2024-08-01,SPY,0.0,0.0
2024-08-01,SPY,5.0,0.0
2024-08-01,SPY,10.0,0.0
2024-08-01,SPY,25.0,0.0
2024-08-01,Shrunk Max Sharpe λ=0.25,0.0,0.0
2024-08-01,Shrunk Max Sharpe λ=0.25,5.0,7.551791245514183e-19
2024-08-01,Shrunk Max Sharpe λ=0.25,10.0,1.5103582491028366e-18
2024-08-01,Shrunk Max Sharpe λ=0.25,25.0,3.775895622757091e-18
2024-08-01,Shrunk Max Sharpe λ=0.50,0.0,0.0
2024-08-01,Shrunk Max Sharpe λ=0.50,5.0,4.965438023547121e-19
2024-08-01,Shrunk Max Sharpe λ=0.50,10.0,9.930876047094242e-19
2024-08-01,Shrunk Max Sharpe λ=0.50,25.0,2.4827190117735605e-18
2024-08-01,Shrunk Max Sharpe λ=0.75,0.0,0.0
2024-08-01,Shrunk Max Sharpe λ=0.75,5.0,1.003553200074462e-19
2024-08-01,Shrunk Max Sharpe λ=0.75,10.0,2.007106400148924e-19
2024-08-01,Shrunk Max Sharpe λ=0.75,25.0,5.017766000372311e-19
2024-08-01,Turnover-Aware Max Sharpe γ=0.05,0.0,0.0
2024-08-01,Turnover-Aware Max Sharpe γ=0.05,5.0,1.6680077377690466e-18
2024-08-01,Turnover-Aware Max Sharpe γ=0.05,10.0,3.336015475538093e-18
2024-08-01,Turnover-Aware Max Sharpe γ=0.05,25.0,8.340038688845233e-18
2024-08-01,Turnover-Aware Max Sharpe γ=0.10,0.0,0.0
2024-08-01,Turnover-Aware Max Sharpe γ=0.10,5.0,3.95516952522712e-19
2024-08-01,Turnover-Aware Max Sharpe γ=0.10,10.0,7.91033905045424e-19
2024-08-01,Turnover-Aware Max Sharpe γ=0.10,25.0,1.97758476261356e-18
2024-08-01,Turnover-Aware Max Sharpe γ=0.25,0.0,0.0
2024-08-01,Turnover-Aware Max Sharpe γ=0.25,5.0,3.3306690738754697e-19
2024-08-01,Turnover-Aware Max Sharpe γ=0.25,10.0,6.661338147750939e-19
2024-08-01,Turnover-Aware Max Sharpe γ=0.25,25.0,1.6653345369377347e-18
2024-08-01,Combined Robust Max Sharpe λ=0.50 γ=0.10,0.0,0.0
2024-08-01,Combined Robust Max Sharpe λ=0.50 γ=0.10,5.0,1.422473250300982e-19
2024-08-01,Combined Robust Max Sharpe λ=0.50 γ=0.10,10.0,2.844946500601964e-19
2024-08-01,Combined Robust Max Sharpe λ=0.50 γ=0.10,25.0,7.112366251504911e-19
2024-10-01,Maximum Sharpe,0.0,0.0
2024-10-01,Maximum Sharpe,5.0,7.216449660063515e-19
2024-10-01,Maximum Sharpe,10.0,1.443289932012703e-18
2024-10-01,Maximum Sharpe,25.0,3.608224830031758e-18
2024-10-01,Equal Weight,0.0,0.0
2024-10-01,Equal Weight,5.0,0.0
2024-10-01,Equal Weight,10.0,0.0
2024-10-01,Equal Weight,25.0,0.0
2024-10-01,Minimum Variance,0.0,0.0
2024-10-01,Minimum Variance,5.0,6.4411262975280895e-06
2024-10-01,Minimum Variance,10.0,1.2882252595056179e-05
2024-10-01,Minimum Variance,25.0,3.2205631487640446e-05
2024-10-01,SPY,0.0,0.0
2024-10-01,SPY,5.0,0.0
2024-10-01,SPY,10.0,0.0
2024-10-01,SPY,25.0,0.0
2024-10-01,Shrunk Max Sharpe λ=0.25,0.0,0.0
2024-10-01,Shrunk Max Sharpe λ=0.25,5.0,1.1304013768218779e-05
2024-10-01,Shrunk Max Sharpe λ=0.25,10.0,2.2608027536437558e-05
2024-10-01,Shrunk Max Sharpe λ=0.25,25.0,5.652006884109389e-05
2024-10-01,Shrunk Max Sharpe λ=0.50,0.0,0.0
2024-10-01,Shrunk Max Sharpe λ=0.50,5.0,8.490759949229063e-05
2024-10-01,Shrunk Max Sharpe λ=0.50,10.0,0.00016981519898458125
2024-10-01,Shrunk Max Sharpe λ=0.50,25.0,0.0004245379974614531
2024-10-01,Shrunk Max Sharpe λ=0.75,0.0,0.0
2024-10-01,Shrunk Max Sharpe λ=0.75,5.0,0.0001608803735327193
2024-10-01,Shrunk Max Sharpe λ=0.75,10.0,0.0003217607470654386
2024-10-01,Shrunk Max Sharpe λ=0.75,25.0,0.0008044018676635964
2024-10-01,Turnover-Aware Max Sharpe γ=0.05,0.0,0.0
2024-10-01,Turnover-Aware Max Sharpe γ=0.05,5.0,1.8444681001874253e-18
2024-10-01,Turnover-Aware Max Sharpe γ=0.05,10.0,3.6889362003748506e-18
2024-10-01,Turnover-Aware Max Sharpe γ=0.05,25.0,9.222340500937127e-18
2024-10-01,Turnover-Aware Max Sharpe γ=0.10,0.0,0.0
2024-10-01,Turnover-Aware Max Sharpe γ=0.10,5.0,6.765421556309546e-19
2024-10-01,Turnover-Aware Max Sharpe γ=0.10,10.0,1.3530843112619092e-18
2024-10-01,Turnover-Aware Max Sharpe γ=0.10,25.0,3.382710778154773e-18
2024-10-01,Turnover-Aware Max Sharpe γ=0.25,0.0,0.0
2024-10-01,Turnover-Aware Max Sharpe γ=0.25,5.0,4.198030811863872e-19
2024-10-01,Turnover-Aware Max Sharpe γ=0.25,10.0,8.396061623727744e-19
2024-10-01,Turnover-Aware Max Sharpe γ=0.25,25.0,2.099015405931936e-18
2024-10-01,Combined Robust Max Sharpe λ=0.50 γ=0.10,0.0,0.0
2024-10-01,Combined Robust Max Sharpe λ=0.50 γ=0.10,5.0,1.9081958235744878e-19
2024-10-01,Combined Robust Max Sharpe λ=0.50 γ=0.10,10.0,3.8163916471489756e-19
2024-10-01,Combined Robust Max Sharpe λ=0.50 γ=0.10,25.0,9.54097911787244e-19
2024-11-01,Maximum Sharpe,0.0,0.0
2024-11-01,Maximum Sharpe,5.0,2.2540914164540824e-06
2024-11-01,Maximum Sharpe,10.0,4.508182832908165e-06
2024-11-01,Maximum Sharpe,25.0,1.1270457082270412e-05
2024-11-01,Equal Weight,0.0,0.0
2024-11-01,Equal Weight,5.0,0.0
2024-11-01,Equal Weight,10.0,0.0
2024-11-01,Equal Weight,25.0,0.0
2024-11-01,Minimum Variance,0.0,0.0
2024-11-01,Minimum Variance,5.0,6.283373818875594e-07
2024-11-01,Minimum Variance,10.0,1.2566747637751188e-06
2024-11-01,Minimum Variance,25.0,3.141686909437797e-06
2024-11-01,SPY,0.0,0.0
2024-11-01,SPY,5.0,0.0
2024-11-01,SPY,10.0,0.0
2024-11-01,SPY,25.0,0.0
2024-11-01,Shrunk Max Sharpe λ=0.25,0.0,0.0
2024-11-01,Shrunk Max Sharpe λ=0.25,5.0,2.7685702986118383e-06
2024-11-01,Shrunk Max Sharpe λ=0.25,10.0,5.5371405972236765e-06
2024-11-01,Shrunk Max Sharpe λ=0.25,25.0,1.384285149305919e-05
2024-11-01,Shrunk Max Sharpe λ=0.50,0.0,0.0
2024-11-01,Shrunk Max Sharpe λ=0.50,5.0,4.990048185592913e-05
2024-11-01,Shrunk Max Sharpe λ=0.50,10.0,9.980096371185825e-05
2024-11-01,Shrunk Max Sharpe λ=0.50,25.0,0.0002495024092796456
2024-11-01,Shrunk Max Sharpe λ=0.75,0.0,0.0
2024-11-01,Shrunk Max Sharpe λ=0.75,5.0,0.00012355059995062227
2024-11-01,Shrunk Max Sharpe λ=0.75,10.0,0.00024710119990124454
2024-11-01,Shrunk Max Sharpe λ=0.75,25.0,0.0006177529997531114
2024-11-01,Turnover-Aware Max Sharpe γ=0.05,0.0,0.0
2024-11-01,Turnover-Aware Max Sharpe γ=0.05,5.0,4.0939474033052636e-19
2024-11-01,Turnover-Aware Max Sharpe γ=0.05,10.0,8.187894806610527e-19
2024-11-01,Turnover-Aware Max Sharpe γ=0.05,25.0,2.0469737016526315e-18
2024-11-01,Turnover-Aware Max Sharpe γ=0.10,0.0,0.0
2024-11-01,Turnover-Aware Max Sharpe γ=0.10,5.0,4.371503159461553e-19
2024-11-01,Turnover-Aware Max Sharpe γ=0.10,10.0,8.743006318923106e-19
2024-11-01,Turnover-Aware Max Sharpe γ=0.10,25.0,2.185751579730776e-18
2024-11-01,Turnover-Aware Max Sharpe γ=0.25,0.0,0.0
2024-11-01,Turnover-Aware Max Sharpe γ=0.25,5.0,6.973588373426765e-19
2024-11-01,Turnover-Aware Max Sharpe γ=0.25,10.0,1.394717674685353e-18
2024-11-01,Turnover-Aware Max Sharpe γ=0.25,25.0,3.486794186713383e-18
2024-11-01,Combined Robust Max Sharpe λ=0.50 γ=0.10,0.0,0.0
2024-11-01,Combined Robust Max Sharpe λ=0.50 γ=0.10,5.0,1.3183898417423734e-19
2024-11-01,Combined Robust Max Sharpe λ=0.50 γ=0.10,10.0,2.6367796834847467e-19
2024-11-01,Combined Robust Max Sharpe λ=0.50 γ=0.10,25.0,6.591949208711867e-19
2025-04-01,Maximum Sharpe,0.0,0.0
2025-04-01,Maximum Sharpe,5.0,7.036452477154632e-05
2025-04-01,Maximum Sharpe,10.0,0.00014072904954309264
2025-04-01,Maximum Sharpe,25.0,0.00035182262385773154
2025-04-01,Equal Weight,0.0,0.0
2025-04-01,Equal Weight,5.0,0.0
2025-04-01,Equal Weight,10.0,0.0
2025-04-01,Equal Weight,25.0,0.0
2025-04-01,Minimum Variance,0.0,0.0
2025-04-01,Minimum Variance,5.0,6.2216159367741365e-06
2025-04-01,Minimum Variance,10.0,1.2443231873548273e-05
2025-04-01,Minimum Variance,25.0,3.110807968387068e-05
2025-04-01,SPY,0.0,0.0
2025-04-01,SPY,5.0,0.0
2025-04-01,SPY,10.0,0.0
2025-04-01,SPY,25.0,0.0
2025-04-01,Shrunk Max Sharpe λ=0.25,0.0,0.0
2025-04-01,Shrunk Max Sharpe λ=0.25,5.0,9.763317815426283e-05
2025-04-01,Shrunk Max Sharpe λ=0.25,10.0,0.00019526635630852566
2025-04-01,Shrunk Max Sharpe λ=0.25,25.0,0.0004881658907713141
2025-04-01,Shrunk Max Sharpe λ=0.50,0.0,0.0
2025-04-01,Shrunk Max Sharpe λ=0.50,5.0,0.0001297001473685922
2025-04-01,Shrunk Max Sharpe λ=0.50,10.0,0.0002594002947371844
2025-04-01,Shrunk Max Sharpe λ=0.50,25.0,0.000648500736842961
2025-04-01,Shrunk Max Sharpe λ=0.75,0.0,0.0
2025-04-01,Shrunk Max Sharpe λ=0.75,5.0,0.00014360432637226767
2025-04-01,Shrunk Max Sharpe λ=0.75,10.0,0.00028720865274453535
2025-04-01,Shrunk Max Sharpe λ=0.75,25.0,0.0007180216318613383
2025-04-01,Turnover-Aware Max Sharpe γ=0.05,0.0,0.0
2025-04-01,Turnover-Aware Max Sharpe γ=0.05,5.0,3.5037103303867085e-05
2025-04-01,Turnover-Aware Max Sharpe γ=0.05,10.0,7.007420660773417e-05
2025-04-01,Turnover-Aware Max Sharpe γ=0.05,25.0,0.00017518551651933542
2025-04-01,Turnover-Aware Max Sharpe γ=0.10,0.0,0.0
2025-04-01,Turnover-Aware Max Sharpe γ=0.10,5.0,4.371503159461554e-19
2025-04-01,Turnover-Aware Max Sharpe γ=0.10,10.0,8.743006318923108e-19
2025-04-01,Turnover-Aware Max Sharpe γ=0.10,25.0,2.185751579730777e-18
2025-04-01,Turnover-Aware Max Sharpe γ=0.25,0.0,0.0
2025-04-01,Turnover-Aware Max Sharpe γ=0.25,5.0,3.7123082385903666e-19
2025-04-01,Turnover-Aware Max Sharpe γ=0.25,10.0,7.424616477180733e-19
2025-04-01,Turnover-Aware Max Sharpe γ=0.25,25.0,1.8561541192951833e-18
2025-04-01,Combined Robust Max Sharpe λ=0.50 γ=0.10,0.0,0.0
2025-04-01,Combined Robust Max Sharpe λ=0.50 γ=0.10,5.0,7.891768146075176e-05
2025-04-01,Combined Robust Max Sharpe λ=0.50 γ=0.10,10.0,0.00015783536292150353
2025-04-01,Combined Robust Max Sharpe λ=0.50 γ=0.10,25.0,0.00039458840730375883
2025-05-01,Maximum Sharpe,0.0,0.0
2025-05-01,Maximum Sharpe,5.0,0.0001615847299865076
2025-05-01,Maximum Sharpe,10.0,0.0003231694599730152
2025-05-01,Maximum Sharpe,25.0,0.0008079236499325379
2025-05-01,Equal Weight,0.0,0.0
2025-05-01,Equal Weight,5.0,0.0
2025-05-01,Equal Weight,10.0,0.0
2025-05-01,Equal Weight,25.0,0.0
2025-05-01,Minimum Variance,0.0,0.0
2025-05-01,Minimum Variance,5.0,9.261857436680966e-06
2025-05-01,Minimum Variance,10.0,1.852371487336193e-05
2025-05-01,Minimum Variance,25.0,4.630928718340483e-05
2025-05-01,SPY,0.0,0.0
2025-05-01,SPY,5.0,0.0
2025-05-01,SPY,10.0,0.0
2025-05-01,SPY,25.0,0.0
2025-05-01,Shrunk Max Sharpe λ=0.25,0.0,0.0
2025-05-01,Shrunk Max Sharpe λ=0.25,5.0,0.00010765173938234821
2025-05-01,Shrunk Max Sharpe λ=0.25,10.0,0.00021530347876469642
2025-05-01,Shrunk Max Sharpe λ=0.25,25.0,0.000538258696911741
2025-05-01,Shrunk Max Sharpe λ=0.50,0.0,0.0
2025-05-01,Shrunk Max Sharpe λ=0.50,5.0,7.150881194338385e-05
2025-05-01,Shrunk Max Sharpe λ=0.50,10.0,0.0001430176238867677
2025-05-01,Shrunk Max Sharpe λ=0.50,25.0,0.00035754405971691924
2025-05-01,Shrunk Max Sharpe λ=0.75,0.0,0.0
2025-05-01,Shrunk Max Sharpe λ=0.75,5.0,5.443165621418541e-05
2025-05-01,Shrunk Max Sharpe λ=0.75,10.0,0.00010886331242837082
2025-05-01,Shrunk Max Sharpe λ=0.75,25.0,0.00027215828107092705
2025-05-01,Turnover-Aware Max Sharpe γ=0.05,0.0,0.0
2025-05-01,Turnover-Aware Max Sharpe γ=0.05,5.0,6.473772649362608e-05
2025-05-01,Turnover-Aware Max Sharpe γ=0.05,10.0,0.00012947545298725216
2025-05-01,Turnover-Aware Max Sharpe γ=0.05,25.0,0.0003236886324681304
2025-05-01,Turnover-Aware Max Sharpe γ=0.10,0.0,0.0
2025-05-01,Turnover-Aware Max Sharpe γ=0.10,5.0,3.6761020906783584e-05
2025-05-01,Turnover-Aware Max Sharpe γ=0.10,10.0,7.352204181356717e-05
2025-05-01,Turnover-Aware Max Sharpe γ=0.10,25.0,0.00018380510453391792
2025-05-01,Turnover-Aware Max Sharpe γ=0.25,0.0,0.0
2025-05-01,Turnover-Aware Max Sharpe γ=0.25,5.0,4.40619762898109e-19
2025-05-01,Turnover-Aware Max Sharpe γ=0.25,10.0,8.81239525796218e-19
2025-05-01,Turnover-Aware Max Sharpe γ=0.25,25.0,2.203098814490545e-18
2025-05-01,Combined Robust Max Sharpe λ=0.50 γ=0.10,0.0,0.0
2025-05-01,Combined Robust Max Sharpe λ=0.50 γ=0.10,5.0,7.770696278481748e-05
2025-05-01,Combined Robust Max Sharpe λ=0.50 γ=0.10,10.0,0.00015541392556963496
2025-05-01,Combined Robust Max Sharpe λ=0.50 γ=0.10,25.0,0.0003885348139240874
2025-07-01,Maximum Sharpe,0.0,0.0
2025-07-01,Maximum Sharpe,5.0,8.851668593233427e-05
2025-07-01,Maximum Sharpe,10.0,0.00017703337186466853
2025-07-01,Maximum Sharpe,25.0,0.00044258342966167134
2025-07-01,Equal Weight,0.0,0.0
2025-07-01,Equal Weight,5.0,0.0
2025-07-01,Equal Weight,10.0,0.0
2025-07-01,Equal Weight,25.0,0.0
2025-07-01,Minimum Variance,0.0,0.0
2025-07-01,Minimum Variance,5.0,1.4041700345804223e-05
2025-07-01,Minimum Variance,10.0,2.8083400691608445e-05
2025-07-01,Minimum Variance,25.0,7.020850172902111e-05
2025-07-01,SPY,0.0,0.0
2025-07-01,SPY,5.0,0.0
2025-07-01,SPY,10.0,0.0
2025-07-01,SPY,25.0,0.0
2025-07-01,Shrunk Max Sharpe λ=0.25,0.0,0.0
2025-07-01,Shrunk Max Sharpe λ=0.25,5.0,4.9436588915610504e-05
2025-07-01,Shrunk Max Sharpe λ=0.25,10.0,9.887317783122101e-05
2025-07-01,Shrunk Max Sharpe λ=0.25,25.0,0.00024718294457805253
2025-07-01,Shrunk Max Sharpe λ=0.50,0.0,0.0
2025-07-01,Shrunk Max Sharpe λ=0.50,5.0,1.472927783536236e-05
2025-07-01,Shrunk Max Sharpe λ=0.50,10.0,2.945855567072472e-05
2025-07-01,Shrunk Max Sharpe λ=0.50,25.0,7.36463891768118e-05
2025-07-01,Shrunk Max Sharpe λ=0.75,0.0,0.0
2025-07-01,Shrunk Max Sharpe λ=0.75,5.0,9.731670261248603e-06
2025-07-01,Shrunk Max Sharpe λ=0.75,10.0,1.9463340522497207e-05
2025-07-01,Shrunk Max Sharpe λ=0.75,25.0,4.865835130624302e-05
2025-07-01,Turnover-Aware Max Sharpe γ=0.05,0.0,0.0
2025-07-01,Turnover-Aware Max Sharpe γ=0.05,5.0,3.503710330386535e-05
2025-07-01,Turnover-Aware Max Sharpe γ=0.05,10.0,7.00742066077307e-05
2025-07-01,Turnover-Aware Max Sharpe γ=0.05,25.0,0.00017518551651932675
2025-07-01,Turnover-Aware Max Sharpe γ=0.10,0.0,0.0
2025-07-01,Turnover-Aware Max Sharpe γ=0.10,5.0,7.395069496915248e-19
2025-07-01,Turnover-Aware Max Sharpe γ=0.10,10.0,1.4790138993830496e-18
2025-07-01,Turnover-Aware Max Sharpe γ=0.10,25.0,3.697534748457624e-18
2025-07-01,Turnover-Aware Max Sharpe γ=0.25,0.0,0.0
2025-07-01,Turnover-Aware Max Sharpe γ=0.25,5.0,5.724587470723464e-19
2025-07-01,Turnover-Aware Max Sharpe γ=0.25,10.0,1.1449174941446927e-18
2025-07-01,Turnover-Aware Max Sharpe γ=0.25,25.0,2.862293735361732e-18
2025-07-01,Combined Robust Max Sharpe λ=0.50 γ=0.10,0.0,0.0
2025-07-01,Combined Robust Max Sharpe λ=0.50 γ=0.10,5.0,1.273831504796311e-05
2025-07-01,Combined Robust Max Sharpe λ=0.50 γ=0.10,10.0,2.547663009592622e-05
2025-07-01,Combined Robust Max Sharpe λ=0.50 γ=0.10,25.0,6.369157523981555e-05
2025-08-01,Maximum Sharpe,0.0,0.0
2025-08-01,Maximum Sharpe,5.0,1.605245741918747e-05
2025-08-01,Maximum Sharpe,10.0,3.210491483837494e-05
2025-08-01,Maximum Sharpe,25.0,8.026228709593734e-05
2025-08-01,Equal Weight,0.0,0.0
2025-08-01,Equal Weight,5.0,0.0
2025-08-01,Equal Weight,10.0,0.0
2025-08-01,Equal Weight,25.0,0.0
2025-08-01,Minimum Variance,0.0,0.0
2025-08-01,Minimum Variance,5.0,3.4454058373884607e-06
2025-08-01,Minimum Variance,10.0,6.8908116747769214e-06
2025-08-01,Minimum Variance,25.0,1.7227029186942305e-05
2025-08-01,SPY,0.0,0.0
2025-08-01,SPY,5.0,0.0
2025-08-01,SPY,10.0,0.0
2025-08-01,SPY,25.0,0.0
2025-08-01,Shrunk Max Sharpe λ=0.25,0.0,0.0
2025-08-01,Shrunk Max Sharpe λ=0.25,5.0,1.050151566017572e-05
2025-08-01,Shrunk Max Sharpe λ=0.25,10.0,2.100303132035144e-05
2025-08-01,Shrunk Max Sharpe λ=0.25,25.0,5.25075783008786e-05
2025-08-01,Shrunk Max Sharpe λ=0.50,0.0,0.0
2025-08-01,Shrunk Max Sharpe λ=0.50,5.0,9.548255749996548e-06
2025-08-01,Shrunk Max Sharpe λ=0.50,10.0,1.9096511499993096e-05
2025-08-01,Shrunk Max Sharpe λ=0.50,25.0,4.774127874998274e-05
2025-08-01,Shrunk Max Sharpe λ=0.75,0.0,0.0
2025-08-01,Shrunk Max Sharpe λ=0.75,5.0,1.946218521568107e-05
2025-08-01,Shrunk Max Sharpe λ=0.75,10.0,3.892437043136214e-05
2025-08-01,Shrunk Max Sharpe λ=0.75,25.0,9.731092607840536e-05
2025-08-01,Turnover-Aware Max Sharpe γ=0.05,0.0,0.0
2025-08-01,Turnover-Aware Max Sharpe γ=0.05,5.0,2.8060997663745063e-05
2025-08-01,Turnover-Aware Max Sharpe γ=0.05,10.0,5.6121995327490126e-05
2025-08-01,Turnover-Aware Max Sharpe γ=0.05,25.0,0.0001403049883187253
2025-08-01,Turnover-Aware Max Sharpe γ=0.10,0.0,0.0
2025-08-01,Turnover-Aware Max Sharpe γ=0.10,5.0,5.056308479540193e-18
2025-08-01,Turnover-Aware Max Sharpe γ=0.10,10.0,1.0112616959080386e-17
2025-08-01,Turnover-Aware Max Sharpe γ=0.10,25.0,2.5281542397700968e-17
2025-08-01,Turnover-Aware Max Sharpe γ=0.25,0.0,0.0
2025-08-01,Turnover-Aware Max Sharpe γ=0.25,5.0,4.683753385137379e-19
2025-08-01,Turnover-Aware Max Sharpe γ=0.25,10.0,9.367506770274759e-19
2025-08-01,Turnover-Aware Max Sharpe γ=0.25,25.0,2.3418766925686897e-18
2025-08-01,Combined Robust Max Sharpe λ=0.50 γ=0.10,0.0,0.0
2025-08-01,Combined Robust Max Sharpe λ=0.50 γ=0.10,5.0,3.4549048135011137e-06
2025-08-01,Combined Robust Max Sharpe λ=0.50 γ=0.10,10.0,6.9098096270022275e-06
2025-08-01,Combined Robust Max Sharpe λ=0.50 γ=0.10,25.0,1.727452406750557e-05
2025-10-01,Maximum Sharpe,0.0,0.0
2025-10-01,Maximum Sharpe,5.0,9.317383353829573e-05
2025-10-01,Maximum Sharpe,10.0,0.00018634766707659146
2025-10-01,Maximum Sharpe,25.0,0.00046586916769147864
2025-10-01,Equal Weight,0.0,0.0
2025-10-01,Equal Weight,5.0,0.0
2025-10-01,Equal Weight,10.0,0.0
2025-10-01,Equal Weight,25.0,0.0
2025-10-01,Minimum Variance,0.0,0.0
2025-10-01,Minimum Variance,5.0,1.1843541780534559e-05
2025-10-01,Minimum Variance,10.0,2.3687083561069118e-05
2025-10-01,Minimum Variance,25.0,5.921770890267279e-05
2025-10-01,SPY,0.0,0.0
2025-10-01,SPY,5.0,0.0
2025-10-01,SPY,10.0,0.0
2025-10-01,SPY,25.0,0.0
2025-10-01,Shrunk Max Sharpe λ=0.25,0.0,0.0
2025-10-01,Shrunk Max Sharpe λ=0.25,5.0,6.693088544583236e-05
2025-10-01,Shrunk Max Sharpe λ=0.25,10.0,0.00013386177089166472
2025-10-01,Shrunk Max Sharpe λ=0.25,25.0,0.00033465442722916186
2025-10-01,Shrunk Max Sharpe λ=0.50,0.0,0.0
2025-10-01,Shrunk Max Sharpe λ=0.50,5.0,3.7291627416859866e-05
2025-10-01,Shrunk Max Sharpe λ=0.50,10.0,7.458325483371973e-05
2025-10-01,Shrunk Max Sharpe λ=0.50,25.0,0.00018645813708429934
2025-10-01,Shrunk Max Sharpe λ=0.75,0.0,0.0
2025-10-01,Shrunk Max Sharpe λ=0.75,5.0,6.145083175581283e-05
2025-10-01,Shrunk Max Sharpe λ=0.75,10.0,0.00012290166351162566
2025-10-01,Shrunk Max Sharpe λ=0.75,25.0,0.00030725415877906414
2025-10-01,Turnover-Aware Max Sharpe γ=0.05,0.0,0.0
2025-10-01,Turnover-Aware Max Sharpe γ=0.05,5.0,7.3559927788042e-05
2025-10-01,Turnover-Aware Max Sharpe γ=0.05,10.0,0.000147119855576084
2025-10-01,Turnover-Aware Max Sharpe γ=0.05,25.0,0.00036779963894020996
2025-10-01,Turnover-Aware Max Sharpe γ=0.10,0.0,0.0
2025-10-01,Turnover-Aware Max Sharpe γ=0.10,5.0,5.7020394702998685e-05
2025-10-01,Turnover-Aware Max Sharpe γ=0.10,10.0,0.00011404078940599737
2025-10-01,Turnover-Aware Max Sharpe γ=0.10,25.0,0.0002851019735149934
2025-10-01,Turnover-Aware Max Sharpe γ=0.25,0.0,0.0
2025-10-01,Turnover-Aware Max Sharpe γ=0.25,5.0,6.504507697018984e-05
2025-10-01,Turnover-Aware Max Sharpe γ=0.25,10.0,0.00013009015394037967
2025-10-01,Turnover-Aware Max Sharpe γ=0.25,25.0,0.0003252253848509492
2025-10-01,Combined Robust Max Sharpe λ=0.50 γ=0.10,0.0,0.0
2025-10-01,Combined Robust Max Sharpe λ=0.50 γ=0.10,5.0,3.111524125017737e-05
2025-10-01,Combined Robust Max Sharpe λ=0.50 γ=0.10,10.0,6.223048250035474e-05
2025-10-01,Combined Robust Max Sharpe λ=0.50 γ=0.10,25.0,0.00015557620625088683
2025-12-01,Maximum Sharpe,0.0,0.0
2025-12-01,Maximum Sharpe,5.0,0.00013908839042787514
2025-12-01,Maximum Sharpe,10.0,0.0002781767808557503
2025-12-01,Maximum Sharpe,25.0,0.0006954419521393757
2025-12-01,Equal Weight,0.0,0.0
2025-12-01,Equal Weight,5.0,0.0
2025-12-01,Equal Weight,10.0,0.0
2025-12-01,Equal Weight,25.0,0.0
2025-12-01,Minimum Variance,0.0,0.0
2025-12-01,Minimum Variance,5.0,2.0709951348744267e-05
2025-12-01,Minimum Variance,10.0,4.1419902697488533e-05
2025-12-01,Minimum Variance,25.0,0.00010354975674372134
2025-12-01,SPY,0.0,0.0
2025-12-01,SPY,5.0,0.0
2025-12-01,SPY,10.0,0.0
2025-12-01,SPY,25.0,0.0
2025-12-01,Shrunk Max Sharpe λ=0.25,0.0,0.0
2025-12-01,Shrunk Max Sharpe λ=0.25,5.0,8.816830101100991e-05
2025-12-01,Shrunk Max Sharpe λ=0.25,10.0,0.00017633660202201983
2025-12-01,Shrunk Max Sharpe λ=0.25,25.0,0.0004408415050550495
2025-12-01,Shrunk Max Sharpe λ=0.50,0.0,0.0
2025-12-01,Shrunk Max Sharpe λ=0.50,5.0,2.1761670099106673e-05
2025-12-01,Shrunk Max Sharpe λ=0.50,10.0,4.3523340198213346e-05
2025-12-01,Shrunk Max Sharpe λ=0.50,25.0,0.00010880835049553336
2025-12-01,Shrunk Max Sharpe λ=0.75,0.0,0.0
2025-12-01,Shrunk Max Sharpe λ=0.75,5.0,9.499652260175763e-06
2025-12-01,Shrunk Max Sharpe λ=0.75,10.0,1.8999304520351527e-05
2025-12-01,Shrunk Max Sharpe λ=0.75,25.0,4.749826130087882e-05
2025-12-01,Turnover-Aware Max Sharpe γ=0.05,0.0,0.0
2025-12-01,Turnover-Aware Max Sharpe γ=0.05,5.0,0.00010818624855492207
2025-12-01,Turnover-Aware Max Sharpe γ=0.05,10.0,0.00021637249710984414
2025-12-01,Turnover-Aware Max Sharpe γ=0.05,25.0,0.0005409312427746103
2025-12-01,Turnover-Aware Max Sharpe γ=0.10,0.0,0.0
2025-12-01,Turnover-Aware Max Sharpe γ=0.10,5.0,7.651643413168025e-05
2025-12-01,Turnover-Aware Max Sharpe γ=0.10,10.0,0.0001530328682633605
2025-12-01,Turnover-Aware Max Sharpe γ=0.10,25.0,0.0003825821706584013
2025-12-01,Turnover-Aware Max Sharpe γ=0.25,0.0,0.0
2025-12-01,Turnover-Aware Max Sharpe γ=0.25,5.0,5.3343918685260956e-05
2025-12-01,Turnover-Aware Max Sharpe γ=0.25,10.0,0.00010668783737052191
2025-12-01,Turnover-Aware Max Sharpe γ=0.25,25.0,0.0002667195934263048
2025-12-01,Combined Robust Max Sharpe λ=0.50 γ=0.10,0.0,0.0
2025-12-01,Combined Robust Max Sharpe λ=0.50 γ=0.10,5.0,1.2977900004651489e-18
2025-12-01,Combined Robust Max Sharpe λ=0.50 γ=0.10,10.0,2.5955800009302978e-18
2025-12-01,Combined Robust Max Sharpe λ=0.50 γ=0.10,25.0,6.488950002325744e-18
2026-04-01,Maximum Sharpe,0.0,0.0
2026-04-01,Maximum Sharpe,5.0,0.00010379884076844953
2026-04-01,Maximum Sharpe,10.0,0.00020759768153689906
2026-04-01,Maximum Sharpe,25.0,0.0005189942038422476
2026-04-01,Equal Weight,0.0,0.0
2026-04-01,Equal Weight,5.0,0.0
2026-04-01,Equal Weight,10.0,0.0
2026-04-01,Equal Weight,25.0,0.0
2026-04-01,Minimum Variance,0.0,0.0
2026-04-01,Minimum Variance,5.0,3.3164417654551524e-05
2026-04-01,Minimum Variance,10.0,6.632883530910305e-05
2026-04-01,Minimum Variance,25.0,0.00016582208827275763
2026-04-01,SPY,0.0,0.0
2026-04-01,SPY,5.0,0.0
2026-04-01,SPY,10.0,0.0
2026-04-01,SPY,25.0,0.0
2026-04-01,Shrunk Max Sharpe λ=0.25,0.0,0.0
2026-04-01,Shrunk Max Sharpe λ=0.25,5.0,8.157502989238108e-05
2026-04-01,Shrunk Max Sharpe λ=0.25,10.0,0.00016315005978476216
2026-04-01,Shrunk Max Sharpe λ=0.25,25.0,0.0004078751494619054
2026-04-01,Shrunk Max Sharpe λ=0.50,0.0,0.0
2026-04-01,Shrunk Max Sharpe λ=0.50,5.0,4.748924940082921e-05
2026-04-01,Shrunk Max Sharpe λ=0.50,10.0,9.497849880165842e-05
2026-04-01,Shrunk Max Sharpe λ=0.50,25.0,0.00023744624700414605
2026-04-01,Shrunk Max Sharpe λ=0.75,0.0,0.0
2026-04-01,Shrunk Max Sharpe λ=0.75,5.0,2.1599769738678176e-05
2026-04-01,Shrunk Max Sharpe λ=0.75,10.0,4.319953947735635e-05
2026-04-01,Shrunk Max Sharpe λ=0.75,25.0,0.00010799884869339088
2026-04-01,Turnover-Aware Max Sharpe γ=0.05,0.0,0.0
2026-04-01,Turnover-Aware Max Sharpe γ=0.05,5.0,9.12282869631054e-05
2026-04-01,Turnover-Aware Max Sharpe γ=0.05,10.0,0.0001824565739262108
2026-04-01,Turnover-Aware Max Sharpe γ=0.05,25.0,0.00045614143481552703
2026-04-01,Turnover-Aware Max Sharpe γ=0.10,0.0,0.0
2026-04-01,Turnover-Aware Max Sharpe γ=0.10,5.0,3.0683744807325127e-06
2026-04-01,Turnover-Aware Max Sharpe γ=0.10,10.0,6.136748961465025e-06
2026-04-01,Turnover-Aware Max Sharpe γ=0.10,25.0,1.5341872403662563e-05
2026-04-01,Turnover-Aware Max Sharpe γ=0.25,0.0,0.0
2026-04-01,Turnover-Aware Max Sharpe γ=0.25,5.0,1.775738900437797e-18
2026-04-01,Turnover-Aware Max Sharpe γ=0.25,10.0,3.551477800875594e-18
2026-04-01,Turnover-Aware Max Sharpe γ=0.25,25.0,8.878694502188985e-18
2026-04-01,Combined Robust Max Sharpe λ=0.50 γ=0.10,0.0,0.0
2026-04-01,Combined Robust Max Sharpe λ=0.50 γ=0.10,5.0,1.605418792050394e-05
2026-04-01,Combined Robust Max Sharpe λ=0.50 γ=0.10,10.0,3.210837584100788e-05
2026-04-01,Combined Robust Max Sharpe λ=0.50 γ=0.10,25.0,8.027093960251969e-05
2026-05-01,Maximum Sharpe,0.0,0.0
2026-05-01,Maximum Sharpe,5.0,4.6869585864993e-05
2026-05-01,Maximum Sharpe,10.0,9.3739171729986e-05
2026-05-01,Maximum Sharpe,25.0,0.000234347929324965
2026-05-01,Equal Weight,0.0,0.0
2026-05-01,Equal Weight,5.0,0.0
2026-05-01,Equal Weight,10.0,0.0
2026-05-01,Equal Weight,25.0,0.0
2026-05-01,Minimum Variance,0.0,0.0
2026-05-01,Minimum Variance,5.0,4.1413152453202375e-06
2026-05-01,Minimum Variance,10.0,8.282630490640475e-06
2026-05-01,Minimum Variance,25.0,2.070657622660119e-05
2026-05-01,SPY,0.0,0.0
2026-05-01,SPY,5.0,0.0
2026-05-01,SPY,10.0,0.0
2026-05-01,SPY,25.0,0.0
2026-05-01,Shrunk Max Sharpe λ=0.25,0.0,0.0
2026-05-01,Shrunk Max Sharpe λ=0.25,5.0,2.1065550138755706e-05
2026-05-01,Shrunk Max Sharpe λ=0.25,10.0,4.213110027751141e-05
2026-05-01,Shrunk Max Sharpe λ=0.25,25.0,0.00010532775069377853
2026-05-01,Shrunk Max Sharpe λ=0.50,0.0,0.0
2026-05-01,Shrunk Max Sharpe λ=0.50,5.0,1.671535362870267e-05
2026-05-01,Shrunk Max Sharpe λ=0.50,10.0,3.343070725740534e-05
2026-05-01,Shrunk Max Sharpe λ=0.50,25.0,8.357676814351334e-05
2026-05-01,Shrunk Max Sharpe λ=0.75,0.0,0.0
2026-05-01,Shrunk Max Sharpe λ=0.75,5.0,5.926056274284207e-06
2026-05-01,Shrunk Max Sharpe λ=0.75,10.0,1.1852112548568414e-05
2026-05-01,Shrunk Max Sharpe λ=0.75,25.0,2.9630281371421038e-05
2026-05-01,Turnover-Aware Max Sharpe γ=0.05,0.0,0.0
2026-05-01,Turnover-Aware Max Sharpe γ=0.05,5.0,3.8381524534790735e-05
2026-05-01,Turnover-Aware Max Sharpe γ=0.05,10.0,7.676304906958147e-05
2026-05-01,Turnover-Aware Max Sharpe γ=0.05,25.0,0.00019190762267395366
2026-05-01,Turnover-Aware Max Sharpe γ=0.10,0.0,0.0
2026-05-01,Turnover-Aware Max Sharpe γ=0.10,5.0,2.9361405335188125e-05
2026-05-01,Turnover-Aware Max Sharpe γ=0.10,10.0,5.872281067037625e-05
2026-05-01,Turnover-Aware Max Sharpe γ=0.10,25.0,0.0001468070266759406
2026-05-01,Turnover-Aware Max Sharpe γ=0.25,0.0,0.0
2026-05-01,Turnover-Aware Max Sharpe γ=0.25,5.0,4.432731307940272e-19
2026-05-01,Turnover-Aware Max Sharpe γ=0.25,10.0,8.865462615880543e-19
2026-05-01,Turnover-Aware Max Sharpe γ=0.25,25.0,2.216365653970136e-18
2026-05-01,Combined Robust Max Sharpe λ=0.50 γ=0.10,0.0,0.0
2026-05-01,Combined Robust Max Sharpe λ=0.50 γ=0.10,5.0,1.9187182259342138e-05
2026-05-01,Combined Robust Max Sharpe λ=0.50 γ=0.10,10.0,3.8374364518684276e-05
2026-05-01,Combined Robust Max Sharpe λ=0.50 γ=0.10,25.0,9.59359112967107e-05
2026-06-01,Maximum Sharpe,0.0,0.0
2026-06-01,Maximum Sharpe,5.0,2.2100340694236818e-05
2026-06-01,Maximum Sharpe,10.0,4.4200681388473636e-05
2026-06-01,Maximum Sharpe,25.0,0.00011050170347118409
2026-06-01,Equal Weight,0.0,0.0
2026-06-01,Equal Weight,5.0,0.0
2026-06-01,Equal Weight,10.0,0.0
2026-06-01,Equal Weight,25.0,0.0
2026-06-01,Minimum Variance,0.0,0.0
2026-06-01,Minimum Variance,5.0,5.026262378516537e-06
2026-06-01,Minimum Variance,10.0,1.0052524757033074e-05
2026-06-01,Minimum Variance,25.0,2.5131311892582684e-05
2026-06-01,SPY,0.0,0.0
2026-06-01,SPY,5.0,0.0
2026-06-01,SPY,10.0,0.0
2026-06-01,SPY,25.0,0.0
2026-06-01,Shrunk Max Sharpe λ=0.25,0.0,0.0
2026-06-01,Shrunk Max Sharpe λ=0.25,5.0,4.362500804840658e-06
2026-06-01,Shrunk Max Sharpe λ=0.25,10.0,8.725001609681317e-06
2026-06-01,Shrunk Max Sharpe λ=0.25,25.0,2.1812504024203295e-05
2026-06-01,Shrunk Max Sharpe λ=0.50,0.0,0.0
2026-06-01,Shrunk Max Sharpe λ=0.50,5.0,2.5330080666244656e-05
2026-06-01,Shrunk Max Sharpe λ=0.50,10.0,5.066016133248931e-05
2026-06-01,Shrunk Max Sharpe λ=0.50,25.0,0.00012665040333122328
2026-06-01,Shrunk Max Sharpe λ=0.75,0.0,0.0
2026-06-01,Shrunk Max Sharpe λ=0.75,5.0,2.9481530548259572e-06
2026-06-01,Shrunk Max Sharpe λ=0.75,10.0,5.8963061096519145e-06
2026-06-01,Shrunk Max Sharpe λ=0.75,25.0,1.4740765274129788e-05
2026-06-01,Turnover-Aware Max Sharpe γ=0.05,0.0,0.0
2026-06-01,Turnover-Aware Max Sharpe γ=0.05,5.0,9.378036008303795e-06
2026-06-01,Turnover-Aware Max Sharpe γ=0.05,10.0,1.875607201660759e-05
2026-06-01,Turnover-Aware Max Sharpe γ=0.05,25.0,4.689018004151897e-05
2026-06-01,Turnover-Aware Max Sharpe γ=0.10,0.0,0.0
2026-06-01,Turnover-Aware Max Sharpe γ=0.10,5.0,1.546520415411819e-05
2026-06-01,Turnover-Aware Max Sharpe γ=0.10,10.0,3.093040830823638e-05
2026-06-01,Turnover-Aware Max Sharpe γ=0.10,25.0,7.732602077059095e-05
2026-06-01,Turnover-Aware Max Sharpe γ=0.25,0.0,0.0
2026-06-01,Turnover-Aware Max Sharpe γ=0.25,5.0,1.9749624172817869e-19
2026-06-01,Turnover-Aware Max Sharpe γ=0.25,10.0,3.9499248345635737e-19
2026-06-01,Turnover-Aware Max Sharpe γ=0.25,25.0,9.874812086408935e-19
2026-06-01,Combined Robust Max Sharpe λ=0.50 γ=0.10,0.0,0.0
2026-06-01,Combined Robust Max Sharpe λ=0.50 γ=0.10,5.0,1.6097334400316714e-05
2026-06-01,Combined Robust Max Sharpe λ=0.50 γ=0.10,10.0,3.219466880063343e-05
2026-06-01,Combined Robust Max Sharpe λ=0.50 γ=0.10,25.0,8.048667200158357e-05
2026-07-01,Maximum Sharpe,0.0,0.0
2026-07-01,Maximum Sharpe,5.0,8.935399691311042e-06
2026-07-01,Maximum Sharpe,10.0,1.7870799382622084e-05
2026-07-01,Maximum Sharpe,25.0,4.467699845655521e-05
2026-07-01,Equal Weight,0.0,0.0
2026-07-01,Equal Weight,5.0,0.0
2026-07-01,Equal Weight,10.0,0.0
2026-07-01,Equal Weight,25.0,0.0
2026-07-01,Minimum Variance,0.0,0.0
2026-07-01,Minimum Variance,5.0,8.101209912097557e-06
2026-07-01,Minimum Variance,10.0,1.6202419824195114e-05
2026-07-01,Minimum Variance,25.0,4.050604956048779e-05
2026-07-01,SPY,0.0,0.0
2026-07-01,SPY,5.0,0.0
2026-07-01,SPY,10.0,0.0
2026-07-01,SPY,25.0,0.0
2026-07-01,Shrunk Max Sharpe λ=0.25,0.0,0.0
2026-07-01,Shrunk Max Sharpe λ=0.25,5.0,1.3972642800698741e-05
2026-07-01,Shrunk Max Sharpe λ=0.25,10.0,2.7945285601397483e-05
2026-07-01,Shrunk Max Sharpe λ=0.25,25.0,6.986321400349371e-05
2026-07-01,Shrunk Max Sharpe λ=0.50,0.0,0.0
2026-07-01,Shrunk Max Sharpe λ=0.50,5.0,2.237340132615336e-05
2026-07-01,Shrunk Max Sharpe λ=0.50,10.0,4.474680265230672e-05
2026-07-01,Shrunk Max Sharpe λ=0.50,25.0,0.00011186700663076681
2026-07-01,Shrunk Max Sharpe λ=0.75,0.0,0.0
2026-07-01,Shrunk Max Sharpe λ=0.75,5.0,2.280893904055003e-06
2026-07-01,Shrunk Max Sharpe λ=0.75,10.0,4.561787808110006e-06
2026-07-01,Shrunk Max Sharpe λ=0.75,25.0,1.1404469520275013e-05
2026-07-01,Turnover-Aware Max Sharpe γ=0.05,0.0,0.0
2026-07-01,Turnover-Aware Max Sharpe γ=0.05,5.0,1.9335536146432781e-19
2026-07-01,Turnover-Aware Max Sharpe γ=0.05,10.0,3.8671072292865563e-19
2026-07-01,Turnover-Aware Max Sharpe γ=0.05,25.0,9.66776807321639e-19
2026-07-01,Turnover-Aware Max Sharpe γ=0.10,0.0,0.0
2026-07-01,Turnover-Aware Max Sharpe γ=0.10,5.0,2.818892738164315e-19
2026-07-01,Turnover-Aware Max Sharpe γ=0.10,10.0,5.63778547632863e-19
2026-07-01,Turnover-Aware Max Sharpe γ=0.10,25.0,1.4094463690821574e-18
2026-07-01,Turnover-Aware Max Sharpe γ=0.25,0.0,0.0
2026-07-01,Turnover-Aware Max Sharpe γ=0.25,5.0,3.1228183525202673e-19
2026-07-01,Turnover-Aware Max Sharpe γ=0.25,10.0,6.245636705040535e-19
2026-07-01,Turnover-Aware Max Sharpe γ=0.25,25.0,1.5614091762601337e-18
2026-07-01,Combined Robust Max Sharpe λ=0.50 γ=0.10,0.0,0.0
2026-07-01,Combined Robust Max Sharpe λ=0.50 γ=0.10,5.0,2.02378554936845e-05
2026-07-01,Combined Robust Max Sharpe λ=0.50 γ=0.10,10.0,4.0475710987369e-05
2026-07-01,Combined Robust Max Sharpe λ=0.50 γ=0.10,25.0,0.00010118927746842249
