date,strategy,rolling_12m_return,rolling_12m_volatility,rolling_12m_sharpe
2018-02-01,SPY,,,
2018-02-02,SPY,,,
2018-02-05,SPY,,,
2018-02-06,SPY,,,
2018-02-07,SPY,,,
2018-02-08,SPY,,,
2018-02-09,SPY,,,
2018-02-12,SPY,,,
2018-02-13,SPY,,,
2018-02-14,SPY,,,
2018-02-15,SPY,,,
2018-02-16,SPY,,,
2018-02-20,SPY,,,
2018-02-21,SPY,,,
2018-02-22,SPY,,,
2018-02-23,SPY,,,
2018-02-26,SPY,,,
2018-02-27,SPY,,,
2018-02-28,SPY,,,
2018-03-01,SPY,,,
2018-03-02,SPY,,,
2018-03-05,SPY,,,
2018-03-06,SPY,,,
2018-03-07,SPY,,,
2018-03-08,SPY,,,
2018-03-09,SPY,,,
2018-03-12,SPY,,,
2018-03-13,SPY,,,
2018-03-14,SPY,,,
2018-03-15,SPY,,,
2018-03-16,SPY,,,
2018-03-19,SPY,,,
2018-03-20,SPY,,,
2018-03-21,SPY,,,
2018-03-22,SPY,,,
2018-03-23,SPY,,,
2018-03-26,SPY,,,
2018-03-27,SPY,,,
2018-03-28,SPY,,,
2018-03-29,SPY,,,
2018-04-02,SPY,,,
2018-04-03,SPY,,,
2018-04-04,SPY,,,
2018-04-05,SPY,,,
2018-04-06,SPY,,,
2018-04-09,SPY,,,
2018-04-10,SPY,,,
2018-04-11,SPY,,,
2018-04-12,SPY,,,
2018-04-13,SPY,,,
2018-04-16,SPY,,,
2018-04-17,SPY,,,
2018-04-18,SPY,,,
2018-04-19,SPY,,,
2018-04-20,SPY,,,
2018-04-23,SPY,,,
2018-04-24,SPY,,,
2018-04-25,SPY,,,
2018-04-26,SPY,,,
2018-04-27,SPY,,,
2018-04-30,SPY,,,
2018-05-01,SPY,,,
2018-05-02,SPY,,,
2018-05-03,SPY,,,
2018-05-04,SPY,,,
2018-05-07,SPY,,,
2018-05-08,SPY,,,
2018-05-09,SPY,,,
2018-05-10,SPY,,,
2018-05-11,SPY,,,
2018-05-14,SPY,,,
2018-05-15,SPY,,,
2018-05-16,SPY,,,
2018-05-17,SPY,,,
2018-05-18,SPY,,,
2018-05-21,SPY,,,
2018-05-22,SPY,,,
2018-05-23,SPY,,,
2018-05-24,SPY,,,
2018-05-25,SPY,,,
2018-05-29,SPY,,,
2018-05-30,SPY,,,
2018-05-31,SPY,,,
2018-06-01,SPY,,,
2018-06-04,SPY,,,
2018-06-05,SPY,,,
2018-06-06,SPY,,,
2018-06-07,SPY,,,
2018-06-08,SPY,,,
2018-06-11,SPY,,,
2018-06-12,SPY,,,
2018-06-13,SPY,,,
2018-06-14,SPY,,,
2018-06-15,SPY,,,
2018-06-18,SPY,,,
2018-06-19,SPY,,,
2018-06-20,SPY,,,
2018-06-21,SPY,,,
2018-06-22,SPY,,,
2018-06-25,SPY,,,
2018-06-26,SPY,,,
2018-06-27,SPY,,,
2018-06-28,SPY,,,
2018-06-29,SPY,,,
2018-07-02,SPY,,,
2018-07-03,SPY,,,
2018-07-05,SPY,,,
2018-07-06,SPY,,,
2018-07-09,SPY,,,
2018-07-10,SPY,,,
2018-07-11,SPY,,,
2018-07-12,SPY,,,
2018-07-13,SPY,,,
2018-07-16,SPY,,,
2018-07-17,SPY,,,
2018-07-18,SPY,,,
2018-07-19,SPY,,,
2018-07-20,SPY,,,
2018-07-23,SPY,,,
2018-07-24,SPY,,,
2018-07-25,SPY,,,
2018-07-26,SPY,,,
2018-07-27,SPY,,,
2018-07-30,SPY,,,
2018-07-31,SPY,,,
2018-08-01,SPY,,,
2018-08-02,SPY,,,
2018-08-03,SPY,,,
2018-08-06,SPY,,,
2018-08-07,SPY,,,
2018-08-08,SPY,,,
2018-08-09,SPY,,,
2018-08-10,SPY,,,
2018-08-13,SPY,,,
2018-08-14,SPY,,,
2018-08-15,SPY,,,
2018-08-16,SPY,,,
2018-08-17,SPY,,,
2018-08-20,SPY,,,
2018-08-21,SPY,,,
2018-08-22,SPY,,,
2018-08-23,SPY,,,
2018-08-24,SPY,,,
2018-08-27,SPY,,,
2018-08-28,SPY,,,
2018-08-29,SPY,,,
2018-08-30,SPY,,,
2018-08-31,SPY,,,
2018-09-04,SPY,,,
2018-09-05,SPY,,,
2018-09-06,SPY,,,
2018-09-07,SPY,,,
2018-09-10,SPY,,,
2018-09-11,SPY,,,
2018-09-12,SPY,,,
2018-09-13,SPY,,,
2018-09-14,SPY,,,
2018-09-17,SPY,,,
2018-09-18,SPY,,,
2018-09-19,SPY,,,
2018-09-20,SPY,,,
2018-09-21,SPY,,,
2018-09-24,SPY,,,
2018-09-25,SPY,,,
2018-09-26,SPY,,,
2018-09-27,SPY,,,
2018-09-28,SPY,,,
2018-10-01,SPY,,,
2018-10-02,SPY,,,
2018-10-03,SPY,,,
2018-10-04,SPY,,,
2018-10-05,SPY,,,
2018-10-08,SPY,,,
2018-10-09,SPY,,,
2018-10-10,SPY,,,
2018-10-11,SPY,,,
2018-10-12,SPY,,,
2018-10-15,SPY,,,
2018-10-16,SPY,,,
2018-10-17,SPY,,,
2018-10-18,SPY,,,
2018-10-19,SPY,,,
2018-10-22,SPY,,,
2018-10-23,SPY,,,
2018-10-24,SPY,,,
2018-10-25,SPY,,,
2018-10-26,SPY,,,
2018-10-29,SPY,,,
2018-10-30,SPY,,,
2018-10-31,SPY,,,
2018-11-01,SPY,,,
2018-11-02,SPY,,,
2018-11-05,SPY,,,
2018-11-06,SPY,,,
2018-11-07,SPY,,,
2018-11-08,SPY,,,
2018-11-09,SPY,,,
2018-11-12,SPY,,,
2018-11-13,SPY,,,
2018-11-14,SPY,,,
2018-11-15,SPY,,,
2018-11-16,SPY,,,
2018-11-19,SPY,,,
2018-11-20,SPY,,,
2018-11-21,SPY,,,
2018-11-23,SPY,,,
2018-11-26,SPY,,,
2018-11-27,SPY,,,
2018-11-28,SPY,,,
2018-11-29,SPY,,,
2018-11-30,SPY,,,
2018-12-03,SPY,,,
2018-12-04,SPY,,,
2018-12-06,SPY,,,
2018-12-07,SPY,,,
2018-12-10,SPY,,,
2018-12-11,SPY,,,
2018-12-12,SPY,,,
2018-12-13,SPY,,,
2018-12-14,SPY,,,
2018-12-17,SPY,,,
2018-12-18,SPY,,,
2018-12-19,SPY,,,
2018-12-20,SPY,,,
2018-12-21,SPY,,,
2018-12-24,SPY,,,
2018-12-26,SPY,,,
2018-12-27,SPY,,,
2018-12-28,SPY,,,
2018-12-31,SPY,,,
2019-01-02,SPY,,,
2019-01-03,SPY,,,
2019-01-04,SPY,,,
2019-01-07,SPY,,,
2019-01-08,SPY,,,
2019-01-09,SPY,,,
2019-01-10,SPY,,,
2019-01-11,SPY,,,
2019-01-14,SPY,,,
2019-01-15,SPY,,,
2019-01-16,SPY,,,
2019-01-17,SPY,,,
2019-01-18,SPY,,,
2019-01-22,SPY,,,
2019-01-23,SPY,,,
2019-01-24,SPY,,,
2019-01-25,SPY,,,
2019-01-28,SPY,,,
2019-01-29,SPY,,,
2019-01-30,SPY,,,
2019-01-31,SPY,,,
2019-02-01,SPY,-0.023803308259323752,0.1763934562624613,-0.24832728598586704
2019-02-04,SPY,-0.01581850849688382,0.17653142211667244,-0.20290160282746036
2019-02-05,SPY,0.010301473450943677,0.17522145057593677,-0.055350109916212656
2019-02-06,SPY,0.05300857060916053,0.17009828402534574,0.19405587068851346
2019-02-07,SPY,0.02281852399650308,0.16925399160812166,0.016652629398713894
2019-02-08,SPY,0.029653938575144423,0.16916481592906096,0.05706824153784312
2019-02-11,SPY,0.07037350073213222,0.16488042035596187,0.3055153584845332
2019-02-12,SPY,0.06809377302018627,0.16470101779983784,0.2920065319731959
2019-02-13,SPY,0.05605418206729418,0.16409517209655597,0.21971506904590327
2019-02-14,SPY,0.0510966580790142,0.1640987971245965,0.1894996101367106
2019-02-15,SPY,0.0484018296045734,0.16390869817488507,0.17327835508930467
2019-02-19,SPY,0.03698390027572751,0.1634333013354412,0.10391945911236683
2019-02-20,SPY,0.038769503425820195,0.16344339832274268,0.11483794156529399
2019-02-21,SPY,0.04159728278613839,0.16335833449616283,0.1322080250925042
2019-02-22,SPY,0.05329499081073852,0.16338418105516306,0.20378344216504776
2019-02-25,SPY,0.05336317744964081,0.16338460705752145,0.20420024903505696
2019-02-26,SPY,0.03609489375527963,0.16262695921449835,0.09896817743515159
2019-02-27,SPY,0.023761522916998956,0.16222336416952393,0.02318730681154012
2019-02-28,SPY,0.03477566611591376,0.16173997043288998,0.09135445045752967
2019-03-01,SPY,0.05189209940368689,0.16151997492486125,0.19744987837277103
2019-03-04,SPY,0.0635302229685979,0.16088418448631095,0.2705686895675051
2019-03-05,SPY,0.056636706723933505,0.16081853072959987,0.22781396246888008
2019-03-06,SPY,0.03823721279866299,0.1605416469644282,0.11359801735872235
2019-03-07,SPY,0.02694877932562023,0.1607523647792414,0.043226607180322826
2019-03-08,SPY,0.025270653920062225,0.16076600220491127,0.03278463013183772
2019-03-11,SPY,0.0351293858229389,0.16133828325993396,0.09377430772933024
2019-03-12,SPY,0.021260364391807673,0.1604515048706369,0.007855111068131363
2019-03-13,SPY,0.029312192649516344,0.16057620736087866,0.057992356417960106
2019-03-14,SPY,0.03534455154477523,0.16044041322386957,0.09564018962830954
2019-03-15,SPY,0.045826235437876894,0.16042124434452545,0.16099012037590046
2019-03-18,SPY,0.050763363941043194,0.1604516415725708,0.19172981740501052
2019-03-19,SPY,0.049885555322803254,0.16044944284214335,0.18626150888043824
2019-03-20,SPY,0.061082424857072715,0.1598866046565527,0.2569472592486441
2019-03-21,SPY,0.07124504563884715,0.16025924372777953,0.31976343109351807
2019-03-22,SPY,0.05264790615700066,0.16143510032945377,0.20223548714234643
2019-03-25,SPY,0.0788238413177118,0.1594357262521027,0.3689501888974273
2019-03-26,SPY,0.11053625690527347,0.15810064534458168,0.5726495088489293
2019-03-27,SPY,0.07530979802155668,0.15587820676261743,0.35482700994749333
2019-03-28,SPY,0.09806573157928433,0.15493911312204217,0.5038478019284495
2019-03-29,SPY,0.10826391894952936,0.15501339134610623,0.5693954450197019
2019-04-01,SPY,0.10725887081951724,0.15494279771880776,0.563168292455102
2019-04-02,SPY,0.1322405431215503,0.1533551327377919,0.731899487925587
2019-04-03,SPY,0.1196717056211476,0.15286280841357908,0.6520337200104298
2019-04-04,SPY,0.11075821450168011,0.15253494908245915,0.594999474203233
2019-04-05,SPY,0.10739483454472776,0.1524162007293087,0.5733959653012284
2019-04-08,SPY,0.1335002325920458,0.15069727309988223,0.7531671294199052
2019-04-09,SPY,0.12216013632778933,0.1507388414459776,0.6777293453220674
2019-04-10,SPY,0.10836464415352443,0.14997344642862567,0.5892019304602586
2019-04-11,SPY,0.11389619029417108,0.14986630493267278,0.6265330311330076
2019-04-12,SPY,0.11228215744405334,0.14979751522837176,0.6160459824942078
2019-04-15,SPY,0.11482376580699727,0.14976292168159402,0.6331591607741128
2019-04-16,SPY,0.10645706944447286,0.14956100850313728,0.5780722549932477
2019-04-17,SPY,0.0920666724715864,0.14923360297525157,0.48291183108095104
2019-04-18,SPY,0.09340703665327488,0.14924152312624772,0.49186737789574647
2019-04-22,SPY,0.10045553915682781,0.14912272060247206,0.5395256928775082
2019-04-23,SPY,0.11984599098597637,0.149098891702119,0.6696628650027541
2019-04-24,SPY,0.11752762665412719,0.1491222170991929,0.6540113777228372
2019-04-25,SPY,0.13208565400933425,0.14846732290947068,0.7549516742999368
2019-04-26,SPY,0.13455338177621323,0.14851199902399978,0.7713409187745242
2019-04-29,SPY,0.12489605635605439,0.14820131032183942,0.7077943921565757
2019-04-30,SPY,0.12441525638706552,0.14820068732941957,0.7045531182657199
2019-05-01,SPY,0.1246122464446704,0.14819113244944276,0.7059278427497013
2019-05-02,SPY,0.12019391491475462,0.1482096011406045,0.6760285038464003
2019-05-03,SPY,0.13880787964337937,0.1483222858235553,0.8010116550166549
2019-05-06,SPY,0.13662649662074355,0.1483703416995447,0.7860499294186194
2019-05-07,SPY,0.10336007730022123,0.1488449327793945,0.5600464573676186
2019-05-08,SPY,0.09811268453158406,0.14882650787376475,0.524857336556197
2019-05-09,SPY,0.09478993735280938,0.14886573904574593,0.5023985897106028
2019-05-10,SPY,0.0897563587037482,0.14864796920587894,0.4692721944094301
2019-05-13,SPY,0.05252828980223767,0.15054695232350584,0.2160674082085607
2019-05-14,SPY,0.05881633374289286,0.15077806401622237,0.2574401919546902
2019-05-15,SPY,0.06451126432956666,0.15088139101946352,0.2950083110237548
2019-05-16,SPY,0.08182049517801548,0.1509739683922386,0.40947784466658826
2019-05-17,SPY,0.07032534904247578,0.15107795402920488,0.33310848936137555
2019-05-20,SPY,0.06414733302471132,0.1512323996900011,0.29191716269268564
2019-05-21,SPY,0.07643222778086689,0.15145720100750723,0.37259521109247046
2019-05-22,SPY,0.06511843246892468,0.15132326503162702,0.2981592583235287
2019-05-23,SPY,0.055037034718001365,0.15180946138481935,0.23079612033657473
2019-05-24,SPY,0.05452886697202142,0.1518022669325692,0.22745949497156842
2019-05-28,SPY,0.046865865882897095,0.1520857520912013,0.17664945935755005
2019-05-29,SPY,0.04232425598947498,0.15222185234414284,0.1466560526343113
2019-05-30,SPY,0.05733141723028634,0.15178723039114222,0.2459457039573526
2019-05-31,SPY,0.029347344498420025,0.15183666176042182,0.06156184145545098
2019-06-03,SPY,0.03305821190067548,0.15172996900013755,0.08606217998148832
2019-06-04,SPY,0.04522110693746595,0.1529494705296365,0.16489829516983479
2019-06-05,SPY,0.04928892731712353,0.15311563716732982,0.1912863235850668
2019-06-06,SPY,0.05534430502035681,0.15324306334768512,0.23064212009496296
2019-06-07,SPY,0.05706741468065113,0.15333925238680743,0.2417346772185008
2019-06-10,SPY,0.06203295687880095,0.15339964655762406,0.2740094766972713
2019-06-11,SPY,0.0586466661377234,0.15337707627508784,0.2519715923415379
2019-06-12,SPY,0.05537353816148238,0.15338688752448473,0.23061644142062532
2019-06-13,SPY,0.058360454845722165,0.15343220149108547,0.25001567124063545
2019-06-14,SPY,0.060575533664354086,0.15339910540554336,0.2645095847011883
2019-06-17,SPY,0.05831449261483157,0.1533826891977645,0.24979671966391623
2019-06-18,SPY,0.07076135028641128,0.15371316822409065,0.33023423349396375
2019-06-19,SPY,0.07539087146600787,0.15370678992976697,0.3603671086444362
2019-06-20,SPY,0.08984237303287368,0.15392515960895992,0.453742410989244
2019-06-21,SPY,0.0864047281819984,0.15393043794226596,0.4313943952196416
2019-06-24,SPY,0.09191938609931016,0.15379442560383724,0.467633243642842
2019-06-25,SPY,0.07924241499463225,0.15412550170263636,0.38437775929470913
2019-06-26,SPY,0.09304545042046697,0.15349309651367746,0.47588752901312426
2019-06-27,SPY,0.0944984166229228,0.15351468577114807,0.4852852757942733
2019-06-28,SPY,0.10931963247601817,0.15333884570893594,0.5824984012567991
2019-07-01,SPY,0.11302688488471024,0.15349134448800042,0.6060725130463813
2019-07-02,SPY,0.11432153932329392,0.15350313782333383,0.6144600081846419
2019-07-03,SPY,0.1208341796389214,0.15367844245337198,0.6561374388572151
2019-07-05,SPY,0.12352582855693028,0.153634057808636,0.6738468672478879
2019-07-08,SPY,0.10831129126751238,0.15355824118564124,0.5750996533019036
2019-07-09,SPY,0.10038520091126313,0.1533500672201789,0.5241941028682213
2019-07-10,SPY,0.09577625418569125,0.15317085609741266,0.49471718129916
2019-07-11,SPY,0.09440731101183886,0.15314977720922968,0.4858466813842328
2019-07-12,SPY,0.10740653200464378,0.15300696800005223,0.5712585063747813
2019-07-15,SPY,0.09782234669254186,0.152762346606728,0.5094340877918564
2019-07-16,SPY,0.09342069259949382,0.1528052548682502,0.48048539078579244
2019-07-17,SPY,0.08695140632362786,0.15296978371643866,0.4376773287967526
2019-07-18,SPY,0.08653528517088516,0.15296101288778838,0.4349819860286568
2019-07-19,SPY,0.07823188025799932,0.1530658399646012,0.38043681249497807
2019-07-22,SPY,0.08497244466143616,0.1530243797397976,0.4245888450710612
2019-07-23,SPY,0.09397996437435352,0.15316669714810413,0.4830029357022616
2019-07-24,SPY,0.09708200545221657,0.1532201437887375,0.5030801012593914
2019-07-25,SPY,0.08637395671284742,0.15323729670385985,0.43314492059409676
2019-07-26,SPY,0.08441103013611428,0.15315083959425885,0.4205724911907623
2019-07-29,SPY,0.08499583256263232,0.1531421664500806,0.42441499992635184
2019-07-30,SPY,0.08971683407481579,0.15300060609028715,0.4556637771335049
2019-07-31,SPY,0.08345388659848951,0.1533176002714664,0.413872161357451
2019-08-01,SPY,0.06875146717138847,0.1535163090145117,0.3175653940896928
2019-08-02,SPY,0.0624791253225665,0.15370390728426866,0.27636984689011973
2019-08-05,SPY,0.02494325142685261,0.15658410327520692,0.03156930571786407
2019-08-06,SPY,0.0348817035270681,0.15714433743417383,0.09470085763225093
2019-08-07,SPY,0.03170956781103551,0.15710600181316156,0.07453291202051672
2019-08-08,SPY,0.04848950845456135,0.15827543360672383,0.17999956029405603
2019-08-09,SPY,0.041786045132310656,0.15843104356867227,0.13751121397409372
2019-08-12,SPY,0.0305111346419511,0.15890704811052053,0.06614643445292974
2019-08-13,SPY,0.05359670663271965,0.1594981416653019,0.21064011330752988
2019-08-14,SPY,0.026286169233211698,0.16221595257640462,0.03875185598809018
2019-08-15,SPY,0.022473558020355888,0.16211495142168378,0.015258049912508167
2019-08-16,SPY,0.04536637774175589,0.16259037935473059,0.15601401412818497
2019-08-19,SPY,0.049469149786022015,0.16283044245695813,0.18098059147515833
2019-08-20,SPY,0.037773780283653524,0.16298846884064808,0.10904931134134858
2019-08-21,SPY,0.0439824859884288,0.1631702949656969,0.14697825969776304
2019-08-22,SPY,0.041218901287935594,0.16315722429205223,0.13005186488067275
2019-08-23,SPY,0.01507530485815245,0.16519872202965577,-0.029810733892744586
2019-08-26,SPY,0.027665311279533755,0.16555418271070682,0.046300921873585615
2019-08-27,SPY,0.01750916213333653,0.16549961908636412,-0.01505041449892192
2019-08-28,SPY,0.016647440894733467,0.16546157044957643,-0.02026185957353891
2019-08-29,SPY,0.02913526649825382,0.16594435710525515,0.055050178611734925
2019-08-30,SPY,0.023173113786211452,0.16586288512017314,0.019130945322170335
2019-09-03,SPY,0.021325061863273653,0.165918295774384,0.007986231157264745
2019-09-04,SPY,0.032881828114099454,0.16629664502673724,0.07746294648354636
2019-09-05,SPY,0.04796498852817499,0.1667672307325758,0.16768875039376901
2019-09-06,SPY,0.05160441261993087,0.16674205322369526,0.1895407427754983
2019-09-09,SPY,0.05530992174333971,0.16671000044286566,0.21180446073744094
2019-09-10,SPY,0.0571163449585379,0.16669599592909662,0.22265888722561258
2019-09-11,SPY,0.06278615370360185,0.1668298765317855,0.2564657757536011
2019-09-12,SPY,0.06296266440320175,0.16683296843823472,0.25751903119261155
2019-09-13,SPY,0.061999927396022336,0.16683572879389916,0.25174420191436947
2019-09-16,SPY,0.05249406761321529,0.1667741190703583,0.1948387903011903
2019-09-17,SPY,0.05497776403212806,0.1667895909541791,0.20971191206852496
2019-09-18,SPY,0.06122747771359327,0.16669638274468634,0.247320769861801
2019-09-19,SPY,0.05542990902027767,0.1666169685820464,0.21264286177929762
2019-09-20,SPY,0.04932551518880035,0.16668977318117176,0.175928700538377
2019-09-23,SPY,0.04064543912882401,0.1665035744647625,0.12399396946996624
2019-09-24,SPY,0.033424211300680184,0.16669490572535275,0.08053162298071648
2019-09-25,SPY,0.043001365826423665,0.16675567825266654,0.13793452833175626
2019-09-26,SPY,0.04179467437577267,0.16676768207717982,0.13068883673568196
2019-09-27,SPY,0.03929266386927588,0.16683113317797327,0.11564186792818051
2019-09-30,SPY,0.0412030789108786,0.166870001219095,0.1270634551206099
2019-10-01,SPY,0.028712188711599307,0.16730885566331663,0.05207248998900123
2019-10-02,SPY,0.00704210442620834,0.16822230665124038,-0.07702840266395858
2019-10-03,SPY,0.015883744150328116,0.16841615161693554,-0.024440980334441764
2019-10-04,SPY,0.02906638782080795,0.16894902528465486,0.0536634514791215
2019-10-07,SPY,0.03269784260508568,0.16881910372308043,0.07521567361188206
2019-10-08,SPY,0.022387732743960997,0.1694511594832263,0.014090979083547403
2019-10-09,SPY,0.03209689828516793,0.16970893063131143,0.07128026934214882
2019-10-10,SPY,0.040595576740365846,0.1698282261642514,0.12127298980586766
2019-10-11,SPY,0.0857621066726233,0.16708621858461056,0.39358187186049765
2019-10-14,SPY,0.10898025204363804,0.16557223803192017,0.5374104566158234
2019-10-15,SPY,0.10461766185591892,0.16529539401390334,0.5119178447815766
2019-10-16,SPY,0.10907358430402225,0.16519624722929932,0.539198594386859
2019-10-17,SPY,0.08854233971234282,0.16381316495868026,0.4184177732579169
2019-10-18,SPY,0.08358426829714194,0.1638823952059932,0.3879871795699545
2019-10-21,SPY,0.10691530328845045,0.16332965115725068,0.5321465066056502
2019-10-22,SPY,0.10389820821128537,0.16336908541406406,0.5135500881249517
2019-10-23,SPY,0.11210173169923054,0.16331227692416264,0.5639608572844762
2019-10-24,SPY,0.11961906340861095,0.16322062084779085,0.6103338100981085
2019-10-25,SPY,0.159329580905627,0.16030229302531993,0.8691677347598499
2019-10-28,SPY,0.14531651719380512,0.15943878835648484,0.7859851325112516
2019-10-29,SPY,0.16547484282972502,0.1583938888921421,0.9184372190570165
2019-10-30,SPY,0.1755618188482353,0.158289601137539,0.9827671415576219
2019-10-31,SPY,0.15531107982550196,0.15768741032820746,0.8580969117564183
2019-11-01,SPY,0.15369177279596546,0.15760302973544094,0.8482817431897477
2019-11-04,SPY,0.1461302529716506,0.1573189355230728,0.8017487059156463
2019-11-05,SPY,0.15168380722429387,0.15719240335790288,0.8377237348071467
2019-11-06,SPY,0.14562563449045762,0.15711557850388966,0.7995746550832804
2019-11-07,SPY,0.14242557447641802,0.15703761421086224,0.7795939532807158
2019-11-08,SPY,0.12123769321785849,0.15565108524408963,0.6504143100518643
2019-11-11,SPY,0.12113157547228548,0.15565252581968084,0.649726529908314
2019-11-12,SPY,0.13457819582032338,0.1553184949149195,0.7376983396799404
2019-11-13,SPY,0.15655574072167777,0.15411370480630832,0.8860713646025344
2019-11-14,SPY,0.16041072284633562,0.15409552523349818,0.9111927334267091
2019-11-15,SPY,0.1768537586631227,0.15405285610828381,1.0181814386671943
2019-11-18,SPY,0.16555693537962468,0.1537420006081768,0.9467610334445148
2019-11-19,SPY,0.1621979320146696,0.15373243139019996,0.9249702924020387
2019-11-20,SPY,0.17779876034270403,0.15278269062633337,1.0328314005716699
2019-11-21,SPY,0.19807546853114189,0.1515801988761958,1.1747937385712648
2019-11-22,SPY,0.19666214523349823,0.15156408431719356,1.1655937224796569
2019-11-25,SPY,0.21404439154213528,0.15154010448247826,1.28048210211292
2019-11-26,SPY,0.1974627820158228,0.15076416551191088,1.1770886099708
2019-11-27,SPY,0.19876751578351604,0.15078708439759295,1.1855625201436002
2019-11-29,SPY,0.16744095431828332,0.1491860431548461,0.9883025998970194
2019-12-02,SPY,0.16005833899676758,0.14944001104556756,0.9372211499239029
2019-12-03,SPY,0.14529799518297848,0.14951858660567077,0.8380094945214411
2019-12-04,SPY,0.13730523591537724,0.14908410057909022,0.786839344099916
2019-12-05,SPY,0.17750359192301635,0.14537010089965696,1.0834662076195065
2019-12-06,SPY,0.1900645678219708,0.14559775911596062,1.1680438548956218
2019-12-09,SPY,0.214543919299367,0.14365028245217795,1.3542884565098705
2019-12-10,SPY,0.21089224203097534,0.14365902787880874,1.3287869537305566
2019-12-11,SPY,0.21405416395074628,0.143672305855135,1.3506720226681084
2019-12-12,SPY,0.2183833387783729,0.14382272477150082,1.3793601747815276
2019-12-13,SPY,0.21952632381646264,0.14381816269960213,1.3873513614078081
2019-12-16,SPY,0.2510041520319821,0.1426324781617752,1.619576095214267
2019-12-17,SPY,0.27631761586411185,0.1411349503748452,1.816117235194748
2019-12-18,SPY,0.27779859831314013,0.14112235877450283,1.8267735924473343
2019-12-19,SPY,0.30254273413960964,0.1402390210627359,2.014722664194969
2019-12-20,SPY,0.3299015621081556,0.13918838085972446,2.2264901724841364
2019-12-23,SPY,0.35979451744644675,0.13747942346052913,2.4716027234723095
2019-12-24,SPY,0.3967431982067071,0.13464785126870807,2.79798893674779
2019-12-26,SPY,0.33664439315863737,0.1253438368440085,2.5262063227943474
2019-12-27,SPY,0.32613252401754544,0.1251820461755444,2.4454986427386864
2019-12-30,SPY,0.32052428095123275,0.12533590872729566,2.3977508441344595
2019-12-31,SPY,0.3122386169086351,0.1251089853482605,2.3358723283954625
2020-01-02,SPY,0.3231339435049918,0.12538013438569426,2.417719082773443
2020-01-03,SPY,0.34521547365426497,0.1231567984992018,2.640661966025146
2020-01-06,SPY,0.3065826635596278,0.11884539157151229,2.4113906292040252
2020-01-07,SPY,0.29271648439097797,0.11871267085426962,2.297282020768969
2020-01-08,SPY,0.28750880431448333,0.11849502562266785,2.257553031519911
2020-01-09,SPY,0.2902096223671311,0.11857877909500669,2.2787350690348736
2020-01-10,SPY,0.28197470397441404,0.11861683721394388,2.208579406833298
2020-01-13,SPY,0.29029297250105146,0.11875987121878376,2.2759621556266922
2020-01-14,SPY,0.2962337630237317,0.11857162989940401,2.329678383084453
2020-01-15,SPY,0.28444220119702557,0.11811728228772962,2.2388104100876065
2020-01-16,SPY,0.29200014927595097,0.11833447163071024,2.298570699878473
2020-01-17,SPY,0.2862634618699047,0.11817063114442274,2.2532118115243853
2020-01-21,SPY,0.26688246769034984,0.11756206956696502,2.100018046634694
2020-01-22,SPY,0.2843879009054795,0.11666361181333777,2.2662413480606203
2020-01-23,SPY,0.28317585192554406,0.11665872166699512,2.2559466464649365
2020-01-24,SPY,0.27108936406124196,0.1170780336762611,2.144632568356443
2020-01-27,SPY,0.2402201472834118,0.11806408586296849,1.8652594112235885
2020-01-28,SPY,0.2628139610004405,0.11814416978988185,2.055234392287682
2020-01-29,SPY,0.2634478032002552,0.11813551671543983,2.060750314290855
2020-01-30,SPY,0.24779398682885145,0.1172112949221965,1.943447403938831
2020-01-31,SPY,0.21447121821208603,0.11848288535429548,1.6413443817692754
2020-02-03,SPY,0.22290391286273947,0.11866771107752853,1.7098493854842904
2020-02-04,SPY,0.2328686809186704,0.11938031189476146,1.783113794394529
2020-02-05,SPY,0.24190014343812516,0.11981235582835006,1.852063937011904
2020-02-06,SPY,0.24772426118070046,0.11981726968552628,1.9005963145245093
2020-02-07,SPY,0.25301857074440104,0.11952296992588515,1.949571458012575
2020-02-10,SPY,0.26083316080057095,0.1197015611059121,2.0119466995712902
2020-02-11,SPY,0.26231809482655133,0.11970346669044339,2.0243197755767
2020-02-12,SPY,0.25432078452697193,0.11923374247737001,1.965222089472239
2020-02-13,SPY,0.24892751408179192,0.11922752834702305,1.9200894059925209
2020-02-14,SPY,0.25370950189238295,0.1191880596199159,1.960846603574801
2020-02-18,SPY,0.23699844398573688,0.11881734498575126,1.8263195833214387
2020-02-19,SPY,0.24076609327068366,0.11887862271616996,1.8570714248412545
2020-02-20,SPY,0.23318295098133923,0.11897780465837417,1.7917875657015203
2020-02-21,SPY,0.2248384688181928,0.11941930145513688,1.7152877828141206
2020-02-24,SPY,0.17691879908320707,0.12404195050591883,1.2650462076998659
2020-02-25,SPY,0.13970480369512317,0.12784942928647422,0.9362951744344414
2020-02-26,SPY,0.13632553122472468,0.12791322558764376,0.9094097243683421
2020-02-27,SPY,0.08575789854642868,0.13574616603050366,0.48441809053857293
2020-02-28,SPY,0.08321321622390077,0.13580481940909434,0.4654710819465043
2020-03-02,SPY,0.12311140134762644,0.14231986216915643,0.7245046459156335
2020-03-03,SPY,0.09493655662603717,0.1452150286596007,0.5160385761565791
2020-03-04,SPY,0.14251428187173265,0.151052433146826,0.8110712242062748
2020-03-05,SPY,0.11126581447786688,0.15465384836971469,0.5901296051792212
2020-03-06,SPY,0.10211470971027059,0.15533609625130618,0.5286260675524096
2020-03-09,SPY,0.018082303475620565,0.17404453136613787,-0.011018424476349523
2020-03-10,SPY,0.055456653039628545,0.1809782514018729,0.19591665166934863
2020-03-11,SPY,0.00023312993662383263,0.1874652397929352,-0.10544285482049724
2020-03-12,SPY,-0.10141401477006085,0.21038710680925599,-0.5770981720858915
2020-03-13,SPY,-0.023972896721978998,0.22721714416782998,-0.19352807589861787
2020-03-16,SPY,-0.1350465344119277,0.2521385338091339,-0.6149259776742265
2020-03-17,SPY,-0.09163959567923119,0.2579195079578575,-0.43284665267534717
2020-03-18,SPY,-0.13784620051094976,0.2627941857582392,-0.6006457108459863
2020-03-19,SPY,-0.1334059826448628,0.2627941146135117,-0.5837496888789736
2020-03-20,SPY,-0.1800124701457222,0.265967279233438,-0.7520190856641894
2020-03-23,SPY,-0.1852984421926953,0.2664858678469021,-0.7703914802365454
2020-03-24,SPY,-0.11081503821739691,0.28168311448134237,-0.464404969599488
2020-03-25,SPY,-0.10418137873499744,0.2819911239653106,-0.4403733599440305
2020-03-26,SPY,-0.04689048997391554,0.287982239883712,-0.23227296933632469
2020-03-27,SPY,-0.07877147638312065,0.28948905432245353,-0.3411924385683403
2020-03-30,SPY,-0.05481361254378536,0.2912532135981705,-0.25686793844960787
2020-03-31,SPY,-0.07981456358405781,0.2913838437890385,-0.3425535276290865
2020-04-01,SPY,-0.12165807395554618,0.29481339767334386,-0.48050080177327864
2020-04-02,SPY,-0.10280178503899862,0.29573621829451024,-0.4152409391963818
2020-04-03,SPY,-0.11810997454039629,0.29606191501787277,-0.46649017497592965
2020-04-06,SPY,-0.0634098538631318,0.30361720565170797,-0.27472044505545823
2020-04-07,SPY,-0.06316948106620246,0.30361802642846625,-0.2739280076500911
2020-04-08,SPY,-0.026733435927959404,0.3054319991554576,-0.1530076614669742
2020-04-09,SPY,-0.015281685892938546,0.3057893022678159,-0.11537907190107716
2020-04-13,SPY,-0.024001143573774253,0.3059291215544341,-0.14382790154204106
2020-04-14,SPY,-0.0019689585565813017,0.30726825624977006,-0.07149765102556943
2020-04-15,SPY,-0.022535458560994703,0.3080136678332108,-0.13809601002520325
2020-04-16,SPY,-0.018462571234422742,0.30804944855160304,-0.12485843235645225
2020-04-17,SPY,0.010525693266315805,0.3092100800569126,-0.03064035535950307
2020-04-20,SPY,-0.009227809767706097,0.30971956091065617,-0.09436862715990145
2020-04-21,SPY,-0.04013900456545905,0.3112183577378019,-0.1932373302224206
2020-04-22,SPY,-0.027578508722180706,0.31187940787348545,-0.15255418447338157
2020-04-23,SPY,-0.025485576954920708,0.31187088363304494,-0.14584746233778006
2020-04-24,SPY,-0.011293162268013468,0.3121772031204513,-0.10024166388581307
2020-04-27,SPY,-0.0016863482538272967,0.31247119871627355,-0.06940271085118051
2020-04-28,SPY,-0.007832228254890938,0.31250470187978713,-0.08906179039058847
2020-04-29,SPY,0.01762128633554161,0.31358555948051037,-0.007585533174419759
2020-04-30,SPY,0.01578213610476653,0.3136353769231454,-0.01344830400387847
2020-05-01,SPY,-0.00896965494973967,0.3147639805646903,-0.09203611829335671
2020-05-04,SPY,-0.015868708889652305,0.3146266218440401,-0.11400404924231862
2020-05-05,SPY,-0.002671488150659429,0.3147289606850814,-0.07203496018068886
2020-05-06,SPY,0.007390913950874989,0.3143506717476412,-0.0401115288827743
2020-05-07,SPY,0.020964810548784518,0.3145691632010583,0.003067085594044241
2020-05-08,SPY,0.04100830730070082,0.31497131504834947,0.06669911289374383
2020-05-11,SPY,0.03601697387958791,0.31493650190388583,0.050857788102555555
2020-05-12,SPY,0.04154177417050908,0.31455709195094556,0.06848287551522911
2020-05-13,SPY,0.01395159648243749,0.31495157482635094,-0.019204233288553352
2020-05-14,SPY,0.020110235507467156,0.31511994364077417,0.0003498207894858599
2020-05-15,SPY,0.015396070298119957,0.315020942701116,-0.014614678193786425
2020-05-18,SPY,0.05313344829028832,0.31639077390083814,0.10472318102636223
2020-05-19,SPY,0.049254164719213955,0.31649339733296133,0.09243214855581212
2020-05-20,SPY,0.057544737629497966,0.316811782584571,0.11850802177622805
2020-05-21,SPY,0.053478693650199416,0.3168773928263654,0.1056518843190061
2020-05-22,SPY,0.06853542746320551,0.31662703314853724,0.1532889563489558
2020-05-26,SPY,0.07925273790276921,0.31684407719439794,0.18700913846155
2020-05-27,SPY,0.10559321650669906,0.31701554250732544,0.2699969087626712
2020-05-28,SPY,0.1110091001830622,0.3169402343200576,0.28714909098968466
2020-05-29,SPY,0.1129200853738308,0.31695647130342447,0.2931635533160571
2020-06-01,SPY,0.132681419061337,0.31665801829320794,0.3558457785742858
2020-06-02,SPY,0.1449712963858123,0.31673187031729083,0.3945649557167091
2020-06-03,SPY,0.13555993996777982,0.31628468258983866,0.3653668556489635
2020-06-04,SPY,0.12285083345762149,0.3162009723055361,0.3252704528632493
2020-06-05,SPY,0.14418900019170988,0.3171329815145971,0.3915991316910495
2020-06-08,SPY,0.14654605857417313,0.3172008718984155,0.39894612463328877
2020-06-09,SPY,0.1327981230027071,0.31728297527878774,0.35551268675413333
2020-06-10,SPY,0.12674910336832168,0.3173437177257295,0.33638322552388344
2020-06-11,SPY,0.06367166204431918,0.32265111979082906,0.1353525816759322
2020-06-12,SPY,0.07198670329025036,0.3228362762294925,0.16103117003274722
2020-06-15,SPY,0.08319121865121226,0.32295348256988987,0.19566662712032265
2020-06-16,SPY,0.10362029226615821,0.32349565744421543,0.2584896901763757
2020-06-17,SPY,0.08764769058035515,0.32337820324836664,0.20919063159120585
2020-06-18,SPY,0.0856156389965308,0.3233736516940927,0.2029096639530865
2020-06-19,SPY,0.06919566828812318,0.3233065592438631,0.1521641515816447
2020-06-22,SPY,0.07762130707581383,0.3233552015854061,0.17819817585521233
2020-06-23,SPY,0.08390965244050363,0.3233764241649014,0.19763238029966518
2020-06-24,SPY,0.06672278279582722,0.32426023707076734,0.14409038622157772
2020-06-25,SPY,0.07923532017605295,0.32441883332145155,0.1825890302655747
2020-06-26,SPY,0.049878981398365996,0.3253097938286869,0.09184777699653494
2020-06-29,SPY,0.0598560171117446,0.3255896699834502,0.12241179861071909
2020-06-30,SPY,0.063774833324173,0.325710387893491,0.13439802644086252
2020-07-01,SPY,0.06844364901896705,0.32576923016991444,0.14870541638846568
2020-07-02,SPY,0.06580648912454401,0.3257210617058317,0.14063103222324996
2020-07-06,SPY,0.08349248398226128,0.3260607381231663,0.19472594077940655
2020-07-07,SPY,0.07824166854463344,0.32618574664957,0.17855368955530726
2020-07-08,SPY,0.08513660411658597,0.32626305948594403,0.1996444348287985
2020-07-09,SPY,0.07382866813875588,0.3262944196474316,0.1649696252755991
2020-07-10,SPY,0.08225527615538208,0.32643395801477826,0.19071323502612944
2020-07-13,SPY,0.0681026342773936,0.3265386364327278,0.14731069745035674
2020-07-14,SPY,0.08158430903439973,0.3267771668073951,0.1884596455623779
2020-07-15,SPY,0.09505274676086928,0.32686990566986146,0.22961045192295107
2020-07-16,SPY,0.09892452049675615,0.3268091751855166,0.24150032033817234
2020-07-17,SPY,0.09809035131722554,0.32680287043770995,0.23895246456260824
2020-07-20,SPY,0.11314809161556139,0.32683017685420007,0.2850045626512482
2020-07-21,SPY,0.11278240872901679,0.32682850349755305,0.2838871387780027
2020-07-22,SPY,0.11117178208603651,0.3268025909052665,0.2789812095231074
2020-07-23,SPY,0.09277821432960942,0.327017850851212,0.22255119755747635
2020-07-24,SPY,0.09095185286960805,0.3270493615915036,0.21694539480015698
2020-07-27,SPY,0.09159384638801349,0.32706106592420225,0.21890054747331392
2020-07-28,SPY,0.0866493649658433,0.32712537612418013,0.2037425703732092
2020-07-29,SPY,0.10272025295499154,0.3273222512604179,0.2527180863398719
2020-07-30,SPY,0.11094095447192931,0.32714419732637623,0.27798431155177067
2020-07-31,SPY,0.1295551552651395,0.32708980753466277,0.33493906793023376
2020-08-03,SPY,0.14603710338981157,0.32704470843533306,0.38538187635814647
2020-08-04,SPY,0.18613540199141543,0.32559052877687095,0.510258706282175
2020-08-05,SPY,0.17699696435299628,0.32536777953140245,0.48252154709081735
2020-08-06,SPY,0.1841651277122911,0.3254198112631864,0.5044718300187353
2020-08-07,SPY,0.16221268180152282,0.3248755979601606,0.43774504054614266
2020-08-10,SPY,0.17368006178135098,0.3247926656248948,0.4731635841766117
2020-08-11,SPY,0.17833687324398229,0.3246585430685451,0.48770277765508446
2020-08-12,SPY,0.1764696707484208,0.32458942064057483,0.4820541299208984
2020-08-13,SPY,0.21012298679983643,0.3231610894848677,0.588322644607061
2020-08-14,SPY,0.2069701962613446,0.32315804360328804,0.5785720020352365
2020-08-17,SPY,0.19319906996229097,0.3228689335454644,0.5364377057289785
2020-08-18,SPY,0.18154147661250342,0.3226778064406123,0.5006277884259591
2020-08-19,SPY,0.1857075095277383,0.3226038762956796,0.5136562877994083
2020-08-20,SPY,0.17980121122463633,0.3225296239193672,0.4954621199837037
2020-08-21,SPY,0.1843510599629914,0.32253860141876917,0.5095546990036259
2020-08-24,SPY,0.22789359703363976,0.3215640079603151,0.6465076684182154
2020-08-25,SPY,0.2187137245457913,0.3214159451578864,0.618244762089133
2020-08-26,SPY,0.23578059479388003,0.3215044666841991,0.6711589329358607
2020-08-27,SPY,0.2298227171283782,0.3214502305522326,0.6527378025765144
2020-08-28,SPY,0.22215619409021214,0.32128058804659393,0.629220069968542
2020-08-31,SPY,0.2182701909296898,0.3213106724115684,0.617066932267113
2020-09-01,SPY,0.23697718398006917,0.32134717703552723,0.6752111096220422
2020-09-02,SPY,0.24078547115844162,0.3214624385372636,0.6868157666042479
2020-09-03,SPY,0.18287828005842188,0.32319223234497624,0.5039671865769508
2020-09-04,SPY,0.17231483497542044,0.32331863768695696,0.47109822082973907
2020-09-08,SPY,0.1397107129077515,0.3245427957495157,0.3688595602046425
2020-09-09,SPY,0.1624900061720309,0.3250978741699637,0.4382987939734605
2020-09-10,SPY,0.13423890345451595,0.3255424776771477,0.3509185783362219
2020-09-11,SPY,0.13089925789261425,0.3255308068650263,0.34067208250000136
2020-09-14,SPY,0.146555638664164,0.3257665356045921,0.3884856939933643
2020-09-15,SPY,0.1559192861216836,0.3257718246124131,0.4172223496718709
2020-09-16,SPY,0.14842408543917562,0.325801725409783,0.39417865352814785
2020-09-17,SPY,0.1376424974549122,0.32594183123113973,0.36093095817298365
2020-09-18,SPY,0.12461969807106321,0.32617060592127595,0.3207514600390265
2020-09-21,SPY,0.11738274026272189,0.3263399602902211,0.2984088745249504
2020-09-22,SPY,0.12902755959346957,0.32647779042345026,0.33395092343665383
2020-09-23,SPY,0.1115669013644105,0.32724048582525406,0.2798153203247201
2020-09-24,SPY,0.10797635546834039,0.3272039681258068,0.2688731312528408
2020-09-25,SPY,0.1282392606908871,0.3275613272239026,0.3304396816566224
2020-09-28,SPY,0.153190663503892,0.32788979033759075,0.406205583183181
2020-09-29,SPY,0.1416159633464611,0.3279257468871556,0.37086433285859394
2020-09-30,SPY,0.16411875626374783,0.3277506568457758,0.43972072443950405
2020-10-01,SPY,0.19265964608691544,0.32727167444189015,0.5275728380140415
2020-10-02,SPY,0.17173715019329183,0.3273546283805325,0.46352529348357163
2020-10-05,SPY,0.17659401995057245,0.32754502101990624,0.47808395762808925
2020-10-06,SPY,0.16489296793360686,0.327851579637305,0.4419468348876
2020-10-07,SPY,0.20385984211698416,0.3278571550500237,0.5607925259063852
2020-10-08,SPY,0.20310365236950179,0.32784117436680493,0.5585132884029886
2020-10-09,SPY,0.20569320093829724,0.32788691905865974,0.566333056138407
2020-10-12,SPY,0.21251975740255413,0.3281015816244675,0.5867687575578495
2020-10-13,SPY,0.20594932896881968,0.32818089331224876,0.566606200294231
2020-10-14,SPY,0.1866243708821047,0.32813722794799155,0.5077886831801786
2020-10-15,SPY,0.18706387020439608,0.3281346079498947,0.5091321249171813
2020-10-16,SPY,0.18285861200206255,0.32813152442136684,0.4963211391811574
2020-10-19,SPY,0.16999639696523672,0.3284841266170255,0.4566321012525369
2020-10-20,SPY,0.1667730616082841,0.32844547151100273,0.4468719295567066
2020-10-21,SPY,0.16838139122905305,0.32843114940313023,0.4517884235362934
2020-10-22,SPY,0.1713821106104092,0.3284575985984397,0.46088783226928315
2020-10-23,SPY,0.17344173381024786,0.3284665774068901,0.46714565305733047
2020-10-26,SPY,0.14705963065113425,0.3290179917108049,0.38617836669191985
2020-10-27,SPY,0.13669822092298878,0.3290082381306283,0.35469695709155863
2020-10-28,SPY,0.0981728041082266,0.33085329802577,0.23627633327124262
2020-10-29,SPY,0.1059421602887729,0.3309827164911935,0.2596575470763579
2020-10-30,SPY,0.09733550257805423,0.3311509363941553,0.23353550927606306
2020-11-02,SPY,0.0994496583622213,0.33120779136303546,0.23987859112630858
2020-11-03,SPY,0.11438362716946004,0.3316297908634421,0.28460539363402715
2020-11-04,SPY,0.14055113075573544,0.3323338626302443,0.36274103939224817
2020-11-05,SPY,0.16252992235799324,0.33286242522370224,0.4281946881274002
2020-11-06,SPY,0.1581915285008948,0.3328530184829845,0.4151728265248079
2020-11-09,SPY,0.16986026755090822,0.33305681152327704,0.4499540689935255
2020-11-10,SPY,0.17037900067911393,0.33305343207038723,0.45151614185237693
2020-11-11,SPY,0.1765933749937305,0.33311617269748306,0.47008637775128265
2020-11-12,SPY,0.16480199650885852,0.3332833878872526,0.43447108908363596
2020-11-13,SPY,0.17921159575289725,0.33353700345744186,0.47734312565775655
2020-11-16,SPY,0.18535312530484416,0.33367865996842094,0.4955460002161752
2020-11-17,SPY,0.17810986666736328,0.33373763446069643,0.4737549809833735
2020-11-18,SPY,0.16426726728411456,0.33398529961572504,0.43195693777571886
2020-11-19,SPY,0.1735322822924492,0.33397109095454175,0.459717282276229
2020-11-20,SPY,0.16737466481010088,0.3340510187226103,0.4411741217663463
2020-11-23,SPY,0.17176657448402088,0.3340880139651973,0.4542712343455422
2020-11-24,SPY,0.1814915820024876,0.3343659720231192,0.48297851909201317
2020-11-25,SPY,0.17700321812347575,0.33437186716168893,0.4695467338690765
2020-11-27,SPY,0.17504347135210652,0.33435803478487774,0.4637049366911723
2020-11-30,SPY,0.17419604972721192,0.33436867084131305,0.461155793511502
2020-12-01,SPY,0.1972085983290075,0.3343874670984031,0.5299498807975922
2020-12-02,SPY,0.20782763316780706,0.3343013151740579,0.5618513138963046
2020-12-03,SPY,0.20009339573543317,0.3342628235221859,0.5387778211102197
2020-12-04,SPY,0.20826301595327634,0.3343498032844262,0.5630720105228353
2020-12-07,SPY,0.19486586595304356,0.33426284437924586,0.5231388079575047
2020-12-08,SPY,0.20214208790812482,0.3342436851121631,0.5449380078699254
2020-12-09,SPY,0.19269023560171883,0.3343847342004913,0.5164417449098522
2020-12-10,SPY,0.1889251790273323,0.3343815049628354,0.5051869691360692
2020-12-11,SPY,0.1773827672871977,0.33429821718278624,0.4707855417641806
2020-12-14,SPY,0.17141012272102074,0.3343409008325363,0.4528615025681785
2020-12-15,SPY,0.1791456717581017,0.3345271375401946,0.47573321832217513
2020-12-16,SPY,0.18073763972176682,0.33452719508308587,0.48049199611961213
2020-12-17,SPY,0.18726570626655303,0.3345592788188434,0.49995835373952907
2020-12-18,SPY,0.17769814743424228,0.33457957119874576,0.47133226595166805
2020-12-21,SPY,0.16836484432470145,0.3345903760439861,0.4434223305490324
2020-12-22,SPY,0.1646163241044618,0.33459918581303855,0.43220763897873915
2020-12-23,SPY,0.16562694475593598,0.3345982357442482,0.4352292666218559
2020-12-24,SPY,0.16396534943542918,0.3345819906215081,0.4302842157403752
2020-12-28,SPY,0.1742553636949029,0.3346702379289893,0.46091748298106205
2020-12-29,SPY,0.1785129054764223,0.33462070526023074,0.47370919666536654
2020-12-30,SPY,0.1773344627139577,0.33461753325781407,0.4701919268310893
2020-12-31,SPY,0.17235260963826438,0.3345361070574556,0.4554145469627835
2021-01-04,SPY,0.16521551762184306,0.33474339633356204,0.433811448447933
2021-01-05,SPY,0.1687816777088802,0.3347849929866852,0.4444096385013215
2021-01-06,SPY,0.17908461379181806,0.33480406132034807,0.47515735969404005
2021-01-07,SPY,0.19025971312218193,0.3350667301063506,0.5081367316538449
2021-01-08,SPY,0.1889788450894847,0.3350494392930376,0.5043400324621767
2021-01-11,SPY,0.1843723672779205,0.33511556331209247,0.49049457940227276
2021-01-12,SPY,0.1765312647773023,0.33506239795804893,0.4671704904257881
2021-01-13,SPY,0.18150105710407471,0.33505868387983484,0.4820082716077143
2021-01-14,SPY,0.17470880420770607,0.33508450545109847,0.46170085960684315
2021-01-15,SPY,0.1565216757878516,0.3350994426993212,0.40740645429944833
2021-01-19,SPY,0.16198573380035408,0.3351657680222753,0.4236283873444905
2021-01-20,SPY,0.18037730517869766,0.33540648589035743,0.4781580318966287
2021-01-21,SPY,0.18131093202531678,0.33540561391556994,0.4809428504852719
2021-01-22,SPY,0.1757810883571913,0.3354346931276311,0.4644155525615756
2021-01-25,SPY,0.1910102942783396,0.3353052886271155,0.5100137101282521
2021-01-26,SPY,0.20852297947749743,0.33488297231228287,0.5629518221717682
2021-01-27,SPY,0.1667598513483326,0.3357076535597957,0.43716564037820477
2021-01-28,SPY,0.17776687361568677,0.335793104158436,0.469833572107092
2021-01-29,SPY,0.15045516355226352,0.3364335252696786,0.3877591076801671
2021-02-01,SPY,0.1912351600917681,0.33626654649934795,0.5092244883542114
2021-02-02,SPY,0.19917122472067672,0.33646388475188993,0.5325125008670647
2021-02-03,SPY,0.18209737681387472,0.3361577016991138,0.48220634539845814
2021-02-04,SPY,0.18188428282398061,0.3361519462383445,0.4815806799143103
2021-02-05,SPY,0.18255697086212685,0.33615665439774595,0.48357504971413373
2021-02-08,SPY,0.19747985586910355,0.33615777937566416,0.5279659337312723
2021-02-09,SPY,0.1878144304671503,0.3360976618988019,0.4993025822288486
2021-02-10,SPY,0.18524312022345746,0.33609931804732057,0.4916496742197862
2021-02-11,SPY,0.17955793073921544,0.3360540572066048,0.47479840614190183
2021-02-12,SPY,0.18665033827542832,0.33607278754502634,0.4958757282694329
2021-02-16,SPY,0.18372660646499805,0.33607670912311,0.48717034540177706
2021-02-17,SPY,0.18705774445883816,0.3360593162547881,0.49710791035526897
2021-02-18,SPY,0.17638080838017323,0.33607620236915364,0.46531354281491505
2021-02-19,SPY,0.17914709781127902,0.3360495320527406,0.4735822628263682
2021-02-22,SPY,0.18225294013354332,0.3359725772289215,0.48293507009350084
2021-02-23,SPY,0.2242928379666882,0.3342283429052122,0.6112373241326995
2021-02-24,SPY,0.2764632586306257,0.3328913838762344,0.7704112243589221
2021-02-25,SPY,0.25030481225027823,0.3338160420550644,0.6899153522774333
2021-02-26,SPY,0.3023531809394526,0.33066579808204966,0.8538929111422373
2021-03-01,SPY,0.3395511007088068,0.33141589522507886,0.9641996817677855
2021-03-02,SPY,0.2739286139045696,0.3288554095686699,0.7721588470678494
2021-03-03,SPY,0.29410807683696394,0.32781341279008036,0.8361710233390989
2021-03-04,SPY,0.22653833024246373,0.3255227240298347,0.634482065293648
2021-03-05,SPY,0.29205277883427705,0.3241586184548064,0.8392582006028203
2021-03-08,SPY,0.30722949130830046,0.3237288041991792,0.8872534281242951
2021-03-09,SPY,0.4382094393440006,0.31402532066078354,1.3317698027152365
2021-03-10,SPY,0.37596351082374624,0.31000686806416344,1.1482439503568382
2021-03-11,SPY,0.4611431247701341,0.3059988389164273,1.4416496687773923
2021-03-12,SPY,0.6179074488763947,0.2899642990231624,2.0620036704195566
2021-03-15,SPY,0.49937952401272057,0.2776410854934794,1.7266159407231505
2021-03-16,SPY,0.6814824120603074,0.25423546457232743,2.601849483009961
2021-03-17,SPY,0.6007862214316719,0.24886332075196657,2.3337558129368583
2021-03-18,SPY,0.6616285224781684,0.24376662794972231,2.632142586024968
2021-03-19,SPY,0.6550368869135021,0.24379918268284984,2.604753961540553
2021-03-22,SPY,0.7433819151857306,0.23960371491493188,3.0190763755167893
2021-03-23,SPY,0.7750454737088583,0.23818494523671105,3.169996629965362
2021-03-24,SPY,0.6193069881586966,0.22122208504309554,2.7090739518251423
2021-03-25,SPY,0.6043983299239799,0.22086958735959422,2.645897685191626
2021-03-26,SPY,0.5403142819005555,0.21396630936484257,2.4317579877182753
2021-03-29,SPY,0.5868004898455901,0.2116164133654243,2.678433495925599
2021-03-30,SPY,0.5328115017092163,0.20942872023274636,2.448620710374913
2021-03-31,SPY,0.56231127934061,0.20876904178836145,2.597661390285899
2021-04-01,SPY,0.6536031261035211,0.20358646930062915,3.112206465783839
2021-04-05,SPY,0.63950555213348,0.20286896350523242,3.053722666244616
2021-04-06,SPY,0.6625684703477961,0.20220958235059106,3.1777350157111277
2021-04-07,SPY,0.5597309417716683,0.19136815601536095,2.8203801144864693
2021-04-08,SPY,0.5655384384392763,0.1913884404452196,2.8504252251087427
2021-04-09,SPY,0.5257051497023231,0.18880248491485346,2.678487785425001
2021-04-12,SPY,0.5033837224194946,0.18832231012084835,2.566789469125046
2021-04-13,SPY,0.521732820269668,0.18801278438983862,2.668610126156851
2021-04-14,SPY,0.4730901211947989,0.18600464162621774,2.4359076054956623
2021-04-15,SPY,0.5212383499811248,0.18480524677270077,2.7122517284242345
2021-04-16,SPY,0.5189941287606135,0.1847863009899884,2.700384855843013
2021-04-19,SPY,0.47177195358607116,0.1831508594483065,2.4666657582001776
2021-04-20,SPY,0.4871968960453019,0.18235380708839133,2.562035328491059
2021-04-21,SPY,0.5482801334804945,0.17966510351062176,2.9403602767482484
2021-04-22,SPY,0.5008284371555647,0.17882413163420285,2.688834178930238
2021-04-23,SPY,0.5172105022872509,0.17904995924820988,2.7769372546909525
2021-04-26,SPY,0.4994770418305443,0.17862967122187742,2.684195960003654
2021-04-27,SPY,0.477845582967134,0.17818016678495682,2.5695653519041852
2021-04-28,SPY,0.4842460184331028,0.1780813806361364,2.6069318239489077
2021-04-29,SPY,0.4555993111362411,0.1764342144846019,2.4689049819997217
2021-04-30,SPY,0.45962546596754716,0.17628604194868522,2.493818915598076
2021-05-03,SPY,0.5025510138025975,0.1740248399894188,2.7728858353321164
2021-05-04,SPY,0.48917451058206063,0.17419807269179383,2.693339273690843
2021-05-05,SPY,0.47600268887860864,0.17403582050578587,2.620165708147701
2021-05-06,SPY,0.4979438160619427,0.17394786255990258,2.747626840757257
2021-05-07,SPY,0.4908559305336111,0.17372613659183758,2.7103344365497963
2021-05-10,SPY,0.452066079394438,0.17346171418103742,2.49084405417268
2021-05-11,SPY,0.4388123428460169,0.17377228740280337,2.4101215970945455
2021-05-12,SPY,0.43688364258820744,0.17393988318233755,2.3967110645417473
2021-05-13,SPY,0.4803248658822572,0.17318484911536491,2.6579973261726697
2021-05-14,SPY,0.4852810018169338,0.17342111062718032,2.6829548036812665
2021-05-17,SPY,0.47472242739665127,0.17344551771219574,2.621701808121604
2021-05-18,SPY,0.4188003705262484,0.17130684829524753,2.3279884867119587
2021-05-19,SPY,0.429766297102105,0.17095189489349427,2.396968441662468
2021-05-20,SPY,0.42100720385730983,0.17049730639983585,2.3519855669561234
2021-05-21,SPY,0.4297143709822717,0.17030633528227607,2.40574944145904
2021-05-24,SPY,0.44155191900038315,0.1705288408917882,2.4720271175002333
2021-05-25,SPY,0.4208476849198526,0.17022300422581926,2.354838505776133
2021-05-26,SPY,0.4027952436950617,0.16968942900191095,2.2558579279016304
2021-05-27,SPY,0.4061261263636671,0.16966045427942694,2.2758758250624864
2021-05-28,SPY,0.40239232241382794,0.16963335403146754,2.254228389205185
2021-06-01,SPY,0.39551655450664547,0.1696278115705773,2.213767607031844
2021-06-02,SPY,0.3862332375797237,0.16948647032880088,2.1608405489195537
2021-06-03,SPY,0.362949837033538,0.1691354267515432,2.027664124662215
2021-06-04,SPY,0.3790378435572501,0.16927161661095974,2.121075291567834
2021-06-07,SPY,0.3432722056777673,0.16751927015343948,1.9297613067539376
2021-06-08,SPY,0.32751182993848116,0.16716688632483354,1.839549905481482
2021-06-09,SPY,0.33548992100052244,0.16696374769720013,1.8895713911063161
2021-06-10,SPY,0.3492269354888773,0.16685974595276074,1.9730758524712362
2021-06-11,SPY,0.43413217875247634,0.15603234402089833,2.654143160837276
2021-06-14,SPY,0.4203336864053344,0.15567817377860924,2.5715466509431892
2021-06-15,SPY,0.40461590560191896,0.15551015263107493,2.473252704692303
2021-06-16,SPY,0.37039605260849506,0.1546284525167847,2.266051602440114
2021-06-17,SPY,0.3756559036158045,0.15454035631725957,2.301378824866108
2021-06-18,SPY,0.35657546026220976,0.15524536100057965,2.168022658409439
2021-06-21,SPY,0.3839055436632588,0.15563375590371603,2.3382173202090657
2021-06-22,SPY,0.38243583509381374,0.15560241905765942,2.3292429339386485
2021-06-23,SPY,0.37444167627738434,0.1555882944636202,2.2780741796759023
2021-06-24,SPY,0.418763182629315,0.15330659967476304,2.60108295060541
2021-06-25,SPY,0.4087006953177128,0.153038062825916,2.539895553695475
2021-06-28,SPY,0.4458818936292819,0.1509400657338998,2.821529800974723
2021-06-29,SPY,0.42570596419651996,0.15036102724486736,2.6982122404352546
2021-06-30,SPY,0.40885884509477344,0.14992917857919014,2.5936168581713703
2021-07-01,SPY,0.40680535857023115,0.1498813260246035,2.5807441716037114
2021-07-02,SPY,0.4097939771906598,0.1499553004051477,2.5994011291199337
2021-07-06,SPY,0.38583286020204133,0.1493261118609895,2.44989208948668
2021-07-07,SPY,0.40522440951493865,0.14888249860753044,2.5874391759801783
2021-07-08,SPY,0.38319441487971595,0.1490542414235658,2.4366593758820345
2021-07-09,SPY,0.40596363783553024,0.14917838525144883,2.5872624722741575
2021-07-12,SPY,0.39673827357303626,0.14893227901647918,2.529594497988919
2021-07-13,SPY,0.4041350736266376,0.1486696188077742,2.5838169002324127
2021-07-14,SPY,0.3882403122644258,0.1482153955908551,2.4844943455195705
2021-07-15,SPY,0.3709036148237901,0.14808175371548002,2.369661393246369
2021-07-16,SPY,0.364645401884758,0.1482930897170571,2.3240826834368393
2021-07-19,SPY,0.34060601416075165,0.14914912862010724,2.1495667934967058
2021-07-20,SPY,0.34891584593077263,0.1495685583972914,2.1990975205971437
2021-07-21,SPY,0.3569506023246374,0.14972343801514676,2.2504866759107536
2021-07-22,SPY,0.3520961590381886,0.14965964201649237,2.219009444119824
2021-07-23,SPY,0.3825014183022608,0.14934508322599854,2.427273871170572
2021-07-26,SPY,0.39487894350546227,0.14914518202316274,2.5135169532143675
2021-07-27,SPY,0.3784692771005962,0.14914317025025448,2.4035245898226743
2021-07-28,SPY,0.3866988684858357,0.14895509903048407,2.461808094335795
2021-07-29,SPY,0.37553296115875545,0.148575692150128,2.392941644852025
2021-07-30,SPY,0.37375411544166437,0.148623741714098,2.380199229017986
2021-08-02,SPY,0.3601240607780163,0.1485144684390651,2.2901745826708315
2021-08-03,SPY,0.36172248485547986,0.14856467063793757,2.3001598118053335
2021-08-04,SPY,0.3498102722653815,0.14867028534062157,2.2184007484060877
2021-08-05,SPY,0.3499738872443907,0.14867443375344522,2.219439340805589
2021-08-06,SPY,0.34322564351327434,0.1485743877296615,2.1755138853501417
2021-08-09,SPY,0.3411697458409746,0.14858742877766257,2.161486664673052
2021-08-10,SPY,0.33883720186144894,0.14857669615990346,2.1459435436517253
2021-08-11,SPY,0.35333473534032134,0.14827825569718706,2.2480351807014474
2021-08-12,SPY,0.33872597472298205,0.1477402511376023,2.1573401444006417
2021-08-13,SPY,0.34359137271207385,0.14771059054920846,2.190712064103977
2021-08-16,SPY,0.34671529399820966,0.14771014207102756,2.211867712110832
2021-08-17,SPY,0.33364983326384245,0.14790153084382696,2.120666577785685
2021-08-18,SPY,0.31621008956378405,0.14839468534211747,1.9960963486049692
2021-08-19,SPY,0.32375973647330225,0.14829983501656482,2.048281014199192
2021-08-20,SPY,0.3301514521000637,0.14844301315925154,2.089363759864732
2021-08-23,SPY,0.33710882240742035,0.14861988598764364,2.1336903894125245
2021-08-24,SPY,0.325796610035195,0.1483494670115694,2.0613259770683685
2021-08-25,SPY,0.32394583615489525,0.14833393248187934,2.0490647761396446
2021-08-26,SPY,0.3030662386531253,0.14823309641090315,1.9096021435622161
2021-08-27,SPY,0.3118483792862037,0.1484367959220791,1.9661457758722274
2021-08-30,SPY,0.3091613692839881,0.1483766732041018,1.9488330816409916
2021-08-31,SPY,0.3119742118389477,0.1483235127087922,1.9684958002052513
2021-09-01,SPY,0.3004235149229313,0.1480904847188543,1.8935957665025378
2021-09-02,SPY,0.28582619828907774,0.14749433173935445,1.8022807734661572
2021-09-03,SPY,0.33133103072371783,0.1431414528453633,2.1749886181471894
2021-09-07,SPY,0.33749153330678383,0.1429141290732065,2.221554547235505
2021-09-08,SPY,0.37338634382736857,0.14003956900188955,2.523474946017581
2021-09-09,SPY,0.3410264102305607,0.13891837788832373,2.3108995016385325
2021-09-10,SPY,0.35396263283403995,0.13796656473085203,2.4206055538567695
2021-09-13,SPY,0.3567369427346252,0.13797087918415882,2.4406377978150027
2021-09-14,SPY,0.3318730501381397,0.13760893751526063,2.2663720523498223
2021-09-15,SPY,0.33624603719752644,0.13774178395312547,2.2959339433642536
2021-09-16,SPY,0.3394438425622226,0.13767278942307834,2.3203121248640413
2021-09-17,SPY,0.3381659443799867,0.13774493437987348,2.309819564780128
2021-09-20,SPY,0.3311789022004188,0.1383184595299618,2.2497279340579475
2021-09-21,SPY,0.3448886931887536,0.13778288450456816,2.357975697467576
2021-09-22,SPY,0.34431732595705333,0.13775549879968296,2.35429677060412
2021-09-23,SPY,0.39295432099801597,0.1359920283028213,2.74247193495443
2021-09-24,SPY,0.3915397542398289,0.13598597147202796,2.7321917857994187
2021-09-27,SPY,0.36548259740792677,0.1352334031056731,2.554713476654597
2021-09-28,SPY,0.31610630614597945,0.1360419203367643,2.176581346492203
2021-09-29,SPY,0.3255406176634916,0.1358827859777687,2.2485601503157286
2021-09-30,SPY,0.29948669791560656,0.1363846936050111,2.04925267292119
2021-10-01,SPY,0.3065421757869995,0.13670868999754146,2.0960055706199263
2021-10-04,SPY,0.3020550291637156,0.1370153030989001,2.0585658885133675
2021-10-05,SPY,0.2926798560766757,0.13631555513810467,2.0003575952899646
2021-10-06,SPY,0.3167716467847208,0.1354845770985114,2.190445976510942
2021-10-07,SPY,0.3054325344947393,0.13470881177656693,2.118885399777472
2021-10-08,SPY,0.291604716382438,0.13451383308179543,2.0191582542836324
2021-10-11,SPY,0.27090457046561545,0.13453488161118796,1.8649778218168078
2021-10-12,SPY,0.24770355141654532,0.13372091743893041,1.702826721335772
2021-10-13,SPY,0.26041806007298884,0.13353848443694633,1.8003653485112638
2021-10-14,SPY,0.2897231680748129,0.13427792158904803,2.0086933494568777
2021-10-15,SPY,0.30115344204210404,0.13441858706035664,2.091626226630849
2021-10-18,SPY,0.30579468524472,0.13442098675372458,2.1261165547633585
2021-10-19,SPY,0.33618304527232823,0.1335822041076371,2.366954845404078
2021-10-20,SPY,0.3360794310370925,0.13358057686524663,2.3662080105848546
2021-10-21,SPY,0.3421044977955159,0.13355225858141223,2.411823665259573
2021-10-22,SPY,0.3333996120587517,0.13350156441583547,2.3475351276226495
2021-10-25,SPY,0.33601452052533065,0.13354887319329342,2.3662836905253672
2021-10-26,SPY,0.362393770839206,0.13208184671329895,2.592284854878027
2021-10-27,SPY,0.3610506173615471,0.13212066885229154,2.5813570300861506
2021-10-28,SPY,0.4228130569914741,0.12750718228907565,3.159140134382733
2021-10-29,SPY,0.4113561510884731,0.12720708073268103,3.076528042577185
2021-11-01,SPY,0.4286773301284741,0.1266521585975727,3.226769560454269
2021-11-02,SPY,0.4185535538912577,0.12629996891886586,3.155610862796692
2021-11-03,SPY,0.4024530081410156,0.12533371517723588,3.05147747036928
2021-11-04,SPY,0.37825878093913645,0.12359926056914196,2.8985511668067376
2021-11-05,SPY,0.35658417527155084,0.12226184962505546,2.7529779428641468
2021-11-08,SPY,0.35805205946287044,0.12225358785871847,2.7651708664251067
2021-11-09,SPY,0.33676602078808626,0.12180742330828484,2.600547751399164
2021-11-10,SPY,0.3279597048718301,0.12212823103297726,2.5216094777355313
2021-11-11,SPY,0.31859350741518466,0.12196839893096106,2.4481218908530593
2021-11-12,SPY,0.34155933403306626,0.12165012510168777,2.6433128101123913
2021-11-15,SPY,0.32369325826727935,0.12098816096170181,2.5101072357270717
2021-11-16,SPY,0.31254818548561913,0.12048523400089386,2.4280833075648816
2021-11-17,SPY,0.31643955628769027,0.12036186879932041,2.462902572424698
2021-11-18,SPY,0.33700155646573093,0.11965569739953363,2.6492809231411196
2021-11-19,SPY,0.3290153454348861,0.1196536225254777,2.5825824485095534
2021-11-22,SPY,0.33441168126974663,0.11945052515595432,2.632149844960928
2021-11-23,SPY,0.32821921101939155,0.11935255162537298,2.5824266580143034
2021-11-24,SPY,0.31064562054147005,0.11841435072714952,2.4544797041633575
2021-11-26,SPY,0.2833929337225296,0.12067806653594322,2.1826081680226426
2021-11-29,SPY,0.2955279362626926,0.12118875025237116,2.273543837104646
2021-11-30,SPY,0.27596895521779086,0.12279310541324845,2.084554783074765
2021-12-01,SPY,0.24814525917496777,0.12298015784163258,1.8551387734333642
2021-12-02,SPY,0.2646015374590933,0.1238158344170191,1.9755271093619642
2021-12-03,SPY,0.2539397246898125,0.12418656207986975,1.8837764792889247
2021-12-06,SPY,0.2579503436673216,0.1244287427740987,1.9123422640323726
2021-12-07,SPY,0.2866143709513005,0.12594749139046,2.116869244538962
2021-12-08,SPY,0.2862573901118701,0.12594359687778237,2.1141002537052396
2021-12-09,SPY,0.28913551018227546,0.12578625063403046,2.1396258241714614
2021-12-10,SPY,0.30169612188353856,0.12605684783150622,2.234675281267285
2021-12-13,SPY,0.29168003255390174,0.12642838945663665,2.1488847063664016
2021-12-14,SPY,0.2885621655399908,0.12655658763694566,2.1220717985097557
2021-12-15,SPY,0.2912397142954155,0.12678242892797953,2.1394109309066547
2021-12-16,SPY,0.2778470738924337,0.12716442617957457,2.0276667118232914
2021-12-17,SPY,0.25721685541834916,0.12761208555178968,1.858890201446303
2021-12-20,SPY,0.2488347781001805,0.12804189863493576,1.7871866985713674
2021-12-21,SPY,0.2755737523739923,0.12906410607163135,1.98020782193422
2021-12-22,SPY,0.2905027917961809,0.12934863320499082,2.091269038517708
2021-12-23,SPY,0.29736648969729984,0.1294520791586011,2.1426190409616988
2021-12-27,SPY,0.3106279720358265,0.13008196469943473,2.2341911325474424
2021-12-28,SPY,0.29840284363580283,0.12987864988607548,2.143561269538966
2021-12-29,SPY,0.3025487667855504,0.12984438556209527,2.1760568665514426
2021-12-30,SPY,0.29709695035641603,0.1299008705683093,2.1331415959272007
2021-12-31,SPY,0.2872875817137177,0.1298874047611668,2.0578406521032453
2022-01-03,SPY,0.3126109473750691,0.1291373184928995,2.265889913078519
2022-01-04,SPY,0.30319582066472006,0.1290149902622264,2.195061365265517
2022-01-05,SPY,0.2705752034281832,0.13050469117835486,1.9200474800230236
2022-01-06,SPY,0.2507981589417012,0.12977277435864595,1.7784790383216815
2022-01-07,SPY,0.23879479579611562,0.12977505271257941,1.6859542047784297
2022-01-10,SPY,0.24565015606836105,0.12956707989890884,1.7415701291131853
2022-01-11,SPY,0.2567299328950452,0.12982444107434835,1.8234619840148114
2022-01-12,SPY,0.25674335979309193,0.12982458667209892,1.823563362393291
2022-01-13,SPY,0.2437830633726965,0.1305821589041941,1.7137338304912106
2022-01-14,SPY,0.25343259482080427,0.1303239130259793,1.7911723903983063
2022-01-18,SPY,0.22164266103474684,0.13146275224534315,1.5338387306727765
2022-01-19,SPY,0.19245552361890494,0.13128750839781958,1.3135714564430647
2022-01-20,SPY,0.17818340012083334,0.13181661446420975,1.2000262695548336
2022-01-21,SPY,0.15915786177456615,0.1333081000077816,1.0438815178255716
2022-01-24,SPY,0.15950705336277227,0.1333160110560531,1.0464388505002309
2022-01-25,SPY,0.14714162068528336,0.13391498033522184,0.9494204484592904
2022-01-26,SPY,0.17293059698460267,0.13157640881907126,1.1622949612106774
2022-01-27,SPY,0.15718621803673338,0.13145335433793212,1.0436113914907306
2022-01-28,SPY,0.21015246999979453,0.1320362611936859,1.4401533963526667
2022-01-31,SPY,0.21177780318881578,0.13220781361040446,1.4505784336919352
2022-02-01,SPY,0.20295575540638033,0.1316647365094323,1.3895577529468082
2022-02-02,SPY,0.21368722092078984,0.13196832484124443,1.4676796204982685
2022-02-03,SPY,0.17184045062659803,0.13376107255896152,1.1351617307020858
2022-02-04,SPY,0.17273491897101523,0.13378208000470831,1.1416694894087451
2022-02-07,SPY,0.1605897303590409,0.1336756352998183,1.0517229264982741
2022-02-08,SPY,0.17091872914127282,0.1338850044113546,1.1272265314910326
2022-02-09,SPY,0.1885740809143268,0.1346073494541982,1.2523393529243083
2022-02-10,SPY,0.16533841367217073,0.13589486969239842,1.0694915415213837
2022-02-11,SPY,0.13674399800111847,0.1373417561559426,0.8500255222349369
2022-02-14,SPY,0.13400971272586815,0.13738758306084078,0.8298400058131893
2022-02-15,SPY,0.15203314906114107,0.13826885311719328,0.954901599923108
2022-02-16,SPY,0.1582539466773396,0.138183798686054,1.0005076426610982
2022-02-17,SPY,0.13551755548683797,0.13990233514452713,0.8257014106841155
2022-02-18,SPY,0.13690987674796462,0.13983570663957381,0.8360516749080371
2022-02-22,SPY,0.12334495677828028,0.1402880806456478,0.736662418522342
2022-02-23,SPY,0.09139179439762013,0.14106863420175783,0.50607844048107
2022-02-24,SPY,0.13516911365359108,0.13967222001292998,0.8245670731297136
2022-02-25,SPY,0.16622457466971818,0.14120152913748044,1.035573591609954
2022-02-28,SPY,0.13571077802166065,0.13923583486435692,0.8310416505519983
2022-03-01,SPY,0.12720937018857215,0.1398794368892455,0.7664412480689278
2022-03-02,SPY,0.16335530928602937,0.14033259224223216,1.0215396651305324
2022-03-03,SPY,0.17206788379853744,0.13983794927262116,1.087457908168214
2022-03-04,SPY,0.14154444852145764,0.13897464918929045,0.8745799988018534
2022-03-07,SPY,0.11343648415306373,0.14208056792513662,0.6576302834198703
2022-03-08,SPY,0.08944016367788876,0.14162805189795255,0.49029950456370447
2022-03-09,SPY,0.11172891066542223,0.1439580133486469,0.6371921126979376
2022-03-10,SPY,0.09560023337765244,0.14371460113577583,0.5260442069224988
2022-03-11,SPY,0.08021467489463308,0.14430864734104643,0.41726310934317734
2022-03-14,SPY,0.0659634286377635,0.14440036444013774,0.31830548915836
2022-03-15,SPY,0.09078011711636047,0.1460118640486782,0.48475593115339877
2022-03-16,SPY,0.11117838145512349,0.14759898065879046,0.6177439779608209
2022-03-17,SPY,0.1416913280190819,0.14731623146293069,0.8260551251591255
2022-03-18,SPY,0.15633581763786775,0.14766110245433273,0.9233021789203588
2022-03-21,SPY,0.14684009767155892,0.14747846804870812,0.8600584163219481
2022-03-22,SPY,0.16946435813456762,0.14765020527879746,1.0122868292146605
2022-03-23,SPY,0.1603019169569504,0.14815975570746256,0.9469637438790919
2022-03-24,SPY,0.1712041771267523,0.14877938757555856,1.0162978863585004
2022-03-25,SPY,0.1582586074074528,0.14803092934969445,0.933984593725299
2022-03-28,SPY,0.1670864501185576,0.14816842428645585,0.992697673791776
2022-03-29,SPY,0.18466720770936051,0.14859256472824306,1.108179322501876
2022-03-30,SPY,0.17259951140695828,0.1487139217172988,1.0261279485120827
2022-03-31,SPY,0.1422167714552871,0.1492293088512032,0.8189863800625764
2022-04-01,SPY,0.12924554539892785,0.14860455461312055,0.7351426454144654
2022-04-04,SPY,0.13959214878506954,0.1488174523010399,0.8036164235841702
2022-04-05,SPY,0.12389704093232057,0.14939976877367137,0.6954297304818204
2022-04-06,SPY,0.10740245498887147,0.1497071245898298,0.5838229491638307
2022-04-07,SPY,0.1049492126144167,0.14962165488081083,0.5677601459634138
2022-04-08,SPY,0.10159306605111862,0.14965405018937786,0.5452112117772134
2022-04-11,SPY,0.0795647167173048,0.15065348896978756,0.3953756207348777
2022-04-12,SPY,0.07925042814593297,0.15066104555722004,0.39326972627061757
2022-04-13,SPY,0.08000996936327676,0.15071198906604727,0.39817648041907455
2022-04-14,SPY,0.06300915325700185,0.15122389558888713,0.2844071242148481
2022-04-18,SPY,0.06869644025242372,0.15113376444953244,0.322207551898072
2022-04-19,SPY,0.09395764375400195,0.1517645211378385,0.48731840089839384
2022-04-20,SPY,0.08289960767659599,0.15149570988593145,0.4151906857557629
2022-04-21,SPY,0.07653906659342202,0.1519729651995115,0.3720337134910608
2022-04-22,SPY,0.03576926596115526,0.15412278930017365,0.10231625078133395
2022-04-25,SPY,0.03960406990645815,0.15421336265699226,0.12712302986390572
2022-04-26,SPY,0.009713963488081179,0.15694617060333046,-0.06553862685771415
2022-04-27,SPY,0.012843992343510413,0.15696934198266826,-0.045588568863846775
2022-04-28,SPY,0.0318522599792066,0.1588520931420145,0.0746119219758132
2022-04-29,SPY,0.000291634516878414,0.162999282694831,-0.12091074977317415
2022-05-02,SPY,0.004147338336255135,0.16309506021659698,-0.09719890745122431
2022-05-03,SPY,0.015012380133717418,0.16303659712591625,-0.03059202629474994
2022-05-04,SPY,0.04559517941205993,0.16583581314040022,0.1543404824770298
2022-05-05,SPY,0.0004428349000542564,0.16946530245384764,-0.11540512905449753
2022-05-06,SPY,-0.01271411266505229,0.16941647398431015,-0.1930987695333689
2022-05-09,SPY,-0.034766275996653384,0.17213660624390112,-0.3181558948539674
2022-05-10,SPY,-0.0238240853271956,0.17192365781442645,-0.2549043330296003
2022-05-11,SPY,-0.018478795758419042,0.17134244630871265,-0.22457246635250372
2022-05-12,SPY,-0.03114213678052835,0.17091915476015326,-0.2992182874546442
2022-05-13,SPY,-0.022981361477613205,0.17190508522876555,-0.2500296103539639
2022-05-16,SPY,-0.024463486492255604,0.17193392983735953,-0.2586079811839102
2022-05-17,SPY,0.004256088325609753,0.17294655869433448,-0.09103339085350647
2022-05-18,SPY,-0.03369345780084965,0.17758149807942922,-0.3023595272117452
2022-05-19,SPY,-0.04983338963002959,0.17735004251941278,-0.39376020799310274
2022-05-20,SPY,-0.04863970742358226,0.17734966465780708,-0.3870303761556094
2022-05-23,SPY,-0.04062019611382306,0.17805067662000146,-0.3404659688162805
2022-05-24,SPY,-0.04582674094008754,0.17819759875591534,-0.3694030750114269
2022-05-25,SPY,-0.03930325849879035,0.17841049383910454,-0.3323978159730428
2022-05-26,SPY,-0.020621293643222516,0.1795358398735908,-0.22625729587932705
2022-05-27,SPY,0.001629909029572607,0.18120086908633984,-0.10137970674784284
2022-05-31,SPY,-0.0031121947373636827,0.18128754813339812,-0.12748914625044666
2022-06-01,SPY,-0.012727884879162876,0.1814635712174143,-0.18035512394909883
2022-06-02,SPY,0.00982068961201743,0.18241864806303482,-0.05580191770999808
2022-06-03,SPY,-0.015753699419428502,0.18293651063797767,-0.19544321302915477
2022-06-06,SPY,-0.011798270630848373,0.18295911745183877,-0.17379986891999955
2022-06-07,SPY,-0.0025316188598648592,0.1832093281881794,-0.12298292386467356
2022-06-08,SPY,-0.011902108351942164,0.18352878209308046,-0.17382618675997286
2022-06-09,SPY,-0.039865162960951106,0.18500508690254017,-0.32358657787873585
2022-06-10,SPY,-0.06924297593041884,0.18723978612453204,-0.4766240005800043
2022-06-13,SPY,-0.10658237977385243,0.19099005635948804,-0.6627694770433217
2022-06-14,SPY,-0.10763779907351989,0.1910027427328094,-0.668251132142486
2022-06-15,SPY,-0.08983393964086839,0.1914898164600412,-0.5735758781918713
2022-06-16,SPY,-0.1196650535544107,0.19427787949397404,-0.7188932364208902
2022-06-17,SPY,-0.10570305305581218,0.19385149414079578,-0.6484502665969296
2022-06-21,SPY,-0.0961300935073609,0.19497805885065017,-0.5956059578801867
2022-06-22,SPY,-0.10256664526444648,0.19490039671453754,-0.6288681158713325
2022-06-23,SPY,-0.09267570353268773,0.19516280690080934,-0.577342093619071
2022-06-24,SPY,-0.06933388575233779,0.19769095167495773,-0.45188656838083324
2022-06-27,SPY,-0.07617055217268476,0.19768764000752365,-0.48647731425710117
2022-06-28,SPY,-0.09686750072774764,0.19870281203303036,-0.5881522235745751
2022-06-29,SPY,-0.09808819662849344,0.19870151018551996,-0.5942994420034303
2022-06-30,SPY,-0.10616802431959205,0.19885060694602358,-0.634486493439969
2022-07-01,SPY,-0.10168791693555179,0.19906459029102963,-0.6112986581774578
2022-07-05,SPY,-0.1068183631832883,0.1989158077750408,-0.6375479385062778
2022-07-06,SPY,-0.10216657392396866,0.19894564590934607,-0.6140701062622729
2022-07-07,SPY,-0.0919290247497927,0.19949819809054234,-0.5610528106073102
2022-07-08,SPY,-0.08522212835655074,0.19934343524638445,-0.5278434588352424
2022-07-11,SPY,-0.10522379734398979,0.19934965386834125,-0.6281615990499424
2022-07-12,SPY,-0.11630678702223096,0.19949025293340056,-0.6832754233247512
2022-07-13,SPY,-0.11794080673923757,0.19952655970173377,-0.6913405761390419
2022-07-14,SPY,-0.12139402178651504,0.19952737513523197,-0.7086447245180447
2022-07-15,SPY,-0.10153939515472965,0.2004583317923225,-0.6063075256988874
2022-07-18,SPY,-0.10191366360461229,0.2004742789100193,-0.6081262108409026
2022-07-19,SPY,-0.06382245206767401,0.20180699136294267,-0.4153595051467881
2022-07-20,SPY,-0.07116672611637709,0.20138897379285894,-0.45268975952053725
2022-07-21,SPY,-0.06924413313845645,0.20148619658959965,-0.44292926587042974
2022-07-22,SPY,-0.07980689828304743,0.20167680665617277,-0.49488535611932066
2022-07-25,SPY,-0.08807050116998649,0.20140478558644795,-0.536583581444245
2022-07-26,SPY,-0.10106643606454668,0.20171605897818495,-0.6001824380162003
2022-07-27,SPY,-0.07350181043503023,0.20337821284678434,-0.4597434952654941
2022-07-28,SPY,-0.061496263615637536,0.2037781828617574,-0.3999263437878647
2022-07-29,SPY,-0.051746988737438326,0.20426643482826018,-0.35124218424706244
2022-08-01,SPY,-0.049941246337151024,0.20423118427529313,-0.3424611505110494
2022-08-02,SPY,-0.05422477965726269,0.20432446423435444,-0.3632691755018085
2022-08-03,SPY,-0.0471661210107448,0.20476841067511614,-0.3280101690944411
2022-08-04,SPY,-0.0431030673910181,0.20471229114392087,-0.30825246026216446
2022-08-05,SPY,-0.05073199100058701,0.2046166963472824,-0.345680446724339
2022-08-08,SPY,-0.05339792356494144,0.2046115206842366,-0.3587184305140452
2022-08-09,SPY,-0.05638926247554743,0.20464639758828582,-0.3732744058814551
2022-08-10,SPY,-0.03776681706301044,0.20573237187138238,-0.2807862298847383
2022-08-11,SPY,-0.04015179825588022,0.2057164118633747,-0.29240155275423374
2022-08-12,SPY,-0.02681930925124454,0.20639618443074845,-0.2268419320850076
2022-08-15,SPY,-0.02458405693834098,0.2064296377920481,-0.21597701480857034
2022-08-16,SPY,-0.024969363852956117,0.20642545537543136,-0.2178479576134114
2022-08-17,SPY,-0.02550187298360307,0.20644342466666965,-0.22040843905332366
2022-08-18,SPY,-0.01185458960895458,0.20617186847668245,-0.15450502459096285
2022-08-19,SPY,-0.02664027840844274,0.206605777264703,-0.22574527695170543
2022-08-22,SPY,-0.05443200510224222,0.20749235351127326,-0.35872167741448
2022-08-23,SPY,-0.0649448494412469,0.20731060575879223,-0.4097467620160302
2022-08-24,SPY,-0.06343802044925861,0.20733071120646834,-0.4024392718460684
2022-08-25,SPY,-0.052205111188578845,0.20781084065768057,-0.3474559409897185
2022-08-26,SPY,-0.07884929036772315,0.21045293248672978,-0.46969785215017684
2022-08-29,SPY,-0.09304908296593217,0.21034656018572637,-0.5374420331196051
2022-08-30,SPY,-0.10693281567215618,0.21056366407142932,-0.6028239308615796
2022-08-31,SPY,-0.11241349902877218,0.21068553665501033,-0.6284887948696465
2022-09-01,SPY,-0.11010126100532669,0.21071304017656037,-0.617433362910584
2022-09-02,SPY,-0.12218521450657094,0.21092917154954718,-0.6740898542484043
2022-09-06,SPY,-0.12528513219207993,0.2109555891967604,-0.6887000849101514
2022-09-07,SPY,-0.10637579235154515,0.2117327466198474,-0.596864653054564
2022-09-08,SPY,-0.09943742591634996,0.2118430627442009,-0.5638014498523838
2022-09-09,SPY,-0.08151578715260732,0.21239779936615671,-0.47795121915365174
2022-09-12,SPY,-0.06426628693839731,0.2125424106816801,-0.3964681056742177
2022-09-13,SPY,-0.10723926805605244,0.21689040095750833,-0.586652371401998
2022-09-14,SPY,-0.09897028216417791,0.21687113581420486,-0.5485759168343207
2022-09-15,SPY,-0.11657867942885869,0.2169752276999818,-0.6294666947772958
2022-09-16,SPY,-0.12192622733856451,0.21709255469888097,-0.6537590731078907
2022-09-19,SPY,-0.10641246588901643,0.2170435594885429,-0.5824290118854661
2022-09-20,SPY,-0.10169114171149529,0.21671324645763435,-0.5615307033632801
2022-09-21,SPY,-0.11652617034130441,0.21738706927433316,-0.6280326184857584
2022-09-22,SPY,-0.13241052026815292,0.21729387067243777,-0.701402758377414
2022-09-23,SPY,-0.15718692825894154,0.21753081751948455,-0.8145371321609207
2022-09-26,SPY,-0.16689688111057932,0.21771796599052406,-0.858435730190102
2022-09-27,SPY,-0.16663934990971185,0.2177150132342085,-0.8572644905702171
2022-09-28,SPY,-0.13276549128470094,0.2177723915824767,-0.701491544334922
2022-09-29,SPY,-0.15230822640911823,0.21871600594026414,-0.7878171772036618
2022-09-30,SPY,-0.1550896822503275,0.21891343337276606,-0.7998124169574581
2022-10-03,SPY,-0.14296791321599722,0.2202203087107192,-0.7400221812878821
2022-10-04,SPY,-0.10486790881741581,0.22210759856024573,-0.5621955737977417
2022-10-05,SPY,-0.11614840027576834,0.22185389426935975,-0.6136849692188242
2022-10-06,SPY,-0.12888643913931008,0.2220279584786563,-0.6705751841321489
2022-10-07,SPY,-0.16044390649168405,0.22352681714131903,-0.8072584256304381
2022-10-10,SPY,-0.16533172039145727,0.22363441901940664,-0.828726281062194
2022-10-11,SPY,-0.16456935917654736,0.22360929931752577,-0.8254100332135936
2022-10-12,SPY,-0.16527035335414597,0.22361780828163166,-0.8285134121375984
2022-10-13,SPY,-0.14631213421835054,0.22520519626403357,-0.7384915489399453
2022-10-14,SPY,-0.17956688774367824,0.2256247906874617,-0.884507802248206
2022-10-17,SPY,-0.16484458081172493,0.22701281196247394,-0.8142473511243075
2022-10-18,SPY,-0.15752593487874522,0.2273216307193197,-0.7809460732663025
2022-10-19,SPY,-0.16990003832289946,0.22726141006398048,-0.8356017780116617
2022-10-20,SPY,-0.18008122223133827,0.2273466902428389,-0.8800709701013144
2022-10-21,SPY,-0.16234076834176392,0.22869317720212187,-0.7973161708300938
2022-10-24,SPY,-0.15121120265484334,0.22905257409373941,-0.7474755668311128
2022-10-25,SPY,-0.14225746661882066,0.2295722077173531,-0.7067818366698392
2022-10-26,SPY,-0.14948521863547237,0.22967531838099123,-0.7379339662188951
2022-10-27,SPY,-0.1502623737550769,0.22969259690924052,-0.741261912861534
2022-10-28,SPY,-0.13836030010224976,0.2307553775955037,-0.6862691641355508
2022-10-31,SPY,-0.1463164924444188,0.23083963142591887,-0.7204850025841127
2022-11-01,SPY,-0.1515117255088131,0.23086068286843034,-0.742923062419248
2022-11-02,SPY,-0.17613665910859388,0.23211471773593245,-0.8449988049949104
2022-11-03,SPY,-0.18956770304624004,0.23221411327636082,-0.9024761677462342
2022-11-04,SPY,-0.18175878989940908,0.23264317713432256,-0.8672456780579403
2022-11-07,SPY,-0.1767882276551077,0.23283235035170904,-0.8451928065745407
2022-11-08,SPY,-0.1730525766950488,0.23290636153273056,-0.8288849451109516
2022-11-09,SPY,-0.1874035677864625,0.2337453814612093,-0.887305522316306
2022-11-10,SPY,-0.1357954730536457,0.24016358248782682,-0.6487056507059829
2022-11-11,SPY,-0.127713207536572,0.24037652781397098,-0.6145076180270324
2022-11-14,SPY,-0.14161193805290473,0.24037789851775773,-0.6723244485015155
2022-11-15,SPY,-0.13458706745493432,0.24054576926234428,-0.6426513670516416
2022-11-16,SPY,-0.1445747334411358,0.2406112178045542,-0.6839861206089652
2022-11-17,SPY,-0.1451153461971052,0.24061710565678723,-0.6862161596799495
2022-11-18,SPY,-0.14414089436608302,0.2406384540079809,-0.6821058381659948
2022-11-21,SPY,-0.14572509017283897,0.24065545632509922,-0.6886404850466489
2022-11-22,SPY,-0.13178498872136668,0.2410487870547759,-0.6296857601978934
2022-11-23,SPY,-0.1274707910445173,0.24113684138377944,-0.6115647455537967
2022-11-25,SPY,-0.12998880477932162,0.24111690573636613,-0.6220584339420699
2022-11-28,SPY,-0.1243415654246307,0.24062211531019165,-0.5998682425285663
2022-11-29,SPY,-0.13643870709395223,0.24028844797146062,-0.6510454764455953
2022-11-30,SPY,-0.09155984959279073,0.2416447525177806,-0.4616688276091656
2022-12-01,SPY,-0.08203229674983792,0.24140002278753075,-0.4226689607218558
2022-12-02,SPY,-0.0969231069189731,0.24089683527706504,-0.4853658902762055
2022-12-05,SPY,-0.10538461809026822,0.2414009724975341,-0.5194039476852108
2022-12-06,SPY,-0.12860048563019033,0.24150000587437243,-0.6153229068967057
2022-12-07,SPY,-0.14771218779884498,0.24057065907847308,-0.6971431530398643
2022-12-08,SPY,-0.14330387916572151,0.24069508010086907,-0.6784678735322928
2022-12-09,SPY,-0.1439239015861209,0.24071490022315487,-0.6809877636746008
2022-12-12,SPY,-0.13968011335912534,0.2409737105008578,-0.662645369186681
2022-12-13,SPY,-0.1254202580952326,0.2409603716155044,-0.6035027964153241
2022-12-14,SPY,-0.1249919484091242,0.24094776475068036,-0.6017567689791767
2022-12-15,SPY,-0.15952847962065453,0.24160229125232477,-0.7430744083182491
2022-12-16,SPY,-0.16206168434818224,0.2417230840756449,-0.7531828623004321
2022-12-19,SPY,-0.1602296877568733,0.24164239501737306,-0.7458529276036828
2022-12-20,SPY,-0.15004255786300635,0.24143890943549917,-0.7042881292852821
2022-12-21,SPY,-0.15238649906475576,0.24124169095028258,-0.7145800478586549
2022-12-22,SPY,-0.17274992019671476,0.24139765928220305,-0.7984746860009224
2022-12-23,SPY,-0.1731364011038199,0.2413847052918137,-0.800118635811388
2022-12-27,SPY,-0.18789001295013952,0.2409493714098592,-0.8627954152099234
2022-12-28,SPY,-0.1973269030245821,0.24123409909947222,-0.9008962822248772
2022-12-29,SPY,-0.18392240668711202,0.24195423816766207,-0.8428139479243347
2022-12-30,SPY,-0.18381575675143402,0.24195315166179582,-0.8423769450886485
2023-01-03,SPY,-0.1851983722462377,0.24197188420750598,-0.8480256824808096
2023-01-04,SPY,-0.18363472528462987,0.24203152357292224,-0.8413562096314131
2023-01-05,SPY,-0.1926816645657614,0.24226867101225025,-0.877875227024328
2023-01-06,SPY,-0.1580001121797383,0.24270726713832436,-0.733394241872008
2023-01-09,SPY,-0.15768615919659912,0.24270697721917533,-0.732101570512909
2023-01-10,SPY,-0.1484123312585246,0.24280096010690408,-0.6936230037326602
2023-01-11,SPY,-0.1365672925034439,0.24315656330587013,-0.6438949883762572
2023-01-12,SPY,-0.14124536105251484,0.2430018577070652,-0.6635560837847317
2023-01-13,SPY,-0.14023800578742784,0.24302020924193501,-0.6593608255349058
2023-01-17,SPY,-0.1298233599980757,0.2426573708506533,-0.6174276077947225
2023-01-18,SPY,-0.14391191117696023,0.24314087916409763,-0.6741437792792335
2023-01-19,SPY,-0.13482224647566576,0.24262284313288687,-0.6381190018075426
2023-01-20,SPY,-0.10945772345412819,0.24316528835200824,-0.5323857049313881
2023-01-23,SPY,-0.08868614935124042,0.2432378943885732,-0.44683066190999826
2023-01-24,SPY,-0.07143580218837009,0.24246016023287695,-0.3771168100381864
2023-01-25,SPY,-0.07501576929764098,0.24242013721541353,-0.3919466855726196
2023-01-26,SPY,-0.05329169377756271,0.24237573437363472,-0.30238874352240136
2023-01-27,SPY,-0.04872979614037687,0.24237545723265505,-0.283567473889914
2023-01-30,SPY,-0.05600381046759062,0.24264778990936514,-0.3132268812173393
2023-01-31,SPY,-0.0653366817796821,0.2418120091130428,-0.35290506080609396
2023-02-01,SPY,-0.07211547646020733,0.2413675228513124,-0.3816398965860558
2023-02-02,SPY,-0.06492637646887889,0.24171843715371163,-0.3513442229269139
2023-02-03,SPY,-0.08376571303433156,0.24174094471872595,-0.42924343311004515
2023-02-06,SPY,-0.0674455232390001,0.24068314608624589,-0.3633221713317021
2023-02-07,SPY,-0.05967081610144298,0.24099866656445182,-0.33058612828522066
2023-02-08,SPY,-0.066958604164858,0.241221504989412,-0.3604927519570649
2023-02-09,SPY,-0.08259569601679817,0.2412234215957926,-0.42531399039979306
2023-02-10,SPY,-0.09371916179120865,0.24077568254023676,-0.4723033513660778
2023-02-13,SPY,-0.06630586126156857,0.24041664939869464,-0.3589845440298245
2023-02-14,SPY,-0.04796235010522587,0.23961349087765246,-0.28363323724509193
2023-02-15,SPY,-0.04173803563107603,0.23961506134815916,-0.2576550709446893
2023-02-16,SPY,-0.06993122304499078,0.23945291139374955,-0.3755695536192936
2023-02-17,SPY,-0.07329333842764707,0.2394606075358186,-0.389597852388695
2023-02-21,SPY,-0.07206187133815123,0.23934866767639865,-0.38463498557100656
2023-02-22,SPY,-0.0673015294444056,0.2392684132535502,-0.36486859363209423
2023-02-23,SPY,-0.052168372441455446,0.2390949455519401,-0.3018398079259181
2023-02-24,SPY,-0.04535942323728859,0.2386760549819001,-0.27384156002681165
2023-02-27,SPY,-0.05630963061138161,0.2382190515126685,-0.3203338697170636
2023-02-28,SPY,-0.08009439920383044,0.23720147235456046,-0.4219805139076575
2023-03-01,SPY,-0.08127242576839899,0.2372175542553647,-0.42691792387075717
2023-03-02,SPY,-0.05980798751828631,0.2368718941683351,-0.3369246815815559
2023-03-03,SPY,-0.061985437864717774,0.23669833120049633,-0.3463710007962484
2023-03-06,SPY,-0.05663903939204962,0.23664994875034487,-0.3238498034618228
2023-03-07,SPY,-0.06349067568671662,0.23700396095539994,-0.3522754444700109
2023-03-08,SPY,-0.03346961153366279,0.23517340291081273,-0.22736249453319615
2023-03-09,SPY,-0.04405409606714983,0.23577432479907304,-0.2716754511829766
2023-03-10,SPY,-0.08244850743538656,0.2346580719024964,-0.43658633434078203
2023-03-13,SPY,-0.07960007674705971,0.23462178822590318,-0.4245133305827539
2023-03-14,SPY,-0.05233610670732225,0.23488064198190106,-0.3079696398006958
2023-03-15,SPY,-0.051329715785020436,0.2348505427279967,-0.3037238703239206
2023-03-16,SPY,-0.05545640726683321,0.23447248296332332,-0.3218134866539382
2023-03-17,SPY,-0.08675113460955419,0.23368436688179747,-0.45681761272268245
2023-03-20,SPY,-0.08936240930915129,0.2335435104652388,-0.4682742375983471
2023-03-21,SPY,-0.08740092675061872,0.23365863282108948,-0.4596488708930123
2023-03-22,SPY,-0.10269539141218464,0.23426123616544609,-0.5237545631558587
2023-03-23,SPY,-0.11067592291604511,0.2339702249933783,-0.5585151825183885
2023-03-24,SPY,-0.09316121227769258,0.23373321635248615,-0.4841469006571899
2023-03-27,SPY,-0.10495774931342561,0.23323479264078212,-0.5357594718120807
2023-03-28,SPY,-0.11130681540192333,0.23318366757894549,-0.5631046838109652
2023-03-29,SPY,-0.10475789809324165,0.23354030993215355,-0.5342028454509006
2023-03-30,SPY,-0.11051946747308428,0.2332752683685791,-0.5595083798890381
2023-03-31,SPY,-0.0923782822541126,0.23364806103065905,-0.48097245814236156
2023-04-03,SPY,-0.07467797307634905,0.23318952159810052,-0.4060129821764696
2023-04-04,SPY,-0.08241199135225985,0.233230655016507,-0.43910176106572096
2023-04-05,SPY,-0.09258798256801515,0.2330750891671021,-0.4830545510905961
2023-04-06,SPY,-0.07739465584619987,0.23278150461760858,-0.4183951641956718
2023-04-10,SPY,-0.06711943397086761,0.2325771296367324,-0.3745829785883998
2023-04-11,SPY,-0.07154729245200919,0.23251880641647615,-0.3937199483470349
2023-04-12,SPY,-0.07285251276443316,0.23253808450390318,-0.3993002391953333
2023-04-13,SPY,-0.04420067197980104,0.2323055935546656,-0.27636300528722957
2023-04-14,SPY,-0.04298951122851147,0.2322892031162989,-0.2711684847314013
2023-04-17,SPY,-0.050431596374511,0.2320305525853583,-0.3035444926960684
2023-04-18,SPY,-0.03783169023799693,0.23169993757832025,-0.2495973492373014
2023-04-19,SPY,-0.03838955009047851,0.23169951286783708,-0.25200549352809515
2023-04-20,SPY,-0.05883000404820293,0.2311902891978931,-0.34097454664597276
2023-04-21,SPY,-0.05739975449888013,0.23119127530868486,-0.3347866583439905
2023-04-24,SPY,-0.04209247221889978,0.23071437649147297,-0.2691313526411072
2023-04-25,SPY,-0.030701349957484303,0.22962399917666407,-0.22080161542033155
2023-04-26,SPY,-0.04037054282762642,0.22958801023062567,-0.26295163570163366
2023-04-27,SPY,0.007924116960144945,0.22861059561493632,-0.052822936781964605
2023-04-28,SPY,0.013676602363135837,0.22874948285763574,-0.02764333085202901
2023-05-01,SPY,-0.01229575783959147,0.22735946303447171,-0.1420471240059837
2023-05-02,SPY,0.014079289846660181,0.22459432248985378,-0.026361797964003706
2023-05-03,SPY,0.0010924439759785187,0.22462610717199175,-0.08417345722660964
2023-05-04,SPY,-0.010534078682197467,0.22469546698839693,-0.13589094204456834
2023-05-05,SPY,-0.021999276407013157,0.22338730066852866,-0.18801102963920688
2023-05-08,SPY,0.0143128240337409,0.22051708614454996,-0.025790182818446684
2023-05-09,SPY,0.015928578317735642,0.2204786372688919,-0.018466286496949466
2023-05-10,SPY,0.05443569064872156,0.21814328895525123,0.1578581253342408
2023-05-11,SPY,0.05017036398978281,0.21814353184375987,0.13830510460145853
2023-05-12,SPY,0.06572448419778909,0.21754464395473688,0.21018437120107947
2023-05-15,SPY,0.07051898922889932,0.21756222957097135,0.23220477804682282
2023-05-16,SPY,0.03853610683947917,0.21638607036342122,0.08566220001291075
2023-05-17,SPY,0.05542516472158532,0.21666889096800837,0.16349908177088476
2023-05-18,SPY,0.044114529680495895,0.21591667680511425,0.11168442399778873
2023-05-19,SPY,0.08638883942724362,0.21204739152535737,0.3130849144131283
2023-05-22,SPY,0.09352785145889131,0.21194563858534235,0.3469184454545144
2023-05-23,SPY,0.08078340583987442,0.21226648784933314,0.28635422602845584
2023-05-24,SPY,0.05324730982385817,0.21160417015198754,0.1571202958806428
2023-05-25,SPY,0.07054053390701043,0.21161859133052943,0.23882842045796723
2023-05-26,SPY,0.07490796423828239,0.2118240184240498,0.25921500614893594
2023-05-30,SPY,0.05425190955885717,0.21090744130867797,0.16240256553455157
2023-05-31,SPY,0.02328521172519271,0.20957607448268079,0.015675509398207565
2023-06-01,SPY,0.038836428556053404,0.20970179072949463,0.08982483406806718
2023-06-02,SPY,0.06245271448834999,0.21001503111106132,0.2021413146657103
2023-06-05,SPY,0.040600320924337074,0.20918399824404393,0.09847943005804759
2023-06-06,SPY,0.06026672060021765,0.20852289993575288,0.1931045492491427
2023-06-07,SPY,0.05339332919643369,0.20853891682781167,0.16012996377077282
2023-06-08,SPY,0.049695783116605385,0.20841031916472338,0.14248710541599635
2023-06-09,SPY,0.0631380995502775,0.2081146340593286,0.20728047186715295
2023-06-12,SPY,0.09891820508645321,0.2068827497588547,0.3814634384860087
2023-06-13,SPY,0.13919492766138242,0.20484671938982232,0.5818737445072529
2023-06-14,SPY,0.1855650485306375,0.20115416579649945,0.8230754151924141
2023-06-15,SPY,0.2038911409027353,0.20145439476428467,0.9128177179649044
2023-06-16,SPY,0.18292623759671134,0.20104523085317533,0.81039593381699
2023-06-20,SPY,0.2170688853289282,0.19824621383996466,0.9940612812308898
2023-06-21,SPY,0.20822852255298652,0.1983319754689049,0.9490578718230817
2023-06-22,SPY,0.18281417660648147,0.1968411360662321,0.8271349163098642
2023-06-23,SPY,0.17600421701278202,0.1969998845767955,0.7919000427229574
2023-06-26,SPY,0.159830030977397,0.1968465133802398,0.7103505598155729
2023-06-27,SPY,0.13641459643503118,0.19462895929568638,0.598136047463371
2023-06-28,SPY,0.14134755176321612,0.19457879732186315,0.6236422129924499
2023-06-29,SPY,0.1697471346961814,0.19345705972768135,0.7740587751461335
2023-06-30,SPY,0.18451559734587897,0.19376923250962952,0.8490284820512113
2023-07-03,SPY,0.19559170910878998,0.19356480978350957,0.9071468584872354
2023-07-05,SPY,0.18131909705386295,0.19332777722127167,0.834433103057025
2023-07-06,SPY,0.16985944547055087,0.19351377512348808,0.7744122886079825
2023-07-07,SPY,0.16297815014404415,0.19352169491847684,0.7388223330943607
2023-07-10,SPY,0.14871758752829867,0.19299761951005942,0.6669387314468387
2023-07-11,SPY,0.15698487182713983,0.1930774695180212,0.7094813919464287
2023-07-12,SPY,0.17977090221320324,0.19283639514288467,0.8285308491419314
2023-07-13,SPY,0.19975129172754058,0.19272985337897874,0.9326593082291332
2023-07-14,SPY,0.2053340546729241,0.1926395846942587,0.9620766934639663
2023-07-17,SPY,0.21246358432706458,0.19263022571180852,0.9991349156959758
2023-07-18,SPY,0.19857399894539385,0.19187099726074763,0.9306982373303481
2023-07-19,SPY,0.21124030779060732,0.19166089928679644,0.9978055435524188
2023-07-20,SPY,0.17155000240060203,0.1899919183604779,0.7976655202410307
2023-07-21,SPY,0.16413105209574552,0.18990772547063683,0.7589530743868068
2023-07-24,SPY,0.1575439186810983,0.1897062943928551,0.725036136103445
2023-07-25,SPY,0.17157419845332278,0.189455126470534,0.8000532964036587
2023-07-26,SPY,0.17033244822196814,0.18945519837836394,0.7934986714998279
2023-07-27,SPY,0.17649232197506048,0.18918114490220928,0.8272088746262417
2023-07-28,SPY,0.15794287345514912,0.1876992463162405,0.7349143705283688
2023-07-31,SPY,0.14577687092607228,0.18732371106684048,0.6714412724889527
2023-08-01,SPY,0.12608141615769375,0.18682917536368546,0.567798985095307
2023-08-02,SPY,0.11371436856832395,0.18735533518968395,0.5001958896630556
2023-08-03,SPY,0.11789800363269154,0.18725060642689373,0.5228180858838116
2023-08-04,SPY,0.09568407925610911,0.18669824055401169,0.4053818559378108
2023-08-07,SPY,0.10599525461441184,0.18687902347202678,0.4601653680370614
2023-08-08,SPY,0.10305005161192837,0.18692876110055795,0.4442871772271136
2023-08-09,SPY,0.0969490622741338,0.18705839122239712,0.411363862221223
2023-08-10,SPY,0.10171779779708512,0.18700607241185394,0.43697938116743845
2023-08-11,SPY,0.07842398512405713,0.18586684523153205,0.3143324730738238
2023-08-14,SPY,0.08437715543906132,0.18593784076674283,0.3462294451392593
2023-08-15,SPY,0.05390381803321942,0.18558150059250444,0.1826896426905429
2023-08-16,SPY,0.04187688926334254,0.18569691135920216,0.1178096560853673
2023-08-17,SPY,0.03191639047667394,0.18585441014423146,0.06411680232622018
2023-08-18,SPY,0.03979368495590241,0.18571038903780293,0.106583616880331
2023-08-21,SPY,0.043525894091213546,0.1857974815226913,0.12662116783504596
2023-08-22,SPY,0.054874869854711905,0.18531379660894837,0.188193596444982
2023-08-23,SPY,0.08930583814197135,0.18441373655210033,0.37581711339811796
2023-08-24,SPY,0.0768141380942986,0.18494380328265544,0.3071967651031149
2023-08-25,SPY,0.08094517797170253,0.18504315767493515,0.3293565605855298
2023-08-28,SPY,0.07265649095969406,0.18462632570692392,0.28520575686092053
2023-08-29,SPY,0.12628527700535952,0.18194371327110923,0.5841657020981362
2023-08-30,SPY,0.1384519432668181,0.1818367862229835,0.6514190320189799
2023-08-31,SPY,0.14940397614417833,0.18147819310212604,0.7130552378343156
2023-09-01,SPY,0.16037719401867,0.1812942060570611,0.7743060138087771
2023-09-05,SPY,0.15174827094395638,0.1813451110888154,0.7265057775912772
2023-09-06,SPY,0.15619682371254084,0.18114894298028017,0.7518499499462561
2023-09-07,SPY,0.15701268154286296,0.18113310893141849,0.7564198635531586
2023-09-08,SPY,0.13830565414324125,0.18029876304089523,0.6561645357289958
2023-09-11,SPY,0.13835120081645313,0.18030010371704888,0.6564122725197414
2023-09-12,SPY,0.11478819475622082,0.17977398887725948,0.5272631227031257
2023-09-13,SPY,0.10422016287419655,0.17948046187840433,0.46924418397839096
2023-09-14,SPY,0.16437125780380324,0.17415790720789343,0.8289675738435829
2023-09-15,SPY,0.1459693883503641,0.1745916414453689,0.7215087005741964
2023-09-18,SPY,0.15980930343102817,0.1741786478222578,0.8026776254096188
2023-09-19,SPY,0.16630167039535992,0.17400211458694448,0.8408039795531144
2023-09-20,SPY,0.14668682759265095,0.17413466148750995,0.7275221745656751
2023-09-21,SPY,0.14082924276510123,0.17455910336375624,0.6921967427462682
2023-09-22,SPY,0.15847214313982083,0.17364260918224955,0.7974548631349179
2023-09-25,SPY,0.1731983030191775,0.17344093248701456,0.8832880498416796
2023-09-26,SPY,0.17566043705651135,0.173244685588047,0.8985005025011349
2023-09-27,SPY,0.18788096356858408,0.17291821636592958,0.9708691605591996
2023-09-28,SPY,0.19782548389442844,0.17296007305186872,1.028130254322341
2023-09-29,SPY,0.17186030990267875,0.17194435337845396,0.8831945156607167
2023-10-02,SPY,0.1963859496647946,0.17057828511332115,1.034046916039842
2023-10-03,SPY,0.19891040387372905,0.17039235477392098,1.0499907939596818
2023-10-04,SPY,0.17657747084297593,0.16856857339860384,0.9288651359273636
2023-10-05,SPY,0.1407852102780487,0.16580641914907882,0.728471255201821
2023-10-06,SPY,0.15702327977951924,0.16616436699355153,0.8246249316788649
2023-10-09,SPY,0.17656801813718093,0.16589918407401844,0.9437539974116192
2023-10-10,SPY,0.21662861561241975,0.16345548554731226,1.2029490166942456
2023-10-11,SPY,0.23101137196327226,0.16326631923560314,1.2924366332946486
2023-10-12,SPY,0.23130428719259877,0.1632560065150627,1.2943124832169832
2023-10-13,SPY,0.22922580346388943,0.16330788534852306,1.2811739189284754
2023-10-16,SPY,0.21022016089898155,0.16158008464006418,1.1772500387205267
2023-10-17,SPY,0.23838584588467393,0.15983658961958158,1.3663069664113974
2023-10-18,SPY,0.19127209622723051,0.15851629806532821,1.0804699473655721
2023-10-19,SPY,0.167092174808521,0.1584150367832824,0.9285240706647597
2023-10-20,SPY,0.1609779178109063,0.15875553803409856,0.8880188972092813
2023-10-23,SPY,0.16876635330331058,0.1585149511612226,0.9385004519353074
2023-10-24,SPY,0.1496401581053186,0.1568837935543036,0.8263451257025163
2023-10-25,SPY,0.11944239718030936,0.15715699765423052,0.6327583159809267
2023-10-26,SPY,0.08865344608933023,0.15687900362796467,0.4376203602882414
2023-10-27,SPY,0.09194570629447574,0.15675554368908864,0.45896754016670666
2023-10-30,SPY,0.11093277948806612,0.1570738386192335,0.5789174078090654
2023-10-31,SPY,0.09193193095512298,0.15543071770273245,0.4627909593308043
2023-11-01,SPY,0.11160655616852488,0.15557955409408192,0.5888084504544129
2023-11-02,SPY,0.13788925653547013,0.15662117731169597,0.7527031692582388
2023-11-03,SPY,0.1778301106534197,0.1547197862268509,1.020102951939246
2023-11-06,SPY,0.19282154719791156,0.1543334811924997,1.1197929695005826
2023-11-07,SPY,0.1792433557170796,0.15373922126375478,1.035801758380719
2023-11-08,SPY,0.16892557517274853,0.15348141472967117,0.9703166695137201
2023-11-09,SPY,0.15358544365791982,0.15364026358519542,0.8694689825486082
2023-11-10,SPY,0.19623189983156664,0.15288508707842327,1.1527082411979626
2023-11-13,SPY,0.13283737308684596,0.1428821748772221,0.7897232330331373
2023-11-14,SPY,0.1437453898645984,0.14383437734900034,0.8603325028782379
2023-11-15,SPY,0.15600092863975457,0.1435530440252156,0.9473914646899827
2023-11-16,SPY,0.14762629248186876,0.14333445336070352,0.8904090362747266
2023-11-17,SPY,0.1578871410484015,0.1430982676942007,0.9635835798031093
2023-11-20,SPY,0.17038101704796604,0.14322465009310567,1.0499660285447252
2023-11-21,SPY,0.16255179615321325,0.14319974473331828,0.9954752113468379
2023-11-22,SPY,0.1712991455019457,0.14317131448139755,1.0567699685512366
2023-11-24,SPY,0.15645782244214157,0.14259441363947165,0.9569647152317937
2023-11-27,SPY,0.14714601543580708,0.14250029131877073,0.8922509158341551
2023-11-28,SPY,0.14853890275755788,0.14249854458933048,0.9020366006403562
2023-11-29,SPY,0.16634221581977693,0.1415334041188824,1.0339765141016133
2023-11-30,SPY,0.17294935585245197,0.1415513873821282,1.0805217715002267
2023-12-01,SPY,0.14385609844393366,0.1382303995394298,0.8960120122390594
2023-12-04,SPY,0.1386894674164536,0.1383468874223016,0.8579120905998842
2023-12-05,SPY,0.13978007618239774,0.13833834346087423,0.8658487096621533
2023-12-06,SPY,0.15598221846777327,0.13715868794653863,0.991422566835694
2023-12-07,SPY,0.18183864588702336,0.13650383834178118,1.1855977667221955
2023-12-08,SPY,0.18894229479315117,0.1365297438931119,1.237402854321728
2023-12-11,SPY,0.18428914574658628,0.13638040821998615,1.2046389059166211
2023-12-12,SPY,0.19865237405955294,0.13618677381825514,1.3118188282950978
2023-12-13,SPY,0.19791126782037116,0.13612503668241338,1.3069694756846766
2023-12-14,SPY,0.1927269327893748,0.13597557471571686,1.2702791155727324
2023-12-15,SPY,0.1984252572792733,0.1358084360955478,1.313800986219608
2023-12-18,SPY,0.23538623864566222,0.13351302329173537,1.6132226904564066
2023-12-19,SPY,0.25774767073156135,0.13300463800684859,1.7875141370582839
2023-12-20,SPY,0.25092631365714424,0.13349502810220615,1.7298495452605396
2023-12-21,SPY,0.26106146780273876,0.13376841343503573,1.8020806378167116
2023-12-22,SPY,0.24498056018081393,0.1330329267647835,1.6911644782393138
2023-12-26,SPY,0.2683316723682787,0.1321982197394007,1.8784797016011954
2023-12-27,SPY,0.2633576349329001,0.13211402407551184,1.8420272687614543
2023-12-28,SPY,0.26883860689530614,0.13202355119557965,1.884804677967469
2023-12-29,SPY,0.2810864866701621,0.13139425013042666,1.9870465139151694
2024-01-02,SPY,0.2513915808795022,0.13044759633628047,1.7738278617491618
2024-01-03,SPY,0.24444987463683865,0.1307161515785927,1.7170783558594045
2024-01-04,SPY,0.24568548858183603,0.13068106652633354,1.7269945416029961
2024-01-05,SPY,0.23783559593608894,0.13050278785000793,1.6692026241344062
2024-01-08,SPY,0.27000151259891436,0.1306015177927668,1.914231295501532
2024-01-09,SPY,0.2396473415287501,0.12875154310047202,1.7059783225848177
2024-01-10,SPY,0.24736532011468415,0.12883140318673908,1.7648284074428788
2024-01-11,SPY,0.23813278002874738,0.1286924691212707,1.6949925781841553
2024-01-12,SPY,0.22351570805788934,0.12814913444396822,1.588116134696753
2024-01-16,SPY,0.21460165606927695,0.12819690283181057,1.5179903084287996
2024-01-17,SPY,0.20318219828340123,0.12831696679732457,1.4275758136703447
2024-01-18,SPY,0.2161097499290794,0.12854688561555394,1.525589274216928
2024-01-19,SPY,0.2510211550271704,0.12798817007412971,1.8050195958998774
2024-01-22,SPY,0.26285979939655735,0.12772829325831886,1.9013782553673952
2024-01-23,SPY,0.2433798338493811,0.12650650393402052,1.7657577033816767
2024-01-24,SPY,0.22998109081825358,0.12601473353467568,1.6663217461033852
2024-01-25,SPY,0.2379994163883974,0.1260830356891153,1.729014654484697
2024-01-26,SPY,0.23596355221092824,0.12610037099918497,1.7126321714971329
2024-01-29,SPY,0.23220908012335362,0.12589019815918948,1.6856680124930221
2024-01-30,SPY,0.22843344534777366,0.1258924501377872,1.6556469043190973
2024-01-31,SPY,0.2237429847349901,0.12635083945465259,1.6125178559507207
2024-02-01,SPY,0.22179483112656606,0.1261830175681974,1.5992233742349933
2024-02-02,SPY,0.22167358478150945,0.12617523629958982,1.5983610627259437
2024-02-05,SPY,0.1997600671003552,0.12549748839381966,1.432379798201665
2024-02-06,SPY,0.2161700961056221,0.12499373492794698,1.569439430053874
2024-02-07,SPY,0.23385419546465314,0.12502600937962574,1.7104776560156518
2024-02-08,SPY,0.21846364637922266,0.12442382882845361,1.5950613981896482
2024-02-09,SPY,0.23905406742412771,0.12396095941016079,1.767121426507549
2024-02-12,SPY,0.24934098594289789,0.1235970171320622,1.855554375538443
2024-02-13,SPY,0.22926513153701755,0.12445775057298414,1.6814150229583407
2024-02-14,SPY,0.22604373938820155,0.12425292938889744,1.6582606172874061
2024-02-15,SPY,0.23507133418182757,0.12439353381769105,1.7289591153269452
2024-02-16,SPY,0.22494298398926826,0.12450761569688394,1.6460276975201718
2024-02-20,SPY,0.23520634442918809,0.12380670083669049,1.7382447232243108
2024-02-21,SPY,0.2394216216961862,0.12376054456732118,1.7729529428244308
2024-02-22,SPY,0.2909702374735599,0.12354676596071983,2.193260465917105
2024-02-23,SPY,0.29364332883351607,0.12352336508497809,2.215316338291648
2024-02-26,SPY,0.2820854045230574,0.12353840298652626,2.1214893360054345
2024-02-27,SPY,0.29833643491447415,0.12298132898475694,2.2632413977976515
2024-02-28,SPY,0.29221927668072745,0.12298190468613257,2.2134904917554334
2024-02-29,SPY,0.3016758120678147,0.12291565425515708,2.29161870206615
2024-03-01,SPY,0.31895563153785167,0.12309626898243674,2.42863276043327
2024-03-04,SPY,0.307373673960188,0.12293442504003589,2.337617586502718
2024-03-05,SPY,0.27387747515156513,0.12251286816528353,2.0722515026671
2024-03-06,SPY,0.27944620931501696,0.1225802683037273,2.11654137248391
2024-03-07,SPY,0.3122616736631374,0.12180018369329279,2.399517511394619
2024-03-08,SPY,0.3022598108417076,0.12200629601321779,2.31348561562043
2024-03-11,SPY,0.32559674195245836,0.12043765081901801,2.5373854427937936
2024-03-12,SPY,0.3594736003755499,0.11979896026636752,2.833694045597272
2024-03-13,SPY,0.3592797529275351,0.11980223431056275,2.8319985422644276
2024-03-14,SPY,0.3345328283651352,0.1188576934713762,2.6462975948703082
2024-03-15,SPY,0.3337103655042222,0.11889769059708394,2.6384899818391943
2024-03-18,SPY,0.3185038123408266,0.11785508639321242,2.5328038142104163
2024-03-19,SPY,0.34151659402214607,0.11723226259455084,2.742560681730719
2024-03-20,SPY,0.3410298971934309,0.11720641313649784,2.7390130676515247
2024-03-21,SPY,0.3280240998963604,0.11661196029185388,2.641445175310014
2024-03-22,SPY,0.34849367949968757,0.11521375834423471,2.8511671194530157
2024-03-25,SPY,0.34114224841862506,0.11527243768208438,2.7859413306094845
2024-03-26,SPY,0.3299379122309869,0.11518578517779865,2.6907652862944196
2024-03-27,SPY,0.33861154126543247,0.1154114119742059,2.7606588968571075
2024-03-28,SPY,0.34136617388691426,0.11536842432813108,2.785564384349083
2024-04-01,SPY,0.3198494135869483,0.11462427885928428,2.615932824799283
2024-04-02,SPY,0.3038230468096017,0.11476914175583564,2.4729909317734373
2024-04-03,SPY,0.2871139375798235,0.11402285003432794,2.342635160403425
2024-04-04,SPY,0.266577212965583,0.11475297545636853,2.148765310746446
2024-04-05,SPY,0.28694879921018135,0.11495620427847779,2.3221782668076467
2024-04-08,SPY,0.2910491304049485,0.11489892181960151,2.3590224008412592
2024-04-09,SPY,0.28752012371320457,0.11486309606371388,2.3290345888361976
2024-04-10,SPY,0.2733209666274463,0.11539266847310793,2.195295160250864
2024-04-11,SPY,0.28258615763332506,0.11557665580423426,2.2719653532638806
2024-04-12,SPY,0.2700593342030695,0.11641307230056713,2.1480348320113123
2024-04-15,SPY,0.23770772036688226,0.11653485910149468,1.8681768017351124
2024-04-16,SPY,0.23847582002550083,0.11651881532754908,1.8750261012467193
2024-04-17,SPY,0.22674437673144876,0.11668433344720645,1.7718263508356054
2024-04-18,SPY,0.2234219435500937,0.11672013538422538,1.7428179198084277
2024-04-19,SPY,0.21294867825327146,0.11710668310583383,1.6476316563325109
2024-04-22,SPY,0.23083556417590545,0.11723907190852921,1.7983387342097088
2024-04-23,SPY,0.24447446160027098,0.1177553231971049,1.9062786760351726
2024-04-24,SPY,0.24258745382461822,0.11776319608229485,1.8901274865966653
2024-04-25,SPY,0.2578337862658997,0.11665129500150437,2.0388439430769503
2024-04-26,SPY,0.27515143080339777,0.1168463303196141,2.1836495002065757
2024-04-29,SPY,0.2546887513449285,0.11532248489378344,2.0350649880731075
2024-04-30,SPY,0.22436306696535246,0.11628021367767441,1.757505086220785
2024-05-01,SPY,0.22162089696005016,0.1163372724244682,1.733072236938959
2024-05-02,SPY,0.24706299436358337,0.11601604267400309,1.957168932245124
2024-05-03,SPY,0.2712467606870146,0.11631969260778384,2.1599675433650667
2024-05-06,SPY,0.2935369307647291,0.11641101053899466,2.349751363708859
2024-05-07,SPY,0.27142664838851105,0.11508305990244384,2.1847407307526057
2024-05-08,SPY,0.27121050374913547,0.1150842432870577,2.1828401228006027
2024-05-09,SPY,0.2841669908573672,0.11505673181116527,2.2959716193827435
2024-05-10,SPY,0.2798412245749593,0.1149986033405746,2.259516350867544
2024-05-13,SPY,0.28224898852328617,0.11496885114304331,2.2810438298369884
2024-05-14,SPY,0.28982230011264365,0.11500048450240727,2.3462709855539394
2024-05-15,SPY,0.3013046891611537,0.11553441125259284,2.4348130233349905
2024-05-16,SPY,0.30736387755291084,0.11531510550897413,2.4919881596132036
2024-05-17,SPY,0.29354115580897844,0.11478102191643481,2.383156651176423
2024-05-20,SPY,0.2826749292501842,0.11445699569360578,2.294966136917909
2024-05-21,SPY,0.2876946903384223,0.11443905545423004,2.3391899668857974
2024-05-22,SPY,0.2834655371547625,0.11450417315380829,2.3009251968560234
2024-05-23,SPY,0.2885521604504939,0.11415012866837977,2.3526224944579
2024-05-24,SPY,0.30654333345244833,0.11398250164603002,2.513923885811016
2024-05-28,SPY,0.29623129863563236,0.11372922132908639,2.428850698241665
2024-05-29,SPY,0.27069789228798236,0.11338381989043202,2.2110552681171196
2024-05-30,SPY,0.26178783683277573,0.11363751308888405,2.1277114419395655
2024-05-31,SPY,0.2803802668073738,0.11374151448557314,2.289228062286793
2024-06-03,SPY,0.2693637132598048,0.11342146121020313,2.1985584615036915
2024-06-04,SPY,0.2526678704336296,0.11261024646488148,2.0661341018038635
2024-06-05,SPY,0.2699896598469398,0.11310596748655471,2.21022520210224
2024-06-06,SPY,0.26720669245717654,0.1131038309997766,2.185661531285044
2024-06-07,SPY,0.2700575114126944,0.11303800832623605,2.212154257805126
2024-06-10,SPY,0.26632207933116203,0.11294334396156543,2.1809348890447704
2024-06-11,SPY,0.26709826748285903,0.11294955332368553,2.187686982477358
2024-06-12,SPY,0.2660201555329569,0.11289093345462403,2.1792729318855666
2024-06-13,SPY,0.2602603994000554,0.11275439071230803,2.130829654457342
2024-06-14,SPY,0.2595273461204468,0.11275461176871353,2.1243241616739743
2024-06-17,SPY,0.2540047558383809,0.11238856873278,2.0821045990429945
2024-06-18,SPY,0.2614877404634459,0.1123158714504905,2.15007671974388
2024-06-20,SPY,0.2646222471283166,0.1122074486020063,2.1800892024198713
2024-06-21,SPY,0.2694309137067987,0.11206530827958652,2.2257638651607077
2024-06-24,SPY,0.26075342361374365,0.11211316272226163,2.147414431703823
2024-06-25,SPY,0.27524930254808244,0.11182442961414212,2.2825898010733225
2024-06-26,SPY,0.28207931026027433,0.11170851100851847,2.34609975456829
2024-06-27,SPY,0.27017523116831077,0.11126240754677504,2.2485153492938426
2024-06-28,SPY,0.2645389602956425,0.1113697397801731,2.1957397115080375
2024-07-01,SPY,0.2621669525798742,0.11133498261601242,2.1751200466352367
2024-07-02,SPY,0.25584107190711025,0.11095356319530454,2.1255835785280204
2024-07-03,SPY,0.25999582579340785,0.11100962857873893,2.161937021734824
2024-07-05,SPY,0.26914915298170783,0.11108724084413923,2.2428242081489462
2024-07-08,SPY,0.28064174780149287,0.11073534679533123,2.3537357794456457
2024-07-09,SPY,0.28513160673738924,0.11067859345011603,2.395509361590204
2024-07-10,SPY,0.294571673516961,0.11102398829692027,2.473084220165575
2024-07-11,SPY,0.27528742227784675,0.1113146187018907,2.293386306802402
2024-07-12,SPY,0.27308826848622325,0.11121752370063481,2.275615029583496
2024-07-15,SPY,0.26653660279924707,0.1110126716199719,2.2207969522903865
2024-07-16,SPY,0.2748416238101026,0.11111208756047446,2.2935544584328063
2024-07-17,SPY,0.2526176877447668,0.11209221370658044,2.0752350234930796
2024-07-18,SPY,0.23382355423241163,0.11222970873094883,1.905231303281882
2024-07-19,SPY,0.22291076869205018,0.11247130289226512,1.8041114797648954
2024-07-22,SPY,0.2437704163517258,0.11261947453857941,1.9869602239625976
2024-07-23,SPY,0.2418195536021499,0.1126428550498164,1.969228793997187
2024-07-24,SPY,0.20827928877807822,0.11501860985236016,1.6369463082518274
2024-07-25,SPY,0.1987110804059955,0.11515726341705614,1.5518871767451736
2024-07-26,SPY,0.21194978940996823,0.11562905430088263,1.6600480784914888
2024-07-29,SPY,0.2207556751381885,0.11538909797634368,1.7398149275709403
2024-07-30,SPY,0.2027952742394985,0.11518556748511607,1.58696335166399
2024-07-31,SPY,0.2200227902217451,0.11621804821808211,1.7210992035110084
2024-08-01,SPY,0.20619819386701632,0.11712277589868686,1.5897693035219798
2024-08-02,SPY,0.20044000021675767,0.11780783840294515,1.5316468128342025
2024-08-05,SPY,0.16882810476475418,0.12148646314115158,1.2250591622857203
2024-08-06,SPY,0.1849635304348427,0.12167628259831176,1.3557574813444504
2024-08-07,SPY,0.16685809259374262,0.12163176991227329,1.2073991252422274
2024-08-08,SPY,0.19904709944234455,0.12358575612490455,1.4487680866829575
2024-08-09,SPY,0.2124399256267484,0.12341341950132008,1.5593111867764915
2024-08-12,SPY,0.21264181604096843,0.12341294121912308,1.560953123213615
2024-08-13,SPY,0.2333038941782679,0.12439290726144134,1.7147592967656826
2024-08-14,SPY,0.23040242461824612,0.12432646437340668,1.6923381974920138
2024-08-15,SPY,0.26624205133678247,0.12475229713190582,1.9738478328492859
2024-08-16,SPY,0.27846251715111614,0.12447945022770146,2.0763468723418117
2024-08-19,SPY,0.30059711395045685,0.12446983589012439,2.25433826552285
2024-08-20,SPY,0.29785741561835644,0.12449775013283257,2.2318268026682984
2024-08-21,SPY,0.29389928177689106,0.1244008827422747,2.2017470916531754
2024-08-22,SPY,0.28723054306301665,0.12466285722261465,2.14362600871416
2024-08-23,SPY,0.2865780562050675,0.12462219468509646,2.1390897253789696
2024-08-26,SPY,0.3015495549058318,0.12377103281796309,2.27476129507558
2024-08-27,SPY,0.2942126421881386,0.12362607914199629,2.218080878171177
2024-08-28,SPY,0.27859170272326494,0.12370121773740558,2.0904539781670257
2024-08-29,SPY,0.2604859185240491,0.12296511750357915,1.9557247080014322
2024-08-30,SPY,0.26729862866223497,0.12322506726732896,2.0068857266333344
2024-09-03,SPY,0.24303814723575834,0.1250729268951534,1.7832647941686661
2024-09-04,SPY,0.2381843282978604,0.12510363220749376,1.744028726008413
2024-09-05,SPY,0.24053437699242286,0.12503901146808685,1.7637245720605275
2024-09-06,SPY,0.22791048858554563,0.12606091906994776,1.6492858383031603
2024-09-09,SPY,0.24548254713703677,0.12642265888859483,1.7835611837252585
2024-09-10,SPY,0.24902614483042096,0.1264684076620517,1.8109356246693924
2024-09-11,SPY,0.2535954932129232,0.12668735001866285,1.843873860953846
2024-09-12,SPY,0.2711276839047472,0.12674379381278247,1.9813805185261877
2024-09-13,SPY,0.2762784096955493,0.1268145392310371,2.020891383981204
2024-09-16,SPY,0.267236518776909,0.12658445169014718,1.95313496622866
2024-09-17,SPY,0.28321496003121993,0.12590916026393306,2.09051477652193
2024-09-18,SPY,0.2786595151142801,0.1259715687199577,2.0533166153491
2024-09-19,SPY,0.3031814351659605,0.12695157663477494,2.2306255871137455
2024-09-20,SPY,0.3129998789589741,0.12656375962908364,2.3150377313194506
2024-09-23,SPY,0.3384022973072416,0.12532525783927936,2.540607558259083
2024-09-24,SPY,0.3452566372434327,0.12528873291139758,2.596056562192624
2024-09-25,SPY,0.33666879791895243,0.12529881171576324,2.527308867360263
2024-09-26,SPY,0.3619771836063219,0.12431078576851355,2.7509856163497974
2024-09-27,SPY,0.35945932149355797,0.1243373578126737,2.7301474590202117
2024-09-30,SPY,0.3570399407403644,0.12428450397319206,2.7118420234678915
2024-10-01,SPY,0.34815465164834714,0.12464923106316997,2.6326247570836943
2024-10-02,SPY,0.3492601856516717,0.12464126638070742,2.6416627110155564
2024-10-03,SPY,0.3650663062985162,0.12381458761271716,2.7869600258885328
2024-10-04,SPY,0.3675132838007418,0.12391579326943113,2.804430933554537
2024-10-07,SPY,0.35566094957682304,0.12433378165211513,2.699676187088072
2024-10-08,SPY,0.35242528821283425,0.12414971947324996,2.6776161043558426
2024-10-09,SPY,0.3531295885993657,0.1241727488344052,2.6827914476116015
2024-10-10,SPY,0.34376746802156566,0.12414407224267558,2.6079978058772575
2024-10-11,SPY,0.34629937686190204,0.12420273244641963,2.627151355165763
2024-10-14,SPY,0.36563541951075074,0.12417981580899741,2.7833462085527416
2024-10-15,SPY,0.36180806923582587,0.12435189425419543,2.7487162241140832
2024-10-16,SPY,0.3534862047205656,0.1240429281651918,2.6884741407946424
2024-10-17,SPY,0.3536645939260832,0.12404163471726623,2.6899403146904675
2024-10-18,SPY,0.37722325641015564,0.12320402760911456,2.899444631335481
2024-10-21,SPY,0.38714938788104036,0.12282332084944757,2.98924817650126
2024-10-22,SPY,0.40366092400844966,0.12207505746287717,3.1428281254352086
2024-10-23,SPY,0.3932497723565682,0.12248823148031517,3.0472296631742326
2024-10-24,SPY,0.3858149987057291,0.12233322385045921,2.9903160171181566
2024-10-25,SPY,0.4055085037901549,0.12132880651682287,3.177386433259789
2024-10-28,SPY,0.4269405973441922,0.12059699292821902,3.374384281591572
2024-10-29,SPY,0.4357577994490913,0.12044788001057438,3.451765190160184
2024-10-30,SPY,0.4145028240018158,0.12006891768047567,3.2856365462680075
2024-10-31,SPY,0.3781192316909605,0.1217914023470984,2.940431137087506
2024-11-01,SPY,0.3693318433511259,0.1214641122496425,2.876008698216572
2024-11-04,SPY,0.34068927391951753,0.12017620415375882,2.668492287451626
2024-11-05,SPY,0.34463269861695367,0.12040929362032783,2.6960767633151224
2024-11-06,SPY,0.37490513601838393,0.12270796038704518,2.8922747546201806
2024-11-07,SPY,0.38160382408769844,0.12286718284673198,2.9430464320059597
2024-11-08,SPY,0.38657294692010513,0.1229028068855158,2.982624695150929
2024-11-11,SPY,0.39880326395786514,0.12256146253026143,3.0907208198852514
2024-11-12,SPY,0.3730320359780206,0.12180438690794788,2.898352390581959
2024-11-13,SPY,0.3750097434827009,0.12178630007063032,2.9150219957155437
2024-11-14,SPY,0.3401678572812925,0.1206647309827961,2.6533673483011433
2024-11-15,SPY,0.3202071366262691,0.1214702033860213,2.4714467273281664
2024-11-18,SPY,0.32399714904406296,0.12150636350292542,2.5019031125620335
2024-11-19,SPY,0.3271863902234553,0.12153229660669658,2.527611168392328
2024-11-20,SPY,0.3174944515503815,0.1213571128103508,2.4513969116526932
2024-11-21,SPY,0.32746037125988425,0.12138554961858104,2.532923994874097
2024-11-22,SPY,0.32645375511159935,0.12137089209052256,2.5249361674217212
2024-11-25,SPY,0.330134199451138,0.12139035133085774,2.554850497185282
2024-11-26,SPY,0.3394918129180602,0.12142138451110487,2.6312647825955264
2024-11-27,SPY,0.3341123502326082,0.12149454404117001,2.5854029307370965
2024-11-29,SPY,0.34334464306979484,0.12158404659318028,2.659433142176166
2024-12-02,SPY,0.34047433692756357,0.12155449872636023,2.6364662787924087
2024-12-03,SPY,0.33320952756226885,0.12146404467070242,2.578619281215292
2024-12-04,SPY,0.3485670626617996,0.12139642135390437,2.706563002412856
2024-12-05,SPY,0.34661316958459576,0.12142199647204158,2.689901163499656
2024-12-06,SPY,0.3546248589901677,0.12130976337289172,2.7584330369318324
2024-12-09,SPY,0.33744381050134065,0.12130644247153224,2.61687511424496
2024-12-10,SPY,0.32757807647710835,0.12134162222283382,2.5348109811179773
2024-12-11,SPY,0.3326575949644788,0.12148925952143284,2.5735410372578693
2024-12-12,SPY,0.3197631616749326,0.12160509956710262,2.465054202019883
2024-12-13,SPY,0.301552231832664,0.12094584784704245,2.3279197826512976
2024-12-16,SPY,0.30292866927622186,0.1209692916172307,2.338847037076655
2024-12-17,SPY,0.29970069639232766,0.1210505127948168,2.3106114128275217
2024-12-18,SPY,0.25391145629304135,0.12483729120340833,1.8737306299918743
2024-12-19,SPY,0.2459497605986094,0.12473601941710517,1.8114235299032213
2024-12-20,SPY,0.2786334557533634,0.12434433377635823,2.0799778156239377
2024-12-23,SPY,0.2742084600610257,0.1241541975357407,2.0475220742161846
2024-12-24,SPY,0.28578693713755965,0.12456229994248195,2.1337670969489944
2024-12-26,SPY,0.28046578630025065,0.12452464470710345,2.0916806220398914
2024-12-27,SPY,0.26470041217148554,0.12505524815385574,1.9567384478772942
2024-12-30,SPY,0.24979611239796773,0.12566489035686113,1.828642127052325
2024-12-31,SPY,0.24886484564421507,0.12568970941428648,1.8208717858504433
2025-01-02,SPY,0.2528071715663369,0.12556562018899936,1.8540677871531976
2025-01-03,SPY,0.2789161102720934,0.1257640056181288,2.0587457357096994
2025-01-06,SPY,0.290440232336421,0.12578148872116146,2.150079754072128
2025-01-07,SPY,0.2741078945729474,0.12638555036713503,2.0105771097628966
2025-01-08,SPY,0.25800999941244385,0.12568112024994316,1.8937609637717365
2025-01-10,SPY,0.24068570136607037,0.12669935433788587,1.741806045653072
2025-01-13,SPY,0.23562126186585375,0.12661074087915894,1.7030250385443135
2025-01-14,SPY,0.23786690982126313,0.12660486851727004,1.7208414840029957
2025-01-15,SPY,0.259510914101019,0.12778262941293708,1.8743620725398082
2025-01-16,SPY,0.26172104279250563,0.12773112203763706,1.8924208833089282
2025-01-17,SPY,0.2815121326510974,0.12788482735465617,2.0449035124851815
2025-01-21,SPY,0.2818431547586713,0.12790120487103776,2.04722977412673
2025-01-22,SPY,0.2731775957884881,0.1274685446704882,1.9861966451642112
2025-01-23,SPY,0.27742552376830876,0.12754195595495071,2.018359541696494
2025-01-24,SPY,0.2699926037311031,0.12758761199906604,1.95937991011959
2025-01-27,SPY,0.25066096700023444,0.12848106288451464,1.7952915536475935
2025-01-28,SPY,0.2545833490622076,0.12863100375960804,1.8236921286924614
2025-01-29,SPY,0.25054775439886123,0.12872633728685134,1.7909913329166895
2025-01-30,SPY,0.2473812329324796,0.12861227373058776,1.7679590472740527
2025-01-31,SPY,0.2417030688500872,0.12875241274235202,1.7219333147079723
2025-02-03,SPY,0.2538058454671781,0.1278193637638855,1.8291895576876465
2025-02-04,SPY,0.2459100948666173,0.12736853703902165,1.7736726833676804
2025-02-05,SPY,0.23792966697074047,0.12704163942997296,1.7154191960098737
2025-02-06,SPY,0.24677173681045228,0.12698671874311637,1.7857909792062014
2025-02-07,SPY,0.2317833420969302,0.12736826517055405,1.662763811796754
2025-02-10,SPY,0.2298907596959523,0.12728630440803937,1.6489657757924163
2025-02-11,SPY,0.23028261567377983,0.12728566801293525,1.6520525755689173
2025-02-12,SPY,0.21927261605411053,0.12725428409063547,1.5659403333893325
2025-02-13,SPY,0.23268626007529636,0.12761973281486771,1.6665624929949578
2025-02-14,SPY,0.2498397961556862,0.12677469254799853,1.812978533303608
2025-02-18,SPY,0.24222006091784953,0.12652564915755557,1.7563242109205137
2025-02-19,SPY,0.2366132171671449,0.12639057359355335,1.7138399724628943
2025-02-20,SPY,0.2376320558688696,0.1263551008155197,1.7223844107933213
2025-02-21,SPY,0.2231975865570952,0.12747083172344614,1.5940712381789566
2025-02-24,SPY,0.21652955623973003,0.12758437668544703,1.5403888888704917
2025-02-25,SPY,0.18593588404975336,0.12614173128105796,1.3154717504235736
2025-02-26,SPY,0.18571687597504072,0.12614189439692158,1.3137338452646938
2025-02-27,SPY,0.1710795952519748,0.12716518480878597,1.1880578436554639
2025-02-28,SPY,0.18714963974729226,0.1280354700206479,1.3054947954682912
2025-03-03,SPY,0.16789434143546567,0.12931226330388798,1.1436992722639865
2025-03-04,SPY,0.14993621773389898,0.12987888162906733,1.0004414582579746
2025-03-05,SPY,0.15148509546828137,0.12997844795769073,1.0115915179344277
2025-03-06,SPY,0.1322590671699222,0.13125686621069996,0.855262436250142
2025-03-07,SPY,0.150099618127417,0.1309280095865834,0.9936729240612295
2025-03-10,SPY,0.11382186425682272,0.13364934668615655,0.7020001712177529
2025-03-11,SPY,0.09370635195536337,0.1335973086082988,0.5517053653488411
2025-03-12,SPY,0.10614948672721103,0.13353261057223595,0.6451569122930275
2025-03-13,SPY,0.09234311954360686,0.13423457973037795,0.5389305772693923
2025-03-14,SPY,0.10304052769536676,0.13536261128795882,0.6134672411033314
2025-03-17,SPY,0.11329144011267211,0.13554334273402732,0.6882775518952275
2025-03-18,SPY,0.1034399350368922,0.13598988708688498,0.6135745592874989
2025-03-19,SPY,0.12316966987236655,0.13619288248816896,0.7575261495866267
2025-03-20,SPY,0.1133051869339301,0.13612477363384395,0.6854386930692544
2025-03-21,SPY,0.10751794951765392,0.136028701705218,0.6433785548237484
2025-03-24,SPY,0.11702015108360508,0.13686461658384935,0.708876797416564
2025-03-25,SPY,0.11601694396464945,0.1368488860964803,0.7016275156010858
2025-03-26,SPY,0.10478840243674759,0.13739078168471758,0.6171331249233213
2025-03-27,SPY,0.10490692994634143,0.13738832480089433,0.6180068799105753
2025-03-28,SPY,0.08465934706403044,0.13890239037233904,0.46550204709008863
2025-03-31,SPY,0.08284040506013501,0.1388143458216665,0.45269388180430215
2025-04-01,SPY,0.08610670487618854,0.13883520718878611,0.4761523119009546
2025-04-02,SPY,0.09488459729968635,0.13894673821973572,0.5389446219403938
2025-04-03,SPY,0.047588643489984817,0.14741386272984164,0.18715094346686517
2025-04-04,SPY,-0.014822522597807253,0.1586936176966372,-0.21943240757403923
2025-04-07,SPY,-0.004425354742764287,0.1582309183198078,-0.15436524670480065
2025-04-08,SPY,-0.030150673265666894,0.1586591770437145,-0.3160905924266149
2025-04-09,SPY,0.07110303100609783,0.19030728939545846,0.26852902570592424
2025-04-10,SPY,0.022985158071622047,0.19536176307866027,0.015280155259553558
2025-04-11,SPY,0.05176965412323087,0.19588997350880893,0.16218111399051377
2025-04-14,SPY,0.0540185613874995,0.1959820874886559,0.17357995224675113
2025-04-15,SPY,0.06577743045311979,0.19549633380473214,0.23416004567555582
2025-04-16,SPY,0.05530832479685599,0.19637540082495694,0.1798001412016404
2025-04-17,SPY,0.0587449358189589,0.19636719094360008,0.1973086014663574
2025-04-21,SPY,0.039697179639460956,0.1977455565948773,0.09960870918487794
2025-04-22,SPY,0.0689474843614355,0.19940538915949715,0.24546720912484551
2025-04-23,SPY,0.09506920790830042,0.1997700988421678,0.3757779985262474
2025-04-24,SPY,0.10791640333470531,0.20064094308264072,0.4381777815831636
2025-04-25,SPY,0.10283457601603829,0.20043019705328305,0.41328391247361423
2025-04-28,SPY,0.10377909215618764,0.20042798668782266,0.4180009665350681
2025-04-29,SPY,0.11496773668263094,0.20046641319232636,0.4737339046991349
2025-04-30,SPY,0.10494215675205765,0.20026434575232227,0.4241501722783455
2025-05-01,SPY,0.10884596220754816,0.2003502259414447,0.44345326684839725
2025-05-02,SPY,0.14341890965332293,0.2001890027907111,0.6165119358846701
2025-05-05,SPY,0.14056570941929802,0.2002525634189862,0.6020682450243582
2025-05-06,SPY,0.12055165997492456,0.2002585864162203,0.5021091069020959
2025-05-07,SPY,0.11148679690881558,0.19993862594330086,0.4575744005300889
2025-05-08,SPY,0.10779123500774745,0.19980099723789382,0.4393933775176231
2025-05-09,SPY,0.10516027123496174,0.19980774911393154,0.42621105343818705
2025-05-12,SPY,0.14157271914154546,0.20244468311990377,0.6005231516480009
2025-05-13,SPY,0.14252844725793334,0.20246796484320853,0.6051744894695787
2025-05-14,SPY,0.1425168182178711,0.20246793078214784,0.6051171548233838
2025-05-15,SPY,0.14794353633944168,0.20251246554574337,0.6317810412048037
2025-05-16,SPY,0.1499382287054376,0.20255425814925743,0.6414983811877666
2025-05-19,SPY,0.13711514948441827,0.20221118175034825,0.5791724694483498
2025-05-20,SPY,0.13562857340683765,0.20223253896255938,0.5717604792977687
2025-05-21,SPY,0.11488964919004419,0.20298066448916463,0.4674812225531438
2025-05-22,SPY,0.11404638199968575,0.2029796807728692,0.4633290467380429
2025-05-23,SPY,0.10373482799119604,0.203102531105705,0.4122786039904945
2025-05-27,SPY,0.12993575082849507,0.20408725104551118,0.5386703493986479
2025-05-28,SPY,0.1316646754399855,0.20403408508912677,0.5472844176560392
2025-05-29,SPY,0.12866393188273806,0.20397215273862693,0.5327390549335511
2025-05-30,SPY,0.1266141427100531,0.20397902217564443,0.5226720942815809
2025-06-02,SPY,0.14094992045949994,0.20390036212299958,0.5931814892341332
2025-06-03,SPY,0.15511908203029456,0.2038338524279005,0.6628883299847776
2025-06-04,SPY,0.14438574623618838,0.20365898403422922,0.6107550169025822
2025-06-05,SPY,0.13792740615330268,0.2037317573592944,0.5788366412867578
2025-06-06,SPY,0.14832909476945155,0.2039607782513694,0.6291851593706593
2025-06-09,SPY,0.1358640692244888,0.20364778454220714,0.5689434308600363
2025-06-10,SPY,0.1423253918540177,0.20371024016723355,0.6004872006119875
2025-06-11,SPY,0.14045388871823805,0.2037315302454246,0.5912383251288282
2025-06-12,SPY,0.14145990239327233,0.2037442942814311,0.5961389143270942
2025-06-13,SPY,0.1259864230828187,0.2040764952857946,0.5193465466681612
2025-06-16,SPY,0.1274394120598279,0.20412966812739566,0.5263292349683135
2025-06-17,SPY,0.1155590734973857,0.20432704922646458,0.4676770592006808
2025-06-18,SPY,0.1147127556033336,0.2043281133935304,0.4635326682673343
2025-06-20,SPY,0.10331392390648264,0.20421094603331982,0.40797971668418215
2025-06-23,SPY,0.1113879235373012,0.20441725686888707,0.44706559973024823
2025-06-24,SPY,0.12672668137183418,0.2046629840318441,0.5214752529711395
2025-06-25,SPY,0.12887135526709215,0.20465412871020006,0.5319773217048513
2025-06-26,SPY,0.1414138541962915,0.20474655164335417,0.592995843992435
2025-06-27,SPY,0.14268455232136956,0.2047673765034856,0.5991411054645279
2025-06-30,SPY,0.14671640392691065,0.2048088775776371,0.6187056216783189
2025-07-01,SPY,0.14454098535000437,0.20480883400895744,0.6080840504397261
2025-07-02,SPY,0.1542717597032881,0.20479489623385227,0.6556401657098191
2025-07-03,SPY,0.16097971362788588,0.20491780545002355,0.6879817657537269
2025-07-07,SPY,0.1446250541853913,0.20498780768112196,0.6079632520352499
2025-07-08,SPY,0.13891566845208003,0.20495470370646102,0.5802046320556404
2025-07-09,SPY,0.139176183318108,0.20496065692403986,0.5814588277899386
2025-07-10,SPY,0.14107230361476342,0.20497195631483353,0.5906774067609442
2025-07-11,SPY,0.13595649528842468,0.20501302916951805,0.5656054922857822
2025-07-14,SPY,0.12697227343990813,0.2048044653752296,0.52231416558189
2025-07-15,SPY,0.13191650611013417,0.2046548834979551,0.5468548035466372
2025-07-16,SPY,0.12858215238313653,0.20459296160121826,0.5307228143790161
2025-07-17,SPY,0.13237480034426574,0.20465688274016597,0.5490887911497103
2025-07-18,SPY,0.12487464938884285,0.20459030256088062,0.5126081152240094
2025-07-21,SPY,0.14303407392715917,0.20407075721403897,0.6028990905253282
2025-07-22,SPY,0.15205088395853683,0.20390129016889552,0.6476216204868368
2025-07-23,SPY,0.16961917874883814,0.20392070103829707,0.733712555846594
2025-07-24,SPY,0.15806685665834697,0.20369276270782563,0.6778191567679229
2025-07-25,SPY,0.1647858976339247,0.20371139802159713,0.7107402876817661
2025-07-28,SPY,0.19149551691134126,0.20236072193201182,0.8474743283874996
2025-07-29,SPY,0.1945771231572595,0.20230065756978644,0.8629587528505027
2025-07-30,SPY,0.17985879669981997,0.20204023656594192,0.791222577328775
2025-07-31,SPY,0.1747423224907747,0.20209002810498897,0.7657098370553129
2025-08-01,SPY,0.16137182704734765,0.202731760566656,0.6973343823986875
2025-08-04,SPY,0.16016661051729386,0.20265311692086116,0.6916578074248464
2025-08-05,SPY,0.1708647391482636,0.2021885506640376,0.7461586655267384
2025-08-06,SPY,0.2022167111691031,0.2013729894458547,0.9048716596527345
2025-08-07,SPY,0.2372430635715863,0.19912555049730615,1.0909853759551829
2025-08-08,SPY,0.23549970979646218,0.1990711322593045,1.0825261671579698
2025-08-11,SPY,0.24135357665458135,0.19894630959574888,1.1126297195678732
2025-08-12,SPY,0.2262221054739837,0.19793861511446204,1.0418487840522253
2025-08-13,SPY,0.2250178182909519,0.19792344365202313,1.0358440339760948
2025-08-14,SPY,0.22448838277675143,0.19792469858428657,1.0331625322125713
2025-08-15,SPY,0.20185609714263864,0.19733211368231734,0.921573755782126
2025-08-18,SPY,0.1978157314401816,0.19732063240642966,0.9011512342709658
2025-08-19,SPY,0.17124217812970777,0.19673309830134814,0.7687683436878571
2025-08-20,SPY,0.16551712399833263,0.1967556198392965,0.7395830630768576
2025-08-21,SPY,0.14984699578502014,0.1966088692649926,0.6604330530481323
2025-08-22,SPY,0.16940641812416546,0.19714597586256838,0.7578466538333888
2025-08-25,SPY,0.1602724773654427,0.19719242470347428,0.7113482050660705
2025-08-26,SPY,0.17434749598393662,0.19703790112986075,0.7833391195240739
2025-08-27,SPY,0.16464848250223896,0.19679300555374624,0.7350285753054061
2025-08-28,SPY,0.17156589124486166,0.1967895703887875,0.7701927035331211
2025-08-29,SPY,0.16298201589572758,0.1969012742699294,0.7261609475402145
2025-09-02,SPY,0.16110432244947992,0.19696084651140236,0.7164079813259291
2025-09-03,SPY,0.16729260500534848,0.19701721947311723,0.7476128502841164
2025-09-04,SPY,0.16591845690368756,0.19696716330484923,0.7408263106162891
2025-09-05,SPY,0.18696789307500428,0.19584110207267927,0.8525681856765709
2025-09-08,SPY,0.19232475528498094,0.1958281846309298,0.8799793329532983
2025-09-09,SPY,0.19799476295636764,0.19580768600784998,0.9090284788373005
2025-09-10,SPY,0.2220249758397952,0.19501728536080842,1.0359336889856794
2025-09-11,SPY,0.21853693677211528,0.19488516401852599,1.01873807466043
2025-09-12,SPY,0.21284653702347867,0.19485711166749395,0.9896818000286993
2025-09-15,SPY,0.2069219196375791,0.1946800328009916,0.9601494151619386
2025-09-16,SPY,0.19519284905033518,0.19454241536654507,0.9005380586040705
2025-09-17,SPY,0.18750589909160342,0.19450166395639024,0.8612054811477623
2025-09-18,SPY,0.19129508488437663,0.19453979920437628,0.8805143501994694
2025-09-19,SPY,0.19670654426829093,0.1945844211978798,0.9081227735523173
2025-09-22,SPY,0.20594468700819069,0.19458762422514045,0.9555833149648316
2025-09-23,SPY,0.179256767588458,0.1940017120636649,0.820903928601389
2025-09-24,SPY,0.17754026779942356,0.19402562588374161,0.8119559830402003
2025-09-25,SPY,0.16918616767812278,0.19409059049076047,0.768641938287187
2025-09-26,SPY,0.1725296622393857,0.19414392046305393,0.7856525297088172
2025-09-29,SPY,0.17842398645123603,0.19413320680380824,0.8160581543957078
2025-09-30,SPY,0.17819187695877936,0.19412999482975482,0.8148760169571327
2025-10-01,SPY,0.18392357504341095,0.19413613424977394,0.844374364807884
2025-10-02,SPY,0.18055626724520968,0.19410893840472568,0.8271451514017495
2025-10-03,SPY,0.19121037129346496,0.19386652592798365,0.8831352935940326
2025-10-06,SPY,0.1949780067842779,0.19388667838601018,0.9024756535150554
2025-10-07,SPY,0.19272812877466006,0.19392117071845177,0.8907131085003543
2025-10-08,SPY,0.1890350346036791,0.1938118142303805,0.8721606331116137
2025-10-09,SPY,0.1964066544589882,0.19359714000781295,0.9112048579429893
2025-10-10,SPY,0.153164103830304,0.1953859728279081,0.6815438278549923
2025-10-13,SPY,0.16280437177885343,0.19583867693039245,0.7291939162232537
2025-10-14,SPY,0.16341986380813434,0.1958328241128808,0.732358655694334
2025-10-15,SPY,0.16162879562577936,0.1957967649859979,0.7233459431053814
2025-10-16,SPY,0.1443587681546623,0.19579337640276936,0.6351530906686144
2025-10-17,SPY,0.1598662985637096,0.19567727008229152,0.7147805082567292
2025-10-20,SPY,0.16685796585881896,0.1958852145424044,0.7497143988222131
2025-10-21,SPY,0.16674030963848252,0.19588555146750536,0.7491124717425862
2025-10-22,SPY,0.15622704145699795,0.195947916162554,0.6952206694762044
2025-10-23,SPY,0.16499667545740748,0.19600523372883447,0.739759202848658
2025-10-24,SPY,0.1751418860527083,0.19614437534752982,0.7909576085361967
2025-10-27,SPY,0.1999703852631578,0.19620574062948493,0.9172534131048389
2025-10-28,SPY,0.20056094948906344,0.19620980258570137,0.920244284992832
2025-10-29,SPY,0.20155255656667248,0.19620669731968532,0.9253127393040187
2025-10-30,SPY,0.18467542328167497,0.1965473816236644,0.8378408398082062
2025-10-31,SPY,0.18664089894377534,0.19656179115422445,0.8477786957742318
2025-11-03,SPY,0.19247551037174881,0.19652826784035632,0.8776117159484355
2025-11-04,SPY,0.2019015543553382,0.19587322928384776,0.9286698086328957
2025-11-05,SPY,0.20099781981889375,0.19586146542471713,0.9241114347143671
2025-11-06,SPY,0.1906763365611306,0.19617887847382587,0.8700036308134068
2025-11-07,SPY,0.1776093311465059,0.19584935918234903,0.8047477500284336
2025-11-10,SPY,0.16696772741222587,0.1949199711759731,0.7539900941168513
2025-11-11,SPY,0.16066477446235639,0.1947984207395002,0.7221042856936937
2025-11-12,SPY,0.15630201576328195,0.1947636690564109,0.6998328611472387
2025-11-13,SPY,0.13603171916558732,0.19552526685711655,0.5934359330161635
2025-11-14,SPY,0.13938502628316463,0.19549169225467958,0.6106910473087218
2025-11-17,SPY,0.1282219611853348,0.19574266039552862,0.5528787693324256
2025-11-18,SPY,0.1259879923453877,0.19582300389322965,0.5412438285502785
2025-11-19,SPY,0.14500382560352554,0.1953907192028576,0.6397633731709881
2025-11-20,SPY,0.12295034830059803,0.19600053586721208,0.5252554430276946
2025-11-21,SPY,0.1300053720704919,0.1962026432503473,0.5606722225965586
2025-11-24,SPY,0.1462490043515845,0.19671261301954657,0.6417941504291829
2025-11-25,SPY,0.15085258528738632,0.1968519081992585,0.6647260190891013
2025-11-26,SPY,0.15521677044854876,0.1969364865137306,0.6866009079486717
2025-11-28,SPY,0.15759600052706246,0.19697622649291172,0.6985411538077867
2025-12-01,SPY,0.1463255235533707,0.19699166261359713,0.6412734522737676
2025-12-02,SPY,0.15193917868549933,0.1969613931456917,0.6698733014540792
2025-12-03,SPY,0.14879182257011858,0.1969024501265311,0.6540894868873187
2025-12-04,SPY,0.1475748166326576,0.19689900099173444,0.6479200808033202
2025-12-05,SPY,0.14922120439706466,0.19690307581695624,0.6562680844924457
2025-12-08,SPY,0.13869806477233193,0.19685642075926255,0.6029677077055507
2025-12-09,SPY,0.13959058627504461,0.1968490483615966,0.6075243302947844
2025-12-10,SPY,0.14497809057726152,0.19693744866238985,0.6346080515723124
2025-12-11,SPY,0.15358296733340082,0.19685969900512912,0.6785693974362949
2025-12-12,SPY,0.14473875920049606,0.19715409100056677,0.6326967833507318
2025-12-15,SPY,0.13424077213510244,0.19703566619915666,0.5797974262163882
2025-12-16,SPY,0.1370002555134633,0.19697987510251586,0.5939706046243144
2025-12-17,SPY,0.12471267063604352,0.19731910936574693,0.5306767852978198
2025-12-18,SPY,0.12838727731158617,0.1974085986878647,0.5490504366679801
2025-12-19,SPY,0.1433249108298016,0.1975352770945547,0.6243184136207192
2025-12-22,SPY,0.18578842158441589,0.1952388259831763,0.8491570298558436
2025-12-23,SPY,0.19157394697452634,0.19527321024874297,0.8786353578966207
2025-12-24,SPY,0.1815734951164032,0.19496681280285819,0.8287230672421114
2025-12-26,SPY,0.17442099471125916,0.19489721960691941,0.7923201522459111
2025-12-29,SPY,0.15737158778998062,0.1946632512464926,0.7056883459530513
2025-12-30,SPY,0.15588144021146522,0.19467141246550054,0.6980040802629199
2025-12-31,SPY,0.15952316215312523,0.19451663694986407,0.717281381895816
2026-01-02,SPY,0.17505783265611208,0.19414186097880098,0.7986831478505472
2026-01-05,SPY,0.18720293554130518,0.19418321501046354,0.8610576126896214
2026-01-06,SPY,0.19720520753086368,0.1942255124041686,0.9123683358451543
2026-01-07,SPY,0.1786094902858546,0.19390959097305435,0.817955880830541
2026-01-08,SPY,0.17173988641524374,0.19384537555440906,0.7827882712252425
2026-01-09,SPY,0.1929743630631724,0.1935590281088035,0.893651744138434
2026-01-12,SPY,0.1931048354823912,0.1935594495319486,0.8943238674266784
2026-01-13,SPY,0.2091802872651014,0.1929091161056653,0.9806705410514585
2026-01-14,SPY,0.20137426317361018,0.1929930970028676,0.939796635166258
2026-01-15,SPY,0.20299060039134154,0.19300182835983626,0.948128843889346
2026-01-16,SPY,0.18050936076203694,0.19221756411688873,0.8350400313284075
2026-01-20,SPY,0.15870615668617538,0.19335364126892174,0.7173702847067613
2026-01-21,SPY,0.16042832524894313,0.19343258642924485,0.7259807038785061
2026-01-22,SPY,0.15590895142065997,0.19329928366624796,0.7031011643856965
2026-01-23,SPY,0.14986411669299238,0.19323496151387357,0.6720529022056323
2026-01-26,SPY,0.14942987125218843,0.19322580435110226,0.6698374044131653
2026-01-27,SPY,0.15738809719278346,0.19322196943429143,0.711037660960726
2026-01-28,SPY,0.1738764903224228,0.19265161742173284,0.798729293746714
2026-01-29,SPY,0.161566650023532,0.19250737179427635,0.7353830074352564
2026-01-30,SPY,0.16331718707464815,0.1924729205688097,0.7446096139192308
2026-02-02,SPY,0.1628593403612253,0.19246363834014507,0.7422666514739109
2026-02-03,SPY,0.15919595257149677,0.19258707416015897,0.7227689250616002
2026-02-04,SPY,0.16139653715431534,0.19252366824892697,0.7344371652606064
2026-02-05,SPY,0.13924914049057935,0.1928756192541207,0.6182696441973012
2026-02-06,SPY,0.1564165514647997,0.19373997920446548,0.7041218442623611
2026-02-09,SPY,0.15796814925265545,0.19376436803732838,0.7120408703114915
2026-02-10,SPY,0.16558348356398378,0.1935426235507412,0.7522037311115403
2026-02-11,SPY,0.15745356465415639,0.1934474298623692,0.7105473810220668
2026-02-12,SPY,0.13870631083295537,0.19411638320969085,0.611521340291638
2026-02-13,SPY,0.14319130212270936,0.19407870269900188,0.6347492043666825
2026-02-17,SPY,0.1330733979048404,0.19382413341999277,0.5833814185554718
2026-02-18,SPY,0.13883737894031078,0.1938745827649158,0.6129600757640727
2026-02-19,SPY,0.13250907104757426,0.19388697234205085,0.5802817470845251
2026-02-20,SPY,0.1380192494503092,0.19399342318563764,0.6083672709737862
2026-02-23,SPY,0.13110418869052354,0.19423630510945064,0.572005262496716
2026-02-24,SPY,0.1591519676538804,0.19353851858707838,0.7189884921603967
2026-02-25,SPY,0.17427656162471128,0.19362331595602686,0.7967871062581561
2026-02-26,SPY,0.17359070905044227,0.19364131654518532,0.7931711671388197
2026-02-27,SPY,0.16736591240710164,0.19371962565268488,0.7607175158974875
2026-03-02,SPY,0.18697609824324313,0.19299717066373842,0.8651738140460508
2026-03-03,SPY,0.15843560903829546,0.19265503484360272,0.7185673042527928
2026-03-04,SPY,0.1874121138499396,0.19189312825551963,0.8724237046519886
2026-03-05,SPY,0.19493600703300396,0.19158256497715806,0.9131102668651564
2026-03-06,SPY,0.1667339575198843,0.19182131118809786,0.7649512799753443
2026-03-09,SPY,0.1982243697362429,0.19109392127889394,0.9326532657003337
2026-03-10,SPY,0.18963082237762996,0.19104753488470508,0.8878985142624329
2026-03-11,SPY,0.22065058824793393,0.1890691012141672,1.061255313318742
2026-03-12,SPY,0.21219173396605107,0.18952822067308128,1.0140533862635903
2026-03-13,SPY,0.19896812041491097,0.18958566956113082,0.9439960352974027
2026-03-16,SPY,0.2275336876895575,0.18928490928535005,1.0964090506375082
2026-03-17,SPY,0.20585474779980295,0.1882499724407916,0.9872763612661776
2026-03-18,SPY,0.17992997205932082,0.18869896131224934,0.8475402882301877
2026-03-19,SPY,0.18988299154181165,0.18837107545244644,0.9018528515260188
2026-03-20,SPY,0.1601896346763092,0.18869776041341366,0.7429321597096379
2026-03-23,SPY,0.1757715931300412,0.18891981168158864,0.8245381558636292
2026-03-24,SPY,0.1714382979545368,0.18896327433951213,0.8014165635299385
2026-03-25,SPY,0.1572419058889265,0.18823651246943535,0.7290929059855537
2026-03-26,SPY,0.13384958536281966,0.18913527708787056,0.6019479132384497
2026-03-27,SPY,0.12798128042021895,0.1895434645633936,0.5696913933115544
2026-03-30,SPY,0.12720367626185225,0.1895563795958197,0.5655503470283435
2026-03-31,SPY,0.1838088786075296,0.19054980049020578,0.8596643931723735
2026-04-01,SPY,0.18477511728679352,0.19057742567834488,0.8646098387586562
2026-04-02,SPY,0.18250204999969388,0.190566049923091,0.8527334751666247
2026-04-06,SPY,0.18062010752817192,0.19052559115635953,0.8430369198873399
2026-04-07,SPY,0.24236428842108615,0.18379116952212127,1.2098747126929958
2026-04-08,SPY,0.3532288433202293,0.17551354445947692,1.8985933213670934
2026-04-09,SPY,0.3634643147205254,0.17554456222948045,1.9565648195444074
2026-04-10,SPY,0.3842430666092258,0.1747291096037742,2.084615822945612
2026-04-13,SPY,0.2649286469437069,0.14062444863488194,1.7417216516854828
2026-04-14,SPY,0.3390159253611209,0.13369639370375916,2.3861221422919434
2026-04-15,SPY,0.3259237423525272,0.13281971874371926,2.3033006337170367
2026-04-16,SPY,0.3164111328169863,0.13254901255596346,2.236237955313614
2026-04-17,SPY,0.3360628994072803,0.13294158251456184,2.377457026078805
2026-04-20,SPY,0.3637036389002988,0.13088793030781168,2.6259383740884608
2026-04-21,SPY,0.3528453301988823,0.13112073830901558,2.53846442974152
2026-04-22,SPY,0.3998658010420393,0.12898887683798008,2.944950063556099
2026-04-23,SPY,0.35907324349633307,0.1266973890806066,2.6762449167804876
2026-04-24,SPY,0.348706426782295,0.12605815338695267,2.6075776770526367
2026-04-27,SPY,0.32317833993890543,0.12447744266062778,2.435608681048207
2026-04-28,SPY,0.3072941571073131,0.12447147465974151,2.308112424092893
2026-04-29,SPY,0.3065938524553822,0.12447571053594798,2.302407845043915
2026-04-30,SPY,0.3113333835791232,0.12468236521011833,2.336604563830336
2026-05-01,SPY,0.314442980205772,0.12469137012535271,2.361374166550318
2026-05-04,SPY,0.30041166903561023,0.12463796224276565,2.2498094801119564
2026-05-05,SPY,0.2916701430736248,0.12406663018960022,2.1897116304235476
2026-05-06,SPY,0.3171768455307722,0.12454189348897028,2.386159686556322
2026-05-07,SPY,0.3242062758484221,0.12424943940876522,2.448351294750081
2026-05-08,SPY,0.3295477495015948,0.12441551366559828,2.4880156853556987
2026-05-11,SPY,0.3233550545008168,0.12428409384847187,2.440819618242296
2026-05-12,SPY,0.32303607511584387,0.12428902735382857,2.4381563004202653
2026-05-13,SPY,0.28787734819945165,0.12017760912203519,2.229012127603851
2026-05-14,SPY,0.28952811771270115,0.1202445665630928,2.2414993493388216
2026-05-15,SPY,0.27238985550861483,0.12095218621181127,2.086691141461719
2026-05-18,SPY,0.265314294375677,0.12090039781548799,2.02906110160252
2026-05-19,SPY,0.24897537088152633,0.1210191256145955,1.8920593725882182
2026-05-20,SPY,0.26039746518606144,0.1213787310843885,1.9805567502507935
2026-05-21,SPY,0.26715732154470495,0.12130584424508482,2.0374724984012427
2026-05-22,SPY,0.2939431582126426,0.12001410191049754,2.2825914109405256
2026-05-26,SPY,0.3020191270299264,0.12014214870857375,2.347378751432307
2026-05-27,SPY,0.3107407612058277,0.11988673923081548,2.425128609479239
2026-05-28,SPY,0.2911279898096848,0.11833130230165335,2.291261775506518
2026-05-29,SPY,0.30187651975564256,0.11814115512295464,2.385929945092219
2026-06-01,SPY,0.3002891353338868,0.11811761535809916,2.372966424052242
2026-06-02,SPY,0.3035126998012161,0.11809750645630698,2.400666265600692
2026-06-03,SPY,0.28711549325778996,0.11828523290595347,2.258231959268904
2026-06-04,SPY,0.28465315590333273,0.11822455441773899,2.2385633611119187
2026-06-05,SPY,0.2518331984179123,0.12122529178801449,1.9124160890725412
2026-06-08,SPY,0.26076064406794974,0.1210947828985986,1.9881999728225783
2026-06-09,SPY,0.24428204284287292,0.1207939904640423,1.8567317958556617
2026-06-10,SPY,0.2235626531594479,0.12193774242150168,1.669398244686159
2026-06-11,SPY,0.23734396959535942,0.12291128865077088,1.768299494547658
2026-06-12,SPY,0.2475940676724102,0.122937354101535,1.851301171525445
2026-06-15,SPY,0.2645682308416828,0.12403337739747884,1.971793689515819
2026-06-16,SPY,0.27124198930449483,0.1236295937860209,2.0322156015439674
2026-06-17,SPY,0.24353558764472694,0.1240623425847293,1.8018004737582773
2026-06-18,SPY,0.2672939922752062,0.12406119993133252,1.9933225892711233
2026-06-22,SPY,0.2634961383661525,0.12412456339149866,1.9617079143162541
2026-06-23,SPY,0.2480787864482854,0.1250437874417539,1.8239913482669086
2026-06-24,SPY,0.23529876299472807,0.12472648883977369,1.7261671117135788
2026-06-25,SPY,0.223567325503075,0.12430874433708937,1.6375945762195079
2026-06-26,SPY,0.21403917140042017,0.12456973166282534,1.55767511746456
2026-06-29,SPY,0.2244602303758063,0.12535731737221853,1.6310195101631813
2026-06-30,SPY,0.22789416073155633,0.12548223918924095,1.656761642721638
2026-07-01,SPY,0.22039860690043866,0.12543903114191654,1.5975777640829827
2026-07-02,SPY,0.21918946546292895,0.1254520209915696,1.5877740660416664
2026-07-06,SPY,0.22427984500974096,0.12564668816200356,1.625827532726936
2026-07-07,SPY,0.20893409653389594,0.12557042122370532,1.5046066955314854
2026-07-08,SPY,0.2142477195261281,0.12535873777439518,1.549534743048471
2026-07-09,SPY,0.22519771406833922,0.12558513082107786,1.6339331951701037
2026-07-10,SPY,0.22314373952601296,0.12552688215005045,1.6183285687218938
2026-07-13,SPY,0.2103655936075408,0.1257970687087459,1.513275273911894
2026-07-14,SPY,0.21894826924049848,0.12575275705411149,1.5820589059124242
2026-07-15,SPY,0.22144898684425907,0.12578745320866092,1.6015030251871623
2026-07-16,SPY,0.2200439282614206,0.12583926987661959,1.5896780747182955
2026-07-17,SPY,0.20394396874942577,0.12626864039933494,1.4567668438314365
2026-07-20,SPY,0.19468916462277175,0.1261763818682988,1.3844838632725256
2026-07-21,SPY,0.2055374115905797,0.12639631298237491,1.4679020867994117
2026-07-22,SPY,0.201856790427835,0.12640605249337203,1.4386715417552531
2026-07-23,SPY,0.18684499784060393,0.1270828934105994,1.3128832163234976
2026-07-24,SPY,0.17802856371372555,0.1268420876058108,1.2458685180650249
2026-07-27,SPY,0.1778937781475458,0.12684245737513417,1.2448022642810992
2026-07-28,SPY,0.17574781900753544,0.12680434480101438,1.2282530165030239
2026-07-29,SPY,0.15794686735014163,0.12781464340995186,1.0792727943361837
2026-07-30,SPY,0.1804743502526105,0.1287880897864902,1.2460340899430296
2026-07-31,SPY,0.19047267037030613,0.12893717316529166,1.3221374890216326
2026-08-03,SPY,0.21197501510616568,0.12956408861485597,1.481699266814845
2026-08-04,SPY,0.25438562011707044,0.12955198253238098,1.8092013378373946
2026-08-05,SPY,0.23313770891423347,0.12878976034938666,1.6549274440454265
2026-08-06,SPY,0.2374412423384018,0.12867587560927474,1.6898368968450914
2026-08-07,SPY,0.23554453140688159,0.1286034031908241,1.6760406494612947
2026-08-10,SPY,0.23621255635774974,0.12859732585452138,1.6813145601670214
2026-08-11,SPY,0.2227282465187963,0.12847295693281366,1.5779838135493003
2026-08-12,SPY,0.2282196928343574,0.12845277007028688,1.6209825036892829
2026-08-13,SPY,0.22376128217384994,0.12822402539354671,1.5891037701278163
2026-08-14,SPY,0.2171720467808529,0.12822832773120585,1.5376637149489145
2026-08-17,SPY,0.2113052445105852,0.12834604058083718,1.4905426271416136
2026-08-18,SPY,0.20594543260156817,0.12853007944045783,1.4467075210025704
2026-08-19,SPY,0.20873846759530723,0.12853296293085806,1.4684051724290805
2026-08-20,SPY,0.20512310797048472,0.1287115693214692,1.4382786951196471
2026-08-21,SPY,0.21327723911537144,0.12870790135468196,1.5016734565716752
2026-08-24,SPY,0.21458493263932765,0.12867207753341972,1.5122545339239475
2026-08-25,SPY,0.20003800364028135,0.1278633805713077,1.4080497702770856
2026-08-26,SPY,0.20561034656847466,0.1277597058313359,1.452808186749516
2026-08-27,SPY,0.20845059186684645,0.1278450213301359,1.4740549917873453
2026-08-28,SPY,0.20296712734329136,0.12787253498645965,1.4308555575492865
2026-08-31,SPY,0.19513823165128175,0.12789698931604074,1.3693694635649727
2026-09-01,SPY,0.1940482249528388,0.12794790149065577,1.3603054284211908
2026-09-02,SPY,0.2082999083489625,0.1277388845314368,1.4741001460884176
2018-02-01,Maximum Sharpe,,,
2018-02-02,Maximum Sharpe,,,
2018-02-05,Maximum Sharpe,,,
2018-02-06,Maximum Sharpe,,,
2018-02-07,Maximum Sharpe,,,
2018-02-08,Maximum Sharpe,,,
2018-02-09,Maximum Sharpe,,,
2018-02-12,Maximum Sharpe,,,
2018-02-13,Maximum Sharpe,,,
2018-02-14,Maximum Sharpe,,,
2018-02-15,Maximum Sharpe,,,
2018-02-16,Maximum Sharpe,,,
2018-02-20,Maximum Sharpe,,,
2018-02-21,Maximum Sharpe,,,
2018-02-22,Maximum Sharpe,,,
2018-02-23,Maximum Sharpe,,,
2018-02-26,Maximum Sharpe,,,
2018-02-27,Maximum Sharpe,,,
2018-02-28,Maximum Sharpe,,,
2018-03-01,Maximum Sharpe,,,
2018-03-02,Maximum Sharpe,,,
2018-03-05,Maximum Sharpe,,,
2018-03-06,Maximum Sharpe,,,
2018-03-07,Maximum Sharpe,,,
2018-03-08,Maximum Sharpe,,,
2018-03-09,Maximum Sharpe,,,
2018-03-12,Maximum Sharpe,,,
2018-03-13,Maximum Sharpe,,,
2018-03-14,Maximum Sharpe,,,
2018-03-15,Maximum Sharpe,,,
2018-03-16,Maximum Sharpe,,,
2018-03-19,Maximum Sharpe,,,
2018-03-20,Maximum Sharpe,,,
2018-03-21,Maximum Sharpe,,,
2018-03-22,Maximum Sharpe,,,
2018-03-23,Maximum Sharpe,,,
2018-03-26,Maximum Sharpe,,,
2018-03-27,Maximum Sharpe,,,
2018-03-28,Maximum Sharpe,,,
2018-03-29,Maximum Sharpe,,,
2018-04-02,Maximum Sharpe,,,
2018-04-03,Maximum Sharpe,,,
2018-04-04,Maximum Sharpe,,,
2018-04-05,Maximum Sharpe,,,
2018-04-06,Maximum Sharpe,,,
2018-04-09,Maximum Sharpe,,,
2018-04-10,Maximum Sharpe,,,
2018-04-11,Maximum Sharpe,,,
2018-04-12,Maximum Sharpe,,,
2018-04-13,Maximum Sharpe,,,
2018-04-16,Maximum Sharpe,,,
2018-04-17,Maximum Sharpe,,,
2018-04-18,Maximum Sharpe,,,
2018-04-19,Maximum Sharpe,,,
2018-04-20,Maximum Sharpe,,,
2018-04-23,Maximum Sharpe,,,
2018-04-24,Maximum Sharpe,,,
2018-04-25,Maximum Sharpe,,,
2018-04-26,Maximum Sharpe,,,
2018-04-27,Maximum Sharpe,,,
2018-04-30,Maximum Sharpe,,,
2018-05-01,Maximum Sharpe,,,
2018-05-02,Maximum Sharpe,,,
2018-05-03,Maximum Sharpe,,,
2018-05-04,Maximum Sharpe,,,
2018-05-07,Maximum Sharpe,,,
2018-05-08,Maximum Sharpe,,,
2018-05-09,Maximum Sharpe,,,
2018-05-10,Maximum Sharpe,,,
2018-05-11,Maximum Sharpe,,,
2018-05-14,Maximum Sharpe,,,
2018-05-15,Maximum Sharpe,,,
2018-05-16,Maximum Sharpe,,,
2018-05-17,Maximum Sharpe,,,
2018-05-18,Maximum Sharpe,,,
2018-05-21,Maximum Sharpe,,,
2018-05-22,Maximum Sharpe,,,
2018-05-23,Maximum Sharpe,,,
2018-05-24,Maximum Sharpe,,,
2018-05-25,Maximum Sharpe,,,
2018-05-29,Maximum Sharpe,,,
2018-05-30,Maximum Sharpe,,,
2018-05-31,Maximum Sharpe,,,
2018-06-01,Maximum Sharpe,,,
2018-06-04,Maximum Sharpe,,,
2018-06-05,Maximum Sharpe,,,
2018-06-06,Maximum Sharpe,,,
2018-06-07,Maximum Sharpe,,,
2018-06-08,Maximum Sharpe,,,
2018-06-11,Maximum Sharpe,,,
2018-06-12,Maximum Sharpe,,,
2018-06-13,Maximum Sharpe,,,
2018-06-14,Maximum Sharpe,,,
2018-06-15,Maximum Sharpe,,,
2018-06-18,Maximum Sharpe,,,
2018-06-19,Maximum Sharpe,,,
2018-06-20,Maximum Sharpe,,,
2018-06-21,Maximum Sharpe,,,
2018-06-22,Maximum Sharpe,,,
2018-06-25,Maximum Sharpe,,,
2018-06-26,Maximum Sharpe,,,
2018-06-27,Maximum Sharpe,,,
2018-06-28,Maximum Sharpe,,,
2018-06-29,Maximum Sharpe,,,
2018-07-02,Maximum Sharpe,,,
2018-07-03,Maximum Sharpe,,,
2018-07-05,Maximum Sharpe,,,
2018-07-06,Maximum Sharpe,,,
2018-07-09,Maximum Sharpe,,,
2018-07-10,Maximum Sharpe,,,
2018-07-11,Maximum Sharpe,,,
2018-07-12,Maximum Sharpe,,,
2018-07-13,Maximum Sharpe,,,
2018-07-16,Maximum Sharpe,,,
2018-07-17,Maximum Sharpe,,,
2018-07-18,Maximum Sharpe,,,
2018-07-19,Maximum Sharpe,,,
2018-07-20,Maximum Sharpe,,,
2018-07-23,Maximum Sharpe,,,
2018-07-24,Maximum Sharpe,,,
2018-07-25,Maximum Sharpe,,,
2018-07-26,Maximum Sharpe,,,
2018-07-27,Maximum Sharpe,,,
2018-07-30,Maximum Sharpe,,,
2018-07-31,Maximum Sharpe,,,
2018-08-01,Maximum Sharpe,,,
2018-08-02,Maximum Sharpe,,,
2018-08-03,Maximum Sharpe,,,
2018-08-06,Maximum Sharpe,,,
2018-08-07,Maximum Sharpe,,,
2018-08-08,Maximum Sharpe,,,
2018-08-09,Maximum Sharpe,,,
2018-08-10,Maximum Sharpe,,,
2018-08-13,Maximum Sharpe,,,
2018-08-14,Maximum Sharpe,,,
2018-08-15,Maximum Sharpe,,,
2018-08-16,Maximum Sharpe,,,
2018-08-17,Maximum Sharpe,,,
2018-08-20,Maximum Sharpe,,,
2018-08-21,Maximum Sharpe,,,
2018-08-22,Maximum Sharpe,,,
2018-08-23,Maximum Sharpe,,,
2018-08-24,Maximum Sharpe,,,
2018-08-27,Maximum Sharpe,,,
2018-08-28,Maximum Sharpe,,,
2018-08-29,Maximum Sharpe,,,
2018-08-30,Maximum Sharpe,,,
2018-08-31,Maximum Sharpe,,,
2018-09-04,Maximum Sharpe,,,
2018-09-05,Maximum Sharpe,,,
2018-09-06,Maximum Sharpe,,,
2018-09-07,Maximum Sharpe,,,
2018-09-10,Maximum Sharpe,,,
2018-09-11,Maximum Sharpe,,,
2018-09-12,Maximum Sharpe,,,
2018-09-13,Maximum Sharpe,,,
2018-09-14,Maximum Sharpe,,,
2018-09-17,Maximum Sharpe,,,
2018-09-18,Maximum Sharpe,,,
2018-09-19,Maximum Sharpe,,,
2018-09-20,Maximum Sharpe,,,
2018-09-21,Maximum Sharpe,,,
2018-09-24,Maximum Sharpe,,,
2018-09-25,Maximum Sharpe,,,
2018-09-26,Maximum Sharpe,,,
2018-09-27,Maximum Sharpe,,,
2018-09-28,Maximum Sharpe,,,
2018-10-01,Maximum Sharpe,,,
2018-10-02,Maximum Sharpe,,,
2018-10-03,Maximum Sharpe,,,
2018-10-04,Maximum Sharpe,,,
2018-10-05,Maximum Sharpe,,,
2018-10-08,Maximum Sharpe,,,
2018-10-09,Maximum Sharpe,,,
2018-10-10,Maximum Sharpe,,,
2018-10-11,Maximum Sharpe,,,
2018-10-12,Maximum Sharpe,,,
2018-10-15,Maximum Sharpe,,,
2018-10-16,Maximum Sharpe,,,
2018-10-17,Maximum Sharpe,,,
2018-10-18,Maximum Sharpe,,,
2018-10-19,Maximum Sharpe,,,
2018-10-22,Maximum Sharpe,,,
2018-10-23,Maximum Sharpe,,,
2018-10-24,Maximum Sharpe,,,
2018-10-25,Maximum Sharpe,,,
2018-10-26,Maximum Sharpe,,,
2018-10-29,Maximum Sharpe,,,
2018-10-30,Maximum Sharpe,,,
2018-10-31,Maximum Sharpe,,,
2018-11-01,Maximum Sharpe,,,
2018-11-02,Maximum Sharpe,,,
2018-11-05,Maximum Sharpe,,,
2018-11-06,Maximum Sharpe,,,
2018-11-07,Maximum Sharpe,,,
2018-11-08,Maximum Sharpe,,,
2018-11-09,Maximum Sharpe,,,
2018-11-12,Maximum Sharpe,,,
2018-11-13,Maximum Sharpe,,,
2018-11-14,Maximum Sharpe,,,
2018-11-15,Maximum Sharpe,,,
2018-11-16,Maximum Sharpe,,,
2018-11-19,Maximum Sharpe,,,
2018-11-20,Maximum Sharpe,,,
2018-11-21,Maximum Sharpe,,,
2018-11-23,Maximum Sharpe,,,
2018-11-26,Maximum Sharpe,,,
2018-11-27,Maximum Sharpe,,,
2018-11-28,Maximum Sharpe,,,
2018-11-29,Maximum Sharpe,,,
2018-11-30,Maximum Sharpe,,,
2018-12-03,Maximum Sharpe,,,
2018-12-04,Maximum Sharpe,,,
2018-12-06,Maximum Sharpe,,,
2018-12-07,Maximum Sharpe,,,
2018-12-10,Maximum Sharpe,,,
2018-12-11,Maximum Sharpe,,,
2018-12-12,Maximum Sharpe,,,
2018-12-13,Maximum Sharpe,,,
2018-12-14,Maximum Sharpe,,,
2018-12-17,Maximum Sharpe,,,
2018-12-18,Maximum Sharpe,,,
2018-12-19,Maximum Sharpe,,,
2018-12-20,Maximum Sharpe,,,
2018-12-21,Maximum Sharpe,,,
2018-12-24,Maximum Sharpe,,,
2018-12-26,Maximum Sharpe,,,
2018-12-27,Maximum Sharpe,,,
2018-12-28,Maximum Sharpe,,,
2018-12-31,Maximum Sharpe,,,
2019-01-02,Maximum Sharpe,,,
2019-01-03,Maximum Sharpe,,,
2019-01-04,Maximum Sharpe,,,
2019-01-07,Maximum Sharpe,,,
2019-01-08,Maximum Sharpe,,,
2019-01-09,Maximum Sharpe,,,
2019-01-10,Maximum Sharpe,,,
2019-01-11,Maximum Sharpe,,,
2019-01-14,Maximum Sharpe,,,
2019-01-15,Maximum Sharpe,,,
2019-01-16,Maximum Sharpe,,,
2019-01-17,Maximum Sharpe,,,
2019-01-18,Maximum Sharpe,,,
2019-01-22,Maximum Sharpe,,,
2019-01-23,Maximum Sharpe,,,
2019-01-24,Maximum Sharpe,,,
2019-01-25,Maximum Sharpe,,,
2019-01-28,Maximum Sharpe,,,
2019-01-29,Maximum Sharpe,,,
2019-01-30,Maximum Sharpe,,,
2019-01-31,Maximum Sharpe,,,
2019-02-01,Maximum Sharpe,-0.017645255157084705,0.12452560156779761,-0.30230936195549196
2019-02-04,Maximum Sharpe,-0.010409572545413082,0.12451419434036617,-0.2442257503773979
2019-02-05,Maximum Sharpe,0.009649595031207436,0.12364036482718656,-0.08371380158299786
2019-02-06,Maximum Sharpe,0.03119124674498175,0.12131156686372405,0.0922520995673355
2019-02-07,Maximum Sharpe,0.013932984508715274,0.12080343615240965,-0.05022220960362731
2019-02-08,Maximum Sharpe,0.023296619513950567,0.12062558796847671,0.027329354985710645
2019-02-11,Maximum Sharpe,0.04821330964278414,0.11795795472762212,0.23918106844029105
2019-02-12,Maximum Sharpe,0.046949186644830165,0.11787790679140805,0.22861948755603836
2019-02-13,Maximum Sharpe,0.035566123127439786,0.11745333288826189,0.13253028027947464
2019-02-14,Maximum Sharpe,0.03447080673860836,0.1174346166211232,0.12322437076024369
2019-02-15,Maximum Sharpe,0.0298017984594674,0.11712867718839459,0.08368401910406434
2019-02-19,Maximum Sharpe,0.02340310667128076,0.11671575087894762,0.029157218675740778
2019-02-20,Maximum Sharpe,0.024093181126378704,0.1167130448970742,0.03507046817250257
2019-02-21,Maximum Sharpe,0.022777721688195918,0.11676428095996508,0.023789138813335508
2019-02-22,Maximum Sharpe,0.03303017398528141,0.11679946468478475,0.11156022007846432
2019-02-25,Maximum Sharpe,0.03246680839573002,0.11679549506349138,0.10674049019572987
2019-02-26,Maximum Sharpe,0.02051161259349854,0.11617039901040128,0.004403984128975342
2019-02-27,Maximum Sharpe,0.009685597824073966,0.11592446175736183,-0.08897520005324513
2019-02-28,Maximum Sharpe,0.016831969663442248,0.11553639152589787,-0.02742019457867202
2019-03-01,Maximum Sharpe,0.023518939074122835,0.11546038114656769,0.03047745936033092
2019-03-04,Maximum Sharpe,0.03200289851070082,0.11504858259106025,0.10432895599735525
2019-03-05,Maximum Sharpe,0.026924114433453772,0.11496862305800193,0.06022612300019058
2019-03-06,Maximum Sharpe,0.014862719200573249,0.11494201479457683,-0.04469454279714903
2019-03-07,Maximum Sharpe,0.0053356653315494995,0.11499508427378902,-0.12752140459792646
2019-03-08,Maximum Sharpe,0.006809970445818436,0.1149956299592242,-0.1147002678176428
2019-03-11,Maximum Sharpe,0.014531291099226129,0.11545514818852878,-0.047366522728323195
2019-03-12,Maximum Sharpe,0.007991716759434109,0.11506549389947617,-0.10436041973675098
2019-03-13,Maximum Sharpe,0.010483765224557073,0.11512398292955763,-0.08266075003038895
2019-03-14,Maximum Sharpe,0.012996889972481274,0.11502862752590592,-0.060881453409861265
2019-03-15,Maximum Sharpe,0.019635938375904383,0.11514613837718324,-0.003161735419237979
2019-03-18,Maximum Sharpe,0.023333560715991464,0.11515312499209811,0.028948938348136142
2019-03-19,Maximum Sharpe,0.024659499972523813,0.11515059287865348,0.04046440279672747
2019-03-20,Maximum Sharpe,0.03795945276859447,0.1146552487287323,0.15663873191785138
2019-03-21,Maximum Sharpe,0.046843796669620685,0.11495028993768622,0.23352526282597919
2019-03-22,Maximum Sharpe,0.03208933476349363,0.11569987099137338,0.10448874886295259
2019-03-25,Maximum Sharpe,0.04929859002395176,0.11471401921059211,0.2554054877125818
2019-03-26,Maximum Sharpe,0.06644422903204239,0.11405584722677685,0.4072060324947434
2019-03-27,Maximum Sharpe,0.04117625526809254,0.11223808958764961,0.18867262750009176
2019-03-28,Maximum Sharpe,0.05847991287767251,0.11122217964236127,0.34597337510742904
2019-03-29,Maximum Sharpe,0.0687080510028042,0.11108092249142237,0.43849159612952804
2019-04-01,Maximum Sharpe,0.06223509778201497,0.11069418017698308,0.3815475909798284
2019-04-02,Maximum Sharpe,0.07825717429729906,0.10991468197092853,0.5300217700917114
2019-04-03,Maximum Sharpe,0.07329467326882644,0.1098101469076171,0.4853346869088797
2019-04-04,Maximum Sharpe,0.06628838981431717,0.10954237304488851,0.42256150316689794
2019-04-05,Maximum Sharpe,0.06656125808206403,0.1095494066999734,0.42502519625307417
2019-04-08,Maximum Sharpe,0.08021658774735574,0.1088084976284133,0.5534180607198395
2019-04-09,Maximum Sharpe,0.0743110538973113,0.10874806639665364,0.499420869693574
2019-04-10,Maximum Sharpe,0.06649038634614612,0.10822266760220427,0.42958085746907987
2019-04-11,Maximum Sharpe,0.06602590336013536,0.10823146115390905,0.42525438416362926
2019-04-12,Maximum Sharpe,0.06471999088718938,0.10820440703541943,0.4132917698310644
2019-04-15,Maximum Sharpe,0.06554544169902798,0.10819701156464476,0.42094916523471465
2019-04-16,Maximum Sharpe,0.05968452978425831,0.10809945723750125,0.3671112769518252
2019-04-17,Maximum Sharpe,0.04984678587030644,0.10768011582412773,0.27718010555500083
2019-04-18,Maximum Sharpe,0.0519299294610982,0.1076902410645323,0.29649789196743004
2019-04-22,Maximum Sharpe,0.05788922241285044,0.1075323477762113,0.35235185687289927
2019-04-23,Maximum Sharpe,0.07610392751638972,0.10733309090229257,0.5227085798494542
2019-04-24,Maximum Sharpe,0.07915687475886357,0.10730033386153903,0.5513205097311248
2019-04-25,Maximum Sharpe,0.09094905639283013,0.1067942746287854,0.6643526222678839
2019-04-26,Maximum Sharpe,0.09523308975334,0.10682249868324316,0.7042813141492403
2019-04-29,Maximum Sharpe,0.08400573704594372,0.10645546410133193,0.601244262906209
2019-04-30,Maximum Sharpe,0.08060690586834629,0.10646034576722976,0.5692908982360462
2019-05-01,Maximum Sharpe,0.08389279370382474,0.10632708003737265,0.6009080065150592
2019-05-02,Maximum Sharpe,0.07816108708015856,0.10638770836875078,0.5466899134490822
2019-05-03,Maximum Sharpe,0.09257660090098896,0.10667563491778358,0.6803484315506982
2019-05-06,Maximum Sharpe,0.08878224419578751,0.1067075139776151,0.6445866990230558
2019-05-07,Maximum Sharpe,0.0668043200498789,0.10672039189576048,0.43856960435073356
2019-05-08,Maximum Sharpe,0.06034938549223745,0.10671268394109155,0.3781123667971041
2019-05-09,Maximum Sharpe,0.0588175919068592,0.10673056198498258,0.3636970628180613
2019-05-10,Maximum Sharpe,0.05566776988938771,0.10664254415665853,0.3344609805725522
2019-05-13,Maximum Sharpe,0.028913337952821694,0.10764037825996291,0.0828066390782745
2019-05-14,Maximum Sharpe,0.03446443882674988,0.10780199534137326,0.13417598422873142
2019-05-15,Maximum Sharpe,0.04335637663653569,0.1080395951269957,0.21618348910953725
2019-05-16,Maximum Sharpe,0.0601066486856352,0.10755671289910491,0.372888382366778
2019-05-17,Maximum Sharpe,0.05256051076230506,0.10764796519012641,0.3024721433869847
2019-05-20,Maximum Sharpe,0.04623732410247672,0.10793523955174837,0.2430839474803548
2019-05-21,Maximum Sharpe,0.05337979448340868,0.10807681506196493,0.3088524996251107
2019-05-22,Maximum Sharpe,0.04763683635565141,0.10801204348103256,0.2558681001207479
2019-05-23,Maximum Sharpe,0.04275930381036419,0.10819295734695757,0.21035845926069596
2019-05-24,Maximum Sharpe,0.03919514857672168,0.10810472496830849,0.1775606809262856
2019-05-28,Maximum Sharpe,0.033566999267429676,0.10812160861911,0.12547907343131937
2019-05-29,Maximum Sharpe,0.029762875653730925,0.1081999295235015,0.09022996314993333
2019-05-30,Maximum Sharpe,0.03639008355677431,0.10827996608857302,0.1513676458244106
2019-05-31,Maximum Sharpe,0.023569043059276762,0.10835157628379338,0.032939465965209025
2019-06-03,Maximum Sharpe,0.020679077000555823,0.10846667248074875,0.006260697272485695
2019-06-04,Maximum Sharpe,0.029378535512476267,0.1092005667326587,0.08588357911581626
2019-06-05,Maximum Sharpe,0.03136053247348092,0.10925127658281256,0.10398535219741459
2019-06-06,Maximum Sharpe,0.03377588253135322,0.1093349983647621,0.12599700679003337
2019-06-07,Maximum Sharpe,0.04312066494679856,0.10985673237725542,0.21046197576130918
2019-06-10,Maximum Sharpe,0.046429749824209,0.10988475146023059,0.2405224516867969
2019-06-11,Maximum Sharpe,0.046899296278501534,0.10988576543549423,0.24479327392310982
2019-06-12,Maximum Sharpe,0.04409965820118056,0.10990010777362233,0.21928693874279198
2019-06-13,Maximum Sharpe,0.046420257512568286,0.10995721069815408,0.2402776256765471
2019-06-14,Maximum Sharpe,0.04593760852999185,0.1099621778008112,0.23587754488616997
2019-06-17,Maximum Sharpe,0.041497278437472085,0.10979835257897036,0.19578871570054368
2019-06-18,Maximum Sharpe,0.05531125100176437,0.11017697275341655,0.32049574533866815
2019-06-19,Maximum Sharpe,0.0600180296798849,0.11023279508589821,0.3630319783572674
2019-06-20,Maximum Sharpe,0.06832826125764346,0.11046894160129908,0.43748279432302567
2019-06-21,Maximum Sharpe,0.06470951255822399,0.11052184885701777,0.40453098659311004
2019-06-24,Maximum Sharpe,0.06977060408642233,0.11045939148666481,0.4505782932221827
2019-06-25,Maximum Sharpe,0.060943056454175304,0.11081426086343855,0.36947461576837376
2019-06-26,Maximum Sharpe,0.0724144809183569,0.11024931459461518,0.475417748501059
2019-06-27,Maximum Sharpe,0.07540538095717642,0.11032527889198214,0.5022002347387946
2019-06-28,Maximum Sharpe,0.08411236722681448,0.11019632046649837,0.5818013428706612
2019-07-01,Maximum Sharpe,0.08653190861579874,0.11028616883041613,0.6032661150656429
2019-07-02,Maximum Sharpe,0.0897643020895218,0.11033220802446354,0.6323113018281409
2019-07-03,Maximum Sharpe,0.09360343843500885,0.11042585393611236,0.6665417183696186
2019-07-05,Maximum Sharpe,0.08931332934460201,0.1105413353871868,0.6270353899907413
2019-07-08,Maximum Sharpe,0.07680647767145876,0.1103800529347865,0.5146444141046075
2019-07-09,Maximum Sharpe,0.06960842756125163,0.11012677420401537,0.4504665456680818
2019-07-10,Maximum Sharpe,0.0710752270981192,0.11017715878946407,0.4635736450212707
2019-07-11,Maximum Sharpe,0.06813125659804675,0.11021425417954211,0.4367062768454576
2019-07-12,Maximum Sharpe,0.07608581329224595,0.11016155796552245,0.5091232761050754
2019-07-15,Maximum Sharpe,0.06967334232629696,0.1099081092531108,0.4519533878242112
2019-07-16,Maximum Sharpe,0.06585591262780133,0.10996904680654002,0.41698927070334674
2019-07-17,Maximum Sharpe,0.06838044099610108,0.10993496038120949,0.4400823980682531
2019-07-18,Maximum Sharpe,0.069891987600319,0.10995403815382687,0.45375311755735226
2019-07-19,Maximum Sharpe,0.06624138989871442,0.11004541869829201,0.42020277123478394
2019-07-22,Maximum Sharpe,0.07077888462533366,0.11010235243026063,0.46119709074787707
2019-07-23,Maximum Sharpe,0.07757835903382215,0.11008474172719618,0.5230366909204235
2019-07-24,Maximum Sharpe,0.08496382499833866,0.11011553528435931,0.5899605794094164
2019-07-25,Maximum Sharpe,0.07702822267612475,0.110240437763807,0.517307657996689
2019-07-26,Maximum Sharpe,0.07524344083102275,0.1101590644091839,0.5014879268202747
2019-07-29,Maximum Sharpe,0.08037645444710262,0.10998595589542214,0.548946944685468
2019-07-30,Maximum Sharpe,0.0857338618395076,0.1097813785602674,0.5987705993637277
2019-07-31,Maximum Sharpe,0.08703700344951804,0.10970743345560227,0.6110525179376052
2019-08-01,Maximum Sharpe,0.08091349900872236,0.10955364416189697,0.5560152697312849
2019-08-02,Maximum Sharpe,0.07673037718394915,0.10969762508848353,0.5171522823597109
2019-08-05,Maximum Sharpe,0.053776090216634875,0.11090078360677681,0.30456133057089524
2019-08-06,Maximum Sharpe,0.06049968228699587,0.11126929948719114,0.3639789454382071
2019-08-07,Maximum Sharpe,0.06013756371647028,0.11126425173088247,0.36074087671529903
2019-08-08,Maximum Sharpe,0.0722995885122375,0.11190853407527254,0.4673422714755557
2019-08-09,Maximum Sharpe,0.06596518225820258,0.11206558119657554,0.41016324340989685
2019-08-12,Maximum Sharpe,0.061898683072037386,0.1121344998324318,0.3736466755070802
2019-08-13,Maximum Sharpe,0.07501717380254558,0.11249190679355019,0.4890767289020656
2019-08-14,Maximum Sharpe,0.06314463015663452,0.11339846026207466,0.3804692767161314
2019-08-15,Maximum Sharpe,0.0623091594777585,0.11337847583114351,0.37316747440466785
2019-08-16,Maximum Sharpe,0.07858460639283149,0.11347861087848153,0.5162612226154827
2019-08-19,Maximum Sharpe,0.08210835063255684,0.11359780056632449,0.5467390241969927
2019-08-20,Maximum Sharpe,0.07750219901720179,0.11359897297305346,0.5061859056669619
2019-08-21,Maximum Sharpe,0.0804695796329149,0.11367534071671945,0.5319498428740667
2019-08-22,Maximum Sharpe,0.07659513730326628,0.11370726636025905,0.49772665472368094
2019-08-23,Maximum Sharpe,0.060001518795476105,0.11457260296605626,0.34913685959746515
2019-08-26,Maximum Sharpe,0.06960937033390313,0.11476073754439367,0.4322852170125902
2019-08-27,Maximum Sharpe,0.06265994843815448,0.11455234947302655,0.3724057047664443
2019-08-28,Maximum Sharpe,0.06126345592959348,0.11451438711745367,0.3603342511650601
2019-08-29,Maximum Sharpe,0.07081453352722789,0.11467726232662792,0.44310905663666866
2019-08-30,Maximum Sharpe,0.0647048547541289,0.1145896768555917,0.39012986144002215
2019-09-03,Maximum Sharpe,0.06174843069116731,0.11466762780545342,0.36408209963145166
2019-09-04,Maximum Sharpe,0.07054842863163713,0.11492434678133187,0.43984090445009283
2019-09-05,Maximum Sharpe,0.07980572870250802,0.11497588383749872,0.5201588951212978
2019-09-06,Maximum Sharpe,0.08556087439201576,0.11488661320730602,0.5706572120262182
2019-09-09,Maximum Sharpe,0.0837284918543566,0.11493275042045278,0.5544850499202517
2019-09-10,Maximum Sharpe,0.08281817700417182,0.11496537292254375,0.5464095440850234
2019-09-11,Maximum Sharpe,0.08470287914917063,0.11501094317859231,0.5625801976834337
2019-09-12,Maximum Sharpe,0.08419173238188882,0.1150057465693674,0.5581610858303557
2019-09-13,Maximum Sharpe,0.0772513079669479,0.11514184278706172,0.4972241765560932
2019-09-16,Maximum Sharpe,0.07251926432199451,0.11506683816865762,0.45642398068690415
2019-09-17,Maximum Sharpe,0.07859126037839759,0.11507136328115106,0.5091732530815941
2019-09-18,Maximum Sharpe,0.08469509116227325,0.11495660437757543,0.5627783763495828
2019-09-19,Maximum Sharpe,0.08471583437440033,0.11495677973777159,0.5629579614358013
2019-09-20,Maximum Sharpe,0.08354103529426293,0.11496841972318221,0.5526825144440124
2019-09-23,Maximum Sharpe,0.07667276998393202,0.11480487840658037,0.4936442664328771
2019-09-24,Maximum Sharpe,0.07513228946736117,0.11485297353569747,0.48002492029712657
2019-09-25,Maximum Sharpe,0.07818699196257661,0.11486359385296104,0.5065747118888064
2019-09-26,Maximum Sharpe,0.07701364188208304,0.11486781213590028,0.4963413233171893
2019-09-27,Maximum Sharpe,0.07150724941174924,0.11498119350789303,0.4479623827196876
2019-09-30,Maximum Sharpe,0.07464607540024804,0.11506709405057688,0.47490619148015295
2019-10-01,Maximum Sharpe,0.06995838759339201,0.11514147038249378,0.43388700376530653
2019-10-02,Maximum Sharpe,0.06123823745418977,0.11540110525887094,0.3573469886764344
2019-10-03,Maximum Sharpe,0.0684687142777829,0.11562351991194213,0.419194246245887
2019-10-04,Maximum Sharpe,0.08075219386771382,0.11594156751609472,0.5239897576792754
2019-10-07,Maximum Sharpe,0.08547210565063446,0.11565101217510378,0.5661178784281202
2019-10-08,Maximum Sharpe,0.08544545821186067,0.11565248810072937,0.5658802442266517
2019-10-09,Maximum Sharpe,0.09284630549224815,0.1156406538030006,0.6299368180358554
2019-10-10,Maximum Sharpe,0.08908898010864497,0.11564873761670513,0.5974036684916244
2019-10-11,Maximum Sharpe,0.11768018663529722,0.11315652830693229,0.8632306778654771
2019-10-14,Maximum Sharpe,0.12750232674423057,0.1129508593552169,0.9517619198110626
2019-10-15,Maximum Sharpe,0.11609385113466497,0.11236928100686794,0.8551612173151822
2019-10-16,Maximum Sharpe,0.1218122946633522,0.11222565659451295,0.9072105056263052
2019-10-17,Maximum Sharpe,0.10554656260223472,0.11113258971491803,0.7697702611059666
2019-10-18,Maximum Sharpe,0.10425341093856044,0.111158385959383,0.7579582072138618
2019-10-21,Maximum Sharpe,0.11825452743439535,0.1105358590833147,0.888892783294311
2019-10-22,Maximum Sharpe,0.11857818530211994,0.11053273911881967,0.8918460366403396
2019-10-23,Maximum Sharpe,0.12089262883000118,0.11053533022019611,0.9127636261547704
2019-10-24,Maximum Sharpe,0.12573767211243747,0.11053634840451614,0.9565873455985939
2019-10-25,Maximum Sharpe,0.15250988470194615,0.10819508897487251,1.22473104793805
2019-10-28,Maximum Sharpe,0.1357717428298979,0.1072034334706036,1.0799256990369046
2019-10-29,Maximum Sharpe,0.14711654013111986,0.10649495972961553,1.1936390271789512
2019-10-30,Maximum Sharpe,0.16385374002570186,0.1062248570240558,1.354238019761463
2019-10-31,Maximum Sharpe,0.15898448281696376,0.10600263391681973,1.3111417865901793
2019-11-01,Maximum Sharpe,0.15304142105523622,0.10572761344370649,1.2583412858938
2019-11-04,Maximum Sharpe,0.13908220633536872,0.10533553437422151,1.130503652379167
2019-11-05,Maximum Sharpe,0.14097386595572536,0.10522450690346265,1.1496738689088069
2019-11-06,Maximum Sharpe,0.14331058087646853,0.105252393438552,1.1715703258421308
2019-11-07,Maximum Sharpe,0.1319083781141237,0.105384161147062,1.0619088949994795
2019-11-08,Maximum Sharpe,0.11279397522485723,0.10415145271655701,0.8909522892339429
2019-11-11,Maximum Sharpe,0.11588620539086714,0.10408271612556791,0.9212500303622716
2019-11-12,Maximum Sharpe,0.1295229921627883,0.10359789359859475,1.0571932339392072
2019-11-13,Maximum Sharpe,0.1506636288332177,0.10228621993314264,1.2774313970994666
2019-11-14,Maximum Sharpe,0.15617901824255487,0.10234340872417567,1.3306085847655231
2019-11-15,Maximum Sharpe,0.1635026154783057,0.10227047446907299,1.403167592829556
2019-11-18,Maximum Sharpe,0.15550236804036843,0.10198827586542943,1.3286073020702878
2019-11-19,Maximum Sharpe,0.15657566762094843,0.10199964773184159,1.3389817578586904
2019-11-20,Maximum Sharpe,0.17497001051357297,0.10077073996535454,1.5378473013778842
2019-11-21,Maximum Sharpe,0.1850195262162191,0.10008812648007097,1.648742283622193
2019-11-22,Maximum Sharpe,0.1819530044615847,0.10003127271799749,1.6190237318898608
2019-11-25,Maximum Sharpe,0.19268107812101753,0.0999969248194621,1.726863885392295
2019-11-26,Maximum Sharpe,0.1825848139556352,0.09940923637586564,1.63551013852378
2019-11-27,Maximum Sharpe,0.18299959789444142,0.09941001577256862,1.6396697719810627
2019-11-29,Maximum Sharpe,0.15979295433716234,0.09792097676440847,1.427609884585763
2019-12-02,Maximum Sharpe,0.15314557288051578,0.09823097507962805,1.355433688534449
2019-12-03,Maximum Sharpe,0.15386337871149558,0.09825235613314315,1.3624444642334628
2019-12-04,Maximum Sharpe,0.14093612117751753,0.09765860084478419,1.238356070344792
2019-12-05,Maximum Sharpe,0.1643827821939905,0.09534531681829769,1.5143143576642042
2019-12-06,Maximum Sharpe,0.16366478077442737,0.0953357935534127,1.50693433619911
2019-12-09,Maximum Sharpe,0.18088768427533752,0.09392971013456233,1.7128519192154663
2019-12-10,Maximum Sharpe,0.176209223564324,0.09387855407194244,1.6639500374560028
2019-12-11,Maximum Sharpe,0.1803864591515758,0.09396965522173166,1.7067899075837456
2019-12-12,Maximum Sharpe,0.17311708741623,0.0939004075719676,1.6306328308413067
2019-12-13,Maximum Sharpe,0.17897462306893885,0.0940074805736135,1.6910848168561672
2019-12-16,Maximum Sharpe,0.19661632194526724,0.09287342741867563,1.9016884253563362
2019-12-17,Maximum Sharpe,0.21009148619920337,0.09206499863517402,2.0647530442321402
2019-12-18,Maximum Sharpe,0.2048289925324016,0.092073594088563,2.0074049933862668
2019-12-19,Maximum Sharpe,0.22435979917546245,0.09103119558975584,2.24494249308157
2019-12-20,Maximum Sharpe,0.23634452681941465,0.09063581063036981,2.386965210712453
2019-12-23,Maximum Sharpe,0.2583652247138344,0.0889357391060472,2.6801961406044774
2019-12-24,Maximum Sharpe,0.27906375916196713,0.08761129839158716,2.956967467872199
2019-12-26,Maximum Sharpe,0.24305435961364563,0.08135744969907094,2.741658697988819
2019-12-27,Maximum Sharpe,0.23775217396866433,0.0812686813609412,2.6794106945276326
2019-12-30,Maximum Sharpe,0.23334523059458134,0.08133049706279892,2.623188573775074
2019-12-31,Maximum Sharpe,0.22350025167623033,0.08120508431276173,2.5060038222785197
2020-01-02,Maximum Sharpe,0.23075965217554106,0.08153832491769904,2.5847925179757123
2020-01-03,Maximum Sharpe,0.25257979559802557,0.07986570540914198,2.9121359963772746
2020-01-06,Maximum Sharpe,0.227121200509514,0.07708032779174838,2.68708250786249
2020-01-07,Maximum Sharpe,0.21652629818148839,0.07691343164911912,2.555162264479967
2020-01-08,Maximum Sharpe,0.20968985064864754,0.0767559945009403,2.471335976844437
2020-01-09,Maximum Sharpe,0.20815038607318725,0.07668224032318635,2.4536370518154564
2020-01-10,Maximum Sharpe,0.21002554242973348,0.07669073152976415,2.4778162711354943
2020-01-13,Maximum Sharpe,0.21208670165062626,0.07668644155785795,2.504832637275284
2020-01-14,Maximum Sharpe,0.21826149752179624,0.07648373273135697,2.5922047792590615
2020-01-15,Maximum Sharpe,0.2109275891589233,0.07605103569004158,2.510519251007703
2020-01-16,Maximum Sharpe,0.2128597174096949,0.07608706785915499,2.5347240054866895
2020-01-17,Maximum Sharpe,0.20697839420776187,0.07597304525284612,2.4611149070762997
2020-01-21,Maximum Sharpe,0.20319320364486781,0.07581787912793145,2.416226960605907
2020-01-22,Maximum Sharpe,0.21590204506361266,0.07515570253276757,2.606615844994599
2020-01-23,Maximum Sharpe,0.21747925572041815,0.07517712646220112,2.626852940697464
2020-01-24,Maximum Sharpe,0.21320971329762894,0.07517843517289406,2.5700150961281465
2020-01-27,Maximum Sharpe,0.1989991141945191,0.07485369117401652,2.3913198051701947
2020-01-28,Maximum Sharpe,0.20862386857988002,0.074610158902744,2.5281258122738413
2020-01-29,Maximum Sharpe,0.21489766471617067,0.07460748307202494,2.6123071934757456
2020-01-30,Maximum Sharpe,0.19951595785560539,0.07334161667047158,2.4476684044501185
2020-01-31,Maximum Sharpe,0.1840319636664356,0.07303943060611696,2.2458001425424325
2020-02-03,Maximum Sharpe,0.1900273261867771,0.07302881675888191,2.328222388542233
2020-02-04,Maximum Sharpe,0.18923143901686124,0.07300653323311564,2.318031435303083
2020-02-05,Maximum Sharpe,0.18563006877402932,0.07290673475125475,2.271807526960721
2020-02-06,Maximum Sharpe,0.19333692238379463,0.07285504480021185,2.3792027423650777
2020-02-07,Maximum Sharpe,0.20101720124958988,0.07265543039734824,2.4914476489866972
2020-02-10,Maximum Sharpe,0.2044266655424236,0.07277471335277126,2.534213561906124
2020-02-11,Maximum Sharpe,0.20454221477258372,0.07277204855087399,2.5358941853007293
2020-02-12,Maximum Sharpe,0.19811087436603092,0.07248165166218927,2.457323616135863
2020-02-13,Maximum Sharpe,0.19977997541958548,0.07246606316581478,2.480885086971236
2020-02-14,Maximum Sharpe,0.20110836943042543,0.07248936489842059,2.498412969739944
2020-02-18,Maximum Sharpe,0.1972747005874287,0.0723391984559434,2.450603605946698
2020-02-19,Maximum Sharpe,0.19508560738616554,0.07226251565507101,2.422910492376125
2020-02-20,Maximum Sharpe,0.19565561004312593,0.07225926765986992,2.43090769851074
2020-02-21,Maximum Sharpe,0.19994400937666756,0.07205474057340151,2.497323672872852
2020-02-24,Maximum Sharpe,0.18057136975714694,0.07279348180618174,2.205848185482879
2020-02-25,Maximum Sharpe,0.16480662663324264,0.07399937253589502,1.9568628985739172
2020-02-26,Maximum Sharpe,0.16200908915240042,0.07404352490057084,1.9179136777064163
2020-02-27,Maximum Sharpe,0.1431238258764751,0.07648321368704052,1.60981501614566
2020-02-28,Maximum Sharpe,0.14946407096926673,0.07644051281602554,1.6936578026478775
2020-03-02,Maximum Sharpe,0.16767545178266507,0.07837302625788202,1.8842637426905955
2020-03-03,Maximum Sharpe,0.1662209413536977,0.07841709989690106,1.864656325545599
2020-03-04,Maximum Sharpe,0.18538370572994167,0.07989183765910393,2.070095150841679
2020-03-05,Maximum Sharpe,0.18410659031376753,0.07998286945071896,2.0517717286309787
2020-03-06,Maximum Sharpe,0.19619846302639532,0.07986590499310331,2.2061787572758447
2020-03-09,Maximum Sharpe,0.1555990902947968,0.08674946054073124,1.563111625704339
2020-03-10,Maximum Sharpe,0.14709577445239486,0.086190107792469,1.4745981610606602
2020-03-11,Maximum Sharpe,0.10126931783931292,0.09372779935172101,0.8670780536982774
2020-03-12,Maximum Sharpe,0.035225835281673445,0.1094257128799731,0.13914312167538137
2020-03-13,Maximum Sharpe,0.08086753850831596,0.11669185794778049,0.5216091300521938
2020-03-16,Maximum Sharpe,0.0319712352182826,0.1233745110486289,0.09703167304601562
2020-03-17,Maximum Sharpe,0.031906738359245734,0.12337351418755137,0.09650967987460592
2020-03-18,Maximum Sharpe,-0.015657343198267948,0.1315749956768142,-0.2710039473294195
2020-03-19,Maximum Sharpe,-0.027927953510635595,0.13195949562285914,-0.36320200592168006
2020-03-20,Maximum Sharpe,-0.03314118597042248,0.13172078864160927,-0.403438109644264
2020-03-23,Maximum Sharpe,0.006406619232917299,0.13392643927777365,-0.1014988589287362
2020-03-24,Maximum Sharpe,0.048382668007635354,0.1407219996864037,0.20169318280642395
2020-03-25,Maximum Sharpe,0.06087717727368225,0.1415219461737556,0.28883984695557186
2020-03-26,Maximum Sharpe,0.09192065791566817,0.1437509502205985,0.5003143130901019
2020-03-27,Maximum Sharpe,0.08017679821038404,0.1440707996051195,0.41768906936951344
2020-03-30,Maximum Sharpe,0.09425291670115854,0.14494358568369028,0.5122883937975726
2020-03-31,Maximum Sharpe,0.07764494763929108,0.14534346752652752,0.39661189195702895
2020-04-01,Maximum Sharpe,0.07046870329872368,0.14542070297078982,0.3470530830047023
2020-04-02,Maximum Sharpe,0.08018424589284723,0.1457140096621333,0.41302992095541313
2020-04-03,Maximum Sharpe,0.07624401268189573,0.14573215310350804,0.3859409984970697
2020-04-06,Maximum Sharpe,0.09475886147165857,0.14711216506129668,0.508175931205343
2020-04-07,Maximum Sharpe,0.08868479311252764,0.1472223953137463,0.46653766885230447
2020-04-08,Maximum Sharpe,0.09214787056202733,0.14722170175835578,0.4900627400737981
2020-04-09,Maximum Sharpe,0.09293169616791697,0.14724276492092137,0.49531599197478987
2020-04-13,Maximum Sharpe,0.09720017492517652,0.1472274894398842,0.5243597864697599
2020-04-14,Maximum Sharpe,0.10920890420877138,0.14775627105464953,0.6037571439237008
2020-04-15,Maximum Sharpe,0.11725584438066927,0.14789360283772082,0.6576068370407148
2020-04-16,Maximum Sharpe,0.12741708676602048,0.148105989661571,0.7252717260893597
2020-04-17,Maximum Sharpe,0.12158181391975798,0.14820224745994184,0.6854269463573075
2020-04-20,Maximum Sharpe,0.12070754157463726,0.1481976388863263,0.679548893838208
2020-04-21,Maximum Sharpe,0.1137500831481093,0.1483464692417138,0.6319670675501831
2020-04-22,Maximum Sharpe,0.11263417593593594,0.14830148719406042,0.6246341671187637
2020-04-23,Maximum Sharpe,0.11490370135235861,0.14831594541030302,0.639875241261591
2020-04-24,Maximum Sharpe,0.11898134206013156,0.14836832796024751,0.6671325573383271
2020-04-27,Maximum Sharpe,0.10892820244074142,0.1484826460621983,0.5989131039831418
2020-04-28,Maximum Sharpe,0.10912359892211643,0.1484809692449635,0.600235837463322
2020-04-29,Maximum Sharpe,0.12013368786813361,0.14868746564126217,0.6734507675968187
2020-04-30,Maximum Sharpe,0.11574896586203298,0.1488261010099743,0.6433613809154075
2020-05-01,Maximum Sharpe,0.11542463231896605,0.1488342153290355,0.6411471455539028
2020-05-04,Maximum Sharpe,0.10762222982806313,0.14858128640957002,0.5897258796543805
2020-05-05,Maximum Sharpe,0.11185800104154175,0.1485582009820396,0.618330058080383
2020-05-06,Maximum Sharpe,0.1163319042277775,0.14833115457474835,0.6494381069435624
2020-05-07,Maximum Sharpe,0.13306490618809264,0.1487687455685227,0.7600044334313155
2020-05-08,Maximum Sharpe,0.13285779168413758,0.14877172135212796,0.7585970684375852
2020-05-11,Maximum Sharpe,0.1289483171222714,0.1487806700039406,0.7322746773447504
2020-05-12,Maximum Sharpe,0.14696014336770657,0.14777429553560384,0.8591490347326175
2020-05-13,Maximum Sharpe,0.14072694345585668,0.1476722040815826,0.8175332941408539
2020-05-14,Maximum Sharpe,0.1409275196955131,0.14768059110845685,0.8188450410975382
2020-05-15,Maximum Sharpe,0.1370913724251186,0.1476197729571464,0.7931957222228616
2020-05-18,Maximum Sharpe,0.13744604531353488,0.1476090112327739,0.7956563378663031
2020-05-19,Maximum Sharpe,0.14945166244193642,0.1473761172293784,0.8783761227774505
2020-05-20,Maximum Sharpe,0.1503779461239232,0.14740740505576605,0.8844735179660723
2020-05-21,Maximum Sharpe,0.14733306844233818,0.14746431946048064,0.8634839187418657
2020-05-22,Maximum Sharpe,0.15932978542529042,0.14734182840823223,0.94562275309396
2020-05-26,Maximum Sharpe,0.14934575985115384,0.14755852695554084,0.876572587974706
2020-05-27,Maximum Sharpe,0.1542884289189006,0.14751927635645892,0.9103110605993763
2020-05-28,Maximum Sharpe,0.15741209523147215,0.1474595245756992,0.9318631375413859
2020-05-29,Maximum Sharpe,0.1612242189287234,0.14758861559144384,0.9568774553700103
2020-06-01,Maximum Sharpe,0.16820329958514435,0.14741123723934602,1.0053731476692804
2020-06-02,Maximum Sharpe,0.1742114082778783,0.14727793189697763,1.047077496890374
2020-06-03,Maximum Sharpe,0.1503342178149425,0.14689170754379138,0.8872809772198151
2020-06-04,Maximum Sharpe,0.13882111680008502,0.1470040659788322,0.8082845600828118
2020-06-05,Maximum Sharpe,0.13194244814174994,0.14693675493144173,0.761841026052198
2020-06-08,Maximum Sharpe,0.12520965836677722,0.14662989697144743,0.7175184634226689
2020-06-09,Maximum Sharpe,0.13075297574252032,0.14678876248996484,0.7545058209077272
2020-06-10,Maximum Sharpe,0.14331311253131784,0.147220059236229,0.8376108063742175
2020-06-11,Maximum Sharpe,0.13654581015739264,0.1474311344397627,0.790510163272269
2020-06-12,Maximum Sharpe,0.13050076247950715,0.14739804794856023,0.7496758879606756
2020-06-15,Maximum Sharpe,0.1352513311511263,0.14740812048736054,0.7818519818995215
2020-06-16,Maximum Sharpe,0.13199225840033435,0.1474027612810387,0.7597704237494537
2020-06-17,Maximum Sharpe,0.12398508633985905,0.1471170596852276,0.7068186827710264
2020-06-18,Maximum Sharpe,0.12451806688549194,0.14712868851989874,0.7103853635680043
2020-06-19,Maximum Sharpe,0.11806037701972749,0.14696629250805668,0.6672303924000248
2020-06-22,Maximum Sharpe,0.12589247150020744,0.14695955657388193,0.7205551919787634
2020-06-23,Maximum Sharpe,0.12594167787680988,0.1469597681320537,0.7208889835864045
2020-06-24,Maximum Sharpe,0.13313734079714945,0.14670207379991418,0.7712047816819317
2020-06-25,Maximum Sharpe,0.13722468237928398,0.14672845925768843,0.7989226014662286
2020-06-26,Maximum Sharpe,0.129871946302351,0.1466883528583817,0.749016156779846
2020-06-29,Maximum Sharpe,0.1296273821865941,0.14668544119873672,0.7473637553304657
2020-06-30,Maximum Sharpe,0.12740070169843798,0.14662626986786811,0.7324792603346033
2020-07-01,Maximum Sharpe,0.12508331238273973,0.14659800532876605,0.7168127025130803
2020-07-02,Maximum Sharpe,0.1225958810181953,0.14654568985241082,0.7000948381458487
2020-07-06,Maximum Sharpe,0.13484912601828825,0.14655143503053947,0.7836779352884203
2020-07-07,Maximum Sharpe,0.14377091004933962,0.14652164915531757,0.8447277979934457
2020-07-08,Maximum Sharpe,0.14594446705738573,0.14654036839532325,0.8594523709509466
2020-07-09,Maximum Sharpe,0.1484699508353018,0.14662407666168426,0.8761859154395856
2020-07-10,Maximum Sharpe,0.15083294635202793,0.1465940745117521,0.8924845481495868
2020-07-13,Maximum Sharpe,0.14234303420220162,0.14664768370004694,0.8342650297323616
2020-07-14,Maximum Sharpe,0.14357981548566912,0.146661747180404,0.8426179140881055
2020-07-15,Maximum Sharpe,0.14665149356482599,0.14661386874604673,0.8638438822196417
2020-07-16,Maximum Sharpe,0.14474901433901177,0.14663123927983884,0.850766964472926
2020-07-17,Maximum Sharpe,0.14298510371805895,0.146619353565511,0.838805387742403
2020-07-20,Maximum Sharpe,0.15868939209927868,0.14679566166517882,0.9447785481263783
2020-07-21,Maximum Sharpe,0.15363003334017278,0.14676355960404183,0.9105123485741119
2020-07-22,Maximum Sharpe,0.1548253575830325,0.14678542485340415,0.9185200623132967
2020-07-23,Maximum Sharpe,0.14736379280185452,0.14676765854878288,0.8677919513141319
2020-07-24,Maximum Sharpe,0.15171418280910864,0.1466666871935621,0.8980511207380036
2020-07-27,Maximum Sharpe,0.15349709617544782,0.14671999782330558,0.909876623200458
2020-07-28,Maximum Sharpe,0.15550584326606476,0.1467075060726656,0.9236462870478314
2020-07-29,Maximum Sharpe,0.1623935653663362,0.14673212401201594,0.9704321144746434
2020-07-30,Maximum Sharpe,0.17215630820625472,0.14659978508348542,1.0379026689541528
2020-07-31,Maximum Sharpe,0.17879671420958365,0.1467015272656014,1.0824475870798813
2020-08-03,Maximum Sharpe,0.1882703421044296,0.1465706235171146,1.148049575464767
2020-08-04,Maximum Sharpe,0.21790384380977157,0.14570789745414037,1.3582231798524111
2020-08-05,Maximum Sharpe,0.20449103984946015,0.14544318210104393,1.2684749961073354
2020-08-06,Maximum Sharpe,0.21145531798776274,0.14559600794835997,1.3149764247359594
2020-08-07,Maximum Sharpe,0.1871647547493882,0.14540765705164585,1.1496282805108033
2020-08-10,Maximum Sharpe,0.19001713134119935,0.14532247359324457,1.1699300675067972
2020-08-11,Maximum Sharpe,0.1732708262488265,0.14641960582460528,1.0467916873948442
2020-08-12,Maximum Sharpe,0.1651868757185304,0.14615453903955702,0.9933791770862163
2020-08-13,Maximum Sharpe,0.18311482340223084,0.145363166913028,1.1221193570983756
2020-08-14,Maximum Sharpe,0.17764054080702785,0.1453723210283393,1.0843917170194797
2020-08-17,Maximum Sharpe,0.17649276313213735,0.14532160840032599,1.07687194529968
2020-08-18,Maximum Sharpe,0.17695642781721954,0.145336933317331,1.0799486698574985
2020-08-19,Maximum Sharpe,0.16876815101612586,0.1456235999424178,1.0215936913724937
2020-08-20,Maximum Sharpe,0.17265211951973924,0.14575800671269734,1.0472983471887816
2020-08-21,Maximum Sharpe,0.1785312537767132,0.1457352581297587,1.0878030190577581
2020-08-24,Maximum Sharpe,0.19498645429718864,0.14500866559773384,1.206731015528518
2020-08-25,Maximum Sharpe,0.1858891629671311,0.14487024723806743,1.145087870903699
2020-08-26,Maximum Sharpe,0.19275207879076173,0.14498298510362964,1.1915334662704287
2020-08-27,Maximum Sharpe,0.1793813536632567,0.14525164420551703,1.0972774493192483
2020-08-28,Maximum Sharpe,0.1764488864188396,0.1451668932564634,1.0777173976055583
2020-08-31,Maximum Sharpe,0.18296348452209665,0.14521402809138242,1.122229626600156
2020-09-01,Maximum Sharpe,0.19880873625626005,0.14536201338972815,1.230092594939906
2020-09-02,Maximum Sharpe,0.19350504301723181,0.14520845731740087,1.194868716482398
2020-09-03,Maximum Sharpe,0.16965456699290393,0.14596232625674216,1.0252958474344076
2020-09-04,Maximum Sharpe,0.15682714101260187,0.14634412446796508,0.9349684622463509
2020-09-08,Maximum Sharpe,0.14715169513692494,0.14682353766901113,0.8660171056739348
2020-09-09,Maximum Sharpe,0.16294646386422396,0.1469827904049847,0.9725387813795116
2020-09-10,Maximum Sharpe,0.15275126037016218,0.14703194434773356,0.9028735963404166
2020-09-11,Maximum Sharpe,0.15001927959851868,0.14703869275851597,0.8842521458759938
2020-09-14,Maximum Sharpe,0.16306361636623246,0.14701688026430995,0.9731101361219866
2020-09-15,Maximum Sharpe,0.16642521058162174,0.14703370321584167,0.9958615431638373
2020-09-16,Maximum Sharpe,0.15675547203843188,0.1471225592055693,0.9295343472604236
2020-09-17,Maximum Sharpe,0.15061530675675816,0.147211264892709,0.8872643465970736
2020-09-18,Maximum Sharpe,0.14378624339164903,0.14729851482887532,0.840376724337365
2020-09-21,Maximum Sharpe,0.14469342319306233,0.14728983552765543,0.8465853923073303
2020-09-22,Maximum Sharpe,0.14963847095195226,0.14733834367855872,0.8798692025124061
2020-09-23,Maximum Sharpe,0.14085054472717728,0.14778578417275254,0.817741336919865
2020-09-24,Maximum Sharpe,0.14185544798690808,0.1477980166252072,0.8244728229061054
2020-09-25,Maximum Sharpe,0.15004643724056077,0.14791168262471147,0.8792168064947294
2020-09-28,Maximum Sharpe,0.16343246453648574,0.1479420281118171,0.9695180359977023
2020-09-29,Maximum Sharpe,0.15812363331863355,0.14787361159963297,0.9340654618797205
2020-09-30,Maximum Sharpe,0.16000250141805195,0.14783351047205565,0.9470281871207817
2020-10-01,Maximum Sharpe,0.17605406382145627,0.14771712495924508,1.0564385399763998
2020-10-02,Maximum Sharpe,0.156779491720632,0.14788221637229024,0.924921840340103
2020-10-05,Maximum Sharpe,0.1452649641796313,0.1476351003822184,0.8484768449733693
2020-10-06,Maximum Sharpe,0.1461961078949261,0.1476052846317739,0.8549565702186304
2020-10-07,Maximum Sharpe,0.15583556492189188,0.1474315073203219,0.9213469182456657
2020-10-08,Maximum Sharpe,0.1563665268161758,0.14744147239133856,0.9248858181111507
2020-10-09,Maximum Sharpe,0.16600625103636646,0.14754935462792126,0.9895417801355616
2020-10-12,Maximum Sharpe,0.17410138892320415,0.14778438502317714,1.0427447317863543
2020-10-13,Maximum Sharpe,0.1718126904173649,0.14777717493993772,1.0273081108707578
2020-10-14,Maximum Sharpe,0.16855031991595992,0.14778336907212428,1.0051896965717526
2020-10-15,Maximum Sharpe,0.16630021771655912,0.14780629747274546,0.9898104493385065
2020-10-16,Maximum Sharpe,0.161300313608151,0.147848668871217,0.9557090685153892
2020-10-19,Maximum Sharpe,0.15749210874216701,0.147956895647173,0.9292713809705705
2020-10-20,Maximum Sharpe,0.1538023280884575,0.14797823949886463,0.9042027296823201
2020-10-21,Maximum Sharpe,0.15398806882630867,0.1479770319323046,0.9054653082081313
2020-10-22,Maximum Sharpe,0.14583744489064254,0.1480965189381624,0.849698870661409
2020-10-23,Maximum Sharpe,0.1456305251272887,0.14809406992801757,0.8483157035818688
2020-10-26,Maximum Sharpe,0.14338713732130026,0.14809880777848336,0.8331406523262144
2020-10-27,Maximum Sharpe,0.14869242455557363,0.1481660450783002,0.8685689389061072
2020-10-28,Maximum Sharpe,0.13647505473963073,0.14874296347935126,0.7830626203423733
2020-10-29,Maximum Sharpe,0.1300256248804863,0.14864832174335774,0.7401740133362974
2020-10-30,Maximum Sharpe,0.11433556170546089,0.148967878455003,0.6332610941623615
2020-11-02,Maximum Sharpe,0.11550801661038146,0.1489939889977652,0.641019260258976
2020-11-03,Maximum Sharpe,0.12159283552875655,0.14899589260313953,0.6818499070934514
2020-11-04,Maximum Sharpe,0.15116643940479957,0.15020302055540624,0.8732609964818615
2020-11-05,Maximum Sharpe,0.16033459417759155,0.15054301329459033,0.9321893531051992
2020-11-06,Maximum Sharpe,0.1625614466362213,0.1504725169073457,0.9474251482349054
2020-11-09,Maximum Sharpe,0.13963625240342958,0.15192087762794973,0.7874905297507275
2020-11-10,Maximum Sharpe,0.132736045182265,0.15209337117243682,0.7412291825292622
2020-11-11,Maximum Sharpe,0.13779652726200742,0.15221385635028234,0.773888331105205
2020-11-12,Maximum Sharpe,0.1419164433010136,0.1523023387577113,0.8004896332876621
2020-11-13,Maximum Sharpe,0.14015022589738657,0.15227312912431049,0.7890441773170637
2020-11-16,Maximum Sharpe,0.1385850172418619,0.15226101665923272,0.7788271735191464
2020-11-17,Maximum Sharpe,0.13845312286302813,0.15226050917963724,0.777963527780384
2020-11-18,Maximum Sharpe,0.1333733400837993,0.15227480867250184,0.7445311609462067
2020-11-19,Maximum Sharpe,0.13681886346460703,0.15230508353796612,0.7670056753915689
2020-11-20,Maximum Sharpe,0.14225482671824796,0.1522624999510415,0.8029214465647011
2020-11-23,Maximum Sharpe,0.13491900171374938,0.1523561075025899,0.7542789297881994
2020-11-24,Maximum Sharpe,0.12745074322852323,0.1523125130050629,0.7054623491436421
2020-11-25,Maximum Sharpe,0.1247574795394728,0.15228853476395482,0.6878881571869181
2020-11-27,Maximum Sharpe,0.1286331101777909,0.15234052006880228,0.7130939957978901
2020-11-30,Maximum Sharpe,0.12976160043204166,0.15232710971033356,0.7205651091310351
2020-12-01,Maximum Sharpe,0.13840770144098768,0.15211141545170387,0.7784274512821342
2020-12-02,Maximum Sharpe,0.13169845665411506,0.15208254249241623,0.7344594246225534
2020-12-03,Maximum Sharpe,0.1367789563513615,0.15213323724622724,0.7676097509340123
2020-12-04,Maximum Sharpe,0.1318863911395758,0.15222115955552246,0.7350252190055442
2020-12-07,Maximum Sharpe,0.13770641924791738,0.15235028257892771,0.7726038787419873
2020-12-08,Maximum Sharpe,0.14254507344612666,0.15236125285993832,0.8043060236501147
2020-12-09,Maximum Sharpe,0.13139996382557273,0.15271744495827574,0.729451464146801
2020-12-10,Maximum Sharpe,0.1307679957063166,0.15270258352869368,0.7253839008264235
2020-12-11,Maximum Sharpe,0.1337217707614382,0.15269197241517413,0.7447789753624063
2020-12-14,Maximum Sharpe,0.12844499181600777,0.1526215121991245,0.710548534432814
2020-12-15,Maximum Sharpe,0.13117307147763757,0.1526470624158178,0.7283014145060773
2020-12-16,Maximum Sharpe,0.13290419440526224,0.1526456005397826,0.7396491874381736
2020-12-17,Maximum Sharpe,0.13704189008494172,0.15263788245831167,0.76679450867584
2020-12-18,Maximum Sharpe,0.1313086932398977,0.15264551890234657,0.7291972541369282
2020-12-21,Maximum Sharpe,0.12959382336191738,0.15263832130035876,0.7179967810721709
2020-12-22,Maximum Sharpe,0.13070647133341762,0.15264437020896787,0.7252574803896279
2020-12-23,Maximum Sharpe,0.12472483003909907,0.15268930941976092,0.6858687778277794
2020-12-24,Maximum Sharpe,0.12344874226526903,0.15266389891644658,0.6776241337966014
2020-12-28,Maximum Sharpe,0.12600031529880296,0.15267923433722297,0.6942680565497192
2020-12-29,Maximum Sharpe,0.12889682604914565,0.1526526831266713,0.7133633279068078
2020-12-30,Maximum Sharpe,0.13300075967657143,0.15263735203360096,0.7403218030911327
2020-12-31,Maximum Sharpe,0.1256087277166864,0.15244154065713067,0.6927818182723569
2021-01-04,Maximum Sharpe,0.12133713214875397,0.15245441510084304,0.6647044762968861
2021-01-05,Maximum Sharpe,0.12002300251139952,0.15245533642527306,0.6560806912811898
2021-01-06,Maximum Sharpe,0.10694882077373413,0.15309558251205452,0.5679381426102736
2021-01-07,Maximum Sharpe,0.11023221984482956,0.15311720909131396,0.589301623118131
2021-01-08,Maximum Sharpe,0.10313207587315376,0.15308069260902255,0.5430604895777299
2021-01-11,Maximum Sharpe,0.09493972238244908,0.15318716851904338,0.48920365267494964
2021-01-12,Maximum Sharpe,0.09334092530591831,0.15318433247153188,0.4787756301353348
2021-01-13,Maximum Sharpe,0.09948705167961536,0.15328268709484422,0.518565098160319
2021-01-14,Maximum Sharpe,0.09044324084450794,0.15335708602885414,0.45934128424462917
2021-01-15,Maximum Sharpe,0.08506166750519872,0.15334329946521305,0.4242876456428303
2021-01-19,Maximum Sharpe,0.09179531737146496,0.15345797674837197,0.46785001922180386
2021-01-20,Maximum Sharpe,0.09840695341089778,0.1536772015485006,0.510205499715275
2021-01-21,Maximum Sharpe,0.09673343683902802,0.15367658019202038,0.49931770178090146
2021-01-22,Maximum Sharpe,0.09349965557626327,0.15366135484344953,0.4783223189145043
2021-01-25,Maximum Sharpe,0.10251223021617983,0.153806453329824,0.5364679337559383
2021-01-26,Maximum Sharpe,0.10536865404613915,0.15376856181438187,0.5551762534476321
2021-01-27,Maximum Sharpe,0.09419698625409301,0.15396835997608133,0.48189762017091925
2021-01-28,Maximum Sharpe,0.08989521818621427,0.1539437478575991,0.4540308986816968
2021-01-29,Maximum Sharpe,0.07893871322206336,0.15419340523696468,0.38223887157486564
2021-02-01,Maximum Sharpe,0.09322473870891868,0.1543740174576737,0.4743333101957746
2021-02-02,Maximum Sharpe,0.09061677491637132,0.15435110510467562,0.45750741381787613
2021-02-03,Maximum Sharpe,0.08252780256287973,0.15441478242019843,0.40493404571025504
2021-02-04,Maximum Sharpe,0.0808815545856445,0.15441048025269105,0.3942838237793996
2021-02-05,Maximum Sharpe,0.07624767524754028,0.15438637415539777,0.3643305670934672
2021-02-08,Maximum Sharpe,0.07932896184230565,0.15443780859184356,0.38416086308957786
2021-02-09,Maximum Sharpe,0.07456650886048699,0.15436158959600418,0.35349797189377674
2021-02-10,Maximum Sharpe,0.078540519400216,0.15436849929182148,0.37922581141084855
2021-02-11,Maximum Sharpe,0.07509235232062395,0.15436824198398041,0.35688916070146837
2021-02-12,Maximum Sharpe,0.07082649136244124,0.15441197377824153,0.32916159361731623
2021-02-16,Maximum Sharpe,0.05813038871325893,0.1546771691592498,0.24651594621570366
2021-02-17,Maximum Sharpe,0.05479185569925016,0.15466375163277993,0.22495158259096734
2021-02-18,Maximum Sharpe,0.049222101936398976,0.15466674739911299,0.1889359052789298
2021-02-19,Maximum Sharpe,0.04257402366632279,0.15478719448982198,0.14583909050568872
2021-02-22,Maximum Sharpe,0.03538744430145102,0.15502134226146627,0.09926016687107402
2021-02-23,Maximum Sharpe,0.04475711133369997,0.1546483489860393,0.16008648974283515
2021-02-24,Maximum Sharpe,0.05810836045668566,0.15410896484257197,0.24728191832068147
2021-02-25,Maximum Sharpe,0.03779383920308632,0.1555699211075315,0.11437840346262719
2021-02-26,Maximum Sharpe,0.06905311352783738,0.1547495602094095,0.31698386387307304
2021-03-01,Maximum Sharpe,0.0714593782417614,0.15480142124446727,0.33242187202206064
2021-03-02,Maximum Sharpe,0.048453382036099724,0.1538469612910059,0.1849460125655608
2021-03-03,Maximum Sharpe,0.035938720756249154,0.1545388327428201,0.10313731813138513
2021-03-04,Maximum Sharpe,0.00997468613564001,0.15402886690358392,-0.06508724024202195
2021-03-05,Maximum Sharpe,0.021739345041696723,0.15395803892300755,0.011297526610913423
2021-03-08,Maximum Sharpe,0.0036796589390286627,0.1544335963130685,-0.10567869589649824
2021-03-09,Maximum Sharpe,0.05839478465899672,0.152031553309023,0.25254484232595165
2021-03-10,Maximum Sharpe,0.055959480363579006,0.15200240526397277,0.23657178517096814
2021-03-11,Maximum Sharpe,0.10114368245160255,0.14754125407675647,0.5499728395245208
2021-03-12,Maximum Sharpe,0.1540658057706037,0.13663167719301317,0.9812205231237499
2021-03-15,Maximum Sharpe,0.11517074233778835,0.1306317440636726,0.7285422315987772
2021-03-16,Maximum Sharpe,0.1620784472140142,0.12413331164412862,1.1445634159936986
2021-03-17,Maximum Sharpe,0.15882041225254984,0.12413208729158808,1.1183281879926716
2021-03-18,Maximum Sharpe,0.19604039609417145,0.1162121894696444,1.5148186855231283
2021-03-19,Maximum Sharpe,0.2123738999518352,0.11570376265551348,1.662641694069992
2021-03-22,Maximum Sharpe,0.2204787480435073,0.1160263597107651,1.7278724295347052
2021-03-23,Maximum Sharpe,0.19005252966618125,0.11292143265332205,1.505936700150239
2021-03-24,Maximum Sharpe,0.1372714297748696,0.1045821765195654,1.121332847312948
2021-03-25,Maximum Sharpe,0.1160277276948567,0.10354777801821287,0.9273760338726584
2021-03-26,Maximum Sharpe,0.09116465414244734,0.1004127161961061,0.708721532873015
2021-03-29,Maximum Sharpe,0.09583217983048886,0.10009318618926334,0.7576158050069458
2021-03-30,Maximum Sharpe,0.07625055594967711,0.0987930755526208,0.5693775159344645
2021-03-31,Maximum Sharpe,0.09270308121971449,0.09820344058608405,0.7403313039321038
2021-04-01,Maximum Sharpe,0.11148465677040997,0.09880712219517783,0.9258913197542229
2021-04-05,Maximum Sharpe,0.10585620975099808,0.098465290603725,0.8719439025120805
2021-04-06,Maximum Sharpe,0.11262787706617572,0.09849133422773688,0.9404672785932275
2021-04-07,Maximum Sharpe,0.0884792886322705,0.09639527615658193,0.7104008760868589
2021-04-08,Maximum Sharpe,0.10266407028011448,0.09650401352257842,0.8565868637243165
2021-04-09,Maximum Sharpe,0.09988224401818391,0.09649670093059151,0.8278235758095179
2021-04-12,Maximum Sharpe,0.09280953440574202,0.09640081075061317,0.7552792745083724
2021-04-13,Maximum Sharpe,0.09911510206897023,0.09665845249829966,0.8185016418544665
2021-04-14,Maximum Sharpe,0.07915846972218565,0.09599781076765908,0.6162481128383782
2021-04-15,Maximum Sharpe,0.08562475482386356,0.09659961692945214,0.6793479820089773
2021-04-16,Maximum Sharpe,0.07483413246582393,0.09627044066988714,0.5695843094128034
2021-04-19,Maximum Sharpe,0.07544588986689349,0.09624181393489573,0.5761101916096544
2021-04-20,Maximum Sharpe,0.07446900269735401,0.09623974100938286,0.5659720415503152
2021-04-21,Maximum Sharpe,0.08623720606676977,0.0961212046345577,0.6891008734086965
2021-04-22,Maximum Sharpe,0.07553179927561371,0.09599049917875406,0.5785134961346755
2021-04-23,Maximum Sharpe,0.07565117308219693,0.09599316033164493,0.5797410241513954
2021-04-26,Maximum Sharpe,0.07270276266587339,0.09591397950710899,0.5494794704245083
2021-04-27,Maximum Sharpe,0.07373573605582329,0.09585655425660501,0.5605848913781565
2021-04-28,Maximum Sharpe,0.07455516831902398,0.09585026860971685,0.5691707400545921
2021-04-29,Maximum Sharpe,0.064951434307712,0.09549826170870612,0.4707042149607419
2021-04-30,Maximum Sharpe,0.07029775210753075,0.09526143728690534,0.5279969895483059
2021-05-03,Maximum Sharpe,0.07518352955970364,0.0951731097376552,0.5798227010950583
2021-05-04,Maximum Sharpe,0.06804388894588653,0.09526994931361968,0.5042921644445363
2021-05-05,Maximum Sharpe,0.06678297980844938,0.0952624556588009,0.49109567336801374
2021-05-06,Maximum Sharpe,0.07864889253316543,0.09517733352939904,0.6162065100830918
2021-05-07,Maximum Sharpe,0.06834606100231766,0.09444192815696015,0.5119131083597499
2021-05-10,Maximum Sharpe,0.059108588697886155,0.09504054115165157,0.4114937501826981
2021-05-11,Maximum Sharpe,0.05807702847372842,0.09506426815969532,0.40053985804386644
2021-05-12,Maximum Sharpe,0.04474640012345277,0.09606703582544673,0.2575951252250235
2021-05-13,Maximum Sharpe,0.048898602558963056,0.09616585918580337,0.3005079224959418
2021-05-14,Maximum Sharpe,0.05259455006584579,0.09650552719324777,0.33774801313272695
2021-05-17,Maximum Sharpe,0.04966605048876516,0.09650818521943759,0.3073941388630542
2021-05-18,Maximum Sharpe,0.05147644143948904,0.09644129369969705,0.32637929492631756
2021-05-19,Maximum Sharpe,0.04761316670622984,0.09642244505164918,0.28637696017186354
2021-05-20,Maximum Sharpe,0.05103384066203853,0.09669939858647751,0.32093106178199454
2021-05-21,Maximum Sharpe,0.05436600905642397,0.09661632316972833,0.35569568297535326
2021-05-24,Maximum Sharpe,0.05719482163206302,0.09676140703470117,0.3843972795757712
2021-05-25,Maximum Sharpe,0.07024191345396624,0.09656702110490185,0.5202802455652834
2021-05-26,Maximum Sharpe,0.06887399605910605,0.09656066095536425,0.5061481101677456
2021-05-27,Maximum Sharpe,0.06749930014968841,0.09659021387853595,0.49176099981950233
2021-05-28,Maximum Sharpe,0.06011756081734432,0.09628050904453761,0.41667375064237205
2021-06-01,Maximum Sharpe,0.05911358598394845,0.09629484710589706,0.4061856595601068
2021-06-02,Maximum Sharpe,0.062326017352607455,0.09631585977295067,0.43945013264050503
2021-06-03,Maximum Sharpe,0.0602138342069134,0.096483732296937,0.41679393250617475
2021-06-04,Maximum Sharpe,0.07902537241103214,0.09693235234510694,0.6089336633540564
2021-06-07,Maximum Sharpe,0.08102317280740667,0.09692727206210658,0.6295769137947657
2021-06-08,Maximum Sharpe,0.07737270098855276,0.09682320329633207,0.5925511554597181
2021-06-09,Maximum Sharpe,0.07148050723965316,0.09655818539012287,0.5331552890276167
2021-06-10,Maximum Sharpe,0.0655426633720062,0.09604922349532936,0.4741596206055828
2021-06-11,Maximum Sharpe,0.07106824056776384,0.09576151408683173,0.5332856425124787
2021-06-14,Maximum Sharpe,0.07150193674627237,0.0957559627633076,0.5378457409861396
2021-06-15,Maximum Sharpe,0.06517123979642725,0.09577174748510142,0.4716551695316433
2021-06-16,Maximum Sharpe,0.05829587584753382,0.09604896182607672,0.39871202269608197
2021-06-17,Maximum Sharpe,0.055990679396478615,0.09601506993298653,0.3748440679322341
2021-06-18,Maximum Sharpe,0.05307287107984293,0.09593641817795802,0.3447373969965623
2021-06-21,Maximum Sharpe,0.05188125337256766,0.0959254134854606,0.3323546098386106
2021-06-22,Maximum Sharpe,0.05077441223785062,0.09589107791295336,0.32093092399885814
2021-06-23,Maximum Sharpe,0.04834731159314187,0.09589406032898734,0.2956107134882983
2021-06-24,Maximum Sharpe,0.05273750097024332,0.09587749738510434,0.341451350557774
2021-06-25,Maximum Sharpe,0.04692023276976842,0.09585223903032304,0.2808513712575056
2021-06-28,Maximum Sharpe,0.055495483042866445,0.0960290400074982,0.3696328010786618
2021-06-29,Maximum Sharpe,0.052114776727190115,0.09601066629487978,0.33449175978588935
2021-06-30,Maximum Sharpe,0.050028097724890364,0.09595486770695175,0.31293980641604163
2021-07-01,Maximum Sharpe,0.04899847824276704,0.09594682027434571,0.30223490637678446
2021-07-02,Maximum Sharpe,0.05340285627705188,0.09615460479003667,0.34738696446197664
2021-07-06,Maximum Sharpe,0.053789953140597424,0.09617772785325814,0.3513282533784951
2021-07-07,Maximum Sharpe,0.05408883572510592,0.09618912991955668,0.3543938463069012
2021-07-08,Maximum Sharpe,0.05068220014299585,0.09615104661490714,0.3191041722705379
2021-07-09,Maximum Sharpe,0.04073986716784406,0.09592664769413822,0.21620548269312037
2021-07-12,Maximum Sharpe,0.041825483303472355,0.0959247951419641,0.22752702542832315
2021-07-13,Maximum Sharpe,0.04356348387877973,0.09586346646592855,0.24580254342413727
2021-07-14,Maximum Sharpe,0.046915212196223965,0.09601268881411311,0.28032974108592656
2021-07-15,Maximum Sharpe,0.04945528964887713,0.09602065433281054,0.3067599346572269
2021-07-16,Maximum Sharpe,0.04655294291236389,0.09611760974574471,0.2762547152660487
2021-07-19,Maximum Sharpe,0.05115296490791499,0.09625169839190804,0.3236614566640628
2021-07-20,Maximum Sharpe,0.04219168478221347,0.09581792243795166,0.23160265029315394
2021-07-21,Maximum Sharpe,0.03966256467257434,0.09586600138067176,0.2051046709927619
2021-07-22,Maximum Sharpe,0.040690821440584335,0.09591310134438358,0.21572466274750415
2021-07-23,Maximum Sharpe,0.044100374176099244,0.09588602689446928,0.25134396487846716
2021-07-26,Maximum Sharpe,0.044516260658339135,0.09588010743450058,0.25569705035100365
2021-07-27,Maximum Sharpe,0.03861466671187297,0.09567930337160935,0.1945526990259886
2021-07-28,Maximum Sharpe,0.04049323948407091,0.09570143685280734,0.21413721839506272
2021-07-29,Maximum Sharpe,0.036292920081309354,0.09561576114779749,0.17039994124111682
2021-07-30,Maximum Sharpe,0.0327266877347514,0.0955926230523737,0.1331346219862452
2021-08-02,Maximum Sharpe,0.029711301483706043,0.09545269953190592,0.10173941157588688
2021-08-03,Maximum Sharpe,0.029327354022196772,0.09544485956179638,0.09772505365946625
2021-08-04,Maximum Sharpe,0.022110094031959182,0.09512724013399797,0.02218180648347271
2021-08-05,Maximum Sharpe,0.022436189575435472,0.09512302848439402,0.02561093369556832
2021-08-06,Maximum Sharpe,0.0036320873678303833,0.09547857413834732,-0.17143021646356707
2021-08-09,Maximum Sharpe,0.007909756747583874,0.09521293585598456,-0.12698109919332143
2021-08-10,Maximum Sharpe,0.008030470227148978,0.09520887039464954,-0.12571864074467243
2021-08-11,Maximum Sharpe,0.02815140152574158,0.09354867124184743,0.08713540681586067
2021-08-12,Maximum Sharpe,0.02580269063012297,0.09351257235555197,0.06205251854328288
2021-08-13,Maximum Sharpe,0.03411238921519555,0.0939123282905364,0.1502719554725134
2021-08-16,Maximum Sharpe,0.038346976477385164,0.09391144335550344,0.19536465229197209
2021-08-17,Maximum Sharpe,0.027187912306368966,0.09366732710909179,0.07673873620838353
2021-08-18,Maximum Sharpe,0.018344168091649404,0.09347750361705874,-0.01771369414328714
2021-08-19,Maximum Sharpe,0.03081089809730697,0.09310860012497256,0.11611062869376544
2021-08-20,Maximum Sharpe,0.025625532233563675,0.0928065077044837,0.060615708668583936
2021-08-23,Maximum Sharpe,0.029624356245739447,0.0929904288867486,0.10349835312041393
2021-08-24,Maximum Sharpe,0.027828655634338118,0.09300992202567344,0.0841701128636274
2021-08-25,Maximum Sharpe,0.024343077056474982,0.09309432361352371,0.0466524368822426
2021-08-26,Maximum Sharpe,0.016668846014433525,0.09288525802059669,-0.0358631074139646
2021-08-27,Maximum Sharpe,0.03340001842981688,0.09283031364542021,0.1443495977079247
2021-08-30,Maximum Sharpe,0.03282641154334742,0.09280672691676374,0.13820562333645428
2021-08-31,Maximum Sharpe,0.025871300689937593,0.09272018999398547,0.06332278536442223
2021-09-01,Maximum Sharpe,0.017701586260448376,0.09229379510316418,-0.024903231435899915
2021-09-02,Maximum Sharpe,0.014775284761311624,0.09223153560183858,-0.05664781795722616
2021-09-03,Maximum Sharpe,0.030381664440197742,0.09101769364896925,0.11406204688329093
2021-09-07,Maximum Sharpe,0.033971396777450646,0.09070032960283743,0.15403909598376556
2021-09-08,Maximum Sharpe,0.04728999944952661,0.08988346404795314,0.3036153505940459
2021-09-09,Maximum Sharpe,0.04120295540576224,0.0894863564953746,0.23694064923582162
2021-09-10,Maximum Sharpe,0.039715730674441785,0.08957370961999066,0.22010622043101938
2021-09-13,Maximum Sharpe,0.04295740025816541,0.08958698529988271,0.2562582073871334
2021-09-14,Maximum Sharpe,0.04107506205003464,0.0894874034154449,0.23550870005908822
2021-09-15,Maximum Sharpe,0.037729817107311714,0.08944525689227317,0.19821975723838883
2021-09-16,Maximum Sharpe,0.03653863084100695,0.08951979930959011,0.1847483011418591
2021-09-17,Maximum Sharpe,0.03535834608354316,0.08958608692948684,0.17143673320201722
2021-09-20,Maximum Sharpe,0.039669958087205304,0.08946401185809663,0.21986447599069012
2021-09-21,Maximum Sharpe,0.041703129072837575,0.0894677267881315,0.2425805354844071
2021-09-22,Maximum Sharpe,0.04077515766020379,0.08942984356743579,0.2323067650737642
2021-09-23,Maximum Sharpe,0.04574393409707578,0.08891522229735714,0.28953348405271856
2021-09-24,Maximum Sharpe,0.03947453336504814,0.08892461875028074,0.2190004707215757
2021-09-27,Maximum Sharpe,0.02917036730598732,0.08877066293960713,0.10330403088491237
2021-09-28,Maximum Sharpe,0.007343002838225088,0.08972294732318621,-0.1410675589621886
2021-09-29,Maximum Sharpe,0.006106362750646799,0.08972455453828106,-0.15484765927063443
2021-09-30,Maximum Sharpe,0.011218709653362025,0.08973977203668991,-0.09785282653768905
2021-10-01,Maximum Sharpe,0.010252182505287921,0.08967797903439063,-0.10869800590593022
2021-10-04,Maximum Sharpe,0.013252851967070711,0.08942509546689442,-0.07545027486637813
2021-10-05,Maximum Sharpe,0.014012059449584946,0.08942092415510872,-0.06696352791018384
2021-10-06,Maximum Sharpe,0.02228750011042191,0.08937919143671477,0.025593206580321114
2021-10-07,Maximum Sharpe,0.018629932995932297,0.08938586908606516,-0.015327557007344584
2021-10-08,Maximum Sharpe,0.010918226506035689,0.08937311880482243,-0.10161638773955681
2021-10-11,Maximum Sharpe,0.00029750258352212455,0.0892094792885833,-0.22085654544336442
2021-10-12,Maximum Sharpe,-0.00376649008240304,0.08888334640519441,-0.26738968596049745
2021-10-13,Maximum Sharpe,0.0043578541120266046,0.08927910838541431,-0.1752049966767912
2021-10-14,Maximum Sharpe,0.012781530992149737,0.08956934344517245,-0.08059084425765455
2021-10-15,Maximum Sharpe,0.01087003661461483,0.08963396617818023,-0.10185829964542721
2021-10-18,Maximum Sharpe,0.016979747133985645,0.08963317445120972,-0.03369570345473347
2021-10-19,Maximum Sharpe,0.021608473928020455,0.0894450158701694,0.017982823440438264
2021-10-20,Maximum Sharpe,0.023240656182901054,0.08942227973930078,0.03623991909341578
2021-10-21,Maximum Sharpe,0.02422171459541156,0.08942180945522007,0.047211240983953406
2021-10-22,Maximum Sharpe,0.03180538757765894,0.08926682102005175,0.13224832522048846
2021-10-25,Maximum Sharpe,0.03365970204878921,0.08933256000892988,0.15290843615613114
2021-10-26,Maximum Sharpe,0.03623668430754501,0.08934197157120605,0.1817363555112983
2021-10-27,Maximum Sharpe,0.038150555931826924,0.08946309037664683,0.20288317623962707
2021-10-28,Maximum Sharpe,0.05329822045693988,0.0885267126419621,0.3761375460942662
2021-10-29,Maximum Sharpe,0.05382249105643422,0.08852766343140962,0.3820556168032104
2021-11-01,Maximum Sharpe,0.06404146071746086,0.08794774143927503,0.5007685245432939
2021-11-02,Maximum Sharpe,0.06224907883588515,0.08787876888794671,0.4807654837513314
2021-11-03,Maximum Sharpe,0.057339705110833306,0.08784178111875608,0.42507909829779716
2021-11-04,Maximum Sharpe,0.04610212992013074,0.08597700130204751,0.3035943278415914
2021-11-05,Maximum Sharpe,0.04248672219013683,0.085606754603251,0.2626746253184427
2021-11-08,Maximum Sharpe,0.044771149993624304,0.08552893689985187,0.2896230315902267
2021-11-09,Maximum Sharpe,0.0699524217960934,0.08306923293555953,0.6013348147182688
2021-11-10,Maximum Sharpe,0.06575547146046401,0.0834924583939662,0.5480192144368652
2021-11-11,Maximum Sharpe,0.05863124942034581,0.08322919170490403,0.46415504739390107
2021-11-12,Maximum Sharpe,0.05536229519494307,0.08306824988477007,0.42570170003577346
2021-11-15,Maximum Sharpe,0.04757205031103906,0.0831815578675368,0.3314683088160769
2021-11-16,Maximum Sharpe,0.046738034916259386,0.08317563645305466,0.32146474684748166
2021-11-17,Maximum Sharpe,0.050092440630061796,0.08327508520144809,0.36136187140807047
2021-11-18,Maximum Sharpe,0.056552662564552936,0.08332542569601384,0.4386735772332401
2021-11-19,Maximum Sharpe,0.057369895870111876,0.08336034563125352,0.4482934372107632
2021-11-22,Maximum Sharpe,0.04357258520542695,0.08416726583895155,0.2800683254999814
2021-11-23,Maximum Sharpe,0.040871933590443055,0.08436144525212014,0.24741081104129745
2021-11-24,Maximum Sharpe,0.04906208148071567,0.08454523839922849,0.34374592858183806
2021-11-26,Maximum Sharpe,0.052717403767667426,0.08464331067350633,0.38653265694991407
2021-11-29,Maximum Sharpe,0.05189486878177152,0.08460679166233051,0.37697764157120345
2021-11-30,Maximum Sharpe,0.053284005265054724,0.08459787386645949,0.3934378459391853
2021-12-01,Maximum Sharpe,0.050486962448552886,0.08464530206716582,0.36017311893295106
2021-12-02,Maximum Sharpe,0.05380758587389334,0.08463371985612929,0.3994576385318238
2021-12-03,Maximum Sharpe,0.049674805038891545,0.08452535073392359,0.35107579893166646
2021-12-06,Maximum Sharpe,0.051618727388216934,0.08443792963641297,0.37446118734040684
2021-12-07,Maximum Sharpe,0.0511576364935491,0.08440384248659506,0.36914950286176273
2021-12-08,Maximum Sharpe,0.043569150988301164,0.08446719863052682,0.27903317939306166
2021-12-09,Maximum Sharpe,0.050844064588733806,0.08392270524519055,0.3675294367432396
2021-12-10,Maximum Sharpe,0.04998828215842899,0.08388684770893226,0.35748490946377326
2021-12-13,Maximum Sharpe,0.04996535982867334,0.08388658437554675,0.35721277784446726
2021-12-14,Maximum Sharpe,0.04373933020911491,0.0840763679508775,0.2823543736211924
2021-12-15,Maximum Sharpe,0.0450136988509926,0.08413153197280913,0.2973165739936472
2021-12-16,Maximum Sharpe,0.038053009272285054,0.08431845758953069,0.21410507009234697
2021-12-17,Maximum Sharpe,0.03778859881646013,0.08431310557585511,0.21098260697390656
2021-12-20,Maximum Sharpe,0.034006367013774685,0.08449408873050532,0.1657674190492559
2021-12-21,Maximum Sharpe,0.03841423862608817,0.0846192375359986,0.2176129112278329
2021-12-22,Maximum Sharpe,0.04304587404831217,0.0848321062485789,0.27166452735220437
2021-12-23,Maximum Sharpe,0.046276394926474396,0.08475681286007002,0.31002103594734776
2021-12-27,Maximum Sharpe,0.0492967276343097,0.08491380963406912,0.3450172328925314
2021-12-28,Maximum Sharpe,0.04334421728867377,0.08493819366051987,0.27483769412351416
2021-12-29,Maximum Sharpe,0.03837925207561277,0.08506865328233722,0.21605199290757843
2021-12-30,Maximum Sharpe,0.039845208818615196,0.08510614961307902,0.23318184301414344
2021-12-31,Maximum Sharpe,0.03703016112812607,0.0850984115869482,0.2001231375596914
2022-01-03,Maximum Sharpe,0.03006377657516146,0.08552486085605822,0.11767077402323052
2022-01-04,Maximum Sharpe,0.025812948240402367,0.08564073816053251,0.06787597077346609
2022-01-05,Maximum Sharpe,0.02695756957959561,0.08546920191354758,0.08140440560838763
2022-01-06,Maximum Sharpe,0.022127217763258544,0.08543698436982601,0.024898090434121393
2022-01-07,Maximum Sharpe,0.018218676433861214,0.0856116487274132,-0.020807023256969464
2022-01-10,Maximum Sharpe,0.024960957170019782,0.08543475920812656,0.05806719906513057
2022-01-11,Maximum Sharpe,0.03375446012582617,0.08585000614899914,0.1602150161987673
2022-01-12,Maximum Sharpe,0.02827439415190236,0.08565701742176966,0.09659913922941973
2022-01-13,Maximum Sharpe,0.02859323815731174,0.08563869259426955,0.10034293958717849
2022-01-14,Maximum Sharpe,0.02559522456417218,0.08574932805608296,0.0652509435469012
2022-01-18,Maximum Sharpe,0.0048860009397699855,0.08667808080015804,-0.17436933213918665
2022-01-19,Maximum Sharpe,-0.0031261331726747388,0.0862179602214781,-0.26822872071280685
2022-01-20,Maximum Sharpe,-0.004909057258191463,0.08624245478309533,-0.2888259305795406
2022-01-21,Maximum Sharpe,-0.008701261553828,0.08633886194316616,-0.33242575716044337
2022-01-24,Maximum Sharpe,-0.016214837432530604,0.08603192773113401,-0.4209464833301051
2022-01-25,Maximum Sharpe,-0.02322084102022537,0.08636443908962592,-0.500447191874567
2022-01-26,Maximum Sharpe,-0.023292319530596184,0.08637087245509636,-0.5012374924556143
2022-01-27,Maximum Sharpe,-0.021104084602005524,0.08638583753001322,-0.4758197150976819
2022-01-28,Maximum Sharpe,-0.0025841188333747267,0.08659087831442627,-0.260814063478695
2022-01-31,Maximum Sharpe,-0.002468329623380394,0.08660327360563136,-0.259439726559244
2022-02-01,Maximum Sharpe,-0.0015783399399350584,0.08661477992939057,-0.2491299978771058
2022-02-02,Maximum Sharpe,0.008277622024616793,0.08664055864027721,-0.13529896574251477
2022-02-03,Maximum Sharpe,-0.00951701263895044,0.08842300595279999,-0.3338159828529982
2022-02-04,Maximum Sharpe,-0.009877919646237188,0.08842755314995357,-0.33788020341997754
2022-02-07,Maximum Sharpe,-0.015895198795004006,0.08832208691399866,-0.4064124846818444
2022-02-08,Maximum Sharpe,-0.014708610361886865,0.08834150461252503,-0.39289132004398636
2022-02-09,Maximum Sharpe,-0.008339246033358783,0.08876363791423064,-0.31926638767038884
2022-02-10,Maximum Sharpe,-0.022285641328715022,0.09006099409724995,-0.46952225824927063
2022-02-11,Maximum Sharpe,-0.02169584943311753,0.09004102422392471,-0.4630761343787399
2022-02-14,Maximum Sharpe,-0.016871583075831365,0.0896818892632269,-0.4111374479144717
2022-02-15,Maximum Sharpe,-0.012303160077092867,0.08977031868117048,-0.3598423237397789
2022-02-16,Maximum Sharpe,-0.006479101150155708,0.08980165850336108,-0.29486205033913326
2022-02-17,Maximum Sharpe,-0.00667971509600096,0.08981503814418527,-0.2970517593409076
2022-02-18,Maximum Sharpe,0.0013482836461906622,0.08941197926642441,-0.20860422179260882
2022-02-22,Maximum Sharpe,4.84298928822291e-05,0.08944706709489776,-0.22305449194829832
2022-02-23,Maximum Sharpe,-0.013693675347885903,0.09050156620973274,-0.37229936186742385
2022-02-24,Maximum Sharpe,0.019015637541233366,0.08871924957001613,-0.011095252310376997
2022-02-25,Maximum Sharpe,0.01471157586484928,0.08830644067922058,-0.059887184835829776
2022-02-28,Maximum Sharpe,0.020200398380717965,0.08877627166221276,0.00225734170815898
2022-03-01,Maximum Sharpe,0.027553992550736206,0.08873917377886094,0.08512579314250597
2022-03-02,Maximum Sharpe,0.034882412817560216,0.08783689182189193,0.16943237071431771
2022-03-03,Maximum Sharpe,0.0451113116484938,0.08729897197073913,0.2876472778729927
2022-03-04,Maximum Sharpe,0.045280883536262806,0.08730806163728162,0.2895595556947694
2022-03-07,Maximum Sharpe,0.046482914759409466,0.08714446735985715,0.3038966851452551
2022-03-08,Maximum Sharpe,0.028358745292882848,0.08496575426309781,0.0983778154549168
2022-03-09,Maximum Sharpe,0.028817754297667086,0.0849716741150112,0.10377286771744715
2022-03-10,Maximum Sharpe,0.01628241990725221,0.08517469403291786,-0.04364653298679347
2022-03-11,Maximum Sharpe,0.019201157832439808,0.08485578478587645,-0.00941411560303138
2022-03-14,Maximum Sharpe,-0.004972588945714174,0.08659014479061523,-0.2883998982343859
2022-03-15,Maximum Sharpe,0.00012778837687621447,0.08676087675519693,-0.22904576770466362
2022-03-16,Maximum Sharpe,0.018085654303989784,0.08844510280677802,-0.02164445102395776
2022-03-17,Maximum Sharpe,0.03707826692472249,0.08721523648372488,0.19581746966780791
2022-03-18,Maximum Sharpe,0.04251056641544593,0.08755537727172613,0.25710090135966057
2022-03-21,Maximum Sharpe,0.025671636963027877,0.08729195156448408,0.06497319468036111
2022-03-22,Maximum Sharpe,0.0244663769400828,0.08727732109235627,0.05117454207097524
2022-03-23,Maximum Sharpe,0.03309616840458429,0.08738176857391781,0.1498730069019604
2022-03-24,Maximum Sharpe,0.043771631235286046,0.08757620504694588,0.2714393849624231
2022-03-25,Maximum Sharpe,0.03468852093115471,0.08773728362880574,0.16741481299213828
2022-03-28,Maximum Sharpe,0.04306295922655612,0.08762890238699188,0.26318895476636384
2022-03-29,Maximum Sharpe,0.053913384361705674,0.08802586572736057,0.38526612696709406
2022-03-30,Maximum Sharpe,0.05066163385724676,0.08794431160817968,0.3486482899980415
2022-03-31,Maximum Sharpe,0.03376884850157302,0.08717855391115534,0.15793848238874222
2022-04-01,Maximum Sharpe,0.028080548442970477,0.08708032903536604,0.09279418822233335
2022-04-04,Maximum Sharpe,0.031125798062588084,0.08726046915258165,0.12750101128993208
2022-04-05,Maximum Sharpe,0.015860263514129835,0.08877678605898569,-0.04663084427408323
2022-04-06,Maximum Sharpe,-0.0012424737175908973,0.08894143226810727,-0.23883664987041198
2022-04-07,Maximum Sharpe,-0.00018076176215853224,0.08894063926212678,-0.22690146967216618
2022-04-08,Maximum Sharpe,-0.004344180302507605,0.0891051699419392,-0.27320727089539515
2022-04-11,Maximum Sharpe,-0.02377461122673019,0.08959852790302716,-0.488563955806368
2022-04-12,Maximum Sharpe,-0.018304404276673902,0.08943988271493183,-0.4282698401870674
2022-04-13,Maximum Sharpe,-0.021539934108708136,0.08901497429416862,-0.46666231651576656
2022-04-14,Maximum Sharpe,-0.034616993155305864,0.09022706894369466,-0.6053282434497466
2022-04-18,Maximum Sharpe,-0.03061186584856712,0.09013161885959112,-0.5615328614857271
2022-04-19,Maximum Sharpe,-0.028486203145915878,0.09016260002926718,-0.5377640299877893
2022-04-20,Maximum Sharpe,-0.030716404844095657,0.09006818562667028,-0.5630890029728535
2022-04-21,Maximum Sharpe,-0.03834929646847618,0.09069356148922578,-0.6433675721887707
2022-04-22,Maximum Sharpe,-0.0562860778662706,0.0920345165229491,-0.8288855176117368
2022-04-25,Maximum Sharpe,-0.05606051423011671,0.09203975705473537,-0.826387603184177
2022-04-26,Maximum Sharpe,-0.06268664379027922,0.09266381674627926,-0.8923293545816453
2022-04-27,Maximum Sharpe,-0.06794610553362135,0.09282525789619273,-0.9474372334302829
2022-04-28,Maximum Sharpe,-0.05258355602808529,0.0942341576982126,-0.7702467746412724
2022-04-29,Maximum Sharpe,-0.07167334012149118,0.09668003660215845,-0.9482137506704721
2022-05-02,Maximum Sharpe,-0.07646440826994338,0.09676406269293258,-0.9969032467772658
2022-05-03,Maximum Sharpe,-0.06909418320908667,0.0967507595481213,-0.9208628813376245
2022-05-04,Maximum Sharpe,-0.05209598927188719,0.0985626300133066,-0.73147387871198
2022-05-05,Maximum Sharpe,-0.08356749534990282,0.10234185903240256,-1.0119759043766463
2022-05-06,Maximum Sharpe,-0.0931586037789347,0.10257358288458823,-1.1031944151376316
2022-05-09,Maximum Sharpe,-0.09984604691080068,0.1035589796850194,-1.1572733458297806
2022-05-10,Maximum Sharpe,-0.0940627858556643,0.10362327178599255,-1.100744879887907
2022-05-11,Maximum Sharpe,-0.08457543032333026,0.10280488679829046,-1.0172223673424563
2022-05-12,Maximum Sharpe,-0.09415798192751368,0.10283980071604419,-1.1100564288598793
2022-05-13,Maximum Sharpe,-0.09715333466807896,0.10251691839012508,-1.1427707397744384
2022-05-16,Maximum Sharpe,-0.09729430308337483,0.1025183868789781,-1.1441294255033445
2022-05-17,Maximum Sharpe,-0.09006360079526643,0.10265077528578663,-1.072214023604225
2022-05-18,Maximum Sharpe,-0.10186091212817983,0.10356320953151628,-1.1766814941274604
2022-05-19,Maximum Sharpe,-0.10836149729311939,0.10308580849166851,-1.2451907704006966
2022-05-20,Maximum Sharpe,-0.10557501644023692,0.1031240600827327,-1.2177082277355316
2022-05-23,Maximum Sharpe,-0.10768327385356047,0.10298517769878256,-1.2398218530730356
2022-05-24,Maximum Sharpe,-0.11182516078732918,0.10285008997395738,-1.2817213949030921
2022-05-25,Maximum Sharpe,-0.10784182849162605,0.10297290308864783,-1.2415094132246511
2022-05-26,Maximum Sharpe,-0.09735554831295379,0.10339439952441906,-1.1350280948750757
2022-05-27,Maximum Sharpe,-0.08584447523040595,0.10435548830586289,-1.0142684103032404
2022-05-31,Maximum Sharpe,-0.0936456799480192,0.1048123715271494,-1.0842773452424148
2022-06-01,Maximum Sharpe,-0.09827411597573998,0.10480002279539725,-1.1285695634498898
2022-06-02,Maximum Sharpe,-0.07519690260499767,0.10579746032079393,-0.8998032874924052
2022-06-03,Maximum Sharpe,-0.0994707295237145,0.10614491513481646,-1.1255435964310934
2022-06-06,Maximum Sharpe,-0.10212121258771867,0.10614742189304409,-1.1504868456510422
2022-06-07,Maximum Sharpe,-0.09626988930313374,0.10647035637620963,-1.0920400124547134
2022-06-08,Maximum Sharpe,-0.10372367826868367,0.10659174658931107,-1.1607247486560144
2022-06-09,Maximum Sharpe,-0.12190574829936218,0.10727565473168564,-1.3228140965840962
2022-06-10,Maximum Sharpe,-0.13253899707094652,0.10817738215548088,-1.4100821634942662
2022-06-13,Maximum Sharpe,-0.16221472725525476,0.11353240784140714,-1.6049578329192984
2022-06-14,Maximum Sharpe,-0.1634080513494508,0.11356966833500275,-1.61493868951384
2022-06-15,Maximum Sharpe,-0.14268323444086406,0.11483629397982353,-1.416653470804684
2022-06-16,Maximum Sharpe,-0.1562032344821047,0.11574920765850949,-1.5222845844608324
2022-06-17,Maximum Sharpe,-0.15580903727970175,0.11575907321100465,-1.5187495234972945
2022-06-21,Maximum Sharpe,-0.14766291841587653,0.11626341872841467,-1.442095202855925
2022-06-22,Maximum Sharpe,-0.14669213716255913,0.11630256458185428,-1.4332627811078098
2022-06-23,Maximum Sharpe,-0.1405653829097151,0.11649465457649484,-1.378306871619433
2022-06-24,Maximum Sharpe,-0.1287294277105232,0.11760365535235012,-1.2646667084021983
2022-06-27,Maximum Sharpe,-0.13093656573347257,0.11766548672536184,-1.2827598808626643
2022-06-28,Maximum Sharpe,-0.14836616436093464,0.11820698497154915,-1.4243334638935097
2022-06-29,Maximum Sharpe,-0.14598717231966996,0.11823466226203837,-1.4038791090873144
2022-06-30,Maximum Sharpe,-0.15273803926189033,0.11833188986504654,-1.459775885088053
2022-07-01,Maximum Sharpe,-0.14814107519816455,0.11850840146162116,-1.4188114355134296
2022-07-05,Maximum Sharpe,-0.1539926733960092,0.11826165637893805,-1.471251787971715
2022-07-06,Maximum Sharpe,-0.16231187077464604,0.11808438013983463,-1.5439118243983978
2022-07-07,Maximum Sharpe,-0.1573119199354539,0.1184845319262287,-1.4964984631567988
2022-07-08,Maximum Sharpe,-0.15779601402610677,0.11848409039137912,-1.5005897706502809
2022-07-11,Maximum Sharpe,-0.16404483743393694,0.11881924879926045,-1.5489479970107543
2022-07-12,Maximum Sharpe,-0.16956907273260302,0.11893538255648176,-1.5938829022774421
2022-07-13,Maximum Sharpe,-0.16715460755782552,0.11892661828008394,-1.5736982205031502
2022-07-14,Maximum Sharpe,-0.1761913487957273,0.1187891133100254,-1.6515936800007194
2022-07-15,Maximum Sharpe,-0.16845921573561817,0.11935630447962957,-1.5789632274328862
2022-07-18,Maximum Sharpe,-0.16949342220589758,0.11940263567909855,-1.5870120548693083
2022-07-19,Maximum Sharpe,-0.15943042611882463,0.12063582220315058,-1.487372679540112
2022-07-20,Maximum Sharpe,-0.15658147478373075,0.12072239881981314,-1.4627068092582494
2022-07-21,Maximum Sharpe,-0.14283584497362756,0.12150524966706644,-1.3401548115806523
2022-07-22,Maximum Sharpe,-0.15205774596359867,0.12146979213460506,-1.416465303348303
2022-07-25,Maximum Sharpe,-0.1555904732880362,0.12148446331062616,-1.4453739062835158
2022-07-26,Maximum Sharpe,-0.16293680631975338,0.12182292091202052,-1.501661632722374
2022-07-27,Maximum Sharpe,-0.1443203298171848,0.1240882685737061,-1.3242213120217854
2022-07-28,Maximum Sharpe,-0.1367173520841265,0.12461064694844742,-1.2576561948912912
2022-07-29,Maximum Sharpe,-0.12785979695520033,0.125090702505794,-1.18202067774263
2022-08-01,Maximum Sharpe,-0.12437903564231367,0.12514073915783808,-1.153733281535205
2022-08-02,Maximum Sharpe,-0.13312455692141978,0.12524450208621712,-1.2226050195481657
2022-08-03,Maximum Sharpe,-0.12182908156434524,0.12618063263326,-1.1240162503905569
2022-08-04,Maximum Sharpe,-0.11712195614587684,0.12635152142875422,-1.085241828474505
2022-08-05,Maximum Sharpe,-0.12403405123729294,0.12662593822336646,-1.1374766754598002
2022-08-08,Maximum Sharpe,-0.11173570386166054,0.12622805846258814,-1.0436324971337871
2022-08-09,Maximum Sharpe,-0.11194153893876457,0.126234463345885,-1.0452101228270925
2022-08-10,Maximum Sharpe,-0.09751180788168834,0.1269264043157565,-0.9258263362550841
2022-08-11,Maximum Sharpe,-0.10359734130426612,0.12698284455829803,-0.9733388926212185
2022-08-12,Maximum Sharpe,-0.09098239316050882,0.12785471809029908,-0.8680351794458304
2022-08-15,Maximum Sharpe,-0.09915422190017043,0.1275252664363151,-0.9343577569365433
2022-08-16,Maximum Sharpe,-0.10136889327433574,0.12749932959622987,-0.9519178936759256
2022-08-17,Maximum Sharpe,-0.10619316112593857,0.12772823145144047,-0.9879817460238968
2022-08-18,Maximum Sharpe,-0.10338703116050152,0.12772302866834404,-0.9660515605286677
2022-08-19,Maximum Sharpe,-0.11854001713418061,0.12834642012355005,-1.0794225269455735
2022-08-22,Maximum Sharpe,-0.13559177631694574,0.12926741461600477,-1.203642671891743
2022-08-23,Maximum Sharpe,-0.1406138136612919,0.129082613684718,-1.2442714713972889
2022-08-24,Maximum Sharpe,-0.13742257860915952,0.1291009577863136,-1.2193757607106488
2022-08-25,Maximum Sharpe,-0.12389807358684168,0.12964011575409992,-1.1099810637301968
2022-08-26,Maximum Sharpe,-0.14487999220699366,0.131940496959984,-1.249654169917215
2022-08-29,Maximum Sharpe,-0.156353174846673,0.1317536277368388,-1.3385071658058338
2022-08-30,Maximum Sharpe,-0.16691238118415364,0.1319294339079457,-1.4167602759106244
2022-08-31,Maximum Sharpe,-0.1712277757692422,0.132084875697742,-1.447764361809603
2022-09-01,Maximum Sharpe,-0.17419341658864074,0.132087580419252,-1.4701867955508154
2022-09-02,Maximum Sharpe,-0.17909790366400202,0.13216046862235556,-1.5064860600102599
2022-09-06,Maximum Sharpe,-0.18436371083525793,0.13226171277575388,-1.5451464112048134
2022-09-07,Maximum Sharpe,-0.165571520623512,0.13325090481131174,-1.3926473586523722
2022-09-08,Maximum Sharpe,-0.164245361525036,0.1332777484210057,-1.3824165226968776
2022-09-09,Maximum Sharpe,-0.15492546124301876,0.13408032910970152,-1.3046318009847564
2022-09-12,Maximum Sharpe,-0.14191393432075283,0.13433649848956386,-1.2052862486462037
2022-09-13,Maximum Sharpe,-0.1752112202457351,0.13909970020109166,-1.4033906612560985
2022-09-14,Maximum Sharpe,-0.17640824175992365,0.13905590627511977,-1.4124408449888726
2022-09-15,Maximum Sharpe,-0.18826658949200725,0.13975192172766188,-1.4902592173141036
2022-09-16,Maximum Sharpe,-0.18617280258730262,0.1396752429173505,-1.4760869448374645
2022-09-19,Maximum Sharpe,-0.17701304583824184,0.13973358335129096,-1.4099190839681681
2022-09-20,Maximum Sharpe,-0.18392787214116058,0.13996510849990113,-1.4569907766784935
2022-09-21,Maximum Sharpe,-0.19350406828933586,0.14028196654974343,-1.5219637530076124
2022-09-22,Maximum Sharpe,-0.2031638305195117,0.14042561705163326,-1.58919601141903
2022-09-23,Maximum Sharpe,-0.21112900495480946,0.1412200318665311,-1.6366587792109586
2022-09-26,Maximum Sharpe,-0.21599631566896704,0.141444058146305,-1.668478116096332
2022-09-27,Maximum Sharpe,-0.2131489498060114,0.1414248987873689,-1.6485707382866774
2022-09-28,Maximum Sharpe,-0.18466246727938807,0.14246578424555875,-1.4365727768474221
2022-09-29,Maximum Sharpe,-0.19791308500749372,0.14337926309258262,-1.5198368321002127
2022-09-30,Maximum Sharpe,-0.20848078221563515,0.14364665607262173,-1.5905750155445655
2022-10-03,Maximum Sharpe,-0.19324794034721504,0.1457728391592295,-1.4628784180726673
2022-10-04,Maximum Sharpe,-0.16685467198656279,0.14818769404680643,-1.2609324491380711
2022-10-05,Maximum Sharpe,-0.16955356766508634,0.14820930805135016,-1.2789585901002358
2022-10-06,Maximum Sharpe,-0.1778656232356497,0.14825131873446534,-1.334663495237092
2022-10-07,Maximum Sharpe,-0.19744705647567662,0.15032463282688238,-1.4465164649767952
2022-10-10,Maximum Sharpe,-0.20295223850336752,0.1506052788265456,-1.4803746604403225
2022-10-11,Maximum Sharpe,-0.20511158248649863,0.15068375828629957,-1.4939339517852082
2022-10-12,Maximum Sharpe,-0.2088125082955986,0.15057305673466012,-1.5196112322990962
2022-10-13,Maximum Sharpe,-0.20372468111303754,0.15111315786549778,-1.4805109248803439
2022-10-14,Maximum Sharpe,-0.22684831862014565,0.1523491454308341,-1.6202802970904342
2022-10-17,Maximum Sharpe,-0.2073558212692953,0.1539197550121903,-1.4771061794588287
2022-10-18,Maximum Sharpe,-0.20379537167098927,0.15410159054635725,-1.4522586747971724
2022-10-19,Maximum Sharpe,-0.2097583602643026,0.15430720355067182,-1.4889671705368825
2022-10-20,Maximum Sharpe,-0.21398004526768843,0.1543816139692199,-1.5155952788156406
2022-10-21,Maximum Sharpe,-0.19749316359869407,0.15599779490785917,-1.3942066535437723
2022-10-24,Maximum Sharpe,-0.19396705471150644,0.15613802287044706,-1.370371231670085
2022-10-25,Maximum Sharpe,-0.1860386595356992,0.1567729831013766,-1.314248510551497
2022-10-26,Maximum Sharpe,-0.19271578347855944,0.15685667424047625,-1.3561156036780804
2022-10-27,Maximum Sharpe,-0.20417650808620524,0.15680354174752695,-1.4296648250914963
2022-10-28,Maximum Sharpe,-0.1934942969381065,0.15759232849969482,-1.3547251885330187
2022-10-31,Maximum Sharpe,-0.20053771434231904,0.1577541655054972,-1.3979834613916045
2022-11-01,Maximum Sharpe,-0.20126998540144492,0.15775348176971676,-1.402631389933107
2022-11-02,Maximum Sharpe,-0.2221360240454534,0.15928455096618097,-1.52014757599978
2022-11-03,Maximum Sharpe,-0.22944801383420954,0.15958622567880357,-1.5630923832754164
2022-11-04,Maximum Sharpe,-0.22179534472772844,0.16057058900409069,-1.5058507677366026
2022-11-07,Maximum Sharpe,-0.22338786116274134,0.16047502192014107,-1.5166713065405348
2022-11-08,Maximum Sharpe,-0.21363438801135493,0.16090051364731162,-1.4520425243854314
2022-11-09,Maximum Sharpe,-0.22981884600716884,0.16168287305185514,-1.5451163211767434
2022-11-10,Maximum Sharpe,-0.17953028675387028,0.17045764290561005,-1.170556411274319
2022-11-11,Maximum Sharpe,-0.17042627865761073,0.1708748076136556,-1.114419856952586
2022-11-14,Maximum Sharpe,-0.17754792652409945,0.17090686419961673,-1.1558805870627076
2022-11-15,Maximum Sharpe,-0.16597584612529914,0.1711482367722893,-1.0866360625890514
2022-11-16,Maximum Sharpe,-0.17368351346723965,0.171339511261229,-1.1304077620015172
2022-11-17,Maximum Sharpe,-0.18114004412289775,0.17130976080215218,-1.1741306693854818
2022-11-18,Maximum Sharpe,-0.18441776692342438,0.17124608679732312,-1.1937076679910432
2022-11-21,Maximum Sharpe,-0.19313307910640698,0.17126107595168333,-1.2444922345725347
2022-11-22,Maximum Sharpe,-0.1757850599033377,0.17124878491123918,-1.143278534821815
2022-11-23,Maximum Sharpe,-0.16377031976227452,0.1712892263257351,-1.072865606928509
2022-11-25,Maximum Sharpe,-0.1701344204394416,0.1711580112907236,-1.110870703659236
2022-11-28,Maximum Sharpe,-0.18492486349500703,0.17156785346744616,-1.194424592680995
2022-11-29,Maximum Sharpe,-0.18878889403619226,0.17150855825256592,-1.2173672040827652
2022-11-30,Maximum Sharpe,-0.1649510694649614,0.17419223825837102,-1.0617641251651657
2022-12-01,Maximum Sharpe,-0.15820097095310381,0.1742875736717807,-1.0224536792777486
2022-12-02,Maximum Sharpe,-0.16112545973787218,0.1742800601472777,-1.0392781571501046
2022-12-05,Maximum Sharpe,-0.17696801932281736,0.17517164039559893,-1.1244286967798816
2022-12-06,Maximum Sharpe,-0.1838941842491416,0.17547562965341532,-1.161951574995663
2022-12-07,Maximum Sharpe,-0.1885988445702893,0.1753314913221896,-1.1897397495294644
2022-12-08,Maximum Sharpe,-0.1796068451937366,0.17546450561261226,-1.1375910158971148
2022-12-09,Maximum Sharpe,-0.18071872963064217,0.17548704653998626,-1.1437808863283059
2022-12-12,Maximum Sharpe,-0.1780049675703157,0.17559824566322504,-1.127602196835519
2022-12-13,Maximum Sharpe,-0.16959337627212834,0.17600911898651703,-1.0771792811862884
2022-12-14,Maximum Sharpe,-0.1696615010306537,0.17601135810810517,-1.0775526254059393
2022-12-15,Maximum Sharpe,-0.19395675866034345,0.17757886753791224,-1.2048548435227784
2022-12-16,Maximum Sharpe,-0.19316642463074274,0.17755553686074813,-1.2005619672560435
2022-12-19,Maximum Sharpe,-0.20182760070360195,0.17772398234750716,-1.2481579456725098
2022-12-20,Maximum Sharpe,-0.19256834782083043,0.17777134698699631,-1.195740210239727
2022-12-21,Maximum Sharpe,-0.18830525922043695,0.17801646645728617,-1.1701460171967764
2022-12-22,Maximum Sharpe,-0.20683839269550275,0.17856671423209716,-1.2703285361495933
2022-12-23,Maximum Sharpe,-0.20359776767084736,0.1786255153812637,-1.2517683556774828
2022-12-27,Maximum Sharpe,-0.21134980344248844,0.1785049073158908,-1.2960416994759745
2022-12-28,Maximum Sharpe,-0.21734680380776894,0.17875670572096444,-1.327764476585636
2022-12-29,Maximum Sharpe,-0.200480319028014,0.17960601060183742,-1.2275776199761457
2022-12-30,Maximum Sharpe,-0.2028457861859796,0.17956508577079752,-1.2410307116742443
2023-01-03,Maximum Sharpe,-0.20314912031183208,0.17956573159494887,-1.2427155133096073
2023-01-04,Maximum Sharpe,-0.18994625109153684,0.1796030069722295,-1.168946192109128
2023-01-05,Maximum Sharpe,-0.1969376464759538,0.17997926832802053,-1.2053479741931994
2023-01-06,Maximum Sharpe,-0.16795725656811744,0.1811555142177058,-1.037546427332251
2023-01-09,Maximum Sharpe,-0.1643889198616274,0.18118232077694713,-1.0176981897070847
2023-01-10,Maximum Sharpe,-0.15351610081925537,0.18128106367756502,-0.9571661667204204
2023-01-11,Maximum Sharpe,-0.14597289378003997,0.18158431289424914,-0.9140266090975548
2023-01-12,Maximum Sharpe,-0.14655197252987795,0.1815511577333874,-0.9173831475889779
2023-01-13,Maximum Sharpe,-0.1406457815418678,0.181726173594719,-0.8839991420285768
2023-01-17,Maximum Sharpe,-0.13826267713663587,0.18168230572852467,-0.871095710184991
2023-01-18,Maximum Sharpe,-0.14391998265076822,0.18194605587943535,-0.9009262765189484
2023-01-19,Maximum Sharpe,-0.13290890654333676,0.1814454784145097,-0.8427264646078336
2023-01-20,Maximum Sharpe,-0.12119195817971473,0.1820549490837554,-0.7755458387168511
2023-01-23,Maximum Sharpe,-0.10873738510854003,0.18247707141376887,-0.7054989654926372
2023-01-24,Maximum Sharpe,-0.10513111371366435,0.18243950162627193,-0.6858773050695783
2023-01-25,Maximum Sharpe,-0.1037819642181419,0.18244551057973196,-0.6784599074256035
2023-01-26,Maximum Sharpe,-0.09054605815759442,0.1824482382754356,-0.605903675489083
2023-01-27,Maximum Sharpe,-0.07997387657794452,0.18234152221524824,-0.5482781725378415
2023-01-30,Maximum Sharpe,-0.09247748387117449,0.18270796005374537,-0.6156134841530063
2023-01-31,Maximum Sharpe,-0.09055708160520293,0.18284502936977007,-0.6046490953911675
2023-02-01,Maximum Sharpe,-0.08536255515641389,0.18323618075803688,-0.5750095571766201
2023-02-02,Maximum Sharpe,-0.07685804665787499,0.18356707647047416,-0.5276438919233652
2023-02-03,Maximum Sharpe,-0.09692106228672737,0.18421846375821885,-0.6346869901172486
2023-02-06,Maximum Sharpe,-0.08550201399737656,0.18346592504343806,-0.5750496391763077
2023-02-07,Maximum Sharpe,-0.07409032701928009,0.18381948183178706,-0.5118626496041481
2023-02-08,Maximum Sharpe,-0.081293888349114,0.18403986062923433,-0.5503910294367159
2023-02-09,Maximum Sharpe,-0.09142274097027159,0.184236130255726,-0.6047822477361691
2023-02-10,Maximum Sharpe,-0.09993417969964669,0.18400103800888085,-0.6518125169155733
2023-02-13,Maximum Sharpe,-0.07863584226937248,0.1835760224718431,-0.5373024262169165
2023-02-14,Maximum Sharpe,-0.07400791999387113,0.1835760828816491,-0.5120924170414821
2023-02-15,Maximum Sharpe,-0.06890069223772965,0.18353935839768512,-0.4843685464188204
2023-02-16,Maximum Sharpe,-0.08275938149626483,0.1838043400121791,-0.5590693967805976
2023-02-17,Maximum Sharpe,-0.087413186261464,0.18377272896699642,-0.5844892594523872
2023-02-21,Maximum Sharpe,-0.09762362587313544,0.18445885708667073,-0.6376686255725212
2023-02-22,Maximum Sharpe,-0.09864131902326267,0.18446314308440673,-0.6431708635094369
2023-02-23,Maximum Sharpe,-0.09157926815880268,0.18451388387010062,-0.6047201750810007
2023-02-24,Maximum Sharpe,-0.08933397713242985,0.18435158079699435,-0.5930731738765347
2023-02-27,Maximum Sharpe,-0.09533018778524938,0.18404868362822782,-0.6266287023177656
2023-02-28,Maximum Sharpe,-0.10125970449700727,0.18392205961560265,-0.6592994051417227
2023-03-01,Maximum Sharpe,-0.11204670064086597,0.18360791222048972,-0.7191776162799275
2023-03-02,Maximum Sharpe,-0.11059795986143373,0.18364784722980207,-0.7111325388857621
2023-03-03,Maximum Sharpe,-0.08974878610738268,0.1841994361262885,-0.5958149949608863
2023-03-06,Maximum Sharpe,-0.09220626411299748,0.18421070147207766,-0.6091191402905847
2023-03-07,Maximum Sharpe,-0.11009129536785689,0.184687731295391,-0.7043851503042605
2023-03-08,Maximum Sharpe,-0.09779563769387611,0.18434857735217558,-0.6389831664870506
2023-03-09,Maximum Sharpe,-0.10902134449587308,0.1846172471345401,-0.6988585654830427
2023-03-10,Maximum Sharpe,-0.11473921855091784,0.18466404662582578,-0.7296451096619377
2023-03-13,Maximum Sharpe,-0.10182766019914213,0.18467994505277224,-0.6596691382181747
2023-03-14,Maximum Sharpe,-0.08374731959819881,0.18492971533691513,-0.5610094592379934
2023-03-15,Maximum Sharpe,-0.06650009690575653,0.18406387979998992,-0.46994606980875603
2023-03-16,Maximum Sharpe,-0.05749492905702347,0.1846174936836311,-0.4197594036772176
2023-03-17,Maximum Sharpe,-0.07241381005136505,0.18379593505852138,-0.5028066046288788
2023-03-20,Maximum Sharpe,-0.0706543702223843,0.18384413268821206,-0.4931045059573826
2023-03-21,Maximum Sharpe,-0.07436386381582583,0.18369787880728158,-0.5136905468289237
2023-03-22,Maximum Sharpe,-0.07466513247887108,0.1837094018320095,-0.5152982456795341
2023-03-23,Maximum Sharpe,-0.06811689284173039,0.18387854524680294,-0.4792124754057595
2023-03-24,Maximum Sharpe,-0.07257240868257653,0.18379380488496835,-0.5036753482551555
2023-03-27,Maximum Sharpe,-0.08189206686625705,0.18367480817372803,-0.5547416539010777
2023-03-28,Maximum Sharpe,-0.07648674737935524,0.18359096693138863,-0.5255528035614854
2023-03-29,Maximum Sharpe,-0.07053829719768046,0.18381991259618105,-0.4925380276759061
2023-03-30,Maximum Sharpe,-0.07198330349341975,0.1837498159441331,-0.5005899081900913
2023-03-31,Maximum Sharpe,-0.06408761712245548,0.18400309041130739,-0.4569902436665168
2023-04-03,Maximum Sharpe,-0.05800209355498276,0.18398770361734051,-0.42395275347972333
2023-04-04,Maximum Sharpe,-0.055882630361707486,0.18399020929755064,-0.41242754520154606
2023-04-05,Maximum Sharpe,-0.06698918085684924,0.18391652466809252,-0.4729818650816476
2023-04-06,Maximum Sharpe,-0.050411366250217804,0.18321258995904607,-0.3843151077442714
2023-04-10,Maximum Sharpe,-0.042470292849798086,0.18298399381502597,-0.3413975809979739
2023-04-11,Maximum Sharpe,-0.0421216127437396,0.18298552392637915,-0.33948921975234003
2023-04-12,Maximum Sharpe,-0.03977164863657945,0.18292847709281174,-0.32674873582560543
2023-04-13,Maximum Sharpe,-0.013193255014715577,0.18316962083472177,-0.18121593997656757
2023-04-14,Maximum Sharpe,-0.02081159370793151,0.18332526334087476,-0.22261849220446223
2023-04-17,Maximum Sharpe,-0.028859501842068758,0.1830768408052692,-0.2668797518416787
2023-04-18,Maximum Sharpe,-0.013252994191123024,0.18247304732672429,-0.1822351009000381
2023-04-19,Maximum Sharpe,-0.014605905559176846,0.18247923836422714,-0.1896429745618717
2023-04-20,Maximum Sharpe,-0.020034079658976855,0.18249427000280088,-0.21937170771642542
2023-04-21,Maximum Sharpe,-0.024637067188659212,0.18249200158590217,-0.2445973894787261
2023-04-24,Maximum Sharpe,-0.01304402517797787,0.18214676230432425,-0.1814142879068534
2023-04-25,Maximum Sharpe,-0.00834170051483385,0.181791620214225,-0.1559021283898329
2023-04-26,Maximum Sharpe,-0.012262349394676297,0.18179361177599732,-0.17746690370192636
2023-04-27,Maximum Sharpe,0.015147542872675057,0.18205115667160196,-0.02665436032399499
2023-04-28,Maximum Sharpe,0.026685488782144384,0.18203797971904676,0.03672579091716253
2023-05-01,Maximum Sharpe,0.008554970762784997,0.1813569374519802,-0.06310775533605063
2023-05-02,Maximum Sharpe,0.027438231972525484,0.1800511297645021,0.04131177617299219
2023-05-03,Maximum Sharpe,0.031506310363581314,0.1799929870560787,0.06392643708944283
2023-05-04,Maximum Sharpe,0.026065056083904636,0.17997212207142138,0.033699975385619654
2023-05-05,Maximum Sharpe,0.01756581536155899,0.17930327041062383,-0.013575796096002407
2023-05-08,Maximum Sharpe,0.048085589379946114,0.1770214259584545,0.15865644075501673
2023-05-09,Maximum Sharpe,0.0542292991441542,0.1768498753462914,0.19355003263151574
2023-05-10,Maximum Sharpe,0.07596847999442735,0.17591850708626322,0.31815003959181337
2023-05-11,Maximum Sharpe,0.06901270878462906,0.17590841696388282,0.27862628537378203
2023-05-12,Maximum Sharpe,0.07050892385067442,0.17588483522998322,0.28717043049578456
2023-05-15,Maximum Sharpe,0.08203804103892476,0.1758268808432604,0.35283593010006314
2023-05-16,Maximum Sharpe,0.06559911392220386,0.17584202111384284,0.25931864086504264
2023-05-17,Maximum Sharpe,0.07390482640207874,0.1759370318075135,0.30638704000107325
2023-05-18,Maximum Sharpe,0.07114243834885081,0.17588262509631183,0.2907759553898268
2023-05-19,Maximum Sharpe,0.08989806719621152,0.17530751779941564,0.3987168837573063
2023-05-22,Maximum Sharpe,0.08730030767150954,0.17529308651099068,0.38393018806985224
2023-05-23,Maximum Sharpe,0.07418968415465743,0.1755712006511975,0.30864791009953046
2023-05-24,Maximum Sharpe,0.05957535088710042,0.1757863933698109,0.22513318652510103
2023-05-25,Maximum Sharpe,0.06384888682969203,0.1758305077140784,0.24938156295945868
2023-05-26,Maximum Sharpe,0.07185404658121208,0.17617835719119454,0.29432699571002563
2023-05-30,Maximum Sharpe,0.06135877840438786,0.17595913203930863,0.23504763819333033
2023-05-31,Maximum Sharpe,0.04123243939638299,0.17552633122553057,0.12096441171041067
2023-06-01,Maximum Sharpe,0.06278610230431192,0.17550115987213322,0.2437938435021458
2023-06-02,Maximum Sharpe,0.06984681245542501,0.17551295195630826,0.2840064616304428
2023-06-05,Maximum Sharpe,0.05320909573808663,0.17476380121788712,0.19002273644004297
2023-06-06,Maximum Sharpe,0.07126275010860028,0.174097650461932,0.2944482591958318
2023-06-07,Maximum Sharpe,0.06204062374568187,0.17442306857352013,0.24102674084054165
2023-06-08,Maximum Sharpe,0.06457326579049716,0.17454768338945234,0.25536440773633695
2023-06-09,Maximum Sharpe,0.07187439428850517,0.17443000377880355,0.29739375775217897
2023-06-12,Maximum Sharpe,0.09609760244016075,0.1739847640429537,0.43738084112568393
2023-06-13,Maximum Sharpe,0.11598203315374134,0.17335565736466538,0.5536711902735116
2023-06-14,Maximum Sharpe,0.16007581282777172,0.16967216225977014,0.8255674411298771
2023-06-15,Maximum Sharpe,0.17741239980427248,0.16988397185371443,0.9265877062246867
2023-06-16,Maximum Sharpe,0.15297039408449775,0.16909592347256294,0.7863607315528999
2023-06-20,Maximum Sharpe,0.16314023213182516,0.16850461253608584,0.8494736730199074
2023-06-21,Maximum Sharpe,0.15399903181724417,0.1686246366974836,0.794658683580392
2023-06-22,Maximum Sharpe,0.143551332662204,0.1683489827149156,0.7339000846320969
2023-06-23,Maximum Sharpe,0.1319091727813937,0.16845515257396976,0.6643262083197701
2023-06-26,Maximum Sharpe,0.11986022351553882,0.16844100549747748,0.5928498421189625
2023-06-27,Maximum Sharpe,0.11153521026164626,0.16792457171933253,0.5450971785989563
2023-06-28,Maximum Sharpe,0.1169183312313462,0.16784591141432587,0.5774244389671448
2023-06-29,Maximum Sharpe,0.13269211178371298,0.16723073321840387,0.6738720187068529
2023-06-30,Maximum Sharpe,0.14346766026810331,0.16758268568124635,0.7367566629344227
2023-07-03,Maximum Sharpe,0.15181910295270673,0.16745249197565057,0.7872029935026269
2023-07-05,Maximum Sharpe,0.14186350701120976,0.16740117639425486,0.7279728233462525
2023-07-06,Maximum Sharpe,0.13314930239466616,0.16759595977285785,0.6751314443857535
2023-07-07,Maximum Sharpe,0.1385454502703023,0.1675481036076748,0.7075308387129494
2023-07-10,Maximum Sharpe,0.12863957525030956,0.16727127811707243,0.6494813483416633
2023-07-11,Maximum Sharpe,0.13581995203493635,0.1673392364836057,0.6921266910781159
2023-07-12,Maximum Sharpe,0.16104293661061786,0.16742775214443084,0.8424107401797271
2023-07-13,Maximum Sharpe,0.17930712111859815,0.16752683386650194,0.9509349484008403
2023-07-14,Maximum Sharpe,0.17670995173220994,0.16754555921172357,0.9353273967361863
2023-07-17,Maximum Sharpe,0.186865653073238,0.16748839221676165,0.9962818967017266
2023-07-18,Maximum Sharpe,0.18399200674299365,0.16735363444795645,0.9799130283841658
2023-07-19,Maximum Sharpe,0.19155970192095784,0.16722642573911203,1.0259126281189919
2023-07-20,Maximum Sharpe,0.15824730488815697,0.166783355375268,0.828903487264038
2023-07-21,Maximum Sharpe,0.1517431233801494,0.16676079368386373,0.7900125711196904
2023-07-24,Maximum Sharpe,0.1369688346938558,0.166272289128749,0.7034776228002957
2023-07-25,Maximum Sharpe,0.14859453802637135,0.16620385588946315,0.7737157320338913
2023-07-26,Maximum Sharpe,0.15307591923048558,0.16616128827587304,0.8008840122227705
2023-07-27,Maximum Sharpe,0.1557631110228046,0.16603304108414188,0.8176873117321442
2023-07-28,Maximum Sharpe,0.1428123709650202,0.1648767443631253,0.7448738234091866
2023-07-31,Maximum Sharpe,0.1319319350146635,0.16453814798263633,0.6802795363083559
2023-08-01,Maximum Sharpe,0.11476101259129723,0.16432873553570862,0.5766551557910921
2023-08-02,Maximum Sharpe,0.09228886046740947,0.165252762073505,0.4374441888920146
2023-08-03,Maximum Sharpe,0.09708173391153951,0.16511897877414897,0.46682540361984987
2023-08-04,Maximum Sharpe,0.07801822332406516,0.16449674601070471,0.3527013435286409
2023-08-07,Maximum Sharpe,0.07878087848243998,0.1645237608220045,0.35727896194905256
2023-08-08,Maximum Sharpe,0.08148756216858066,0.16440344866175077,0.374004089750497
2023-08-09,Maximum Sharpe,0.07086987985337778,0.1645476573022513,0.30914982739582153
2023-08-10,Maximum Sharpe,0.07582902109766065,0.1644893672489625,0.33940808473754275
2023-08-11,Maximum Sharpe,0.05865446230581717,0.16402676239892974,0.23565948471143744
2023-08-14,Maximum Sharpe,0.06783754157057986,0.16398432416360118,0.29172021054191793
2023-08-15,Maximum Sharpe,0.04012259795538764,0.16380721712014748,0.1228431708270115
2023-08-16,Maximum Sharpe,0.03054063417605324,0.16409336446472234,0.06423559057635947
2023-08-17,Maximum Sharpe,0.021166897172214094,0.16437036359560736,0.007099194445325654
2023-08-18,Maximum Sharpe,0.03085986249186079,0.16414231184612194,0.06616126195445302
2023-08-21,Maximum Sharpe,0.037298562358866194,0.1642909219589898,0.10529225932023346
2023-08-22,Maximum Sharpe,0.049270196830910606,0.16372434565750651,0.17877730225986468
2023-08-23,Maximum Sharpe,0.07985476896763077,0.1633261401003518,0.36647390877451985
2023-08-24,Maximum Sharpe,0.0618673845743023,0.16415102601375128,0.25505405352017096
2023-08-25,Maximum Sharpe,0.066840586008307,0.16426505626982865,0.28515246682389156
2023-08-28,Maximum Sharpe,0.06294307415823086,0.16404839493279355,0.2617707669485187
2023-08-29,Maximum Sharpe,0.10785703797964019,0.16283226321434746,0.5395554679725101
2023-08-30,Maximum Sharpe,0.11804332124121597,0.16274960909110395,0.6024181673231135
2023-08-31,Maximum Sharpe,0.1272149362473154,0.1624870640851836,0.6598367497803279
2023-09-01,Maximum Sharpe,0.13834370924594008,0.1623122736023504,0.729111278028616
2023-09-05,Maximum Sharpe,0.13342264011736238,0.16245413239992382,0.6981825481554544
2023-09-06,Maximum Sharpe,0.1328330044633279,0.16247373033616222,0.6944692180691217
2023-09-07,Maximum Sharpe,0.13325057288625608,0.16245921373723587,0.6971015695633573
2023-09-08,Maximum Sharpe,0.11508555909700569,0.16167510081715844,0.5881274148982274
2023-09-11,Maximum Sharpe,0.12139076167265883,0.16184024828380372,0.6264866913381124
2023-09-12,Maximum Sharpe,0.09877512688969481,0.161357795962223,0.4882015549353289
2023-09-13,Maximum Sharpe,0.08816447546024908,0.16111450212889905,0.42308094280497693
2023-09-14,Maximum Sharpe,0.14156610259935642,0.1570522029376665,0.7740490125286915
2023-09-15,Maximum Sharpe,0.12558952637841392,0.15748734742832882,0.6704635521686391
2023-09-18,Maximum Sharpe,0.14057241492070016,0.15676178237302515,0.7691441950678388
2023-09-19,Maximum Sharpe,0.14260027840070877,0.1567237395444489,0.782269991496328
2023-09-20,Maximum Sharpe,0.12537140768217347,0.15697255106224456,0.6712728242556903
2023-09-21,Maximum Sharpe,0.11619075975778959,0.15766067139854592,0.6101125848603784
2023-09-22,Maximum Sharpe,0.1269088543843302,0.15728613635117392,0.6797093301702956
2023-09-25,Maximum Sharpe,0.13969917034658152,0.1570390640189623,0.7622254443144667
2023-09-26,Maximum Sharpe,0.14317897653470624,0.1567290025870434,0.7859360711894768
2023-09-27,Maximum Sharpe,0.15642502760164856,0.15643621884396025,0.8720808301927052
2023-09-28,Maximum Sharpe,0.16515218800708742,0.15659499630926224,0.9269273695081789
2023-09-29,Maximum Sharpe,0.13871833087490626,0.15526289489757508,0.7646278330261921
2023-10-02,Maximum Sharpe,0.15419249114310274,0.15432372724151616,0.8695519058653366
2023-10-03,Maximum Sharpe,0.1485816281145751,0.15474166539564085,0.8309438042160124
2023-10-04,Maximum Sharpe,0.12845746778967349,0.15296943120755238,0.7090139966756883
2023-10-05,Maximum Sharpe,0.10040974195720409,0.1507508003315195,0.5333951248044667
2023-10-06,Maximum Sharpe,0.11808838304714664,0.15120425018954733,0.6487144569295145
2023-10-09,Maximum Sharpe,0.13013087246149735,0.15109676433316307,0.7288764451544616
2023-10-10,Maximum Sharpe,0.1694026673037976,0.14898898541346367,1.0027765937809827
2023-10-11,Maximum Sharpe,0.18624188724114177,0.1486062671970519,1.1186734609295115
2023-10-12,Maximum Sharpe,0.1831973082021099,0.14875371847718713,1.0970973356013136
2023-10-13,Maximum Sharpe,0.1724162649112997,0.14905581489982778,1.0225449105338849
2023-10-16,Maximum Sharpe,0.16825261073675368,0.14875412061492713,0.9966285984139447
2023-10-17,Maximum Sharpe,0.1961160490097218,0.14701657198361298,1.1979333120986684
2023-10-18,Maximum Sharpe,0.15311234416036257,0.1464806564119139,0.9087366715919221
2023-10-19,Maximum Sharpe,0.13250044738820432,0.14672726729692562,0.7667317020260592
2023-10-20,Maximum Sharpe,0.12825157782544583,0.14701252922885358,0.7363425307575737
2023-10-23,Maximum Sharpe,0.13336698495919408,0.146889770078782,0.7717827109293689
2023-10-24,Maximum Sharpe,0.11844352003066927,0.14556981314169107,0.67626328499061
2023-10-25,Maximum Sharpe,0.09314223482815764,0.14642871577666822,0.4995074527575147
2023-10-26,Maximum Sharpe,0.06687896476203048,0.1461547799010227,0.32074876233112126
2023-10-27,Maximum Sharpe,0.0707088700013605,0.14603207392982862,0.3472447431358617
2023-10-30,Maximum Sharpe,0.09011417581598868,0.14618667079219358,0.47962085350214295
2023-10-31,Maximum Sharpe,0.0801404812687605,0.1455430737359349,0.4132143132958424
2023-11-01,Maximum Sharpe,0.1000317364734502,0.14562499164534082,0.549574187570508
2023-11-02,Maximum Sharpe,0.11965586911084247,0.14651572700480262,0.6801718228349362
2023-11-03,Maximum Sharpe,0.1570357459130891,0.14483651004409476,0.9461408996348315
2023-11-06,Maximum Sharpe,0.16899407565505875,0.14439002417147973,1.0318862158933584
2023-11-07,Maximum Sharpe,0.1482085520255949,0.1431222539515894,0.8957974632579572
2023-11-08,Maximum Sharpe,0.1403009336991492,0.14305446052268017,0.8409450027605145
2023-11-09,Maximum Sharpe,0.1235802770144474,0.14275968749953896,0.725556904954572
2023-11-10,Maximum Sharpe,0.15573716728412812,0.1419959798468898,0.9559226073195145
2023-11-13,Maximum Sharpe,0.0969384096078083,0.13152769649891888,0.5849597587109018
2023-11-14,Maximum Sharpe,0.10627928418394328,0.13251783072573622,0.6510767925450731
2023-11-15,Maximum Sharpe,0.1126291987880943,0.1323779757093532,0.6997327032063806
2023-11-16,Maximum Sharpe,0.10491984240494157,0.13209620208321757,0.6428636180731677
2023-11-17,Maximum Sharpe,0.1188697332842854,0.13180767304547025,0.7501060522491577
2023-11-20,Maximum Sharpe,0.13156464489737307,0.1318468623415374,0.8461683722770356
2023-11-21,Maximum Sharpe,0.12980122115997483,0.13186288151574344,0.8326924142550713
2023-11-22,Maximum Sharpe,0.13963851556178586,0.13169238315287998,0.9084695158329624
2023-11-24,Maximum Sharpe,0.1313443569991668,0.13138027761644983,0.8474967401440902
2023-11-27,Maximum Sharpe,0.12282140049651535,0.13122198078566535,0.7835684226140528
2023-11-28,Maximum Sharpe,0.1282751600748564,0.13123492287566935,0.8250483766233109
2023-11-29,Maximum Sharpe,0.1440675462192822,0.130470876389699,0.9509213830120147
2023-11-30,Maximum Sharpe,0.14472665147578367,0.13046514625433744,0.9560151125162059
2023-12-01,Maximum Sharpe,0.12155862363767977,0.12742213819693018,0.7970249524515237
2023-12-04,Maximum Sharpe,0.10252078457432767,0.1278976750766481,0.6452094185830477
2023-12-05,Maximum Sharpe,0.10384323131667217,0.12788058620130235,0.655636901637993
2023-12-06,Maximum Sharpe,0.12273415408739696,0.12650252432398285,0.8121114945049378
2023-12-07,Maximum Sharpe,0.1439780524467278,0.12614203299701568,0.9828448892183378
2023-12-08,Maximum Sharpe,0.14197072046436854,0.1261526205158237,0.9668504702133347
2023-12-11,Maximum Sharpe,0.13492251649174425,0.12599307376677252,0.9121336043001766
2023-12-12,Maximum Sharpe,0.14414586878974012,0.1259400406421544,0.9857537615259929
2023-12-13,Maximum Sharpe,0.15481653956480712,0.12675319792911802,1.0636145025721422
2023-12-14,Maximum Sharpe,0.1453981702584095,0.1263122195751263,0.9927635717289162
2023-12-15,Maximum Sharpe,0.1485793897460228,0.1262084891419688,1.0187855874051945
2023-12-18,Maximum Sharpe,0.18391985957256263,0.12368647334388866,1.3252852566732343
2023-12-19,Maximum Sharpe,0.19674298536397505,0.12369819838644706,1.428824248610397
2023-12-20,Maximum Sharpe,0.19396661690025074,0.12390044980082716,1.404083820356634
2023-12-21,Maximum Sharpe,0.19918028191920967,0.12415417724257567,1.4432078396292907
2023-12-22,Maximum Sharpe,0.19017138130469813,0.12381416112648809,1.3744096778304034
2023-12-26,Maximum Sharpe,0.21727635815320911,0.12269767222780227,1.6078247824208352
2023-12-27,Maximum Sharpe,0.21641803173309748,0.12268265821107066,1.601025235328436
2023-12-28,Maximum Sharpe,0.21827898134972767,0.12263755478877499,1.616788443729442
2023-12-29,Maximum Sharpe,0.2282075256088667,0.12214864213632891,1.7045422852632968
2024-01-02,Maximum Sharpe,0.19740702749060368,0.12143816771943843,1.4608835988078435
2024-01-03,Maximum Sharpe,0.18659608100900993,0.12181745577555558,1.3675879203712595
2024-01-04,Maximum Sharpe,0.18582519794670338,0.12183008434368478,1.361118633710436
2024-01-05,Maximum Sharpe,0.1776679062575779,0.121621034317898,1.2963868227387305
2024-01-08,Maximum Sharpe,0.20407098342611252,0.1211480825967648,1.519388334347671
2024-01-09,Maximum Sharpe,0.17620220853992286,0.11907796959795833,1.3117641245253568
2024-01-10,Maximum Sharpe,0.17746358351470426,0.11910042867026188,1.3221076134885588
2024-01-11,Maximum Sharpe,0.1702695954103033,0.11891959503468622,1.2636235043221682
2024-01-12,Maximum Sharpe,0.16295823916762808,0.11858722431785858,1.2055113018283148
2024-01-16,Maximum Sharpe,0.14735840034651448,0.11852953524994365,1.074486625447011
2024-01-17,Maximum Sharpe,0.13016415934753378,0.11860718771273425,0.9288152048116222
2024-01-18,Maximum Sharpe,0.14410758319962125,0.11898085160227209,1.0430887115725709
2024-01-19,Maximum Sharpe,0.169480718885475,0.11884105140262309,1.257820568913072
2024-01-22,Maximum Sharpe,0.17127484511127,0.11882532875678573,1.2730858537820893
2024-01-23,Maximum Sharpe,0.15806650203989792,0.11804043936952664,1.1696542538924268
2024-01-24,Maximum Sharpe,0.14457011926087615,0.11747863355955407,1.0603640465202309
2024-01-25,Maximum Sharpe,0.1486145432469812,0.11751286875736708,1.0944719893830195
2024-01-26,Maximum Sharpe,0.1451252179221425,0.11753847931763803,1.0645468500915514
2024-01-29,Maximum Sharpe,0.14641006680705693,0.11760620523783126,1.0748588184732422
2024-01-30,Maximum Sharpe,0.1398477629075483,0.11758818123270458,1.0192160610969232
2024-01-31,Maximum Sharpe,0.14041830101658315,0.11753626412382599,1.024520405801914
2024-02-01,Maximum Sharpe,0.13944894322692103,0.11745207490296802,1.0170015585131442
2024-02-02,Maximum Sharpe,0.12782479747816344,0.11663028738502094,0.9245008298934501
2024-02-05,Maximum Sharpe,0.11159359157190574,0.11623786737926253,0.7879841022293784
2024-02-06,Maximum Sharpe,0.13321909030959445,0.11497557327214385,0.9847229901746881
2024-02-07,Maximum Sharpe,0.14535290713613436,0.11493714827708086,1.09062134405792
2024-02-08,Maximum Sharpe,0.13299219008607488,0.11444446349336504,0.9873102344756559
2024-02-09,Maximum Sharpe,0.1480954844334048,0.11406380474320002,1.1230160586155733
2024-02-12,Maximum Sharpe,0.15638772006519042,0.11367994853022657,1.1997517753003384
2024-02-13,Maximum Sharpe,0.14020311551185394,0.11467208939188342,1.0482334118903915
2024-02-14,Maximum Sharpe,0.13898978192639877,0.11460702685086961,1.0382415912527958
2024-02-15,Maximum Sharpe,0.14336954043732097,0.1147296875084071,1.075306166316201
2024-02-16,Maximum Sharpe,0.13851247357648733,0.1147810493375471,1.0325090619094002
2024-02-20,Maximum Sharpe,0.14918671102123815,0.11422124286882343,1.1310217589700167
2024-02-21,Maximum Sharpe,0.15017759385124685,0.11420728987386954,1.1398361172479876
2024-02-22,Maximum Sharpe,0.18930974737045547,0.11387701472201159,1.4867771848758269
2024-02-23,Maximum Sharpe,0.19258933474594753,0.11385401232459733,1.5158827626899616
2024-02-26,Maximum Sharpe,0.184474629521443,0.11381540527286033,1.4450998889573217
2024-02-27,Maximum Sharpe,0.19951393265585105,0.11317496034139117,1.5861629826451806
2024-02-28,Maximum Sharpe,0.1914787472651105,0.11313919327673484,1.5156440690334336
2024-02-29,Maximum Sharpe,0.19812627262063565,0.11323483807397025,1.5730695221577948
2024-03-01,Maximum Sharpe,0.21694605352643337,0.11397805947298484,1.7279295193924027
2024-03-04,Maximum Sharpe,0.21491745285968156,0.11393024694358582,1.7108490334107476
2024-03-05,Maximum Sharpe,0.18814596431289465,0.1132023927991096,1.4853569801416533
2024-03-06,Maximum Sharpe,0.1994389474625431,0.11333562066138304,1.5832528768573066
2024-03-07,Maximum Sharpe,0.22999721547039398,0.11268249511911915,1.8636187923279592
2024-03-08,Maximum Sharpe,0.2228569385550334,0.1127783019385735,1.798723114890688
2024-03-11,Maximum Sharpe,0.23419031760932585,0.11222048235148765,1.9086561839794698
2024-03-12,Maximum Sharpe,0.24659512527815286,0.11214569343442096,2.020542370721156
2024-03-13,Maximum Sharpe,0.2370460040138469,0.11198596426215425,1.938153637769745
2024-03-14,Maximum Sharpe,0.21834321932845802,0.11150775347379886,1.7787392638581228
2024-03-15,Maximum Sharpe,0.20989538076609549,0.11174936816206431,1.6992971315121896
2024-03-18,Maximum Sharpe,0.19792533830455916,0.11090158528639428,1.6043534260135375
2024-03-19,Maximum Sharpe,0.19928445619552027,0.11091120708053409,1.6164683526105659
2024-03-20,Maximum Sharpe,0.2059745934435513,0.11128663390949846,1.6711314459811164
2024-03-21,Maximum Sharpe,0.2031448404105891,0.11123422059035969,1.646479288824735
2024-03-22,Maximum Sharpe,0.2080860443748651,0.11102600875144376,1.6940719250381886
2024-03-25,Maximum Sharpe,0.19746536541307935,0.11082559680097674,1.6013030431207684
2024-03-26,Maximum Sharpe,0.19621649473009173,0.11083181451084435,1.5899450487914715
2024-03-27,Maximum Sharpe,0.20759038672891572,0.11090263862114529,1.6914871373777103
2024-03-28,Maximum Sharpe,0.2111993274259809,0.1109232333519668,1.723708565357924
2024-04-01,Maximum Sharpe,0.2031266716395601,0.11059741186896697,1.6557952717421993
2024-04-02,Maximum Sharpe,0.1936414662318291,0.11042005098336437,1.572553758900089
2024-04-03,Maximum Sharpe,0.1873743707671751,0.11012444679424926,1.5198657122871964
2024-04-04,Maximum Sharpe,0.17145077674138354,0.11070907686921605,1.368006861084181
2024-04-05,Maximum Sharpe,0.1842735270100424,0.11130055898441249,1.4759452109584528
2024-04-08,Maximum Sharpe,0.19330262135069454,0.11117147347638782,1.558876714785138
2024-04-09,Maximum Sharpe,0.1955564422822389,0.11119568872758771,1.5788061955560626
2024-04-10,Maximum Sharpe,0.18505747209307577,0.11167896550999348,1.4779638344546249
2024-04-11,Maximum Sharpe,0.19963379359444922,0.11237120662023943,1.5985749285537616
2024-04-12,Maximum Sharpe,0.18594900267799108,0.11333753701648222,1.4642015968095177
2024-04-15,Maximum Sharpe,0.1642039288520818,0.11246578219663286,1.2822026934375348
2024-04-16,Maximum Sharpe,0.17171384512573185,0.11218070508242084,1.3524058795517948
2024-04-17,Maximum Sharpe,0.1613441340407482,0.11248058978215711,1.2566091119764893
2024-04-18,Maximum Sharpe,0.15840459166935483,0.11250154702611152,1.2302461195243053
2024-04-19,Maximum Sharpe,0.15103753459206049,0.11279965226578896,1.1616838523872197
2024-04-22,Maximum Sharpe,0.15426782597988464,0.11273865117718931,1.190965339552079
2024-04-23,Maximum Sharpe,0.16662435803106268,0.1129699165049065,1.297906226430596
2024-04-24,Maximum Sharpe,0.1661479586468777,0.11297103728281616,1.293676345389351
2024-04-25,Maximum Sharpe,0.17806252429392044,0.11234372582758936,1.4069546218940112
2024-04-26,Maximum Sharpe,0.19139419230269583,0.1126361683343611,1.5216621342614498
2024-04-29,Maximum Sharpe,0.17564218315457514,0.11166556338838955,1.393824366543769
2024-04-30,Maximum Sharpe,0.1484699537511711,0.11304773953360078,1.1364221370652567
2024-05-01,Maximum Sharpe,0.14999114011377546,0.11302563029120712,1.1501032091469627
2024-05-02,Maximum Sharpe,0.16222340739816943,0.11313453040514808,1.2571175828356795
2024-05-03,Maximum Sharpe,0.17501617561790672,0.11355963400551967,1.3650640650213088
2024-05-06,Maximum Sharpe,0.1891266585337208,0.11393425450556803,1.484423269083272
2024-05-07,Maximum Sharpe,0.1763510804703876,0.11355134810634232,1.3769196321998995
2024-05-08,Maximum Sharpe,0.1739854971245376,0.11356564277387977,1.3559162204641213
2024-05-09,Maximum Sharpe,0.1856479311191359,0.11376217481500087,1.4560897010672595
2024-05-10,Maximum Sharpe,0.18725290569386854,0.11379009676155397,1.4698370987797416
2024-05-13,Maximum Sharpe,0.18725933968675101,0.11378993758364293,1.469895697620931
2024-05-14,Maximum Sharpe,0.19740296098152976,0.11391056225595181,1.5573881602209412
2024-05-15,Maximum Sharpe,0.20760516592750622,0.11453360471097697,1.6379923289843512
2024-05-16,Maximum Sharpe,0.21314466007705235,0.11429418595971218,1.6898905089112264
2024-05-17,Maximum Sharpe,0.21220429240244143,0.11425870256398447,1.6821851472959595
2024-05-20,Maximum Sharpe,0.21339607980472763,0.11427978054652828,1.692303563061076
2024-05-21,Maximum Sharpe,0.2104322386720614,0.11425482607336587,1.6667325592862057
2024-05-22,Maximum Sharpe,0.20119151052298112,0.11454499638873347,1.5818369744241656
2024-05-23,Maximum Sharpe,0.2007835023599005,0.11457629270154042,1.5778438811144215
2024-05-24,Maximum Sharpe,0.21919558761224112,0.11424874889947677,1.7435253298704034
2024-05-28,Maximum Sharpe,0.21947410748003304,0.11425586965425154,1.745854353773329
2024-05-29,Maximum Sharpe,0.19446888615674474,0.11406995851131196,1.5294902219101203
2024-05-30,Maximum Sharpe,0.1908087684475761,0.11415048166199325,1.4963473299512797
2024-05-31,Maximum Sharpe,0.19893240602817763,0.11398611683777382,1.5697736793932198
2024-06-03,Maximum Sharpe,0.19243218981645738,0.11365671696868537,1.5171315379799841
2024-06-04,Maximum Sharpe,0.1857817277600431,0.11363560112602772,1.458888993566221
2024-06-05,Maximum Sharpe,0.20143254750805673,0.11439577532922553,1.5860074114267122
2024-06-06,Maximum Sharpe,0.202107814762283,0.1144027593896074,1.5918131322523512
2024-06-07,Maximum Sharpe,0.1998426243464555,0.11460284402534437,1.569268423274761
2024-06-10,Maximum Sharpe,0.1930757119860016,0.11425647786930596,1.5147999939572525
2024-06-11,Maximum Sharpe,0.19518856764174863,0.11427027170713472,1.5331071242286225
2024-06-12,Maximum Sharpe,0.1955677936437037,0.11429127922119975,1.5361433946671397
2024-06-13,Maximum Sharpe,0.18966547030175995,0.11428654806871251,1.4845620343677892
2024-06-14,Maximum Sharpe,0.19131213414099224,0.11432444067219394,1.498473407206084
2024-06-17,Maximum Sharpe,0.18468772913999354,0.11397832644483814,1.4449039065308362
2024-06-18,Maximum Sharpe,0.1918855214203652,0.11390986284299831,1.5089608321034904
2024-06-20,Maximum Sharpe,0.20045589169889433,0.11368125056744849,1.5873848220188924
2024-06-21,Maximum Sharpe,0.19961255439572678,0.11372413981018799,1.5793705249871337
2024-06-24,Maximum Sharpe,0.1954195611838616,0.11376736273985548,1.5419146313954932
2024-06-25,Maximum Sharpe,0.2069968789032388,0.11357814567887077,1.6464160229552536
2024-06-26,Maximum Sharpe,0.20953836031097195,0.11349779602112184,1.6699739286188344
2024-06-27,Maximum Sharpe,0.20540324655655606,0.11332464895703813,1.6360363633408939
2024-06-28,Maximum Sharpe,0.202075410150645,0.11337297208151716,1.6059860371282284
2024-07-01,Maximum Sharpe,0.20594810719173107,0.11340046255734326,1.639747343161873
2024-07-02,Maximum Sharpe,0.1986823131075397,0.11298492909491739,1.5814703300599557
2024-07-03,Maximum Sharpe,0.2072141994865726,0.11324072354671604,1.653240933323247
2024-07-05,Maximum Sharpe,0.22214560687804985,0.11352531274662307,1.7806214489733956
2024-07-08,Maximum Sharpe,0.22749825635490728,0.11328809515230899,1.8315980692934986
2024-07-09,Maximum Sharpe,0.22677223629730703,0.11328748433369334,1.8251992928737846
2024-07-10,Maximum Sharpe,0.23558728828343756,0.11355226243030554,1.8985732531375814
2024-07-11,Maximum Sharpe,0.22444440472330518,0.1135421110353675,1.8006042239220152
2024-07-12,Maximum Sharpe,0.21508344975460858,0.1130217081134376,1.726070619626517
2024-07-15,Maximum Sharpe,0.20565127769392766,0.11268341704765537,1.6475474613572747
2024-07-16,Maximum Sharpe,0.21793293762320332,0.11290806973669279,1.7530450930991268
2024-07-17,Maximum Sharpe,0.19507880853083392,0.1139562424346911,1.536368739353375
2024-07-18,Maximum Sharpe,0.1769339373564045,0.11391234879501806,1.3776727371217894
2024-07-19,Maximum Sharpe,0.1637303976728255,0.11447316322422528,1.2555816020501884
2024-07-22,Maximum Sharpe,0.1868520320874567,0.11416611520816763,1.4614847127207833
2024-07-23,Maximum Sharpe,0.18744045669258202,0.11415746418588797,1.466749965818537
2024-07-24,Maximum Sharpe,0.16346382334029053,0.11599778425052988,1.2367807218665487
2024-07-25,Maximum Sharpe,0.14637811046522775,0.11643373184912041,1.0854080553648635
2024-07-26,Maximum Sharpe,0.157979120304929,0.11688864651517765,1.180432184121602
2024-07-29,Maximum Sharpe,0.16653291064234632,0.11661291627313178,1.2565753033663585
2024-07-30,Maximum Sharpe,0.15048519168251318,0.11614105717158237,1.1235061472683114
2024-07-31,Maximum Sharpe,0.1724031843716296,0.11785043733536349,1.293191504567271
2024-08-01,Maximum Sharpe,0.16028341142050095,0.11878382744964583,1.1809975687133765
2024-08-02,Maximum Sharpe,0.1630186076490785,0.11845770403049394,1.2073390145419498
2024-08-05,Maximum Sharpe,0.13828738037203925,0.12088691352648276,0.9784961574531884
2024-08-06,Maximum Sharpe,0.14518721098890386,0.12087822485740936,1.0356473313252035
2024-08-07,Maximum Sharpe,0.1316440554782765,0.12083571388907582,0.9239326014224816
2024-08-08,Maximum Sharpe,0.16446135480967183,0.12262039615434343,1.1781184806142446
2024-08-09,Maximum Sharpe,0.17735228220028798,0.12242788472011133,1.2852650567313084
2024-08-12,Maximum Sharpe,0.18357374987299813,0.12253730973809908,1.3348893510279187
2024-08-13,Maximum Sharpe,0.20344058094437778,0.12315811732893166,1.4894721105101278
2024-08-14,Maximum Sharpe,0.19763351658000317,0.12313315495615079,1.4426132152892583
2024-08-15,Maximum Sharpe,0.22997452022844134,0.12329349642335401,1.703046197241823
2024-08-16,Maximum Sharpe,0.2520942880140782,0.12308031763297587,1.885714080671946
2024-08-19,Maximum Sharpe,0.2734713547896084,0.12282140119363584,2.0637393184433264
2024-08-20,Maximum Sharpe,0.2719190042150621,0.12282839255848238,2.0509834816499426
2024-08-21,Maximum Sharpe,0.26655867913357967,0.12268600983497188,2.0096723291044523
2024-08-22,Maximum Sharpe,0.2550411517587776,0.12325667197607784,1.9069243716429027
2024-08-23,Maximum Sharpe,0.2542526856275942,0.12319901542563769,1.9014168645608045
2024-08-26,Maximum Sharpe,0.27077747550815445,0.12207896946121644,2.0542233983046896
2024-08-27,Maximum Sharpe,0.26567679560802415,0.12195834358346526,2.014432046134581
2024-08-28,Maximum Sharpe,0.24603607062577493,0.12205055222605911,1.851987283163753
2024-08-29,Maximum Sharpe,0.22806815931097169,0.12108611273081388,1.7183486579796918
2024-08-30,Maximum Sharpe,0.22913991299174685,0.12110916393121159,1.7268710822785929
2024-09-03,Maximum Sharpe,0.2076102428909523,0.12258304699365856,1.5304746250976917
2024-09-04,Maximum Sharpe,0.20253328769629642,0.12259391621702556,1.4889261500804118
2024-09-05,Maximum Sharpe,0.21342454505049546,0.12235782735754158,1.5808105556278795
2024-09-06,Maximum Sharpe,0.19957384978792225,0.12349672783145016,1.454077795753478
2024-09-09,Maximum Sharpe,0.21786544620196024,0.12363439945865912,1.6004077107045158
2024-09-10,Maximum Sharpe,0.22366820554667122,0.12370014284660821,1.646467019841891
2024-09-11,Maximum Sharpe,0.22571982082355424,0.12381029156163308,1.661572864652745
2024-09-12,Maximum Sharpe,0.2473340212730668,0.1240832690887664,1.8321085746897683
2024-09-13,Maximum Sharpe,0.2555528769410744,0.12418519902980296,1.8967870469374097
2024-09-16,Maximum Sharpe,0.2423867144114844,0.12381737212411292,1.796086531287119
2024-09-17,Maximum Sharpe,0.254186155152079,0.1232416969473561,1.9002185214320273
2024-09-18,Maximum Sharpe,0.25008541765451175,0.1233509594417897,1.8652908635306635
2024-09-19,Maximum Sharpe,0.2766828450805472,0.12468615187167187,2.0586315418951058
2024-09-20,Maximum Sharpe,0.2912931565715855,0.1242332590906943,2.183740155875108
2024-09-23,Maximum Sharpe,0.31674789819234306,0.1229311904017004,2.413934960059074
2024-09-24,Maximum Sharpe,0.32731368041639186,0.12305833536603396,2.4973008086148325
2024-09-25,Maximum Sharpe,0.32191994969991167,0.12307324749668104,2.4531728530853436
2024-09-26,Maximum Sharpe,0.3504015141756698,0.12226847687976775,2.7022624523291383
2024-09-27,Maximum Sharpe,0.34036092800361417,0.12242554070199856,2.616781810124236
2024-09-30,Maximum Sharpe,0.3291573586014611,0.12226616379741194,2.5285602246727654
2024-10-01,Maximum Sharpe,0.325937140489571,0.12235362664355517,2.5004337744792613
2024-10-02,Maximum Sharpe,0.3312290539084821,0.12226420653627225,2.545545116805297
2024-10-03,Maximum Sharpe,0.3491540082526223,0.12119985982283808,2.7157952883258925
2024-10-04,Maximum Sharpe,0.3485767879110191,0.12118102082979723,2.7114542001797135
2024-10-07,Maximum Sharpe,0.3372941924665487,0.12149365593769502,2.6116111991005115
2024-10-08,Maximum Sharpe,0.3270296234868155,0.12100018340133993,2.5374310588310687
2024-10-09,Maximum Sharpe,0.3250221380552245,0.12096942837236797,2.521481188753787
2024-10-10,Maximum Sharpe,0.3158113255297137,0.12076059634769903,2.4495682737273103
2024-10-11,Maximum Sharpe,0.3187144204860459,0.12083095308627882,2.4721680401937256
2024-10-14,Maximum Sharpe,0.3372084804511932,0.12044591628236387,2.633617562488003
2024-10-15,Maximum Sharpe,0.3396632069515253,0.12030848102640973,2.657029697526925
2024-10-16,Maximum Sharpe,0.32882579242067456,0.11989701029057173,2.575758909018931
2024-10-17,Maximum Sharpe,0.3296789589793707,0.11990003776806543,2.582809519863651
2024-10-18,Maximum Sharpe,0.36010213199323604,0.1188610058115375,2.8613432106782937
2024-10-21,Maximum Sharpe,0.37284716456476463,0.11830643734500669,2.9824849136128355
2024-10-22,Maximum Sharpe,0.39424124326195864,0.11749731099020307,3.1851047492751805
2024-10-23,Maximum Sharpe,0.3792236150058861,0.11822185836557558,3.0385549675176358
2024-10-24,Maximum Sharpe,0.37631484420761097,0.11811859347637621,3.016585566427983
2024-10-25,Maximum Sharpe,0.40210823842954,0.11677223395340909,3.2722525337829644
2024-10-28,Maximum Sharpe,0.4190876109374244,0.11619398597387505,3.43466667050354
2024-10-29,Maximum Sharpe,0.4321719263737773,0.11621342901710043,3.5466807051457674
2024-10-30,Maximum Sharpe,0.4140812046888227,0.11590601545754328,3.4000064891642814
2024-10-31,Maximum Sharpe,0.3796247025141861,0.1175537473811976,3.059236396335478
2024-11-01,Maximum Sharpe,0.3690455855502499,0.1172222000302689,2.977640630018205
2024-11-04,Maximum Sharpe,0.3452992044949983,0.11622396376077507,2.7988995898003
2024-11-05,Maximum Sharpe,0.3448915482707948,0.11620273964560242,2.7959026548053507
2024-11-06,Maximum Sharpe,0.3524312518057,0.11625354078706539,2.859536574585666
2024-11-07,Maximum Sharpe,0.3683379713753694,0.1168838521563044,2.9802061187164677
2024-11-08,Maximum Sharpe,0.3680638991579188,0.11688877122923151,2.977735974958004
2024-11-11,Maximum Sharpe,0.3641199860631257,0.11705509337344827,2.9398121529428702
2024-11-12,Maximum Sharpe,0.3416703380482844,0.11688022079092997,2.7521366393007907
2024-11-13,Maximum Sharpe,0.33613567940926536,0.11698492935631263,2.7023624423140817
2024-11-14,Maximum Sharpe,0.3041110652082548,0.11561474504903203,2.457394730125156
2024-11-15,Maximum Sharpe,0.28854947758180627,0.11633332209181926,2.308448454432052
2024-11-18,Maximum Sharpe,0.2979279265259034,0.11663854145240686,2.3828138029255874
2024-11-19,Maximum Sharpe,0.30058290249228903,0.1167028869840772,2.4042498839859157
2024-11-20,Maximum Sharpe,0.2937971862081916,0.11657093748948215,2.3487602665363783
2024-11-21,Maximum Sharpe,0.3026366371111455,0.11661441197217358,2.4236853089701125
2024-11-22,Maximum Sharpe,0.30702609887136445,0.11669813553512978,2.459560279649546
2024-11-25,Maximum Sharpe,0.2949882197637612,0.11695678296900934,2.351195140487288
2024-11-26,Maximum Sharpe,0.2998516629513672,0.11696517305283036,2.3926067533364392
2024-11-27,Maximum Sharpe,0.2929258107805688,0.11698597764416643,2.3329788430774236
2024-11-29,Maximum Sharpe,0.3034592165026895,0.1172125341699483,2.41833536413177
2024-12-02,Maximum Sharpe,0.3059113846267212,0.11720319208350788,2.4394504922955327
2024-12-03,Maximum Sharpe,0.29727842442379093,0.11694846977747728,2.3709452971157305
2024-12-04,Maximum Sharpe,0.3211581869488067,0.11638131045334016,2.587685134113932
2024-12-05,Maximum Sharpe,0.3181438494779525,0.11644158833530854,2.5604584559548336
2024-12-06,Maximum Sharpe,0.3246141050493041,0.11643242970889352,2.6162307684457486
2024-12-09,Maximum Sharpe,0.31351878022569446,0.11627860335684903,2.5242716351254284
2024-12-10,Maximum Sharpe,0.3164128358738454,0.11625794324187222,2.5496136230207056
2024-12-11,Maximum Sharpe,0.33019426792104856,0.11668792746988609,2.658323569943438
2024-12-12,Maximum Sharpe,0.3136172634621097,0.11707648411324859,2.5079098137085536
2024-12-13,Maximum Sharpe,0.2905358891551726,0.11612708321785728,2.329653700572506
2024-12-16,Maximum Sharpe,0.2941546560167716,0.11621365932863952,2.3590570815904885
2024-12-17,Maximum Sharpe,0.29273480407517316,0.11625487655149257,2.3460074292399358
2024-12-18,Maximum Sharpe,0.25019163631591734,0.11972762377237152,1.9226276197844046
2024-12-19,Maximum Sharpe,0.2407835776152405,0.1196284774325828,1.845577092959861
2024-12-20,Maximum Sharpe,0.26633572756501755,0.1192857967885838,2.0650885033832713
2024-12-23,Maximum Sharpe,0.2586050049922113,0.11897193783561126,2.005557019016554
2024-12-24,Maximum Sharpe,0.26597178599193083,0.11919242172929928,2.0636528935586456
2024-12-26,Maximum Sharpe,0.2615083126290072,0.1190993691363882,2.027788344978056
2024-12-27,Maximum Sharpe,0.24590835113410292,0.11952525635019846,1.8900469911749143
2024-12-30,Maximum Sharpe,0.23725767586711943,0.11989683106089241,1.812038516320586
2024-12-31,Maximum Sharpe,0.2381911629520519,0.119877738409786,1.8201141083108745
2025-01-02,Maximum Sharpe,0.2519327492444825,0.11951101982201907,1.9406808643243667
2025-01-03,Maximum Sharpe,0.27162434243193667,0.11924439115707064,2.1101566286710542
2025-01-06,Maximum Sharpe,0.2814220060330641,0.11930059544496893,2.1912883591067494
2025-01-07,Maximum Sharpe,0.27113905191745924,0.11957948297585921,2.100185129318207
2025-01-08,Maximum Sharpe,0.2619944428367109,0.11929833172232537,2.0284813655229375
2025-01-10,Maximum Sharpe,0.2528481080313554,0.11961604894758285,1.9466293200621612
2025-01-13,Maximum Sharpe,0.24354986293529213,0.11967501626088803,1.8679743685846675
2025-01-14,Maximum Sharpe,0.24476486934660735,0.11968046497932133,1.8780414112315051
2025-01-15,Maximum Sharpe,0.2598436037214047,0.12058202216167183,1.98904944055285
2025-01-16,Maximum Sharpe,0.26687605870556874,0.12040456003827191,2.050387947326052
2025-01-17,Maximum Sharpe,0.2853699036959292,0.12023941654678948,2.207012569731359
2025-01-21,Maximum Sharpe,0.28639905794739007,0.12030466215948396,2.214370192854484
2025-01-22,Maximum Sharpe,0.2813283827088866,0.12004491006957693,2.176921808325093
2025-01-23,Maximum Sharpe,0.2844249776035044,0.120052892468459,2.2025706517065022
2025-01-24,Maximum Sharpe,0.28036644271570177,0.12004214056155808,2.1689586798244807
2025-01-27,Maximum Sharpe,0.25944321044760055,0.12124931041089174,1.9748005958645976
2025-01-28,Maximum Sharpe,0.2669959074418342,0.12152419371445077,2.032483408383752
2025-01-29,Maximum Sharpe,0.26554542741594966,0.12155697290260402,2.020002814751646
2025-01-30,Maximum Sharpe,0.2659727664679987,0.12157765683270799,2.023174100208722
2025-01-31,Maximum Sharpe,0.2654719430975472,0.12158779496469883,2.0188863789232814
2025-02-03,Maximum Sharpe,0.27515218543550946,0.12104361918063113,2.107935859508221
2025-02-04,Maximum Sharpe,0.27288914894931904,0.12089942846964088,2.091731550350729
2025-02-05,Maximum Sharpe,0.2738959251948716,0.12092587949375803,2.099599575027091
2025-02-06,Maximum Sharpe,0.28148074687990143,0.12084182151550081,2.16382659248777
2025-02-07,Maximum Sharpe,0.26950998954320426,0.12109251314498919,2.0604906369765024
2025-02-10,Maximum Sharpe,0.2770106917773909,0.12145833763034612,2.1160399260493197
2025-02-11,Maximum Sharpe,0.2752425495291355,0.12147488115135356,2.1011961247454276
2025-02-12,Maximum Sharpe,0.270133397485641,0.12144586029725088,2.059628849212435
2025-02-13,Maximum Sharpe,0.28737641323323215,0.12187668801442882,2.1938273642747643
2025-02-14,Maximum Sharpe,0.3023045592447875,0.12094808338532333,2.3340970054515493
2025-02-18,Maximum Sharpe,0.3026386178126308,0.12096091542920397,2.3366111012780286
2025-02-19,Maximum Sharpe,0.29469889272069505,0.1208601171292032,2.272866345372092
2025-02-20,Maximum Sharpe,0.29605541301440996,0.12082981298413666,2.2846630827000647
2025-02-21,Maximum Sharpe,0.2824083345330832,0.1215250754352087,2.159293739117954
2025-02-24,Maximum Sharpe,0.2792095593538202,0.12158872611538203,2.131855210883963
2025-02-25,Maximum Sharpe,0.24828177090313686,0.12097829791473623,1.886964644386273
2025-02-26,Maximum Sharpe,0.24868807959733008,0.12097938288379455,1.8903062170270284
2025-02-27,Maximum Sharpe,0.22778075548433985,0.12253609981680914,1.6956697315727451
2025-02-28,Maximum Sharpe,0.2357903318948753,0.12273076262496475,1.7582415955018376
2025-03-03,Maximum Sharpe,0.22989007019505214,0.12293620760726817,1.7073088090171666
2025-03-04,Maximum Sharpe,0.22091350452406244,0.122879384534123,1.6350464749298101
2025-03-05,Maximum Sharpe,0.21614303678670144,0.12251687143866695,1.6009471551425667
2025-03-06,Maximum Sharpe,0.19275513251810739,0.12365162006867329,1.3971117598148988
2025-03-07,Maximum Sharpe,0.20691301307340293,0.12349686789664933,1.5135040771222197
2025-03-10,Maximum Sharpe,0.16913991445397736,0.1258871043407175,1.1847116131158706
2025-03-11,Maximum Sharpe,0.1570446911193255,0.12550616744979937,1.0919359096368024
2025-03-12,Maximum Sharpe,0.16967700870919145,0.12558299081922117,1.1918573346023749
2025-03-13,Maximum Sharpe,0.16581539361684028,0.125680063535473,1.1602110113167163
2025-03-14,Maximum Sharpe,0.17771806822213088,0.1264576147835492,1.2472010364270159
2025-03-17,Maximum Sharpe,0.18669812772355643,0.12660589847416928,1.316669521187964
2025-03-18,Maximum Sharpe,0.18487751451162748,0.12666414658094266,1.3016904859203011
2025-03-19,Maximum Sharpe,0.2031925489451636,0.12671235205187611,1.4457355260058977
2025-03-20,Maximum Sharpe,0.19342419176358816,0.12669492408822564,1.3688329900479834
2025-03-21,Maximum Sharpe,0.18846140570789593,0.12671349158778536,1.329467001477015
2025-03-24,Maximum Sharpe,0.1880076839797722,0.12668272646850035,1.3262083052936764
2025-03-25,Maximum Sharpe,0.19065927920371162,0.12672610253035252,1.346678196489445
2025-03-26,Maximum Sharpe,0.18140235125893178,0.12718164699765305,1.2690695164681287
2025-03-27,Maximum Sharpe,0.18482245604020142,0.12717191117640828,1.2960602267867602
2025-03-28,Maximum Sharpe,0.1704949030171523,0.12785397689261468,1.1770842540436102
2025-03-31,Maximum Sharpe,0.16951716274400463,0.12781936635580834,1.1697535906084573
2025-04-01,Maximum Sharpe,0.16819573935582866,0.12780319717814864,1.159562065957194
2025-04-02,Maximum Sharpe,0.16990729243991276,0.1278358796372105,1.172654288180591
2025-04-03,Maximum Sharpe,0.13566633710377674,0.13145706414877986,0.8798792050678115
2025-04-04,Maximum Sharpe,0.07435937543652238,0.1407907954898983,0.3861003501498267
2025-04-07,Maximum Sharpe,0.07271101224323595,0.14091958673835722,0.3740502896953814
2025-04-08,Maximum Sharpe,0.05269552541500033,0.14059658514433349,0.2325485030908524
2025-04-09,Maximum Sharpe,0.13383634076980777,0.16158091701306074,0.7045159965307429
2025-04-10,Maximum Sharpe,0.11081444746086677,0.1625398293943901,0.5587211934406099
2025-04-11,Maximum Sharpe,0.1441060435450836,0.1633673616538841,0.7596746515868884
2025-04-14,Maximum Sharpe,0.1347366201916096,0.16293675254644144,0.7041788816731603
2025-04-15,Maximum Sharpe,0.15495774904501025,0.16225133153108284,0.8317820739681024
2025-04-16,Maximum Sharpe,0.15586270207274944,0.16223388493796978,0.8374496001541024
2025-04-17,Maximum Sharpe,0.1590618471664731,0.16222722267515757,0.8572041416558636
2025-04-21,Maximum Sharpe,0.16428627711524246,0.16206129400864802,0.8903191721247331
2025-04-22,Maximum Sharpe,0.18083740597886244,0.16248571468459702,0.9898556700265366
2025-04-23,Maximum Sharpe,0.19257692480296096,0.16226336612255193,1.0635606109182991
2025-04-24,Maximum Sharpe,0.2149948888887252,0.16320749667946008,1.194766740842154
2025-04-25,Maximum Sharpe,0.20696169668706643,0.1630333313635852,1.1467697747653696
2025-04-28,Maximum Sharpe,0.21396442343054356,0.16311243033729456,1.189145566830506
2025-04-29,Maximum Sharpe,0.2161199322626972,0.16309931306193548,1.2024571322886104
2025-04-30,Maximum Sharpe,0.20206769560647686,0.16291190342825176,1.117583747873043
2025-05-01,Maximum Sharpe,0.19608418766184332,0.16294911896107356,1.0806084057681071
2025-05-02,Maximum Sharpe,0.22633694388345726,0.16202117780985092,1.2735183552709117
2025-05-05,Maximum Sharpe,0.2351141187271082,0.1621122737779341,1.3269452936165556
2025-05-06,Maximum Sharpe,0.23285595968087125,0.16205238669733577,1.313500924108085
2025-05-07,Maximum Sharpe,0.2166182689133942,0.16180513610988714,1.2151546832225668
2025-05-08,Maximum Sharpe,0.19933766965246513,0.16160486022208304,1.1097294314416848
2025-05-09,Maximum Sharpe,0.2032969988775959,0.16160758399252292,1.1342103776891836
2025-05-12,Maximum Sharpe,0.21195324489830325,0.1616811849986874,1.1872330407515361
2025-05-13,Maximum Sharpe,0.21014303829822611,0.16162210400121355,1.1764667925421788
2025-05-14,Maximum Sharpe,0.19877040052022332,0.16172703507544442,1.1053835274778165
2025-05-15,Maximum Sharpe,0.21167912389251686,0.16185695879959094,1.1842501262479008
2025-05-16,Maximum Sharpe,0.20205296364441638,0.16176787592095979,1.1253962667678714
2025-05-19,Maximum Sharpe,0.19245689599579863,0.16134018571640454,1.0689023024860929
2025-05-20,Maximum Sharpe,0.20143279849873075,0.161342769561835,1.124517689831748
2025-05-21,Maximum Sharpe,0.1881565368684317,0.16139357251641795,1.0419035544387978
2025-05-22,Maximum Sharpe,0.1820943858087669,0.1613798039164237,1.0044279511748155
2025-05-23,Maximum Sharpe,0.18586302495638884,0.1614114866854631,1.0275788195892175
2025-05-27,Maximum Sharpe,0.20221009751194585,0.16130143975243033,1.129624743533639
2025-05-28,Maximum Sharpe,0.2090541832243209,0.1610203181366903,1.1741014141074584
2025-05-29,Maximum Sharpe,0.2068126128780925,0.16097161513237046,1.160531393839047
2025-05-30,Maximum Sharpe,0.19929524024468526,0.16095027405940845,1.1139790925643624
2025-06-02,Maximum Sharpe,0.2234577307741441,0.1610236312919243,1.26352715524897
2025-06-03,Maximum Sharpe,0.22706399594115423,0.16096532580555925,1.28638882259202
2025-06-04,Maximum Sharpe,0.23110122210727102,0.1610095071534795,1.3111102930465
2025-06-05,Maximum Sharpe,0.21926629190783808,0.1610620715737313,1.237201843741452
2025-06-06,Maximum Sharpe,0.21969966326165902,0.1610569378731985,1.2399320755674883
2025-06-09,Maximum Sharpe,0.20575563244933437,0.16053177535293797,1.1571268805875994
2025-06-10,Maximum Sharpe,0.20649570985376986,0.16053933028656883,1.161682371048066
2025-06-11,Maximum Sharpe,0.22286547906151144,0.15999026328292837,1.2679864067900315
2025-06-12,Maximum Sharpe,0.22495162604081242,0.1600421023227303,1.2806106834782798
2025-06-13,Maximum Sharpe,0.21820247516671287,0.1600803699604573,1.238143535123466
2025-06-16,Maximum Sharpe,0.20880276122538222,0.159901591332488,1.1807434788613154
2025-06-17,Maximum Sharpe,0.20597989687194063,0.159954381263811,1.1627058627747497
2025-06-18,Maximum Sharpe,0.19892122093763476,0.15992494669429036,1.1187824328599423
2025-06-20,Maximum Sharpe,0.1901569291576075,0.15990305839819352,1.0641255449528653
2025-06-23,Maximum Sharpe,0.19488367635790804,0.15999540584265676,1.093054362635217
2025-06-24,Maximum Sharpe,0.19753802014228183,0.16000979680180996,1.1095446884554359
2025-06-25,Maximum Sharpe,0.20685638351161773,0.15984136722681877,1.1690114189680572
2025-06-26,Maximum Sharpe,0.21598770295705827,0.1598676565748515,1.2259371730096953
2025-06-27,Maximum Sharpe,0.207782712671142,0.15990417465010218,1.1743452794903126
2025-06-30,Maximum Sharpe,0.21905857800031137,0.15998176476124895,1.2442579208785405
2025-07-01,Maximum Sharpe,0.21311473212672527,0.15993721454811022,1.2074408865526105
2025-07-02,Maximum Sharpe,0.22231458988835118,0.15995406735593337,1.2648292927628795
2025-07-03,Maximum Sharpe,0.22162076426883148,0.15994618039742747,1.2605537923309753
2025-07-07,Maximum Sharpe,0.20912808143186057,0.15998284556618253,1.1821772563335304
2025-07-08,Maximum Sharpe,0.19573046253228088,0.1598427278965549,1.099396042877897
2025-07-09,Maximum Sharpe,0.1913705047615628,0.15968132157246526,1.0732031966794118
2025-07-10,Maximum Sharpe,0.1962403349948898,0.15963324464862286,1.1040327807833619
2025-07-11,Maximum Sharpe,0.1958965445538956,0.15963369015489162,1.1018760788103328
2025-07-14,Maximum Sharpe,0.18625080294089025,0.15943944404188662,1.0427206638854951
2025-07-15,Maximum Sharpe,0.18691164943234417,0.15942542136935375,1.0469575554430963
2025-07-16,Maximum Sharpe,0.18526673072079491,0.1593981656716094,1.0368170174635252
2025-07-17,Maximum Sharpe,0.18742225780647548,0.15941996074997053,1.0501963306154336
2025-07-18,Maximum Sharpe,0.17799003219771437,0.1592365842536212,0.9921716980946954
2025-07-21,Maximum Sharpe,0.2045074624576051,0.15859331781138292,1.1633999780308664
2025-07-22,Maximum Sharpe,0.214799638124624,0.1584217988364997,1.2296264753669934
2025-07-23,Maximum Sharpe,0.22917864337605942,0.15800307289744914,1.3238897164476382
2025-07-24,Maximum Sharpe,0.21656156742336408,0.15782608495319353,1.245431434744506
2025-07-25,Maximum Sharpe,0.21682786555674038,0.157823649196221,1.2471379705079924
2025-07-28,Maximum Sharpe,0.23883262084977908,0.15647889561581527,1.3984800952778564
2025-07-29,Maximum Sharpe,0.2516400058314596,0.1560844291191426,1.4840686360498128
2025-07-30,Maximum Sharpe,0.2310138608808654,0.15590888725331525,1.353443441219727
2025-07-31,Maximum Sharpe,0.22970570231573095,0.1559190499213277,1.3449652394722933
2025-08-01,Maximum Sharpe,0.22739438502323317,0.15596997262648538,1.3297071322817902
2025-08-04,Maximum Sharpe,0.21774026721948814,0.1551543879548777,1.274474217751388
2025-08-05,Maximum Sharpe,0.23237980906155675,0.15437628330067826,1.375728217577989
2025-08-06,Maximum Sharpe,0.25812059292427403,0.15364141798082426,1.5498463633939743
2025-08-07,Maximum Sharpe,0.2934011045237943,0.1516616929875456,1.802703762157303
2025-08-08,Maximum Sharpe,0.29579361777623236,0.1517017753652124,1.8179986167747655
2025-08-11,Maximum Sharpe,0.2944828718384278,0.15174544011128754,1.8088376931598518
2025-08-12,Maximum Sharpe,0.2752363461202809,0.15034558144445845,1.697664431957861
2025-08-13,Maximum Sharpe,0.2734026002325598,0.15032353341722215,1.6857147678217637
2025-08-14,Maximum Sharpe,0.26312298672536993,0.1502796521843535,1.6178037624622805
2025-08-15,Maximum Sharpe,0.24406989217030106,0.14976271351094705,1.496166081111521
2025-08-18,Maximum Sharpe,0.24441802295980208,0.14975932901281563,1.4985244955297412
2025-08-19,Maximum Sharpe,0.2173356827453765,0.14931932820396743,1.321568246515412
2025-08-20,Maximum Sharpe,0.20814253757138546,0.1491293223218995,1.261606601854429
2025-08-21,Maximum Sharpe,0.19419550941040176,0.14905483200756722,1.1686673089642488
2025-08-22,Maximum Sharpe,0.21068014005158475,0.1495930035299799,1.2746594797354316
2025-08-25,Maximum Sharpe,0.20268521354638058,0.14964393117306962,1.2207993475866208
2025-08-26,Maximum Sharpe,0.22215566584022794,0.14920348615456738,1.3548990781006602
2025-08-27,Maximum Sharpe,0.210058552965517,0.14880457059583804,1.2772359894893768
2025-08-28,Maximum Sharpe,0.2204776095553902,0.1488252359976774,1.3470673048925579
2025-08-29,Maximum Sharpe,0.21404731373269614,0.1488567341020205,1.3035843820119273
2025-09-02,Maximum Sharpe,0.22544797698751817,0.1486191920562016,1.3823785080854583
2025-09-03,Maximum Sharpe,0.23165065569570742,0.14872841956671926,1.4230680075287252
2025-09-04,Maximum Sharpe,0.23168253152476637,0.14872905151712815,1.4232762823770735
2025-09-05,Maximum Sharpe,0.25952382071630464,0.14752935465192255,1.6235671963822507
2025-09-08,Maximum Sharpe,0.2695212105599609,0.1476013656910404,1.6905074651020469
2025-09-09,Maximum Sharpe,0.2676236554754612,0.1475979150873751,1.6776907406102097
2025-09-10,Maximum Sharpe,0.29258635791548304,0.1464702744557241,1.8610353461028164
2025-09-11,Maximum Sharpe,0.2860784070963407,0.14626497116222228,1.8191533145775105
2025-09-12,Maximum Sharpe,0.2816888228083567,0.1462142213890598,1.7897631319461862
2025-09-15,Maximum Sharpe,0.27913409122224,0.14610799072700426,1.7735791857299545
2025-09-16,Maximum Sharpe,0.2642983867054096,0.1457287597880731,1.6763910367499317
2025-09-17,Maximum Sharpe,0.25209823326603575,0.14570737457125976,1.592906563233185
2025-09-18,Maximum Sharpe,0.25589332422934663,0.14571734031381506,1.6188418188345306
2025-09-19,Maximum Sharpe,0.26649302212048287,0.14579341214727487,1.690700687295014
2025-09-22,Maximum Sharpe,0.28339995524214134,0.14586811563305727,1.805740439567648
2025-09-23,Maximum Sharpe,0.256080061464802,0.1447430093977654,1.631029107706577
2025-09-24,Maximum Sharpe,0.2474441910350993,0.14486904912771834,1.5699985083396364
2025-09-25,Maximum Sharpe,0.24197359187439793,0.14488746762602064,1.5320413525850958
2025-09-26,Maximum Sharpe,0.23944969588450826,0.14481414510459592,1.5153885397452356
2025-09-29,Maximum Sharpe,0.2504471103939532,0.14494798973359574,1.5898606860122644
2025-09-30,Maximum Sharpe,0.24737362395151474,0.14486203864002373,1.5695873541896574
2025-10-01,Maximum Sharpe,0.25789789530578133,0.14475581455178568,1.6434427593972367
2025-10-02,Maximum Sharpe,0.2589530345942259,0.1447484654844559,1.6508156669880991
2025-10-03,Maximum Sharpe,0.2671148951500453,0.14464984238222345,1.7083661556786747
2025-10-06,Maximum Sharpe,0.27553677909847885,0.14477611740842525,1.7650478799454796
2025-10-07,Maximum Sharpe,0.27781587122021767,0.14475102508012605,1.781098759594312
2025-10-08,Maximum Sharpe,0.28029658806772395,0.144835554739544,1.797187082521361
2025-10-09,Maximum Sharpe,0.28065607149186533,0.1448193608700431,1.7998703345043132
2025-10-10,Maximum Sharpe,0.26317329343114815,0.14509564632573385,1.675951688345176
2025-10-13,Maximum Sharpe,0.27844604126898376,0.1457568229635829,1.7731316861479347
2025-10-14,Maximum Sharpe,0.2793028912895321,0.14575928425573476,1.778980272944981
2025-10-15,Maximum Sharpe,0.2809971807796643,0.14581155372787014,1.7899622773841808
2025-10-16,Maximum Sharpe,0.2824089387493893,0.14584433842872224,1.7992398030427152
2025-10-17,Maximum Sharpe,0.28692060667801034,0.14569395867155224,1.8320636566664203
2025-10-20,Maximum Sharpe,0.3038537939459809,0.14647676345277136,1.937875928269702
2025-10-21,Maximum Sharpe,0.27599928715014843,0.14789522071355438,1.7309503709113871
2025-10-22,Maximum Sharpe,0.26379450068977284,0.1478184135381889,1.649283704609565
2025-10-23,Maximum Sharpe,0.26969988733882766,0.14782450907361477,1.6891643266982217
2025-10-24,Maximum Sharpe,0.269879317968593,0.14782635272246322,1.690357053168519
2025-10-27,Maximum Sharpe,0.282238093276471,0.1472923414777315,1.7803919107098833
2025-10-28,Maximum Sharpe,0.27425364377942363,0.1472152567763976,1.7270875950418954
2025-10-29,Maximum Sharpe,0.26882246925282227,0.14724807443309643,1.689818153553357
2025-10-30,Maximum Sharpe,0.2668004868242062,0.14724800756898232,1.6760871056851878
2025-10-31,Maximum Sharpe,0.2586247522237777,0.14715673480363078,1.621568680102911
2025-11-03,Maximum Sharpe,0.2632814469748177,0.14712428373526085,1.653577783342582
2025-11-04,Maximum Sharpe,0.2726436966053587,0.14632482654299925,1.726594881908959
2025-11-05,Maximum Sharpe,0.2753889049205225,0.14636189774707087,1.7449138665984094
2025-11-06,Maximum Sharpe,0.27069860266362467,0.14645847375858584,1.7117384623088627
2025-11-07,Maximum Sharpe,0.26183397080575044,0.14623709828966588,1.6537114975211464
2025-11-10,Maximum Sharpe,0.27525197954848424,0.14692688134391163,1.737272153425867
2025-11-11,Maximum Sharpe,0.26187747532662287,0.14641393531474714,1.6520112980137924
2025-11-12,Maximum Sharpe,0.2707006048165945,0.146453138622015,1.7118144901191548
2025-11-13,Maximum Sharpe,0.2654117025637519,0.14673539099755672,1.672477927072401
2025-11-14,Maximum Sharpe,0.2653152589716856,0.1467389576142009,1.6717800300630243
2025-11-17,Maximum Sharpe,0.26036467288824383,0.14691885532211232,1.6360369291011434
2025-11-18,Maximum Sharpe,0.2634756233586628,0.1468460234354111,1.6580334806665935
2025-11-19,Maximum Sharpe,0.2812017068711645,0.14628268523061277,1.785595516375594
2025-11-20,Maximum Sharpe,0.25936917493208855,0.14628783399360534,1.6362890091226046
2025-11-21,Maximum Sharpe,0.2585132317333261,0.14626701703741146,1.6306699662325126
2025-11-24,Maximum Sharpe,0.2725507131542453,0.14672326376480502,1.7212724599629947
2025-11-25,Maximum Sharpe,0.27193397950136067,0.14671002180467552,1.717224061467161
2025-11-26,Maximum Sharpe,0.2728317782695835,0.14673435080283717,1.7230578721768186
2025-11-28,Maximum Sharpe,0.2893605698256012,0.14661240649650628,1.837229033083363
2025-12-01,Maximum Sharpe,0.28314916634543175,0.1466210104007168,1.794757556411883
2025-12-02,Maximum Sharpe,0.28688907245177875,0.14658810385378315,1.8206734750999432
2025-12-03,Maximum Sharpe,0.2779952568181654,0.14640345144542616,1.762221138033324
2025-12-04,Maximum Sharpe,0.274928897151407,0.1464161239836524,1.741125841986298
2025-12-05,Maximum Sharpe,0.27243941999018073,0.1464132805923643,1.7241565721965377
2025-12-08,Maximum Sharpe,0.26124724176914405,0.14634265091639848,1.6485094417687018
2025-12-09,Maximum Sharpe,0.2668936581136989,0.14628696612245354,1.6877351732554886
2025-12-10,Maximum Sharpe,0.2678466379333726,0.14630127159929265,1.6940839626616815
2025-12-11,Maximum Sharpe,0.2722583332718145,0.14629570301796113,1.7243044605407447
2025-12-12,Maximum Sharpe,0.2633212808048204,0.1464583971240665,1.6613679077663286
2025-12-15,Maximum Sharpe,0.24801294415522412,0.14611642823013757,1.560488077330341
2025-12-16,Maximum Sharpe,0.26060894780192556,0.1457947237416671,1.65032685427121
2025-12-17,Maximum Sharpe,0.25758544800028793,0.14585787728071303,1.6288832144666359
2025-12-18,Maximum Sharpe,0.2567069447897816,0.14583508685134994,1.6231138191802745
2025-12-19,Maximum Sharpe,0.2671181465749548,0.14579536292519055,1.6949657493685466
2025-12-22,Maximum Sharpe,0.31472414028970674,0.14308155675464396,2.059833195658468
2025-12-23,Maximum Sharpe,0.3239542439659926,0.1431326977761417,2.123583560489961
2025-12-24,Maximum Sharpe,0.31302391541149555,0.14291044447081072,2.050402379591964
2025-12-26,Maximum Sharpe,0.3128201630239189,0.1429074775622197,2.0490191837332623
2025-12-29,Maximum Sharpe,0.2832166984109401,0.14356105269753552,1.8334826435516842
2025-12-30,Maximum Sharpe,0.279109490465429,0.14356845510677468,1.804780097917221
2025-12-31,Maximum Sharpe,0.2832730290194232,0.14337059710634517,1.836311170721709
2026-01-02,Maximum Sharpe,0.29596174221904237,0.14301872155555898,1.9295497765433356
2026-01-05,Maximum Sharpe,0.3136144383790409,0.14339280015300288,2.047623298141529
2026-01-06,Maximum Sharpe,0.31857462334492803,0.14347726986375237,2.080989020967975
2026-01-07,Maximum Sharpe,0.30675629783284797,0.1434090461606593,1.9995691032739913
2026-01-08,Maximum Sharpe,0.2980599756600506,0.14334929941713856,1.93973724873891
2026-01-09,Maximum Sharpe,0.3154386152553408,0.14319969617900793,2.063123198851102
2026-01-12,Maximum Sharpe,0.32027641969652243,0.1432681314751434,2.0959051856456963
2026-01-13,Maximum Sharpe,0.32990887484347486,0.14299184133355552,2.167318582327741
2026-01-14,Maximum Sharpe,0.33499401105514415,0.14291066034525132,2.2041323599944507
2026-01-15,Maximum Sharpe,0.33074826943992064,0.1429269032535665,2.1741761863308713
2026-01-16,Maximum Sharpe,0.3060923674504228,0.1422210976368747,2.01160286486388
2026-01-20,Maximum Sharpe,0.30866104678942263,0.14221796531414974,2.0297087372315454
2026-01-21,Maximum Sharpe,0.31314427087957664,0.14240009024845363,2.0585961031914444
2026-01-22,Maximum Sharpe,0.30936675641277445,0.14222517896782053,2.0345677081429145
2026-01-23,Maximum Sharpe,0.3077780103834804,0.1421810728650365,2.024024749459092
2026-01-26,Maximum Sharpe,0.31299653123635895,0.14228015857391096,2.0592929764282952
2026-01-27,Maximum Sharpe,0.3264682838268025,0.14255679108044736,2.149797856026774
2026-01-28,Maximum Sharpe,0.36478938298134644,0.1419397892303005,2.429124242406179
2026-01-29,Maximum Sharpe,0.3508104803708769,0.1417154597836472,2.334328808415931
2026-01-30,Maximum Sharpe,0.3076964697593647,0.1461887548480462,1.967979480079755
2026-02-02,Maximum Sharpe,0.28359818246275914,0.1464272691322554,1.8001987199848215
2026-02-03,Maximum Sharpe,0.30458811479599923,0.14695755884639491,1.9365326767128765
2026-02-04,Maximum Sharpe,0.30192164812828626,0.1470416553399458,1.9172910388999038
2026-02-05,Maximum Sharpe,0.2742823755306505,0.14733343456219958,1.7258972906336503
2026-02-06,Maximum Sharpe,0.28941943934822434,0.14817237877190942,1.8182838230798584
2026-02-09,Maximum Sharpe,0.2999239146686996,0.14846398051620957,1.8854668566436354
2026-02-10,Maximum Sharpe,0.3046784377171172,0.14831189600002095,1.9194578816326169
2026-02-11,Maximum Sharpe,0.2942706487177904,0.14796850832084962,1.8535744654739084
2026-02-12,Maximum Sharpe,0.2749220380943298,0.14894241736550792,1.711547607480719
2026-02-13,Maximum Sharpe,0.28706383150534953,0.1491722111949493,1.7903055090892948
2026-02-17,Maximum Sharpe,0.2601329197284912,0.1491656790129326,1.609840288446458
2026-02-18,Maximum Sharpe,0.2751562801676364,0.14931759117317295,1.7088159416643394
2026-02-19,Maximum Sharpe,0.2657080530318163,0.14919373919841353,1.6469059248193245
2026-02-20,Maximum Sharpe,0.27741768976700465,0.14941818886918135,1.7228002274366947
2026-02-23,Maximum Sharpe,0.28575883889341624,0.14943206613763257,1.7784592407940227
2026-02-24,Maximum Sharpe,0.30121446080450154,0.14884618895220214,1.8892956735009574
2026-02-25,Maximum Sharpe,0.3109455532122194,0.1488108278467366,1.9551369844664146
2026-02-26,Maximum Sharpe,0.3209551509428956,0.1485207344562397,2.026351081852274
2026-02-27,Maximum Sharpe,0.3239325713020653,0.148542857111181,2.046093479099965
2026-03-02,Maximum Sharpe,0.3526332971801316,0.14719396613960042,2.2598297056868377
2026-03-03,Maximum Sharpe,0.31838473457195016,0.14826667725943984,2.012486825005398
2026-03-04,Maximum Sharpe,0.33664381082027806,0.14816540224235808,2.1370968257645964
2026-03-05,Maximum Sharpe,0.33115361584963643,0.1483076054369242,2.09802872167585
2026-03-06,Maximum Sharpe,0.3163899343910983,0.14806032808446065,2.0018187061021733
2026-03-09,Maximum Sharpe,0.3448376723026336,0.14710070559521612,2.2082672614535555
2026-03-10,Maximum Sharpe,0.34108345398787465,0.14705442375645258,2.1834328120563313
2026-03-11,Maximum Sharpe,0.3711349619447424,0.1448310912775147,2.4244446330375524
2026-03-12,Maximum Sharpe,0.35272696071244747,0.1455749326333497,2.2856061458772277
2026-03-13,Maximum Sharpe,0.3346228983716997,0.14566784526091167,2.159865121970917
2026-03-16,Maximum Sharpe,0.348180483726809,0.1456094115861283,2.2538411504581175
2026-03-17,Maximum Sharpe,0.3298810412121169,0.1449221812848604,2.1382581911530285
2026-03-18,Maximum Sharpe,0.2990636364933592,0.14586243504777605,1.9131974342945406
2026-03-19,Maximum Sharpe,0.2877366697583208,0.1464740981655655,1.8278772363949793
2026-03-20,Maximum Sharpe,0.2524617876648729,0.147605935465923,1.5748810298928675
2026-03-23,Maximum Sharpe,0.25459102075995554,0.14756958419076477,1.5896976470211994
2026-03-24,Maximum Sharpe,0.2528340324220826,0.14760343340740859,1.5774296508362662
2026-03-25,Maximum Sharpe,0.2559834805970229,0.14779184066639273,1.5967287472229488
2026-03-26,Maximum Sharpe,0.22239607317738974,0.14961175460931134,1.3528086326232638
2026-03-27,Maximum Sharpe,0.2393251586956524,0.14918684123362236,1.4701374255400679
2026-03-30,Maximum Sharpe,0.23656109776052414,0.14919119091428354,1.4515675921170668
2026-03-31,Maximum Sharpe,0.28329817852310835,0.15048444597370242,1.749670384998596
2026-04-01,Maximum Sharpe,0.2876137311365532,0.15062260398586083,1.7767169339448845
2026-04-02,Maximum Sharpe,0.2791086409127119,0.15073031391347774,1.7190214375951312
2026-04-06,Maximum Sharpe,0.2740506773593663,0.15069805128879651,1.6858258961325625
2026-04-07,Maximum Sharpe,0.31840756588318686,0.14746806606541468,2.023540240575323
2026-04-08,Maximum Sharpe,0.4071786103534478,0.1388079008329216,2.7893124817115535
2026-04-09,Maximum Sharpe,0.4316715377112885,0.13816280766939176,2.979611840954859
2026-04-10,Maximum Sharpe,0.43997522186867544,0.13793836701127,3.044658501969667
2026-04-13,Maximum Sharpe,0.33829251908020375,0.11329225901143844,2.8094816173456976
2026-04-14,Maximum Sharpe,0.3803005618582984,0.11244329111649312,3.204286874572366
2026-04-15,Maximum Sharpe,0.3539855521708042,0.1108866657776283,3.011954141001746
2026-04-16,Maximum Sharpe,0.34826961853881566,0.11082844666275582,2.9619617383767904
2026-04-17,Maximum Sharpe,0.35865348161996624,0.11122557611003049,3.044744684306705
2026-04-20,Maximum Sharpe,0.35694967058450366,0.11127591159679974,3.0280558096474333
2026-04-21,Maximum Sharpe,0.3383033117768528,0.11207600745546531,2.840066478129445
2026-04-22,Maximum Sharpe,0.35515377065351283,0.11229635542735332,2.9845471776715877
2026-04-23,Maximum Sharpe,0.33128451202173204,0.11189713873071733,2.781880891260717
2026-04-24,Maximum Sharpe,0.33771807571528667,0.1120390334345125,2.8357802274418478
2026-04-27,Maximum Sharpe,0.3105323880478241,0.11076313581166869,2.6230061646306067
2026-04-28,Maximum Sharpe,0.297058449545323,0.11118282684494163,2.4919176585761367
2026-04-29,Maximum Sharpe,0.28458935664643303,0.11117822243508071,2.379866765732221
2026-04-30,Maximum Sharpe,0.29573327200933774,0.11147677613441606,2.4734593300120653
2026-05-01,Maximum Sharpe,0.302453962513499,0.11143518824598557,2.5346927389757816
2026-05-04,Maximum Sharpe,0.29559969388542684,0.11174765617697324,2.4662682271291967
2026-05-05,Maximum Sharpe,0.2968041080417496,0.11180320144322364,2.475815580131821
2026-05-06,Maximum Sharpe,0.312603361656989,0.11306878258615712,2.58783507670677
2026-05-07,Maximum Sharpe,0.3041898723259464,0.11301713848277035,2.5145732420863904
2026-05-08,Maximum Sharpe,0.3204172945775683,0.11327007518790842,2.6522211985751185
2026-05-11,Maximum Sharpe,0.327657938263586,0.11314732834135285,2.7190914957834122
2026-05-12,Maximum Sharpe,0.31880019032054774,0.1132612309834393,2.6381506516050255
2026-05-13,Maximum Sharpe,0.3139480823965304,0.1131603062715635,2.597625369545308
2026-05-14,Maximum Sharpe,0.30763342064694243,0.11303752954856382,2.544583394520912
2026-05-15,Maximum Sharpe,0.2949769474333208,0.11402480649620968,2.411553730130306
2026-05-18,Maximum Sharpe,0.28401320446631106,0.11381349956095146,2.319700259501483
2026-05-19,Maximum Sharpe,0.27422107377979943,0.11423032074322055,2.2255130872937445
2026-05-20,Maximum Sharpe,0.28313227324216217,0.11470767296728253,2.2939378546822584
2026-05-21,Maximum Sharpe,0.2783616889638103,0.1146521940067577,2.253438682111763
2026-05-22,Maximum Sharpe,0.2854649257428634,0.114469025400962,2.3190983308628086
2026-05-26,Maximum Sharpe,0.2960550769057346,0.1145895409192025,2.4090774314244094
2026-05-27,Maximum Sharpe,0.28555293919186253,0.11467459519887761,2.315708537983674
2026-05-28,Maximum Sharpe,0.2865516960162764,0.11471339902201515,2.3236317491134693
2026-05-29,Maximum Sharpe,0.2986082687866445,0.11465003913756426,2.4300756535490833
2026-06-01,Maximum Sharpe,0.2913460910649519,0.11464039103254095,2.366932706884519
2026-06-02,Maximum Sharpe,0.2967479706927125,0.11461264757814181,2.4146372720691964
2026-06-03,Maximum Sharpe,0.2737555245777197,0.11439261108602226,2.218285972919157
2026-06-04,Maximum Sharpe,0.27788869643257574,0.11438605441105718,2.2545466557123137
2026-06-05,Maximum Sharpe,0.23154659793768362,0.11892543478354344,1.7788171077341046
2026-06-08,Maximum Sharpe,0.24386804690082275,0.11886305571250182,1.883411507123796
2026-06-09,Maximum Sharpe,0.23612923597789126,0.11914055080915463,1.8140694709738083
2026-06-10,Maximum Sharpe,0.2062152028481279,0.12130217097885566,1.5351349555037008
2026-06-11,Maximum Sharpe,0.23153402552803715,0.12350877428004362,1.7127044354630645
2026-06-12,Maximum Sharpe,0.23390719520153413,0.12352578087510345,1.7316805745823625
2026-06-15,Maximum Sharpe,0.2513787688237614,0.12499539376097021,1.8510983634023273
2026-06-16,Maximum Sharpe,0.2489559312915428,0.12507140438739553,1.830601746362229
2026-06-17,Maximum Sharpe,0.2314679139500102,0.12588986672330996,1.6797850331734008
2026-06-18,Maximum Sharpe,0.24734055050164194,0.12604962022499433,1.8035798132183716
2026-06-22,Maximum Sharpe,0.2443597800829913,0.12611532507333756,1.7790048905834674
2026-06-23,Maximum Sharpe,0.22405562041275928,0.1275901641567898,1.5993052580605236
2026-06-24,Maximum Sharpe,0.2053726533070115,0.12783771131898833,1.4500623594899829
2026-06-25,Maximum Sharpe,0.20846573555989245,0.12790666225847147,1.4734630099176875
2026-06-26,Maximum Sharpe,0.2051805871786727,0.12792725230417412,1.4475460376368179
2026-06-29,Maximum Sharpe,0.20611610593541152,0.12795636757228115,1.4545278946768834
2026-06-30,Maximum Sharpe,0.21666399860558316,0.1279654589919598,1.5368522111731713
2026-07-01,Maximum Sharpe,0.20507630212625494,0.12787399923888149,1.4473333377218758
2026-07-02,Maximum Sharpe,0.207850389390968,0.12787760715168098,1.4689858027148632
2026-07-06,Maximum Sharpe,0.2132877884490223,0.12810614928041866,1.5088096046499995
2026-07-07,Maximum Sharpe,0.19741308385683798,0.12857485486196418,1.3798427697803408
2026-07-08,Maximum Sharpe,0.19976060044512867,0.12850383295471737,1.398873452346541
2026-07-09,Maximum Sharpe,0.21446896970206608,0.1287448108187544,1.5104994792826054
2026-07-10,Maximum Sharpe,0.20841257720087913,0.12864358514351082,1.4646091912837462
2026-07-13,Maximum Sharpe,0.18859604147241016,0.12966997592019536,1.300193358377514
2026-07-14,Maximum Sharpe,0.19807237133510602,0.12989354128270944,1.3709101282221323
2026-07-15,Maximum Sharpe,0.19895231956499027,0.12989402869541025,1.3776793387832884
2026-07-16,Maximum Sharpe,0.1887343033884512,0.13041772678302868,1.2937988381684375
2026-07-17,Maximum Sharpe,0.1811578631108557,0.13045533882717852,1.235348929064149
2026-07-20,Maximum Sharpe,0.17536254892097536,0.1304404894343874,1.1910607633768804
2026-07-21,Maximum Sharpe,0.18948622320212638,0.13096269707372696,1.2941564811139479
2026-07-22,Maximum Sharpe,0.18277129084616894,0.13080196699601218,1.2444101154161653
2026-07-23,Maximum Sharpe,0.16392199737160817,0.13163182090733874,1.0933678223058316
2026-07-24,Maximum Sharpe,0.1606162841915586,0.13165322943142804,1.0680807816020874
2026-07-27,Maximum Sharpe,0.165138423867788,0.1316434642326405,1.1025114289859403
2026-07-28,Maximum Sharpe,0.1597761821712611,0.13177475101964964,1.0607205180787505
2026-07-29,Maximum Sharpe,0.15235219344293172,0.1320642106814615,1.0021806268328428
2026-07-30,Maximum Sharpe,0.1726355723325239,0.13315741078946625,1.1462792151602768
2026-07-31,Maximum Sharpe,0.17791851143824178,0.1330147258873617,1.1872257780839157
2026-08-03,Maximum Sharpe,0.18910269675046543,0.13322160229713673,1.2693339055726092
2026-08-04,Maximum Sharpe,0.21287383016871253,0.13395451342195966,1.4398457001680545
2026-08-05,Maximum Sharpe,0.20981793917251834,0.13375356531563312,1.4191617152378997
2026-08-06,Maximum Sharpe,0.21129036476308394,0.13372127189431524,1.4305155945141448
2026-08-07,Maximum Sharpe,0.21836159076349348,0.1340670717753926,1.47956980141862
2026-08-10,Maximum Sharpe,0.21558778466693607,0.1340371327513959,1.4592059726441677
2026-08-11,Maximum Sharpe,0.206218205608252,0.13400280403853612,1.3896590220209117
2026-08-12,Maximum Sharpe,0.2204565594972272,0.13392156552948084,1.4968206106663209
2026-08-13,Maximum Sharpe,0.2124668331601287,0.1337642109726155,1.4388514817280307
2026-08-14,Maximum Sharpe,0.20997777977681875,0.13375268163671758,1.4203661373520182
2026-08-17,Maximum Sharpe,0.21412450900096114,0.1337179672061654,1.4517458876836002
2026-08-18,Maximum Sharpe,0.20261113802409403,0.1342268060207456,1.3604669844849793
2026-08-19,Maximum Sharpe,0.21905056623454122,0.1347651626000051,1.4770179651349578
2026-08-20,Maximum Sharpe,0.22369396865698277,0.13459187630495006,1.5134194889702361
2026-08-21,Maximum Sharpe,0.2321623047222996,0.13476338924253903,1.5743319154764108
2026-08-24,Maximum Sharpe,0.2365652316939162,0.1346788966748862,1.6080116264740643
2026-08-25,Maximum Sharpe,0.225688186031749,0.13413571741041413,1.533433376305032
2026-08-26,Maximum Sharpe,0.22420798176868573,0.13418173496326322,1.5218761467393052
2026-08-27,Maximum Sharpe,0.22527478819832814,0.1342099889739378,1.5295045455833427
2026-08-28,Maximum Sharpe,0.2077560063088817,0.1348779830811751,1.3920434011523024
2026-08-31,Maximum Sharpe,0.19950192355555774,0.1348136007674628,1.3314823024805704
2026-09-01,Maximum Sharpe,0.18690807415529065,0.13548830373151524,1.2319002420019745
2026-09-02,Maximum Sharpe,0.1925269826438043,0.13560633764544222,1.2722634180630643
2018-02-01,Shrunk Max Sharpe λ=0.50,,,
2018-02-02,Shrunk Max Sharpe λ=0.50,,,
2018-02-05,Shrunk Max Sharpe λ=0.50,,,
2018-02-06,Shrunk Max Sharpe λ=0.50,,,
2018-02-07,Shrunk Max Sharpe λ=0.50,,,
2018-02-08,Shrunk Max Sharpe λ=0.50,,,
2018-02-09,Shrunk Max Sharpe λ=0.50,,,
2018-02-12,Shrunk Max Sharpe λ=0.50,,,
2018-02-13,Shrunk Max Sharpe λ=0.50,,,
2018-02-14,Shrunk Max Sharpe λ=0.50,,,
2018-02-15,Shrunk Max Sharpe λ=0.50,,,
2018-02-16,Shrunk Max Sharpe λ=0.50,,,
2018-02-20,Shrunk Max Sharpe λ=0.50,,,
2018-02-21,Shrunk Max Sharpe λ=0.50,,,
2018-02-22,Shrunk Max Sharpe λ=0.50,,,
2018-02-23,Shrunk Max Sharpe λ=0.50,,,
2018-02-26,Shrunk Max Sharpe λ=0.50,,,
2018-02-27,Shrunk Max Sharpe λ=0.50,,,
2018-02-28,Shrunk Max Sharpe λ=0.50,,,
2018-03-01,Shrunk Max Sharpe λ=0.50,,,
2018-03-02,Shrunk Max Sharpe λ=0.50,,,
2018-03-05,Shrunk Max Sharpe λ=0.50,,,
2018-03-06,Shrunk Max Sharpe λ=0.50,,,
2018-03-07,Shrunk Max Sharpe λ=0.50,,,
2018-03-08,Shrunk Max Sharpe λ=0.50,,,
2018-03-09,Shrunk Max Sharpe λ=0.50,,,
2018-03-12,Shrunk Max Sharpe λ=0.50,,,
2018-03-13,Shrunk Max Sharpe λ=0.50,,,
2018-03-14,Shrunk Max Sharpe λ=0.50,,,
2018-03-15,Shrunk Max Sharpe λ=0.50,,,
2018-03-16,Shrunk Max Sharpe λ=0.50,,,
2018-03-19,Shrunk Max Sharpe λ=0.50,,,
2018-03-20,Shrunk Max Sharpe λ=0.50,,,
2018-03-21,Shrunk Max Sharpe λ=0.50,,,
2018-03-22,Shrunk Max Sharpe λ=0.50,,,
2018-03-23,Shrunk Max Sharpe λ=0.50,,,
2018-03-26,Shrunk Max Sharpe λ=0.50,,,
2018-03-27,Shrunk Max Sharpe λ=0.50,,,
2018-03-28,Shrunk Max Sharpe λ=0.50,,,
2018-03-29,Shrunk Max Sharpe λ=0.50,,,
2018-04-02,Shrunk Max Sharpe λ=0.50,,,
2018-04-03,Shrunk Max Sharpe λ=0.50,,,
2018-04-04,Shrunk Max Sharpe λ=0.50,,,
2018-04-05,Shrunk Max Sharpe λ=0.50,,,
2018-04-06,Shrunk Max Sharpe λ=0.50,,,
2018-04-09,Shrunk Max Sharpe λ=0.50,,,
2018-04-10,Shrunk Max Sharpe λ=0.50,,,
2018-04-11,Shrunk Max Sharpe λ=0.50,,,
2018-04-12,Shrunk Max Sharpe λ=0.50,,,
2018-04-13,Shrunk Max Sharpe λ=0.50,,,
2018-04-16,Shrunk Max Sharpe λ=0.50,,,
2018-04-17,Shrunk Max Sharpe λ=0.50,,,
2018-04-18,Shrunk Max Sharpe λ=0.50,,,
2018-04-19,Shrunk Max Sharpe λ=0.50,,,
2018-04-20,Shrunk Max Sharpe λ=0.50,,,
2018-04-23,Shrunk Max Sharpe λ=0.50,,,
2018-04-24,Shrunk Max Sharpe λ=0.50,,,
2018-04-25,Shrunk Max Sharpe λ=0.50,,,
2018-04-26,Shrunk Max Sharpe λ=0.50,,,
2018-04-27,Shrunk Max Sharpe λ=0.50,,,
2018-04-30,Shrunk Max Sharpe λ=0.50,,,
2018-05-01,Shrunk Max Sharpe λ=0.50,,,
2018-05-02,Shrunk Max Sharpe λ=0.50,,,
2018-05-03,Shrunk Max Sharpe λ=0.50,,,
2018-05-04,Shrunk Max Sharpe λ=0.50,,,
2018-05-07,Shrunk Max Sharpe λ=0.50,,,
2018-05-08,Shrunk Max Sharpe λ=0.50,,,
2018-05-09,Shrunk Max Sharpe λ=0.50,,,
2018-05-10,Shrunk Max Sharpe λ=0.50,,,
2018-05-11,Shrunk Max Sharpe λ=0.50,,,
2018-05-14,Shrunk Max Sharpe λ=0.50,,,
2018-05-15,Shrunk Max Sharpe λ=0.50,,,
2018-05-16,Shrunk Max Sharpe λ=0.50,,,
2018-05-17,Shrunk Max Sharpe λ=0.50,,,
2018-05-18,Shrunk Max Sharpe λ=0.50,,,
2018-05-21,Shrunk Max Sharpe λ=0.50,,,
2018-05-22,Shrunk Max Sharpe λ=0.50,,,
2018-05-23,Shrunk Max Sharpe λ=0.50,,,
2018-05-24,Shrunk Max Sharpe λ=0.50,,,
2018-05-25,Shrunk Max Sharpe λ=0.50,,,
2018-05-29,Shrunk Max Sharpe λ=0.50,,,
2018-05-30,Shrunk Max Sharpe λ=0.50,,,
2018-05-31,Shrunk Max Sharpe λ=0.50,,,
2018-06-01,Shrunk Max Sharpe λ=0.50,,,
2018-06-04,Shrunk Max Sharpe λ=0.50,,,
2018-06-05,Shrunk Max Sharpe λ=0.50,,,
2018-06-06,Shrunk Max Sharpe λ=0.50,,,
2018-06-07,Shrunk Max Sharpe λ=0.50,,,
2018-06-08,Shrunk Max Sharpe λ=0.50,,,
2018-06-11,Shrunk Max Sharpe λ=0.50,,,
2018-06-12,Shrunk Max Sharpe λ=0.50,,,
2018-06-13,Shrunk Max Sharpe λ=0.50,,,
2018-06-14,Shrunk Max Sharpe λ=0.50,,,
2018-06-15,Shrunk Max Sharpe λ=0.50,,,
2018-06-18,Shrunk Max Sharpe λ=0.50,,,
2018-06-19,Shrunk Max Sharpe λ=0.50,,,
2018-06-20,Shrunk Max Sharpe λ=0.50,,,
2018-06-21,Shrunk Max Sharpe λ=0.50,,,
2018-06-22,Shrunk Max Sharpe λ=0.50,,,
2018-06-25,Shrunk Max Sharpe λ=0.50,,,
2018-06-26,Shrunk Max Sharpe λ=0.50,,,
2018-06-27,Shrunk Max Sharpe λ=0.50,,,
2018-06-28,Shrunk Max Sharpe λ=0.50,,,
2018-06-29,Shrunk Max Sharpe λ=0.50,,,
2018-07-02,Shrunk Max Sharpe λ=0.50,,,
2018-07-03,Shrunk Max Sharpe λ=0.50,,,
2018-07-05,Shrunk Max Sharpe λ=0.50,,,
2018-07-06,Shrunk Max Sharpe λ=0.50,,,
2018-07-09,Shrunk Max Sharpe λ=0.50,,,
2018-07-10,Shrunk Max Sharpe λ=0.50,,,
2018-07-11,Shrunk Max Sharpe λ=0.50,,,
2018-07-12,Shrunk Max Sharpe λ=0.50,,,
2018-07-13,Shrunk Max Sharpe λ=0.50,,,
2018-07-16,Shrunk Max Sharpe λ=0.50,,,
2018-07-17,Shrunk Max Sharpe λ=0.50,,,
2018-07-18,Shrunk Max Sharpe λ=0.50,,,
2018-07-19,Shrunk Max Sharpe λ=0.50,,,
2018-07-20,Shrunk Max Sharpe λ=0.50,,,
2018-07-23,Shrunk Max Sharpe λ=0.50,,,
2018-07-24,Shrunk Max Sharpe λ=0.50,,,
2018-07-25,Shrunk Max Sharpe λ=0.50,,,
2018-07-26,Shrunk Max Sharpe λ=0.50,,,
2018-07-27,Shrunk Max Sharpe λ=0.50,,,
2018-07-30,Shrunk Max Sharpe λ=0.50,,,
2018-07-31,Shrunk Max Sharpe λ=0.50,,,
2018-08-01,Shrunk Max Sharpe λ=0.50,,,
2018-08-02,Shrunk Max Sharpe λ=0.50,,,
2018-08-03,Shrunk Max Sharpe λ=0.50,,,
2018-08-06,Shrunk Max Sharpe λ=0.50,,,
2018-08-07,Shrunk Max Sharpe λ=0.50,,,
2018-08-08,Shrunk Max Sharpe λ=0.50,,,
2018-08-09,Shrunk Max Sharpe λ=0.50,,,
2018-08-10,Shrunk Max Sharpe λ=0.50,,,
2018-08-13,Shrunk Max Sharpe λ=0.50,,,
2018-08-14,Shrunk Max Sharpe λ=0.50,,,
2018-08-15,Shrunk Max Sharpe λ=0.50,,,
2018-08-16,Shrunk Max Sharpe λ=0.50,,,
2018-08-17,Shrunk Max Sharpe λ=0.50,,,
2018-08-20,Shrunk Max Sharpe λ=0.50,,,
2018-08-21,Shrunk Max Sharpe λ=0.50,,,
2018-08-22,Shrunk Max Sharpe λ=0.50,,,
2018-08-23,Shrunk Max Sharpe λ=0.50,,,
2018-08-24,Shrunk Max Sharpe λ=0.50,,,
2018-08-27,Shrunk Max Sharpe λ=0.50,,,
2018-08-28,Shrunk Max Sharpe λ=0.50,,,
2018-08-29,Shrunk Max Sharpe λ=0.50,,,
2018-08-30,Shrunk Max Sharpe λ=0.50,,,
2018-08-31,Shrunk Max Sharpe λ=0.50,,,
2018-09-04,Shrunk Max Sharpe λ=0.50,,,
2018-09-05,Shrunk Max Sharpe λ=0.50,,,
2018-09-06,Shrunk Max Sharpe λ=0.50,,,
2018-09-07,Shrunk Max Sharpe λ=0.50,,,
2018-09-10,Shrunk Max Sharpe λ=0.50,,,
2018-09-11,Shrunk Max Sharpe λ=0.50,,,
2018-09-12,Shrunk Max Sharpe λ=0.50,,,
2018-09-13,Shrunk Max Sharpe λ=0.50,,,
2018-09-14,Shrunk Max Sharpe λ=0.50,,,
2018-09-17,Shrunk Max Sharpe λ=0.50,,,
2018-09-18,Shrunk Max Sharpe λ=0.50,,,
2018-09-19,Shrunk Max Sharpe λ=0.50,,,
2018-09-20,Shrunk Max Sharpe λ=0.50,,,
2018-09-21,Shrunk Max Sharpe λ=0.50,,,
2018-09-24,Shrunk Max Sharpe λ=0.50,,,
2018-09-25,Shrunk Max Sharpe λ=0.50,,,
2018-09-26,Shrunk Max Sharpe λ=0.50,,,
2018-09-27,Shrunk Max Sharpe λ=0.50,,,
2018-09-28,Shrunk Max Sharpe λ=0.50,,,
2018-10-01,Shrunk Max Sharpe λ=0.50,,,
2018-10-02,Shrunk Max Sharpe λ=0.50,,,
2018-10-03,Shrunk Max Sharpe λ=0.50,,,
2018-10-04,Shrunk Max Sharpe λ=0.50,,,
2018-10-05,Shrunk Max Sharpe λ=0.50,,,
2018-10-08,Shrunk Max Sharpe λ=0.50,,,
2018-10-09,Shrunk Max Sharpe λ=0.50,,,
2018-10-10,Shrunk Max Sharpe λ=0.50,,,
2018-10-11,Shrunk Max Sharpe λ=0.50,,,
2018-10-12,Shrunk Max Sharpe λ=0.50,,,
2018-10-15,Shrunk Max Sharpe λ=0.50,,,
2018-10-16,Shrunk Max Sharpe λ=0.50,,,
2018-10-17,Shrunk Max Sharpe λ=0.50,,,
2018-10-18,Shrunk Max Sharpe λ=0.50,,,
2018-10-19,Shrunk Max Sharpe λ=0.50,,,
2018-10-22,Shrunk Max Sharpe λ=0.50,,,
2018-10-23,Shrunk Max Sharpe λ=0.50,,,
2018-10-24,Shrunk Max Sharpe λ=0.50,,,
2018-10-25,Shrunk Max Sharpe λ=0.50,,,
2018-10-26,Shrunk Max Sharpe λ=0.50,,,
2018-10-29,Shrunk Max Sharpe λ=0.50,,,
2018-10-30,Shrunk Max Sharpe λ=0.50,,,
2018-10-31,Shrunk Max Sharpe λ=0.50,,,
2018-11-01,Shrunk Max Sharpe λ=0.50,,,
2018-11-02,Shrunk Max Sharpe λ=0.50,,,
2018-11-05,Shrunk Max Sharpe λ=0.50,,,
2018-11-06,Shrunk Max Sharpe λ=0.50,,,
2018-11-07,Shrunk Max Sharpe λ=0.50,,,
2018-11-08,Shrunk Max Sharpe λ=0.50,,,
2018-11-09,Shrunk Max Sharpe λ=0.50,,,
2018-11-12,Shrunk Max Sharpe λ=0.50,,,
2018-11-13,Shrunk Max Sharpe λ=0.50,,,
2018-11-14,Shrunk Max Sharpe λ=0.50,,,
2018-11-15,Shrunk Max Sharpe λ=0.50,,,
2018-11-16,Shrunk Max Sharpe λ=0.50,,,
2018-11-19,Shrunk Max Sharpe λ=0.50,,,
2018-11-20,Shrunk Max Sharpe λ=0.50,,,
2018-11-21,Shrunk Max Sharpe λ=0.50,,,
2018-11-23,Shrunk Max Sharpe λ=0.50,,,
2018-11-26,Shrunk Max Sharpe λ=0.50,,,
2018-11-27,Shrunk Max Sharpe λ=0.50,,,
2018-11-28,Shrunk Max Sharpe λ=0.50,,,
2018-11-29,Shrunk Max Sharpe λ=0.50,,,
2018-11-30,Shrunk Max Sharpe λ=0.50,,,
2018-12-03,Shrunk Max Sharpe λ=0.50,,,
2018-12-04,Shrunk Max Sharpe λ=0.50,,,
2018-12-06,Shrunk Max Sharpe λ=0.50,,,
2018-12-07,Shrunk Max Sharpe λ=0.50,,,
2018-12-10,Shrunk Max Sharpe λ=0.50,,,
2018-12-11,Shrunk Max Sharpe λ=0.50,,,
2018-12-12,Shrunk Max Sharpe λ=0.50,,,
2018-12-13,Shrunk Max Sharpe λ=0.50,,,
2018-12-14,Shrunk Max Sharpe λ=0.50,,,
2018-12-17,Shrunk Max Sharpe λ=0.50,,,
2018-12-18,Shrunk Max Sharpe λ=0.50,,,
2018-12-19,Shrunk Max Sharpe λ=0.50,,,
2018-12-20,Shrunk Max Sharpe λ=0.50,,,
2018-12-21,Shrunk Max Sharpe λ=0.50,,,
2018-12-24,Shrunk Max Sharpe λ=0.50,,,
2018-12-26,Shrunk Max Sharpe λ=0.50,,,
2018-12-27,Shrunk Max Sharpe λ=0.50,,,
2018-12-28,Shrunk Max Sharpe λ=0.50,,,
2018-12-31,Shrunk Max Sharpe λ=0.50,,,
2019-01-02,Shrunk Max Sharpe λ=0.50,,,
2019-01-03,Shrunk Max Sharpe λ=0.50,,,
2019-01-04,Shrunk Max Sharpe λ=0.50,,,
2019-01-07,Shrunk Max Sharpe λ=0.50,,,
2019-01-08,Shrunk Max Sharpe λ=0.50,,,
2019-01-09,Shrunk Max Sharpe λ=0.50,,,
2019-01-10,Shrunk Max Sharpe λ=0.50,,,
2019-01-11,Shrunk Max Sharpe λ=0.50,,,
2019-01-14,Shrunk Max Sharpe λ=0.50,,,
2019-01-15,Shrunk Max Sharpe λ=0.50,,,
2019-01-16,Shrunk Max Sharpe λ=0.50,,,
2019-01-17,Shrunk Max Sharpe λ=0.50,,,
2019-01-18,Shrunk Max Sharpe λ=0.50,,,
2019-01-22,Shrunk Max Sharpe λ=0.50,,,
2019-01-23,Shrunk Max Sharpe λ=0.50,,,
2019-01-24,Shrunk Max Sharpe λ=0.50,,,
2019-01-25,Shrunk Max Sharpe λ=0.50,,,
2019-01-28,Shrunk Max Sharpe λ=0.50,,,
2019-01-29,Shrunk Max Sharpe λ=0.50,,,
2019-01-30,Shrunk Max Sharpe λ=0.50,,,
2019-01-31,Shrunk Max Sharpe λ=0.50,,,
2019-02-01,Shrunk Max Sharpe λ=0.50,0.003898933671250937,0.06914884134058984,-0.2328465093065538
2019-02-04,Shrunk Max Sharpe λ=0.50,0.008731073954100443,0.0690219026504793,-0.1632659433189546
2019-02-05,Shrunk Max Sharpe λ=0.50,0.02309132560756466,0.06819681605192988,0.045329471176641246
2019-02-06,Shrunk Max Sharpe λ=0.50,0.03437625997764959,0.06705502698209954,0.2143949622373183
2019-02-07,Shrunk Max Sharpe λ=0.50,0.026772788165655204,0.06681998878678187,0.10135871448986199
2019-02-08,Shrunk Max Sharpe λ=0.50,0.03401915540706257,0.06663981578747218,0.2103720612279675
2019-02-11,Shrunk Max Sharpe λ=0.50,0.04899902792079147,0.06477821006787308,0.4476663972407847
2019-02-12,Shrunk Max Sharpe λ=0.50,0.04854594821196834,0.06475187621989185,0.4408512907800344
2019-02-13,Shrunk Max Sharpe λ=0.50,0.04111642281537908,0.06449627284090963,0.32740531948979623
2019-02-14,Shrunk Max Sharpe λ=0.50,0.04105403785945194,0.06449458963952409,0.3264465744666036
2019-02-15,Shrunk Max Sharpe λ=0.50,0.041228394412066605,0.06450454452170924,0.32909920641207085
2019-02-19,Shrunk Max Sharpe λ=0.50,0.03690821982705339,0.0641837021211078,0.26343478590794567
2019-02-20,Shrunk Max Sharpe λ=0.50,0.03631172200575472,0.06418102327860979,0.2541517908641865
2019-02-21,Shrunk Max Sharpe λ=0.50,0.03547937355529096,0.06422882549572474,0.24100352817943577
2019-02-22,Shrunk Max Sharpe λ=0.50,0.04453227533891524,0.06422816125665873,0.38195512465136783
2019-02-25,Shrunk Max Sharpe λ=0.50,0.04280769095895365,0.06422011457504839,0.3551487117373531
2019-02-26,Shrunk Max Sharpe λ=0.50,0.03467979704661173,0.0636171755478534,0.23075210303182123
2019-02-27,Shrunk Max Sharpe λ=0.50,0.026287860373074734,0.06346665976887234,0.09907344101569779
2019-02-28,Shrunk Max Sharpe λ=0.50,0.03132440913397261,0.06308129719654991,0.1795208665206709
2019-03-01,Shrunk Max Sharpe λ=0.50,0.03235136230792168,0.06305598203146086,0.19587931089169544
2019-03-04,Shrunk Max Sharpe λ=0.50,0.037404154550341406,0.06285124813330764,0.27691024549627324
2019-03-05,Shrunk Max Sharpe λ=0.50,0.03557848259725627,0.06283639304722612,0.24792133732991173
2019-03-06,Shrunk Max Sharpe λ=0.50,0.030608658636088748,0.06278282820400637,0.1689738888731963
2019-03-07,Shrunk Max Sharpe λ=0.50,0.027208057799151808,0.06273799387563077,0.11489142948116522
2019-03-08,Shrunk Max Sharpe λ=0.50,0.028565895915225736,0.06274899007213171,0.13651049850171296
2019-03-11,Shrunk Max Sharpe λ=0.50,0.030125354792632564,0.06283195819287304,0.16114975696843825
2019-03-12,Shrunk Max Sharpe λ=0.50,0.02820912571678491,0.06271215520870178,0.13090166793766692
2019-03-13,Shrunk Max Sharpe λ=0.50,0.027582364722217756,0.06269139562240322,0.12094745454204153
2019-03-14,Shrunk Max Sharpe λ=0.50,0.02888645160702863,0.0626262945132701,0.14189649373468277
2019-03-15,Shrunk Max Sharpe λ=0.50,0.03196888795809305,0.06273283555551087,0.19079143883910765
2019-03-18,Shrunk Max Sharpe λ=0.50,0.03348527970420134,0.06273047621637844,0.2149717412902477
2019-03-19,Shrunk Max Sharpe λ=0.50,0.034446977001711065,0.06271980595625216,0.23034154493060788
2019-03-20,Shrunk Max Sharpe λ=0.50,0.04648265051693046,0.062266156550318155,0.4253137175012473
2019-03-21,Shrunk Max Sharpe λ=0.50,0.051261754970612694,0.06235119332588398,0.5013818229142847
2019-03-22,Shrunk Max Sharpe λ=0.50,0.04825867620110458,0.06241498476104127,0.4527546759691484
2019-03-25,Shrunk Max Sharpe λ=0.50,0.058185937051273395,0.06199138577482215,0.6159877953040153
2019-03-26,Shrunk Max Sharpe λ=0.50,0.0689805747826957,0.06142773045780921,0.7973691102968119
2019-03-27,Shrunk Max Sharpe λ=0.50,0.05428193235897538,0.060050528303225416,0.5708847753323435
2019-03-28,Shrunk Max Sharpe λ=0.50,0.06387790654135217,0.05941574244955459,0.7384895775493435
2019-03-29,Shrunk Max Sharpe λ=0.50,0.0695103511481423,0.0592593600542692,0.8354857545339868
2019-04-01,Shrunk Max Sharpe λ=0.50,0.06100479153736127,0.05875038564371524,0.6979493170654226
2019-04-02,Shrunk Max Sharpe λ=0.50,0.07140823011940811,0.058114580255492355,0.8846012462517883
2019-04-03,Shrunk Max Sharpe λ=0.50,0.06839144746197223,0.05811873843311666,0.8326307274832084
2019-04-04,Shrunk Max Sharpe λ=0.50,0.06492542871083118,0.05793440512106381,0.7754533530973837
2019-04-05,Shrunk Max Sharpe λ=0.50,0.0661313322828796,0.057960371559436424,0.7959116037683343
2019-04-08,Shrunk Max Sharpe λ=0.50,0.07210802394422511,0.057623200234968794,0.9042889622885473
2019-04-09,Shrunk Max Sharpe λ=0.50,0.06894489580273433,0.057566951697844634,0.8502255957486606
2019-04-10,Shrunk Max Sharpe λ=0.50,0.06530400793979063,0.057256286099493056,0.791249503348275
2019-04-11,Shrunk Max Sharpe λ=0.50,0.06380632547801102,0.05729887434166211,0.764523317103969
2019-04-12,Shrunk Max Sharpe λ=0.50,0.06292260294970253,0.05729220915525055,0.7491874302383901
2019-04-15,Shrunk Max Sharpe λ=0.50,0.06321581526701725,0.057288115433867186,0.754359171003018
2019-04-16,Shrunk Max Sharpe λ=0.50,0.05782487049049445,0.05729730809437774,0.6601509171808019
2019-04-17,Shrunk Max Sharpe λ=0.50,0.04917028140903823,0.056882463940942485,0.5128167696695403
2019-04-18,Shrunk Max Sharpe λ=0.50,0.052774192029261924,0.05686238780548518,0.5763773435152927
2019-04-22,Shrunk Max Sharpe λ=0.50,0.057285214974597265,0.05662664463394137,0.6584394186804585
2019-04-23,Shrunk Max Sharpe λ=0.50,0.07058196893474866,0.05619630418786333,0.9000942262262294
2019-04-24,Shrunk Max Sharpe λ=0.50,0.07466527875082818,0.05617724993691971,0.9730857030597031
2019-04-25,Shrunk Max Sharpe λ=0.50,0.08209319054710296,0.0556148633416477,1.1164855367109012
2019-04-26,Shrunk Max Sharpe λ=0.50,0.0881816664202657,0.05569902981041533,1.2241086900855893
2019-04-29,Shrunk Max Sharpe λ=0.50,0.0776548339016443,0.055190729401492916,1.0446470725586157
2019-04-30,Shrunk Max Sharpe λ=0.50,0.07693157435842335,0.05517723010684068,1.0317947140185488
2019-05-01,Shrunk Max Sharpe λ=0.50,0.0773740049002376,0.05515324492023566,1.0402652642326606
2019-05-02,Shrunk Max Sharpe λ=0.50,0.07308947450909575,0.055250457948745654,0.9608875017532961
2019-05-03,Shrunk Max Sharpe λ=0.50,0.08118013920332467,0.05545502007533828,1.1032389695325788
2019-05-06,Shrunk Max Sharpe λ=0.50,0.07986757953171963,0.055451423594935614,1.0796400822644947
2019-05-07,Shrunk Max Sharpe λ=0.50,0.06862225036950109,0.055317732565102994,0.8789631844052529
2019-05-08,Shrunk Max Sharpe λ=0.50,0.06411743686333282,0.055352412356015776,0.7970282592125919
2019-05-09,Shrunk Max Sharpe λ=0.50,0.06507079097605795,0.05534418384242782,0.8143726738184526
2019-05-10,Shrunk Max Sharpe λ=0.50,0.06416847550379745,0.0553181912180674,0.7984439572451465
2019-05-13,Shrunk Max Sharpe λ=0.50,0.051179346682279414,0.05540361018613652,0.562767418540558
2019-05-14,Shrunk Max Sharpe λ=0.50,0.05400843467743144,0.055475928494338855,0.6130304728635932
2019-05-15,Shrunk Max Sharpe λ=0.50,0.059727273457613084,0.05559928300200136,0.7145285210995087
2019-05-16,Shrunk Max Sharpe λ=0.50,0.07069441158235557,0.0548899986867506,0.9235637237242679
2019-05-17,Shrunk Max Sharpe λ=0.50,0.06718790219146253,0.054950967098544586,0.8587274197893477
2019-05-20,Shrunk Max Sharpe λ=0.50,0.06473302663666303,0.05507611734229669,0.81220370634786
2019-05-21,Shrunk Max Sharpe λ=0.50,0.06666511764640526,0.05512955611465593,0.846462785757848
2019-05-22,Shrunk Max Sharpe λ=0.50,0.0645286611107756,0.0550907504109658,0.808278354870842
2019-05-23,Shrunk Max Sharpe λ=0.50,0.06461082164545728,0.05508892485833169,0.8097965563891434
2019-05-24,Shrunk Max Sharpe λ=0.50,0.06075506257021335,0.05490204548734241,0.7423232086973766
2019-05-28,Shrunk Max Sharpe λ=0.50,0.05691361288904129,0.054882774498791,0.6725901382747049
2019-05-29,Shrunk Max Sharpe λ=0.50,0.05285158397184797,0.05491447902363458,0.5982317333413836
2019-05-30,Shrunk Max Sharpe λ=0.50,0.05444873267930639,0.05500711582350345,0.6262595695771259
2019-05-31,Shrunk Max Sharpe λ=0.50,0.05290840006416775,0.05501679847228362,0.5981518550329015
2019-06-03,Shrunk Max Sharpe λ=0.50,0.05572857254103614,0.055016266784577265,0.6494183380514641
2019-06-04,Shrunk Max Sharpe λ=0.50,0.06008575804260219,0.05530347899798191,0.7248324837586613
2019-06-05,Shrunk Max Sharpe λ=0.50,0.0621186103689384,0.055350845519706676,0.7609388794963
2019-06-06,Shrunk Max Sharpe λ=0.50,0.0626104704821544,0.05537160541873794,0.7695364828222024
2019-06-07,Shrunk Max Sharpe λ=0.50,0.07013217025495777,0.05574101999653882,0.8993766217064322
2019-06-10,Shrunk Max Sharpe λ=0.50,0.068595813754329,0.0557674353245301,0.8714012661965366
2019-06-11,Shrunk Max Sharpe λ=0.50,0.06944786587341656,0.05576101813223293,0.8867819765441652
2019-06-12,Shrunk Max Sharpe λ=0.50,0.06987946571266046,0.055762860069029786,0.8944926004676558
2019-06-13,Shrunk Max Sharpe λ=0.50,0.07229611505129241,0.05584027971323909,0.9365303204040648
2019-06-14,Shrunk Max Sharpe λ=0.50,0.07285193193007111,0.05583424877822483,0.9465862456572208
2019-06-17,Shrunk Max Sharpe λ=0.50,0.0678224785368362,0.05561731702547707,0.859848714293963
2019-06-18,Shrunk Max Sharpe λ=0.50,0.07761801861848827,0.05589443371163,1.0308364320452832
2019-06-19,Shrunk Max Sharpe λ=0.50,0.08198928020536278,0.05600461455517591,1.1068602238890646
2019-06-20,Shrunk Max Sharpe λ=0.50,0.08897654632509377,0.05634157891998084,1.224256537486423
2019-06-21,Shrunk Max Sharpe λ=0.50,0.08694192079125251,0.0564138686223409,1.1866217018263894
2019-06-24,Shrunk Max Sharpe λ=0.50,0.0919494105840497,0.056387984615280405,1.2759706003848266
2019-06-25,Shrunk Max Sharpe λ=0.50,0.08787151325221543,0.056538881582921176,1.2004396152172476
2019-06-26,Shrunk Max Sharpe λ=0.50,0.09237720969899565,0.056178667161233965,1.2883397445381095
2019-06-27,Shrunk Max Sharpe λ=0.50,0.09455441654429242,0.05627155504706386,1.3249041452992958
2019-06-28,Shrunk Max Sharpe λ=0.50,0.10022433733366509,0.05623297454390089,1.4266422501095728
2019-07-01,Shrunk Max Sharpe λ=0.50,0.10023911086565751,0.05623318565540986,1.4268996132880154
2019-07-02,Shrunk Max Sharpe λ=0.50,0.10438583434402826,0.05639246961789079,1.4964025323916021
2019-07-03,Shrunk Max Sharpe λ=0.50,0.10784911446696799,0.05650590215494397,1.554689176116121
2019-07-05,Shrunk Max Sharpe λ=0.50,0.10088034282659142,0.05686008439595514,1.4224450013715597
2019-07-08,Shrunk Max Sharpe λ=0.50,0.09214445289488515,0.05677422640678084,1.2707254235042922
2019-07-09,Shrunk Max Sharpe λ=0.50,0.08688833536758422,0.05660430365364117,1.1816828589018693
2019-07-10,Shrunk Max Sharpe λ=0.50,0.08857990249475867,0.05667832007928482,1.2099847419405734
2019-07-11,Shrunk Max Sharpe λ=0.50,0.08588076858070459,0.05678468678340629,1.1601854709878645
2019-07-12,Shrunk Max Sharpe λ=0.50,0.09043559714384664,0.05679575931572528,1.240155919956947
2019-07-15,Shrunk Max Sharpe λ=0.50,0.08603098907981876,0.05658263086374602,1.1669833670128362
2019-07-16,Shrunk Max Sharpe λ=0.50,0.08235176539009403,0.05668517209872902,1.0999660595807217
2019-07-17,Shrunk Max Sharpe λ=0.50,0.08696464192349773,0.05668132030430824,1.1814234665667778
2019-07-18,Shrunk Max Sharpe λ=0.50,0.09082047051137176,0.05678903585937595,1.2470799942217932
2019-07-19,Shrunk Max Sharpe λ=0.50,0.08693938808950064,0.05695489163614793,1.1753053366713067
2019-07-22,Shrunk Max Sharpe λ=0.50,0.08882340912429432,0.05697456582366176,1.2079672416864944
2019-07-23,Shrunk Max Sharpe λ=0.50,0.09206970923302649,0.05694960147852106,1.2654997991550139
2019-07-24,Shrunk Max Sharpe λ=0.50,0.09811034553411635,0.0569585902403853,1.3713532094889145
2019-07-25,Shrunk Max Sharpe λ=0.50,0.09246455148364197,0.05708880146708724,1.269330404937983
2019-07-26,Shrunk Max Sharpe λ=0.50,0.09064713717957251,0.05699800504564897,1.2394668396374948
2019-07-29,Shrunk Max Sharpe λ=0.50,0.095189526195955,0.05682801228910414,1.3231067420313658
2019-07-30,Shrunk Max Sharpe λ=0.50,0.09851716671889643,0.056704002520704504,1.3846847352658609
2019-07-31,Shrunk Max Sharpe λ=0.50,0.09977485594549762,0.05661294714725712,1.4091274163486591
2019-08-01,Shrunk Max Sharpe λ=0.50,0.10061775212738788,0.056668786467246955,1.4226129965564516
2019-08-02,Shrunk Max Sharpe λ=0.50,0.10111355833405611,0.05664802442996036,1.4318867983533115
2019-08-05,Shrunk Max Sharpe λ=0.50,0.0914648783178218,0.05697434997550844,1.2543342459991627
2019-08-06,Shrunk Max Sharpe λ=0.50,0.09633111641678771,0.05736131595166754,1.3307072048539483
2019-08-07,Shrunk Max Sharpe λ=0.50,0.0964261914856015,0.057362796607007084,1.3323302908189407
2019-08-08,Shrunk Max Sharpe λ=0.50,0.10518842909300541,0.05782056582257839,1.4733240306641917
2019-08-09,Shrunk Max Sharpe λ=0.50,0.10082225696580349,0.05797740821357077,1.3940301827235773
2019-08-12,Shrunk Max Sharpe λ=0.50,0.1006833817668471,0.05797694097478299,1.3916460649750433
2019-08-13,Shrunk Max Sharpe λ=0.50,0.10485983774371488,0.05805677350235131,1.4616698900823009
2019-08-14,Shrunk Max Sharpe λ=0.50,0.10073534161501585,0.058365980064821785,1.3832602746557232
2019-08-15,Shrunk Max Sharpe λ=0.50,0.10340203550540661,0.058491878894023505,1.425873763715399
2019-08-16,Shrunk Max Sharpe λ=0.50,0.11138107548380738,0.05850615839745302,1.5619052418896389
2019-08-19,Shrunk Max Sharpe λ=0.50,0.10972971443427615,0.05847839368256864,1.534407988723927
2019-08-20,Shrunk Max Sharpe λ=0.50,0.1087228379113323,0.058460064329735335,1.5176657591566145
2019-08-21,Shrunk Max Sharpe λ=0.50,0.10829726361568737,0.05844706998923281,1.5107218143176997
2019-08-22,Shrunk Max Sharpe λ=0.50,0.10575438644452961,0.05850175530706368,1.4658429647866542
2019-08-23,Shrunk Max Sharpe λ=0.50,0.10019006579203715,0.058662501482872206,1.366973173066109
2019-08-26,Shrunk Max Sharpe λ=0.50,0.10542352198907046,0.05871862028501106,1.4547944344475048
2019-08-27,Shrunk Max Sharpe λ=0.50,0.10309680617641082,0.058608891939070075,1.4178190958259103
2019-08-28,Shrunk Max Sharpe λ=0.50,0.10354925514281654,0.058619468617454776,1.425281687352904
2019-08-29,Shrunk Max Sharpe λ=0.50,0.10886826234109082,0.05859226752415599,1.5167233851199367
2019-08-30,Shrunk Max Sharpe λ=0.50,0.10604579990599694,0.05856994158420193,1.469111929748041
2019-09-03,Shrunk Max Sharpe λ=0.50,0.10600100482282193,0.058570634533517074,1.4683297442100924
2019-09-04,Shrunk Max Sharpe λ=0.50,0.11215172605502333,0.058768849259177025,1.5680369314128335
2019-09-05,Shrunk Max Sharpe λ=0.50,0.11273786449396361,0.0587443800766622,1.5786678550857027
2019-09-06,Shrunk Max Sharpe λ=0.50,0.1155255919662097,0.0587084131651365,1.6271192971527422
2019-09-09,Shrunk Max Sharpe λ=0.50,0.11071033857426515,0.058893126820174016,1.5402533958036009
2019-09-10,Shrunk Max Sharpe λ=0.50,0.10861031234616969,0.05905224177906789,1.5005410408920186
2019-09-11,Shrunk Max Sharpe λ=0.50,0.1091895285971729,0.05906662244423861,1.5099818629611264
2019-09-12,Shrunk Max Sharpe λ=0.50,0.10980427179699426,0.05906218032097047,1.5205038369555175
2019-09-13,Shrunk Max Sharpe λ=0.50,0.10113808780786027,0.05943794167066191,1.3650891253508761
2019-09-16,Shrunk Max Sharpe λ=0.50,0.10116403280914521,0.05943873416619495,1.3655074245391023
2019-09-17,Shrunk Max Sharpe λ=0.50,0.10588831079002481,0.059441840390841744,1.444913384667977
2019-09-18,Shrunk Max Sharpe λ=0.50,0.10894462378005176,0.05938423857912225,1.4977816657789407
2019-09-19,Shrunk Max Sharpe λ=0.50,0.11120757707930107,0.05937986619400697,1.536001727947753
2019-09-20,Shrunk Max Sharpe λ=0.50,0.1150906897089965,0.05942610368552026,1.6001501665364315
2019-09-23,Shrunk Max Sharpe λ=0.50,0.11137918806698277,0.05932401710562003,1.5403405319685608
2019-09-24,Shrunk Max Sharpe λ=0.50,0.11294392372268836,0.059300043998315066,1.5673499959853188
2019-09-25,Shrunk Max Sharpe λ=0.50,0.11128435092923561,0.05936654645453927,1.5376395694355882
2019-09-26,Shrunk Max Sharpe λ=0.50,0.1120554366623614,0.05936378676152921,1.550700211092633
2019-09-27,Shrunk Max Sharpe λ=0.50,0.10908587036048956,0.05940497783745993,1.4996364547806174
2019-09-30,Shrunk Max Sharpe λ=0.50,0.11005760522176034,0.05941795718822056,1.515663100575494
2019-10-01,Shrunk Max Sharpe λ=0.50,0.10736245909031528,0.05945949777799549,1.469276774191759
2019-10-02,Shrunk Max Sharpe λ=0.50,0.10385480750714327,0.05957515177566407,1.4075466869628224
2019-10-03,Shrunk Max Sharpe λ=0.50,0.10865421887373983,0.059810781815133586,1.4822447756619719
2019-10-04,Shrunk Max Sharpe λ=0.50,0.11985611195120893,0.05991134346778736,1.666731309487305
2019-10-07,Shrunk Max Sharpe λ=0.50,0.12030810486738197,0.05987533853624179,1.6752824671991915
2019-10-08,Shrunk Max Sharpe λ=0.50,0.12078542698195394,0.05984595967889811,1.6840807219520824
2019-10-09,Shrunk Max Sharpe λ=0.50,0.12424282143371079,0.05984467662304205,1.7418896268807655
2019-10-10,Shrunk Max Sharpe λ=0.50,0.11978643374840003,0.05993204115315037,1.664993079301366
2019-10-11,Shrunk Max Sharpe λ=0.50,0.13264741629450905,0.05867007702726851,1.9200148014490095
2019-10-14,Shrunk Max Sharpe λ=0.50,0.13850267063011978,0.058578742723315994,2.0229637086927843
2019-10-15,Shrunk Max Sharpe λ=0.50,0.13290355399024611,0.05843743078187772,1.9320417150382168
2019-10-16,Shrunk Max Sharpe λ=0.50,0.13633204374000418,0.058379287296948676,1.9926937982006596
2019-10-17,Shrunk Max Sharpe λ=0.50,0.12824625733137363,0.057849133840718735,1.8711819891619788
2019-10-18,Shrunk Max Sharpe λ=0.50,0.1300362028659514,0.057794465012817736,1.9039228556151082
2019-10-21,Shrunk Max Sharpe λ=0.50,0.13484331455936371,0.057570988357481555,1.9948122802105657
2019-10-22,Shrunk Max Sharpe λ=0.50,0.13664815912859307,0.05755386718134652,2.026764921999877
2019-10-23,Shrunk Max Sharpe λ=0.50,0.14000153894635647,0.057519546750039084,2.0862740707579537
2019-10-24,Shrunk Max Sharpe λ=0.50,0.14186184196875695,0.05752408340730149,2.1184490868965176
2019-10-25,Shrunk Max Sharpe λ=0.50,0.15194169437545146,0.05676906290222675,2.3241830608106815
2019-10-28,Shrunk Max Sharpe λ=0.50,0.14409456521128194,0.056580698799075735,2.1932313994911117
2019-10-29,Shrunk Max Sharpe λ=0.50,0.14809609928674616,0.05639160751476486,2.271545446779596
2019-10-30,Shrunk Max Sharpe λ=0.50,0.15665266374033493,0.05640102925060168,2.4228753545109667
2019-10-31,Shrunk Max Sharpe λ=0.50,0.15736278412052163,0.0564367467328224,2.4339245628528476
2019-11-01,Shrunk Max Sharpe λ=0.50,0.15744284095741756,0.05643875548350093,2.4352564081183017
2019-11-04,Shrunk Max Sharpe λ=0.50,0.14794945696495398,0.05628629406868095,2.273190286943197
2019-11-05,Shrunk Max Sharpe λ=0.50,0.14790532947600887,0.05629044607951639,2.272238690297971
2019-11-06,Shrunk Max Sharpe λ=0.50,0.14942273015947638,0.05633758748284345,2.297271430000258
2019-11-07,Shrunk Max Sharpe λ=0.50,0.14017694170040085,0.056674089784120515,2.120491783073562
2019-11-08,Shrunk Max Sharpe λ=0.50,0.12936823160687094,0.056097569571910026,1.9496073081503937
2019-11-11,Shrunk Max Sharpe λ=0.50,0.13168194399856725,0.05603067676639836,1.9932285391480937
2019-11-12,Shrunk Max Sharpe λ=0.50,0.13677614534675153,0.0559218285468241,2.0882032719830197
2019-11-13,Shrunk Max Sharpe λ=0.50,0.1469279288321137,0.05547974884804015,2.287824502950999
2019-11-14,Shrunk Max Sharpe λ=0.50,0.15242725565382154,0.055587799801087356,2.3823079187824074
2019-11-15,Shrunk Max Sharpe λ=0.50,0.15649676031644355,0.05553432718517536,2.4578808681935516
2019-11-18,Shrunk Max Sharpe λ=0.50,0.15381339937277905,0.05545114653320707,2.4131764217471057
2019-11-19,Shrunk Max Sharpe λ=0.50,0.1525889693655682,0.055425395860118305,2.392206087263572
2019-11-20,Shrunk Max Sharpe λ=0.50,0.1612459389832146,0.05495818090717459,2.5700621209021035
2019-11-21,Shrunk Max Sharpe λ=0.50,0.16636671905200706,0.0545233894951959,2.6844757893289737
2019-11-22,Shrunk Max Sharpe λ=0.50,0.16533020615292404,0.054505940349403086,2.6663186658427334
2019-11-25,Shrunk Max Sharpe λ=0.50,0.1710906772578722,0.0544890490405088,2.7728631700939914
2019-11-26,Shrunk Max Sharpe λ=0.50,0.16742013416924895,0.054282508468878825,2.7157944304244466
2019-11-27,Shrunk Max Sharpe λ=0.50,0.16639884959868856,0.05428849514835814,2.6966827722635105
2019-11-29,Shrunk Max Sharpe λ=0.50,0.1540034067508964,0.053600267709792496,2.500051072066095
2019-12-02,Shrunk Max Sharpe λ=0.50,0.14887675931386357,0.0538897029966752,2.3914913637919812
2019-12-03,Shrunk Max Sharpe λ=0.50,0.1515028354701382,0.054018324630663674,2.4344115884610424
2019-12-04,Shrunk Max Sharpe λ=0.50,0.14315607210549564,0.053637471329334725,2.296082739421399
2019-12-05,Shrunk Max Sharpe λ=0.50,0.15343019698662363,0.05269057853191957,2.5323350151828867
2019-12-06,Shrunk Max Sharpe λ=0.50,0.15172788049985608,0.05267800342121727,2.5006240165662708
2019-12-09,Shrunk Max Sharpe λ=0.50,0.1592402492961713,0.05212691588314128,2.671177585267498
2019-12-10,Shrunk Max Sharpe λ=0.50,0.15638518151198677,0.052114077099237884,2.617050691548777
2019-12-11,Shrunk Max Sharpe λ=0.50,0.16114024169649022,0.052229069711366295,2.7023311438720636
2019-12-12,Shrunk Max Sharpe λ=0.50,0.1567021379181568,0.052296420711858776,2.613986503423515
2019-12-13,Shrunk Max Sharpe λ=0.50,0.16120528678111934,0.0524550601347659,2.6919287942543417
2019-12-16,Shrunk Max Sharpe λ=0.50,0.16851061560935676,0.051947830007885644,2.8588415644467338
2019-12-17,Shrunk Max Sharpe λ=0.50,0.17437834767584137,0.05162428436885667,2.9904210695262066
2019-12-18,Shrunk Max Sharpe λ=0.50,0.1704707583709706,0.051638297983359886,2.9139372180597207
2019-12-19,Shrunk Max Sharpe λ=0.50,0.1789691608393813,0.05131321462311226,3.0980160180371774
2019-12-20,Shrunk Max Sharpe λ=0.50,0.18729354664922604,0.050907257251809314,3.2862416024835084
2019-12-23,Shrunk Max Sharpe λ=0.50,0.19743643171698788,0.050166533778110645,3.5369482073806227
2019-12-24,Shrunk Max Sharpe λ=0.50,0.20939841771567558,0.049395378895419395,3.834334748533312
2019-12-26,Shrunk Max Sharpe λ=0.50,0.1942094097714422,0.04702791066429497,3.704383361085767
2019-12-27,Shrunk Max Sharpe λ=0.50,0.1909016642854,0.0469404016369054,3.640822368912881
2019-12-30,Shrunk Max Sharpe λ=0.50,0.18618236330596427,0.046920093552482126,3.541816537941942
2019-12-31,Shrunk Max Sharpe λ=0.50,0.17820620586641245,0.04678391162933579,3.381636984950388
2020-01-02,Shrunk Max Sharpe λ=0.50,0.18228271044042854,0.04702358117732314,3.4510921196850166
2020-01-03,Shrunk Max Sharpe λ=0.50,0.19214968894388074,0.046648111056246,3.6903892793496205
2020-01-06,Shrunk Max Sharpe λ=0.50,0.18238251039533915,0.045928739678826096,3.535531598098699
2020-01-07,Shrunk Max Sharpe λ=0.50,0.17757327809284384,0.045960476920375304,3.4284517622789963
2020-01-08,Shrunk Max Sharpe λ=0.50,0.17346927828939052,0.04592218522333787,3.341941972992102
2020-01-09,Shrunk Max Sharpe λ=0.50,0.1729180967512125,0.04589487010944237,3.331921332091346
2020-01-10,Shrunk Max Sharpe λ=0.50,0.17492889686542168,0.04589718660546994,3.375564132006243
2020-01-13,Shrunk Max Sharpe λ=0.50,0.17325446830939062,0.04589530681727596,3.339218733617931
2020-01-14,Shrunk Max Sharpe λ=0.50,0.17758690180578607,0.0457447271888277,3.444919480124777
2020-01-15,Shrunk Max Sharpe λ=0.50,0.1759273676382218,0.04565616576553627,3.4152532308335926
2020-01-16,Shrunk Max Sharpe λ=0.50,0.17659944208199252,0.045667319503541054,3.4291358412190096
2020-01-17,Shrunk Max Sharpe λ=0.50,0.1741621245505327,0.045627321827610506,3.3787239394192197
2020-01-21,Shrunk Max Sharpe λ=0.50,0.17326441976673546,0.04558917276325697,3.3618600750365095
2020-01-22,Shrunk Max Sharpe λ=0.50,0.1775335626526573,0.04542338753921711,3.468115681963346
2020-01-23,Shrunk Max Sharpe λ=0.50,0.17836202000805468,0.04543709101149485,3.4853027885960315
2020-01-24,Shrunk Max Sharpe λ=0.50,0.1757099698593969,0.04541496241191058,3.4286050585513697
2020-01-27,Shrunk Max Sharpe λ=0.50,0.17078277730608815,0.04533760998884992,3.325776928761151
2020-01-28,Shrunk Max Sharpe λ=0.50,0.17456260213285346,0.04521890715322845,3.4180968064775157
2020-01-29,Shrunk Max Sharpe λ=0.50,0.17706118282074224,0.04527974074497006,3.4686855586334056
2020-01-30,Shrunk Max Sharpe λ=0.50,0.16882834541488623,0.0446085997771644,3.336315108708545
2020-01-31,Shrunk Max Sharpe λ=0.50,0.15871004568493263,0.04422877734588674,3.1361944419165053
2020-02-03,Shrunk Max Sharpe λ=0.50,0.16251826907623368,0.04412755509013427,3.22968876895917
2020-02-04,Shrunk Max Sharpe λ=0.50,0.16182132386234116,0.04413153540837275,3.213605023029279
2020-02-05,Shrunk Max Sharpe λ=0.50,0.15990879348007314,0.04406817120619732,3.174826403061576
2020-02-06,Shrunk Max Sharpe λ=0.50,0.16356091719091714,0.044031006334098545,3.2604505130226955
2020-02-07,Shrunk Max Sharpe λ=0.50,0.16731106718927902,0.0439978207461328,3.3481446283274603
2020-02-10,Shrunk Max Sharpe λ=0.50,0.1693267136747758,0.04408366417797561,3.3873480451150906
2020-02-11,Shrunk Max Sharpe λ=0.50,0.16941883739289265,0.04408038968429429,3.389689575410676
2020-02-12,Shrunk Max Sharpe λ=0.50,0.1656008390856163,0.043957860116279765,3.3122822334951
2020-02-13,Shrunk Max Sharpe λ=0.50,0.16736508188407662,0.04392562777096778,3.354877081152979
2020-02-14,Shrunk Max Sharpe λ=0.50,0.16796407675854308,0.04394415296368741,3.3670936126772313
2020-02-18,Shrunk Max Sharpe λ=0.50,0.16534064942065618,0.04382482305466923,3.316400142434144
2020-02-19,Shrunk Max Sharpe λ=0.50,0.16349739968160604,0.04376699224872515,3.278667148661235
2020-02-20,Shrunk Max Sharpe λ=0.50,0.1649309865230726,0.04377177791185376,3.3110600811081996
2020-02-21,Shrunk Max Sharpe λ=0.50,0.17056103904641984,0.0435189577486922,3.4596655534781138
2020-02-24,Shrunk Max Sharpe λ=0.50,0.15908641567415982,0.04375024899856206,3.179099979036261
2020-02-25,Shrunk Max Sharpe λ=0.50,0.1493769408259733,0.044719126034800855,2.893100833976293
2020-02-26,Shrunk Max Sharpe λ=0.50,0.14580149448346846,0.04478895669181358,2.808761439769419
2020-02-27,Shrunk Max Sharpe λ=0.50,0.1351633451801546,0.04640696311170775,2.481596240265519
2020-02-28,Shrunk Max Sharpe λ=0.50,0.14101659578476156,0.04636526167820714,2.610070371750807
2020-03-02,Shrunk Max Sharpe λ=0.50,0.15539651658632914,0.0476483319661851,2.8415793585894438
2020-03-03,Shrunk Max Sharpe λ=0.50,0.15849603634456888,0.04768795145030631,2.904214421726419
2020-03-04,Shrunk Max Sharpe λ=0.50,0.17156995199759284,0.04882107956247528,3.10460058146875
2020-03-05,Shrunk Max Sharpe λ=0.50,0.16912655181532799,0.04895982055911773,3.045896617109973
2020-03-06,Shrunk Max Sharpe λ=0.50,0.1725388665839176,0.048968281339195376,3.1150545294270287
2020-03-09,Shrunk Max Sharpe λ=0.50,0.14185311406996393,0.05522472147734662,2.2064957651248367
2020-03-10,Shrunk Max Sharpe λ=0.50,0.13497849812448526,0.05514200630551131,2.08513447057862
2020-03-11,Shrunk Max Sharpe λ=0.50,0.10014462242553024,0.06182739620032227,1.2962639113227363
2020-03-12,Shrunk Max Sharpe λ=0.50,0.0497718111593366,0.07605767034389872,0.39143732676430665
2020-03-13,Shrunk Max Sharpe λ=0.50,0.08466585568894658,0.08189390196860795,0.7896296810198966
2020-03-16,Shrunk Max Sharpe λ=0.50,0.05313103242208883,0.0857483777699926,0.3863750345336905
2020-03-17,Shrunk Max Sharpe λ=0.50,0.04624242663408662,0.08595589756504254,0.30530105993284595
2020-03-18,Shrunk Max Sharpe λ=0.50,0.00805411653578858,0.09350314653484221,-0.12775916005949606
2020-03-19,Shrunk Max Sharpe λ=0.50,-0.00979869690202717,0.09453006966638931,-0.3152298205977337
2020-03-20,Shrunk Max Sharpe λ=0.50,-0.009004860019102834,0.09456473191272129,-0.3067196346083118
2020-03-23,Shrunk Max Sharpe λ=0.50,0.017734044237910807,0.0976030102097349,-0.023216043820984408
2020-03-24,Shrunk Max Sharpe λ=0.50,0.04906779219856294,0.102976944971754,0.28227475777744304
2020-03-25,Shrunk Max Sharpe λ=0.50,0.06511945292114896,0.10435906140771858,0.4323482054411409
2020-03-26,Shrunk Max Sharpe λ=0.50,0.0853981777944941,0.1058965079026873,0.6175668970556725
2020-03-27,Shrunk Max Sharpe λ=0.50,0.0779152973941637,0.10610690917247835,0.5458202283512144
2020-03-30,Shrunk Max Sharpe λ=0.50,0.09108642897488894,0.10690472188260948,0.6649512549403376
2020-03-31,Shrunk Max Sharpe λ=0.50,0.08253462120297139,0.10722010582937563,0.58323595858491
2020-04-01,Shrunk Max Sharpe λ=0.50,0.07698259419009545,0.1072959863710028,0.531078525090993
2020-04-02,Shrunk Max Sharpe λ=0.50,0.08853051700234937,0.10767566626994429,0.6364531502460591
2020-04-03,Shrunk Max Sharpe λ=0.50,0.08441710646586564,0.10768787253299343,0.5981834811169615
2020-04-06,Shrunk Max Sharpe λ=0.50,0.10365622301869326,0.10944016384327256,0.7644014782223457
2020-04-07,Shrunk Max Sharpe λ=0.50,0.09818793435246032,0.1095902989195683,0.7134567121661457
2020-04-08,Shrunk Max Sharpe λ=0.50,0.09989190703108286,0.10959406888022274,0.7289802071168477
2020-04-09,Shrunk Max Sharpe λ=0.50,0.10178190987742664,0.10966017311738031,0.7457758596631726
2020-04-13,Shrunk Max Sharpe λ=0.50,0.10626547676286524,0.10963921837567757,0.7868122195771
2020-04-14,Shrunk Max Sharpe λ=0.50,0.11966148427733336,0.11029163777770337,0.9036177745243438
2020-04-15,Shrunk Max Sharpe λ=0.50,0.12800716328678208,0.11047982637535916,0.9776188724249427
2020-04-16,Shrunk Max Sharpe λ=0.50,0.13996708061502638,0.11070641303275963,1.0836506876934617
2020-04-17,Shrunk Max Sharpe λ=0.50,0.13510258765308247,0.11084980280979338,1.0383652901086926
2020-04-20,Shrunk Max Sharpe λ=0.50,0.13477277660880116,0.1108473936756864,1.0354124964327038
2020-04-21,Shrunk Max Sharpe λ=0.50,0.12922666650160086,0.11101239491733145,0.9839141528559907
2020-04-22,Shrunk Max Sharpe λ=0.50,0.1312814194904126,0.11109429264091518,1.0016843966062439
2020-04-23,Shrunk Max Sharpe λ=0.50,0.13222150898936813,0.11110789783189304,1.010022790271489
2020-04-24,Shrunk Max Sharpe λ=0.50,0.13779944075920558,0.11115698955040024,1.0597573866985086
2020-04-27,Shrunk Max Sharpe λ=0.50,0.12632571761298195,0.1113040512090861,0.9552726649028049
2020-04-28,Shrunk Max Sharpe λ=0.50,0.12750952804770255,0.11128843798028114,0.9660440024034826
2020-04-29,Shrunk Max Sharpe λ=0.50,0.13533171143131595,0.11154044421241623,1.0339900674205642
2020-04-30,Shrunk Max Sharpe λ=0.50,0.13042389949053668,0.11174931561166238,0.9881393804170432
2020-05-01,Shrunk Max Sharpe λ=0.50,0.13050553922935948,0.11174704200098572,0.9888900614334356
2020-05-04,Shrunk Max Sharpe λ=0.50,0.12654332327722329,0.11164265209984847,0.9543245459802893
2020-05-05,Shrunk Max Sharpe λ=0.50,0.12814798199774824,0.1116436871085896,0.9686887346577753
2020-05-06,Shrunk Max Sharpe λ=0.50,0.12566863711096943,0.1117585254862818,0.9455085117773865
2020-05-07,Shrunk Max Sharpe λ=0.50,0.14223242615816423,0.11235217927394173,1.0879399665237652
2020-05-08,Shrunk Max Sharpe λ=0.50,0.13920306378555636,0.11239196165458713,1.0606013279837725
2020-05-11,Shrunk Max Sharpe λ=0.50,0.13525254199742442,0.11241538846577674,1.0252381241604784
2020-05-12,Shrunk Max Sharpe λ=0.50,0.1419195203937076,0.11221105847823747,1.0865196536520776
2020-05-13,Shrunk Max Sharpe λ=0.50,0.13975727403343652,0.11218486429808512,1.0674993884667974
2020-05-14,Shrunk Max Sharpe λ=0.50,0.1435740787428228,0.1123450020488703,1.099951724501886
2020-05-15,Shrunk Max Sharpe λ=0.50,0.14347675367335766,0.11234425398860173,1.0990927376302255
2020-05-18,Shrunk Max Sharpe λ=0.50,0.14043767182087707,0.11244523302676544,1.0710785026539025
2020-05-19,Shrunk Max Sharpe λ=0.50,0.14813095406081778,0.11238072108208637,1.140150666654176
2020-05-20,Shrunk Max Sharpe λ=0.50,0.15208326328990007,0.11250176621621909,1.174055019154517
2020-05-21,Shrunk Max Sharpe λ=0.50,0.14713536378508207,0.11259417258359515,1.1291469253498965
2020-05-22,Shrunk Max Sharpe λ=0.50,0.15303898229629942,0.11263927118423288,1.181106561660016
2020-05-26,Shrunk Max Sharpe λ=0.50,0.14277224840911007,0.1129400367549415,1.0870569191995447
2020-05-27,Shrunk Max Sharpe λ=0.50,0.14575238354314046,0.1129273053001028,1.1135693285955528
2020-05-28,Shrunk Max Sharpe λ=0.50,0.14687982683164735,0.11290780492375838,1.1237471751162258
2020-05-29,Shrunk Max Sharpe λ=0.50,0.15090898270103148,0.11308008704458278,1.1576660942029477
2020-06-01,Shrunk Max Sharpe λ=0.50,0.15131725795152184,0.11307603669414107,1.1613181872187597
2020-06-02,Shrunk Max Sharpe λ=0.50,0.14837955621217214,0.11308317683814463,1.1352666223369472
2020-06-03,Shrunk Max Sharpe λ=0.50,0.13267509943941858,0.1132435544100067,0.9949802443631361
2020-06-04,Shrunk Max Sharpe λ=0.50,0.12387240069453043,0.11337052284913057,0.9162205314406117
2020-06-05,Shrunk Max Sharpe λ=0.50,0.11811907084586593,0.11337515679656684,0.8654371347148346
2020-06-08,Shrunk Max Sharpe λ=0.50,0.11642466927520467,0.11330137793657323,0.8510458657368117
2020-06-09,Shrunk Max Sharpe λ=0.50,0.12671223725816394,0.11351743357102617,0.9400515313041822
2020-06-10,Shrunk Max Sharpe λ=0.50,0.13981123324447187,0.11408313767299219,1.0502098354613867
2020-06-11,Shrunk Max Sharpe λ=0.50,0.13123517496337644,0.1143192205122023,0.973022510694108
2020-06-12,Shrunk Max Sharpe λ=0.50,0.12609230302252739,0.11429817669760238,0.9282064341517433
2020-06-15,Shrunk Max Sharpe λ=0.50,0.1290932156776492,0.11431515515543716,0.9543197971372425
2020-06-16,Shrunk Max Sharpe λ=0.50,0.12752383374340326,0.11432401485153101,0.9405183493865314
2020-06-17,Shrunk Max Sharpe λ=0.50,0.12327437752557935,0.11418568176974074,0.9044424478178936
2020-06-18,Shrunk Max Sharpe λ=0.50,0.12345660886363241,0.11419061679096512,0.9059992122909525
2020-06-19,Shrunk Max Sharpe λ=0.50,0.1186546022785746,0.1140449127243813,0.8650504430390392
2020-06-22,Shrunk Max Sharpe λ=0.50,0.12600205089476657,0.11404629653773862,0.9294650866605724
2020-06-23,Shrunk Max Sharpe λ=0.50,0.1250227630862546,0.11403557390451081,0.920964919019014
2020-06-24,Shrunk Max Sharpe λ=0.50,0.12708166088408568,0.11398135345826849,0.9394664796930231
2020-06-25,Shrunk Max Sharpe λ=0.50,0.13339867600513133,0.11397026380939336,0.9949847636992578
2020-06-26,Shrunk Max Sharpe λ=0.50,0.1276854132135541,0.1139291952411246,0.9451959437231526
2020-06-29,Shrunk Max Sharpe λ=0.50,0.127231887796601,0.11392267011780782,0.9412690879322977
2020-06-30,Shrunk Max Sharpe λ=0.50,0.12984402627602343,0.11396204513468423,0.963864996861069
2020-07-01,Shrunk Max Sharpe λ=0.50,0.1257456318607113,0.11388746802002474,0.9285098149878803
2020-07-02,Shrunk Max Sharpe λ=0.50,0.12428675096198516,0.11385461228932774,0.9159642184452862
2020-07-06,Shrunk Max Sharpe λ=0.50,0.1372795656061594,0.11378436300315116,1.0307177762458575
2020-07-07,Shrunk Max Sharpe λ=0.50,0.14555505510407052,0.11378887804033395,1.1034035774530258
2020-07-08,Shrunk Max Sharpe λ=0.50,0.14890241002071525,0.11380957786826652,1.1326147801894015
2020-07-09,Shrunk Max Sharpe λ=0.50,0.15230482393564215,0.11393278559581699,1.1612533060062362
2020-07-10,Shrunk Max Sharpe λ=0.50,0.155264102287908,0.1138732174978354,1.1878482514159154
2020-07-13,Shrunk Max Sharpe λ=0.50,0.14818369484468086,0.11393136686595626,1.125095734131698
2020-07-14,Shrunk Max Sharpe λ=0.50,0.15011763216449547,0.11395426005894856,1.1418408763058583
2020-07-15,Shrunk Max Sharpe λ=0.50,0.15286880981819495,0.11390240589707887,1.1665145154023695
2020-07-16,Shrunk Max Sharpe λ=0.50,0.14786521956079834,0.1139159155666238,1.1224526346892791
2020-07-17,Shrunk Max Sharpe λ=0.50,0.14485315539616184,0.11387066014103149,1.096447102717489
2020-07-20,Shrunk Max Sharpe λ=0.50,0.15949624314271227,0.11406204045249936,1.2229856890978983
2020-07-21,Shrunk Max Sharpe λ=0.50,0.15760777106087276,0.11405592842506293,1.2064938049343388
2020-07-22,Shrunk Max Sharpe λ=0.50,0.16137809719509244,0.11412423623172385,1.2388087041216287
2020-07-23,Shrunk Max Sharpe λ=0.50,0.15619648450585322,0.11410967348282536,1.1935577444830052
2020-07-24,Shrunk Max Sharpe λ=0.50,0.15943414670402944,0.11403955050727112,1.2226823596182026
2020-07-27,Shrunk Max Sharpe λ=0.50,0.1640552313606629,0.11417960887792944,1.2616546227152854
2020-07-28,Shrunk Max Sharpe λ=0.50,0.16514703902733197,0.11417918159377563,1.271221574732714
2020-07-29,Shrunk Max Sharpe λ=0.50,0.17048850497328205,0.11422837207750415,1.3174354342647494
2020-07-30,Shrunk Max Sharpe λ=0.50,0.177088352651662,0.11415868024642807,1.3760526340403028
2020-07-31,Shrunk Max Sharpe λ=0.50,0.17836502058168913,0.1142040403608289,1.3866849200898073
2020-08-03,Shrunk Max Sharpe λ=0.50,0.18308190224839005,0.11418005898172363,1.42828707309123
2020-08-04,Shrunk Max Sharpe λ=0.50,0.2004899093150161,0.1142399978180869,1.579918704151448
2020-08-05,Shrunk Max Sharpe λ=0.50,0.19034187572040406,0.11405025222157618,1.4935686015798093
2020-08-06,Shrunk Max Sharpe λ=0.50,0.1976822885873999,0.11425376908593624,1.5551547227624127
2020-08-07,Shrunk Max Sharpe λ=0.50,0.17878994885712163,0.11439180640307664,1.3881234491358716
2020-08-10,Shrunk Max Sharpe λ=0.50,0.17957023191655508,0.11436738425422989,1.3952424719432488
2020-08-11,Shrunk Max Sharpe λ=0.50,0.15659355709634704,0.11604025458466526,1.1771221770001004
2020-08-12,Shrunk Max Sharpe λ=0.50,0.15475076391688836,0.11601110012620908,1.1615333685336344
2020-08-13,Shrunk Max Sharpe λ=0.50,0.1638228480452557,0.11580881733619129,1.2418989447732647
2020-08-14,Shrunk Max Sharpe λ=0.50,0.1561513899030078,0.11576877095602706,1.176063188532275
2020-08-17,Shrunk Max Sharpe λ=0.50,0.16070101369990097,0.11595698269851898,1.2133897452792037
2020-08-18,Shrunk Max Sharpe λ=0.50,0.1673247664049058,0.1161047609217549,1.2688951360417566
2020-08-19,Shrunk Max Sharpe λ=0.50,0.154733882369257,0.11655963600953848,1.1559222985067599
2020-08-20,Shrunk Max Sharpe λ=0.50,0.16138818986648285,0.11678164795917428,1.2107055546596737
2020-08-21,Shrunk Max Sharpe λ=0.50,0.16619183082804323,0.11675714373776463,1.2521018084888118
2020-08-24,Shrunk Max Sharpe λ=0.50,0.17038606168110992,0.11666968355985513,1.2889900537354013
2020-08-25,Shrunk Max Sharpe λ=0.50,0.1656192083602228,0.11664245381989968,1.2484237393107687
2020-08-26,Shrunk Max Sharpe λ=0.50,0.17014267923559623,0.11676552705394547,1.2858476557574274
2020-08-27,Shrunk Max Sharpe λ=0.50,0.15768593043783086,0.11711888814095262,1.1756082440957416
2020-08-28,Shrunk Max Sharpe λ=0.50,0.16037525511612793,0.11717941793016048,1.197951462771323
2020-08-31,Shrunk Max Sharpe λ=0.50,0.1660152906489054,0.11723972998680822,1.2454420584671682
2020-09-01,Shrunk Max Sharpe λ=0.50,0.17669593282255103,0.11749891047381052,1.3335947728424018
2020-09-02,Shrunk Max Sharpe λ=0.50,0.1739693720028066,0.11743027156198706,1.3111557178127782
2020-09-03,Shrunk Max Sharpe λ=0.50,0.16095266489511872,0.11820406271452212,1.192451948420228
2020-09-04,Shrunk Max Sharpe λ=0.50,0.14886854295800056,0.11864240123170906,1.086192976710913
2020-09-08,Shrunk Max Sharpe λ=0.50,0.1420015765583531,0.11903336598953519,1.0249359542523468
2020-09-09,Shrunk Max Sharpe λ=0.50,0.1578277412751865,0.11912927955701795,1.1569594123938194
2020-09-10,Shrunk Max Sharpe λ=0.50,0.15068352594637124,0.11920195385067142,1.0963203347327948
2020-09-11,Shrunk Max Sharpe λ=0.50,0.14959152736525194,0.11920861670015442,1.0870986590777552
2020-09-14,Shrunk Max Sharpe λ=0.50,0.16333176505126845,0.11910776897224876,1.2033788080159886
2020-09-15,Shrunk Max Sharpe λ=0.50,0.16328774756935327,0.11910721263489935,1.2030148670221577
2020-09-16,Shrunk Max Sharpe λ=0.50,0.1551155261694659,0.119199426618858,1.1335249673767296
2020-09-17,Shrunk Max Sharpe λ=0.50,0.14983281347382604,0.11928899585367292,1.088388853847733
2020-09-18,Shrunk Max Sharpe λ=0.50,0.14364582166554074,0.11937745543110012,1.0357552120626674
2020-09-21,Shrunk Max Sharpe λ=0.50,0.13895298811421664,0.11936529364981517,0.9965458507829912
2020-09-22,Shrunk Max Sharpe λ=0.50,0.14239670166172358,0.11940423761144207,1.0250616235247814
2020-09-23,Shrunk Max Sharpe λ=0.50,0.12938154549662917,0.11998785552268719,0.9116051372044682
2020-09-24,Shrunk Max Sharpe λ=0.50,0.1361229367368555,0.11996281017294387,0.9679911346645461
2020-09-25,Shrunk Max Sharpe λ=0.50,0.14184807994017157,0.12006887099753831,1.0148182366324552
2020-09-28,Shrunk Max Sharpe λ=0.50,0.15110402515532595,0.12018043663741293,1.090893233737116
2020-09-29,Shrunk Max Sharpe λ=0.50,0.1501601333856215,0.12017537479208587,1.0830848966421796
2020-09-30,Shrunk Max Sharpe λ=0.50,0.14913142983476058,0.12019654835953356,1.0743355911394468
2020-10-01,Shrunk Max Sharpe λ=0.50,0.15995963802515512,0.12025566168854586,1.1638507165478933
2020-10-02,Shrunk Max Sharpe λ=0.50,0.14376148564514746,0.12046773562668919,1.0273413458078524
2020-10-05,Shrunk Max Sharpe λ=0.50,0.13531462377939185,0.12035611261166132,0.9581119004022983
2020-10-06,Shrunk Max Sharpe λ=0.50,0.1358699930010161,0.12033588109330091,0.962888142325378
2020-10-07,Shrunk Max Sharpe λ=0.50,0.1411318597038338,0.12027070928030224,1.0071601009812337
2020-10-08,Shrunk Max Sharpe λ=0.50,0.1434008972578733,0.12031096973652139,1.0256828411251175
2020-10-09,Shrunk Max Sharpe λ=0.50,0.15438528448839883,0.12042097488690892,1.11596243606734
2020-10-12,Shrunk Max Sharpe λ=0.50,0.16420783959471685,0.12064935155058534,1.1952641082720947
2020-10-13,Shrunk Max Sharpe λ=0.50,0.16160898221012943,0.1206436391615371,1.173779100119158
2020-10-14,Shrunk Max Sharpe λ=0.50,0.1611298574917983,0.12064748492173835,1.1697704065969257
2020-10-15,Shrunk Max Sharpe λ=0.50,0.15805516982664258,0.12067050885991333,1.144067188669198
2020-10-16,Shrunk Max Sharpe λ=0.50,0.1533365388774821,0.1207198500204351,1.1045121316412445
2020-10-19,Shrunk Max Sharpe λ=0.50,0.147954098388571,0.12086043150844443,1.0586930461160147
2020-10-20,Shrunk Max Sharpe λ=0.50,0.14623002619244696,0.12088212133283659,1.044240660245244
2020-10-21,Shrunk Max Sharpe λ=0.50,0.14522898832413955,0.1208844258206936,1.035939803444078
2020-10-22,Shrunk Max Sharpe λ=0.50,0.13715794893562228,0.12104584400339113,0.9678808049976508
2020-10-23,Shrunk Max Sharpe λ=0.50,0.13818838183339155,0.1210565144408876,0.9763074905903013
2020-10-26,Shrunk Max Sharpe λ=0.50,0.13784400244924977,0.12105821863415754,0.9734490047749567
2020-10-27,Shrunk Max Sharpe λ=0.50,0.1449216444580188,0.1211217603781654,1.031372431080835
2020-10-28,Shrunk Max Sharpe λ=0.50,0.13201735973968742,0.12176799554619022,0.9199244779979638
2020-10-29,Shrunk Max Sharpe λ=0.50,0.12650403126331833,0.121711612328924,0.8750523407371568
2020-10-30,Shrunk Max Sharpe λ=0.50,0.11177094266872412,0.12202446576619097,0.7520700221262585
2020-11-02,Shrunk Max Sharpe λ=0.50,0.11470773118997624,0.12209237577612336,0.7757055310614855
2020-11-03,Shrunk Max Sharpe λ=0.50,0.1207355240204373,0.12207946702704725,0.8251635305560344
2020-11-04,Shrunk Max Sharpe λ=0.50,0.14861812205234615,0.12335156664772672,1.0426954885758357
2020-11-05,Shrunk Max Sharpe λ=0.50,0.1573504040597158,0.1237502764669653,1.1098997754270148
2020-11-06,Shrunk Max Sharpe λ=0.50,0.1595378754642034,0.12366622377474286,1.1283426565880321
2020-11-09,Shrunk Max Sharpe λ=0.50,0.1362024563800055,0.12553236951636088,0.9256772323162482
2020-11-10,Shrunk Max Sharpe λ=0.50,0.12955808395404467,0.1257081459093175,0.8715273235600575
2020-11-11,Shrunk Max Sharpe λ=0.50,0.1348229809040531,0.12582764310182795,0.9125417759842392
2020-11-12,Shrunk Max Sharpe λ=0.50,0.13961427754993272,0.1259550981065203,0.949658087271504
2020-11-13,Shrunk Max Sharpe λ=0.50,0.13775663592852738,0.12591806966826624,0.9351845707193548
2020-11-16,Shrunk Max Sharpe λ=0.50,0.13714858887594272,0.12591513242931984,0.9303773630361858
2020-11-17,Shrunk Max Sharpe λ=0.50,0.1369075711733263,0.1259138783925068,0.9284724818728443
2020-11-18,Shrunk Max Sharpe λ=0.50,0.13296394486485985,0.1259386373076664,0.8969760772374441
2020-11-19,Shrunk Max Sharpe λ=0.50,0.13570963735567454,0.1259686825917571,0.918558763773609
2020-11-20,Shrunk Max Sharpe λ=0.50,0.14086393698629007,0.12593625811552453,0.9597231075058503
2020-11-23,Shrunk Max Sharpe λ=0.50,0.13326862819494734,0.12607650335971426,0.8984118783162613
2020-11-24,Shrunk Max Sharpe λ=0.50,0.12698155467118455,0.1260940161849271,0.8484268953277483
2020-11-25,Shrunk Max Sharpe λ=0.50,0.12476467453124984,0.1260765634472395,0.8309607405748471
2020-11-27,Shrunk Max Sharpe λ=0.50,0.129459082690921,0.1261227777790517,0.8678771956852788
2020-11-30,Shrunk Max Sharpe λ=0.50,0.12952066527283934,0.12612199388754958,0.8683708677368993
2020-12-01,Shrunk Max Sharpe λ=0.50,0.13570550860124353,0.12599415796333063,0.9183402664980584
2020-12-02,Shrunk Max Sharpe λ=0.50,0.12880721177084875,0.12593833878373525,0.8639721058866391
2020-12-03,Shrunk Max Sharpe λ=0.50,0.13432452562891917,0.12600142826405036,0.9073272200481655
2020-12-04,Shrunk Max Sharpe λ=0.50,0.129603045509469,0.12610846501442696,0.8691172753306471
2020-12-07,Shrunk Max Sharpe λ=0.50,0.1367570424418625,0.1262554379767695,0.9247684243378517
2020-12-08,Shrunk Max Sharpe λ=0.50,0.14041562923364226,0.1262666228481106,0.9536615973208797
2020-12-09,Shrunk Max Sharpe λ=0.50,0.13058197907284952,0.126624076019079,0.8733092674744387
2020-12-10,Shrunk Max Sharpe λ=0.50,0.13036191054426238,0.12661867814858446,0.8716084558611085
2020-12-11,Shrunk Max Sharpe λ=0.50,0.1344208400200433,0.12659103229473592,0.903862129456711
2020-12-14,Shrunk Max Sharpe λ=0.50,0.12901060610349924,0.12652472196070624,0.8615755436107876
2020-12-15,Shrunk Max Sharpe λ=0.50,0.13342919738621473,0.12655419770613324,0.8962894905280377
2020-12-16,Shrunk Max Sharpe λ=0.50,0.13483202995439103,0.12655299642797674,0.9073829399191169
2020-12-17,Shrunk Max Sharpe λ=0.50,0.13877388100052057,0.1265515450073833,0.9385415325714991
2020-12-18,Shrunk Max Sharpe λ=0.50,0.1343359619189337,0.12656840721624127,0.9033530912938763
2020-12-21,Shrunk Max Sharpe λ=0.50,0.13306787478084492,0.12656708308288547,0.8933434509729494
2020-12-22,Shrunk Max Sharpe λ=0.50,0.13411919615875734,0.12657058994362858,0.9016249051978285
2020-12-23,Shrunk Max Sharpe λ=0.50,0.1292861890563377,0.12659842020617607,0.8632508121219526
2020-12-24,Shrunk Max Sharpe λ=0.50,0.12927220173516085,0.12659814991377155,0.8631421692148602
2020-12-28,Shrunk Max Sharpe λ=0.50,0.1304994927010732,0.1266051719241509,0.8727881414455436
2020-12-29,Shrunk Max Sharpe λ=0.50,0.13215241125719857,0.1265953308853199,0.8859126989351219
2020-12-30,Shrunk Max Sharpe λ=0.50,0.13638674568953912,0.12658245255831208,0.9194540265043755
2020-12-31,Shrunk Max Sharpe λ=0.50,0.1318974736725047,0.12648450645180045,0.8846733628608145
2021-01-04,Shrunk Max Sharpe λ=0.50,0.12819373854506422,0.1264697380621951,0.8554911254094386
2021-01-05,Shrunk Max Sharpe λ=0.50,0.12690487477514378,0.12647440272703447,0.8452688644505643
2021-01-06,Shrunk Max Sharpe λ=0.50,0.11430297782972199,0.12716366247130312,0.7415874629358307
2021-01-07,Shrunk Max Sharpe λ=0.50,0.11690151352915512,0.1271654798203166,0.762011150086296
2021-01-08,Shrunk Max Sharpe λ=0.50,0.10921401827125421,0.12721217300948934,0.7013009538371718
2021-01-11,Shrunk Max Sharpe λ=0.50,0.10214112872280756,0.12731619123395513,0.645174254167451
2021-01-12,Shrunk Max Sharpe λ=0.50,0.10275121208215499,0.12731551624528017,0.6499695757642794
2021-01-13,Shrunk Max Sharpe λ=0.50,0.10797917685926084,0.1274113107133589,0.6905130821327964
2021-01-14,Shrunk Max Sharpe λ=0.50,0.09979442229291591,0.12748934262356684,0.6258909227300826
2021-01-15,Shrunk Max Sharpe λ=0.50,0.09603492418714454,0.12749727592821503,0.5963650880663097
2021-01-19,Shrunk Max Sharpe λ=0.50,0.10158204858992725,0.12760123431041415,0.6393515629438464
2021-01-20,Shrunk Max Sharpe λ=0.50,0.10737229057227093,0.12779693333737863,0.6836806509402826
2021-01-21,Shrunk Max Sharpe λ=0.50,0.1060025065698238,0.12780341052447314,0.6729281027547784
2021-01-22,Shrunk Max Sharpe λ=0.50,0.10326811969050098,0.12779911408239183,0.6515547489383862
2021-01-25,Shrunk Max Sharpe λ=0.50,0.11038893085894408,0.12793892265042325,0.7065006409810115
2021-01-26,Shrunk Max Sharpe λ=0.50,0.11041939024435266,0.127938692933748,0.7067399874967896
2021-01-27,Shrunk Max Sharpe λ=0.50,0.10288570625368676,0.12811145651564376,0.6469812186044855
2021-01-28,Shrunk Max Sharpe λ=0.50,0.09865182876426193,0.12809152730232393,0.6140283469227942
2021-01-29,Shrunk Max Sharpe λ=0.50,0.08968311164425424,0.1282904435453807,0.5431668152242762
2021-02-01,Shrunk Max Sharpe λ=0.50,0.09995686479552757,0.128473611874319,0.6223602156818508
2021-02-02,Shrunk Max Sharpe λ=0.50,0.09810545274902815,0.12847853431815823,0.6079260879145107
2021-02-03,Shrunk Max Sharpe λ=0.50,0.09362028929441535,0.1285560565065489,0.5726707188678037
2021-02-04,Shrunk Max Sharpe λ=0.50,0.09095909002293223,0.12855883105414695,0.5519581147486117
2021-02-05,Shrunk Max Sharpe λ=0.50,0.0884758595441244,0.128556366167252,0.5326524199901327
2021-02-08,Shrunk Max Sharpe λ=0.50,0.09169901179587936,0.12862299145212497,0.5574354241525054
2021-02-09,Shrunk Max Sharpe λ=0.50,0.08850557699340644,0.1285812822024379,0.5327803224543329
2021-02-10,Shrunk Max Sharpe λ=0.50,0.09257155785353244,0.12859077315498918,0.5643605374863301
2021-02-11,Shrunk Max Sharpe λ=0.50,0.08977610910060796,0.128611566817928,0.5425336991608861
2021-02-12,Shrunk Max Sharpe λ=0.50,0.08544217756049144,0.12867110650383318,0.5086004102913492
2021-02-16,Shrunk Max Sharpe λ=0.50,0.0728301609401143,0.12900748557976371,0.40951236823734594
2021-02-17,Shrunk Max Sharpe λ=0.50,0.07040375110614128,0.1290011309291937,0.3907233273311917
2021-02-18,Shrunk Max Sharpe λ=0.50,0.06646788538899351,0.12902210297974737,0.36015445660723405
2021-02-19,Shrunk Max Sharpe λ=0.50,0.05950020398910105,0.12913171409510316,0.30589080510470007
2021-02-22,Shrunk Max Sharpe λ=0.50,0.052195028797439535,0.12929021124814952,0.24901366071439787
2021-02-23,Shrunk Max Sharpe λ=0.50,0.05633729205324833,0.12918009104185174,0.2812917359028318
2021-02-24,Shrunk Max Sharpe λ=0.50,0.06567600366036208,0.12886655791233287,0.35444419716273623
2021-02-25,Shrunk Max Sharpe λ=0.50,0.04671640813142708,0.1303976598513119,0.20488410729065923
2021-02-26,Shrunk Max Sharpe λ=0.50,0.069324362175752,0.13012986754707587,0.37903951725693086
2021-03-01,Shrunk Max Sharpe λ=0.50,0.07008541951899483,0.13014512249045634,0.3848428474349289
2021-03-02,Shrunk Max Sharpe λ=0.50,0.055054841978454006,0.12967946262750793,0.27031914898618714
2021-03-03,Shrunk Max Sharpe λ=0.50,0.039493539805344424,0.13024895170256184,0.14966369825271314
2021-03-04,Shrunk Max Sharpe λ=0.50,0.018488124964285868,0.13013602161587534,-0.011617652183780131
2021-03-05,Shrunk Max Sharpe λ=0.50,0.025932819236823335,0.13012838186113254,0.04559204650031371
2021-03-08,Shrunk Max Sharpe λ=0.50,0.013060691275183833,0.13053203556783421,-0.05316172918494007
2021-03-09,Shrunk Max Sharpe λ=0.50,0.05595002069256938,0.12911685225506267,0.27843012019493973
2021-03-10,Shrunk Max Sharpe λ=0.50,0.060444608972932246,0.12912069148758312,0.3132310438162546
2021-03-11,Shrunk Max Sharpe λ=0.50,0.09412146420223699,0.1260878113582899,0.5878559029914014
2021-03-12,Shrunk Max Sharpe λ=0.50,0.1333412665695033,0.11841436653115223,0.9571580703401026
2021-03-15,Shrunk Max Sharpe λ=0.50,0.10486682568127814,0.11455902318953642,0.7408131050564831
2021-03-16,Shrunk Max Sharpe λ=0.50,0.13284175978565504,0.1116072024238965,1.0110616280575653
2021-03-17,Shrunk Max Sharpe λ=0.50,0.1392643142329537,0.11143013495946441,1.0703057505614544
2021-03-18,Shrunk Max Sharpe λ=0.50,0.16775343459973246,0.10582973391453558,1.3961429282157416
2021-03-19,Shrunk Max Sharpe λ=0.50,0.18816353005709874,0.10478828759385274,1.6047931874684422
2021-03-22,Shrunk Max Sharpe λ=0.50,0.19109244416414706,0.10490604545046654,1.6309111970571013
2021-03-23,Shrunk Max Sharpe λ=0.50,0.16357711201191671,0.10219992349923566,1.4048651613030856
2021-03-24,Shrunk Max Sharpe λ=0.50,0.12461358452373661,0.09692345048777837,1.0793423469475834
2021-03-25,Shrunk Max Sharpe λ=0.50,0.1031911364711906,0.09549153092512375,0.8711886349002189
2021-03-26,Shrunk Max Sharpe λ=0.50,0.08552993826492505,0.09380418871925827,0.6985822185515215
2021-03-29,Shrunk Max Sharpe λ=0.50,0.08579321963078845,0.09378726964663597,0.7015154602397402
2021-03-30,Shrunk Max Sharpe λ=0.50,0.07024018661483011,0.09288064448562491,0.5409112619002742
2021-03-31,Shrunk Max Sharpe λ=0.50,0.08291724097803832,0.09258921937750615,0.6795309583668828
2021-04-01,Shrunk Max Sharpe λ=0.50,0.09874496144404521,0.09307722859627514,0.8460174699184856
2021-04-05,Shrunk Max Sharpe λ=0.50,0.09053062127919476,0.09264155291365833,0.7613281412168155
2021-04-06,Shrunk Max Sharpe λ=0.50,0.09756628565127135,0.09270848159644494,0.8366687094381853
2021-04-07,Shrunk Max Sharpe λ=0.50,0.07419016126617084,0.09063338448742263,0.5979050829078429
2021-04-08,Shrunk Max Sharpe λ=0.50,0.08711273478819859,0.09067063137382039,0.7401816196856907
2021-04-09,Shrunk Max Sharpe λ=0.50,0.08425163644813005,0.09067707196944834,0.708576435615149
2021-04-12,Shrunk Max Sharpe λ=0.50,0.07700063815171254,0.09054545893677728,0.6295250896183853
2021-04-13,Shrunk Max Sharpe λ=0.50,0.08164715591265415,0.0907238302073168,0.6795034531917542
2021-04-14,Shrunk Max Sharpe λ=0.50,0.06432331872518882,0.09000292562986109,0.492465310599673
2021-04-15,Shrunk Max Sharpe λ=0.50,0.06916060637558408,0.0904615301363739,0.5434421272940304
2021-04-16,Shrunk Max Sharpe λ=0.50,0.05853362599202838,0.09013847673093249,0.4274936452171588
2021-04-19,Shrunk Max Sharpe λ=0.50,0.06059532741061946,0.09003950411791341,0.45086129480963005
2021-04-20,Shrunk Max Sharpe λ=0.50,0.0600414715053077,0.09003492481110593,0.4447326589022544
2021-04-21,Shrunk Max Sharpe λ=0.50,0.0708615489366442,0.08993853950593023,0.5655145081969067
2021-04-22,Shrunk Max Sharpe λ=0.50,0.061668329267418054,0.08976574064098558,0.46418966712555554
2021-04-23,Shrunk Max Sharpe λ=0.50,0.060432983605470225,0.08974086616919089,0.4505526337269892
2021-04-26,Shrunk Max Sharpe λ=0.50,0.05697825269149437,0.08965978846676997,0.41242850695771355
2021-04-27,Shrunk Max Sharpe λ=0.50,0.05876462005717653,0.08955526859280512,0.4328569459540528
2021-04-28,Shrunk Max Sharpe λ=0.50,0.059903476720161164,0.0895512536545237,0.4455937252883498
2021-04-29,Shrunk Max Sharpe λ=0.50,0.05076906166447448,0.08921550414201138,0.3448846919644923
2021-04-30,Shrunk Max Sharpe λ=0.50,0.05704945971322006,0.08892919564475242,0.4166175061475021
2021-05-03,Shrunk Max Sharpe λ=0.50,0.062477540490838646,0.0888914296264434,0.47785867174536284
2021-05-04,Shrunk Max Sharpe λ=0.50,0.057920103854782745,0.0889088515797613,0.4265053836710973
2021-05-05,Shrunk Max Sharpe λ=0.50,0.057585822412379306,0.08890564752292447,0.4227607970875836
2021-05-06,Shrunk Max Sharpe λ=0.50,0.06959388936067157,0.08877137093365263,0.5586698598778861
2021-05-07,Shrunk Max Sharpe λ=0.50,0.058869714005076235,0.08795949995544373,0.441904672318122
2021-05-10,Shrunk Max Sharpe λ=0.50,0.05355165277365215,0.08825605928823126,0.38016259783452827
2021-05-11,Shrunk Max Sharpe λ=0.50,0.05224085518658672,0.0882955609916312,0.3651469544391089
2021-05-12,Shrunk Max Sharpe λ=0.50,0.0406743788601267,0.0890603513338474,0.23213897711482978
2021-05-13,Shrunk Max Sharpe λ=0.50,0.04431314900408134,0.08916719053672217,0.27266922797201215
2021-05-14,Shrunk Max Sharpe λ=0.50,0.04596743012058546,0.0893137882692107,0.29074379918041454
2021-05-17,Shrunk Max Sharpe λ=0.50,0.04400183324942719,0.08930605795065162,0.26875929584407393
2021-05-18,Shrunk Max Sharpe λ=0.50,0.04668838750718196,0.08919232257767368,0.2992229234073394
2021-05-19,Shrunk Max Sharpe λ=0.50,0.04202964665915432,0.0891709541065677,0.24704957886653106
2021-05-20,Shrunk Max Sharpe λ=0.50,0.04402819455277429,0.08932326034590927,0.2690026591027217
2021-05-21,Shrunk Max Sharpe λ=0.50,0.04826537927434993,0.08922532291037491,0.3167865170153763
2021-05-24,Shrunk Max Sharpe λ=0.50,0.04919140960194546,0.0892689676231406,0.3270051214793971
2021-05-25,Shrunk Max Sharpe λ=0.50,0.06222826182868468,0.08902727342685694,0.4743294970543896
2021-05-26,Shrunk Max Sharpe λ=0.50,0.0605131614477612,0.08902267603639358,0.4550881107101174
2021-05-27,Shrunk Max Sharpe λ=0.50,0.05951891516335017,0.08904263925066114,0.4438201236612238
2021-05-28,Shrunk Max Sharpe λ=0.50,0.05219609929250346,0.08871832530572236,0.3629024689268655
2021-06-01,Shrunk Max Sharpe λ=0.50,0.05178751426790673,0.08872243917415332,0.35828043687472344
2021-06-02,Shrunk Max Sharpe λ=0.50,0.055179760046998094,0.08873613965983485,0.39645357778530577
2021-06-03,Shrunk Max Sharpe λ=0.50,0.05624516997783768,0.08865248403506155,0.4088455092076486
2021-06-04,Shrunk Max Sharpe λ=0.50,0.07184557197679542,0.08896043744708146,0.582793581783318
2021-06-07,Shrunk Max Sharpe λ=0.50,0.07400839408682303,0.08892683506580137,0.6073351654408878
2021-06-08,Shrunk Max Sharpe λ=0.50,0.07070844550335909,0.08881081027341313,0.5709715444240173
2021-06-09,Shrunk Max Sharpe λ=0.50,0.06501941448457371,0.08852096795641738,0.5085734546727807
2021-06-10,Shrunk Max Sharpe λ=0.50,0.05762423763887936,0.08787424895577585,0.4281599909640692
2021-06-11,Shrunk Max Sharpe λ=0.50,0.06244553803287256,0.0876264422184206,0.48439189082984097
2021-06-14,Shrunk Max Sharpe λ=0.50,0.060706592175147955,0.08766986031524941,0.46431683623964204
2021-06-15,Shrunk Max Sharpe λ=0.50,0.05643514130906757,0.08765596138665108,0.41566073468011944
2021-06-16,Shrunk Max Sharpe λ=0.50,0.05027732798550555,0.0879256142829514,0.3443516230443472
2021-06-17,Shrunk Max Sharpe λ=0.50,0.04692812642469679,0.08789108518395834,0.3063806342626845
2021-06-18,Shrunk Max Sharpe λ=0.50,0.044815532983149,0.0878260461209091,0.28255322969891805
2021-06-21,Shrunk Max Sharpe λ=0.50,0.04291214221647199,0.08780351098952206,0.2609479046823787
2021-06-22,Shrunk Max Sharpe λ=0.50,0.0409242768314968,0.08774556106965578,0.23846536025778337
2021-06-23,Shrunk Max Sharpe λ=0.50,0.0378051020435215,0.08775285575047735,0.20290054256638415
2021-06-24,Shrunk Max Sharpe λ=0.50,0.041634554729752304,0.08774034059781026,0.2465747748680638
2021-06-25,Shrunk Max Sharpe λ=0.50,0.036661248742930086,0.08771185774053482,0.18995434793111582
2021-06-28,Shrunk Max Sharpe λ=0.50,0.042303366914414164,0.08780221990115884,0.2540182576194728
2021-06-29,Shrunk Max Sharpe λ=0.50,0.039023363511071496,0.08778828079779788,0.21669593410637433
2021-06-30,Shrunk Max Sharpe λ=0.50,0.037752241346995064,0.08774877083855834,0.2023075785261532
2021-07-01,Shrunk Max Sharpe λ=0.50,0.03782683209792004,0.08774949251311216,0.20315595665987723
2021-07-02,Shrunk Max Sharpe λ=0.50,0.04090080665410056,0.08788610033632197,0.23781697645153774
2021-07-06,Shrunk Max Sharpe λ=0.50,0.04048632997386892,0.0878623551162343,0.2331639067353393
2021-07-07,Shrunk Max Sharpe λ=0.50,0.04056788046446491,0.0878660560939508,0.23408220852057704
2021-07-08,Shrunk Max Sharpe λ=0.50,0.03742922737769505,0.08782611652198233,0.19845153204892788
2021-07-09,Shrunk Max Sharpe λ=0.50,0.02816119172015541,0.08760689940766679,0.0931569519676574
2021-07-12,Shrunk Max Sharpe λ=0.50,0.02914232673137218,0.08760233763918439,0.10436167547294803
2021-07-13,Shrunk Max Sharpe λ=0.50,0.029485636749040145,0.08758891502058047,0.10829722855696222
2021-07-14,Shrunk Max Sharpe λ=0.50,0.03270090187549979,0.08774643074997028,0.14474551006741765
2021-07-15,Shrunk Max Sharpe λ=0.50,0.03618521105708261,0.08777909255192597,0.18438571858678313
2021-07-16,Shrunk Max Sharpe λ=0.50,0.03418603608874915,0.08784648549628322,0.16148666629753058
2021-07-19,Shrunk Max Sharpe λ=0.50,0.03822097234803956,0.08798016094972198,0.20710319407635885
2021-07-20,Shrunk Max Sharpe λ=0.50,0.02973067982419142,0.08756591984118121,0.11112405193527351
2021-07-21,Shrunk Max Sharpe λ=0.50,0.025992341414590392,0.08763750578097437,0.06837644865848402
2021-07-22,Shrunk Max Sharpe λ=0.50,0.025564827690045533,0.08761688935319135,0.06351318485655459
2021-07-23,Shrunk Max Sharpe λ=0.50,0.027016644094303155,0.08760605692606976,0.08009313899636482
2021-07-26,Shrunk Max Sharpe λ=0.50,0.026881744318107303,0.0876076203197462,0.07855189186729002
2021-07-27,Shrunk Max Sharpe λ=0.50,0.022824030432997855,0.0874022001030757,0.03231074766616174
2021-07-28,Shrunk Max Sharpe λ=0.50,0.023259567164874317,0.08740785815237194,0.037291465936531064
2021-07-29,Shrunk Max Sharpe λ=0.50,0.019085695543329617,0.08731334816774129,-0.010471531281951016
2021-07-30,Shrunk Max Sharpe λ=0.50,0.016539679768097892,0.08729251993012413,-0.0396405125510413
2021-08-02,Shrunk Max Sharpe λ=0.50,0.013503762726935431,0.0871411425473038,-0.0745484518927227
2021-08-03,Shrunk Max Sharpe λ=0.50,0.013411241654995631,0.0871391547000018,-0.07561191484686541
2021-08-04,Shrunk Max Sharpe λ=0.50,0.004630693711666467,0.08672732482675963,-0.17721411699293357
2021-08-05,Shrunk Max Sharpe λ=0.50,0.0038763957964749185,0.08673946190746588,-0.1858854533905897
2021-08-06,Shrunk Max Sharpe λ=0.50,-0.013532692508886335,0.0869752735956045,-0.3855428229498664
2021-08-09,Shrunk Max Sharpe λ=0.50,-0.009835538782081654,0.08670300159834742,-0.34411194805336853
2021-08-10,Shrunk Max Sharpe λ=0.50,-0.008557457036294291,0.08666508232067309,-0.32951514348798117
2021-08-11,Shrunk Max Sharpe λ=0.50,0.013329313898313044,0.08459658794982663,-0.07885289777459194
2021-08-12,Shrunk Max Sharpe λ=0.50,0.011711458832160071,0.0845767376447059,-0.09800024686053556
2021-08-13,Shrunk Max Sharpe λ=0.50,0.018635971716308486,0.08497281219452131,-0.016052526078211417
2021-08-16,Shrunk Max Sharpe λ=0.50,0.023081228423020184,0.0849771094787157,0.036259510848529644
2021-08-17,Shrunk Max Sharpe λ=0.50,0.012488076951339355,0.08463359761439432,-0.08875816768284268
2021-08-18,Shrunk Max Sharpe λ=0.50,0.004102692524331264,0.08440973681949385,-0.1883349963483995
2021-08-19,Shrunk Max Sharpe λ=0.50,0.016519879307862917,0.08388489092658713,-0.04148685959647671
2021-08-20,Shrunk Max Sharpe λ=0.50,0.01053500725699208,0.0835339925589812,-0.11330707958589353
2021-08-23,Shrunk Max Sharpe λ=0.50,0.012909924551093077,0.08362224167516172,-0.08478695747536849
2021-08-24,Shrunk Max Sharpe λ=0.50,0.01105117719452986,0.08365264983418898,-0.10697596338200803
2021-08-25,Shrunk Max Sharpe λ=0.50,0.007862957184901598,0.08373781284414042,-0.14494100577583566
2021-08-26,Shrunk Max Sharpe λ=0.50,0.0008805117586554445,0.08350772843924847,-0.22895471591295774
2021-08-27,Shrunk Max Sharpe λ=0.50,0.01696615095354992,0.08338417352789607,-0.036383991327024565
2021-08-30,Shrunk Max Sharpe λ=0.50,0.014244453882866548,0.08327431883525334,-0.06911549920354197
2021-08-31,Shrunk Max Sharpe λ=0.50,0.007488294982756383,0.083185235557151,-0.15040776086578084
2021-09-01,Shrunk Max Sharpe λ=0.50,-0.00024744914678398455,0.08275022035046882,-0.24468151336674082
2021-09-02,Shrunk Max Sharpe λ=0.50,-0.0017659351012799807,0.08270991275320669,-0.2631599330327683
2021-09-03,Shrunk Max Sharpe λ=0.50,0.010580070707565836,0.08166250454241789,-0.11535195185620567
2021-09-07,Shrunk Max Sharpe λ=0.50,0.012988220671720896,0.08141689125957864,-0.08612192408481543
2021-09-08,Shrunk Max Sharpe λ=0.50,0.025088438089152287,0.08077867205006856,0.0629923463708137
2021-09-09,Shrunk Max Sharpe λ=0.50,0.020461036965328194,0.08044301179988832,0.005731224565224868
2021-09-10,Shrunk Max Sharpe λ=0.50,0.01860375102343026,0.08055347984599329,-0.01733319254784733
2021-09-13,Shrunk Max Sharpe λ=0.50,0.0221720334029738,0.08059416677244716,0.026950255706550175
2021-09-14,Shrunk Max Sharpe λ=0.50,0.020537222456403326,0.08050126042656724,0.006673466397378663
2021-09-15,Shrunk Max Sharpe λ=0.50,0.017661027620728742,0.08047132611940917,-0.029065910704646796
2021-09-16,Shrunk Max Sharpe λ=0.50,0.015943464938188434,0.08058402680004137,-0.050339195283419166
2021-09-17,Shrunk Max Sharpe λ=0.50,0.015212516070380877,0.08062377926346471,-0.059380544714660984
2021-09-20,Shrunk Max Sharpe λ=0.50,0.02083179117132805,0.08052754253233985,0.010329275489736988
2021-09-21,Shrunk Max Sharpe λ=0.50,0.02274573424309345,0.08052017522030737,0.03409995365237321
2021-09-22,Shrunk Max Sharpe λ=0.50,0.02249668569697838,0.08050990464789362,0.031010913599979036
2021-09-23,Shrunk Max Sharpe λ=0.50,0.02654442895495479,0.08004872875738248,0.08175556384899156
2021-09-24,Shrunk Max Sharpe λ=0.50,0.020412678157852193,0.08005655224778932,0.005154833005734249
2021-09-27,Shrunk Max Sharpe λ=0.50,0.012455744262140689,0.07990075598013438,-0.09442032988692911
2021-09-28,Shrunk Max Sharpe λ=0.50,-0.0061414169554598885,0.0805945486269822,-0.32435713582131803
2021-09-29,Shrunk Max Sharpe λ=0.50,-0.007012837927888427,0.08058922319993166,-0.3351916900957464
2021-09-30,Shrunk Max Sharpe λ=0.50,-0.0033685711851265676,0.08054975463608574,-0.2901134992987006
2021-10-01,Shrunk Max Sharpe λ=0.50,-0.003172410581432139,0.08056492627734778,-0.28762405245255546
2021-10-04,Shrunk Max Sharpe λ=0.50,0.0011686374488004692,0.08023635446838934,-0.23469863101293456
2021-10-05,Shrunk Max Sharpe λ=0.50,0.001084517399301932,0.0802378506528988,-0.23574263825341757
2021-10-06,Shrunk Max Sharpe λ=0.50,0.00819928430786443,0.08017614911186205,-0.14718486511083453
2021-10-07,Shrunk Max Sharpe λ=0.50,0.004368192021900974,0.08021327729438181,-0.19487806140535152
2021-10-08,Shrunk Max Sharpe λ=0.50,-0.0027711751853011224,0.08017844489182341,-0.28400619662833254
2021-10-11,Shrunk Max Sharpe λ=0.50,-0.012873782595196115,0.07996550065688679,-0.41109956575210865
2021-10-12,Shrunk Max Sharpe λ=0.50,-0.015306428257124916,0.07975019788643246,-0.44271273542672224
2021-10-13,Shrunk Max Sharpe λ=0.50,-0.007939329971987874,0.0800875840613826,-0.34885969279050744
2021-10-14,Shrunk Max Sharpe λ=0.50,-0.000956832999538193,0.08033562461681612,-0.2608659993558006
2021-10-15,Shrunk Max Sharpe λ=0.50,-0.0033046455049229317,0.08042147582737035,-0.28978137077399313
2021-10-18,Shrunk Max Sharpe λ=0.50,0.0009406119962382942,0.08038037378803647,-0.23711494616859366
2021-10-19,Shrunk Max Sharpe λ=0.50,0.004192376639931883,0.08022767478194094,-0.1970345445388176
2021-10-20,Shrunk Max Sharpe λ=0.50,0.0062877261685885255,0.08020399463078885,-0.17096746732546889
2021-10-21,Shrunk Max Sharpe λ=0.50,0.005989902352047993,0.08020536668952459,-0.17467780805971714
2021-10-22,Shrunk Max Sharpe λ=0.50,0.015390379017941047,0.0800726143585899,-0.05756800897514907
2021-10-25,Shrunk Max Sharpe λ=0.50,0.01591751418270171,0.080089566797226,-0.050974002988859894
2021-10-26,Shrunk Max Sharpe λ=0.50,0.017870168969605693,0.08010386001043393,-0.026588369525724305
2021-10-27,Shrunk Max Sharpe λ=0.50,0.019032989921385468,0.08018126759273106,-0.01206029921510243
2021-10-28,Shrunk Max Sharpe λ=0.50,0.03213470697285592,0.07925506617994736,0.1531095431212468
2021-10-29,Shrunk Max Sharpe λ=0.50,0.03267669829079822,0.07925232199134094,0.1599536514801834
2021-11-01,Shrunk Max Sharpe λ=0.50,0.04142039310490131,0.07872512394744724,0.2720909416312947
2021-11-02,Shrunk Max Sharpe λ=0.50,0.03925275012496732,0.07862683135727418,0.2448623426967866
2021-11-03,Shrunk Max Sharpe λ=0.50,0.03333667597760215,0.07863637684844958,0.1695993191968266
2021-11-04,Shrunk Max Sharpe λ=0.50,0.021866476661781764,0.07667503889228387,0.02434268946904434
2021-11-05,Shrunk Max Sharpe λ=0.50,0.01922076389997751,0.07635081274614881,-0.010205996138027943
2021-11-08,Shrunk Max Sharpe λ=0.50,0.021898833044490695,0.07625639845786396,0.02490063893510404
2021-11-09,Shrunk Max Sharpe λ=0.50,0.04825743193698928,0.0733707618097057,0.38513205042463255
2021-11-10,Shrunk Max Sharpe λ=0.50,0.04556798043746957,0.07363636691422008,0.34721947196626396
2021-11-11,Shrunk Max Sharpe λ=0.50,0.03877917934647357,0.07340226454091922,0.25583923689445337
2021-11-12,Shrunk Max Sharpe λ=0.50,0.03413325333684658,0.07315365421586575,0.19319955357447235
2021-11-15,Shrunk Max Sharpe λ=0.50,0.02647906214160245,0.07328321473167586,0.08841127078452177
2021-11-16,Shrunk Max Sharpe λ=0.50,0.02475509633752848,0.0732829433652745,0.06488680884209283
2021-11-17,Shrunk Max Sharpe λ=0.50,0.027739829231662183,0.07338357569399305,0.10547086536007731
2021-11-18,Shrunk Max Sharpe λ=0.50,0.032152238716190995,0.07337874111115197,0.16560980104282708
2021-11-19,Shrunk Max Sharpe λ=0.50,0.03146847008322018,0.07335298862575472,0.15634632341610583
2021-11-22,Shrunk Max Sharpe λ=0.50,0.019174330443264553,0.07403152764298358,-0.011152945009013343
2021-11-23,Shrunk Max Sharpe λ=0.50,0.018120679211959256,0.07411556897488542,-0.025356626334172315
2021-11-24,Shrunk Max Sharpe λ=0.50,0.02666836813593365,0.07427733493478002,0.08977662084657292
2021-11-26,Shrunk Max Sharpe λ=0.50,0.030899251499183933,0.07442019780715467,0.14645555669479948
2021-11-29,Shrunk Max Sharpe λ=0.50,0.027936812230546337,0.07432612567122895,0.10678361287999454
2021-11-30,Shrunk Max Sharpe λ=0.50,0.029252514560082155,0.07431317432377295,0.12450705604056338
2021-12-01,Shrunk Max Sharpe λ=0.50,0.027753576553426917,0.07432395438879091,0.10432136741362975
2021-12-02,Shrunk Max Sharpe λ=0.50,0.03117122202041278,0.07433090615510071,0.15029040540825148
2021-12-03,Shrunk Max Sharpe λ=0.50,0.029325355417247456,0.07424446064715338,0.12560338287816764
2021-12-06,Shrunk Max Sharpe λ=0.50,0.031308392978221855,0.07414177463091672,0.15252390483659015
2021-12-07,Shrunk Max Sharpe λ=0.50,0.028811035992837297,0.07396781631468695,0.11911986093183867
2021-12-08,Shrunk Max Sharpe λ=0.50,0.0215266194532997,0.07407050633433536,0.020610355306725316
2021-12-09,Shrunk Max Sharpe λ=0.50,0.029087801055775797,0.07352775704945802,0.12359687579838645
2021-12-10,Shrunk Max Sharpe λ=0.50,0.028100633570858236,0.07348435212310782,0.11023617051542212
2021-12-13,Shrunk Max Sharpe λ=0.50,0.029279795975729384,0.07351251163519636,0.12623423916979049
2021-12-14,Shrunk Max Sharpe λ=0.50,0.024347976518067416,0.07368500819405244,0.059007613958823806
2021-12-15,Shrunk Max Sharpe λ=0.50,0.023926992520005852,0.07366750215589771,0.053306986189044586
2021-12-16,Shrunk Max Sharpe λ=0.50,0.020736862594142647,0.07369427680041324,0.009998912074791054
2021-12-17,Shrunk Max Sharpe λ=0.50,0.019746613652678047,0.07367246817801562,-0.0034393628120303154
2021-12-20,Shrunk Max Sharpe λ=0.50,0.01606820512018703,0.07386053048113063,-0.05323269213206421
2021-12-21,Shrunk Max Sharpe λ=0.50,0.019270637899950316,0.07392970353370162,-0.009865616459792744
2021-12-22,Shrunk Max Sharpe λ=0.50,0.023556340586707192,0.07412846287984914,0.047975372057444024
2021-12-23,Shrunk Max Sharpe λ=0.50,0.025356737872445523,0.07408892961613905,0.07230146123313198
2021-12-27,Shrunk Max Sharpe λ=0.50,0.027383026867962457,0.07419975361110141,0.09950204021779721
2021-12-28,Shrunk Max Sharpe λ=0.50,0.022991012772345165,0.07422157618857787,0.04029842703347842
2021-12-29,Shrunk Max Sharpe λ=0.50,0.01807274461937447,0.07435769611459195,-0.025918707562636895
2021-12-30,Shrunk Max Sharpe λ=0.50,0.01959741379631108,0.07441094119828776,-0.00541030925299173
2021-12-31,Shrunk Max Sharpe λ=0.50,0.017677781202793952,0.07439503178443194,-0.03121470266905647
2022-01-03,Shrunk Max Sharpe λ=0.50,0.008300585313599118,0.07504137799987652,-0.15590618133931566
2022-01-04,Shrunk Max Sharpe λ=0.50,0.00689777471330455,0.07506581407288795,-0.17454317186213894
2022-01-05,Shrunk Max Sharpe λ=0.50,0.009861524287022139,0.07461803811688908,-0.135871646706872
2022-01-06,Shrunk Max Sharpe λ=0.50,0.006041548991608581,0.07462857497129892,-0.18703895945701282
2022-01-07,Shrunk Max Sharpe λ=0.50,0.005519531647221632,0.07465738445841921,-0.1939589560741086
2022-01-10,Shrunk Max Sharpe λ=0.50,0.011201313860634832,0.07450149399799715,-0.11810080130207466
2022-01-11,Shrunk Max Sharpe λ=0.50,0.018070789506318574,0.07485525309613733,-0.025772546533290353
2022-01-12,Shrunk Max Sharpe λ=0.50,0.012974802745101321,0.07466771287221736,-0.09408614493015548
2022-01-13,Shrunk Max Sharpe λ=0.50,0.015275976064352603,0.07455961930005002,-0.06335901363225212
2022-01-14,Shrunk Max Sharpe λ=0.50,0.011095319163758388,0.07476538245612689,-0.11910165565550303
2022-01-18,Shrunk Max Sharpe λ=0.50,-0.006665761916292978,0.0755453078037615,-0.3529770768233637
2022-01-19,Shrunk Max Sharpe λ=0.50,-0.01256161098651043,0.07516104693879783,-0.4332245533118334
2022-01-20,Shrunk Max Sharpe λ=0.50,-0.013126491758518988,0.07516941382007195,-0.4406911012744051
2022-01-21,Shrunk Max Sharpe λ=0.50,-0.014229338951264325,0.07518589906406431,-0.4552627471023288
2022-01-24,Shrunk Max Sharpe λ=0.50,-0.02104390700719483,0.07490647632564068,-0.5479353591372366
2022-01-25,Shrunk Max Sharpe λ=0.50,-0.025616730163042334,0.07508505982421937,-0.6075340456521584
2022-01-26,Shrunk Max Sharpe λ=0.50,-0.027528297767292265,0.07526950556087342,-0.6314416098941192
2022-01-27,Shrunk Max Sharpe λ=0.50,-0.02469367367357711,0.07529664652889186,-0.5935679174825912
2022-01-28,Shrunk Max Sharpe λ=0.50,-0.01027863767480397,0.07541284390858992,-0.40150505014113486
2022-01-31,Shrunk Max Sharpe λ=0.50,-0.011578306530656945,0.07529019028640932,-0.4194212607317207
2022-02-01,Shrunk Max Sharpe λ=0.50,-0.009825926334656732,0.07529275423347358,-0.39613275723943103
2022-02-02,Shrunk Max Sharpe λ=0.50,-0.0009996556612124063,0.07533694850141337,-0.2787431144867573
2022-02-03,Shrunk Max Sharpe λ=0.50,-0.012483500308278828,0.07635659920104479,-0.42541837441909486
2022-02-04,Shrunk Max Sharpe λ=0.50,-0.015340434642099998,0.0764337056800845,-0.4623671497757602
2022-02-07,Shrunk Max Sharpe λ=0.50,-0.020188065261486865,0.07628272696493489,-0.5268304747411591
2022-02-08,Shrunk Max Sharpe λ=0.50,-0.020287690750587783,0.07628172823981093,-0.528143392660602
2022-02-09,Shrunk Max Sharpe λ=0.50,-0.01639621846824535,0.07652355227386078,-0.4756211308381422
2022-02-10,Shrunk Max Sharpe λ=0.50,-0.027600042590574025,0.07764134507042109,-0.613075965484634
2022-02-11,Shrunk Max Sharpe λ=0.50,-0.02201338727336566,0.07759762550875222,-0.5414261969733466
2022-02-14,Shrunk Max Sharpe λ=0.50,-0.017866376030160058,0.0772147573648943,-0.49040335451958583
2022-02-15,Shrunk Max Sharpe λ=0.50,-0.01662808622935652,0.0772184014277243,-0.47434401065191784
2022-02-16,Shrunk Max Sharpe λ=0.50,-0.010674548835175823,0.07728008690653167,-0.3969269453886086
2022-02-17,Shrunk Max Sharpe λ=0.50,-0.007604331531555153,0.07713630482482545,-0.3578643233461063
2022-02-18,Shrunk Max Sharpe λ=0.50,-0.0004478615949717879,0.07689621931217988,-0.26591504469105903
2022-02-22,Shrunk Max Sharpe λ=0.50,-0.0013422150551924972,0.07691807865413618,-0.27746682481706586
2022-02-23,Shrunk Max Sharpe λ=0.50,-0.012066759327399645,0.07765784677916229,-0.41292362146723893
2022-02-24,Shrunk Max Sharpe λ=0.50,0.0144427539226335,0.07537092567520674,-0.07373196000423483
2022-02-25,Shrunk Max Sharpe λ=0.50,0.010873452300101283,0.075017123149828,-0.12165952674125764
2022-02-28,Shrunk Max Sharpe λ=0.50,0.017664238875378047,0.0756219733762627,-0.03088733367218814
2022-03-01,Shrunk Max Sharpe λ=0.50,0.025078948596905404,0.0757134259099305,0.0670812149346851
2022-03-02,Shrunk Max Sharpe λ=0.50,0.028310708694030184,0.07526937606563402,0.1104128814191756
2022-03-03,Shrunk Max Sharpe λ=0.50,0.04047825196196708,0.07469866523926275,0.2741448176667473
2022-03-04,Shrunk Max Sharpe λ=0.50,0.043932502528267525,0.0749274681921343,0.31940893113988733
2022-03-07,Shrunk Max Sharpe λ=0.50,0.04514787225267525,0.07477366495177358,0.3363199098090852
2022-03-08,Shrunk Max Sharpe λ=0.50,0.02755589298762362,0.0729907715861229,0.10351846984804523
2022-03-09,Shrunk Max Sharpe λ=0.50,0.02370012663353438,0.07296456221335514,0.05071128396158763
2022-03-10,Shrunk Max Sharpe λ=0.50,0.014331883952988678,0.07314005709639379,-0.07749674080157086
2022-03-11,Shrunk Max Sharpe λ=0.50,0.01900406266940813,0.07267095806806777,-0.01370475024780904
2022-03-14,Shrunk Max Sharpe λ=0.50,-0.0012387952863905927,0.07409828419868246,-0.2866300551500252
2022-03-15,Shrunk Max Sharpe λ=0.50,0.002444669252097409,0.07415652852748908,-0.23673344878050767
2022-03-16,Shrunk Max Sharpe λ=0.50,0.013370406214980868,0.07492951738601161,-0.08847773235834018
2022-03-17,Shrunk Max Sharpe λ=0.50,0.028504262901263733,0.07388750556218163,0.11509744220701545
2022-03-18,Shrunk Max Sharpe λ=0.50,0.031578137931335126,0.07406308524242826,0.1563280532189118
2022-03-21,Shrunk Max Sharpe λ=0.50,0.016408178327794287,0.07418199104079502,-0.04841905187244781
2022-03-22,Shrunk Max Sharpe λ=0.50,0.013955329754272494,0.07420304869239668,-0.08146121153034083
2022-03-23,Shrunk Max Sharpe λ=0.50,0.021409095957542368,0.07439886777581321,0.018939750021309588
2022-03-24,Shrunk Max Sharpe λ=0.50,0.026683883307265566,0.07442046790380491,0.08981243326641107
2022-03-25,Shrunk Max Sharpe λ=0.50,0.018369449671034488,0.07465810807275283,-0.02184023103527582
2022-03-28,Shrunk Max Sharpe λ=0.50,0.026554347013213908,0.07442145004865898,0.08807067060543
2022-03-29,Shrunk Max Sharpe λ=0.50,0.03517549343639903,0.07475188695881108,0.20301150986009028
2022-03-30,Shrunk Max Sharpe λ=0.50,0.033461399928171875,0.07468668450039778,0.18023828501987096
2022-03-31,Shrunk Max Sharpe λ=0.50,0.019512324318105456,0.07398552883063797,-0.006591500927308288
2022-04-01,Shrunk Max Sharpe λ=0.50,0.014798792608081479,0.07401398498274109,-0.07027330568853118
2022-04-04,Shrunk Max Sharpe λ=0.50,0.013947427902452958,0.07396751098055024,-0.08182744041689556
2022-04-05,Shrunk Max Sharpe λ=0.50,0.002136256389008828,0.07516553190554277,-0.2376587134837249
2022-04-06,Shrunk Max Sharpe λ=0.50,-0.010280318539905187,0.0751060342461427,-0.40316758625103843
2022-04-07,Shrunk Max Sharpe λ=0.50,-0.008921746019380006,0.07509717569027023,-0.3851242840165449
2022-04-08,Shrunk Max Sharpe λ=0.50,-0.011275460770277523,0.07517413849483327,-0.41604016216863055
2022-04-11,Shrunk Max Sharpe λ=0.50,-0.02551526226646128,0.07536308173105231,-0.6039464048045603
2022-04-12,Shrunk Max Sharpe λ=0.50,-0.019756364566081097,0.07530133248790996,-0.5279636263071998
2022-04-13,Shrunk Max Sharpe λ=0.50,-0.024707335017298826,0.07467954507890748,-0.5986556957472146
2022-04-14,Shrunk Max Sharpe λ=0.50,-0.03406884632451401,0.0755162518708907,-0.715989538476498
2022-04-18,Shrunk Max Sharpe λ=0.50,-0.03149073760857779,0.07544836640160196,-0.6824632535381775
2022-04-19,Shrunk Max Sharpe λ=0.50,-0.03392225341271371,0.07546050659953596,-0.7145758204205497
2022-04-20,Shrunk Max Sharpe λ=0.50,-0.0333830263370829,0.07549701999357293,-0.7070878604430666
2022-04-21,Shrunk Max Sharpe λ=0.50,-0.0395659913294486,0.07594669923600682,-0.7843131028557985
2022-04-22,Shrunk Max Sharpe λ=0.50,-0.051657061159716244,0.07670254327584697,-0.9342201457651078
2022-04-25,Shrunk Max Sharpe λ=0.50,-0.05115728873478276,0.07671139771237051,-0.9275973435080288
2022-04-26,Shrunk Max Sharpe λ=0.50,-0.05189257671847114,0.07675845771686371,-0.9366078847448814
2022-04-27,Shrunk Max Sharpe λ=0.50,-0.057321035395902276,0.07692340794036817,-1.005169134677995
2022-04-28,Shrunk Max Sharpe λ=0.50,-0.04770195598821325,0.07753684667462128,-0.8731584903409916
2022-04-29,Shrunk Max Sharpe λ=0.50,-0.06107946454909463,0.07895824533574101,-1.0268650753867936
2022-05-02,Shrunk Max Sharpe λ=0.50,-0.06949912286874149,0.07919614683605705,-1.1300944104517168
2022-05-03,Shrunk Max Sharpe λ=0.50,-0.06457268595565613,0.07923924403884786,-1.067308086813568
2022-05-04,Shrunk Max Sharpe λ=0.50,-0.05203642979178802,0.08057251837156161,-0.8940570711665079
2022-05-05,Shrunk Max Sharpe λ=0.50,-0.07558250917696285,0.08283690821627673,-1.1538637937501115
2022-05-06,Shrunk Max Sharpe λ=0.50,-0.0831640097064753,0.08299300291681952,-1.2430446673904831
2022-05-09,Shrunk Max Sharpe λ=0.50,-0.08550927905146688,0.0832506238286408,-1.2673692303933033
2022-05-10,Shrunk Max Sharpe λ=0.50,-0.08071871053783708,0.08323446994893137,-1.2100600940888215
2022-05-11,Shrunk Max Sharpe λ=0.50,-0.06919610083875793,0.08249057560149943,-1.0812883797738542
2022-05-12,Shrunk Max Sharpe λ=0.50,-0.07689553890257561,0.08241239663297988,-1.1757398505724304
2022-05-13,Shrunk Max Sharpe λ=0.50,-0.08317929249784561,0.0819056932964206,-1.2597328506143628
2022-05-16,Shrunk Max Sharpe λ=0.50,-0.08140921306318083,0.08192715147087928,-1.2377973753820353
2022-05-17,Shrunk Max Sharpe λ=0.50,-0.07851576672196547,0.08190448798848113,-1.202812802343878
2022-05-18,Shrunk Max Sharpe λ=0.50,-0.08331224906271528,0.08215226229131505,-1.2575703478057139
2022-05-19,Shrunk Max Sharpe λ=0.50,-0.08750384892680907,0.08180226637291724,-1.3141915706433411
2022-05-20,Shrunk Max Sharpe λ=0.50,-0.08472498409291529,0.08187431626870287,-1.279094456791785
2022-05-23,Shrunk Max Sharpe λ=0.50,-0.08759488057208997,0.08172771211929317,-1.316504252744039
2022-05-24,Shrunk Max Sharpe λ=0.50,-0.08822477841853049,0.08168799360008973,-1.3248553875414517
2022-05-25,Shrunk Max Sharpe λ=0.50,-0.08541107321909647,0.08174808668457684,-1.2894622674879566
2022-05-26,Shrunk Max Sharpe λ=0.50,-0.07869050520029652,0.08191730896002113,-1.2047576568764164
2022-05-27,Shrunk Max Sharpe λ=0.50,-0.07134318112277094,0.0824202778512035,-1.1082610190622786
2022-05-31,Shrunk Max Sharpe λ=0.50,-0.0800648383744843,0.083024610645223,-1.2052430911368779
2022-06-01,Shrunk Max Sharpe λ=0.50,-0.08422634908674842,0.08300987629469667,-1.2555897411138202
2022-06-02,Shrunk Max Sharpe λ=0.50,-0.06802728591267548,0.0835272935154276,-1.0538745146389392
2022-06-03,Shrunk Max Sharpe λ=0.50,-0.08588449008392718,0.08350515689723534,-1.2679994148652725
2022-06-06,Shrunk Max Sharpe λ=0.50,-0.08960433975183091,0.08359611941098218,-1.311117555744244
2022-06-07,Shrunk Max Sharpe λ=0.50,-0.08511799952627763,0.08388574000102568,-1.253109283234461
2022-06-08,Shrunk Max Sharpe λ=0.50,-0.09203171479219496,0.08398123563640583,-1.3340088883334942
2022-06-09,Shrunk Max Sharpe λ=0.50,-0.1041735791014361,0.08422155095366883,-1.4743682311163482
2022-06-10,Shrunk Max Sharpe λ=0.50,-0.11031660372623742,0.08464932172553223,-1.5394878667637433
2022-06-13,Shrunk Max Sharpe λ=0.50,-0.13335571428571724,0.08921013396487024,-1.7190391659551445
2022-06-14,Shrunk Max Sharpe λ=0.50,-0.13760845703477054,0.08939551010537021,-1.763046677053444
2022-06-15,Shrunk Max Sharpe λ=0.50,-0.11850109097875705,0.09057216119670314,-1.5291794868178383
2022-06-16,Shrunk Max Sharpe λ=0.50,-0.12248429510803394,0.09068298644766322,-1.5712351422200603
2022-06-17,Shrunk Max Sharpe λ=0.50,-0.12459539278536058,0.09064852307351777,-1.5951213310788397
2022-06-21,Shrunk Max Sharpe λ=0.50,-0.12172154907645483,0.09073939076188493,-1.5618525525298648
2022-06-22,Shrunk Max Sharpe λ=0.50,-0.1172986936021101,0.09101144083148466,-1.5085871880254063
2022-06-23,Shrunk Max Sharpe λ=0.50,-0.1122708906400125,0.09112219208209485,-1.4515771363450682
2022-06-24,Shrunk Max Sharpe λ=0.50,-0.10711999505043512,0.09144596154936158,-1.3901105406586716
2022-06-27,Shrunk Max Sharpe λ=0.50,-0.10946090379184858,0.09152000613770922,-1.4145639762856885
2022-06-28,Shrunk Max Sharpe λ=0.50,-0.11955257110216266,0.0916303973086695,-1.5229942813852566
2022-06-29,Shrunk Max Sharpe λ=0.50,-0.11557495989124722,0.09171537397552705,-1.4782141097459132
2022-06-30,Shrunk Max Sharpe λ=0.50,-0.11914824330635831,0.09167911385366774,-1.5177747412399483
2022-07-01,Shrunk Max Sharpe λ=0.50,-0.1148232236800042,0.09189469095668638,-1.4671492147849077
2022-07-05,Shrunk Max Sharpe λ=0.50,-0.11952421940317282,0.09169116675140117,-1.5216756896709538
2022-07-06,Shrunk Max Sharpe λ=0.50,-0.1292595408367584,0.09167689289405917,-1.628104270606565
2022-07-07,Shrunk Max Sharpe λ=0.50,-0.1285286018365489,0.0917256255998228,-1.6192705240795418
2022-07-08,Shrunk Max Sharpe λ=0.50,-0.12998537752360229,0.09173464863352264,-1.6349915736069331
2022-07-11,Shrunk Max Sharpe λ=0.50,-0.13284180465412676,0.09185360562043758,-1.6639717474533107
2022-07-12,Shrunk Max Sharpe λ=0.50,-0.1360675582822819,0.09189904336491783,-1.6982500858312546
2022-07-13,Shrunk Max Sharpe λ=0.50,-0.13124655504560945,0.09190551491370598,-1.645674421035792
2022-07-14,Shrunk Max Sharpe λ=0.50,-0.14108947529466687,0.09178609396544583,-1.755053171293151
2022-07-15,Shrunk Max Sharpe λ=0.50,-0.13724840022651996,0.0920555594256114,-1.7081901539427373
2022-07-18,Shrunk Max Sharpe λ=0.50,-0.13740726912441892,0.09206234878809161,-1.7097898456483847
2022-07-19,Shrunk Max Sharpe λ=0.50,-0.13337576891595326,0.09247204610420372,-1.6586176620675088
2022-07-20,Shrunk Max Sharpe λ=0.50,-0.1319063971146065,0.09250536683225502,-1.6421360437396737
2022-07-21,Shrunk Max Sharpe λ=0.50,-0.11735479934624082,0.09348869738102746,-1.4692128909062703
2022-07-22,Shrunk Max Sharpe λ=0.50,-0.12177672155548902,0.09337096041849095,-1.5184241537201957
2022-07-25,Shrunk Max Sharpe λ=0.50,-0.1254008620469882,0.09343311871942525,-1.5562025975352416
2022-07-26,Shrunk Max Sharpe λ=0.50,-0.1304475683424302,0.09363984346811997,-1.6066618948765183
2022-07-27,Shrunk Max Sharpe λ=0.50,-0.11753820425511496,0.09531261041949071,-1.4430221106082457
2022-07-28,Shrunk Max Sharpe λ=0.50,-0.10949286160893212,0.09593565472963947,-1.3497886888233754
2022-07-29,Shrunk Max Sharpe λ=0.50,-0.10321764051804672,0.09623090181100295,-1.280437345999787
2022-08-01,Shrunk Max Sharpe λ=0.50,-0.09854701129659904,0.09637002616426181,-1.2301232656566552
2022-08-02,Shrunk Max Sharpe λ=0.50,-0.10901431033328046,0.09666771124632041,-1.3346163746914126
2022-08-03,Shrunk Max Sharpe λ=0.50,-0.10082717025291044,0.09732835836729081,-1.2414384900744087
2022-08-04,Shrunk Max Sharpe λ=0.50,-0.09380910476336979,0.09765393484369873,-1.1654328619274628
2022-08-05,Shrunk Max Sharpe λ=0.50,-0.10271968823436983,0.09828341933452037,-1.2486306343970133
2022-08-08,Shrunk Max Sharpe λ=0.50,-0.08961761883842778,0.09794350461270357,-1.1191923269632527
2022-08-09,Shrunk Max Sharpe λ=0.50,-0.08858754909055888,0.0979019945832612,-1.1091454219373449
2022-08-10,Shrunk Max Sharpe λ=0.50,-0.0798952704366851,0.09821060736194369,-1.017153575565751
2022-08-11,Shrunk Max Sharpe λ=0.50,-0.08773412959270144,0.09831855947433854,-1.095765948654083
2022-08-12,Shrunk Max Sharpe λ=0.50,-0.07809825366250311,0.09895483626516834,-0.9913437014804426
2022-08-15,Shrunk Max Sharpe λ=0.50,-0.0863307000209782,0.09857046488494214,-1.078727792803801
2022-08-16,Shrunk Max Sharpe λ=0.50,-0.08939193592629247,0.09853543914294485,-1.1101786004890906
2022-08-17,Shrunk Max Sharpe λ=0.50,-0.0946422062776251,0.09882028943702341,-1.1601079791481965
2022-08-18,Shrunk Max Sharpe λ=0.50,-0.09228909395843266,0.09881520524265276,-1.136354407023627
2022-08-19,Shrunk Max Sharpe λ=0.50,-0.10535697963047341,0.09943463649898479,-1.2606973188035264
2022-08-22,Shrunk Max Sharpe λ=0.50,-0.11768131630834577,0.1000491139353316,-1.3761372879058016
2022-08-23,Shrunk Max Sharpe λ=0.50,-0.12100606901065525,0.0999370430708939,-1.410948980255775
2022-08-24,Shrunk Max Sharpe λ=0.50,-0.11873073748850027,0.09992513578033167,-1.388346749845565
2022-08-25,Shrunk Max Sharpe λ=0.50,-0.10710857184632683,0.10035288780557795,-1.2666159851083199
2022-08-26,Shrunk Max Sharpe λ=0.50,-0.12112621388403422,0.1016145437431371,-1.3888387300224991
2022-08-29,Shrunk Max Sharpe λ=0.50,-0.1319968349252798,0.10141024219057362,-1.498831199314583
2022-08-30,Shrunk Max Sharpe λ=0.50,-0.1390937526140904,0.10152520983344451,-1.567036924869094
2022-08-31,Shrunk Max Sharpe λ=0.50,-0.14264015761856552,0.10167381893922113,-1.5996267211698718
2022-09-01,Shrunk Max Sharpe λ=0.50,-0.14632301084055266,0.10170576424106013,-1.6353351462591494
2022-09-02,Shrunk Max Sharpe λ=0.50,-0.14970528665399363,0.10170343942608501,-1.668628785925478
2022-09-06,Shrunk Max Sharpe λ=0.50,-0.15482834399973588,0.10189733051048966,-1.7157303643174289
2022-09-07,Shrunk Max Sharpe λ=0.50,-0.1367877577684018,0.10272667668974475,-1.526261364824761
2022-09-08,Shrunk Max Sharpe λ=0.50,-0.13794806855616748,0.10270652368112616,-1.5378581894812273
2022-09-09,Shrunk Max Sharpe λ=0.50,-0.1315244553588043,0.10329271228692903,-1.466942362186172
2022-09-12,Shrunk Max Sharpe λ=0.50,-0.12067702266239988,0.10341585689225374,-1.360304182452093
2022-09-13,Shrunk Max Sharpe λ=0.50,-0.14947853906458908,0.10750956515264047,-1.576404283878983
2022-09-14,Shrunk Max Sharpe λ=0.50,-0.15104317686384827,0.10744699283650165,-1.5918842617039894
2022-09-15,Shrunk Max Sharpe λ=0.50,-0.16213591276253614,0.10821944011631844,-1.6830239794880606
2022-09-16,Shrunk Max Sharpe λ=0.50,-0.15823096112873924,0.108083743777266,-1.6490080274794088
2022-09-19,Shrunk Max Sharpe λ=0.50,-0.15124624827750655,0.1080864342538982,-1.584345431131941
2022-09-20,Shrunk Max Sharpe λ=0.50,-0.15892714948279063,0.108292236033731,-1.6522620276033284
2022-09-21,Shrunk Max Sharpe λ=0.50,-0.16508616176483681,0.10844614242245564,-1.706710424459612
2022-09-22,Shrunk Max Sharpe λ=0.50,-0.17501278499964834,0.10865564534896224,-1.794778213072487
2022-09-23,Shrunk Max Sharpe λ=0.50,-0.17980291208402954,0.10915966688833961,-1.8303730469277604
2022-09-26,Shrunk Max Sharpe λ=0.50,-0.18561077945977067,0.10953227586555124,-1.8771707045707142
2022-09-27,Shrunk Max Sharpe λ=0.50,-0.18470674374186524,0.10952295234746419,-1.869076201419664
2022-09-28,Shrunk Max Sharpe λ=0.50,-0.15757741344068132,0.11100102904470706,-1.5997816864306706
2022-09-29,Shrunk Max Sharpe λ=0.50,-0.16920564434448315,0.11177042192992696,-1.692806031126045
2022-09-30,Shrunk Max Sharpe λ=0.50,-0.1771735090479868,0.11203857562043998,-1.7598716152547644
2022-10-03,Shrunk Max Sharpe λ=0.50,-0.16433795849560362,0.11410307664988475,-1.6155388961265997
2022-10-04,Shrunk Max Sharpe λ=0.50,-0.144050301158673,0.11596152238496758,-1.4146959938492434
2022-10-05,Shrunk Max Sharpe λ=0.50,-0.146408709827473,0.11601462056458284,-1.4343770553887805
2022-10-06,Shrunk Max Sharpe λ=0.50,-0.1538341132322314,0.11608029832489397,-1.4975333087591818
2022-10-07,Shrunk Max Sharpe λ=0.50,-0.1695903918764965,0.11787461903848583,-1.6084072502036728
2022-10-10,Shrunk Max Sharpe λ=0.50,-0.17550086104668006,0.11823582587056489,-1.6534824331560785
2022-10-11,Shrunk Max Sharpe λ=0.50,-0.17717227743216413,0.11829964175379201,-1.666719142248323
2022-10-12,Shrunk Max Sharpe λ=0.50,-0.18052150101895204,0.11814965475169315,-1.6971822849620173
2022-10-13,Shrunk Max Sharpe λ=0.50,-0.17888404132083746,0.1183045300524246,-1.6811194062704569
2022-10-14,Shrunk Max Sharpe λ=0.50,-0.19904693865849132,0.11939482833402491,-1.8346434407164998
2022-10-17,Shrunk Max Sharpe λ=0.50,-0.18284204055960307,0.12053948812813275,-1.6827849836560047
2022-10-18,Shrunk Max Sharpe λ=0.50,-0.1791753051526086,0.12070279231063466,-1.650130053661236
2022-10-19,Shrunk Max Sharpe λ=0.50,-0.18451532331025233,0.12095199878696847,-1.6908800628459484
2022-10-20,Shrunk Max Sharpe λ=0.50,-0.18887024438436129,0.12102794696183986,-1.7258017642009422
2022-10-21,Shrunk Max Sharpe λ=0.50,-0.1741708726407738,0.12242342642178917,-1.5860597788840751
2022-10-24,Shrunk Max Sharpe λ=0.50,-0.17341508855396115,0.12245917323983961,-1.5794250723476015
2022-10-25,Shrunk Max Sharpe λ=0.50,-0.1654750302620075,0.12312530276417558,-1.5063924806524263
2022-10-26,Shrunk Max Sharpe λ=0.50,-0.17114446285093332,0.12318454422365872,-1.5516919273889092
2022-10-27,Shrunk Max Sharpe λ=0.50,-0.18068899441033803,0.12309133511340645,-1.6304071624979886
2022-10-28,Shrunk Max Sharpe λ=0.50,-0.17324627834631146,0.12353258244287192,-1.5643344818414922
2022-10-31,Shrunk Max Sharpe λ=0.50,-0.18008294880732933,0.12376121276893154,-1.616685424543264
2022-11-01,Shrunk Max Sharpe λ=0.50,-0.18056688401128573,0.1237618225761375,-1.6205876726475825
2022-11-02,Shrunk Max Sharpe λ=0.50,-0.20183463731257423,0.12573008615651118,-1.764371950214289
2022-11-03,Shrunk Max Sharpe λ=0.50,-0.20818203491117837,0.12610427919995432,-1.8094709898731258
2022-11-04,Shrunk Max Sharpe λ=0.50,-0.1988885495061653,0.12747733556413768,-1.7170781656009424
2022-11-07,Shrunk Max Sharpe λ=0.50,-0.2011071507800768,0.12730829793338014,-1.736785067190052
2022-11-08,Shrunk Max Sharpe λ=0.50,-0.1914160240528473,0.12783750853522288,-1.6537871120555838
2022-11-09,Shrunk Max Sharpe λ=0.50,-0.20881769075206036,0.12880047333266462,-1.7765283374469614
2022-11-10,Shrunk Max Sharpe λ=0.50,-0.1588382881990822,0.13974465164055816,-1.2797505027890301
2022-11-11,Shrunk Max Sharpe λ=0.50,-0.14899169914927435,0.14024873716886194,-1.2049427507201393
2022-11-14,Shrunk Max Sharpe λ=0.50,-0.1554236895556924,0.14031576780895824,-1.2502065327008298
2022-11-15,Shrunk Max Sharpe λ=0.50,-0.143454931349707,0.1405980298268032,-1.1625691451797742
2022-11-16,Shrunk Max Sharpe λ=0.50,-0.15041005017399278,0.1408402129779295,-1.209953084923956
2022-11-17,Shrunk Max Sharpe λ=0.50,-0.15783943646242937,0.14081975027423718,-1.2628870319404684
2022-11-18,Shrunk Max Sharpe λ=0.50,-0.15971879135381706,0.1407923855753901,-1.276480902140713
2022-11-21,Shrunk Max Sharpe λ=0.50,-0.16727021591873203,0.1408696061768093,-1.3293869486912886
2022-11-22,Shrunk Max Sharpe λ=0.50,-0.15060779211680075,0.14094306319749503,-1.2104731389138201
2022-11-23,Shrunk Max Sharpe λ=0.50,-0.13907390980112377,0.1410263547194741,-1.1279729247596975
2022-11-25,Shrunk Max Sharpe λ=0.50,-0.14531065438076052,0.14088937745738225,-1.1733365379569902
2022-11-28,Shrunk Max Sharpe λ=0.50,-0.16089992222047889,0.14138373182438835,-1.2794960204132486
2022-11-29,Shrunk Max Sharpe λ=0.50,-0.16266970301586936,0.14137317819057588,-1.2921100406303687
2022-11-30,Shrunk Max Sharpe λ=0.50,-0.13780957138269934,0.14459679263244565,-1.0913767069774472
2022-12-01,Shrunk Max Sharpe λ=0.50,-0.13098275807892468,0.14477965624173167,-1.0428451206351532
2022-12-02,Shrunk Max Sharpe λ=0.50,-0.13472647805253035,0.14477044864734356,-1.0687711442370353
2022-12-05,Shrunk Max Sharpe λ=0.50,-0.15144862849869822,0.14561891995988266,-1.1773787949116195
2022-12-06,Shrunk Max Sharpe λ=0.50,-0.15675494340135987,0.14584939804003053,-1.2119003970989777
2022-12-07,Shrunk Max Sharpe λ=0.50,-0.1587048172768979,0.1457910176317917,-1.2257601337843251
2022-12-08,Shrunk Max Sharpe λ=0.50,-0.15017376258155268,0.1458719522515038,-1.1665968676976992
2022-12-09,Shrunk Max Sharpe λ=0.50,-0.15202093438958375,0.14590388558444628,-1.1790017359751632
2022-12-12,Shrunk Max Sharpe λ=0.50,-0.14988325706078987,0.1459875860927783,-1.1636828966596198
2022-12-13,Shrunk Max Sharpe λ=0.50,-0.14222679055002363,0.14645816475879003,-1.107666416667202
2022-12-14,Shrunk Max Sharpe λ=0.50,-0.1419501199644606,0.14644893919715907,-1.10584699931785
2022-12-15,Shrunk Max Sharpe λ=0.50,-0.1634558925054308,0.14798168275581186,-1.2397202754354117
2022-12-16,Shrunk Max Sharpe λ=0.50,-0.16509171138194056,0.14801342641101775,-1.2505062268335057
2022-12-19,Shrunk Max Sharpe λ=0.50,-0.17315273775660367,0.14820290337750378,-1.3032992833116317
2022-12-20,Shrunk Max Sharpe λ=0.50,-0.16484922668295077,0.14821152663226037,-1.2471987225500696
2022-12-21,Shrunk Max Sharpe λ=0.50,-0.16052664619872747,0.14844100909388713,-1.216150761172383
2022-12-22,Shrunk Max Sharpe λ=0.50,-0.17801980796256478,0.1490217513822801,-1.3287980185831512
2022-12-23,Shrunk Max Sharpe λ=0.50,-0.17511937310218018,0.14906476917198028,-1.3089570002759363
2022-12-27,Shrunk Max Sharpe λ=0.50,-0.182477048126648,0.1489748770649844,-1.3591355275180081
2022-12-28,Shrunk Max Sharpe λ=0.50,-0.18810881134526325,0.14920975749410637,-1.3947399609806572
2022-12-29,Shrunk Max Sharpe λ=0.50,-0.17237748416969312,0.14998427418164806,-1.282651032712283
2022-12-30,Shrunk Max Sharpe λ=0.50,-0.17522038473833235,0.14992764547991164,-1.302097315764819
2023-01-03,Shrunk Max Sharpe λ=0.50,-0.17502497297502695,0.14992860408287326,-1.3007856250514185
2023-01-04,Shrunk Max Sharpe λ=0.50,-0.16077792115967227,0.14986788302125184,-1.2062485805183307
2023-01-05,Shrunk Max Sharpe λ=0.50,-0.1692134521721569,0.15029152865001313,-1.258976163671753
2023-01-06,Shrunk Max Sharpe λ=0.50,-0.14231744285572712,0.1517110207459541,-1.0699120080902618
2023-01-09,Shrunk Max Sharpe λ=0.50,-0.13822780042461713,0.15173856013963602,-1.0427659276522028
2023-01-10,Shrunk Max Sharpe λ=0.50,-0.13001736565019173,0.15179506637209872,-0.9882888109317777
2023-01-11,Shrunk Max Sharpe λ=0.50,-0.12251989489727344,0.15211411933417354,-0.9369274563144073
2023-01-12,Shrunk Max Sharpe λ=0.50,-0.12274842719717105,0.15210081885738844,-0.9385118914515095
2023-01-13,Shrunk Max Sharpe λ=0.50,-0.11751738731520434,0.15224940763303169,-0.9032375853091258
2023-01-17,Shrunk Max Sharpe λ=0.50,-0.11739558277074036,0.15224774005299754,-0.9024474368086702
2023-01-18,Shrunk Max Sharpe λ=0.50,-0.11954860341647,0.15235123274907078,-0.9159663554958739
2023-01-19,Shrunk Max Sharpe λ=0.50,-0.1092487698313549,0.1519010497992448,-0.8508747635528024
2023-01-20,Shrunk Max Sharpe λ=0.50,-0.10006083698978241,0.15240312239279555,-0.7877846274064131
2023-01-23,Shrunk Max Sharpe λ=0.50,-0.08930702248887601,0.1527872878263154,-0.715419614052796
2023-01-24,Shrunk Max Sharpe λ=0.50,-0.08708588168945863,0.15278457761706696,-0.7008945756151798
2023-01-25,Shrunk Max Sharpe λ=0.50,-0.08573898258204626,0.1527895563804272,-0.6920563491837701
2023-01-26,Shrunk Max Sharpe λ=0.50,-0.0753142818297976,0.1528405272577651,-0.6236191639737696
2023-01-27,Shrunk Max Sharpe λ=0.50,-0.06481585710466209,0.15267166022061424,-0.555544211558983
2023-01-30,Shrunk Max Sharpe λ=0.50,-0.07692394532437052,0.15302787896955666,-0.6333744280913189
2023-01-31,Shrunk Max Sharpe λ=0.50,-0.07451592788374839,0.15319090356899967,-0.6169813329756677
2023-02-01,Shrunk Max Sharpe λ=0.50,-0.06756052049489558,0.15370009613726748,-0.5696842272414486
2023-02-02,Shrunk Max Sharpe λ=0.50,-0.06085303335749703,0.15392474080622554,-0.5252763976343621
2023-02-03,Shrunk Max Sharpe λ=0.50,-0.08117854715534023,0.15474887789330052,-0.6538241086639925
2023-02-06,Shrunk Max Sharpe λ=0.50,-0.07387345751916918,0.15432723152640968,-0.6082753937246962
2023-02-07,Shrunk Max Sharpe λ=0.50,-0.06156974371235224,0.15461388785467345,-0.5275706137667417
2023-02-08,Shrunk Max Sharpe λ=0.50,-0.06802319869957008,0.1547669655798676,-0.568746685507287
2023-02-09,Shrunk Max Sharpe λ=0.50,-0.07604834383357462,0.15495875627616792,-0.6198316645133432
2023-02-10,Shrunk Max Sharpe λ=0.50,-0.08311250816371507,0.1548098838719684,-0.6660589465269005
2023-02-13,Shrunk Max Sharpe λ=0.50,-0.06444798560732834,0.15441732565790306,-0.5468815448495388
2023-02-14,Shrunk Max Sharpe λ=0.50,-0.064974078375861,0.1544095539491429,-0.5503161961328409
2023-02-15,Shrunk Max Sharpe λ=0.50,-0.060492070700792655,0.15433515461571629,-0.5215407397051713
2023-02-16,Shrunk Max Sharpe λ=0.50,-0.07066114862482964,0.15464481508479,-0.5862540465719537
2023-02-17,Shrunk Max Sharpe λ=0.50,-0.07553194836075805,0.15459743995971803,-0.6179400408289419
2023-02-21,Shrunk Max Sharpe λ=0.50,-0.08759365788133289,0.15529616631285098,-0.6928288085655683
2023-02-22,Shrunk Max Sharpe λ=0.50,-0.09004369499017384,0.15529639279397944,-0.7086043211329506
2023-02-23,Shrunk Max Sharpe λ=0.50,-0.08396714197973953,0.15535376182003338,-0.6692283518707343
2023-02-24,Shrunk Max Sharpe λ=0.50,-0.08405592716040355,0.15536022786713752,-0.6697719782529614
2023-02-27,Shrunk Max Sharpe λ=0.50,-0.08584944438485542,0.1552855658630726,-0.6816438076298162
2023-02-28,Shrunk Max Sharpe λ=0.50,-0.09099817940080246,0.15516704808291013,-0.7153463365591193
2023-03-01,Shrunk Max Sharpe λ=0.50,-0.10168183560794031,0.15481421500087988,-0.785986193885676
2023-03-02,Shrunk Max Sharpe λ=0.50,-0.10150139301672956,0.15482096264028947,-0.7847864458705474
2023-03-03,Shrunk Max Sharpe λ=0.50,-0.07913228218044532,0.15539837601218784,-0.6379235402863568
2023-03-06,Shrunk Max Sharpe λ=0.50,-0.08353924514868272,0.15539030442052792,-0.666317281086455
2023-03-07,Shrunk Max Sharpe λ=0.50,-0.10323544669369411,0.15588184166798869,-0.7905696094877566
2023-03-08,Shrunk Max Sharpe λ=0.50,-0.09320188559913034,0.15564699922350775,-0.7272988632217279
2023-03-09,Shrunk Max Sharpe λ=0.50,-0.1021194525329242,0.1559816960780169,-0.7829088643313897
2023-03-10,Shrunk Max Sharpe λ=0.50,-0.1054391882097735,0.15604640296832353,-0.8038582487238547
2023-03-13,Shrunk Max Sharpe λ=0.50,-0.09378670111172205,0.15612525847169703,-0.7288167348805366
2023-03-14,Shrunk Max Sharpe λ=0.50,-0.07823051923283264,0.15653517548203819,-0.6275300035940115
2023-03-15,Shrunk Max Sharpe λ=0.50,-0.06367469962475414,0.15582121186668435,-0.5369917139159689
2023-03-16,Shrunk Max Sharpe λ=0.50,-0.05236071063290937,0.15654359530213446,-0.462239994509202
2023-03-17,Shrunk Max Sharpe λ=0.50,-0.06140452326957746,0.15616460300119428,-0.5212738463463127
2023-03-20,Shrunk Max Sharpe λ=0.50,-0.05847308071510671,0.1562449232482781,-0.5022440350936108
2023-03-21,Shrunk Max Sharpe λ=0.50,-0.05991144754341249,0.15619189977481618,-0.5116235071000598
2023-03-22,Shrunk Max Sharpe λ=0.50,-0.0589939516180632,0.15614700433765719,-0.5058947621386588
2023-03-23,Shrunk Max Sharpe λ=0.50,-0.05006930817847699,0.15633723282468803,-0.4481933504416741
2023-03-24,Shrunk Max Sharpe λ=0.50,-0.054908136917350525,0.15622767226653325,-0.4794805928462725
2023-03-27,Shrunk Max Sharpe λ=0.50,-0.06070507558657712,0.1562235366020753,-0.5165999780951382
2023-03-28,Shrunk Max Sharpe λ=0.50,-0.054866221206419374,0.15611014262647122,-0.47957307543785754
2023-03-29,Shrunk Max Sharpe λ=0.50,-0.04771148279697757,0.1563950727681372,-0.43295150926757725
2023-03-30,Shrunk Max Sharpe λ=0.50,-0.0477880882077335,0.15639124554766345,-0.43345193633024487
2023-03-31,Shrunk Max Sharpe λ=0.50,-0.040891330231702216,0.15667033319940638,-0.3886589693672327
2023-04-03,Shrunk Max Sharpe λ=0.50,-0.03558034310287339,0.1566691225995273,-0.35476258614753414
2023-04-04,Shrunk Max Sharpe λ=0.50,-0.031854548677887284,0.15665242102613477,-0.33101658013466795
2023-04-05,Shrunk Max Sharpe λ=0.50,-0.04022462501444368,0.15668197026010297,-0.3843749533814683
2023-04-06,Shrunk Max Sharpe λ=0.50,-0.025996281378040997,0.1561163001530261,-0.29462830808157237
2023-04-10,Shrunk Max Sharpe λ=0.50,-0.021222996559115304,0.15600970222824254,-0.2642335442625611
2023-04-11,Shrunk Max Sharpe λ=0.50,-0.02057011577502521,0.156012040033711,-0.26004477453316327
2023-04-12,Shrunk Max Sharpe λ=0.50,-0.02007651532744248,0.15600118625116094,-0.2568987857753821
2023-04-13,Shrunk Max Sharpe λ=0.50,0.0031688383518051477,0.15652454561342677,-0.10753049358637502
2023-04-14,Shrunk Max Sharpe λ=0.50,-0.006460202524822378,0.1566956001449737,-0.16886372368044528
2023-04-17,Shrunk Max Sharpe λ=0.50,-0.011570585679040235,0.15656762578513966,-0.20164184978039504
2023-04-18,Shrunk Max Sharpe λ=0.50,0.0008113542364418524,0.1561489853658864,-0.12288677840970627
2023-04-19,Shrunk Max Sharpe λ=0.50,2.360502469755943e-05,0.156154814267682,-0.12792685943744728
2023-04-20,Shrunk Max Sharpe λ=0.50,-0.001498034539593962,0.15617966347017448,-0.1376493844456223
2023-04-21,Shrunk Max Sharpe λ=0.50,-0.008792571646146663,0.1561157846034126,-0.1844308807036369
2023-04-24,Shrunk Max Sharpe λ=0.50,0.0003791327737319161,0.1558745595955008,-0.12587600745872082
2023-04-25,Shrunk Max Sharpe λ=0.50,4.6912202233517775e-05,0.1558983525528238,-0.1279878040469073
2023-04-26,Shrunk Max Sharpe λ=0.50,-0.00334479062442139,0.15590689892602994,-0.1497354561294772
2023-04-27,Shrunk Max Sharpe λ=0.50,0.01742326411776296,0.15657850491890332,-0.016456510959608466
2023-04-28,Shrunk Max Sharpe λ=0.50,0.028536901479832677,0.15657956809245777,0.05452117146466882
2023-05-01,Shrunk Max Sharpe λ=0.50,0.016578707160078254,0.15631453763415962,-0.02188723385363542
2023-05-02,Shrunk Max Sharpe λ=0.50,0.030663647017358908,0.15557321625015647,0.06854423450507138
2023-05-03,Shrunk Max Sharpe λ=0.50,0.03839215731768175,0.1554148897800679,0.11834231162605478
2023-05-04,Shrunk Max Sharpe λ=0.50,0.034244122448934045,0.15539341642072688,0.09166490303790063
2023-05-05,Shrunk Max Sharpe λ=0.50,0.027108893356024844,0.15490770710928614,0.04589115344021957
2023-05-08,Shrunk Max Sharpe λ=0.50,0.04900389923909687,0.15356676453245252,0.18886833571965772
2023-05-09,Shrunk Max Sharpe λ=0.50,0.054229568836944964,0.15344489702173464,0.22307401224360382
2023-05-10,Shrunk Max Sharpe λ=0.50,0.06642904205849254,0.15310295178464456,0.3032537355896304
2023-05-11,Shrunk Max Sharpe λ=0.50,0.06054262969378832,0.15314037969710656,0.2647416035795184
2023-05-12,Shrunk Max Sharpe λ=0.50,0.057637351060658704,0.15315296547460303,0.24575006395746224
2023-05-15,Shrunk Max Sharpe λ=0.50,0.06632691722324746,0.15316037514273279,0.30247325510971496
2023-05-16,Shrunk Max Sharpe λ=0.50,0.05486397763991624,0.153399138167008,0.2272762289052712
2023-05-17,Shrunk Max Sharpe λ=0.50,0.058725176394810674,0.15347379232048636,0.25232435980955076
2023-05-18,Shrunk Max Sharpe λ=0.50,0.05845052891707603,0.15347334567155574,0.25053554901554687
2023-05-19,Shrunk Max Sharpe λ=0.50,0.07005046745854093,0.1533546439564681,0.32637073235779196
2023-05-22,Shrunk Max Sharpe λ=0.50,0.06608742055511474,0.15332088086975212,0.3005945458548894
2023-05-23,Shrunk Max Sharpe λ=0.50,0.0535689888511246,0.15355665765843368,0.21860979108958165
2023-05-24,Shrunk Max Sharpe λ=0.50,0.041625330505302705,0.15385631134930575,0.1405553682890909
2023-05-25,Shrunk Max Sharpe λ=0.50,0.03930617651860291,0.15381779617695607,0.125513282587878
2023-05-26,Shrunk Max Sharpe λ=0.50,0.047387673440894895,0.15414645809783784,0.1776730635193171
2023-05-30,Shrunk Max Sharpe λ=0.50,0.04131133741684745,0.15406720093400214,0.1383249470857629
2023-05-31,Shrunk Max Sharpe λ=0.50,0.0271378632313497,0.15390549682840782,0.04637822156090917
2023-06-01,Shrunk Max Sharpe λ=0.50,0.048380427287910255,0.15387125339603358,0.18444268608682063
2023-06-02,Shrunk Max Sharpe λ=0.50,0.05445965306817602,0.1538834243615419,0.22393349518408606
2023-06-05,Shrunk Max Sharpe λ=0.50,0.04396362059725578,0.153511454710983,0.15610314319783006
2023-06-06,Shrunk Max Sharpe λ=0.50,0.05623918815718687,0.15318377481222317,0.2365732806990156
2023-06-07,Shrunk Max Sharpe λ=0.50,0.04948845863900808,0.15350370848149858,0.1921025813038403
2023-06-08,Shrunk Max Sharpe λ=0.50,0.05318576860001434,0.15370175739804445,0.21591014417663748
2023-06-09,Shrunk Max Sharpe λ=0.50,0.05944028646463906,0.1536050424709329,0.25676426912939687
2023-06-12,Shrunk Max Sharpe λ=0.50,0.07715070152127423,0.15353629480285794,0.37222926080544194
2023-06-13,Shrunk Max Sharpe λ=0.50,0.09034170862659696,0.15326521750739017,0.45895415653068977
2023-06-14,Shrunk Max Sharpe λ=0.50,0.12601792569812753,0.15047787585554986,0.7045416151401463
2023-06-15,Shrunk Max Sharpe λ=0.50,0.14509951605371008,0.15064552300500492,0.8304230591011582
2023-06-16,Shrunk Max Sharpe λ=0.50,0.12383139344983296,0.1499786966503104,0.6923076128066756
2023-06-20,Shrunk Max Sharpe λ=0.50,0.12219756594673359,0.15003866898383625,0.6811415126439397
2023-06-21,Shrunk Max Sharpe λ=0.50,0.11603809327861914,0.15017280268098784,0.6395172199231901
2023-06-22,Shrunk Max Sharpe λ=0.50,0.113136459960135,0.15014040740967052,0.6203290744110241
2023-06-23,Shrunk Max Sharpe λ=0.50,0.09889395129354761,0.15013791878989965,0.5254765213839843
2023-06-26,Shrunk Max Sharpe λ=0.50,0.08932778338390368,0.15017469828832217,0.4616475622997454
2023-06-27,Shrunk Max Sharpe λ=0.50,0.08977677669427853,0.1501951007804693,0.4645742526333588
2023-06-28,Shrunk Max Sharpe λ=0.50,0.09463530796410047,0.1501209150386695,0.4971679525459542
2023-06-29,Shrunk Max Sharpe λ=0.50,0.10253044174675208,0.1499350671906538,0.5504412229449189
2023-06-30,Shrunk Max Sharpe λ=0.50,0.11120766787329583,0.15030469134971855,0.6068185034962092
2023-07-03,Shrunk Max Sharpe λ=0.50,0.11450636251081114,0.15029137198954387,0.6288209446739642
2023-07-05,Shrunk Max Sharpe λ=0.50,0.10495410594034715,0.15022098872860776,0.5655275381912639
2023-07-06,Shrunk Max Sharpe λ=0.50,0.09656440852605197,0.15041818989516895,0.5090103037366163
2023-07-07,Shrunk Max Sharpe λ=0.50,0.10450691486847763,0.15028478329084186,0.5623118523246216
2023-07-10,Shrunk Max Sharpe λ=0.50,0.1003363479006869,0.15021272451812986,0.5348171944713694
2023-07-11,Shrunk Max Sharpe λ=0.50,0.10836002773578657,0.15027787668000325,0.5879776164520709
2023-07-12,Shrunk Max Sharpe λ=0.50,0.12805875798866184,0.15061397873641752,0.7174550390025246
2023-07-13,Shrunk Max Sharpe λ=0.50,0.14257567427944018,0.15081296370894842,0.8127661658847647
2023-07-14,Shrunk Max Sharpe λ=0.50,0.1378942464447479,0.1508207243977803,0.7816846584943402
2023-07-17,Shrunk Max Sharpe λ=0.50,0.14846619215950185,0.15074317800297068,0.8522189452379078
2023-07-18,Shrunk Max Sharpe λ=0.50,0.15029596905977005,0.15082193655786605,0.8639059544881208
2023-07-19,Shrunk Max Sharpe λ=0.50,0.1556632463388692,0.15074949966901752,0.8999250189004183
2023-07-20,Shrunk Max Sharpe λ=0.50,0.13192676344020327,0.1509075075923016,0.7416911539125646
2023-07-21,Shrunk Max Sharpe λ=0.50,0.1277179093628973,0.15091450266721784,0.7137677788358516
2023-07-24,Shrunk Max Sharpe λ=0.50,0.11324717687561736,0.1503688454417796,0.6201229822684324
2023-07-25,Shrunk Max Sharpe λ=0.50,0.11932678401814645,0.15042063196533173,0.660326862880345
2023-07-26,Shrunk Max Sharpe λ=0.50,0.12466867957696515,0.15035413471532558,0.696147663482222
2023-07-27,Shrunk Max Sharpe λ=0.50,0.12365162949806252,0.1504003530896839,0.6891714505234899
2023-07-28,Shrunk Max Sharpe λ=0.50,0.1170290139160568,0.14983820124429642,0.6475585872648094
2023-07-31,Shrunk Max Sharpe λ=0.50,0.10703514767359401,0.14949744109602742,0.5821848657442122
2023-08-01,Shrunk Max Sharpe λ=0.50,0.09304659736617182,0.14947008991133745,0.4887037761835933
2023-08-02,Shrunk Max Sharpe λ=0.50,0.06869957877764388,0.1504858961860104,0.32361556804930086
2023-08-03,Shrunk Max Sharpe λ=0.50,0.07542879436654681,0.150240152590026,0.3689346250719035
2023-08-04,Shrunk Max Sharpe λ=0.50,0.061254283626342776,0.14987056141943855,0.2752660911897538
2023-08-07,Shrunk Max Sharpe λ=0.50,0.061316834107686624,0.1498734715585265,0.27567810152147
2023-08-08,Shrunk Max Sharpe λ=0.50,0.06696008261520237,0.14954850438129647,0.314012385543292
2023-08-09,Shrunk Max Sharpe λ=0.50,0.05543584762050924,0.14963268395340268,0.2368189000174879
2023-08-10,Shrunk Max Sharpe λ=0.50,0.060449415028307696,0.14959192403482083,0.2703983874082146
2023-08-11,Shrunk Max Sharpe λ=0.50,0.04842720227458486,0.14946691159919914,0.1901906045320145
2023-08-14,Shrunk Max Sharpe λ=0.50,0.058343449018337656,0.14937939945991574,0.2566849857274107
2023-08-15,Shrunk Max Sharpe λ=0.50,0.03467422642777507,0.14947856347123278,0.09816943705509405
2023-08-16,Shrunk Max Sharpe λ=0.50,0.025873378899754496,0.14976588010164885,0.03921706930689504
2023-08-17,Shrunk Max Sharpe λ=0.50,0.017704484488499483,0.15003804051810632,-0.015299556722906537
2023-08-18,Shrunk Max Sharpe λ=0.50,0.02644105265348795,0.149811075391108,0.04299450248703213
2023-08-21,Shrunk Max Sharpe λ=0.50,0.03354979553891724,0.14999851851533735,0.09033286243778314
2023-08-22,Shrunk Max Sharpe λ=0.50,0.04372866274330489,0.14953035302237808,0.15868793367827977
2023-08-23,Shrunk Max Sharpe λ=0.50,0.0692529488314626,0.14953812813290554,0.32936716171602654
2023-08-24,Shrunk Max Sharpe λ=0.50,0.05146794598559534,0.15043219876856215,0.20918358066419235
2023-08-25,Shrunk Max Sharpe λ=0.50,0.0582981191751033,0.15057689978878402,0.254342593245209
2023-08-28,Shrunk Max Sharpe λ=0.50,0.057064555669442685,0.15051016341122833,0.24625948726249006
2023-08-29,Shrunk Max Sharpe λ=0.50,0.09191045656570163,0.1503996694743416,0.47812908643372815
2023-08-30,Shrunk Max Sharpe λ=0.50,0.10100145227808799,0.1503246227759731,0.5388435426098054
2023-08-31,Shrunk Max Sharpe λ=0.50,0.10679066499097445,0.15018857444339692,0.5778779465257133
2023-09-01,Shrunk Max Sharpe λ=0.50,0.11651592670016497,0.15004874904570362,0.6432304655253541
2023-09-05,Shrunk Max Sharpe λ=0.50,0.11282716378031155,0.15017254424338403,0.6181367189855087
2023-09-06,Shrunk Max Sharpe λ=0.50,0.10916420161437079,0.15027442922840104,0.593342473980392
2023-09-07,Shrunk Max Sharpe λ=0.50,0.11061096802527182,0.1502162513691669,0.6032034962887541
2023-09-08,Shrunk Max Sharpe λ=0.50,0.09546056502705924,0.14960208009201947,0.5044085281477626
2023-09-11,Shrunk Max Sharpe λ=0.50,0.10401598002096701,0.14979999794463938,0.5608543469541051
2023-09-12,Shrunk Max Sharpe λ=0.50,0.08520795145538984,0.14954454570929612,0.43604366275015755
2023-09-13,Shrunk Max Sharpe λ=0.50,0.07751144622138884,0.14941063915735345,0.3849220279475548
2023-09-14,Shrunk Max Sharpe λ=0.50,0.12256807508490297,0.14660143819371596,0.6996389418047301
2023-09-15,Shrunk Max Sharpe λ=0.50,0.10764171203893524,0.14706210430583067,0.5959503466418198
2023-09-18,Shrunk Max Sharpe λ=0.50,0.12112928882515828,0.14640448382891627,0.6907526749203584
2023-09-19,Shrunk Max Sharpe λ=0.50,0.12075235110546578,0.14640948456710412,0.6881545372785448
2023-09-20,Shrunk Max Sharpe λ=0.50,0.1061888956040502,0.14671929493982308,0.5874407700732244
2023-09-21,Shrunk Max Sharpe λ=0.50,0.09586285801675176,0.14752089405320756,0.5142516150247143
2023-09-22,Shrunk Max Sharpe λ=0.50,0.10216586387380788,0.14735867243140902,0.5575909616860425
2023-09-25,Shrunk Max Sharpe λ=0.50,0.11464302692059225,0.14709700986485358,0.6434055118288686
2023-09-26,Shrunk Max Sharpe λ=0.50,0.11356813149195277,0.14718835061284122,0.6357033766759905
2023-09-27,Shrunk Max Sharpe λ=0.50,0.12741064689221138,0.1468189053733467,0.7315859399651304
2023-09-28,Shrunk Max Sharpe λ=0.50,0.1373856107276159,0.14698378420082736,0.7986296676593195
2023-09-29,Shrunk Max Sharpe λ=0.50,0.11211512012344982,0.1456134960569556,0.632600154641021
2023-10-02,Shrunk Max Sharpe λ=0.50,0.1236209474934491,0.14496829412208356,0.7147835195341802
2023-10-03,Shrunk Max Sharpe λ=0.50,0.11627267620953963,0.14552290663349815,0.6615637251666774
2023-10-04,Shrunk Max Sharpe λ=0.50,0.09965059592624992,0.1440576107002352,0.552907934118054
2023-10-05,Shrunk Max Sharpe λ=0.50,0.07884689620331309,0.14267515612729875,0.4124537011251506
2023-10-06,Shrunk Max Sharpe λ=0.50,0.09719624745610433,0.14313831365432922,0.5393122601858286
2023-10-09,Shrunk Max Sharpe λ=0.50,0.10837097296945597,0.14305187323254273,0.6177547414971741
2023-10-10,Shrunk Max Sharpe λ=0.50,0.1417360781626278,0.14159889248957946,0.8597247903728242
2023-10-11,Shrunk Max Sharpe λ=0.50,0.15806518426678196,0.14121964751800622,0.9776627168622408
2023-10-12,Shrunk Max Sharpe λ=0.50,0.15398517778380194,0.1414148018871972,0.9474621892174931
2023-10-13,Shrunk Max Sharpe λ=0.50,0.14211277062419914,0.1417235263981882,0.8616266736202256
2023-10-16,Shrunk Max Sharpe λ=0.50,0.14424118203522474,0.14185243990855112,0.8758480440330815
2023-10-17,Shrunk Max Sharpe λ=0.50,0.1671733830495017,0.14057142370117537,1.0469651595928962
2023-10-18,Shrunk Max Sharpe λ=0.50,0.13091815763279335,0.1406434759174188,0.7886477272356439
2023-10-19,Shrunk Max Sharpe λ=0.50,0.11269231493256293,0.14096137734707548,0.6575724264124894
2023-10-20,Shrunk Max Sharpe λ=0.50,0.10833910110396294,0.1412656799299211,0.6253401473577028
2023-10-23,Shrunk Max Sharpe λ=0.50,0.1128709775599166,0.14116166565699848,0.6579050844127827
2023-10-24,Shrunk Max Sharpe λ=0.50,0.1023913172416131,0.14031426390156126,0.5871913157696887
2023-10-25,Shrunk Max Sharpe λ=0.50,0.07955170802908507,0.14125098227951152,0.4216020806937995
2023-10-26,Shrunk Max Sharpe λ=0.50,0.05517486647285419,0.14111487483134988,0.24926405890869122
2023-10-27,Shrunk Max Sharpe λ=0.50,0.057660462522318046,0.14104388802524334,0.2670123679203863
2023-10-30,Shrunk Max Sharpe λ=0.50,0.074901900906448,0.14130543075597013,0.38853355184389043
2023-10-31,Shrunk Max Sharpe λ=0.50,0.07061692865329272,0.14109265969407503,0.35874955340017806
2023-11-01,Shrunk Max Sharpe λ=0.50,0.09134030848454056,0.14122502846555512,0.5051534367503455
2023-11-02,Shrunk Max Sharpe λ=0.50,0.11192248876834343,0.1422676421543616,0.6461236538144545
2023-11-03,Shrunk Max Sharpe λ=0.50,0.1495154887978778,0.140571281770322,0.9213509841184478
2023-11-06,Shrunk Max Sharpe λ=0.50,0.16158765574123213,0.14011199307731845,1.0105320225021663
2023-11-07,Shrunk Max Sharpe λ=0.50,0.1408039353571926,0.13880074286878077,0.8703406974658487
2023-11-08,Shrunk Max Sharpe λ=0.50,0.13353260165252534,0.1387228288926425,0.8184132529505157
2023-11-09,Shrunk Max Sharpe λ=0.50,0.11663545198910308,0.138424317592628,0.6981103730162044
2023-11-10,Shrunk Max Sharpe λ=0.50,0.14963692694316078,0.1377133346864383,0.9413534806802347
2023-11-13,Shrunk Max Sharpe λ=0.50,0.09095583727137568,0.1268825534298486,0.5592245376004831
2023-11-14,Shrunk Max Sharpe λ=0.50,0.10131425355061263,0.12806508631129487,0.6349447448382425
2023-11-15,Shrunk Max Sharpe λ=0.50,0.10770737918865847,0.1279210945759868,0.6856365596258961
2023-11-16,Shrunk Max Sharpe λ=0.50,0.09924832113520465,0.1276200231947771,0.6209709037135476
2023-11-17,Shrunk Max Sharpe λ=0.50,0.11402828093867079,0.1273468594437309,0.7383635634942206
2023-11-20,Shrunk Max Sharpe λ=0.50,0.12702764847721792,0.1274049957733526,0.8400584908586709
2023-11-21,Shrunk Max Sharpe λ=0.50,0.12428586268253916,0.1274388691799858,0.8183206846825757
2023-11-22,Shrunk Max Sharpe λ=0.50,0.13452182515454925,0.1272699679341914,0.8998338493631588
2023-11-24,Shrunk Max Sharpe λ=0.50,0.1264279215963211,0.12694811065369768,0.8383576647835769
2023-11-27,Shrunk Max Sharpe λ=0.50,0.11726360734799868,0.1267895011783093,0.7671266661993791
2023-11-28,Shrunk Max Sharpe λ=0.50,0.12182030321014325,0.1267889714242514,0.8030690845297582
2023-11-29,Shrunk Max Sharpe λ=0.50,0.1375625958007849,0.12600064126320587,0.9330317260465799
2023-11-30,Shrunk Max Sharpe λ=0.50,0.13844448282455946,0.1259934219788231,0.9400846565185564
2023-12-01,Shrunk Max Sharpe λ=0.50,0.11540359927719601,0.12283558034273433,0.7766772380689867
2023-12-04,Shrunk Max Sharpe λ=0.50,0.09504236960893686,0.1232645293565536,0.608791271914649
2023-12-05,Shrunk Max Sharpe λ=0.50,0.0967734057574019,0.12323909593177645,0.6229630717179445
2023-12-06,Shrunk Max Sharpe λ=0.50,0.11356810949772655,0.12206934215002269,0.7665160461234546
2023-12-07,Shrunk Max Sharpe λ=0.50,0.1321820263837561,0.12189037685385011,0.92035178887227
2023-12-08,Shrunk Max Sharpe λ=0.50,0.12887617463272383,0.12189344524491212,0.8932077882774287
2023-12-11,Shrunk Max Sharpe λ=0.50,0.1233468227436878,0.12178691452590272,0.8485872488518221
2023-12-12,Shrunk Max Sharpe λ=0.50,0.13192235589913825,0.12175336870112034,0.9192546957274322
2023-12-13,Shrunk Max Sharpe λ=0.50,0.14397748440283054,0.12265785030202575,1.0107586599435372
2023-12-14,Shrunk Max Sharpe λ=0.50,0.13456636618838203,0.12219290864143946,0.9375860470312838
2023-12-15,Shrunk Max Sharpe λ=0.50,0.13665458781777207,0.12212942211428336,0.9551718643899896
2023-12-18,Shrunk Max Sharpe λ=0.50,0.16839618538457324,0.120077670443995,1.2358349794417953
2023-12-19,Shrunk Max Sharpe λ=0.50,0.18046680040582097,0.12011513018029507,1.3359416100615908
2023-12-20,Shrunk Max Sharpe λ=0.50,0.17708424402787215,0.12036468608083578,1.3050691954812716
2023-12-21,Shrunk Max Sharpe λ=0.50,0.1837012490120864,0.12067352446823541,1.356563088162533
2023-12-22,Shrunk Max Sharpe λ=0.50,0.17667227534049013,0.12043495013804138,1.3008871192366824
2023-12-26,Shrunk Max Sharpe λ=0.50,0.2019094738193059,0.11947472052929975,1.522577102615568
2023-12-27,Shrunk Max Sharpe λ=0.50,0.2021492471774391,0.1194783999061071,1.5245370487099117
2023-12-28,Shrunk Max Sharpe λ=0.50,0.20418930988431372,0.11942653515098366,1.5422812832295139
2023-12-29,Shrunk Max Sharpe λ=0.50,0.21239387419166555,0.11904659166967031,1.6161224903063063
2024-01-02,Shrunk Max Sharpe λ=0.50,0.18436845072441388,0.11856933076703599,1.3862644721117945
2024-01-03,Shrunk Max Sharpe λ=0.50,0.17383438639773585,0.11895368648975849,1.2932292469219144
2024-01-04,Shrunk Max Sharpe λ=0.50,0.17150735110225024,0.1189812589460463,1.273371558212822
2024-01-05,Shrunk Max Sharpe λ=0.50,0.16400189334054005,0.11879241318326474,1.2122145638912467
2024-01-08,Shrunk Max Sharpe λ=0.50,0.18898203044128103,0.11842073187643141,1.4269632332420379
2024-01-09,Shrunk Max Sharpe λ=0.50,0.16255180805897895,0.1164728082921314,1.2239063361590585
2024-01-10,Shrunk Max Sharpe λ=0.50,0.16369971195307875,0.11649472195959465,1.233529807495656
2024-01-11,Shrunk Max Sharpe λ=0.50,0.15901451102469322,0.11640842729773687,1.1941962815899656
2024-01-12,Shrunk Max Sharpe λ=0.50,0.1524622062087697,0.11611439046459449,1.1407906089741737
2024-01-16,Shrunk Max Sharpe λ=0.50,0.13789248390527664,0.1160983575937979,1.015453502949249
2024-01-17,Shrunk Max Sharpe λ=0.50,0.12216454584337422,0.11623903549052882,0.8789177010308091
2024-01-18,Shrunk Max Sharpe λ=0.50,0.1362258334502342,0.11661904431003656,0.9966282448794813
2024-01-19,Shrunk Max Sharpe λ=0.50,0.15794121440845243,0.1167440957333174,1.1815690852885303
2024-01-22,Shrunk Max Sharpe λ=0.50,0.15882691703356366,0.11673890866508708,1.1892086247940266
2024-01-23,Shrunk Max Sharpe λ=0.50,0.14837295016664798,0.11618968452678596,1.1048566892102485
2024-01-24,Shrunk Max Sharpe λ=0.50,0.13674193160458237,0.11576105187521031,1.0084733138951556
2024-01-25,Shrunk Max Sharpe λ=0.50,0.1398579823587549,0.11579812747705194,1.0350597627971792
2024-01-26,Shrunk Max Sharpe λ=0.50,0.13658548804025217,0.11582400395018125,1.0065744928866251
2024-01-29,Shrunk Max Sharpe λ=0.50,0.1389395962905564,0.11594263249485762,1.025848678188601
2024-01-30,Shrunk Max Sharpe λ=0.50,0.13320144300219083,0.1159405891404615,0.9763745711611642
2024-01-31,Shrunk Max Sharpe λ=0.50,0.13253123063644567,0.11599997821700045,0.9700969980005875
2024-02-01,Shrunk Max Sharpe λ=0.50,0.13372095502405634,0.11609652084963226,0.9795380101988349
2024-02-02,Shrunk Max Sharpe λ=0.50,0.12340435806392192,0.11539980406154095,0.8960531510848836
2024-02-05,Shrunk Max Sharpe λ=0.50,0.11021809959969775,0.11521622647397375,0.7830329317379368
2024-02-06,Shrunk Max Sharpe λ=0.50,0.1321232270116608,0.11390288173875117,0.9843756830387117
2024-02-07,Shrunk Max Sharpe λ=0.50,0.1435768248745508,0.11389251365701213,1.0850302702660777
2024-02-08,Shrunk Max Sharpe λ=0.50,0.1328458458245736,0.11352084700185408,0.994053945199427
2024-02-09,Shrunk Max Sharpe λ=0.50,0.14534733446364845,0.11331225717122834,1.106211610225306
2024-02-12,Shrunk Max Sharpe λ=0.50,0.15236085577217606,0.11301423647223638,1.1711874530488242
2024-02-13,Shrunk Max Sharpe λ=0.50,0.1369704693404188,0.1140026875167293,1.0260325601820042
2024-02-14,Shrunk Max Sharpe λ=0.50,0.13714954524441803,0.11401151209764969,1.0275238271033598
2024-02-15,Shrunk Max Sharpe λ=0.50,0.14224882443185405,0.11414281839576791,1.071016347327084
2024-02-16,Shrunk Max Sharpe λ=0.50,0.13912554884433548,0.11419423848278529,1.0431835303345325
2024-02-20,Shrunk Max Sharpe λ=0.50,0.14873120789410454,0.11372188334344499,1.1319827293514895
2024-02-21,Shrunk Max Sharpe λ=0.50,0.14949451387221924,0.11371167224238812,1.13879702337143
2024-02-22,Shrunk Max Sharpe λ=0.50,0.1860562450518073,0.11369511830244292,1.4605397974086924
2024-02-23,Shrunk Max Sharpe λ=0.50,0.18941468469911338,0.11367081186647986,1.4903974196833525
2024-02-26,Shrunk Max Sharpe λ=0.50,0.18181572379280686,0.11364586961352341,1.4238592598489954
2024-02-27,Shrunk Max Sharpe λ=0.50,0.1961701587808471,0.1130618236296956,1.5581754576845173
2024-02-28,Shrunk Max Sharpe λ=0.50,0.18830849735940602,0.11302980899811357,1.4890629193420564
2024-02-29,Shrunk Max Sharpe λ=0.50,0.19469079778188858,0.1131274567186421,1.5441945116503406
2024-03-01,Shrunk Max Sharpe λ=0.50,0.21345661535740224,0.11387296244561722,1.6988810267388286
2024-03-04,Shrunk Max Sharpe λ=0.50,0.21143383144528194,0.11382493654849879,1.6818268232788813
2024-03-05,Shrunk Max Sharpe λ=0.50,0.1847391067400037,0.11309412920713674,1.4566548051161612
2024-03-06,Shrunk Max Sharpe λ=0.50,0.19599970869548655,0.11322844736274418,1.554377126903854
2024-03-07,Shrunk Max Sharpe λ=0.50,0.22647035475292054,0.11257726413389826,1.8340324428860413
2024-03-08,Shrunk Max Sharpe λ=0.50,0.2193505516742904,0.1126725668682606,1.7692909393586083
2024-03-11,Shrunk Max Sharpe λ=0.50,0.23065143370429464,0.11211516171577872,1.8788844477459132
2024-03-12,Shrunk Max Sharpe λ=0.50,0.24302067216343204,0.11204132892216222,1.9905214826429793
2024-03-13,Shrunk Max Sharpe λ=0.50,0.2334989317909275,0.11188065790830785,1.9082738319781891
2024-03-14,Shrunk Max Sharpe λ=0.50,0.21484977496402657,0.11140041582498726,1.7490937849831754
2024-03-15,Shrunk Max Sharpe λ=0.50,0.20642615950526366,0.11164154836143039,1.6698636147693349
2024-03-18,Shrunk Max Sharpe λ=0.50,0.19449043961942913,0.11079189809306596,1.5749386247797288
2024-03-19,Shrunk Max Sharpe λ=0.50,0.19584566041254536,0.11080164728619742,1.5870311021490608
2024-03-20,Shrunk Max Sharpe λ=0.50,0.20251661454214398,0.11117802413727386,1.6416608943939035
2024-03-21,Shrunk Max Sharpe λ=0.50,0.19969497546641968,0.11112531572028268,1.6170480533772884
2024-03-22,Shrunk Max Sharpe λ=0.50,0.2046220111562147,0.11091732226441398,1.6645011562404775
2024-03-25,Shrunk Max Sharpe λ=0.50,0.1940317856417666,0.1107157935038234,1.5718785923325083
2024-03-26,Shrunk Max Sharpe λ=0.50,0.19278649593676578,0.11072190900307563,1.560544769255795
2024-03-27,Shrunk Max Sharpe λ=0.50,0.2041277747455812,0.11079378707687239,1.6618962091965253
2024-03-28,Shrunk Max Sharpe λ=0.50,0.20772636726379545,0.11081471216304928,1.6940563540658824
2024-04-01,Shrunk Max Sharpe λ=0.50,0.19967685879203234,0.11048787043846926,1.6262134302977127
2024-04-02,Shrunk Max Sharpe λ=0.50,0.19021885100550873,0.11030950571825156,1.5431022911141983
2024-04-03,Shrunk Max Sharpe λ=0.50,0.183969725640728,0.11001305050396812,1.4904570402291835
2024-04-04,Shrunk Max Sharpe λ=0.50,0.16809179049736578,0.11059687145729637,1.3390233244938303
2024-04-05,Shrunk Max Sharpe λ=0.50,0.1808777731590414,0.1111900837816613,1.44687158861171
2024-04-08,Shrunk Max Sharpe λ=0.50,0.18988097771901624,0.11106165532329305,1.5296096319157506
2024-04-09,Shrunk Max Sharpe λ=0.50,0.1921283361054329,0.11108609025605726,1.549503954173481
2024-04-10,Shrunk Max Sharpe λ=0.50,0.1816594703791652,0.11156893761574464,1.4489648627464546
2024-04-11,Shrunk Max Sharpe λ=0.50,0.19619399613087118,0.11226311813150203,1.5694735641003863
2024-04-12,Shrunk Max Sharpe λ=0.50,0.18254844461341646,0.11322921615416313,1.4355698125835696
2024-04-15,Shrunk Max Sharpe λ=0.50,0.1608657220235179,0.11235471577508069,1.2537588747544206
2024-04-16,Shrunk Max Sharpe λ=0.50,0.16835410456655175,0.11207001301272,1.323762713846687
2024-04-17,Shrunk Max Sharpe λ=0.50,0.15801412731040632,0.11236928633132441,1.2282193098874659
2024-04-18,Shrunk Max Sharpe λ=0.50,0.1550830137032313,0.11239000511571502,1.2019130487995966
2024-04-19,Shrunk Max Sharpe λ=0.50,0.14773708072596126,0.11268775745103225,1.1335488753644654
2024-04-22,Shrunk Max Sharpe λ=0.50,0.15095810966370848,0.11262698135023348,1.1627596522051065
2024-04-23,Shrunk Max Sharpe λ=0.50,0.163279210929395,0.11285956371583555,1.2695353961331257
2024-04-24,Shrunk Max Sharpe λ=0.50,0.16280417755990872,0.1128606439619041,1.2653142189062117
2024-04-25,Shrunk Max Sharpe λ=0.50,0.1746845797039649,0.11223375036685096,1.3782358621925914
2024-04-26,Shrunk Max Sharpe λ=0.50,0.18797802084880288,0.11252763273287533,1.4927713022059117
2024-04-29,Shrunk Max Sharpe λ=0.50,0.1722711785852773,0.11155469952895206,1.3649911588508021
2024-04-30,Shrunk Max Sharpe λ=0.50,0.1451768620968661,0.11293586607665641,1.1083889152795887
2024-05-01,Shrunk Max Sharpe λ=0.50,0.14697713250892197,0.11290803824309582,1.1246066664937955
2024-05-02,Shrunk Max Sharpe λ=0.50,0.1567784291900569,0.11307521656553444,1.209623411251969
2024-05-03,Shrunk Max Sharpe λ=0.50,0.16821622779178869,0.11350809771114619,1.30577668713088
2024-05-06,Shrunk Max Sharpe λ=0.50,0.18132312922098204,0.11389949244661669,1.4163638990453995
2024-05-07,Shrunk Max Sharpe λ=0.50,0.17178868426908078,0.11370889283711606,1.3348884197343533
2024-05-08,Shrunk Max Sharpe λ=0.50,0.16954006488551587,0.11372303811991015,1.3149496123014237
2024-05-09,Shrunk Max Sharpe λ=0.50,0.17998810528887788,0.11393997506566177,1.4041437625089819
2024-05-10,Shrunk Max Sharpe λ=0.50,0.18265663584043912,0.11397778953931774,1.4270906331652375
2024-05-13,Shrunk Max Sharpe λ=0.50,0.18369972218089603,0.11394866876082402,1.436609343146417
2024-05-14,Shrunk Max Sharpe λ=0.50,0.1936473530870393,0.11407317744418771,1.5222452549986984
2024-05-15,Shrunk Max Sharpe λ=0.50,0.2041069370275943,0.11470445359681741,1.6050548279034087
2024-05-16,Shrunk Max Sharpe λ=0.50,0.21085693883573176,0.11438847423527172,1.6684979855853428
2024-05-17,Shrunk Max Sharpe λ=0.50,0.2113002049049344,0.11440335808384874,1.6721555040781781
2024-05-20,Shrunk Max Sharpe λ=0.50,0.2153110301259724,0.11444022475275042,1.706664160682526
2024-05-21,Shrunk Max Sharpe λ=0.50,0.21126030460844292,0.11439316036279412,1.6719557707984218
2024-05-22,Shrunk Max Sharpe λ=0.50,0.20251862866032444,0.11468055178787259,1.5915395053028136
2024-05-23,Shrunk Max Sharpe λ=0.50,0.20086905674953437,0.11480081435171971,1.5755032555378818
2024-05-24,Shrunk Max Sharpe λ=0.50,0.21954927013327885,0.11445448505324368,1.743481437537808
2024-05-28,Shrunk Max Sharpe λ=0.50,0.2228770785838179,0.11450899673085306,1.7717130040067421
2024-05-29,Shrunk Max Sharpe λ=0.50,0.1996863550810355,0.11447381143772077,1.5696721619057252
2024-05-30,Shrunk Max Sharpe λ=0.50,0.19586412280981946,0.11455602683019826,1.535180013448753
2024-05-31,Shrunk Max Sharpe λ=0.50,0.20337757442815318,0.11441885635170318,1.6026866573852407
2024-06-03,Shrunk Max Sharpe λ=0.50,0.1969957486597007,0.11410146867903109,1.5512135882982545
2024-06-04,Shrunk Max Sharpe λ=0.50,0.19088791601586608,0.11409375893537183,1.497784958708085
2024-06-05,Shrunk Max Sharpe λ=0.50,0.20636028249047378,0.11484892248396994,1.622655907080757
2024-06-06,Shrunk Max Sharpe λ=0.50,0.20718840733909571,0.11485694295729483,1.629752651598037
2024-06-07,Shrunk Max Sharpe λ=0.50,0.2049813162690164,0.11505101088143664,1.6078199995969173
2024-06-10,Shrunk Max Sharpe λ=0.50,0.1981315066756646,0.11470295664880842,1.5529809507967474
2024-06-11,Shrunk Max Sharpe λ=0.50,0.20027423930576393,0.11471642875180896,1.571477087172845
2024-06-12,Shrunk Max Sharpe λ=0.50,0.2007623887814889,0.11474302439631588,1.575367127827709
2024-06-13,Shrunk Max Sharpe λ=0.50,0.1951809470980581,0.11474525624763124,1.526694460640716
2024-06-14,Shrunk Max Sharpe λ=0.50,0.1969005967955837,0.11478390442783114,1.5411620442551475
2024-06-17,Shrunk Max Sharpe λ=0.50,0.19031735778148517,0.1144453650586615,1.488197950997712
2024-06-18,Shrunk Max Sharpe λ=0.50,0.19753614302431144,0.11437658797501477,1.5522070221494428
2024-06-20,Shrunk Max Sharpe λ=0.50,0.20608701914615812,0.11415085698455649,1.6301850381318987
2024-06-21,Shrunk Max Sharpe λ=0.50,0.205301851166227,0.11419068984768085,1.6227404476967557
2024-06-24,Shrunk Max Sharpe λ=0.50,0.2011659473455254,0.11423449286492328,1.5859128254698458
2024-06-25,Shrunk Max Sharpe λ=0.50,0.21241319598355024,0.11406367116939026,1.6868928907066916
2024-06-26,Shrunk Max Sharpe λ=0.50,0.21495614268560748,0.11398371896158746,1.7103858731904313
2024-06-27,Shrunk Max Sharpe λ=0.50,0.21107898983138762,0.11382661977935724,1.6786845660687917
2024-06-28,Shrunk Max Sharpe λ=0.50,0.2077981962240043,0.11387489886440263,1.6491623535721107
2024-07-01,Shrunk Max Sharpe λ=0.50,0.21168257442318494,0.11390175916265038,1.6828763298507485
2024-07-02,Shrunk Max Sharpe λ=0.50,0.20449795024994155,0.11349826878992152,1.6255573958703828
2024-07-03,Shrunk Max Sharpe λ=0.50,0.2130246453436011,0.11375152746647256,1.69689717265989
2024-07-05,Shrunk Max Sharpe λ=0.50,0.22786505214083475,0.11403686788982907,1.822788156034354
2024-07-08,Shrunk Max Sharpe λ=0.50,0.23293502189491622,0.11381800524246315,1.8708377592921877
2024-07-09,Shrunk Max Sharpe λ=0.50,0.23220643376339956,0.11381749201598068,1.8644448230646697
2024-07-10,Shrunk Max Sharpe λ=0.50,0.24110416068094387,0.1140800713017341,1.9381488647227285
2024-07-11,Shrunk Max Sharpe λ=0.50,0.23002258020589528,0.11407508526300804,1.8410907142578383
2024-07-12,Shrunk Max Sharpe λ=0.50,0.2207347468216423,0.1135680561148645,1.767528244197612
2024-07-15,Shrunk Max Sharpe λ=0.50,0.21157575656146932,0.11325291907279916,1.6915745583416186
2024-07-16,Shrunk Max Sharpe λ=0.50,0.22386548595852362,0.11347565904865779,1.7965569679670874
2024-07-17,Shrunk Max Sharpe λ=0.50,0.20086003559909815,0.11452093677872512,1.579274853021435
2024-07-18,Shrunk Max Sharpe λ=0.50,0.18252712527985793,0.114473839529886,1.41977525998354
2024-07-19,Shrunk Max Sharpe λ=0.50,0.1692466562054855,0.11503379189612473,1.297415774490464
2024-07-22,Shrunk Max Sharpe λ=0.50,0.19247669835630843,0.11472507297363341,1.5033914896349445
2024-07-23,Shrunk Max Sharpe λ=0.50,0.19317314943703678,0.11471460983851949,1.5095997770537488
2024-07-24,Shrunk Max Sharpe λ=0.50,0.16911808598796885,0.11654941017806274,1.279440932048889
2024-07-25,Shrunk Max Sharpe λ=0.50,0.15186049965706538,0.11698310859468294,1.1271755490267306
2024-07-26,Shrunk Max Sharpe λ=0.50,0.16347335564232424,0.11743418992015368,1.2217341111636673
2024-07-29,Shrunk Max Sharpe λ=0.50,0.1723415669184163,0.11714227565570047,1.3004832462549394
2024-07-30,Shrunk Max Sharpe λ=0.50,0.15619792742259242,0.11667363368642877,1.167341096006635
2024-07-31,Shrunk Max Sharpe λ=0.50,0.17817544632287863,0.11837179489067638,1.336259591813771
2024-08-01,Shrunk Max Sharpe λ=0.50,0.1668276829685862,0.11926756339763694,1.2310780801236298
2024-08-02,Shrunk Max Sharpe λ=0.50,0.1701154929164317,0.11887358716803123,1.2628162108394958
2024-08-05,Shrunk Max Sharpe λ=0.50,0.1452284792054963,0.12129884896564715,1.0323962698191973
2024-08-06,Shrunk Max Sharpe λ=0.50,0.15167508666246143,0.12129968316033739,1.0855352893907362
2024-08-07,Shrunk Max Sharpe λ=0.50,0.13726692707115817,0.12122062487171457,0.9673842813074052
2024-08-08,Shrunk Max Sharpe λ=0.50,0.17022273398025756,0.12299623672818744,1.2213604088736363
2024-08-09,Shrunk Max Sharpe λ=0.50,0.18237205898682762,0.12284309702754025,1.321784153247336
2024-08-12,Shrunk Max Sharpe λ=0.50,0.18769151491735125,0.1229498415419243,1.3639018384596342
2024-08-13,Shrunk Max Sharpe λ=0.50,0.2085147900395854,0.12354144530350451,1.5259234629841083
2024-08-14,Shrunk Max Sharpe λ=0.50,0.20297426733955048,0.123522998649527,1.4812971619860458
2024-08-15,Shrunk Max Sharpe λ=0.50,0.23536719867258227,0.12368654126462544,1.741233900395092
2024-08-16,Shrunk Max Sharpe λ=0.50,0.257123419768601,0.12350172385372485,1.920000890428456
2024-08-19,Shrunk Max Sharpe λ=0.50,0.2780454640798913,0.12327620234277793,2.0932301545303784
2024-08-20,Shrunk Max Sharpe λ=0.50,0.27711048615552714,0.12328192758178565,2.085548881322927
2024-08-21,Shrunk Max Sharpe λ=0.50,0.27114155137604556,0.12311618944003563,2.0398743050633916
2024-08-22,Shrunk Max Sharpe λ=0.50,0.25945464735241264,0.12368849460621449,1.9359492418010373
2024-08-23,Shrunk Max Sharpe λ=0.50,0.2586411345501376,0.12362944799032405,1.9302936187890691
2024-08-26,Shrunk Max Sharpe λ=0.50,0.27520994709899904,0.12251333052463823,2.083119820562503
2024-08-27,Shrunk Max Sharpe λ=0.50,0.26981091559828796,0.12238309946642191,2.041220697036099
2024-08-28,Shrunk Max Sharpe λ=0.50,0.24992552756559028,0.12246808747521676,1.8774321727863934
2024-08-29,Shrunk Max Sharpe λ=0.50,0.23207026693197252,0.12152601137527395,1.7450607037294814
2024-08-30,Shrunk Max Sharpe λ=0.50,0.23362259953629727,0.12155698474236981,1.7573864635508447
2024-09-03,Shrunk Max Sharpe λ=0.50,0.21224856785256008,0.12302516734333974,1.5626767433368416
2024-09-04,Shrunk Max Sharpe λ=0.50,0.20730505470861282,0.12303831274775931,1.5223311383715632
2024-09-05,Shrunk Max Sharpe λ=0.50,0.2180843025522481,0.12280984120171355,1.6129350922854564
2024-09-06,Shrunk Max Sharpe λ=0.50,0.2041602543187211,0.12394689710156913,1.4857996337561377
2024-09-09,Shrunk Max Sharpe λ=0.50,0.22244119338480628,0.12408561843169817,1.6314637904330407
2024-09-10,Shrunk Max Sharpe λ=0.50,0.22825565048931984,0.12415058738792469,1.677443940225574
2024-09-11,Shrunk Max Sharpe λ=0.50,0.23021550942954727,0.12425538315788755,1.6918020297151457
2024-09-12,Shrunk Max Sharpe λ=0.50,0.251948877242852,0.12452353596790754,1.8626910602878346
2024-09-13,Shrunk Max Sharpe λ=0.50,0.2601535471280616,0.12462471229264568,1.9270138539146981
2024-09-16,Shrunk Max Sharpe λ=0.50,0.24695085484169166,0.1242601837755913,1.826416539440787
2024-09-17,Shrunk Max Sharpe λ=0.50,0.25868678121859734,0.1236937754716051,1.9296587909016476
2024-09-18,Shrunk Max Sharpe λ=0.50,0.25453100458339306,0.1238036641808279,1.8943785398858355
2024-09-19,Shrunk Max Sharpe λ=0.50,0.2811609272153961,0.12513270606449858,2.0870716811700922
2024-09-20,Shrunk Max Sharpe λ=0.50,0.2957205446111195,0.12468680827827167,2.2113048558896145
2024-09-23,Shrunk Max Sharpe λ=0.50,0.32127770354225227,0.12338569527025889,2.441755528323977
2024-09-24,Shrunk Max Sharpe λ=0.50,0.3318373761778415,0.12351200740238809,2.5247535258811777
2024-09-25,Shrunk Max Sharpe λ=0.50,0.3265456028579903,0.12352845632453376,2.4815788359941466
2024-09-26,Shrunk Max Sharpe λ=0.50,0.35512788733030387,0.12272412490253222,2.7307417151799873
2024-09-27,Shrunk Max Sharpe λ=0.50,0.3452062367981259,0.12288249789848975,2.64648133265301
2024-09-30,Shrunk Max Sharpe λ=0.50,0.33397388084293067,0.12272518890454119,2.5583491347252894
2024-10-01,Shrunk Max Sharpe λ=0.50,0.33398482502925875,0.12272497492842165,2.5584427718350553
2024-10-02,Shrunk Max Sharpe λ=0.50,0.3387163483516997,0.1226388059799544,2.598821358418922
2024-10-03,Shrunk Max Sharpe λ=0.50,0.35663588992963247,0.12158211973638755,2.768794380781657
2024-10-04,Shrunk Max Sharpe λ=0.50,0.35178034415134074,0.1214722436928775,2.7313263842412634
2024-10-07,Shrunk Max Sharpe λ=0.50,0.3414118428939217,0.12173170836942729,2.640329682374224
2024-10-08,Shrunk Max Sharpe λ=0.50,0.32973363456913085,0.12121072250231808,2.555331972080336
2024-10-09,Shrunk Max Sharpe λ=0.50,0.32604402210321703,0.12117087647036642,2.525722607759326
2024-10-10,Shrunk Max Sharpe λ=0.50,0.31703337726622416,0.12096139692592661,2.4556047203069182
2024-10-11,Shrunk Max Sharpe λ=0.50,0.3191947209982111,0.1210105571420249,2.4724679239932685
2024-10-14,Shrunk Max Sharpe λ=0.50,0.33580369579718594,0.12060699922043652,2.618452476543118
2024-10-15,Shrunk Max Sharpe λ=0.50,0.3428598247023551,0.12028577145653059,2.6841065305802325
2024-10-16,Shrunk Max Sharpe λ=0.50,0.33216894866939706,0.11988314514137831,2.603943601089677
2024-10-17,Shrunk Max Sharpe λ=0.50,0.3319015701475321,0.11988310460861464,2.6017141545158085
2024-10-18,Shrunk Max Sharpe λ=0.50,0.36106577789284544,0.11880571103932538,2.8707860498385522
2024-10-21,Shrunk Max Sharpe λ=0.50,0.3730343026420042,0.11826924056463682,2.9850052385266053
2024-10-22,Shrunk Max Sharpe λ=0.50,0.39467161365611547,0.11746755213101004,3.189575392175101
2024-10-23,Shrunk Max Sharpe λ=0.50,0.3819964235132003,0.11800762043173041,3.0675681976201012
2024-10-24,Shrunk Max Sharpe λ=0.50,0.3780306848938366,0.11787720241889554,3.037319155416644
2024-10-25,Shrunk Max Sharpe λ=0.50,0.40284106363565586,0.11654017779810238,3.285056457515458
2024-10-28,Shrunk Max Sharpe λ=0.50,0.418455444669414,0.1159519895411513,3.436382991324201
2024-10-29,Shrunk Max Sharpe λ=0.50,0.4307409372515476,0.11595637211762622,3.5422023796578572
2024-10-30,Shrunk Max Sharpe λ=0.50,0.41390087281868015,0.11561653089619736,3.4069597986150577
2024-10-31,Shrunk Max Sharpe λ=0.50,0.3831994612685323,0.11684992215427456,3.1082559112791492
2024-11-01,Shrunk Max Sharpe λ=0.50,0.3708651149249578,0.11645337061149295,3.0129236541851574
2024-11-04,Shrunk Max Sharpe λ=0.50,0.34614299168927243,0.11530257729209328,2.8285837086109713
2024-11-05,Shrunk Max Sharpe λ=0.50,0.3443612862520593,0.11521024487158082,2.815385789810696
2024-11-06,Shrunk Max Sharpe λ=0.50,0.35204185010513833,0.11527344313762011,2.8804713476696233
2024-11-07,Shrunk Max Sharpe λ=0.50,0.3674688607980401,0.11586152414563128,2.9990012936588997
2024-11-08,Shrunk Max Sharpe λ=0.50,0.36791969088537124,0.11585558466267618,3.0030463520456983
2024-11-11,Shrunk Max Sharpe λ=0.50,0.36404190557670413,0.11602594616591459,2.9652152552561963
2024-11-12,Shrunk Max Sharpe λ=0.50,0.34146098824497906,0.11572308107385966,2.777846780970239
2024-11-13,Shrunk Max Sharpe λ=0.50,0.3366267628252635,0.11581281146866376,2.7339528227491074
2024-11-14,Shrunk Max Sharpe λ=0.50,0.30313781556089636,0.11426851186338007,2.477828851918691
2024-11-15,Shrunk Max Sharpe λ=0.50,0.2878498350126306,0.11496611591501943,2.3298154667643085
2024-11-18,Shrunk Max Sharpe λ=0.50,0.2978790231541393,0.11526505629070649,2.410782869470076
2024-11-19,Shrunk Max Sharpe λ=0.50,0.29977141958842,0.11531814969865782,2.4260831475314264
2024-11-20,Shrunk Max Sharpe λ=0.50,0.2926805780408559,0.11516870444550621,2.3676621123221784
2024-11-21,Shrunk Max Sharpe λ=0.50,0.3025858617757866,0.11518732428288837,2.453272211461258
2024-11-22,Shrunk Max Sharpe λ=0.50,0.30618466991508875,0.11525910107857101,2.4829680887412042
2024-11-25,Shrunk Max Sharpe λ=0.50,0.2944480436679042,0.11549427896116626,2.3762912426180387
2024-11-26,Shrunk Max Sharpe λ=0.50,0.30040892759237714,0.11549738257814324,2.427837941718359
2024-11-27,Shrunk Max Sharpe λ=0.50,0.2943649077809596,0.11553343395290924,2.374766319962316
2024-11-29,Shrunk Max Sharpe λ=0.50,0.30409033210699743,0.11572653011101935,2.45484187449898
2024-12-02,Shrunk Max Sharpe λ=0.50,0.3060384596888033,0.11571907985491156,2.4718348957444003
2024-12-03,Shrunk Max Sharpe λ=0.50,0.2966814761271277,0.11545691524809845,2.396404542184272
2024-12-04,Shrunk Max Sharpe λ=0.50,0.3208124761575095,0.11489247019408322,2.618208796880763
2024-12-05,Shrunk Max Sharpe λ=0.50,0.3173660995153298,0.11496596940589492,2.586557579186404
2024-12-06,Shrunk Max Sharpe λ=0.50,0.3241163376626133,0.11496120764124058,2.6453822459108904
2024-12-09,Shrunk Max Sharpe λ=0.50,0.3127807107464746,0.11480879675260859,2.5501592127767188
2024-12-10,Shrunk Max Sharpe λ=0.50,0.31629347741098424,0.11478894781257488,2.5812021371148584
2024-12-11,Shrunk Max Sharpe λ=0.50,0.329275878407598,0.11517335502756758,2.685307537785719
2024-12-12,Shrunk Max Sharpe λ=0.50,0.31314065282071324,0.11553929773647344,2.537151069494294
2024-12-13,Shrunk Max Sharpe λ=0.50,0.28990739613322014,0.11457984044360763,2.355627264693736
2024-12-16,Shrunk Max Sharpe λ=0.50,0.2938289635707554,0.11467819049378294,2.387803316321079
2024-12-17,Shrunk Max Sharpe λ=0.50,0.292544219245392,0.11471553195438483,2.3758266609770478
2024-12-18,Shrunk Max Sharpe λ=0.50,0.25142265050110413,0.11796868993304319,1.9617294269560448
2024-12-19,Shrunk Max Sharpe λ=0.50,0.24189499110492774,0.11786996849238791,1.8825405142893357
2024-12-20,Shrunk Max Sharpe λ=0.50,0.2680026346921285,0.11755191813078411,2.1097285236656838
2024-12-23,Shrunk Max Sharpe λ=0.50,0.2593611160218243,0.11721763235122706,2.042023125877603
2024-12-24,Shrunk Max Sharpe λ=0.50,0.266483013322355,0.11742898225490771,2.0989964197024604
2024-12-26,Shrunk Max Sharpe λ=0.50,0.26168892435601543,0.1173318353393717,2.0598750855379713
2024-12-27,Shrunk Max Sharpe λ=0.50,0.24599139963794459,0.11777073858851492,1.918909589482556
2024-12-30,Shrunk Max Sharpe λ=0.50,0.23835711077051558,0.11808244985508452,1.8491919081835795
2024-12-31,Shrunk Max Sharpe λ=0.50,0.23914215611449596,0.11806582490663257,1.8561015119133364
2025-01-02,Shrunk Max Sharpe λ=0.50,0.253220121074629,0.11769688840513515,1.9815317485016328
2025-01-03,Shrunk Max Sharpe λ=0.50,0.2724348693984724,0.11740711804935933,2.1500814737003067
2025-01-06,Shrunk Max Sharpe λ=0.50,0.2813628500605012,0.11743852185663084,2.2255291187977777
2025-01-07,Shrunk Max Sharpe λ=0.50,0.2707644385839245,0.11773911547449996,2.1298311744004503
2025-01-08,Shrunk Max Sharpe λ=0.50,0.2618959182190035,0.11745547629958143,2.059469050229934
2025-01-10,Shrunk Max Sharpe λ=0.50,0.2534067552923347,0.11774012346197772,1.9823892521032531
2025-01-13,Shrunk Max Sharpe λ=0.50,0.24418990345560632,0.11779738881196512,1.903182283721679
2025-01-14,Shrunk Max Sharpe λ=0.50,0.24513863347427,0.1178010057307617,1.9111775156557849
2025-01-15,Shrunk Max Sharpe λ=0.50,0.26003881540782103,0.11869826529457532,2.022260517557801
2025-01-16,Shrunk Max Sharpe λ=0.50,0.266844985487001,0.11851976218819306,2.082732709968192
2025-01-17,Shrunk Max Sharpe λ=0.50,0.28506275665707936,0.11834159382308726,2.2398106033059717
2025-01-21,Shrunk Max Sharpe λ=0.50,0.2846889702561788,0.11831886683055122,2.2370816873630943
2025-01-22,Shrunk Max Sharpe λ=0.50,0.2796009327886888,0.11805359650295578,2.199009098229286
2025-01-23,Shrunk Max Sharpe λ=0.50,0.2817896859230533,0.11805431520422686,2.2175359322543433
2025-01-24,Shrunk Max Sharpe λ=0.50,0.2774443438655376,0.11804564728843656,2.180888069820057
2025-01-27,Shrunk Max Sharpe λ=0.50,0.2571116897796464,0.11921154644670406,1.9889993616151265
2025-01-28,Shrunk Max Sharpe λ=0.50,0.2647627941196895,0.11949800090147282,2.0482584836000615
2025-01-29,Shrunk Max Sharpe λ=0.50,0.2632272596389329,0.11953362167348132,2.034802060154538
2025-01-30,Shrunk Max Sharpe λ=0.50,0.2629278484124433,0.11951941774847173,2.032538753859095
2025-01-31,Shrunk Max Sharpe λ=0.50,0.2630719705127318,0.1195166952349324,2.033790927994858
2025-02-03,Shrunk Max Sharpe λ=0.50,0.2737757859552754,0.11893251136668992,2.133779763321737
2025-02-04,Shrunk Max Sharpe λ=0.50,0.2707611181059275,0.11874269457831706,2.111802490220039
2025-02-05,Shrunk Max Sharpe λ=0.50,0.27144184445697284,0.11876038915784722,2.117219775381298
2025-02-06,Shrunk Max Sharpe λ=0.50,0.2785166697882626,0.11867174065486848,2.1784181167452776
2025-02-07,Shrunk Max Sharpe λ=0.50,0.2670864712711081,0.11890012759715766,2.0781009765460903
2025-02-10,Shrunk Max Sharpe λ=0.50,0.273995199546164,0.11923383319038947,2.130227576770019
2025-02-11,Shrunk Max Sharpe λ=0.50,0.2716206224371931,0.1192601013476543,2.109847464439893
2025-02-12,Shrunk Max Sharpe λ=0.50,0.2656450903015162,0.11923869544108306,2.0601121925465185
2025-02-13,Shrunk Max Sharpe λ=0.50,0.2824414371973063,0.11965248046926968,2.193363950066284
2025-02-14,Shrunk Max Sharpe λ=0.50,0.2975450630138732,0.11870196043780705,2.3381674741529705
2025-02-18,Shrunk Max Sharpe λ=0.50,0.2968177578032287,0.11867526657550896,2.332564870432367
2025-02-19,Shrunk Max Sharpe λ=0.50,0.2899196766932135,0.1185671371750711,2.276513400965917
2025-02-20,Shrunk Max Sharpe λ=0.50,0.2910500537437444,0.11854078855577117,2.286555176880914
2025-02-21,Shrunk Max Sharpe λ=0.50,0.2784823879442466,0.11916231162208793,2.1691622495877656
2025-02-24,Shrunk Max Sharpe λ=0.50,0.27552368952785167,0.11922053295335325,2.143285918943417
2025-02-25,Shrunk Max Sharpe λ=0.50,0.2445862634000766,0.11860146478321668,1.8936213293029909
2025-02-26,Shrunk Max Sharpe λ=0.50,0.24510613956689276,0.11860309349348967,1.8979786524644842
2025-02-27,Shrunk Max Sharpe λ=0.50,0.22508716547463514,0.12008188304194575,1.707894315772815
2025-02-28,Shrunk Max Sharpe λ=0.50,0.23335143905782219,0.12029408467701583,1.7735821310803532
2025-03-03,Shrunk Max Sharpe λ=0.50,0.22686358448222022,0.12053515743771398,1.7162095182819674
2025-03-04,Shrunk Max Sharpe λ=0.50,0.21767710700111986,0.12048095369612143,1.6407332523255382
2025-03-05,Shrunk Max Sharpe λ=0.50,0.21060148584989347,0.11997748641865763,1.5886437659211798
2025-03-06,Shrunk Max Sharpe λ=0.50,0.1880929081188938,0.12104542582302152,1.388676250886668
2025-03-07,Shrunk Max Sharpe λ=0.50,0.20128011330800466,0.12086425037112723,1.49986545029952
2025-03-10,Shrunk Max Sharpe λ=0.50,0.1660714272500745,0.12290696727055936,1.1884714959122085
2025-03-11,Shrunk Max Sharpe λ=0.50,0.15399429753906357,0.12251580598720144,1.093689883189939
2025-03-12,Shrunk Max Sharpe λ=0.50,0.16582396534619281,0.12256304039602496,1.1897874340829608
2025-03-13,Shrunk Max Sharpe λ=0.50,0.16279108358222905,0.12263370878765785,1.1643705877759434
2025-03-14,Shrunk Max Sharpe λ=0.50,0.17300691778563926,0.12326922263220105,1.24124184868243
2025-03-17,Shrunk Max Sharpe λ=0.50,0.18115274975933282,0.12338963153702409,1.3060477428444026
2025-03-18,Shrunk Max Sharpe λ=0.50,0.17944010385512965,0.12344538898110714,1.2915841180550809
2025-03-19,Shrunk Max Sharpe λ=0.50,0.19767962341592704,0.12349780248642818,1.4387270043566418
2025-03-20,Shrunk Max Sharpe λ=0.50,0.18872396399938451,0.12346050672950919,1.3666229668815753
2025-03-21,Shrunk Max Sharpe λ=0.50,0.1841952896918091,0.12347202186652696,1.329817777417656
2025-03-24,Shrunk Max Sharpe λ=0.50,0.18330823902778803,0.12341110634338509,1.3232864031977092
2025-03-25,Shrunk Max Sharpe λ=0.50,0.18565497162066635,0.12344894420272892,1.3418905498991254
2025-03-26,Shrunk Max Sharpe λ=0.50,0.1772652548860152,0.12385370128324577,1.269766290846321
2025-03-27,Shrunk Max Sharpe λ=0.50,0.18044056029248123,0.12384257885559397,1.2955201819526236
2025-03-28,Shrunk Max Sharpe λ=0.50,0.167477321577866,0.1244282923110314,1.1852394567082807
2025-03-31,Shrunk Max Sharpe λ=0.50,0.16739865434924361,0.12442520677858261,1.184636603510274
2025-04-01,Shrunk Max Sharpe λ=0.50,0.16574586002662306,0.12440592779422645,1.1715346897914216
2025-04-02,Shrunk Max Sharpe λ=0.50,0.16584740493731065,0.12440744618531793,1.1723366197876586
2025-04-03,Shrunk Max Sharpe λ=0.50,0.1450688832327096,0.12587593575474879,0.9935885082625198
2025-04-04,Shrunk Max Sharpe λ=0.50,0.10173686931754045,0.1304315550558638,0.6266648379874991
2025-04-07,Shrunk Max Sharpe λ=0.50,0.09983587021437135,0.13059034758865068,0.6113458742436926
2025-04-08,Shrunk Max Sharpe λ=0.50,0.08077072890988801,0.13018885672003436,0.4667890205117393
2025-04-09,Shrunk Max Sharpe λ=0.50,0.13761097853329063,0.14131764505840996,0.8322455308725191
2025-04-10,Shrunk Max Sharpe λ=0.50,0.12128884611855772,0.1417897866947503,0.7143592530865122
2025-04-11,Shrunk Max Sharpe λ=0.50,0.14736471500449433,0.1419835698867803,0.8970384045566453
2025-04-14,Shrunk Max Sharpe λ=0.50,0.13775151221377913,0.1414820921004543,0.8322714943328225
2025-04-15,Shrunk Max Sharpe λ=0.50,0.15741698399271908,0.14068430014566113,0.9767755453198463
2025-04-16,Shrunk Max Sharpe λ=0.50,0.16425264725408728,0.14063960912703913,1.0256900467050112
2025-04-17,Shrunk Max Sharpe λ=0.50,0.1651340056435413,0.1406320210834602,1.032012514115895
2025-04-21,Shrunk Max Sharpe λ=0.50,0.17308879732265114,0.1403971223888445,1.0903983979006047
2025-04-22,Shrunk Max Sharpe λ=0.50,0.18330852951190502,0.1405263962963126,1.1621199562219915
2025-04-23,Shrunk Max Sharpe λ=0.50,0.19157842048330287,0.14027350813062994,1.2231705242840307
2025-04-24,Shrunk Max Sharpe λ=0.50,0.20959717870729455,0.14095674444898268,1.345073479445438
2025-04-25,Shrunk Max Sharpe λ=0.50,0.2004785236296327,0.1407503233857419,1.282260099218467
2025-04-28,Shrunk Max Sharpe λ=0.50,0.2076616378631877,0.14085013409706643,1.3323497280724013
2025-04-29,Shrunk Max Sharpe λ=0.50,0.20956968277775445,0.14083590263778434,1.346032362680335
2025-04-30,Shrunk Max Sharpe λ=0.50,0.19623986803722082,0.14060479126065661,1.2534414116123755
2025-05-01,Shrunk Max Sharpe λ=0.50,0.18709768315256814,0.140741880949826,1.1872633932762195
2025-05-02,Shrunk Max Sharpe λ=0.50,0.21192455128650334,0.13954328120335158,1.3753765113693892
2025-05-05,Shrunk Max Sharpe λ=0.50,0.22060963450376336,0.1396525031688449,1.4364915053561131
2025-05-06,Shrunk Max Sharpe λ=0.50,0.22023458432098253,0.13963899078714304,1.4339446539413023
2025-05-07,Shrunk Max Sharpe λ=0.50,0.20486487275682053,0.13933303286706963,1.326784244574583
2025-05-08,Shrunk Max Sharpe λ=0.50,0.18490851072030035,0.13919881273491053,1.1846976815409427
2025-05-09,Shrunk Max Sharpe λ=0.50,0.1881265136387229,0.13919690794294118,1.2078322437136348
2025-05-12,Shrunk Max Sharpe λ=0.50,0.18940184439764596,0.1391866071190011,1.217084372584868
2025-05-13,Shrunk Max Sharpe λ=0.50,0.18394547429513697,0.13902463256579262,1.1792548649071286
2025-05-14,Shrunk Max Sharpe λ=0.50,0.1707789873839407,0.13923024316056148,1.0829470951225815
2025-05-15,Shrunk Max Sharpe λ=0.50,0.1842791062586917,0.13943204722368593,1.1782019236592325
2025-05-16,Shrunk Max Sharpe λ=0.50,0.1748544911816059,0.13932284505125556,1.111479536070602
2025-05-19,Shrunk Max Sharpe λ=0.50,0.1641095193570723,0.13878588540772627,1.0383586121434916
2025-05-20,Shrunk Max Sharpe λ=0.50,0.17213710201524823,0.13877844859867344,1.0962588467551329
2025-05-21,Shrunk Max Sharpe λ=0.50,0.15856944225649605,0.138853077130291,0.9979573022099555
2025-05-22,Shrunk Max Sharpe λ=0.50,0.15320047970040584,0.13882686281879503,0.959471942215297
2025-05-23,Shrunk Max Sharpe λ=0.50,0.15855382368522242,0.13890855937375202,0.9974462647217072
2025-05-27,Shrunk Max Sharpe λ=0.50,0.1711869611986394,0.13870414848900603,1.0899959579119785
2025-05-28,Shrunk Max Sharpe λ=0.50,0.17890735125232204,0.1383519441454994,1.1485733159282918
2025-05-29,Shrunk Max Sharpe λ=0.50,0.17739647197070463,0.1383090169713445,1.1380058612036463
2025-05-30,Shrunk Max Sharpe λ=0.50,0.170793923568068,0.13826939904804372,1.0905805956072208
2025-06-02,Shrunk Max Sharpe λ=0.50,0.19093283189611943,0.1381756203395652,1.2370694010712868
2025-06-03,Shrunk Max Sharpe λ=0.50,0.19413645947908598,0.13811346187448095,1.2608217701279774
2025-06-04,Shrunk Max Sharpe λ=0.50,0.19815455154213257,0.1381700008941469,1.2893866279889377
2025-06-05,Shrunk Max Sharpe λ=0.50,0.18740285797096679,0.13819828359703515,1.2113237126669942
2025-06-06,Shrunk Max Sharpe λ=0.50,0.18487926062312954,0.1382512346578477,1.1926060626596389
2025-06-09,Shrunk Max Sharpe λ=0.50,0.17161202217430005,0.13763125199941095,1.1015813630391806
2025-06-10,Shrunk Max Sharpe λ=0.50,0.17176906239266843,0.13763306640353337,1.1027078474564318
2025-06-11,Shrunk Max Sharpe λ=0.50,0.18919401424985338,0.1370134129944399,1.2348719045245549
2025-06-12,Shrunk Max Sharpe λ=0.50,0.1914823230191096,0.13708498984775183,1.2509197630576467
2025-06-13,Shrunk Max Sharpe λ=0.50,0.1870865703190745,0.1370869516042951,1.2188364272726266
2025-06-16,Shrunk Max Sharpe λ=0.50,0.17451778086442782,0.13690422292645335,1.1286560601380184
2025-06-17,Shrunk Max Sharpe λ=0.50,0.1755959462233243,0.1368917090796427,1.1366352810512403
2025-06-18,Shrunk Max Sharpe λ=0.50,0.16866246750005742,0.13685304405757043,1.086292734836933
2025-06-20,Shrunk Max Sharpe λ=0.50,0.16225709681877953,0.13679222630137391,1.0399501540779494
2025-06-23,Shrunk Max Sharpe λ=0.50,0.1655037873219385,0.13685828106691772,1.0631712322237448
2025-06-24,Shrunk Max Sharpe λ=0.50,0.1649598835567898,0.13685895160859862,1.0591918311003796
2025-06-25,Shrunk Max Sharpe λ=0.50,0.17396230673423707,0.13666878285665626,1.1265360202682053
2025-06-26,Shrunk Max Sharpe λ=0.50,0.180924328672194,0.1366629112954787,1.1775274443280352
2025-06-27,Shrunk Max Sharpe λ=0.50,0.1712902337961728,0.13674913105692468,1.106334150914605
2025-06-30,Shrunk Max Sharpe λ=0.50,0.182205452965422,0.13684832533591804,1.1852936641150742
2025-07-01,Shrunk Max Sharpe λ=0.50,0.17872437396857732,0.1367929572988067,1.1603256271583067
2025-07-02,Shrunk Max Sharpe λ=0.50,0.184923295059781,0.13676707462792978,1.2058698740793372
2025-07-03,Shrunk Max Sharpe λ=0.50,0.1804125141768207,0.1367467617627315,1.1730626166866862
2025-07-07,Shrunk Max Sharpe λ=0.50,0.16982763188706484,0.13673273411930417,1.0957700279461604
2025-07-08,Shrunk Max Sharpe λ=0.50,0.15560482727049352,0.13658854903712642,0.9927979191991746
2025-07-09,Shrunk Max Sharpe λ=0.50,0.1507456239060867,0.13637478554326218,0.9587228561735136
2025-07-10,Shrunk Max Sharpe λ=0.50,0.1559068049662342,0.136324487835113,0.996936112685903
2025-07-11,Shrunk Max Sharpe λ=0.50,0.15511819686778328,0.13632596357763632,0.9911405965660736
2025-07-14,Shrunk Max Sharpe λ=0.50,0.14465976170875972,0.136093815969698,0.9159840277865077
2025-07-15,Shrunk Max Sharpe λ=0.50,0.14428119407444506,0.13610426202088674,0.9131322724880776
2025-07-16,Shrunk Max Sharpe λ=0.50,0.1430670530451721,0.13607729384706616,0.9043908029467727
2025-07-17,Shrunk Max Sharpe λ=0.50,0.14287892332871688,0.13607599528308756,0.9030168992928108
2025-07-18,Shrunk Max Sharpe λ=0.50,0.13506965988172337,0.13585437341266726,0.8470074020524252
2025-07-21,Shrunk Max Sharpe λ=0.50,0.15996195975249017,0.13509941835540232,1.035992319258519
2025-07-22,Shrunk Max Sharpe λ=0.50,0.17200731916763323,0.13493701973812766,1.1265056799285615
2025-07-23,Shrunk Max Sharpe λ=0.50,0.1820613407014855,0.13448892590902897,1.2050162465503447
2025-07-24,Shrunk Max Sharpe λ=0.50,0.16928911646457334,0.1342783780169649,1.1117882020120318
2025-07-25,Shrunk Max Sharpe λ=0.50,0.16989038136499457,0.13427287255461096,1.116311720403775
2025-07-28,Shrunk Max Sharpe λ=0.50,0.1904113042074369,0.13272504648623434,1.2839423207518803
2025-07-29,Shrunk Max Sharpe λ=0.50,0.20549497451498944,0.13228039457233126,1.4022862202271427
2025-07-30,Shrunk Max Sharpe λ=0.50,0.18444938405477052,0.1321052025006926,1.244836546493378
2025-07-31,Shrunk Max Sharpe λ=0.50,0.1856501861229518,0.1321030082220546,1.253947115606233
2025-08-01,Shrunk Max Sharpe λ=0.50,0.19309563875172642,0.13210269342123065,1.310311200088731
2025-08-04,Shrunk Max Sharpe λ=0.50,0.1782039017571191,0.13078704055987847,1.2096298003217552
2025-08-05,Shrunk Max Sharpe λ=0.50,0.19415621020572504,0.12983758133259016,1.3413389899770922
2025-08-06,Shrunk Max Sharpe λ=0.50,0.21477988654603353,0.1288982412075203,1.511113609629838
2025-08-07,Shrunk Max Sharpe λ=0.50,0.24698989792221715,0.1265409028405957,1.7938065307480668
2025-08-08,Shrunk Max Sharpe λ=0.50,0.2452347881810013,0.12652080385919165,1.780219389308268
2025-08-11,Shrunk Max Sharpe λ=0.50,0.24531229151199518,0.1265179278075503,1.7808724456404594
2025-08-12,Shrunk Max Sharpe λ=0.50,0.22233649509205144,0.1246786867592184,1.6228635410862735
2025-08-13,Shrunk Max Sharpe λ=0.50,0.22141783836767281,0.12466159971622122,1.6157167790737401
2025-08-14,Shrunk Max Sharpe λ=0.50,0.21062166685521455,0.12461832162657657,1.5296439910851911
2025-08-15,Shrunk Max Sharpe λ=0.50,0.19262112882192017,0.12396786140320633,1.3924667802445083
2025-08-18,Shrunk Max Sharpe λ=0.50,0.1927617315289356,0.12396623502015498,1.3936192504422453
2025-08-19,Shrunk Max Sharpe λ=0.50,0.17146847828767564,0.12321179022731098,1.2293342869885624
2025-08-20,Shrunk Max Sharpe λ=0.50,0.1645295254417123,0.12298318918563887,1.1751974103025575
2025-08-21,Shrunk Max Sharpe λ=0.50,0.15171014580051123,0.12285819429137836,1.0720501514790217
2025-08-22,Shrunk Max Sharpe λ=0.50,0.16442871343823873,0.12327101105902817,1.1716356684142002
2025-08-25,Shrunk Max Sharpe λ=0.50,0.15760988339592918,0.12329989090888614,1.116058435912304
2025-08-26,Shrunk Max Sharpe λ=0.50,0.1760786824998377,0.12277919121504743,1.2712144538113654
2025-08-27,Shrunk Max Sharpe λ=0.50,0.164707840906251,0.12228272119212154,1.1833874769510306
2025-08-28,Shrunk Max Sharpe λ=0.50,0.17349670870392964,0.12228235435124458,1.2552645843162682
2025-08-29,Shrunk Max Sharpe λ=0.50,0.1705111531050021,0.12226882102075723,1.2309855599200572
2025-09-02,Shrunk Max Sharpe λ=0.50,0.18342697020472132,0.12201635760870595,1.3393857463670158
2025-09-03,Shrunk Max Sharpe λ=0.50,0.18839229859671414,0.1221169822660209,1.378942514562689
2025-09-04,Shrunk Max Sharpe λ=0.50,0.18706845656953264,0.12208766071082419,1.368430319631151
2025-09-05,Shrunk Max Sharpe λ=0.50,0.2150121779282157,0.12068118406875732,1.6159286091948584
2025-09-08,Shrunk Max Sharpe λ=0.50,0.22373356972448888,0.12074763642214743,1.6872675586974906
2025-09-09,Shrunk Max Sharpe λ=0.50,0.22045749849096286,0.1207496777668438,1.6601079373315375
2025-09-10,Shrunk Max Sharpe λ=0.50,0.24539317310357855,0.11940543204032864,1.8876291409209345
2025-09-11,Shrunk Max Sharpe λ=0.50,0.23744993423802008,0.11911407841022084,1.8255603127712343
2025-09-12,Shrunk Max Sharpe λ=0.50,0.23117755912736038,0.11904993102779655,1.7738570472422472
2025-09-15,Shrunk Max Sharpe λ=0.50,0.22645756727745114,0.1188234103473439,1.737515921096151
2025-09-16,Shrunk Max Sharpe λ=0.50,0.21279069338463463,0.11833589974353208,1.6291817935425135
2025-09-17,Shrunk Max Sharpe λ=0.50,0.2011541587610186,0.11829277571409758,1.531405089342489
2025-09-18,Shrunk Max Sharpe λ=0.50,0.20085142100593534,0.11829486881485131,1.5288188136798575
2025-09-19,Shrunk Max Sharpe λ=0.50,0.20908448431918925,0.11833643150297307,1.5978552159943975
2025-09-22,Shrunk Max Sharpe λ=0.50,0.22267494944623456,0.11833356225917077,1.712742738212695
2025-09-23,Shrunk Max Sharpe λ=0.50,0.19962653897842153,0.11686570008974703,1.537033867426262
2025-09-24,Shrunk Max Sharpe λ=0.50,0.1917360097052656,0.11699549007672269,1.467885724421048
2025-09-25,Shrunk Max Sharpe λ=0.50,0.18743559736313742,0.11699614394529922,1.4311206482276957
2025-09-26,Shrunk Max Sharpe λ=0.50,0.18330990777969047,0.11685679319394805,1.3975217299403713
2025-09-29,Shrunk Max Sharpe λ=0.50,0.1932791568286656,0.11701248326589203,1.4808604346505203
2025-09-30,Shrunk Max Sharpe λ=0.50,0.18914874964171302,0.11687157533013555,1.4473044379174866
2025-10-01,Shrunk Max Sharpe λ=0.50,0.198715557538788,0.1167466822093801,1.5307977422285066
2025-10-02,Shrunk Max Sharpe λ=0.50,0.19932753254203783,0.11674132154943544,1.5361101807135151
2025-10-03,Shrunk Max Sharpe λ=0.50,0.2037576046211116,0.11671186390452118,1.5744552308018893
2025-10-06,Shrunk Max Sharpe λ=0.50,0.21032501358959554,0.11680206853201583,1.6294661214619401
2025-10-07,Shrunk Max Sharpe λ=0.50,0.214457579339693,0.11677187506825307,1.66527752702466
2025-10-08,Shrunk Max Sharpe λ=0.50,0.21861308977859784,0.11689086038288163,1.6991327562140541
2025-10-09,Shrunk Max Sharpe λ=0.50,0.21850965035654157,0.11689634583504362,1.6981681415145795
2025-10-10,Shrunk Max Sharpe λ=0.50,0.21078551303226778,0.11689972459972832,1.6320441616567434
2025-10-13,Shrunk Max Sharpe λ=0.50,0.2237305488302248,0.11745329932618474,1.7345664191555463
2025-10-14,Shrunk Max Sharpe λ=0.50,0.22563340282053002,0.11747118814159636,1.7505007489382458
2025-10-15,Shrunk Max Sharpe λ=0.50,0.22633370597389146,0.11749572049329134,1.7560954995435134
2025-10-16,Shrunk Max Sharpe λ=0.50,0.2303739522709618,0.11761740643826502,1.7886294098942135
2025-10-17,Shrunk Max Sharpe λ=0.50,0.22889111734005874,0.11766866922418523,1.7752484048415154
2025-10-20,Shrunk Max Sharpe λ=0.50,0.24295966132194002,0.11845130007482281,1.882289693579571
2025-10-21,Shrunk Max Sharpe λ=0.50,0.21837477452878828,0.1200619037682174,1.6522707728486123
2025-10-22,Shrunk Max Sharpe λ=0.50,0.20951626412083835,0.11996452731886346,1.579769189746463
2025-10-23,Shrunk Max Sharpe λ=0.50,0.21365262279310127,0.11994334787792547,1.6145340797906922
2025-10-24,Shrunk Max Sharpe λ=0.50,0.21212353506118098,0.11992617187807006,1.602015073544702
2025-10-27,Shrunk Max Sharpe λ=0.50,0.21870767050069162,0.11955200752839776,1.6621023319369326
2025-10-28,Shrunk Max Sharpe λ=0.50,0.21111103534603348,0.11948764631810183,1.599420870984895
2025-10-29,Shrunk Max Sharpe λ=0.50,0.20509603738059168,0.11956651107407024,1.5480591991676214
2025-10-30,Shrunk Max Sharpe λ=0.50,0.20629926055800984,0.11957026476312561,1.558073497010963
2025-10-31,Shrunk Max Sharpe λ=0.50,0.19808126256251102,0.11947681444223576,1.4905089610387054
2025-11-03,Shrunk Max Sharpe λ=0.50,0.2002914581163746,0.11946046786299769,1.5092143982153199
2025-11-04,Shrunk Max Sharpe λ=0.50,0.21006586107668546,0.11859121124764116,1.6026976963730606
2025-11-05,Shrunk Max Sharpe λ=0.50,0.2110035112580979,0.11860108981339662,1.6104701192764508
2025-11-06,Shrunk Max Sharpe λ=0.50,0.21031487562729323,0.11860958762574637,1.6045488348530597
2025-11-07,Shrunk Max Sharpe λ=0.50,0.20256457442795495,0.11836528080362317,1.5423828101319947
2025-11-10,Shrunk Max Sharpe λ=0.50,0.21087883209059077,0.11883834314245599,1.6062057669533236
2025-11-11,Shrunk Max Sharpe λ=0.50,0.1993315758784775,0.1182422674254259,1.516645272314149
2025-11-12,Shrunk Max Sharpe λ=0.50,0.20603358155508622,0.11830795172573826,1.5724520528117136
2025-11-13,Shrunk Max Sharpe λ=0.50,0.20426115003437095,0.11841457244545804,1.5560681952319844
2025-11-14,Shrunk Max Sharpe λ=0.50,0.20279341761679803,0.11848066288169239,1.542812246073644
2025-11-17,Shrunk Max Sharpe λ=0.50,0.2001631435784743,0.1185791017253588,1.5193498766397338
2025-11-18,Shrunk Max Sharpe λ=0.50,0.20630001433973044,0.11845150549019233,1.5727956649327341
2025-11-19,Shrunk Max Sharpe λ=0.50,0.22213985666925273,0.11779968580793931,1.715962612997302
2025-11-20,Shrunk Max Sharpe λ=0.50,0.20654358893979907,0.11756870995547751,1.58667717805564
2025-11-21,Shrunk Max Sharpe λ=0.50,0.2039093884069343,0.11749191749607492,1.5652939566083617
2025-11-24,Shrunk Max Sharpe λ=0.50,0.21403266768345786,0.11784127349344044,1.646559494235766
2025-11-25,Shrunk Max Sharpe λ=0.50,0.21222834393496703,0.11779518220597665,1.6318862990409622
2025-11-26,Shrunk Max Sharpe λ=0.50,0.21169759226758078,0.11777856175066223,1.6276102324411594
2025-11-28,Shrunk Max Sharpe λ=0.50,0.22510272388568686,0.11761439161351595,1.7438573721459185
2025-12-01,Shrunk Max Sharpe λ=0.50,0.21842767547356257,0.11761991775185206,1.687024436560092
2025-12-02,Shrunk Max Sharpe λ=0.50,0.22005904285836841,0.1175936166205275,1.7012746831654593
2025-12-03,Shrunk Max Sharpe λ=0.50,0.21250431811500126,0.11738788993525619,1.6398992964365795
2025-12-04,Shrunk Max Sharpe λ=0.50,0.21000761821225722,0.11739782510444352,1.6184935116405783
2025-12-05,Shrunk Max Sharpe λ=0.50,0.20726691946283093,0.1174032494625677,1.5950744150615546
2025-12-08,Shrunk Max Sharpe λ=0.50,0.19619675447155505,0.11729280246931281,1.5021957934516332
2025-12-09,Shrunk Max Sharpe λ=0.50,0.20124922963792335,0.1172190279043932,1.5462440943099682
2025-12-10,Shrunk Max Sharpe λ=0.50,0.2024134674959368,0.11724661354907961,1.5558101165930756
2025-12-11,Shrunk Max Sharpe λ=0.50,0.2080498934415207,0.11726290721259845,1.603660508779515
2025-12-12,Shrunk Max Sharpe λ=0.50,0.2021991377598813,0.11732908794813718,1.5528897475144319
2025-12-15,Shrunk Max Sharpe λ=0.50,0.1897601249081653,0.11691977503566603,1.4519368075792183
2025-12-16,Shrunk Max Sharpe λ=0.50,0.2005707202243554,0.11656020956734023,1.5491626250039852
2025-12-17,Shrunk Max Sharpe λ=0.50,0.20145081740805737,0.11654640936628992,1.5568975345931209
2025-12-18,Shrunk Max Sharpe λ=0.50,0.19772121470703863,0.11644038165932588,1.5262850582799055
2025-12-19,Shrunk Max Sharpe λ=0.50,0.2047839492451602,0.11636064834744171,1.5880278416240265
2025-12-22,Shrunk Max Sharpe λ=0.50,0.24823404575643715,0.11326596199734987,2.0150276546609587
2025-12-23,Shrunk Max Sharpe λ=0.50,0.2565912264021104,0.11332579161464662,2.087708570407485
2025-12-24,Shrunk Max Sharpe λ=0.50,0.24593409732679716,0.11299674610136494,1.9994743664930013
2025-12-26,Shrunk Max Sharpe λ=0.50,0.24662126713833676,0.11300937852694991,2.0053315051572755
2025-12-29,Shrunk Max Sharpe λ=0.50,0.21981166312371814,0.11369161427059803,1.757488134948505
2025-12-30,Shrunk Max Sharpe λ=0.50,0.2165734589192776,0.11369401052671071,1.728969345074652
2025-12-31,Shrunk Max Sharpe λ=0.50,0.22131558619294078,0.11341021238449613,1.7751098596872206
2026-01-02,Shrunk Max Sharpe λ=0.50,0.23328977570612874,0.1130538747349497,1.886620659452656
2026-01-05,Shrunk Max Sharpe λ=0.50,0.24932016268453427,0.11347994428431625,2.020799041899318
2026-01-06,Shrunk Max Sharpe λ=0.50,0.25200475297264013,0.11353428045077794,2.043477547499183
2026-01-07,Shrunk Max Sharpe λ=0.50,0.24046193997029475,0.11347018189922792,1.9429063766380976
2026-01-08,Shrunk Max Sharpe λ=0.50,0.2344580655380002,0.11339612058534056,1.8912292980658156
2026-01-09,Shrunk Max Sharpe λ=0.50,0.24982815420271232,0.1131657287088521,2.0308989022109714
2026-01-12,Shrunk Max Sharpe λ=0.50,0.25402041827972166,0.11325289268141785,2.0663526797326472
2026-01-13,Shrunk Max Sharpe λ=0.50,0.2629090240124319,0.11295290782988138,2.15053360448478
2026-01-14,Shrunk Max Sharpe λ=0.50,0.2705438371512774,0.11286490728343461,2.2198559603836236
2026-01-15,Shrunk Max Sharpe λ=0.50,0.26594442554914277,0.11289548138770443,2.178514343762999
2026-01-16,Shrunk Max Sharpe λ=0.50,0.24239388092626757,0.11199216432565166,1.9857985803327183
2026-01-20,Shrunk Max Sharpe λ=0.50,0.2472613302382447,0.11201953739802795,2.0287651200588295
2026-01-21,Shrunk Max Sharpe λ=0.50,0.25043436509228223,0.11218081214793257,2.054133507149235
2026-01-22,Shrunk Max Sharpe λ=0.50,0.24710492612847834,0.11199437478573819,2.0278244024573886
2026-01-23,Shrunk Max Sharpe λ=0.50,0.24476333449159537,0.11191011634800181,2.008427314941386
2026-01-26,Shrunk Max Sharpe λ=0.50,0.25025572042147703,0.11203784881651964,2.055160134309242
2026-01-27,Shrunk Max Sharpe λ=0.50,0.26106200079232034,0.11226968250554847,2.147169168135902
2026-01-28,Shrunk Max Sharpe λ=0.50,0.29562646037669627,0.11150606220186193,2.4718517983149964
2026-01-29,Shrunk Max Sharpe λ=0.50,0.28387120248421605,0.11117867560834888,2.3733976056142265
2026-01-30,Shrunk Max Sharpe λ=0.50,0.24623848156916361,0.1160118743100845,1.9501321128943911
2026-02-02,Shrunk Max Sharpe λ=0.50,0.2225883001857949,0.1164271814770231,1.7400429832253193
2026-02-03,Shrunk Max Sharpe λ=0.50,0.2452948761568403,0.11747350489424857,1.9178356545984916
2026-02-04,Shrunk Max Sharpe λ=0.50,0.24625951151337633,0.11744951759908687,1.9264405349514644
2026-02-05,Shrunk Max Sharpe λ=0.50,0.2234354800164371,0.11759696185691937,1.7299382297304395
2026-02-06,Shrunk Max Sharpe λ=0.50,0.23522673624097346,0.11835007641162582,1.8185601798211533
2026-02-09,Shrunk Max Sharpe λ=0.50,0.24423335291318526,0.1186376069433963,1.8900697568872087
2026-02-10,Shrunk Max Sharpe λ=0.50,0.249595897093414,0.11844636813142687,1.9383954165539021
2026-02-11,Shrunk Max Sharpe λ=0.50,0.23915243081422655,0.11802891982576502,1.856768926952315
2026-02-12,Shrunk Max Sharpe λ=0.50,0.22546818432803928,0.11877583077715315,1.729882106348202
2026-02-13,Shrunk Max Sharpe λ=0.50,0.2378982581264819,0.11906376867021787,1.8300971030911615
2026-02-17,Shrunk Max Sharpe λ=0.50,0.21310768626288512,0.11900098998575552,1.6227401661616447
2026-02-18,Shrunk Max Sharpe λ=0.50,0.22580171917005054,0.11913494484396595,1.7274672803986628
2026-02-19,Shrunk Max Sharpe λ=0.50,0.2185388681111582,0.11900603051790586,1.668309305395122
2026-02-20,Shrunk Max Sharpe λ=0.50,0.22729203433503709,0.11921980746751253,1.7387382075040199
2026-02-23,Shrunk Max Sharpe λ=0.50,0.23762806530887315,0.11930898865930009,1.824070992088735
2026-02-24,Shrunk Max Sharpe λ=0.50,0.24936618691417767,0.11870685746052077,1.932206713419734
2026-02-25,Shrunk Max Sharpe λ=0.50,0.25535866354264614,0.11863902475511671,1.9838216306013212
2026-02-26,Shrunk Max Sharpe λ=0.50,0.2680023347530007,0.11826986394514656,2.0969190838675855
2026-02-27,Shrunk Max Sharpe λ=0.50,0.2708302910931617,0.11830225982001306,2.120249363577491
2026-03-02,Shrunk Max Sharpe λ=0.50,0.2967009645816503,0.11674214418049708,2.3701891593993514
2026-03-03,Shrunk Max Sharpe λ=0.50,0.2653743496833638,0.11782609721556844,2.082512749568882
2026-03-04,Shrunk Max Sharpe λ=0.50,0.28000286544287967,0.11757862550330317,2.2113106385613883
2026-03-05,Shrunk Max Sharpe λ=0.50,0.2743679731744777,0.11777614048200773,2.1597580981466837
2026-03-06,Shrunk Max Sharpe λ=0.50,0.26460566986794354,0.11756200630049377,2.0806523941308086
2026-03-09,Shrunk Max Sharpe λ=0.50,0.28919641386521033,0.11643281397119304,2.3120321899272565
2026-03-10,Shrunk Max Sharpe λ=0.50,0.2853153312482819,0.11638779547306691,2.279580347491658
2026-03-11,Shrunk Max Sharpe λ=0.50,0.3100650743371449,0.11407362554239621,2.5427882471337804
2026-03-12,Shrunk Max Sharpe λ=0.50,0.2945393054705647,0.11480603365501914,2.3913316811860983
2026-03-13,Shrunk Max Sharpe λ=0.50,0.2784191849210518,0.11491587292110145,2.248768410770167
2026-03-16,Shrunk Max Sharpe λ=0.50,0.2894134788427212,0.11486179965220199,2.345544642853385
2026-03-17,Shrunk Max Sharpe λ=0.50,0.27338258008832494,0.11413648551546904,2.219996339855617
2026-03-18,Shrunk Max Sharpe λ=0.50,0.24587857604623808,0.1151890637491776,1.9609376853525364
2026-03-19,Shrunk Max Sharpe λ=0.50,0.23606380215851375,0.11584190468149166,1.8651609946554581
2026-03-20,Shrunk Max Sharpe λ=0.50,0.2037714718514898,0.11701827390207731,1.5704510562621408
2026-03-23,Shrunk Max Sharpe λ=0.50,0.2042260713524604,0.11700860352107231,1.5744660290666812
2026-03-24,Shrunk Max Sharpe λ=0.50,0.2033682464783837,0.11702501849243657,1.5669149113634615
2026-03-25,Shrunk Max Sharpe λ=0.50,0.2062768403179036,0.11724822538441765,1.5887391020816244
2026-03-26,Shrunk Max Sharpe λ=0.50,0.17746331459498288,0.1190171472145776,1.3230304899771306
2026-03-27,Shrunk Max Sharpe λ=0.50,0.19556662003956204,0.11863178972021335,1.4799289503566153
2026-03-30,Shrunk Max Sharpe λ=0.50,0.1957082459371362,0.11863263668355482,1.4811122035989728
2026-03-31,Shrunk Max Sharpe λ=0.50,0.23504900037893184,0.11974019782616818,1.7959632962284513
2026-04-01,Shrunk Max Sharpe λ=0.50,0.2352696485679644,0.11974844855834597,1.7976821508721
2026-04-02,Shrunk Max Sharpe λ=0.50,0.2294213447138449,0.11981260656046142,1.7479074258197025
2026-04-06,Shrunk Max Sharpe λ=0.50,0.22508338579875886,0.1198058798370948,1.7117973348020945
2026-04-07,Shrunk Max Sharpe λ=0.50,0.25262095113053307,0.11823796297044839,1.9673964713741965
2026-04-08,Shrunk Max Sharpe λ=0.50,0.3096578410684665,0.1133473718955823,2.5554879325768987
2026-04-09,Shrunk Max Sharpe λ=0.50,0.3309200252284097,0.11254293137779989,2.762679285335742
2026-04-10,Shrunk Max Sharpe λ=0.50,0.3360770884048325,0.11238246145313878,2.8125125959857202
2026-04-13,Shrunk Max Sharpe λ=0.50,0.26992512191802764,0.0983675231447089,2.54072801599733
2026-04-14,Shrunk Max Sharpe λ=0.50,0.29801717677171546,0.09806021592478253,2.835167903209285
2026-04-15,Shrunk Max Sharpe λ=0.50,0.279729912896294,0.09731507182326651,2.668958754590331
2026-04-16,Shrunk Max Sharpe λ=0.50,0.2727691833854884,0.09726180787727191,2.5988534338621454
2026-04-17,Shrunk Max Sharpe λ=0.50,0.28141257220711946,0.09760800798740982,2.6781877593571863
2026-04-20,Shrunk Max Sharpe λ=0.50,0.274354096473892,0.09767859887939737,2.603990018201838
2026-04-21,Shrunk Max Sharpe λ=0.50,0.2609953436072514,0.09838511483755784,2.4495102130556554
2026-04-22,Shrunk Max Sharpe λ=0.50,0.27063591146050037,0.09854551998488224,2.543351656157988
2026-04-23,Shrunk Max Sharpe λ=0.50,0.25604753835856875,0.09849962476197024,2.396430838482792
2026-04-24,Shrunk Max Sharpe λ=0.50,0.2625014769192695,0.0985372891602794,2.4610122623205104
2026-04-27,Shrunk Max Sharpe λ=0.50,0.24105186743920415,0.09763328723228926,2.264103501024986
2026-04-28,Shrunk Max Sharpe λ=0.50,0.23235875924435567,0.09789096472516216,2.169339732635921
2026-04-29,Shrunk Max Sharpe λ=0.50,0.21872134964141,0.09792358194383759,2.0293513135108077
2026-04-30,Shrunk Max Sharpe λ=0.50,0.22727342360254732,0.09813972546640479,2.112023674587323
2026-05-01,Shrunk Max Sharpe λ=0.50,0.23094961687415516,0.09810242158469956,2.150299793487011
2026-05-04,Shrunk Max Sharpe λ=0.50,0.22908479210980115,0.09821330726784405,2.128884546567525
2026-05-05,Shrunk Max Sharpe λ=0.50,0.23213891902842665,0.09829714722531022,2.158139122208459
2026-05-06,Shrunk Max Sharpe λ=0.50,0.24020571531730228,0.09889775455216274,2.2265997475317474
2026-05-07,Shrunk Max Sharpe λ=0.50,0.2291352022649351,0.09877005131780703,2.117394893235523
2026-05-08,Shrunk Max Sharpe λ=0.50,0.23814427879862476,0.09881336656151442,2.207639375011306
2026-05-11,Shrunk Max Sharpe λ=0.50,0.24582151478858294,0.09854334919575397,2.2915956950072194
2026-05-12,Shrunk Max Sharpe λ=0.50,0.23969817206164246,0.09861195393590053,2.2279060833177495
2026-05-13,Shrunk Max Sharpe λ=0.50,0.24049720299638166,0.09860786853635017,2.23610150253982
2026-05-14,Shrunk Max Sharpe λ=0.50,0.23697933791621018,0.09857983104445303,2.201052036885382
2026-05-15,Shrunk Max Sharpe λ=0.50,0.23109870353154482,0.09909083675167063,2.1303554440717325
2026-05-18,Shrunk Max Sharpe λ=0.50,0.22015656770007053,0.09876670119208071,2.0265592075491883
2026-05-19,Shrunk Max Sharpe λ=0.50,0.2125505635603493,0.0991032787541101,1.9429282863395039
2026-05-20,Shrunk Max Sharpe λ=0.50,0.2192782123397936,0.09944358793710599,2.0039322441365344
2026-05-21,Shrunk Max Sharpe λ=0.50,0.2156460912595788,0.09939384385231428,1.968392444408149
2026-05-22,Shrunk Max Sharpe λ=0.50,0.22323254913753332,0.09915756103347245,2.049592053488775
2026-05-26,Shrunk Max Sharpe λ=0.50,0.22934972375152962,0.09919476026187489,2.1104917558028755
2026-05-27,Shrunk Max Sharpe λ=0.50,0.21968846743871095,0.09914723382314422,2.014059895961486
2026-05-28,Shrunk Max Sharpe λ=0.50,0.2217842002172643,0.09920824190742049,2.033945933701416
2026-05-29,Shrunk Max Sharpe λ=0.50,0.23041390398492467,0.09915015584653226,2.1221742133276114
2026-06-01,Shrunk Max Sharpe λ=0.50,0.2218213233076456,0.09912918594367087,2.035942506602732
2026-06-02,Shrunk Max Sharpe λ=0.50,0.22434598469054823,0.09910912213321184,2.061828218152193
2026-06-03,Shrunk Max Sharpe λ=0.50,0.20774783821654497,0.09899335404904672,1.8965701285717063
2026-06-04,Shrunk Max Sharpe λ=0.50,0.21330057375592104,0.09901213771541023,1.9522916908583803
2026-06-05,Shrunk Max Sharpe λ=0.50,0.18700576981773231,0.10052172207089664,1.6613898605909811
2026-06-08,Shrunk Max Sharpe λ=0.50,0.19267514010685471,0.10040124801156113,1.7198505349950561
2026-06-09,Shrunk Max Sharpe λ=0.50,0.19452259428702656,0.10034363761002736,1.739249228389409
2026-06-10,Shrunk Max Sharpe λ=0.50,0.1761636937204385,0.10124654099678239,1.542410162194098
2026-06-11,Shrunk Max Sharpe λ=0.50,0.19028875395852585,0.10218737609399196,1.6664363101161757
2026-06-12,Shrunk Max Sharpe λ=0.50,0.1887352195394616,0.1021757586000925,1.6514212554063568
2026-06-15,Shrunk Max Sharpe λ=0.50,0.1925618472525572,0.10241925877982186,1.6848574116663546
2026-06-16,Shrunk Max Sharpe λ=0.50,0.19384453152929582,0.10240471084601095,1.6976224051910178
2026-06-17,Shrunk Max Sharpe λ=0.50,0.18460466765345807,0.10292393249971823,1.5992846722399447
2026-06-18,Shrunk Max Sharpe λ=0.50,0.19014019416500405,0.10296517629977699,1.652405213872028
2026-06-22,Shrunk Max Sharpe λ=0.50,0.18721747459096716,0.10304497461796432,1.6227620532774178
2026-06-23,Shrunk Max Sharpe λ=0.50,0.1797524703531257,0.10331623135577696,1.5462475572014087
2026-06-24,Shrunk Max Sharpe λ=0.50,0.1704445155481924,0.10326790007997076,1.4568371723612858
2026-06-25,Shrunk Max Sharpe λ=0.50,0.1732041726382183,0.10328494094313069,1.4833156822210263
2026-06-26,Shrunk Max Sharpe λ=0.50,0.17284595084810972,0.10328400516340813,1.479860803289807
2026-06-29,Shrunk Max Sharpe λ=0.50,0.17183676694441918,0.1032636562966094,1.4703795351608586
2026-06-30,Shrunk Max Sharpe λ=0.50,0.17657911030800189,0.10312686725284667,1.518315396162485
2026-07-01,Shrunk Max Sharpe λ=0.50,0.16786108958832213,0.10295220180748034,1.436211047383144
2026-07-02,Shrunk Max Sharpe λ=0.50,0.17016856858512974,0.10299302635948854,1.4580459851813552
2026-07-06,Shrunk Max Sharpe λ=0.50,0.17201774698760186,0.10303618286990565,1.4753821691894464
2026-07-07,Shrunk Max Sharpe λ=0.50,0.16464249423119015,0.10329730310944536,1.4002543132993397
2026-07-08,Shrunk Max Sharpe λ=0.50,0.1650567284237099,0.10328328987161124,1.4044549568863087
2026-07-09,Shrunk Max Sharpe λ=0.50,0.17492549829701365,0.10325709744287624,1.5003859505417663
2026-07-10,Shrunk Max Sharpe λ=0.50,0.16833853369071927,0.10315527229501349,1.4380121383082223
2026-07-13,Shrunk Max Sharpe λ=0.50,0.15672011390275897,0.10356992020229666,1.3200754971686
2026-07-14,Shrunk Max Sharpe λ=0.50,0.1621162589154741,0.10364674777202175,1.371159847948811
2026-07-15,Shrunk Max Sharpe λ=0.50,0.1659917161367066,0.1036634107018676,1.4083244526516088
2026-07-16,Shrunk Max Sharpe λ=0.50,0.16464611953987207,0.10372009752283884,1.3945814070221199
2026-07-17,Shrunk Max Sharpe λ=0.50,0.16011005418863067,0.10368629377197226,1.3512880930700624
2026-07-20,Shrunk Max Sharpe λ=0.50,0.15506809161161494,0.10373797829743674,1.3020119904819116
2026-07-21,Shrunk Max Sharpe λ=0.50,0.15779224133667547,0.10378475083754422,1.3276732874983115
2026-07-22,Shrunk Max Sharpe λ=0.50,0.1506292613522311,0.10360607471361913,1.2608262760007811
2026-07-23,Shrunk Max Sharpe λ=0.50,0.13685705262983938,0.10394023933832647,1.1242715369306449
2026-07-24,Shrunk Max Sharpe λ=0.50,0.14037507206140476,0.10390591581269679,1.1585006601394636
2026-07-27,Shrunk Max Sharpe λ=0.50,0.14607725171868213,0.10389415446194693,1.2135163173675971
2026-07-28,Shrunk Max Sharpe λ=0.50,0.1467348202371226,0.10388974217175831,1.2198973410444613
2026-07-29,Shrunk Max Sharpe λ=0.50,0.1428873756677238,0.10404852115651896,1.181058359136751
2026-07-30,Shrunk Max Sharpe λ=0.50,0.14888618905165862,0.10427224985303332,1.2360545517461978
2026-07-31,Shrunk Max Sharpe λ=0.50,0.15457384427030574,0.10404004620972188,1.2934812043339008
2026-08-03,Shrunk Max Sharpe λ=0.50,0.15946427886960146,0.1041402271549137,1.3391969912082247
2026-08-04,Shrunk Max Sharpe λ=0.50,0.16518255466056853,0.10441217684816122,1.3904753166069568
2026-08-05,Shrunk Max Sharpe λ=0.50,0.16350356145485323,0.104321218598175,1.375593224304645
2026-08-06,Shrunk Max Sharpe λ=0.50,0.16270265134797768,0.1043399248404282,1.3676706358205581
2026-08-07,Shrunk Max Sharpe λ=0.50,0.16770527943400482,0.10449298529904588,1.4135425360017302
2026-08-10,Shrunk Max Sharpe λ=0.50,0.16363845527986975,0.10449832763031826,1.3745526702400137
2026-08-11,Shrunk Max Sharpe λ=0.50,0.16013348749645928,0.1045022062632762,1.3409619998205196
2026-08-12,Shrunk Max Sharpe λ=0.50,0.16924221174867382,0.10437908727259508,1.4298095111611275
2026-08-13,Shrunk Max Sharpe λ=0.50,0.16688473974482965,0.1043405548639794,1.4077435177176485
2026-08-14,Shrunk Max Sharpe λ=0.50,0.16141912817872184,0.10432761126542985,1.3555292454547236
2026-08-17,Shrunk Max Sharpe λ=0.50,0.1634081261565823,0.1042816054809518,1.3752005974129098
2026-08-18,Shrunk Max Sharpe λ=0.50,0.16056806100394772,0.10435831484822312,1.3469751903179676
2026-08-19,Shrunk Max Sharpe λ=0.50,0.17349280325194782,0.10478688053458585,1.464809358470082
2026-08-20,Shrunk Max Sharpe λ=0.50,0.1724215248755152,0.10482478771411698,1.4540599432569925
2026-08-21,Shrunk Max Sharpe λ=0.50,0.17352084605995644,0.10484429846980069,1.464274627238567
2026-08-24,Shrunk Max Sharpe λ=0.50,0.17987208807159494,0.1047655356431536,1.5259988610771975
2026-08-25,Shrunk Max Sharpe λ=0.50,0.17291423617343593,0.10436097921727959,1.4652434015118665
2026-08-26,Shrunk Max Sharpe λ=0.50,0.17240967186201783,0.1043766013170157,1.4601900228492273
2026-08-27,Shrunk Max Sharpe λ=0.50,0.16922305291683082,0.10431168393417181,1.4305497456162373
2026-08-28,Shrunk Max Sharpe λ=0.50,0.1574656696872314,0.10467011724395067,1.3133229741860841
2026-08-31,Shrunk Max Sharpe λ=0.50,0.15045631099683265,0.10462497623296095,1.2468945341154003
2026-09-01,Shrunk Max Sharpe λ=0.50,0.14028878468522876,0.1050438864858258,1.1451288476598782
2026-09-02,Shrunk Max Sharpe λ=0.50,0.14120831889984187,0.10506868009384553,1.1536103698226787
2018-02-01,Turnover-Aware Max Sharpe γ=0.10,,,
2018-02-02,Turnover-Aware Max Sharpe γ=0.10,,,
2018-02-05,Turnover-Aware Max Sharpe γ=0.10,,,
2018-02-06,Turnover-Aware Max Sharpe γ=0.10,,,
2018-02-07,Turnover-Aware Max Sharpe γ=0.10,,,
2018-02-08,Turnover-Aware Max Sharpe γ=0.10,,,
2018-02-09,Turnover-Aware Max Sharpe γ=0.10,,,
2018-02-12,Turnover-Aware Max Sharpe γ=0.10,,,
2018-02-13,Turnover-Aware Max Sharpe γ=0.10,,,
2018-02-14,Turnover-Aware Max Sharpe γ=0.10,,,
2018-02-15,Turnover-Aware Max Sharpe γ=0.10,,,
2018-02-16,Turnover-Aware Max Sharpe γ=0.10,,,
2018-02-20,Turnover-Aware Max Sharpe γ=0.10,,,
2018-02-21,Turnover-Aware Max Sharpe γ=0.10,,,
2018-02-22,Turnover-Aware Max Sharpe γ=0.10,,,
2018-02-23,Turnover-Aware Max Sharpe γ=0.10,,,
2018-02-26,Turnover-Aware Max Sharpe γ=0.10,,,
2018-02-27,Turnover-Aware Max Sharpe γ=0.10,,,
2018-02-28,Turnover-Aware Max Sharpe γ=0.10,,,
2018-03-01,Turnover-Aware Max Sharpe γ=0.10,,,
2018-03-02,Turnover-Aware Max Sharpe γ=0.10,,,
2018-03-05,Turnover-Aware Max Sharpe γ=0.10,,,
2018-03-06,Turnover-Aware Max Sharpe γ=0.10,,,
2018-03-07,Turnover-Aware Max Sharpe γ=0.10,,,
2018-03-08,Turnover-Aware Max Sharpe γ=0.10,,,
2018-03-09,Turnover-Aware Max Sharpe γ=0.10,,,
2018-03-12,Turnover-Aware Max Sharpe γ=0.10,,,
2018-03-13,Turnover-Aware Max Sharpe γ=0.10,,,
2018-03-14,Turnover-Aware Max Sharpe γ=0.10,,,
2018-03-15,Turnover-Aware Max Sharpe γ=0.10,,,
2018-03-16,Turnover-Aware Max Sharpe γ=0.10,,,
2018-03-19,Turnover-Aware Max Sharpe γ=0.10,,,
2018-03-20,Turnover-Aware Max Sharpe γ=0.10,,,
2018-03-21,Turnover-Aware Max Sharpe γ=0.10,,,
2018-03-22,Turnover-Aware Max Sharpe γ=0.10,,,
2018-03-23,Turnover-Aware Max Sharpe γ=0.10,,,
2018-03-26,Turnover-Aware Max Sharpe γ=0.10,,,
2018-03-27,Turnover-Aware Max Sharpe γ=0.10,,,
2018-03-28,Turnover-Aware Max Sharpe γ=0.10,,,
2018-03-29,Turnover-Aware Max Sharpe γ=0.10,,,
2018-04-02,Turnover-Aware Max Sharpe γ=0.10,,,
2018-04-03,Turnover-Aware Max Sharpe γ=0.10,,,
2018-04-04,Turnover-Aware Max Sharpe γ=0.10,,,
2018-04-05,Turnover-Aware Max Sharpe γ=0.10,,,
2018-04-06,Turnover-Aware Max Sharpe γ=0.10,,,
2018-04-09,Turnover-Aware Max Sharpe γ=0.10,,,
2018-04-10,Turnover-Aware Max Sharpe γ=0.10,,,
2018-04-11,Turnover-Aware Max Sharpe γ=0.10,,,
2018-04-12,Turnover-Aware Max Sharpe γ=0.10,,,
2018-04-13,Turnover-Aware Max Sharpe γ=0.10,,,
2018-04-16,Turnover-Aware Max Sharpe γ=0.10,,,
2018-04-17,Turnover-Aware Max Sharpe γ=0.10,,,
2018-04-18,Turnover-Aware Max Sharpe γ=0.10,,,
2018-04-19,Turnover-Aware Max Sharpe γ=0.10,,,
2018-04-20,Turnover-Aware Max Sharpe γ=0.10,,,
2018-04-23,Turnover-Aware Max Sharpe γ=0.10,,,
2018-04-24,Turnover-Aware Max Sharpe γ=0.10,,,
2018-04-25,Turnover-Aware Max Sharpe γ=0.10,,,
2018-04-26,Turnover-Aware Max Sharpe γ=0.10,,,
2018-04-27,Turnover-Aware Max Sharpe γ=0.10,,,
2018-04-30,Turnover-Aware Max Sharpe γ=0.10,,,
2018-05-01,Turnover-Aware Max Sharpe γ=0.10,,,
2018-05-02,Turnover-Aware Max Sharpe γ=0.10,,,
2018-05-03,Turnover-Aware Max Sharpe γ=0.10,,,
2018-05-04,Turnover-Aware Max Sharpe γ=0.10,,,
2018-05-07,Turnover-Aware Max Sharpe γ=0.10,,,
2018-05-08,Turnover-Aware Max Sharpe γ=0.10,,,
2018-05-09,Turnover-Aware Max Sharpe γ=0.10,,,
2018-05-10,Turnover-Aware Max Sharpe γ=0.10,,,
2018-05-11,Turnover-Aware Max Sharpe γ=0.10,,,
2018-05-14,Turnover-Aware Max Sharpe γ=0.10,,,
2018-05-15,Turnover-Aware Max Sharpe γ=0.10,,,
2018-05-16,Turnover-Aware Max Sharpe γ=0.10,,,
2018-05-17,Turnover-Aware Max Sharpe γ=0.10,,,
2018-05-18,Turnover-Aware Max Sharpe γ=0.10,,,
2018-05-21,Turnover-Aware Max Sharpe γ=0.10,,,
2018-05-22,Turnover-Aware Max Sharpe γ=0.10,,,
2018-05-23,Turnover-Aware Max Sharpe γ=0.10,,,
2018-05-24,Turnover-Aware Max Sharpe γ=0.10,,,
2018-05-25,Turnover-Aware Max Sharpe γ=0.10,,,
2018-05-29,Turnover-Aware Max Sharpe γ=0.10,,,
2018-05-30,Turnover-Aware Max Sharpe γ=0.10,,,
2018-05-31,Turnover-Aware Max Sharpe γ=0.10,,,
2018-06-01,Turnover-Aware Max Sharpe γ=0.10,,,
2018-06-04,Turnover-Aware Max Sharpe γ=0.10,,,
2018-06-05,Turnover-Aware Max Sharpe γ=0.10,,,
2018-06-06,Turnover-Aware Max Sharpe γ=0.10,,,
2018-06-07,Turnover-Aware Max Sharpe γ=0.10,,,
2018-06-08,Turnover-Aware Max Sharpe γ=0.10,,,
2018-06-11,Turnover-Aware Max Sharpe γ=0.10,,,
2018-06-12,Turnover-Aware Max Sharpe γ=0.10,,,
2018-06-13,Turnover-Aware Max Sharpe γ=0.10,,,
2018-06-14,Turnover-Aware Max Sharpe γ=0.10,,,
2018-06-15,Turnover-Aware Max Sharpe γ=0.10,,,
2018-06-18,Turnover-Aware Max Sharpe γ=0.10,,,
2018-06-19,Turnover-Aware Max Sharpe γ=0.10,,,
2018-06-20,Turnover-Aware Max Sharpe γ=0.10,,,
2018-06-21,Turnover-Aware Max Sharpe γ=0.10,,,
2018-06-22,Turnover-Aware Max Sharpe γ=0.10,,,
2018-06-25,Turnover-Aware Max Sharpe γ=0.10,,,
2018-06-26,Turnover-Aware Max Sharpe γ=0.10,,,
2018-06-27,Turnover-Aware Max Sharpe γ=0.10,,,
2018-06-28,Turnover-Aware Max Sharpe γ=0.10,,,
2018-06-29,Turnover-Aware Max Sharpe γ=0.10,,,
2018-07-02,Turnover-Aware Max Sharpe γ=0.10,,,
2018-07-03,Turnover-Aware Max Sharpe γ=0.10,,,
2018-07-05,Turnover-Aware Max Sharpe γ=0.10,,,
2018-07-06,Turnover-Aware Max Sharpe γ=0.10,,,
2018-07-09,Turnover-Aware Max Sharpe γ=0.10,,,
2018-07-10,Turnover-Aware Max Sharpe γ=0.10,,,
2018-07-11,Turnover-Aware Max Sharpe γ=0.10,,,
2018-07-12,Turnover-Aware Max Sharpe γ=0.10,,,
2018-07-13,Turnover-Aware Max Sharpe γ=0.10,,,
2018-07-16,Turnover-Aware Max Sharpe γ=0.10,,,
2018-07-17,Turnover-Aware Max Sharpe γ=0.10,,,
2018-07-18,Turnover-Aware Max Sharpe γ=0.10,,,
2018-07-19,Turnover-Aware Max Sharpe γ=0.10,,,
2018-07-20,Turnover-Aware Max Sharpe γ=0.10,,,
2018-07-23,Turnover-Aware Max Sharpe γ=0.10,,,
2018-07-24,Turnover-Aware Max Sharpe γ=0.10,,,
2018-07-25,Turnover-Aware Max Sharpe γ=0.10,,,
2018-07-26,Turnover-Aware Max Sharpe γ=0.10,,,
2018-07-27,Turnover-Aware Max Sharpe γ=0.10,,,
2018-07-30,Turnover-Aware Max Sharpe γ=0.10,,,
2018-07-31,Turnover-Aware Max Sharpe γ=0.10,,,
2018-08-01,Turnover-Aware Max Sharpe γ=0.10,,,
2018-08-02,Turnover-Aware Max Sharpe γ=0.10,,,
2018-08-03,Turnover-Aware Max Sharpe γ=0.10,,,
2018-08-06,Turnover-Aware Max Sharpe γ=0.10,,,
2018-08-07,Turnover-Aware Max Sharpe γ=0.10,,,
2018-08-08,Turnover-Aware Max Sharpe γ=0.10,,,
2018-08-09,Turnover-Aware Max Sharpe γ=0.10,,,
2018-08-10,Turnover-Aware Max Sharpe γ=0.10,,,
2018-08-13,Turnover-Aware Max Sharpe γ=0.10,,,
2018-08-14,Turnover-Aware Max Sharpe γ=0.10,,,
2018-08-15,Turnover-Aware Max Sharpe γ=0.10,,,
2018-08-16,Turnover-Aware Max Sharpe γ=0.10,,,
2018-08-17,Turnover-Aware Max Sharpe γ=0.10,,,
2018-08-20,Turnover-Aware Max Sharpe γ=0.10,,,
2018-08-21,Turnover-Aware Max Sharpe γ=0.10,,,
2018-08-22,Turnover-Aware Max Sharpe γ=0.10,,,
2018-08-23,Turnover-Aware Max Sharpe γ=0.10,,,
2018-08-24,Turnover-Aware Max Sharpe γ=0.10,,,
2018-08-27,Turnover-Aware Max Sharpe γ=0.10,,,
2018-08-28,Turnover-Aware Max Sharpe γ=0.10,,,
2018-08-29,Turnover-Aware Max Sharpe γ=0.10,,,
2018-08-30,Turnover-Aware Max Sharpe γ=0.10,,,
2018-08-31,Turnover-Aware Max Sharpe γ=0.10,,,
2018-09-04,Turnover-Aware Max Sharpe γ=0.10,,,
2018-09-05,Turnover-Aware Max Sharpe γ=0.10,,,
2018-09-06,Turnover-Aware Max Sharpe γ=0.10,,,
2018-09-07,Turnover-Aware Max Sharpe γ=0.10,,,
2018-09-10,Turnover-Aware Max Sharpe γ=0.10,,,
2018-09-11,Turnover-Aware Max Sharpe γ=0.10,,,
2018-09-12,Turnover-Aware Max Sharpe γ=0.10,,,
2018-09-13,Turnover-Aware Max Sharpe γ=0.10,,,
2018-09-14,Turnover-Aware Max Sharpe γ=0.10,,,
2018-09-17,Turnover-Aware Max Sharpe γ=0.10,,,
2018-09-18,Turnover-Aware Max Sharpe γ=0.10,,,
2018-09-19,Turnover-Aware Max Sharpe γ=0.10,,,
2018-09-20,Turnover-Aware Max Sharpe γ=0.10,,,
2018-09-21,Turnover-Aware Max Sharpe γ=0.10,,,
2018-09-24,Turnover-Aware Max Sharpe γ=0.10,,,
2018-09-25,Turnover-Aware Max Sharpe γ=0.10,,,
2018-09-26,Turnover-Aware Max Sharpe γ=0.10,,,
2018-09-27,Turnover-Aware Max Sharpe γ=0.10,,,
2018-09-28,Turnover-Aware Max Sharpe γ=0.10,,,
2018-10-01,Turnover-Aware Max Sharpe γ=0.10,,,
2018-10-02,Turnover-Aware Max Sharpe γ=0.10,,,
2018-10-03,Turnover-Aware Max Sharpe γ=0.10,,,
2018-10-04,Turnover-Aware Max Sharpe γ=0.10,,,
2018-10-05,Turnover-Aware Max Sharpe γ=0.10,,,
2018-10-08,Turnover-Aware Max Sharpe γ=0.10,,,
2018-10-09,Turnover-Aware Max Sharpe γ=0.10,,,
2018-10-10,Turnover-Aware Max Sharpe γ=0.10,,,
2018-10-11,Turnover-Aware Max Sharpe γ=0.10,,,
2018-10-12,Turnover-Aware Max Sharpe γ=0.10,,,
2018-10-15,Turnover-Aware Max Sharpe γ=0.10,,,
2018-10-16,Turnover-Aware Max Sharpe γ=0.10,,,
2018-10-17,Turnover-Aware Max Sharpe γ=0.10,,,
2018-10-18,Turnover-Aware Max Sharpe γ=0.10,,,
2018-10-19,Turnover-Aware Max Sharpe γ=0.10,,,
2018-10-22,Turnover-Aware Max Sharpe γ=0.10,,,
2018-10-23,Turnover-Aware Max Sharpe γ=0.10,,,
2018-10-24,Turnover-Aware Max Sharpe γ=0.10,,,
2018-10-25,Turnover-Aware Max Sharpe γ=0.10,,,
2018-10-26,Turnover-Aware Max Sharpe γ=0.10,,,
2018-10-29,Turnover-Aware Max Sharpe γ=0.10,,,
2018-10-30,Turnover-Aware Max Sharpe γ=0.10,,,
2018-10-31,Turnover-Aware Max Sharpe γ=0.10,,,
2018-11-01,Turnover-Aware Max Sharpe γ=0.10,,,
2018-11-02,Turnover-Aware Max Sharpe γ=0.10,,,
2018-11-05,Turnover-Aware Max Sharpe γ=0.10,,,
2018-11-06,Turnover-Aware Max Sharpe γ=0.10,,,
2018-11-07,Turnover-Aware Max Sharpe γ=0.10,,,
2018-11-08,Turnover-Aware Max Sharpe γ=0.10,,,
2018-11-09,Turnover-Aware Max Sharpe γ=0.10,,,
2018-11-12,Turnover-Aware Max Sharpe γ=0.10,,,
2018-11-13,Turnover-Aware Max Sharpe γ=0.10,,,
2018-11-14,Turnover-Aware Max Sharpe γ=0.10,,,
2018-11-15,Turnover-Aware Max Sharpe γ=0.10,,,
2018-11-16,Turnover-Aware Max Sharpe γ=0.10,,,
2018-11-19,Turnover-Aware Max Sharpe γ=0.10,,,
2018-11-20,Turnover-Aware Max Sharpe γ=0.10,,,
2018-11-21,Turnover-Aware Max Sharpe γ=0.10,,,
2018-11-23,Turnover-Aware Max Sharpe γ=0.10,,,
2018-11-26,Turnover-Aware Max Sharpe γ=0.10,,,
2018-11-27,Turnover-Aware Max Sharpe γ=0.10,,,
2018-11-28,Turnover-Aware Max Sharpe γ=0.10,,,
2018-11-29,Turnover-Aware Max Sharpe γ=0.10,,,
2018-11-30,Turnover-Aware Max Sharpe γ=0.10,,,
2018-12-03,Turnover-Aware Max Sharpe γ=0.10,,,
2018-12-04,Turnover-Aware Max Sharpe γ=0.10,,,
2018-12-06,Turnover-Aware Max Sharpe γ=0.10,,,
2018-12-07,Turnover-Aware Max Sharpe γ=0.10,,,
2018-12-10,Turnover-Aware Max Sharpe γ=0.10,,,
2018-12-11,Turnover-Aware Max Sharpe γ=0.10,,,
2018-12-12,Turnover-Aware Max Sharpe γ=0.10,,,
2018-12-13,Turnover-Aware Max Sharpe γ=0.10,,,
2018-12-14,Turnover-Aware Max Sharpe γ=0.10,,,
2018-12-17,Turnover-Aware Max Sharpe γ=0.10,,,
2018-12-18,Turnover-Aware Max Sharpe γ=0.10,,,
2018-12-19,Turnover-Aware Max Sharpe γ=0.10,,,
2018-12-20,Turnover-Aware Max Sharpe γ=0.10,,,
2018-12-21,Turnover-Aware Max Sharpe γ=0.10,,,
2018-12-24,Turnover-Aware Max Sharpe γ=0.10,,,
2018-12-26,Turnover-Aware Max Sharpe γ=0.10,,,
2018-12-27,Turnover-Aware Max Sharpe γ=0.10,,,
2018-12-28,Turnover-Aware Max Sharpe γ=0.10,,,
2018-12-31,Turnover-Aware Max Sharpe γ=0.10,,,
2019-01-02,Turnover-Aware Max Sharpe γ=0.10,,,
2019-01-03,Turnover-Aware Max Sharpe γ=0.10,,,
2019-01-04,Turnover-Aware Max Sharpe γ=0.10,,,
2019-01-07,Turnover-Aware Max Sharpe γ=0.10,,,
2019-01-08,Turnover-Aware Max Sharpe γ=0.10,,,
2019-01-09,Turnover-Aware Max Sharpe γ=0.10,,,
2019-01-10,Turnover-Aware Max Sharpe γ=0.10,,,
2019-01-11,Turnover-Aware Max Sharpe γ=0.10,,,
2019-01-14,Turnover-Aware Max Sharpe γ=0.10,,,
2019-01-15,Turnover-Aware Max Sharpe γ=0.10,,,
2019-01-16,Turnover-Aware Max Sharpe γ=0.10,,,
2019-01-17,Turnover-Aware Max Sharpe γ=0.10,,,
2019-01-18,Turnover-Aware Max Sharpe γ=0.10,,,
2019-01-22,Turnover-Aware Max Sharpe γ=0.10,,,
2019-01-23,Turnover-Aware Max Sharpe γ=0.10,,,
2019-01-24,Turnover-Aware Max Sharpe γ=0.10,,,
2019-01-25,Turnover-Aware Max Sharpe γ=0.10,,,
2019-01-28,Turnover-Aware Max Sharpe γ=0.10,,,
2019-01-29,Turnover-Aware Max Sharpe γ=0.10,,,
2019-01-30,Turnover-Aware Max Sharpe γ=0.10,,,
2019-01-31,Turnover-Aware Max Sharpe γ=0.10,,,
2019-02-01,Turnover-Aware Max Sharpe γ=0.10,-0.01733928972789134,0.12275203890268331,-0.3041846804474962
2019-02-04,Turnover-Aware Max Sharpe γ=0.10,-0.010289164596759215,0.12273520289388568,-0.24678465413828013
2019-02-05,Turnover-Aware Max Sharpe γ=0.10,0.009982979108246415,0.12185667652304416,-0.0822032996268307
2019-02-06,Turnover-Aware Max Sharpe γ=0.10,0.03166044164635551,0.11948968990164037,0.09758533691027206
2019-02-07,Turnover-Aware Max Sharpe γ=0.10,0.014094410162351245,0.11898624669978249,-0.04963254158734256
2019-02-08,Turnover-Aware Max Sharpe γ=0.10,0.023409194567867386,0.11880477441113009,0.02869577072777977
2019-02-11,Turnover-Aware Max Sharpe γ=0.10,0.047862932235070765,0.11610211028071393,0.23998644096737973
2019-02-12,Turnover-Aware Max Sharpe γ=0.10,0.04682924780004982,0.1160346214599606,0.2312176095589508
2019-02-13,Turnover-Aware Max Sharpe γ=0.10,0.03566155638892354,0.1156016543163983,0.13547865280593935
2019-02-14,Turnover-Aware Max Sharpe γ=0.10,0.034021642827368304,0.11557679945272156,0.12131883642533352
2019-02-15,Turnover-Aware Max Sharpe γ=0.10,0.02915644795704453,0.1152565941573444,0.07944402681676031
2019-02-19,Turnover-Aware Max Sharpe γ=0.10,0.022404826758771756,0.11482339861665793,0.020943699522432333
2019-02-20,Turnover-Aware Max Sharpe γ=0.10,0.022994029264531424,0.11482082607667893,0.026075663856763836
2019-02-21,Turnover-Aware Max Sharpe γ=0.10,0.02186138957571404,0.11486482030732419,0.01620504494530038
2019-02-22,Turnover-Aware Max Sharpe γ=0.10,0.03195846095329147,0.11489435852664569,0.10408222915939014
2019-02-25,Turnover-Aware Max Sharpe γ=0.10,0.03150266897360687,0.11489087118066264,0.10011821527159674
2019-02-26,Turnover-Aware Max Sharpe γ=0.10,0.019950704549139164,0.11425673352732181,-0.00043144460146016874
2019-02-27,Turnover-Aware Max Sharpe γ=0.10,0.009133363720811305,0.1140063174356214,-0.0953160888239813
2019-02-28,Turnover-Aware Max Sharpe γ=0.10,0.01647562397851199,0.11360704707183975,-0.03102251235576401
2019-03-01,Turnover-Aware Max Sharpe γ=0.10,0.022603346214707942,0.11352189186799402,0.02293254782729639
2019-03-04,Turnover-Aware Max Sharpe γ=0.10,0.030911693430495824,0.11312518215029793,0.09645680318992605
2019-03-05,Turnover-Aware Max Sharpe γ=0.10,0.026535422653222618,0.11306376211567921,0.05780298241390565
2019-03-06,Turnover-Aware Max Sharpe γ=0.10,0.015686765985605478,0.11299411924102318,-0.03817219907873381
2019-03-07,Turnover-Aware Max Sharpe γ=0.10,0.007141242153558602,0.11304674471781398,-0.11374726338683423
2019-03-08,Turnover-Aware Max Sharpe γ=0.10,0.008262834890130799,0.11304850128164828,-0.1038241549140692
2019-03-11,Turnover-Aware Max Sharpe γ=0.10,0.014838088769441704,0.11342335402393737,-0.04551012686037219
2019-03-12,Turnover-Aware Max Sharpe γ=0.10,0.008983512229083335,0.11307962604797606,-0.09742239301572082
2019-03-13,Turnover-Aware Max Sharpe γ=0.10,0.011507156966949372,0.11314246828358021,-0.07506326458924488
2019-03-14,Turnover-Aware Max Sharpe γ=0.10,0.014257662322499032,0.11303919091662232,-0.05079952918042837
2019-03-15,Turnover-Aware Max Sharpe γ=0.10,0.02044292912890322,0.1131522864412177,0.003914451425012256
2019-03-18,Turnover-Aware Max Sharpe γ=0.10,0.023567870654452205,0.11316199779487207,0.031528876513117574
2019-03-19,Turnover-Aware Max Sharpe γ=0.10,0.02488793861940297,0.11316150497544306,0.04319435854501664
2019-03-20,Turnover-Aware Max Sharpe γ=0.10,0.03825670078247345,0.11264344242878153,0.16207513183926525
2019-03-21,Turnover-Aware Max Sharpe γ=0.10,0.04648024896171399,0.11289680646125394,0.23455268392203796
2019-03-22,Turnover-Aware Max Sharpe γ=0.10,0.03455283756145655,0.11347047247546908,0.1282521985144875
2019-03-25,Turnover-Aware Max Sharpe γ=0.10,0.05082590871176129,0.11255484027296327,0.27387457204864396
2019-03-26,Turnover-Aware Max Sharpe γ=0.10,0.06846123240638713,0.1118132442814469,0.4334122734548743
2019-03-27,Turnover-Aware Max Sharpe γ=0.10,0.0436059664350279,0.1100445535080058,0.2145128103346846
2019-03-28,Turnover-Aware Max Sharpe γ=0.10,0.05956646425465362,0.10911466279498072,0.3626136326791973
2019-03-29,Turnover-Aware Max Sharpe γ=0.10,0.06887909296650196,0.10902500004539759,0.44832921757531663
2019-04-01,Turnover-Aware Max Sharpe γ=0.10,0.06324206649066788,0.10865833286378773,0.39796364761895814
2019-04-02,Turnover-Aware Max Sharpe γ=0.10,0.07968389449888091,0.10782530187222639,0.553524019525646
2019-04-03,Turnover-Aware Max Sharpe γ=0.10,0.07520865066943694,0.10771990858163223,0.5125204003269159
2019-04-04,Turnover-Aware Max Sharpe γ=0.10,0.06841339685334957,0.10746326645264909,0.450511123023435
2019-04-05,Turnover-Aware Max Sharpe γ=0.10,0.06846311324210586,0.10746459609315664,0.4509681793257304
2019-04-08,Turnover-Aware Max Sharpe γ=0.10,0.08225457130216918,0.10674440668519689,0.5832115539858307
2019-04-09,Turnover-Aware Max Sharpe γ=0.10,0.07651540435182569,0.10669181511467489,0.529707028520244
2019-04-10,Turnover-Aware Max Sharpe γ=0.10,0.06909670583299166,0.1061956414213428,0.46232317236255593
2019-04-11,Turnover-Aware Max Sharpe γ=0.10,0.06871902996005308,0.10620373458506559,0.45873179648904705
2019-04-12,Turnover-Aware Max Sharpe γ=0.10,0.0676215253596919,0.10617685172793376,0.4485113712141014
2019-04-15,Turnover-Aware Max Sharpe γ=0.10,0.06848518575486873,0.1061669469227033,0.45668814221594983
2019-04-16,Turnover-Aware Max Sharpe γ=0.10,0.06281644392084051,0.10607642478039296,0.40363769809816075
2019-04-17,Turnover-Aware Max Sharpe γ=0.10,0.053011877190906054,0.10566847658222052,0.3124098904295223
2019-04-18,Turnover-Aware Max Sharpe γ=0.10,0.055264077883869334,0.10567282393362075,0.3337099981923522
2019-04-22,Turnover-Aware Max Sharpe γ=0.10,0.06163244275233115,0.10550729392594665,0.39459302957340636
2019-04-23,Turnover-Aware Max Sharpe γ=0.10,0.07956968109118501,0.10532125358134534,0.565599810727434
2019-04-24,Turnover-Aware Max Sharpe γ=0.10,0.08177973011160211,0.10529687470553717,0.586719504110347
2019-04-25,Turnover-Aware Max Sharpe γ=0.10,0.09399358104086741,0.10475584233956871,0.7063432395590439
2019-04-26,Turnover-Aware Max Sharpe γ=0.10,0.09836365061126862,0.10478945744001891,0.7478199861481645
2019-04-29,Turnover-Aware Max Sharpe γ=0.10,0.08709478078999577,0.10439381800087555,0.6427083717680777
2019-04-30,Turnover-Aware Max Sharpe γ=0.10,0.0835968978434809,0.10440309348487549,0.6091476384528199
2019-05-01,Turnover-Aware Max Sharpe γ=0.10,0.08641317660834602,0.10429212175843049,0.6367995538740441
2019-05-02,Turnover-Aware Max Sharpe γ=0.10,0.08057053971229244,0.10435306728344816,0.5804385178997011
2019-05-03,Turnover-Aware Max Sharpe γ=0.10,0.09473099056028489,0.10465626866479028,0.7140612933530545
2019-05-06,Turnover-Aware Max Sharpe γ=0.10,0.09173134955655415,0.10469177937006252,0.6851669728814096
2019-05-07,Turnover-Aware Max Sharpe γ=0.10,0.07048611796041748,0.10477698786599157,0.4818435706988311
2019-05-08,Turnover-Aware Max Sharpe γ=0.10,0.06437891790287109,0.10477989551934745,0.423544208389448
2019-05-09,Turnover-Aware Max Sharpe γ=0.10,0.06287072617255918,0.10479813622837349,0.4090790897190801
2019-05-10,Turnover-Aware Max Sharpe γ=0.10,0.05928492675821784,0.10469033040693124,0.3752488563701858
2019-05-13,Turnover-Aware Max Sharpe γ=0.10,0.03320177858397533,0.10576827541048339,0.12481794311895164
2019-05-14,Turnover-Aware Max Sharpe γ=0.10,0.03875707415744967,0.10593185888094638,0.1770673558983816
2019-05-15,Turnover-Aware Max Sharpe γ=0.10,0.047116863834830935,0.10617790919695293,0.2553908250776625
2019-05-16,Turnover-Aware Max Sharpe γ=0.10,0.06290636320736898,0.10578167684169257,0.40561243202431396
2019-05-17,Turnover-Aware Max Sharpe γ=0.10,0.055371421277879085,0.10587572974779233,0.33408432095002044
2019-05-20,Turnover-Aware Max Sharpe γ=0.10,0.048861017271581764,0.10617151891653423,0.2718338926117332
2019-05-21,Turnover-Aware Max Sharpe γ=0.10,0.05607729135401485,0.10631423867353682,0.33934580921750995
2019-05-22,Turnover-Aware Max Sharpe γ=0.10,0.050725002419148346,0.10626285454716322,0.28914151186773834
2019-05-23,Turnover-Aware Max Sharpe γ=0.10,0.04562881137706487,0.10645047841027565,0.2407580666597636
2019-05-24,Turnover-Aware Max Sharpe γ=0.10,0.042173416489252435,0.10636590321077365,0.20846357544967964
2019-05-28,Turnover-Aware Max Sharpe γ=0.10,0.03738820381116903,0.1063989890716506,0.16342452088017081
2019-05-29,Turnover-Aware Max Sharpe γ=0.10,0.03334216100310483,0.10647978605008894,0.1253022897400317
2019-05-30,Turnover-Aware Max Sharpe γ=0.10,0.04117706149754974,0.10653394022817478,0.19878229841299994
2019-05-31,Turnover-Aware Max Sharpe γ=0.10,0.02931024061366183,0.1066564222527799,0.08729188938661561
2019-06-03,Turnover-Aware Max Sharpe γ=0.10,0.025741368042156765,0.10679026422108875,0.05376302871833301
2019-06-04,Turnover-Aware Max Sharpe γ=0.10,0.03454113736252795,0.10753664765489225,0.13522029633277693
2019-06-05,Turnover-Aware Max Sharpe γ=0.10,0.036252585748193455,0.10758271487080767,0.15107060430395922
2019-06-06,Turnover-Aware Max Sharpe γ=0.10,0.03954584425032737,0.10768498322517875,0.18150947016869837
2019-06-07,Turnover-Aware Max Sharpe γ=0.10,0.04901478810294613,0.10821395180918278,0.26812428173872493
2019-06-10,Turnover-Aware Max Sharpe γ=0.10,0.05272243058541437,0.10823899079956498,0.30231647896652303
2019-06-11,Turnover-Aware Max Sharpe γ=0.10,0.05333813112457575,0.10823983642851984,0.30800241597364025
2019-06-12,Turnover-Aware Max Sharpe γ=0.10,0.05056210907446079,0.10825524099844203,0.2823152836997576
2019-06-13,Turnover-Aware Max Sharpe γ=0.10,0.053387119542409156,0.10831890773819677,0.3082298394579894
2019-06-14,Turnover-Aware Max Sharpe γ=0.10,0.052701021422924876,0.10832560826215343,0.3018771087237909
2019-06-17,Turnover-Aware Max Sharpe γ=0.10,0.04907214212908384,0.10820451421924815,0.26867771958364645
2019-06-18,Turnover-Aware Max Sharpe γ=0.10,0.06366789863876554,0.10856254578484585,0.4022372386634019
2019-06-19,Turnover-Aware Max Sharpe γ=0.10,0.0690683472779352,0.10861112192870057,0.45178013454411114
2019-06-20,Turnover-Aware Max Sharpe γ=0.10,0.07853020841707292,0.1088376983782315,0.5377751393976509
2019-06-21,Turnover-Aware Max Sharpe γ=0.10,0.07558260908400283,0.10889022965308831,0.5104462472076934
2019-06-24,Turnover-Aware Max Sharpe γ=0.10,0.08107010917435442,0.108812224186851,0.5612430922235868
2019-06-25,Turnover-Aware Max Sharpe γ=0.10,0.07139309954686279,0.10917741717129048,0.470730127881952
2019-06-26,Turnover-Aware Max Sharpe γ=0.10,0.08217492223747147,0.10867376579727626,0.5721244845186895
2019-06-27,Turnover-Aware Max Sharpe γ=0.10,0.08512585645604154,0.10874901587969611,0.5988638695184808
2019-06-28,Turnover-Aware Max Sharpe γ=0.10,0.09323312727264765,0.10864709963724568,0.674045855960819
2019-07-01,Turnover-Aware Max Sharpe γ=0.10,0.09760484584544593,0.1088188634918094,0.7131561877714989
2019-07-02,Turnover-Aware Max Sharpe γ=0.10,0.09996993419359135,0.10886108182280166,0.7346053599188201
2019-07-03,Turnover-Aware Max Sharpe γ=0.10,0.10564253625504239,0.1090128056970749,0.7856190445462536
2019-07-05,Turnover-Aware Max Sharpe γ=0.10,0.10158613301706465,0.10913375663594291,0.7475792599097104
2019-07-08,Turnover-Aware Max Sharpe γ=0.10,0.08960835100368403,0.10902218038037342,0.6384788009267808
2019-07-09,Turnover-Aware Max Sharpe γ=0.10,0.08348437419955501,0.10883059060928105,0.583332074595404
2019-07-10,Turnover-Aware Max Sharpe γ=0.10,0.08345868259616407,0.10882967808112776,0.5831008941224507
2019-07-11,Turnover-Aware Max Sharpe γ=0.10,0.0800684129694269,0.10887293484663906,0.5517295281333295
2019-07-12,Turnover-Aware Max Sharpe γ=0.10,0.08779944935531181,0.10884332269333483,0.6229086697981115
2019-07-15,Turnover-Aware Max Sharpe γ=0.10,0.08132167435581295,0.10857482770424584,0.5647872131360974
2019-07-16,Turnover-Aware Max Sharpe γ=0.10,0.07734840427939993,0.10864040463276892,0.5278736255930888
2019-07-17,Turnover-Aware Max Sharpe γ=0.10,0.07848152283068432,0.10862509737432885,0.5383794743967257
2019-07-18,Turnover-Aware Max Sharpe γ=0.10,0.07990714913244856,0.1086390455116995,0.5514329479818291
2019-07-19,Turnover-Aware Max Sharpe γ=0.10,0.07554684652409382,0.10874491667297834,0.5107994766425388
2019-07-22,Turnover-Aware Max Sharpe γ=0.10,0.08215193350842287,0.10879257058209424,0.5712883993445433
2019-07-23,Turnover-Aware Max Sharpe γ=0.10,0.08748988001852842,0.1088305481114436,0.6201372793732334
2019-07-24,Turnover-Aware Max Sharpe γ=0.10,0.09433482614754451,0.10890480962215142,0.6825669720690158
2019-07-25,Turnover-Aware Max Sharpe γ=0.10,0.08432244034713188,0.1090309345264032,0.5899467029841462
2019-07-26,Turnover-Aware Max Sharpe γ=0.10,0.08302014950466852,0.10896434220579797,0.578355710032591
2019-07-29,Turnover-Aware Max Sharpe γ=0.10,0.08772442132992575,0.10879590579401437,0.6224905324852008
2019-07-30,Turnover-Aware Max Sharpe γ=0.10,0.09104078941308003,0.10869139255283296,0.6536008762473842
2019-07-31,Turnover-Aware Max Sharpe γ=0.10,0.09101787611960233,0.10869266300684292,0.6533824285373455
2019-08-01,Turnover-Aware Max Sharpe γ=0.10,0.08589637982203802,0.10859148660737282,0.606828231943221
2019-08-02,Turnover-Aware Max Sharpe γ=0.10,0.08203467564228073,0.10872295799649273,0.5705756795568595
2019-08-05,Turnover-Aware Max Sharpe γ=0.10,0.05771355503573172,0.11010662070648992,0.3425185042801772
2019-08-06,Turnover-Aware Max Sharpe γ=0.10,0.06562936986625156,0.11058892233814706,0.41260344075630756
2019-08-07,Turnover-Aware Max Sharpe γ=0.10,0.06528093827765025,0.11058394234505206,0.40947118828845297
2019-08-08,Turnover-Aware Max Sharpe γ=0.10,0.07873014901078146,0.11136368864873271,0.5273725190266476
2019-08-09,Turnover-Aware Max Sharpe γ=0.10,0.07195165202232423,0.11153990297871103,0.46576741269211913
2019-08-12,Turnover-Aware Max Sharpe γ=0.10,0.06828485507231319,0.11159257667910577,0.4326887729383695
2019-08-13,Turnover-Aware Max Sharpe γ=0.10,0.08254273901059772,0.11203382025855883,0.5582487401238088
2019-08-14,Turnover-Aware Max Sharpe γ=0.10,0.07032876080802852,0.11297715596710842,0.44547732129742207
2019-08-15,Turnover-Aware Max Sharpe γ=0.10,0.06984587018201793,0.11296526020681255,0.44124954955852785
2019-08-16,Turnover-Aware Max Sharpe γ=0.10,0.08647150982722351,0.11309383113874394,0.5877553988393586
2019-08-19,Turnover-Aware Max Sharpe γ=0.10,0.08981537948772034,0.11320519743473587,0.6167153193471503
2019-08-20,Turnover-Aware Max Sharpe γ=0.10,0.08517058134114319,0.11320780302800439,0.5756721674478732
2019-08-21,Turnover-Aware Max Sharpe γ=0.10,0.08822377525998504,0.11328806668515812,0.6022150192534184
2019-08-22,Turnover-Aware Max Sharpe γ=0.10,0.08402894008769457,0.11333075951989215,0.5649740666959531
2019-08-23,Turnover-Aware Max Sharpe γ=0.10,0.0665657262571675,0.11428445649592156,0.40745458905716786
2019-08-26,Turnover-Aware Max Sharpe γ=0.10,0.07645739139394947,0.11449076246465899,0.49311743741226927
2019-08-27,Turnover-Aware Max Sharpe γ=0.10,0.07023379319209289,0.114289015144382,0.43953299561320247
2019-08-28,Turnover-Aware Max Sharpe γ=0.10,0.06919192774093097,0.11425886315227086,0.4305305197669761
2019-08-29,Turnover-Aware Max Sharpe γ=0.10,0.07936685874430904,0.11445319784399884,0.5186998691397581
2019-08-30,Turnover-Aware Max Sharpe γ=0.10,0.07300094212487451,0.11436083227460707,0.46345362368128684
2019-09-03,Turnover-Aware Max Sharpe γ=0.10,0.06954683044797871,0.11445988629770643,0.43287506261459163
2019-09-04,Turnover-Aware Max Sharpe γ=0.10,0.07897070692501451,0.1147478659345638,0.5139155002555184
2019-09-05,Turnover-Aware Max Sharpe γ=0.10,0.08839816627969577,0.11479730097845404,0.5958168501934833
2019-09-06,Turnover-Aware Max Sharpe γ=0.10,0.09504155970951644,0.1147076584825061,0.6541983395202938
2019-09-09,Turnover-Aware Max Sharpe γ=0.10,0.09231471316457407,0.11478577305531185,0.6299971785678331
2019-09-10,Turnover-Aware Max Sharpe γ=0.10,0.09076904167720579,0.11484592276022335,0.616208568631193
2019-09-11,Turnover-Aware Max Sharpe γ=0.10,0.09300612788150375,0.11490219588299748,0.6353762634427316
2019-09-12,Turnover-Aware Max Sharpe γ=0.10,0.092382186033652,0.11489652649061265,0.6299771476517684
2019-09-13,Turnover-Aware Max Sharpe γ=0.10,0.08455149177960952,0.11507669039250101,0.5609432419323038
2019-09-16,Turnover-Aware Max Sharpe γ=0.10,0.08013500556905684,0.11499711477703504,0.522926211545838
2019-09-17,Turnover-Aware Max Sharpe γ=0.10,0.08664020033295383,0.11500551920978823,0.5794521931716301
2019-09-18,Turnover-Aware Max Sharpe γ=0.10,0.09326732910684421,0.11488980306649997,0.6377182931059248
2019-09-19,Turnover-Aware Max Sharpe γ=0.10,0.09355142123603666,0.11489236409169913,0.6401767586341335
2019-09-20,Turnover-Aware Max Sharpe γ=0.10,0.092669713641794,0.11490067222010156,0.6324568188999735
2019-09-23,Turnover-Aware Max Sharpe γ=0.10,0.08534148616695014,0.11473307387749497,0.5695087210573458
2019-09-24,Turnover-Aware Max Sharpe γ=0.10,0.08380033314140345,0.11478050700821547,0.5558464133359936
2019-09-25,Turnover-Aware Max Sharpe γ=0.10,0.08671886132899087,0.11478730072984662,0.5812390473926603
2019-09-26,Turnover-Aware Max Sharpe γ=0.10,0.0858583759039151,0.11479011321415367,0.5737286431719865
2019-09-27,Turnover-Aware Max Sharpe γ=0.10,0.0799354199247122,0.11491584440229664,0.5215592352512389
2019-09-30,Turnover-Aware Max Sharpe γ=0.10,0.08337423092827168,0.11501478528249261,0.5510094269412023
2019-10-01,Turnover-Aware Max Sharpe γ=0.10,0.07850442166543581,0.1150997453522637,0.5082932328510593
2019-10-02,Turnover-Aware Max Sharpe γ=0.10,0.06916004296682554,0.11539625757686668,0.42601072165689174
2019-10-03,Turnover-Aware Max Sharpe γ=0.10,0.07642374481165337,0.115622573133966,0.48799938699061857
2019-10-04,Turnover-Aware Max Sharpe γ=0.10,0.08920052077206853,0.11595320687969084,0.5967969548601503
2019-10-07,Turnover-Aware Max Sharpe γ=0.10,0.09397550695864298,0.11566396805885687,0.6395726188556815
2019-10-08,Turnover-Aware Max Sharpe γ=0.10,0.09343093476670195,0.11569480291503854,0.6346951886907709
2019-10-09,Turnover-Aware Max Sharpe γ=0.10,0.10115605208980427,0.11568586975066546,0.7015208708264687
2019-10-10,Turnover-Aware Max Sharpe γ=0.10,0.09767947003080946,0.11568838074312966,0.6714543805681417
2019-10-11,Turnover-Aware Max Sharpe γ=0.10,0.126534735532992,0.1132697603941915,0.9405399566683917
2019-10-14,Turnover-Aware Max Sharpe γ=0.10,0.13588683962681403,0.11308383017125669,1.024787004926455
2019-10-15,Turnover-Aware Max Sharpe γ=0.10,0.12497659203907308,0.11252260846677337,0.9329377755233204
2019-10-16,Turnover-Aware Max Sharpe γ=0.10,0.13056213994013754,0.11237995880027193,0.9838243501818227
2019-10-17,Turnover-Aware Max Sharpe γ=0.10,0.1145300764939503,0.11133231556606962,0.8490803053301437
2019-10-18,Turnover-Aware Max Sharpe γ=0.10,0.11306383763997241,0.11136279540591612,0.8356815873807386
2019-10-21,Turnover-Aware Max Sharpe γ=0.10,0.1272618012209339,0.11076101435699681,0.9684075380098586
2019-10-22,Turnover-Aware Max Sharpe γ=0.10,0.1272792201025872,0.11076083141491729,0.9685664032324951
2019-10-23,Turnover-Aware Max Sharpe γ=0.10,0.12958640806458677,0.11076301954923179,0.989377217329092
2019-10-24,Turnover-Aware Max Sharpe γ=0.10,0.1344538370654642,0.1107670922050931,1.0332837559150223
2019-10-25,Turnover-Aware Max Sharpe γ=0.10,0.1610955013631985,0.10851466568768774,1.300243616556683
2019-10-28,Turnover-Aware Max Sharpe γ=0.10,0.1449287027179078,0.10756476632916946,1.1614277330887446
2019-10-29,Turnover-Aware Max Sharpe γ=0.10,0.15598846929826693,0.10688323457357786,1.2723087006190217
2019-10-30,Turnover-Aware Max Sharpe γ=0.10,0.17273038786050798,0.10661032902884024,1.432604038012033
2019-10-31,Turnover-Aware Max Sharpe γ=0.10,0.16787470895862877,0.10640130131659561,1.3897828986003622
2019-11-01,Turnover-Aware Max Sharpe γ=0.10,0.16213039097221738,0.10614110095365581,1.3390702536077472
2019-11-04,Turnover-Aware Max Sharpe γ=0.10,0.1486179018895999,0.10579335740383698,1.215746480174899
2019-11-05,Turnover-Aware Max Sharpe γ=0.10,0.15104140080963768,0.10565163024643016,1.2403159374255412
2019-11-06,Turnover-Aware Max Sharpe γ=0.10,0.15317187305436564,0.10567726671745922,1.260175222078903
2019-11-07,Turnover-Aware Max Sharpe γ=0.10,0.14181094211827938,0.10579583602785733,1.151377470907315
2019-11-08,Turnover-Aware Max Sharpe γ=0.10,0.12269431073574122,0.1045787413772602,0.9819807485087142
2019-11-11,Turnover-Aware Max Sharpe γ=0.10,0.12583240088505598,0.10450916285077252,1.0126614547297914
2019-11-12,Turnover-Aware Max Sharpe γ=0.10,0.13894967599113572,0.1040756784110362,1.14291521138451
2019-11-13,Turnover-Aware Max Sharpe γ=0.10,0.15974346519998428,0.10282939476361469,1.358983640049891
2019-11-14,Turnover-Aware Max Sharpe γ=0.10,0.1653372591536202,0.10288439343551022,1.4126268746942674
2019-11-15,Turnover-Aware Max Sharpe γ=0.10,0.1731726748592497,0.10280049850898063,1.489999339311264
2019-11-18,Turnover-Aware Max Sharpe γ=0.10,0.16529174233229704,0.10253588686301338,1.416984304494337
2019-11-19,Turnover-Aware Max Sharpe γ=0.10,0.1665478419359916,0.10254804860104196,1.4290651449266347
2019-11-20,Turnover-Aware Max Sharpe γ=0.10,0.18494256822054034,0.10134047476260245,1.6276080076290396
2019-11-21,Turnover-Aware Max Sharpe γ=0.10,0.19504318053186576,0.10066599615050018,1.738851123771411
2019-11-22,Turnover-Aware Max Sharpe γ=0.10,0.19213633674464003,0.10061400815530291,1.7108585563845018
2019-11-25,Turnover-Aware Max Sharpe γ=0.10,0.2030936755910726,0.1005862699481046,1.820265088719723
2019-11-26,Turnover-Aware Max Sharpe γ=0.10,0.19295774235182117,0.10001173610530494,1.7293744623101985
2019-11-27,Turnover-Aware Max Sharpe γ=0.10,0.19326183851602097,0.10001263271500144,1.7323995360641327
2019-11-29,Turnover-Aware Max Sharpe γ=0.10,0.16997493400542196,0.09858859095789485,1.521219976350744
2019-12-02,Turnover-Aware Max Sharpe γ=0.10,0.16324386894783327,0.09890723918218974,1.4482647593061848
2019-12-03,Turnover-Aware Max Sharpe γ=0.10,0.16376768965916244,0.09892218980750786,1.453341155699436
2019-12-04,Turnover-Aware Max Sharpe γ=0.10,0.15093731285247025,0.09834983973351127,1.3313424120187487
2019-12-05,Turnover-Aware Max Sharpe γ=0.10,0.1742509362852338,0.09610630417561339,1.6050033097035314
2019-12-06,Turnover-Aware Max Sharpe γ=0.10,0.17365868689487773,0.09609780193241092,1.5989823263902694
2019-12-09,Turnover-Aware Max Sharpe γ=0.10,0.19109224671819702,0.09468569278233664,1.8069493044900002
2019-12-10,Turnover-Aware Max Sharpe γ=0.10,0.18601168506211407,0.09462827431433696,1.7543560449031876
2019-12-11,Turnover-Aware Max Sharpe γ=0.10,0.1900552165544549,0.09471460638806302,1.795448696241292
2019-12-12,Turnover-Aware Max Sharpe γ=0.10,0.18300360057359222,0.0946521382314961,1.7221333148853446
2019-12-13,Turnover-Aware Max Sharpe γ=0.10,0.1886201029089658,0.09475642970492709,1.7795109359233066
2019-12-16,Turnover-Aware Max Sharpe γ=0.10,0.2061704306955845,0.09366186104911893,1.9876866486557583
2019-12-17,Turnover-Aware Max Sharpe γ=0.10,0.219712528916284,0.09286077099597649,2.1506662800046885
2019-12-18,Turnover-Aware Max Sharpe γ=0.10,0.21425376984085887,0.0928697022965294,2.0916807638794195
2019-12-19,Turnover-Aware Max Sharpe γ=0.10,0.233412863767271,0.09189543846120796,2.322344474773462
2019-12-20,Turnover-Aware Max Sharpe γ=0.10,0.2461297534132918,0.09145553906545131,2.4725648738613764
2019-12-23,Turnover-Aware Max Sharpe γ=0.10,0.26790590524533053,0.08982030329812762,2.7600207986661114
2019-12-24,Turnover-Aware Max Sharpe γ=0.10,0.2888607157537946,0.08846514685117589,3.039171078369389
2019-12-26,Turnover-Aware Max Sharpe γ=0.10,0.2529471409013555,0.08243079469201671,2.8259722810110923
2019-12-27,Turnover-Aware Max Sharpe γ=0.10,0.24793216421262887,0.0823562654890289,2.767635988096047
2019-12-30,Turnover-Aware Max Sharpe γ=0.10,0.24326978131134114,0.08242274337667985,2.7088370535178234
2019-12-31,Turnover-Aware Max Sharpe γ=0.10,0.23328572687550042,0.08230290484726246,2.5914726493714357
2020-01-02,Turnover-Aware Max Sharpe γ=0.10,0.24053444094010623,0.0826297342888746,2.6689477200678757
2020-01-03,Turnover-Aware Max Sharpe γ=0.10,0.26227574883521654,0.08096412602560059,2.992383920239067
2020-01-06,Turnover-Aware Max Sharpe γ=0.10,0.23660756667175997,0.07826437282187423,2.767639461760562
2020-01-07,Turnover-Aware Max Sharpe γ=0.10,0.2260875858713769,0.07812647958322474,2.6378711413950344
2020-01-08,Turnover-Aware Max Sharpe γ=0.10,0.2193641784042335,0.07797185365337243,2.556873654569204
2020-01-09,Turnover-Aware Max Sharpe γ=0.10,0.21822051224386785,0.0779186405389046,2.543942128262579
2020-01-10,Turnover-Aware Max Sharpe γ=0.10,0.2199874774468189,0.07792503074979226,2.5664087074787845
2020-01-13,Turnover-Aware Max Sharpe γ=0.10,0.2222352113014665,0.07792211608002424,2.595350607442123
2020-01-14,Turnover-Aware Max Sharpe γ=0.10,0.22862483756983254,0.07771229278629538,2.68457962170206
2020-01-15,Turnover-Aware Max Sharpe γ=0.10,0.22121636407580958,0.07729073079669077,2.6033699254972595
2020-01-16,Turnover-Aware Max Sharpe γ=0.10,0.22339847043946603,0.07732987018323734,2.6302704240612624
2020-01-17,Turnover-Aware Max Sharpe γ=0.10,0.21738546581177132,0.07721831350149479,2.55620016627209
2020-01-21,Turnover-Aware Max Sharpe γ=0.10,0.21332739814534474,0.07705322406131287,2.5090111478204995
2020-01-22,Turnover-Aware Max Sharpe γ=0.10,0.22600725510823594,0.07641199587807637,2.696006729583963
2020-01-23,Turnover-Aware Max Sharpe γ=0.10,0.22744001400450986,0.07643147286932842,2.7140653740790928
2020-01-24,Turnover-Aware Max Sharpe γ=0.10,0.22276636125271687,0.0764351777511593,2.652788509406476
2020-01-27,Turnover-Aware Max Sharpe γ=0.10,0.2088352652863581,0.07618777708066846,2.4785506615636947
2020-01-28,Turnover-Aware Max Sharpe γ=0.10,0.21890359133837878,0.07594339352421797,2.619103283486396
2020-01-29,Turnover-Aware Max Sharpe γ=0.10,0.22520924875424275,0.07593481119208538,2.702439704961452
2020-01-30,Turnover-Aware Max Sharpe γ=0.10,0.20989273077276582,0.07472095962699961,2.541358297868409
2020-01-31,Turnover-Aware Max Sharpe γ=0.10,0.1937111786246044,0.07442646745716443,2.333997360879482
2020-02-03,Turnover-Aware Max Sharpe γ=0.10,0.19985665753776272,0.07442208329354869,2.4167108683096177
2020-02-04,Turnover-Aware Max Sharpe γ=0.10,0.19965007574791604,0.07441639817319488,2.4141194704129982
2020-02-05,Turnover-Aware Max Sharpe γ=0.10,0.19588061705506576,0.07430979307229302,2.3668565041482297
2020-02-06,Turnover-Aware Max Sharpe γ=0.10,0.20345384226993013,0.07426098127747642,2.470393457156918
2020-02-07,Turnover-Aware Max Sharpe γ=0.10,0.2114890549492323,0.07403898118292675,2.586327524903724
2020-02-10,Turnover-Aware Max Sharpe γ=0.10,0.21504289329902493,0.07415845841153863,2.6300828991973404
2020-02-11,Turnover-Aware Max Sharpe γ=0.10,0.2157706572280258,0.07414028469544355,2.640543640103628
2020-02-12,Turnover-Aware Max Sharpe γ=0.10,0.20908450874046802,0.07383886088643224,2.560772288067786
2020-02-13,Turnover-Aware Max Sharpe γ=0.10,0.21041448356729542,0.07382713861008547,2.579193602138104
2020-02-14,Turnover-Aware Max Sharpe γ=0.10,0.21235301683527474,0.07385330596403229,2.604528183598899
2020-02-18,Turnover-Aware Max Sharpe γ=0.10,0.2084598714690742,0.07371562480128058,2.5565797207459915
2020-02-19,Turnover-Aware Max Sharpe γ=0.10,0.20661205989285802,0.07365770181408363,2.5335036974663945
2020-02-20,Turnover-Aware Max Sharpe γ=0.10,0.20722546725218272,0.07365346852796661,2.5419776012461957
2020-02-21,Turnover-Aware Max Sharpe γ=0.10,0.21098230259335238,0.07347527926255878,2.5992729052568886
2020-02-24,Turnover-Aware Max Sharpe γ=0.10,0.19105238601746066,0.07428865737484941,2.302537050230374
2020-02-25,Turnover-Aware Max Sharpe γ=0.10,0.1749538842598104,0.07548750525844079,2.0527090374666197
2020-02-26,Turnover-Aware Max Sharpe γ=0.10,0.17149633251933372,0.07553743319784384,2.005579566392495
2020-02-27,Turnover-Aware Max Sharpe γ=0.10,0.1519004471747183,0.07805630414191388,1.6898115869656163
2020-02-28,Turnover-Aware Max Sharpe γ=0.10,0.15875828852639673,0.07803949714307655,1.7780520583314265
2020-03-02,Turnover-Aware Max Sharpe γ=0.10,0.17818334433788752,0.08001498007495216,1.9769216237973564
2020-03-03,Turnover-Aware Max Sharpe γ=0.10,0.17569115170258542,0.08009777426512181,1.9437637703546076
2020-03-04,Turnover-Aware Max Sharpe γ=0.10,0.19537787486385638,0.08161733828428486,2.148782091532931
2020-03-05,Turnover-Aware Max Sharpe γ=0.10,0.19203895168816176,0.08184202396276775,2.102085742239551
2020-03-06,Turnover-Aware Max Sharpe γ=0.10,0.2036947975522665,0.08175629434819216,2.2468581656835878
2020-03-09,Turnover-Aware Max Sharpe γ=0.10,0.1618539531959493,0.08883373633843752,1.5968477635063791
2020-03-10,Turnover-Aware Max Sharpe γ=0.10,0.1552410057848097,0.08842155504641772,1.5295026842019879
2020-03-11,Turnover-Aware Max Sharpe γ=0.10,0.10816297789191354,0.09605511162627069,0.9178374414360819
2020-03-12,Turnover-Aware Max Sharpe γ=0.10,0.041037421606263225,0.1116785403013569,0.18837479026404877
2020-03-13,Turnover-Aware Max Sharpe γ=0.10,0.08813221289194617,0.11928874509992926,0.5711537399012052
2020-03-16,Turnover-Aware Max Sharpe γ=0.10,0.038225827746135366,0.1261142640478308,0.1445183689865798
2020-03-17,Turnover-Aware Max Sharpe γ=0.10,0.03840205455943346,0.1261168406789001,0.14591274615168984
2020-03-18,Turnover-Aware Max Sharpe γ=0.10,-0.01022191237138137,0.1343519108597244,-0.22494590644814716
2020-03-19,Turnover-Aware Max Sharpe γ=0.10,-0.02207586159833086,0.13470009656765858,-0.3123669742671384
2020-03-20,Turnover-Aware Max Sharpe γ=0.10,-0.02710953427754781,0.13449844105690942,-0.3502608201801735
2020-03-23,Turnover-Aware Max Sharpe γ=0.10,0.009967620124978316,0.13663337212763563,-0.07342554544910133
2020-03-24,Turnover-Aware Max Sharpe γ=0.10,0.05257582399336158,0.14337578594503528,0.22720589657900733
2020-03-25,Turnover-Aware Max Sharpe γ=0.10,0.06573030894418874,0.14421075461528243,0.3171074797173453
2020-03-26,Turnover-Aware Max Sharpe γ=0.10,0.09747390822764479,0.14648570773956945,0.528883734960562
2020-03-27,Turnover-Aware Max Sharpe γ=0.10,0.08603726697872371,0.14681245766472467,0.4498069716231636
2020-03-30,Turnover-Aware Max Sharpe γ=0.10,0.10038489131619488,0.14769467521032836,0.5442639770304564
2020-03-31,Turnover-Aware Max Sharpe γ=0.10,0.08304228871683783,0.14804305810064383,0.4258375200138051
2020-04-01,Turnover-Aware Max Sharpe γ=0.10,0.07577058828981209,0.14811922308634856,0.37652498526338946
2020-04-02,Turnover-Aware Max Sharpe γ=0.10,0.08501609603168059,0.14840478329811185,0.4380997336256868
2020-04-03,Turnover-Aware Max Sharpe γ=0.10,0.08107469727284289,0.148423186606886,0.4114902709548035
2020-04-06,Turnover-Aware Max Sharpe γ=0.10,0.09971602876722452,0.14977695053036727,0.5322316183160779
2020-04-07,Turnover-Aware Max Sharpe γ=0.10,0.09316971784466,0.1498857851568492,0.48816982723272223
2020-04-08,Turnover-Aware Max Sharpe γ=0.10,0.09670501368063111,0.14988413220019087,0.5117620695043357
2020-04-09,Turnover-Aware Max Sharpe γ=0.10,0.09744297476820662,0.14990355089366614,0.5166186811888177
2020-04-13,Turnover-Aware Max Sharpe γ=0.10,0.10194751986849004,0.14988456931094934,0.5467375343920985
2020-04-14,Turnover-Aware Max Sharpe γ=0.10,0.11345813075742806,0.1503966662675809,0.6214109200475918
2020-04-15,Turnover-Aware Max Sharpe γ=0.10,0.1218060100798335,0.15052919024276526,0.6763207183646329
2020-04-16,Turnover-Aware Max Sharpe γ=0.10,0.13200543877632742,0.15073681304955974,0.7430529842733368
2020-04-17,Turnover-Aware Max Sharpe γ=0.10,0.12631131804444817,0.15083177211189283,0.704833713453836
2020-04-20,Turnover-Aware Max Sharpe γ=0.10,0.12570881447416493,0.15082916935201507,0.7008512672204321
2020-04-21,Turnover-Aware Max Sharpe γ=0.10,0.11838584968084698,0.1509767828259584,0.6516621154542901
2020-04-22,Turnover-Aware Max Sharpe γ=0.10,0.11733349928919856,0.150935586248864,0.6448677989610362
2020-04-23,Turnover-Aware Max Sharpe γ=0.10,0.12005787936988366,0.1509490255512013,0.6628587299885843
2020-04-24,Turnover-Aware Max Sharpe γ=0.10,0.12402970640934807,0.15099977976649404,0.6889394578602667
2020-04-27,Turnover-Aware Max Sharpe γ=0.10,0.1137558728510708,0.15111042963449908,0.6204460742904669
2020-04-28,Turnover-Aware Max Sharpe γ=0.10,0.11371085284626803,0.15111078359240876,0.6201466938258647
2020-04-29,Turnover-Aware Max Sharpe γ=0.10,0.12495260698224264,0.1513103237707065,0.6936248919887735
2020-04-30,Turnover-Aware Max Sharpe γ=0.10,0.1205490206092854,0.15144703985416988,0.6639219934975634
2020-05-01,Turnover-Aware Max Sharpe γ=0.10,0.12031579364838585,0.15145271860181167,0.6623571671376117
2020-05-04,Turnover-Aware Max Sharpe γ=0.10,0.11245751045549679,0.15120482941972813,0.611471940481774
2020-05-05,Turnover-Aware Max Sharpe γ=0.10,0.11669282736209952,0.151181556435782,0.6395808433363505
2020-05-06,Turnover-Aware Max Sharpe γ=0.10,0.12113484136771424,0.15095992079483594,0.6699449816561766
2020-05-07,Turnover-Aware Max Sharpe γ=0.10,0.13794649478760923,0.1513885300796025,0.7790979589113592
2020-05-08,Turnover-Aware Max Sharpe γ=0.10,0.13768467671619944,0.15139227506230643,0.7773492846168378
2020-05-11,Turnover-Aware Max Sharpe γ=0.10,0.13371729338410976,0.15140200783107155,0.7510950152721295
2020-05-12,Turnover-Aware Max Sharpe γ=0.10,0.15187374272446363,0.15041060129205944,0.8767582975643992
2020-05-13,Turnover-Aware Max Sharpe γ=0.10,0.14567452820931193,0.15031098906726775,0.8360967417563169
2020-05-14,Turnover-Aware Max Sharpe γ=0.10,0.14586916112082293,0.15031892533967783,0.8373473987815878
2020-05-15,Turnover-Aware Max Sharpe γ=0.10,0.14201408452384534,0.15025958508436102,0.8120219715457243
2020-05-18,Turnover-Aware Max Sharpe γ=0.10,0.14229832627728678,0.15025106585088177,0.8139597917971712
2020-05-19,Turnover-Aware Max Sharpe γ=0.10,0.15438867164704506,0.15002135755202303,0.8957969307832919
2020-05-20,Turnover-Aware Max Sharpe γ=0.10,0.15527058957542872,0.15005029321859464,0.9015016676999444
2020-05-21,Turnover-Aware Max Sharpe γ=0.10,0.1522025541773131,0.15010679689749667,0.8807233044056637
2020-05-22,Turnover-Aware Max Sharpe γ=0.10,0.16425703029577376,0.14998532071571266,0.9618076596255944
2020-05-26,Turnover-Aware Max Sharpe γ=0.10,0.15419851182191335,0.15020074392139268,0.8934610330035778
2020-05-27,Turnover-Aware Max Sharpe γ=0.10,0.1591519193578852,0.1501616144334378,0.9266810288561936
2020-05-28,Turnover-Aware Max Sharpe γ=0.10,0.16230171185243658,0.15010244164050845,0.948030626931743
2020-05-29,Turnover-Aware Max Sharpe γ=0.10,0.16610973599833434,0.15022799849648782,0.9725865847953119
2020-06-01,Turnover-Aware Max Sharpe γ=0.10,0.17312523860551177,0.1500529550628197,1.0204746620378509
2020-06-02,Turnover-Aware Max Sharpe γ=0.10,0.17910032919535435,0.14992181095126783,1.0612220342447038
2020-06-03,Turnover-Aware Max Sharpe γ=0.10,0.15502362672462255,0.14954929564424335,0.9028703621969889
2020-06-04,Turnover-Aware Max Sharpe γ=0.10,0.14353926070418144,0.1496579302236525,0.8254775441539336
2020-06-05,Turnover-Aware Max Sharpe γ=0.10,0.13646101849397163,0.14959405386568297,0.7785136874393368
2020-06-08,Turnover-Aware Max Sharpe γ=0.10,0.12971425991273788,0.14929370502160436,0.7348887208396434
2020-06-09,Turnover-Aware Max Sharpe γ=0.10,0.1352898954182864,0.14944959182625486,0.771429978559718
2020-06-10,Turnover-Aware Max Sharpe γ=0.10,0.14791031015745282,0.14987258450112528,0.8534603615679454
2020-06-11,Turnover-Aware Max Sharpe γ=0.10,0.1412983464523545,0.15007199422594855,0.8082677056301897
2020-06-12,Turnover-Aware Max Sharpe γ=0.10,0.13520018061752315,0.1500404300209605,0.7677942578638957
2020-06-15,Turnover-Aware Max Sharpe γ=0.10,0.13991103997910193,0.15004897909377707,0.7991459902180365
2020-06-16,Turnover-Aware Max Sharpe γ=0.10,0.13656324731746539,0.1500445939598684,0.7768573611431939
2020-06-17,Turnover-Aware Max Sharpe γ=0.10,0.1285184250219069,0.1497647010963666,0.7245928060984167
2020-06-18,Turnover-Aware Max Sharpe γ=0.10,0.12903383541701174,0.1497756226467416,0.7279811860584096
2020-06-19,Turnover-Aware Max Sharpe γ=0.10,0.12259726537330184,0.14961712574708722,0.6857320969173827
2020-06-22,Turnover-Aware Max Sharpe γ=0.10,0.13043778739929857,0.14960922179094566,0.7381750006935887
2020-06-23,Turnover-Aware Max Sharpe γ=0.10,0.130486805434342,0.14960942280787176,0.7385016488983385
2020-06-24,Turnover-Aware Max Sharpe γ=0.10,0.13778476862983213,0.14935435236926098,0.7886262888316988
2020-06-25,Turnover-Aware Max Sharpe γ=0.10,0.14184567941343196,0.14937911590863306,0.8156808177118829
2020-06-26,Turnover-Aware Max Sharpe γ=0.10,0.13458273065433612,0.1493388661926995,0.7672666438118274
2020-06-29,Turnover-Aware Max Sharpe γ=0.10,0.13429315712873358,0.14933555833197998,0.7653445596302958
2020-06-30,Turnover-Aware Max Sharpe γ=0.10,0.13069482933501853,0.14923043549940998,0.7417711337809249
2020-07-01,Turnover-Aware Max Sharpe γ=0.10,0.12837663891460793,0.14920218468965493,0.7263743432446021
2020-07-02,Turnover-Aware Max Sharpe γ=0.10,0.12460901688907433,0.14911206592949364,0.7015462916229583
2020-07-06,Turnover-Aware Max Sharpe γ=0.10,0.13694864861880962,0.14910641575946487,0.7843300908491326
2020-07-07,Turnover-Aware Max Sharpe γ=0.10,0.14607379133901843,0.14907658781216693,0.8456981286549737
2020-07-08,Turnover-Aware Max Sharpe γ=0.10,0.14794713839683138,0.1490923061058848,0.8581739845513141
2020-07-09,Turnover-Aware Max Sharpe γ=0.10,0.15138078567751267,0.14920125608811902,0.8805608553316637
2020-07-10,Turnover-Aware Max Sharpe γ=0.10,0.15391318164307455,0.14916819717123778,0.8977327887750014
2020-07-13,Turnover-Aware Max Sharpe γ=0.10,0.14513965278432206,0.1492171455030376,0.8386412456990381
2020-07-14,Turnover-Aware Max Sharpe γ=0.10,0.1460324472666812,0.14922762166163311,0.8445651405773529
2020-07-15,Turnover-Aware Max Sharpe γ=0.10,0.1491056650174678,0.14917914090073656,0.8654404646516527
2020-07-16,Turnover-Aware Max Sharpe γ=0.10,0.1481363898892205,0.14918905245403016,0.8588860092713798
2020-07-17,Turnover-Aware Max Sharpe γ=0.10,0.14658591929400777,0.1491812070154266,0.8485379749000003
2020-07-20,Turnover-Aware Max Sharpe γ=0.10,0.16254695474525716,0.14934677688746337,0.9544695755481215
2020-07-21,Turnover-Aware Max Sharpe γ=0.10,0.15684969580162145,0.1493091102485342,0.9165528853117317
2020-07-22,Turnover-Aware Max Sharpe γ=0.10,0.15728434072843567,0.14931724988173783,0.9194138040793515
2020-07-23,Turnover-Aware Max Sharpe γ=0.10,0.14917774808241946,0.14928587169925409,0.8653045771314266
2020-07-24,Turnover-Aware Max Sharpe γ=0.10,0.15396921841284206,0.14916732660373208,0.8981136919396278
2020-07-27,Turnover-Aware Max Sharpe γ=0.10,0.15436621654840166,0.14917961124155069,0.900700943179405
2020-07-28,Turnover-Aware Max Sharpe γ=0.10,0.1568071138698044,0.149161333354324,0.9171754555507166
2020-07-29,Turnover-Aware Max Sharpe γ=0.10,0.163686020987045,0.14918060949783055,0.9631682124822968
2020-07-30,Turnover-Aware Max Sharpe γ=0.10,0.17417646053400127,0.1490348806697019,1.034499171208748
2020-07-31,Turnover-Aware Max Sharpe γ=0.10,0.18086026197157423,0.14912981017359597,1.0786593356775773
2020-08-03,Turnover-Aware Max Sharpe γ=0.10,0.18998355303153547,0.149009874116953,1.140753618099972
2020-08-04,Turnover-Aware Max Sharpe γ=0.10,0.2207655341527841,0.1480207450644297,1.3563337629829924
2020-08-05,Turnover-Aware Max Sharpe γ=0.10,0.20550252264003843,0.14768221249014354,1.2560925213144343
2020-08-06,Turnover-Aware Max Sharpe γ=0.10,0.2122644430565126,0.14782727189932907,1.3006019835598768
2020-08-07,Turnover-Aware Max Sharpe γ=0.10,0.1867319129149636,0.14753686590980994,1.1301033940688947
2020-08-10,Turnover-Aware Max Sharpe γ=0.10,0.18993985414591807,0.14743942848304764,1.1526079278410761
2020-08-11,Turnover-Aware Max Sharpe γ=0.10,0.17332381416932297,0.14845904880345093,1.0327683991314847
2020-08-12,Turnover-Aware Max Sharpe γ=0.10,0.16409544674256438,0.14813490016176806,0.9727312509422664
2020-08-13,Turnover-Aware Max Sharpe γ=0.10,0.1816820499751346,0.14733169523094847,1.0974016807564142
2020-08-14,Turnover-Aware Max Sharpe γ=0.10,0.17588577442063058,0.14733611471763985,1.0580282690321758
2020-08-17,Turnover-Aware Max Sharpe γ=0.10,0.17402614254342952,0.1472545406468814,1.0459856916248615
2020-08-18,Turnover-Aware Max Sharpe γ=0.10,0.1745929693571353,0.14727285823082384,1.0497044140668372
2020-08-19,Turnover-Aware Max Sharpe γ=0.10,0.16688760195995878,0.1475310737670803,0.9956383981307055
2020-08-20,Turnover-Aware Max Sharpe γ=0.10,0.1706503733753868,0.14766188043844028,1.0202387571394393
2020-08-21,Turnover-Aware Max Sharpe γ=0.10,0.17718166731764162,0.14763453014323805,1.0646673726339004
2020-08-24,Turnover-Aware Max Sharpe γ=0.10,0.19449084654478366,0.1468511387294767,1.1882158221886432
2020-08-25,Turnover-Aware Max Sharpe γ=0.10,0.18491426724094961,0.1467021431957912,1.1241435445210382
2020-08-26,Turnover-Aware Max Sharpe γ=0.10,0.1906966328142985,0.1468044380219621,1.1627484503483614
2020-08-27,Turnover-Aware Max Sharpe γ=0.10,0.17676838367474956,0.14706634280939498,1.06597050473968
2020-08-28,Turnover-Aware Max Sharpe γ=0.10,0.1728891481596504,0.146951897110636,1.0404026839105345
2020-08-31,Turnover-Aware Max Sharpe γ=0.10,0.1795026693009647,0.1470003369633545,1.0850496848910416
2020-09-01,Turnover-Aware Max Sharpe γ=0.10,0.196069039566235,0.14713799032059716,1.1966252847588876
2020-09-02,Turnover-Aware Max Sharpe γ=0.10,0.19058688614262942,0.14696787893995408,1.160708634927808
2020-09-03,Turnover-Aware Max Sharpe γ=0.10,0.16688242700806022,0.1476984351140173,0.9944751743285082
2020-09-04,Turnover-Aware Max Sharpe γ=0.10,0.15297729261691062,0.14809339069375696,0.897928611087682
2020-09-08,Turnover-Aware Max Sharpe γ=0.10,0.14436601071583066,0.1485345704236591,0.8372866354351485
2020-09-09,Turnover-Aware Max Sharpe γ=0.10,0.1607346592771226,0.14865919333017347,0.9466932796046432
2020-09-10,Turnover-Aware Max Sharpe γ=0.10,0.15029897678872817,0.1486957134456385,0.8762793073814064
2020-09-11,Turnover-Aware Max Sharpe γ=0.10,0.1477678593650691,0.14870271178772057,0.8592167407643725
2020-09-14,Turnover-Aware Max Sharpe γ=0.10,0.16160349270584184,0.14864402505883362,0.9526349454664922
2020-09-15,Turnover-Aware Max Sharpe γ=0.10,0.16442976042533353,0.14866206401804463,0.9715307087879704
2020-09-16,Turnover-Aware Max Sharpe γ=0.10,0.15435169614450528,0.14874801195025725,0.9032167514913327
2020-09-17,Turnover-Aware Max Sharpe γ=0.10,0.1478872544230645,0.14883073684380577,0.8592798580126568
2020-09-18,Turnover-Aware Max Sharpe γ=0.10,0.1407330035967871,0.1489176177912016,0.8107368717519216
2020-09-21,Turnover-Aware Max Sharpe γ=0.10,0.14178443805707852,0.14890947706889726,0.8178420907403459
2020-09-22,Turnover-Aware Max Sharpe γ=0.10,0.14708211342984856,0.14895851272392105,0.8531376361509592
2020-09-23,Turnover-Aware Max Sharpe γ=0.10,0.13858406836247728,0.14937816023016012,0.7938514450824962
2020-09-24,Turnover-Aware Max Sharpe γ=0.10,0.13979634707829325,0.14939218890558995,0.8018916380828979
2020-09-25,Turnover-Aware Max Sharpe γ=0.10,0.14778823622396908,0.1495089083082835,0.8547198803731015
2020-09-28,Turnover-Aware Max Sharpe γ=0.10,0.16123677518563895,0.14952394948019107,0.9445762747482135
2020-09-29,Turnover-Aware Max Sharpe γ=0.10,0.15540459174675103,0.14944490854017653,0.9060502165609013
2020-09-30,Turnover-Aware Max Sharpe γ=0.10,0.15752067111263424,0.1493984835609151,0.920495762974476
2020-10-01,Turnover-Aware Max Sharpe γ=0.10,0.17416384026911857,0.1492571872484913,1.0328738140593419
2020-10-02,Turnover-Aware Max Sharpe γ=0.10,0.15463400227624446,0.14942541729299658,0.9010113855814184
2020-10-05,Turnover-Aware Max Sharpe γ=0.10,0.14295180485479952,0.14916569442921246,0.8242632820185548
2020-10-06,Turnover-Aware Max Sharpe γ=0.10,0.14373915375948298,0.14914091684232558,0.8296794493378514
2020-10-07,Turnover-Aware Max Sharpe γ=0.10,0.1539484159020783,0.14894909461126085,0.8992898966701846
2020-10-08,Turnover-Aware Max Sharpe γ=0.10,0.15425336324767502,0.14895497557207543,0.9013016364982943
2020-10-09,Turnover-Aware Max Sharpe γ=0.10,0.16343261657718644,0.14906582382745998,0.9622099344730163
2020-10-12,Turnover-Aware Max Sharpe γ=0.10,0.1712720405989594,0.14930525890083246,1.0131728896396963
2020-10-13,Turnover-Aware Max Sharpe γ=0.10,0.16922342300077897,0.14929872077655806,0.999495656926011
2020-10-14,Turnover-Aware Max Sharpe γ=0.10,0.16542301457900122,0.14930194027156998,0.9740195895276829
2020-10-15,Turnover-Aware Max Sharpe γ=0.10,0.16325999207944286,0.1493248862125239,0.9593845722108953
2020-10-16,Turnover-Aware Max Sharpe γ=0.10,0.15820825550076778,0.14936658126421815,0.9252957008923427
2020-10-19,Turnover-Aware Max Sharpe γ=0.10,0.15449550123907252,0.14947391969011617,0.8997924287922846
2020-10-20,Turnover-Aware Max Sharpe γ=0.10,0.15046807474090595,0.14949387489772742,0.8727319084488412
2020-10-21,Turnover-Aware Max Sharpe γ=0.10,0.15085004910278288,0.14949112241788542,0.8753031416608571
2020-10-22,Turnover-Aware Max Sharpe γ=0.10,0.14278260473547988,0.1496068133522506,0.8207019585825087
2020-10-23,Turnover-Aware Max Sharpe γ=0.10,0.14248446364235345,0.14960318362354236,0.8187289914268819
2020-10-26,Turnover-Aware Max Sharpe γ=0.10,0.13999531291857892,0.14960767573075542,0.8020665539549654
2020-10-27,Turnover-Aware Max Sharpe γ=0.10,0.14491413929653119,0.14967552769848633,0.8345662194568261
2020-10-28,Turnover-Aware Max Sharpe γ=0.10,0.13273962224196323,0.15025360579110805,0.750328896590348
2020-10-29,Turnover-Aware Max Sharpe γ=0.10,0.1265125112892127,0.1501615239540012,0.7093195945576615
2020-10-30,Turnover-Aware Max Sharpe γ=0.10,0.1108991593625055,0.1504936760989808,0.6040065052482368
2020-11-02,Turnover-Aware Max Sharpe γ=0.10,0.11192983804166245,0.15051666418157417,0.6107618617614583
2020-11-03,Turnover-Aware Max Sharpe γ=0.10,0.1180184864009699,0.15052058232269722,0.651196566532214
2020-11-04,Turnover-Aware Max Sharpe γ=0.10,0.1475733034111293,0.15176053934867526,0.8406223644080829
2020-11-05,Turnover-Aware Max Sharpe γ=0.10,0.15675180149332468,0.15209818832669308,0.8991021063288029
2020-11-06,Turnover-Aware Max Sharpe γ=0.10,0.1587069221357602,0.1520379593747569,0.9123177047770213
2020-11-09,Turnover-Aware Max Sharpe γ=0.10,0.1359070569488614,0.15345056800511808,0.7553380769825206
2020-11-10,Turnover-Aware Max Sharpe γ=0.10,0.1288708946121484,0.15362693263283742,0.7086706266039025
2020-11-11,Turnover-Aware Max Sharpe γ=0.10,0.1340867926814422,0.15375294678819684,0.7420136983690012
2020-11-12,Turnover-Aware Max Sharpe γ=0.10,0.13817392102474235,0.1538394355545737,0.7681640315354693
2020-11-13,Turnover-Aware Max Sharpe γ=0.10,0.13641971608123793,0.15381048291478983,0.7569036510062439
2020-11-16,Turnover-Aware Max Sharpe γ=0.10,0.13477048338498188,0.15379692445383503,0.7462469343425157
2020-11-17,Turnover-Aware Max Sharpe γ=0.10,0.13468622131510588,0.15379660133950024,0.7457006222259771
2020-11-18,Turnover-Aware Max Sharpe γ=0.10,0.12960094063215655,0.15381023934048055,0.7125724600788084
2020-11-19,Turnover-Aware Max Sharpe γ=0.10,0.13310489691318494,0.1538416261519058,0.735203466983008
2020-11-20,Turnover-Aware Max Sharpe γ=0.10,0.13841706219346306,0.15380058239941546,0.7699389712708469
2020-11-23,Turnover-Aware Max Sharpe γ=0.10,0.13116801508435683,0.15388811574000963,0.7223950631260739
2020-11-24,Turnover-Aware Max Sharpe γ=0.10,0.12372308087120754,0.15383726145604001,0.6742389970380945
2020-11-25,Turnover-Aware Max Sharpe γ=0.10,0.12110449397431533,0.1538138473783428,0.6573172422221784
2020-11-27,Turnover-Aware Max Sharpe γ=0.10,0.12497185878540606,0.15386833524896526,0.6822187204115603
2020-11-30,Turnover-Aware Max Sharpe γ=0.10,0.1263214940805748,0.1538521236379534,0.6910628957632836
2020-12-01,Turnover-Aware Max Sharpe γ=0.10,0.1358051714102806,0.15363078776974323,0.7537888276915273
2020-12-02,Turnover-Aware Max Sharpe γ=0.10,0.1295945981716622,0.15360140819892237,0.713499957173121
2020-12-03,Turnover-Aware Max Sharpe γ=0.10,0.13464994401951813,0.1536530915343949,0.7461609973129242
2020-12-04,Turnover-Aware Max Sharpe γ=0.10,0.12993047397359803,0.15373531374633526,0.7150632557655839
2020-12-07,Turnover-Aware Max Sharpe γ=0.10,0.13565029501547166,0.15386794669418433,0.7516204479242773
2020-12-08,Turnover-Aware Max Sharpe γ=0.10,0.1404814542912165,0.15387845365502414,0.7829650703490987
2020-12-09,Turnover-Aware Max Sharpe γ=0.10,0.12922069427382477,0.154242550517508,0.7081100118441518
2020-12-10,Turnover-Aware Max Sharpe γ=0.10,0.12840931088394458,0.15422420349753188,0.7029331870446619
2020-12-11,Turnover-Aware Max Sharpe γ=0.10,0.13125422570474066,0.1542149708890219,0.7214229919662133
2020-12-14,Turnover-Aware Max Sharpe γ=0.10,0.12586587281292716,0.15414578907203946,0.6867905600940623
2020-12-15,Turnover-Aware Max Sharpe γ=0.10,0.128878400418019,0.15417681443493397,0.7061917890641598
2020-12-16,Turnover-Aware Max Sharpe γ=0.10,0.1307515629965863,0.1541760091224941,0.7183449852343322
2020-12-17,Turnover-Aware Max Sharpe γ=0.10,0.13518741399544765,0.15417049505939945,0.7471430506276039
2020-12-18,Turnover-Aware Max Sharpe γ=0.10,0.12948853388684078,0.1541772274817777,0.7101472485603056
2020-12-21,Turnover-Aware Max Sharpe γ=0.10,0.12759283145543066,0.15416970777624436,0.6978856807044514
2020-12-22,Turnover-Aware Max Sharpe γ=0.10,0.12843267499571542,0.1541734919429328,0.7033159438060317
2020-12-23,Turnover-Aware Max Sharpe γ=0.10,0.12295040099777554,0.1542116593794215,0.6675915518454864
2020-12-24,Turnover-Aware Max Sharpe γ=0.10,0.12174189974166794,0.15418798447370724,0.6598562144057171
2020-12-28,Turnover-Aware Max Sharpe γ=0.10,0.12409914801982969,0.15420106449627832,0.6750870907401689
2020-12-29,Turnover-Aware Max Sharpe γ=0.10,0.12722334868661478,0.15417264204926376,0.6954758461773848
2020-12-30,Turnover-Aware Max Sharpe γ=0.10,0.13152417429825003,0.15415807384972885,0.7234403720363181
2020-12-31,Turnover-Aware Max Sharpe γ=0.10,0.12417001706958142,0.15396340109599266,0.6765894772916441
2021-01-04,Turnover-Aware Max Sharpe γ=0.10,0.12086466295705178,0.15396943849168856,0.6550953484349854
2021-01-05,Turnover-Aware Max Sharpe γ=0.10,0.11985998134477116,0.1539702094374525,0.6485668994646487
2021-01-06,Turnover-Aware Max Sharpe γ=0.10,0.1069795349674818,0.15459755366709207,0.5626190900457724
2021-01-07,Turnover-Aware Max Sharpe γ=0.10,0.11000285441389801,0.15461780783942475,0.5820988906230561
2021-01-08,Turnover-Aware Max Sharpe γ=0.10,0.10180339518591475,0.15459140162577117,0.529158765142328
2021-01-11,Turnover-Aware Max Sharpe γ=0.10,0.09381525065216234,0.1546943906669511,0.47716824335979124
2021-01-12,Turnover-Aware Max Sharpe γ=0.10,0.0922170330569918,0.15468991875145055,0.46685028759390057
2021-01-13,Turnover-Aware Max Sharpe γ=0.10,0.09797884052137351,0.15477634111558075,0.5038162807010798
2021-01-14,Turnover-Aware Max Sharpe γ=0.10,0.08917311609688405,0.15484432971883721,0.44672682701708877
2021-01-15,Turnover-Aware Max Sharpe γ=0.10,0.08337030115798472,0.15483259480481615,0.4092826916572062
2021-01-19,Turnover-Aware Max Sharpe γ=0.10,0.09017055419498465,0.1549478105159557,0.4528657356391549
2021-01-20,Turnover-Aware Max Sharpe γ=0.10,0.09698105374418353,0.155175791790197,0.4960893246046043
2021-01-21,Turnover-Aware Max Sharpe γ=0.10,0.09534872453017074,0.15517494737104803,0.4855727410043834
2021-01-22,Turnover-Aware Max Sharpe γ=0.10,0.09188949829803827,0.15516084528162324,0.4633224198254135
2021-01-25,Turnover-Aware Max Sharpe γ=0.10,0.10082601529203394,0.15529351518836573,0.5204725721740199
2021-01-26,Turnover-Aware Max Sharpe γ=0.10,0.10388042700347833,0.1552511221980365,0.5402887001131074
2021-01-27,Turnover-Aware Max Sharpe γ=0.10,0.0925011157681832,0.15544493613376859,0.4664102773074072
2021-01-28,Turnover-Aware Max Sharpe γ=0.10,0.08834511541287582,0.1554211833353401,0.4397413141901829
2021-01-29,Turnover-Aware Max Sharpe γ=0.10,0.07761945012554805,0.1556547149963485,0.3701747815792136
2021-02-01,Turnover-Aware Max Sharpe γ=0.10,0.09214335371021654,0.15582349114593735,0.462981243583166
2021-02-02,Turnover-Aware Max Sharpe γ=0.10,0.0890837880921147,0.15579755524451164,0.4434202320035978
2021-02-03,Turnover-Aware Max Sharpe γ=0.10,0.08076184295370026,0.155852721374539,0.3898670643528888
2021-02-04,Turnover-Aware Max Sharpe γ=0.10,0.07858479481789238,0.15584897588681962,0.37590747378691614
2021-02-05,Turnover-Aware Max Sharpe γ=0.10,0.07422335452503814,0.1558241620435901,0.34797783484867867
2021-02-08,Turnover-Aware Max Sharpe γ=0.10,0.07743768938820006,0.15587769781376204,0.3684791999996361
2021-02-09,Turnover-Aware Max Sharpe γ=0.10,0.07268494830734795,0.15580071538051787,0.338156010251131
2021-02-10,Turnover-Aware Max Sharpe γ=0.10,0.0766070696178287,0.15580851464464623,0.36331178528293473
2021-02-11,Turnover-Aware Max Sharpe γ=0.10,0.07296365999958443,0.15580886771917823,0.33992712208809167
2021-02-12,Turnover-Aware Max Sharpe γ=0.10,0.068818252031559,0.1558517226320561,0.3132352418510766
2021-02-16,Turnover-Aware Max Sharpe γ=0.10,0.05609975070783291,0.15611908109396874,0.23123214955450774
2021-02-17,Turnover-Aware Max Sharpe γ=0.10,0.052781726858255995,0.15610987428476925,0.20999137311748076
2021-02-18,Turnover-Aware Max Sharpe γ=0.10,0.04734236801220559,0.15611230300313864,0.17514550414169391
2021-02-19,Turnover-Aware Max Sharpe γ=0.10,0.04099560694236937,0.15622340540327728,0.13439475914745946
2021-02-22,Turnover-Aware Max Sharpe γ=0.10,0.03463222822777401,0.15642522186779392,0.09354136150844487
2021-02-23,Turnover-Aware Max Sharpe γ=0.10,0.044485561532666695,0.15602295785429604,0.15693563222620635
2021-02-24,Turnover-Aware Max Sharpe γ=0.10,0.057883385839136325,0.1554833352370548,0.24364917167089398
2021-02-25,Turnover-Aware Max Sharpe γ=0.10,0.0378361685311408,0.1569165521360477,0.11366658448929419
2021-02-26,Turnover-Aware Max Sharpe γ=0.10,0.06887656221772676,0.15599942518826931,0.3133124507269154
2021-03-01,Turnover-Aware Max Sharpe γ=0.10,0.07052619872322041,0.15603721581442692,0.32380864051887837
2021-03-02,Turnover-Aware Max Sharpe γ=0.10,0.04740287106909591,0.15504142830343504,0.17674547615405825
2021-03-03,Turnover-Aware Max Sharpe γ=0.10,0.03568473324138677,0.15571179884104527,0.10072925339073475
2021-03-04,Turnover-Aware Max Sharpe γ=0.10,0.009386711008662951,0.15515686703573847,-0.0684036046493025
2021-03-05,Turnover-Aware Max Sharpe γ=0.10,0.021645083219933747,0.1550528616298459,0.010609821725580375
2021-03-08,Turnover-Aware Max Sharpe γ=0.10,0.0034417822400998332,0.1555358106309699,-0.10645919864195658
2021-03-09,Turnover-Aware Max Sharpe γ=0.10,0.05917670939041053,0.15297308378069047,0.25610197834918547
2021-03-10,Turnover-Aware Max Sharpe γ=0.10,0.0559321593160822,0.15292765418344084,0.2349618158203133
2021-03-11,Turnover-Aware Max Sharpe γ=0.10,0.1018101066308339,0.14832152508027793,0.5515727173554531
2021-03-12,Turnover-Aware Max Sharpe γ=0.10,0.15560440160977596,0.1372554196641899,0.9879711995456841
2021-03-15,Turnover-Aware Max Sharpe γ=0.10,0.11515113505402907,0.13084680837903676,0.727194925369486
2021-03-16,Turnover-Aware Max Sharpe γ=0.10,0.16324699548462274,0.12408982769944783,1.1543814520524163
2021-03-17,Turnover-Aware Max Sharpe γ=0.10,0.16008523835464694,0.12408581956493109,1.1289383335324932
2021-03-18,Turnover-Aware Max Sharpe γ=0.10,0.1983145634187975,0.11590567930067842,1.5384454367953804
2021-03-19,Turnover-Aware Max Sharpe γ=0.10,0.21410457338079847,0.11543417331403376,1.6815174207792456
2021-03-22,Turnover-Aware Max Sharpe γ=0.10,0.22262729112265167,0.1157559554459107,1.7504696872147831
2021-03-23,Turnover-Aware Max Sharpe γ=0.10,0.19318360667807166,0.1128555071851974,1.5345605278604175
2021-03-24,Turnover-Aware Max Sharpe γ=0.10,0.14015572800335763,0.10440432184211638,1.150869292413594
2021-03-25,Turnover-Aware Max Sharpe γ=0.10,0.11822573388408486,0.10330851658595412,0.950799964322009
2021-03-26,Turnover-Aware Max Sharpe γ=0.10,0.09273635916807343,0.10003391946945739,0.727116957466427
2021-03-29,Turnover-Aware Max Sharpe γ=0.10,0.09762315749378603,0.09969698156630648,0.7785908487325708
2021-03-30,Turnover-Aware Max Sharpe γ=0.10,0.07718850049994375,0.09835951776326546,0.5814231484703564
2021-03-31,Turnover-Aware Max Sharpe γ=0.10,0.09363913250657352,0.09780928012024678,0.7528849247846577
2021-04-01,Turnover-Aware Max Sharpe γ=0.10,0.11251329825860057,0.09842334590231228,0.9399527867140629
2021-04-05,Turnover-Aware Max Sharpe γ=0.10,0.10672840328710409,0.09807480991710187,0.8843086554071491
2021-04-06,Turnover-Aware Max Sharpe γ=0.10,0.11350570853315167,0.09810078060754024,0.9531596787922462
2021-04-07,Turnover-Aware Max Sharpe γ=0.10,0.08918708301789913,0.09599966532779611,0.7207012939228074
2021-04-08,Turnover-Aware Max Sharpe γ=0.10,0.10337837587658183,0.09610833364836482,0.8675457445931944
2021-04-09,Turnover-Aware Max Sharpe γ=0.10,0.10057495844628761,0.09610124108974921,0.8384382712710071
2021-04-12,Turnover-Aware Max Sharpe γ=0.10,0.09354568846398248,0.09600430319476119,0.7660665826070571
2021-04-13,Turnover-Aware Max Sharpe γ=0.10,0.09985241779466003,0.09626264311333177,0.8295265454185412
2021-04-14,Turnover-Aware Max Sharpe γ=0.10,0.07995295689093274,0.0955958717036456,0.6271500622620129
2021-04-15,Turnover-Aware Max Sharpe γ=0.10,0.08642444563409746,0.09620007230187168,0.6904822838974632
2021-04-16,Turnover-Aware Max Sharpe γ=0.10,0.07541530829341303,0.09587378165622369,0.5780027379343049
2021-04-19,Turnover-Aware Max Sharpe γ=0.10,0.07599927442155985,0.09584627267017289,0.5842613683503904
2021-04-20,Turnover-Aware Max Sharpe γ=0.10,0.07502002531884377,0.09584421348063694,0.5740568295232478
2021-04-21,Turnover-Aware Max Sharpe γ=0.10,0.0867363005805526,0.09572252807467749,0.6971848939101208
2021-04-22,Turnover-Aware Max Sharpe γ=0.10,0.07622295571615378,0.09558457111189707,0.5882011611511632
2021-04-23,Turnover-Aware Max Sharpe γ=0.10,0.07634907255443646,0.09558739357043713,0.5895031808029533
2021-04-26,Turnover-Aware Max Sharpe γ=0.10,0.07337274378292058,0.0955075986613752,0.5588324335548954
2021-04-27,Turnover-Aware Max Sharpe γ=0.10,0.0743100352814674,0.0954548780136989,0.5689602921463403
2021-04-28,Turnover-Aware Max Sharpe γ=0.10,0.07511381936979711,0.09544861570410001,0.577418739530548
2021-04-29,Turnover-Aware Max Sharpe γ=0.10,0.06544648676399278,0.0950957661588604,0.4779023146842629
2021-04-30,Turnover-Aware Max Sharpe γ=0.10,0.07086395909074183,0.09485649351876849,0.5362201068572895
2021-05-03,Turnover-Aware Max Sharpe γ=0.10,0.07552126554928407,0.09477075741969163,0.5858480723479769
2021-05-04,Turnover-Aware Max Sharpe γ=0.10,0.06858862476793592,0.09485992389587175,0.5122144607797906
2021-05-05,Turnover-Aware Max Sharpe γ=0.10,0.06730227644321052,0.09485263822403635,0.49869225915978554
2021-05-06,Turnover-Aware Max Sharpe γ=0.10,0.07899256622599138,0.09475326907178193,0.6225913554634254
2021-05-07,Turnover-Aware Max Sharpe γ=0.10,0.06849579342749901,0.0940096872393458,0.515859533752412
2021-05-10,Turnover-Aware Max Sharpe γ=0.10,0.05908516640361405,0.09463403101197597,0.4130138596618357
2021-05-11,Turnover-Aware Max Sharpe γ=0.10,0.058057465090498805,0.09465812255614298,0.4020517633648018
2021-05-12,Turnover-Aware Max Sharpe γ=0.10,0.044647811073246,0.09566823851485429,0.2576383913394514
2021-05-13,Turnover-Aware Max Sharpe γ=0.10,0.04870589480916654,0.09576560322967835,0.2997516210524992
2021-05-14,Turnover-Aware Max Sharpe γ=0.10,0.05242705855111662,0.0961093413601801,0.3373975733492203
2021-05-17,Turnover-Aware Max Sharpe γ=0.10,0.04935723333749542,0.09611422811237273,0.3054410768733654
2021-05-18,Turnover-Aware Max Sharpe γ=0.10,0.051204518790104014,0.09604487519117284,0.3248951984995855
2021-05-19,Turnover-Aware Max Sharpe γ=0.10,0.047255676290566484,0.09602595255455706,0.283836562569699
2021-05-20,Turnover-Aware Max Sharpe γ=0.10,0.050736909097388816,0.0963086585434535,0.31915000750966366
2021-05-21,Turnover-Aware Max Sharpe γ=0.10,0.0541370252409763,0.0962243601914312,0.35476489709116515
2021-05-24,Turnover-Aware Max Sharpe γ=0.10,0.056945482872010844,0.09636895094742305,0.38337537670372224
2021-05-25,Turnover-Aware Max Sharpe γ=0.10,0.07002910947367913,0.09617214155738738,0.5202037582143889
2021-05-26,Turnover-Aware Max Sharpe γ=0.10,0.06872742380164398,0.0961657716292576,0.5067023638046605
2021-05-27,Turnover-Aware Max Sharpe γ=0.10,0.06731347044044056,0.09619638769702259,0.4918424857018303
2021-05-28,Turnover-Aware Max Sharpe γ=0.10,0.0598669320944325,0.0958861356313973,0.41577368648672836
2021-06-01,Turnover-Aware Max Sharpe γ=0.10,0.058902024000184516,0.09589973455215378,0.40565309363842056
2021-06-02,Turnover-Aware Max Sharpe γ=0.10,0.06209801796093806,0.09591896122736875,0.4388915124002213
2021-06-03,Turnover-Aware Max Sharpe γ=0.10,0.06044922475831149,0.0960484837167702,0.421133402559368
2021-06-04,Turnover-Aware Max Sharpe γ=0.10,0.0792883062994747,0.09651377743210915,0.6142988895153334
2021-06-07,Turnover-Aware Max Sharpe γ=0.10,0.08130012061715663,0.0965058306810477,0.6351960310020424
2021-06-08,Turnover-Aware Max Sharpe γ=0.10,0.07786133439431353,0.09640376647056326,0.6001978606508221
2021-06-09,Turnover-Aware Max Sharpe γ=0.10,0.07218468285679736,0.09614141971547097,0.542790849263898
2021-06-10,Turnover-Aware Max Sharpe γ=0.10,0.06630362007254553,0.09563344471837147,0.48417810535742906
2021-06-11,Turnover-Aware Max Sharpe γ=0.10,0.07193819312265504,0.09535026712204418,0.5447094663738741
2021-06-14,Turnover-Aware Max Sharpe γ=0.10,0.07245461729631386,0.09534368788663486,0.5501635027867101
2021-06-15,Turnover-Aware Max Sharpe γ=0.10,0.06620899965029836,0.09536012992351299,0.48457358109056625
2021-06-16,Turnover-Aware Max Sharpe γ=0.10,0.05979575876978416,0.09561017017972583,0.4162293477250066
2021-06-17,Turnover-Aware Max Sharpe γ=0.10,0.0586509479613011,0.095587163840107,0.40435291108703986
2021-06-18,Turnover-Aware Max Sharpe γ=0.10,0.056210801833544766,0.09551635462172502,0.37910577698396253
2021-06-21,Turnover-Aware Max Sharpe γ=0.10,0.054364437699286894,0.09550438237476148,0.35982053226039423
2021-06-22,Turnover-Aware Max Sharpe γ=0.10,0.05348600619738808,0.09547637807466837,0.350725560318176
2021-06-23,Turnover-Aware Max Sharpe γ=0.10,0.05102207434330852,0.09548002373500533,0.32490643728165586
2021-06-24,Turnover-Aware Max Sharpe γ=0.10,0.05543873004278499,0.0954660482599233,0.3712181523037042
2021-06-25,Turnover-Aware Max Sharpe γ=0.10,0.049350269677251424,0.09544986881234557,0.30749408084524504
2021-06-28,Turnover-Aware Max Sharpe γ=0.10,0.05810854792011133,0.09564601509676522,0.39843320060492693
2021-06-29,Turnover-Aware Max Sharpe γ=0.10,0.05508370596274803,0.09562584018493685,0.3668852048243177
2021-06-30,Turnover-Aware Max Sharpe γ=0.10,0.05300531296412481,0.09557146921207982,0.34534692451869387
2021-07-01,Turnover-Aware Max Sharpe γ=0.10,0.05196489131883619,0.09556290558429219,0.334490575850493
2021-07-02,Turnover-Aware Max Sharpe γ=0.10,0.05639617380320905,0.09577157700502566,0.3800310587064797
2021-07-06,Turnover-Aware Max Sharpe γ=0.10,0.05682058818629154,0.09579648193432856,0.3843626346480363
2021-07-07,Turnover-Aware Max Sharpe γ=0.10,0.056934357643209976,0.0958008190433213,0.38553279619152514
2021-07-08,Turnover-Aware Max Sharpe γ=0.10,0.05361421329618499,0.09576692697550046,0.35100022897032424
2021-07-09,Turnover-Aware Max Sharpe γ=0.10,0.04363427423967092,0.09551557599600342,0.24743895425663173
2021-07-12,Turnover-Aware Max Sharpe γ=0.10,0.044723507267937945,0.09551335399247989,0.258848697428053
2021-07-13,Turnover-Aware Max Sharpe γ=0.10,0.04664780713402883,0.09544683380509282,0.2791900587131573
2021-07-14,Turnover-Aware Max Sharpe γ=0.10,0.05008813205851226,0.09559964757783636,0.31473057506843605
2021-07-15,Turnover-Aware Max Sharpe γ=0.10,0.052539277932454276,0.09560406697935966,0.34035453679475064
2021-07-16,Turnover-Aware Max Sharpe γ=0.10,0.04926682189712395,0.09571293920040892,0.30577706777809316
2021-07-19,Turnover-Aware Max Sharpe γ=0.10,0.05374767942596659,0.09583364307727431,0.3521485601747869
2021-07-20,Turnover-Aware Max Sharpe γ=0.10,0.04483999123654803,0.0953996130704072,0.26037832269000416
2021-07-21,Turnover-Aware Max Sharpe γ=0.10,0.04260159111035344,0.09544349422959836,0.23680598968834038
2021-07-22,Turnover-Aware Max Sharpe γ=0.10,0.0436915838203491,0.0954916390553411,0.24810113277685925
2021-07-23,Turnover-Aware Max Sharpe γ=0.10,0.04711183807192998,0.09546394944158867,0.28400080062179744
2021-07-26,Turnover-Aware Max Sharpe γ=0.10,0.04766561809764691,0.09545556014783368,0.2898272039344873
2021-07-27,Turnover-Aware Max Sharpe γ=0.10,0.04195846968857242,0.09527498580007979,0.23047465716393767
2021-07-28,Turnover-Aware Max Sharpe γ=0.10,0.04400617227900172,0.0952995373333369,0.25190229617834753
2021-07-29,Turnover-Aware Max Sharpe γ=0.10,0.040248930312100306,0.09521970904433749,0.21265482236111144
2021-07-30,Turnover-Aware Max Sharpe γ=0.10,0.03621353039116726,0.09519445955517923,0.1703201054654775
2021-08-02,Turnover-Aware Max Sharpe γ=0.10,0.03314217897914862,0.09505688508258253,0.13825593977470535
2021-08-03,Turnover-Aware Max Sharpe γ=0.10,0.03276525254855667,0.0950494909405139,0.1343011143168112
2021-08-04,Turnover-Aware Max Sharpe γ=0.10,0.025705923460272784,0.09474663977864758,0.06022296382862001
2021-08-05,Turnover-Aware Max Sharpe γ=0.10,0.026270775079908493,0.09473841787497815,0.0661904137789565
2021-08-06,Turnover-Aware Max Sharpe γ=0.10,0.0072318458010520725,0.09513819803112275,-0.1342063909468945
2021-08-09,Turnover-Aware Max Sharpe γ=0.10,0.01106241478448089,0.09489607420891727,-0.09418287626780726
2021-08-10,Turnover-Aware Max Sharpe γ=0.10,0.01127965980489476,0.09488880092643931,-0.09190062589014603
2021-08-11,Turnover-Aware Max Sharpe γ=0.10,0.031115098982906098,0.0933445141498522,0.11907608159020769
2021-08-12,Turnover-Aware Max Sharpe γ=0.10,0.028804877314188237,0.09330937857520472,0.09436219004600653
2021-08-13,Turnover-Aware Max Sharpe γ=0.10,0.03769762700801027,0.0937135810697181,0.18884804962094173
2021-08-16,Turnover-Aware Max Sharpe γ=0.10,0.04199532343110213,0.09371352795441543,0.23470809296392295
2021-08-17,Turnover-Aware Max Sharpe γ=0.10,0.031089184212923504,0.09349255678054452,0.1186103428420852
2021-08-18,Turnover-Aware Max Sharpe γ=0.10,0.02224882537842654,0.09330522239943241,0.02410181681792143
2021-08-19,Turnover-Aware Max Sharpe γ=0.10,0.03415978997397118,0.09296331019378655,0.15231589693239628
2021-08-20,Turnover-Aware Max Sharpe γ=0.10,0.028880547214022556,0.0926569159840542,0.09584332825788043
2021-08-23,Turnover-Aware Max Sharpe γ=0.10,0.0329126292281301,0.09285111838234317,0.13906810658928584
2021-08-24,Turnover-Aware Max Sharpe γ=0.10,0.031156525843838656,0.09286867605928961,0.12013228051960231
2021-08-25,Turnover-Aware Max Sharpe γ=0.10,0.027758753163789285,0.09295366001970543,0.0834690442758735
2021-08-26,Turnover-Aware Max Sharpe γ=0.10,0.02027359528615036,0.09275922166888188,0.002949521149789271
2021-08-27,Turnover-Aware Max Sharpe γ=0.10,0.03730647374796936,0.09271007641206246,0.1866730609847456
2021-08-30,Turnover-Aware Max Sharpe γ=0.10,0.036829395633955375,0.09269169111640604,0.18156315233066928
2021-08-31,Turnover-Aware Max Sharpe γ=0.10,0.02995131349270097,0.0925990310215089,0.10746671301980988
2021-09-01,Turnover-Aware Max Sharpe γ=0.10,0.021616980400605446,0.09215913493548114,0.017545524941585688
2021-09-02,Turnover-Aware Max Sharpe γ=0.10,0.01839644822974673,0.09208510686032925,-0.017413801481334736
2021-09-03,Turnover-Aware Max Sharpe γ=0.10,0.03381443787910654,0.09088539063042568,0.15199844313021948
2021-09-07,Turnover-Aware Max Sharpe γ=0.10,0.03793687010155189,0.09051872626816862,0.19815645713366034
2021-09-08,Turnover-Aware Max Sharpe γ=0.10,0.0512521175395515,0.08970806611478108,0.34837578038483796
2021-09-09,Turnover-Aware Max Sharpe γ=0.10,0.045259526864187105,0.08932490387138096,0.28278258099844505
2021-09-10,Turnover-Aware Max Sharpe γ=0.10,0.04363108301207208,0.08942004154409473,0.2642705438737595
2021-09-13,Turnover-Aware Max Sharpe γ=0.10,0.04683639603883627,0.08943265670577089,0.30007378766714615
2021-09-14,Turnover-Aware Max Sharpe γ=0.10,0.044993738468402045,0.08933718438000349,0.27976859402786863
2021-09-15,Turnover-Aware Max Sharpe γ=0.10,0.04173785417744469,0.089294641836596,0.2434396256073651
2021-09-16,Turnover-Aware Max Sharpe γ=0.10,0.040885056327950364,0.08934737674451092,0.23375119772873962
2021-09-17,Turnover-Aware Max Sharpe γ=0.10,0.0394961252504038,0.08942532452261147,0.21801570589183766
2021-09-20,Turnover-Aware Max Sharpe γ=0.10,0.04369155829477411,0.08930008943036091,0.2653027387307328
2021-09-21,Turnover-Aware Max Sharpe γ=0.10,0.0452969629851665,0.08930523639491542,0.28326405042254366
2021-09-22,Turnover-Aware Max Sharpe γ=0.10,0.04442795652372489,0.08926899406553263,0.2736443574774938
2021-09-23,Turnover-Aware Max Sharpe γ=0.10,0.04922970351268252,0.08878259353242776,0.32922786268917004
2021-09-24,Turnover-Aware Max Sharpe γ=0.10,0.04292705881865677,0.08879317127560844,0.25820745547529345
2021-09-27,Turnover-Aware Max Sharpe γ=0.10,0.03243082500246186,0.08864027959911273,0.14023900938356573
2021-09-28,Turnover-Aware Max Sharpe γ=0.10,0.010532904326915116,0.08963569296406246,-0.10561747625335498
2021-09-29,Turnover-Aware Max Sharpe γ=0.10,0.009441758653355059,0.08963765416445388,-0.11778801492589538
2021-09-30,Turnover-Aware Max Sharpe γ=0.10,0.01438347993845479,0.08964448109146282,-0.0626532720493386
2021-10-01,Turnover-Aware Max Sharpe γ=0.10,0.013365460331127066,0.08957957347190194,-0.07406308616722722
2021-10-04,Turnover-Aware Max Sharpe γ=0.10,0.016428983346836956,0.08931731843724337,-0.03998123449790011
2021-10-05,Turnover-Aware Max Sharpe γ=0.10,0.017253225010801065,0.0893136078576608,-0.030754271998243238
2021-10-06,Turnover-Aware Max Sharpe γ=0.10,0.025578055711916292,0.0892697640422032,0.06248538653333068
2021-10-07,Turnover-Aware Max Sharpe γ=0.10,0.021930731359284028,0.08927283236597609,0.021627311558447576
2021-10-08,Turnover-Aware Max Sharpe γ=0.10,0.014198603571407231,0.08926003121202553,-0.06499433564853133
2021-10-11,Turnover-Aware Max Sharpe γ=0.10,0.0035449710792210265,0.08910122263013136,-0.18467792511765577
2021-10-12,Turnover-Aware Max Sharpe γ=0.10,-0.0008407719626534194,0.08874881230055125,-0.23482874218164576
2021-10-13,Turnover-Aware Max Sharpe γ=0.10,0.0071981106644680715,0.08914334748088128,-0.14361014811876535
2021-10-14,Turnover-Aware Max Sharpe γ=0.10,0.015791831339071027,0.08943880780144083,-0.04705081344857977
2021-10-15,Turnover-Aware Max Sharpe γ=0.10,0.013999432567166625,0.08949953495994924,-0.06704579454539747
2021-10-18,Turnover-Aware Max Sharpe γ=0.10,0.020165061542438023,0.08949842517880599,0.0018442954957950553
2021-10-19,Turnover-Aware Max Sharpe γ=0.10,0.025038920172981483,0.08930085222734817,0.05642633913675378
2021-10-20,Turnover-Aware Max Sharpe γ=0.10,0.02674357562142804,0.08927702430187386,0.07553539865560345
2021-10-21,Turnover-Aware Max Sharpe γ=0.10,0.02782551731172367,0.08927626723181516,0.08765506841145021
2021-10-22,Turnover-Aware Max Sharpe γ=0.10,0.03526591437756754,0.08912101709175761,0.17129421180023108
2021-10-25,Turnover-Aware Max Sharpe γ=0.10,0.03717635548615528,0.08918931881231772,0.19258309980256394
2021-10-26,Turnover-Aware Max Sharpe γ=0.10,0.03979733146870745,0.0891969413911502,0.22195078844566382
2021-10-27,Turnover-Aware Max Sharpe γ=0.10,0.04158420327119017,0.08930892702244962,0.24168024396670376
2021-10-28,Turnover-Aware Max Sharpe γ=0.10,0.05698832760143957,0.08835362947243448,0.4186395943471636
2021-10-29,Turnover-Aware Max Sharpe γ=0.10,0.05739825310410307,0.0883545706464187,0.42327468551417763
2021-11-01,Turnover-Aware Max Sharpe γ=0.10,0.06805894626376086,0.08775057287262814,0.5476767238148913
2021-11-02,Turnover-Aware Max Sharpe γ=0.10,0.06615344563503434,0.08767956074812458,0.5263877378174654
2021-11-03,Turnover-Aware Max Sharpe γ=0.10,0.061079304213154995,0.08764296959497592,0.46871191611825347
2021-11-04,Turnover-Aware Max Sharpe γ=0.10,0.04959658756118879,0.08571949702576354,0.3452725294490861
2021-11-05,Turnover-Aware Max Sharpe γ=0.10,0.04601878109672297,0.08535279166830174,0.3048380795538268
2021-11-08,Turnover-Aware Max Sharpe γ=0.10,0.04843049701730373,0.08527145582499458,0.33341165272998946
2021-11-09,Turnover-Aware Max Sharpe γ=0.10,0.07348263921381504,0.08283524961933851,0.6456507279158257
2021-11-10,Turnover-Aware Max Sharpe γ=0.10,0.07001397286778621,0.0831769914854784,0.6012957667087296
2021-11-11,Turnover-Aware Max Sharpe γ=0.10,0.06285236770730207,0.08290162081397955,0.5169062713919335
2021-11-12,Turnover-Aware Max Sharpe γ=0.10,0.05967129586210307,0.08274568375463984,0.47943643779339196
2021-11-15,Turnover-Aware Max Sharpe γ=0.10,0.05199535149959145,0.08285229250428576,0.38617340006538015
2021-11-16,Turnover-Aware Max Sharpe γ=0.10,0.05095239292044873,0.0828457668182871,0.373614659012564
2021-11-17,Turnover-Aware Max Sharpe γ=0.10,0.05442211519675899,0.0829503574961661,0.4149724755357438
2021-11-18,Turnover-Aware Max Sharpe γ=0.10,0.06075165511946801,0.08299295311680005,0.49102548576764343
2021-11-19,Turnover-Aware Max Sharpe γ=0.10,0.061187052652045715,0.08301087044068836,0.49616456776554396
2021-11-22,Turnover-Aware Max Sharpe γ=0.10,0.04706716420252688,0.08386752273694242,0.32273713732341097
2021-11-23,Turnover-Aware Max Sharpe γ=0.10,0.044237211950070465,0.08406947391979687,0.28829979325424365
2021-11-24,Turnover-Aware Max Sharpe γ=0.10,0.0519966046900715,0.08423791019344927,0.3798361642233582
2021-11-26,Turnover-Aware Max Sharpe γ=0.10,0.05539265358933121,0.08432508798366169,0.41971677036599914
2021-11-29,Turnover-Aware Max Sharpe γ=0.10,0.05442857598924511,0.08428173193507586,0.4084939309952271
2021-11-30,Turnover-Aware Max Sharpe γ=0.10,0.05554090213264562,0.08427345336117256,0.42173306913539194
2021-12-01,Turnover-Aware Max Sharpe γ=0.10,0.052177358278293395,0.08431749413729817,0.381621377716675
2021-12-02,Turnover-Aware Max Sharpe γ=0.10,0.05493243452936247,0.08430819625782324,0.41434209341326017
2021-12-03,Turnover-Aware Max Sharpe γ=0.10,0.050838205723704455,0.08419779067534955,0.36625908442907523
2021-12-06,Turnover-Aware Max Sharpe γ=0.10,0.05268759766338227,0.08411618929940826,0.3886005528261873
2021-12-07,Turnover-Aware Max Sharpe γ=0.10,0.05209019813765581,0.08407128203190208,0.381702257442425
2021-12-08,Turnover-Aware Max Sharpe γ=0.10,0.04475496591510808,0.08412424343872413,0.2942667286290608
2021-12-09,Turnover-Aware Max Sharpe γ=0.10,0.052060878990894954,0.08356168444692214,0.3836791850607059
2021-12-10,Turnover-Aware Max Sharpe γ=0.10,0.051478701257702486,0.08353778702974438,0.37681990841455026
2021-12-13,Turnover-Aware Max Sharpe γ=0.10,0.051367897951871244,0.08353656715015778,0.3754990062673648
2021-12-14,Turnover-Aware Max Sharpe γ=0.10,0.04515223809648217,0.08373572392306097,0.30037643335588565
2021-12-15,Turnover-Aware Max Sharpe γ=0.10,0.046229233118210145,0.0837849006458064,0.31305441572452314
2021-12-16,Turnover-Aware Max Sharpe γ=0.10,0.03946456306372603,0.08395004569123198,0.23185887397032084
2021-12-17,Turnover-Aware Max Sharpe γ=0.10,0.03883211357440808,0.08393681741665292,0.22436058637924744
2021-12-20,Turnover-Aware Max Sharpe γ=0.10,0.035113433463688226,0.08411290899472436,0.179680308817237
2021-12-21,Turnover-Aware Max Sharpe γ=0.10,0.03955500197811235,0.08423372741462774,0.23215168767085204
2021-12-22,Turnover-Aware Max Sharpe γ=0.10,0.044547167781429975,0.08445733433041451,0.29064577962402166
2021-12-23,Turnover-Aware Max Sharpe γ=0.10,0.04759765465308052,0.08439301614434595,0.3270134889583452
2021-12-27,Turnover-Aware Max Sharpe γ=0.10,0.05052873376592815,0.08454411049612062,0.36109829042827274
2021-12-28,Turnover-Aware Max Sharpe γ=0.10,0.044703863507735475,0.08457472461328097,0.2920951102199175
2021-12-29,Turnover-Aware Max Sharpe γ=0.10,0.0397723911446668,0.0846985322061169,0.23344431868724688
2021-12-30,Turnover-Aware Max Sharpe γ=0.10,0.041157017556781694,0.08473556367037668,0.24968285617456898
2021-12-31,Turnover-Aware Max Sharpe γ=0.10,0.038437367171081815,0.08472537592040241,0.21761328257077675
2022-01-03,Turnover-Aware Max Sharpe γ=0.10,0.030800943424000637,0.08516828609309143,0.12681884207690747
2022-01-04,Turnover-Aware Max Sharpe γ=0.10,0.026643474053567928,0.08527400946518367,0.07790737289396926
2022-01-05,Turnover-Aware Max Sharpe γ=0.10,0.027901535342562456,0.08508622527915072,0.09286503563460612
2022-01-06,Turnover-Aware Max Sharpe γ=0.10,0.02285634176070883,0.08506363289250755,0.03357888281491936
2022-01-07,Turnover-Aware Max Sharpe γ=0.10,0.02001559063737668,0.0852007954709484,0.0001829869931436806
2022-01-10,Turnover-Aware Max Sharpe γ=0.10,0.026725369474656313,0.08502850611355722,0.07909546788549303
2022-01-11,Turnover-Aware Max Sharpe γ=0.10,0.035456703211353746,0.08545490296885122,0.1808755574503174
2022-01-12,Turnover-Aware Max Sharpe γ=0.10,0.0303892659493743,0.0852831743717963,0.12182081666052638
2022-01-13,Turnover-Aware Max Sharpe γ=0.10,0.030437448982238102,0.08528041735853752,0.12238975025599118
2022-01-14,Turnover-Aware Max Sharpe γ=0.10,0.027878759525547858,0.08537739403976373,0.0922815648587072
2022-01-18,Turnover-Aware Max Sharpe γ=0.10,0.0073861175158891346,0.08626160918494957,-0.14622823064969745
2022-01-19,Turnover-Aware Max Sharpe γ=0.10,-0.0005086297795855454,0.08578412802894313,-0.2390725446631111
2022-01-20,Turnover-Aware Max Sharpe γ=0.10,-0.0023883215021347493,0.08581039529797387,-0.260904537549233
2022-01-21,Turnover-Aware Max Sharpe γ=0.10,-0.006064338531002855,0.08591078826567647,-0.30338842253896786
2022-01-24,Turnover-Aware Max Sharpe γ=0.10,-0.013182810076214913,0.0856214219223903,-0.38755266300404073
2022-01-25,Turnover-Aware Max Sharpe γ=0.10,-0.019991181507184153,0.08594014672498294,-0.46533759867969426
2022-01-26,Turnover-Aware Max Sharpe γ=0.10,-0.020236076064688358,0.08596247282966815,-0.46806559583755625
2022-01-27,Turnover-Aware Max Sharpe γ=0.10,-0.01858811351311318,0.08596935663508763,-0.44885893094335183
2022-01-28,Turnover-Aware Max Sharpe γ=0.10,-0.0005148115149758992,0.08616523148458896,-0.23808688448362222
2022-01-31,Turnover-Aware Max Sharpe γ=0.10,-0.0002990467955117371,0.08618839530937564,-0.23551948870434058
2022-02-01,Turnover-Aware Max Sharpe γ=0.10,0.0006467423264493455,0.08619806775339003,-0.22452078309829077
2022-02-02,Turnover-Aware Max Sharpe γ=0.10,0.010063254726664805,0.086205720889278,-0.11526781715679726
2022-02-03,Turnover-Aware Max Sharpe γ=0.10,-0.006424613207532182,0.08781534088874457,-0.3009111271458842
2022-02-04,Turnover-Aware Max Sharpe γ=0.10,-0.007071561742594157,0.08782316900063035,-0.30825079589646615
2022-02-07,Turnover-Aware Max Sharpe γ=0.10,-0.013097077815527491,0.08771252101863349,-0.3773358402102753
2022-02-08,Turnover-Aware Max Sharpe γ=0.10,-0.012203650027906354,0.0877260170834204,-0.3670934928834541
2022-02-09,Turnover-Aware Max Sharpe γ=0.10,-0.0063712174996301,0.08809598180337982,-0.29934642829099345
2022-02-10,Turnover-Aware Max Sharpe γ=0.10,-0.019509139008811682,0.08928321306912168,-0.44251475334141843
2022-02-11,Turnover-Aware Max Sharpe γ=0.10,-0.01810840321756657,0.0892421856517414,-0.42702229824671445
2022-02-14,Turnover-Aware Max Sharpe γ=0.10,-0.013050156401953283,0.08886469489082532,-0.3719154884012941
2022-02-15,Turnover-Aware Max Sharpe γ=0.10,-0.00846465851735112,0.08894266875949351,-0.3200337803481175
2022-02-16,Turnover-Aware Max Sharpe γ=0.10,-0.002906799835639462,0.08896676829264812,-0.2574759123574054
2022-02-17,Turnover-Aware Max Sharpe γ=0.10,-0.002459657603961274,0.08893937052348978,-0.2525277329012516
2022-02-18,Turnover-Aware Max Sharpe γ=0.10,0.005059305170646011,0.08857676566160919,-0.16867510026762655
2022-02-22,Turnover-Aware Max Sharpe γ=0.10,0.003980818001794839,0.08860474252239713,-0.18079373114995398
2022-02-23,Turnover-Aware Max Sharpe γ=0.10,-0.008848073650425947,0.08953036357938447,-0.3222155311013234
2022-02-24,Turnover-Aware Max Sharpe γ=0.10,0.023573577754694375,0.08769995983961597,0.04074776956830614
2022-02-25,Turnover-Aware Max Sharpe γ=0.10,0.01904157502652537,0.08730417992448378,-0.010977996406399407
2022-02-28,Turnover-Aware Max Sharpe γ=0.10,0.024561532409749454,0.08777261795781782,0.05196987985412097
2022-03-01,Turnover-Aware Max Sharpe γ=0.10,0.031707705799156605,0.08774406653304437,0.13343017097056345
2022-03-02,Turnover-Aware Max Sharpe γ=0.10,0.03925329920679377,0.08681390084293063,0.2217766857594395
2022-03-03,Turnover-Aware Max Sharpe γ=0.10,0.04913932869915438,0.08627679401024317,0.3377423678456901
2022-03-04,Turnover-Aware Max Sharpe γ=0.10,0.049001457769835,0.0862698276638388,0.3361715046289743
2022-03-07,Turnover-Aware Max Sharpe γ=0.10,0.04999799749973621,0.08613042975408113,0.3482857055907679
2022-03-08,Turnover-Aware Max Sharpe γ=0.10,0.029662525594365663,0.08388804959803052,0.11518357669138744
2022-03-09,Turnover-Aware Max Sharpe γ=0.10,0.03112847825331122,0.08391466559695317,0.13261660728962352
2022-03-10,Turnover-Aware Max Sharpe γ=0.10,0.018851853840299082,0.0841072614327249,-0.01365097543473448
2022-03-11,Turnover-Aware Max Sharpe γ=0.10,0.022108176842073002,0.08376164734024678,0.025168760512904093
2022-03-14,Turnover-Aware Max Sharpe γ=0.10,-0.0012962095874697876,0.08535316370937496,-0.2495069738713232
2022-03-15,Turnover-Aware Max Sharpe γ=0.10,0.00434308477688039,0.08557201428974318,-0.18296770682650948
2022-03-16,Turnover-Aware Max Sharpe γ=0.10,0.02016594794566129,0.08690196904168741,0.0019095993737688753
2022-03-17,Turnover-Aware Max Sharpe γ=0.10,0.0384970432464411,0.0856697779837731,0.2159109511167948
2022-03-18,Turnover-Aware Max Sharpe γ=0.10,0.043855837276771226,0.0860053797039932,0.27737610552824066
2022-03-21,Turnover-Aware Max Sharpe γ=0.10,0.026076846659838893,0.08583560580208832,0.07079633915382755
2022-03-22,Turnover-Aware Max Sharpe γ=0.10,0.02506790317135077,0.08582216940264631,0.0590512126018863
2022-03-23,Turnover-Aware Max Sharpe γ=0.10,0.03246194139958791,0.08587528843911085,0.14511673411640352
2022-03-24,Turnover-Aware Max Sharpe γ=0.10,0.04193475603163699,0.08597612704998756,0.255126123777172
2022-03-25,Turnover-Aware Max Sharpe γ=0.10,0.032293308937375365,0.08618208936168535,0.14264343123294823
2022-03-28,Turnover-Aware Max Sharpe γ=0.10,0.041389007555359125,0.08610603184006453,0.2484031269155173
2022-03-29,Turnover-Aware Max Sharpe γ=0.10,0.052649797409878296,0.08648939813602631,0.37750057363710965
2022-03-30,Turnover-Aware Max Sharpe γ=0.10,0.04882761429840721,0.08639176349612016,0.3336847534047832
2022-03-31,Turnover-Aware Max Sharpe γ=0.10,0.03245900593776585,0.08557678195952291,0.14558862406930484
2022-04-01,Turnover-Aware Max Sharpe γ=0.10,0.02611274836327948,0.08549788996668746,0.07149589733338671
2022-04-04,Turnover-Aware Max Sharpe γ=0.10,0.0291075625174253,0.0856782100857258,0.10629963567530973
2022-04-05,Turnover-Aware Max Sharpe γ=0.10,0.014525721927579172,0.08712569595907803,-0.06283195803672015
2022-04-06,Turnover-Aware Max Sharpe γ=0.10,-0.0021196702315260385,0.08724763946395991,-0.25352743486731455
2022-04-07,Turnover-Aware Max Sharpe γ=0.10,-0.0010795172271587106,0.08724655681444488,-0.24160858602122742
2022-04-08,Turnover-Aware Max Sharpe γ=0.10,-0.005110628886048629,0.08740392854563973,-0.28729405306921196
2022-04-11,Turnover-Aware Max Sharpe γ=0.10,-0.023617171880287446,0.08778496310230621,-0.49686381743368957
2022-04-12,Turnover-Aware Max Sharpe γ=0.10,-0.017647984973003905,0.08763041476241373,-0.42962235286773753
2022-04-13,Turnover-Aware Max Sharpe γ=0.10,-0.02119174484368691,0.08716225922540484,-0.47258693395226864
2022-04-14,Turnover-Aware Max Sharpe γ=0.10,-0.03348681523416874,0.0882964390846012,-0.6057641258094267
2022-04-18,Turnover-Aware Max Sharpe γ=0.10,-0.0294749510140081,0.08819748861780542,-0.5609564602049228
2022-04-19,Turnover-Aware Max Sharpe γ=0.10,-0.028077216197055943,0.08821204614199808,-0.5450187168276805
2022-04-20,Turnover-Aware Max Sharpe γ=0.10,-0.030495621413364704,0.08811174140127762,-0.5730861813682475
2022-04-21,Turnover-Aware Max Sharpe γ=0.10,-0.03790490401543389,0.0887066219574795,-0.6527686742844289
2022-04-22,Turnover-Aware Max Sharpe γ=0.10,-0.054631555408744426,0.0898607192401652,-0.8305247948136413
2022-04-25,Turnover-Aware Max Sharpe γ=0.10,-0.05451158098375619,0.08986344636366703,-0.8291645157054894
2022-04-26,Turnover-Aware Max Sharpe γ=0.10,-0.06002448353068868,0.09036267877238917,-0.8855922004288856
2022-04-27,Turnover-Aware Max Sharpe γ=0.10,-0.06525811840679441,0.09052717377326658,-0.9417958702690864
2022-04-28,Turnover-Aware Max Sharpe γ=0.10,-0.05079329507430952,0.09178758683764311,-0.7712730829227598
2022-04-29,Turnover-Aware Max Sharpe γ=0.10,-0.06860585165355482,0.09397800310578265,-0.9428360757337982
2022-05-02,Turnover-Aware Max Sharpe γ=0.10,-0.07332059693014159,0.09406789720553956,-0.9920557352976106
2022-05-03,Turnover-Aware Max Sharpe γ=0.10,-0.06643017414401697,0.09404673849076367,-0.9190129879145706
2022-05-04,Turnover-Aware Max Sharpe γ=0.10,-0.050087425171976174,0.09575512117797942,-0.7319444047457799
2022-05-05,Turnover-Aware Max Sharpe γ=0.10,-0.07985932700005938,0.0991998799068976,-1.0066476601965717
2022-05-06,Turnover-Aware Max Sharpe γ=0.10,-0.08895647617260927,0.09941544798411388,-1.095971283960014
2022-05-09,Turnover-Aware Max Sharpe γ=0.10,-0.09427290222010332,0.1001895054974962,-1.1405675839268323
2022-05-10,Turnover-Aware Max Sharpe γ=0.10,-0.08862188339551924,0.10024481032360387,-1.083566152151648
2022-05-11,Turnover-Aware Max Sharpe γ=0.10,-0.07888724921929757,0.09938848771825996,-0.9949567750705367
2022-05-12,Turnover-Aware Max Sharpe γ=0.10,-0.08814668597966535,0.09940804789784685,-1.0879067466529315
2022-05-13,Turnover-Aware Max Sharpe γ=0.10,-0.09171548182492506,0.09902503018543674,-1.128153979006357
2022-05-16,Turnover-Aware Max Sharpe γ=0.10,-0.09126019285382703,0.09902100050294964,-1.1236019863333213
2022-05-17,Turnover-Aware Max Sharpe γ=0.10,-0.08466950309762966,0.09911369966996109,-1.0560548485846948
2022-05-18,Turnover-Aware Max Sharpe γ=0.10,-0.09554503935376524,0.09992447110838379,-1.1563237520510716
2022-05-19,Turnover-Aware Max Sharpe γ=0.10,-0.10175503792894358,0.0994426345264095,-1.224374620692581
2022-05-20,Turnover-Aware Max Sharpe γ=0.10,-0.09913371834083329,0.09947748048758613,-1.197594850180188
2022-05-23,Turnover-Aware Max Sharpe γ=0.10,-0.10160832665918762,0.09931624918220307,-1.2244554910253214
2022-05-24,Turnover-Aware Max Sharpe γ=0.10,-0.10571900425660019,0.09917737215445187,-1.2676178197261996
2022-05-25,Turnover-Aware Max Sharpe γ=0.10,-0.10204553344417922,0.09928736627580244,-1.229215136044184
2022-05-26,Turnover-Aware Max Sharpe γ=0.10,-0.09194972908386123,0.09967117121498284,-1.123190665055942
2022-05-27,Turnover-Aware Max Sharpe γ=0.10,-0.08106906584871743,0.10054959802615795,-1.0051662844283509
2022-05-31,Turnover-Aware Max Sharpe γ=0.10,-0.08866795474684808,0.10099634655724585,-1.0759592643804583
2022-06-01,Turnover-Aware Max Sharpe γ=0.10,-0.09309391068700235,0.10098220717497218,-1.1199389857962223
2022-06-02,Turnover-Aware Max Sharpe γ=0.10,-0.0707586478243345,0.10194343953141127,-0.8902843404294745
2022-06-03,Turnover-Aware Max Sharpe γ=0.10,-0.09479603667562242,0.10223159140596763,-1.1229017869805102
2022-06-06,Turnover-Aware Max Sharpe γ=0.10,-0.09788242512237721,0.10224765148997911,-1.1529108336921599
2022-06-07,Turnover-Aware Max Sharpe γ=0.10,-0.09221405152452822,0.10257563877656123,-1.093963955408186
2022-06-08,Turnover-Aware Max Sharpe γ=0.10,-0.09978925308756503,0.10269107224086751,-1.1665011424419915
2022-06-09,Turnover-Aware Max Sharpe γ=0.10,-0.11734666549879536,0.10328931896433206,-1.3297276705466903
2022-06-10,Turnover-Aware Max Sharpe γ=0.10,-0.1276270881842574,0.10413791652619657,-1.4176113092018776
2022-06-13,Turnover-Aware Max Sharpe γ=0.10,-0.15721505160413007,0.10958939346307976,-1.6170821464016325
2022-06-14,Turnover-Aware Max Sharpe γ=0.10,-0.1586734889488739,0.10963851839478239,-1.6296598272653857
2022-06-15,Turnover-Aware Max Sharpe γ=0.10,-0.13807022982405992,0.11098336451430466,-1.4242695787411115
2022-06-16,Turnover-Aware Max Sharpe γ=0.10,-0.1514420208144237,0.11174655597934718,-1.5342040684109257
2022-06-17,Turnover-Aware Max Sharpe γ=0.10,-0.15141399649015763,0.11174733985817488,-1.5339425234435935
2022-06-21,Turnover-Aware Max Sharpe γ=0.10,-0.14381434909205426,0.11215638537336714,-1.4605886998472573
2022-06-22,Turnover-Aware Max Sharpe γ=0.10,-0.14230508608759962,0.11222702431699177,-1.4462210601713847
2022-06-23,Turnover-Aware Max Sharpe γ=0.10,-0.1361867865749774,0.11242025391490292,-1.3893118111368417
2022-06-24,Turnover-Aware Max Sharpe γ=0.10,-0.12557017947081994,0.11337219859163629,-1.2840024386856952
2022-06-27,Turnover-Aware Max Sharpe γ=0.10,-0.12765136751665096,0.11343700890140201,-1.30161548639728
2022-06-28,Turnover-Aware Max Sharpe γ=0.10,-0.144681137340122,0.11389493289585453,-1.4459039849534512
2022-06-29,Turnover-Aware Max Sharpe γ=0.10,-0.14215303185570483,0.11393502975296137,-1.423206122009111
2022-06-30,Turnover-Aware Max Sharpe γ=0.10,-0.14843035036184338,0.11401330806379811,-1.4772867590825034
2022-07-01,Turnover-Aware Max Sharpe γ=0.10,-0.14383894032061117,0.11419597227862492,-1.4347173289164976
2022-07-05,Turnover-Aware Max Sharpe γ=0.10,-0.1496488774271566,0.11394133337123293,-1.488914272000158
2022-07-06,Turnover-Aware Max Sharpe γ=0.10,-0.1585802085785032,0.11378554579973003,-1.5694454627199834
2022-07-07,Turnover-Aware Max Sharpe γ=0.10,-0.1547060790442628,0.11407408917322169,-1.531514126568842
2022-07-08,Turnover-Aware Max Sharpe γ=0.10,-0.15542818899510424,0.1140748514271489,-1.5378340344114945
2022-07-11,Turnover-Aware Max Sharpe γ=0.10,-0.16084137916477848,0.11433334527333709,-1.5817028595851927
2022-07-12,Turnover-Aware Max Sharpe γ=0.10,-0.16573794504493444,0.1144219607204126,-1.6232718254040481
2022-07-13,Turnover-Aware Max Sharpe γ=0.10,-0.16295428035933013,0.11442237547085189,-1.5989379665163141
2022-07-14,Turnover-Aware Max Sharpe γ=0.10,-0.17222520848769762,0.11428604575138072,-1.681965696020901
2022-07-15,Turnover-Aware Max Sharpe γ=0.10,-0.1652411564234756,0.11476722975668374,-1.614059665082119
2022-07-18,Turnover-Aware Max Sharpe γ=0.10,-0.16578915530858307,0.11479188419162839,-1.6184868522450162
2022-07-19,Turnover-Aware Max Sharpe γ=0.10,-0.1572801649330806,0.11576034401200104,-1.531441241352062
2022-07-20,Turnover-Aware Max Sharpe γ=0.10,-0.15494377434712492,0.11582822649469962,-1.5103725546132787
2022-07-21,Turnover-Aware Max Sharpe γ=0.10,-0.14122908437388526,0.11664875415855855,-1.3821757937914148
2022-07-22,Turnover-Aware Max Sharpe γ=0.10,-0.14915972939206823,0.11656672099326312,-1.451183733664814
2022-07-25,Turnover-Aware Max Sharpe γ=0.10,-0.15293799177900302,0.11658877840618351,-1.4833159257960877
2022-07-26,Turnover-Aware Max Sharpe γ=0.10,-0.15957352114690682,0.11687889148087377,-1.5364067786037523
2022-07-27,Turnover-Aware Max Sharpe γ=0.10,-0.14212690218445634,0.11892856348394829,-1.3632292986229375
2022-07-28,Turnover-Aware Max Sharpe γ=0.10,-0.13474370456634766,0.1194538960714101,-1.2954261824481734
2022-07-29,Turnover-Aware Max Sharpe γ=0.10,-0.1269788903517589,0.11986731705768223,-1.226179862531086
2022-08-01,Turnover-Aware Max Sharpe γ=0.10,-0.12291188693686095,0.1199321914174945,-1.1916057336046841
2022-08-02,Turnover-Aware Max Sharpe γ=0.10,-0.13187018385316662,0.12006731967524023,-1.264875273837604
2022-08-03,Turnover-Aware Max Sharpe γ=0.10,-0.12114195606376765,0.12095198699056624,-1.1669254848601713
2022-08-04,Turnover-Aware Max Sharpe γ=0.10,-0.11610431844964741,0.12115107315387566,-1.123426436980706
2022-08-05,Turnover-Aware Max Sharpe γ=0.10,-0.1236299247746897,0.12148836488584948,-1.1822525137254456
2022-08-08,Turnover-Aware Max Sharpe γ=0.10,-0.11075837921632214,0.1210606992630193,-1.0801059304327445
2022-08-09,Turnover-Aware Max Sharpe γ=0.10,-0.11062158344207029,0.1210561000980962,-1.0790169461615138
2022-08-10,Turnover-Aware Max Sharpe γ=0.10,-0.097292384132048,0.12165393504200171,-0.9641478846660582
2022-08-11,Turnover-Aware Max Sharpe γ=0.10,-0.10393079876194178,0.12171851337344432,-1.018175422350994
2022-08-12,Turnover-Aware Max Sharpe γ=0.10,-0.0920510967564272,0.12253374172564478,-0.9144509518636229
2022-08-15,Turnover-Aware Max Sharpe γ=0.10,-0.10027641352932137,0.12218682109951089,-0.9843648639599712
2022-08-16,Turnover-Aware Max Sharpe γ=0.10,-0.10272630247912773,0.12215837019112967,-1.0046491475541912
2022-08-17,Turnover-Aware Max Sharpe γ=0.10,-0.10751329104028085,0.12239444962841424,-1.0418224962603062
2022-08-18,Turnover-Aware Max Sharpe γ=0.10,-0.1047706804645756,0.12238879857080871,-1.0194616004208004
2022-08-19,Turnover-Aware Max Sharpe γ=0.10,-0.11944142460629303,0.12301005025592858,-1.1335774948158963
2022-08-22,Turnover-Aware Max Sharpe γ=0.10,-0.13559370895177913,0.1238509542358022,-1.2562980229893206
2022-08-23,Turnover-Aware Max Sharpe γ=0.10,-0.14080557636888713,0.12364446597392247,-1.3005481086618322
2022-08-24,Turnover-Aware Max Sharpe γ=0.10,-0.13803176530580952,0.12365791188842105,-1.2779753668200757
2022-08-25,Turnover-Aware Max Sharpe γ=0.10,-0.12492548549042859,0.1241732192956129,-1.1671235256083021
2022-08-26,Turnover-Aware Max Sharpe γ=0.10,-0.1442274156785297,0.12621808711911037,-1.3011401093691939
2022-08-29,Turnover-Aware Max Sharpe γ=0.10,-0.1557941133779438,0.12600845379788114,-1.3950977738360266
2022-08-30,Turnover-Aware Max Sharpe γ=0.10,-0.16569566132088875,0.1261598534324074,-1.4719077128634968
2022-08-31,Turnover-Aware Max Sharpe γ=0.10,-0.16996329973582902,0.12631245082796033,-1.503915872826838
2022-09-01,Turnover-Aware Max Sharpe γ=0.10,-0.1727934392262962,0.12631247743054402,-1.5263214145436133
2022-09-02,Turnover-Aware Max Sharpe γ=0.10,-0.1770404530658548,0.12636057283438773,-1.5593507424511475
2022-09-06,Turnover-Aware Max Sharpe γ=0.10,-0.18228596567763,0.12647120100694909,-1.5994626766177005
2022-09-07,Turnover-Aware Max Sharpe γ=0.10,-0.16440198912463022,0.12738698161275228,-1.4475732668287853
2022-09-08,Turnover-Aware Max Sharpe γ=0.10,-0.1637268599284527,0.1273988988049581,-1.4421385243661338
2022-09-09,Turnover-Aware Max Sharpe γ=0.10,-0.1554221373930207,0.1280961966038359,-1.3694562527531562
2022-09-12,Turnover-Aware Max Sharpe γ=0.10,-0.14317012813432073,0.1282961577413788,-1.2718239657904746
2022-09-13,Turnover-Aware Max Sharpe γ=0.10,-0.17459258621791474,0.13271495769388114,-1.4662445710660574
2022-09-14,Turnover-Aware Max Sharpe γ=0.10,-0.175922540899889,0.13266562655855244,-1.4768146503526889
2022-09-15,Turnover-Aware Max Sharpe γ=0.10,-0.18767754345635046,0.13336933573158882,-1.5571611144132105
2022-09-16,Turnover-Aware Max Sharpe γ=0.10,-0.1849841747288108,0.1332809542938433,-1.5379854969891953
2022-09-19,Turnover-Aware Max Sharpe γ=0.10,-0.17632634709497041,0.1333064478109187,-1.4727445695157888
2022-09-20,Turnover-Aware Max Sharpe γ=0.10,-0.18269927757749438,0.13352205486724414,-1.5180958514983198
2022-09-21,Turnover-Aware Max Sharpe γ=0.10,-0.1912444127320988,0.13377318814902828,-1.579123706738339
2022-09-22,Turnover-Aware Max Sharpe γ=0.10,-0.20065646734171583,0.1338939489048448,-1.6479943204791956
2022-09-23,Turnover-Aware Max Sharpe γ=0.10,-0.20747359231717521,0.13455186136346084,-1.6906016015839997
2022-09-26,Turnover-Aware Max Sharpe γ=0.10,-0.2125032024589424,0.13479895222737595,-1.7248146118136067
2022-09-27,Turnover-Aware Max Sharpe γ=0.10,-0.21007814937862734,0.13477313545919656,-1.7071514185279528
2022-09-28,Turnover-Aware Max Sharpe γ=0.10,-0.18180711036308173,0.1357536075733839,-1.4865690420344189
2022-09-29,Turnover-Aware Max Sharpe γ=0.10,-0.19421956126118967,0.13658501248244512,-1.5683972741059176
2022-09-30,Turnover-Aware Max Sharpe γ=0.10,-0.204420920880781,0.13685273437896797,-1.639871661309464
2022-10-03,Turnover-Aware Max Sharpe γ=0.10,-0.18982792620953892,0.1389144683430921,-1.5104828799495829
2022-10-04,Turnover-Aware Max Sharpe γ=0.10,-0.1651731349997546,0.1410033822315331,-1.3132531437841188
2022-10-05,Turnover-Aware Max Sharpe γ=0.10,-0.16809733685186679,0.14102802296715436,-1.3337585885017684
2022-10-06,Turnover-Aware Max Sharpe γ=0.10,-0.1764207562085306,0.141072036636234,-1.3923436627984458
2022-10-07,Turnover-Aware Max Sharpe γ=0.10,-0.19485123075539978,0.14298970803561012,-1.5025643013544254
2022-10-10,Turnover-Aware Max Sharpe γ=0.10,-0.2004022735470773,0.14328672251337293,-1.5381904874438534
2022-10-11,Turnover-Aware Max Sharpe γ=0.10,-0.2024324837029292,0.14336318152136943,-1.5515314416328985
2022-10-12,Turnover-Aware Max Sharpe γ=0.10,-0.2057482628726489,0.1432558303140761,-1.5758399667065224
2022-10-13,Turnover-Aware Max Sharpe γ=0.10,-0.20207630880019645,0.1436340078703658,-1.5461262419177726
2022-10-14,Turnover-Aware Max Sharpe γ=0.10,-0.22425100865618108,0.14474173619553107,-1.6874953629561504
2022-10-17,Turnover-Aware Max Sharpe γ=0.10,-0.20625815232918665,0.14611228743701624,-1.5485224158626523
2022-10-18,Turnover-Aware Max Sharpe γ=0.10,-0.20317830309424167,0.14627026860649,-1.5257940333360354
2022-10-19,Turnover-Aware Max Sharpe γ=0.10,-0.20891916601327165,0.14646527329155426,-1.562958651349282
2022-10-20,Turnover-Aware Max Sharpe γ=0.10,-0.21291370467239956,0.14653295885510664,-1.5894970421139665
2022-10-21,Turnover-Aware Max Sharpe γ=0.10,-0.19740322280839906,0.14805331524611715,-1.468411716731893
2022-10-24,Turnover-Aware Max Sharpe γ=0.10,-0.1940690365140464,0.14818659886581223,-1.4445910639186261
2022-10-25,Turnover-Aware Max Sharpe γ=0.10,-0.18694855378384412,0.1487621508970437,-1.3911371443336447
2022-10-26,Turnover-Aware Max Sharpe γ=0.10,-0.19357989040768586,0.14885009251307446,-1.4348656880339241
2022-10-27,Turnover-Aware Max Sharpe γ=0.10,-0.20460469966672878,0.14877987048210026,-1.509644409145732
2022-10-28,Turnover-Aware Max Sharpe γ=0.10,-0.195391534620863,0.1494328956846162,-1.4413930321972412
2022-10-31,Turnover-Aware Max Sharpe γ=0.10,-0.20269860347202406,0.14961984528491182,-1.4884295799661662
2022-11-01,Turnover-Aware Max Sharpe γ=0.10,-0.20359202277774735,0.14961807236879307,-1.4944185500974516
2022-11-02,Turnover-Aware Max Sharpe γ=0.10,-0.22428718665197833,0.15123232066473732,-1.6153107059272847
2022-11-03,Turnover-Aware Max Sharpe γ=0.10,-0.2315143478997933,0.1515488021712904,-1.659626102590473
2022-11-04,Turnover-Aware Max Sharpe γ=0.10,-0.2239311678148287,0.1525815837153062,-1.5986933801261807
2022-11-07,Turnover-Aware Max Sharpe γ=0.10,-0.22555619525211157,0.1524781135481316,-1.6104356850834118
2022-11-08,Turnover-Aware Max Sharpe γ=0.10,-0.2159081101684005,0.15292769668491937,-1.5426120662396927
2022-11-09,Turnover-Aware Max Sharpe γ=0.10,-0.23200659780180743,0.15374984191637725,-1.6390689880440392
2022-11-10,Turnover-Aware Max Sharpe γ=0.10,-0.18232709335097763,0.16299237598315988,-1.241328572152858
2022-11-11,Turnover-Aware Max Sharpe γ=0.10,-0.17337189315264856,0.1634290607976741,-1.1832160829220195
2022-11-14,Turnover-Aware Max Sharpe γ=0.10,-0.1805055278117611,0.1634605256901753,-1.226629652420189
2022-11-15,Turnover-Aware Max Sharpe γ=0.10,-0.16909399839473682,0.16371802410751127,-1.1549980487827138
2022-11-16,Turnover-Aware Max Sharpe γ=0.10,-0.17664568518581547,0.1639178468532873,-1.1996600062824203
2022-11-17,Turnover-Aware Max Sharpe γ=0.10,-0.18416301662936518,0.1638822632807311,-1.2457908045828787
2022-11-18,Turnover-Aware Max Sharpe γ=0.10,-0.18730623665504775,0.16381954194205336,-1.2654548669680483
2022-11-21,Turnover-Aware Max Sharpe γ=0.10,-0.19574579093535294,0.16384335918995843,-1.3167808082182892
2022-11-22,Turnover-Aware Max Sharpe γ=0.10,-0.17819953059130345,0.16381237814031321,-1.2099179124396569
2022-11-23,Turnover-Aware Max Sharpe γ=0.10,-0.1662241134911847,0.16385632745940787,-1.1365085277974267
2022-11-25,Turnover-Aware Max Sharpe γ=0.10,-0.17234631910913767,0.1637294359437356,-1.1747815412693172
2022-11-28,Turnover-Aware Max Sharpe γ=0.10,-0.18691743159788143,0.16416289772037246,-1.2604396880855202
2022-11-29,Turnover-Aware Max Sharpe γ=0.10,-0.19076267388229906,0.16410082189178712,-1.2843486793824965
2022-11-30,Turnover-Aware Max Sharpe γ=0.10,-0.16680497575046915,0.16690735128480066,-1.1192135895303759
2022-12-01,Turnover-Aware Max Sharpe γ=0.10,-0.16014267890093625,0.16700851838159866,-1.0786436563033706
2022-12-02,Turnover-Aware Max Sharpe γ=0.10,-0.16284771186871583,0.16700345433260255,-1.0948738311996709
2022-12-05,Turnover-Aware Max Sharpe γ=0.10,-0.1787263579957189,0.16793153081371828,-1.1833772790183188
2022-12-06,Turnover-Aware Max Sharpe γ=0.10,-0.1856744463358062,0.1682484884272331,-1.2224445417514682
2022-12-07,Turnover-Aware Max Sharpe γ=0.10,-0.19039134666490076,0.16809646620381513,-1.251610765034189
2022-12-08,Turnover-Aware Max Sharpe γ=0.10,-0.18160770296241124,0.16824062677807855,-1.198329480954361
2022-12-09,Turnover-Aware Max Sharpe γ=0.10,-0.18258868466203626,0.1682618708923975,-1.2040082734584032
2022-12-12,Turnover-Aware Max Sharpe γ=0.10,-0.17992305255544272,0.168376827350604,-1.1873549092307776
2022-12-13,Turnover-Aware Max Sharpe γ=0.10,-0.17146399474917118,0.16880703621641535,-1.1342180932772787
2022-12-14,Turnover-Aware Max Sharpe γ=0.10,-0.1714362514169263,0.1688060747234629,-1.1340602032867362
2022-12-15,Turnover-Aware Max Sharpe γ=0.10,-0.19576304382006926,0.17043420732698022,-1.265960907754422
2022-12-16,Turnover-Aware Max Sharpe γ=0.10,-0.19523569966949073,0.17041862193931617,-1.2629822798715817
2022-12-19,Turnover-Aware Max Sharpe γ=0.10,-0.2037792614661641,0.17059498274057866,-1.3117575785125053
2022-12-20,Turnover-Aware Max Sharpe γ=0.10,-0.19461908829728158,0.17064809414397758,-1.2576705844496874
2022-12-21,Turnover-Aware Max Sharpe γ=0.10,-0.19029138209619822,0.17090691838455918,-1.2304439403852552
2022-12-22,Turnover-Aware Max Sharpe γ=0.10,-0.20882724485445325,0.1714753889340868,-1.3344611508209605
2022-12-23,Turnover-Aware Max Sharpe γ=0.10,-0.20569009757842105,0.17153656494029665,-1.31569673006436
2022-12-27,Turnover-Aware Max Sharpe γ=0.10,-0.2133500430415446,0.17141389106974753,-1.3613251620698321
2022-12-28,Turnover-Aware Max Sharpe γ=0.10,-0.21930696992455778,0.17167503518681443,-1.3939532306729816
2022-12-29,Turnover-Aware Max Sharpe γ=0.10,-0.20259030336246764,0.1725638818700316,-1.2899008816347444
2022-12-30,Turnover-Aware Max Sharpe γ=0.10,-0.20499714807793845,0.17251962140160326,-1.3041829459744425
2023-01-03,Turnover-Aware Max Sharpe γ=0.10,-0.20541046275226604,0.1725202812801541,-1.3065737029852396
2023-01-04,Turnover-Aware Max Sharpe γ=0.10,-0.1922339006332051,0.17256000082732853,-1.2299136509947985
2023-01-05,Turnover-Aware Max Sharpe γ=0.10,-0.19938105610231627,0.17295509039836593,-1.2684278652742618
2023-01-06,Turnover-Aware Max Sharpe γ=0.10,-0.1706218626811169,0.17419308676920778,-1.094313593131718
2023-01-09,Turnover-Aware Max Sharpe γ=0.10,-0.1668215339609146,0.1742194693665345,-1.0723344218657158
2023-01-10,Turnover-Aware Max Sharpe γ=0.10,-0.15617337690082622,0.1743299136364576,-1.010574566498168
2023-01-11,Turnover-Aware Max Sharpe γ=0.10,-0.14868877083186494,0.17464572165591777,-0.9658912295842605
2023-01-12,Turnover-Aware Max Sharpe γ=0.10,-0.1493480637855643,0.1746060461981291,-0.9698865959853505
2023-01-13,Turnover-Aware Max Sharpe γ=0.10,-0.14353718325531617,0.1747881378669756,-0.9356309029379207
2023-01-17,Turnover-Aware Max Sharpe γ=0.10,-0.14108524066175387,0.1747406236445279,-0.9218534150905118
2023-01-18,Turnover-Aware Max Sharpe γ=0.10,-0.1468467049305059,0.17501739817451448,-0.9533149656592347
2023-01-19,Turnover-Aware Max Sharpe γ=0.10,-0.1361318910915117,0.17452095311760274,-0.8946312079002949
2023-01-20,Turnover-Aware Max Sharpe γ=0.10,-0.12474371925993177,0.17515314342631208,-0.8263837943669351
2023-01-23,Turnover-Aware Max Sharpe γ=0.10,-0.1122920839309881,0.17559303840587082,-0.7534016446893774
2023-01-24,Turnover-Aware Max Sharpe γ=0.10,-0.10862619773051718,0.17555270585684468,-0.7326927665552819
2023-01-25,Turnover-Aware Max Sharpe γ=0.10,-0.10745960873861438,0.17555902634230733,-0.7260213923156075
2023-01-26,Turnover-Aware Max Sharpe γ=0.10,-0.09444704551214678,0.17557127362935088,-0.6518551876188831
2023-01-27,Turnover-Aware Max Sharpe γ=0.10,-0.08377104043154437,0.1754548614523448,-0.5914400978836918
2023-01-30,Turnover-Aware Max Sharpe γ=0.10,-0.09577866367059984,0.175838812929011,-0.6584363357670163
2023-01-31,Turnover-Aware Max Sharpe γ=0.10,-0.09363138991874531,0.17599706414137856,-0.6456436672572284
2023-02-01,Turnover-Aware Max Sharpe γ=0.10,-0.08850824432630178,0.1764007702275095,-0.6151234157671498
2023-02-02,Turnover-Aware Max Sharpe γ=0.10,-0.07985015190184774,0.1767474047713292,-0.5649313608368455
2023-02-03,Turnover-Aware Max Sharpe γ=0.10,-0.09950990379192914,0.17743303068306782,-0.673549357365138
2023-02-06,Turnover-Aware Max Sharpe γ=0.10,-0.08898732738702386,0.1767418827617594,-0.6166468619887578
2023-02-07,Turnover-Aware Max Sharpe γ=0.10,-0.07754159565453478,0.1771097539905243,-0.5507409583989001
2023-02-08,Turnover-Aware Max Sharpe γ=0.10,-0.08479277055326973,0.17733817797847248,-0.5909205324416426
2023-02-09,Turnover-Aware Max Sharpe γ=0.10,-0.09465338381944977,0.17754374316578364,-0.6457754115975283
2023-02-10,Turnover-Aware Max Sharpe γ=0.10,-0.10265036836478736,0.1773266666993545,-0.6916634178475415
2023-02-13,Turnover-Aware Max Sharpe γ=0.10,-0.08208116085266448,0.17694717272381966,-0.576901904004951
2023-02-14,Turnover-Aware Max Sharpe γ=0.10,-0.0782481773738749,0.17695767507852342,-0.5552072117260703
2023-02-15,Turnover-Aware Max Sharpe γ=0.10,-0.0732965457923993,0.1769234238860742,-0.5273272681658902
2023-02-16,Turnover-Aware Max Sharpe γ=0.10,-0.08690776263368338,0.1772010506659193,-0.6033133676799622
2023-02-17,Turnover-Aware Max Sharpe γ=0.10,-0.09133656469399087,0.1771722033887536,-0.6284087603160565
2023-02-21,Turnover-Aware Max Sharpe γ=0.10,-0.10227709433590759,0.17790796127429812,-0.6873053541846901
2023-02-22,Turnover-Aware Max Sharpe γ=0.10,-0.10324435321497583,0.17791220697686827,-0.6927256724492197
2023-02-23,Turnover-Aware Max Sharpe γ=0.10,-0.0964308768322667,0.17796933654371205,-0.6542187496646056
2023-02-24,Turnover-Aware Max Sharpe γ=0.10,-0.09506896295694578,0.1778708594918328,-0.6469241970589867
2023-02-27,Turnover-Aware Max Sharpe γ=0.10,-0.1007194802157444,0.1775783921006505,-0.6798095127887026
2023-02-28,Turnover-Aware Max Sharpe γ=0.10,-0.10581734936218834,0.17747858491800345,-0.7089156667567356
2023-03-01,Turnover-Aware Max Sharpe γ=0.10,-0.11646367840467575,0.17715732830875264,-0.7702965477490418
2023-03-02,Turnover-Aware Max Sharpe γ=0.10,-0.1150207946510049,0.17719897502926005,-0.7619727745530669
2023-03-03,Turnover-Aware Max Sharpe γ=0.10,-0.09443557212747944,0.17778094061255661,-0.6436886413874496
2023-03-06,Turnover-Aware Max Sharpe γ=0.10,-0.09661926361501472,0.17779299788502384,-0.6559272018711936
2023-03-07,Turnover-Aware Max Sharpe γ=0.10,-0.11402317630886227,0.17829791347321058,-0.7516811256964
2023-03-08,Turnover-Aware Max Sharpe γ=0.10,-0.1014826336439899,0.17792681921912365,-0.6827674106531373
2023-03-09,Turnover-Aware Max Sharpe γ=0.10,-0.11089003328317348,0.17821851373010694,-0.7344356685714064
2023-03-10,Turnover-Aware Max Sharpe γ=0.10,-0.11742010438029127,0.178254044701111,-0.7709227838880829
2023-03-13,Turnover-Aware Max Sharpe γ=0.10,-0.10473457551725474,0.1782799763304476,-0.699655553498926
2023-03-14,Turnover-Aware Max Sharpe γ=0.10,-0.08720898066225469,0.1785632024794989,-0.600397949709507
2023-03-15,Turnover-Aware Max Sharpe γ=0.10,-0.0707958644347878,0.17774853899741075,-0.5108107495393277
2023-03-16,Turnover-Aware Max Sharpe γ=0.10,-0.06248406232877479,0.17829944576193799,-0.46261536022330624
2023-03-17,Turnover-Aware Max Sharpe γ=0.10,-0.07548633831275042,0.17763444702878542,-0.5375440400772998
2023-03-20,Turnover-Aware Max Sharpe γ=0.10,-0.0733109382123589,0.1776934576425372,-0.5251230937273498
2023-03-21,Turnover-Aware Max Sharpe γ=0.10,-0.07689505524113183,0.177547892946908,-0.545740383807913
2023-03-22,Turnover-Aware Max Sharpe γ=0.10,-0.07626389700054415,0.17752099885512843,-0.5422676619744762
2023-03-23,Turnover-Aware Max Sharpe γ=0.10,-0.06989718517106003,0.17769553106503055,-0.5059057176748059
2023-03-24,Turnover-Aware Max Sharpe γ=0.10,-0.0733730399322271,0.17763803248580065,-0.5256365352937064
2023-03-27,Turnover-Aware Max Sharpe γ=0.10,-0.08151325884909155,0.17756235460464645,-0.5717048474329882
2023-03-28,Turnover-Aware Max Sharpe γ=0.10,-0.07556977479750004,0.17745665821015405,-0.538552769794194
2023-03-29,Turnover-Aware Max Sharpe γ=0.10,-0.07033834930492344,0.17767751253582859,-0.508439970909131
2023-03-30,Turnover-Aware Max Sharpe γ=0.10,-0.0716975992338229,0.1776096791430755,-0.5162871735157794
2023-03-31,Turnover-Aware Max Sharpe γ=0.10,-0.06353499233696047,0.17787349765703428,-0.46963147088965423
2023-04-03,Turnover-Aware Max Sharpe γ=0.10,-0.05796227214234184,0.1778681683086759,-0.43831492100961306
2023-04-04,Turnover-Aware Max Sharpe γ=0.10,-0.055101574337660275,0.17786500687511003,-0.4222391782234811
2023-04-05,Turnover-Aware Max Sharpe γ=0.10,-0.06617708788770371,0.17779043972924,-0.4847115965230989
2023-04-06,Turnover-Aware Max Sharpe γ=0.10,-0.05006567831903996,0.17710709379158338,-0.39561192507338
2023-04-10,Turnover-Aware Max Sharpe γ=0.10,-0.042536804262380934,0.17689261718125493,-0.35352975866879693
2023-04-11,Turnover-Aware Max Sharpe γ=0.10,-0.042151147568746494,0.176894334082318,-0.35134617448981936
2023-04-12,Turnover-Aware Max Sharpe γ=0.10,-0.03996738636296049,0.1768406549099536,-0.3391040730622469
2023-04-13,Turnover-Aware Max Sharpe γ=0.10,-0.014310092172798106,0.17715150404235408,-0.19367655024026845
2023-04-14,Turnover-Aware Max Sharpe γ=0.10,-0.022479610177606912,0.17731044468591933,-0.23957759653050112
2023-04-17,Turnover-Aware Max Sharpe γ=0.10,-0.030211053005994026,0.1770700066478711,-0.2835661101309261
2023-04-18,Turnover-Aware Max Sharpe γ=0.10,-0.015235478205308683,0.17649707590126934,-0.19963774484864016
2023-04-19,Turnover-Aware Max Sharpe γ=0.10,-0.01656204378833248,0.17650336307234488,-0.2071464427187515
2023-04-20,Turnover-Aware Max Sharpe γ=0.10,-0.021242746418010716,0.17652671794464855,-0.2336345846011975
2023-04-21,Turnover-Aware Max Sharpe γ=0.10,-0.025599924783261674,0.17652741049763535,-0.2583163977464707
2023-04-24,Turnover-Aware Max Sharpe γ=0.10,-0.014429691083104657,0.17619694335505667,-0.19540458777270023
2023-04-25,Turnover-Aware Max Sharpe γ=0.10,-0.011016378130207505,0.1759424474451648,-0.17628706762121313
2023-04-26,Turnover-Aware Max Sharpe γ=0.10,-0.014792161105392387,0.17594560605841902,-0.19774384757207514
2023-04-27,Turnover-Aware Max Sharpe γ=0.10,0.011427321850234762,0.17628561208442403,-0.04862948285115714
2023-04-28,Turnover-Aware Max Sharpe γ=0.10,0.02289367860462721,0.1762741547897989,0.016415784878264346
2023-05-01,Turnover-Aware Max Sharpe γ=0.10,0.005710103650445664,0.1756642819647899,-0.08134776284468917
2023-05-02,Turnover-Aware Max Sharpe γ=0.10,0.025366652160054626,0.1744608798067261,0.030761349856770134
2023-05-03,Turnover-Aware Max Sharpe γ=0.10,0.028703415116097197,0.1744046564817161,0.049903570762800296
2023-05-04,Turnover-Aware Max Sharpe γ=0.10,0.024127526337845984,0.17438488051334952,0.02366906079068026
2023-05-05,Turnover-Aware Max Sharpe γ=0.10,0.01508098709671879,0.17370420773674028,-0.028318328999469525
2023-05-08,Turnover-Aware Max Sharpe γ=0.10,0.04410455790803902,0.17162088533272452,0.1404523573066709
2023-05-09,Turnover-Aware Max Sharpe γ=0.10,0.05033102375447407,0.17145740751986696,0.1769012152534709
2023-05-10,Turnover-Aware Max Sharpe γ=0.10,0.07234346886262366,0.1706631231568482,0.3067063809357181
2023-05-11,Turnover-Aware Max Sharpe γ=0.10,0.06594284210631218,0.17065184493888344,0.26921972113905923
2023-05-12,Turnover-Aware Max Sharpe γ=0.10,0.06699192999915327,0.1706347405043763,0.2753948572269083
2023-05-15,Turnover-Aware Max Sharpe γ=0.10,0.07734176097710832,0.1705735387447358,0.33617031925989743
2023-05-16,Turnover-Aware Max Sharpe γ=0.10,0.06280612411470265,0.17056473268447087,0.2509670284178269
2023-05-17,Turnover-Aware Max Sharpe γ=0.10,0.07091362126388057,0.1706809547012279,0.29829702647845735
2023-05-18,Turnover-Aware Max Sharpe γ=0.10,0.0708157385221917,0.17067870786777384,0.2977274620660888
2023-05-19,Turnover-Aware Max Sharpe γ=0.10,0.08762970121854252,0.17016086302392175,0.3974456876669397
2023-05-22,Turnover-Aware Max Sharpe γ=0.10,0.08483212830062437,0.17014009928560286,0.38105143098450284
2023-05-23,Turnover-Aware Max Sharpe γ=0.10,0.07341384818168684,0.17035113590697432,0.3135514647278617
2023-05-24,Turnover-Aware Max Sharpe γ=0.10,0.061016763540954644,0.17049621291276829,0.24057287162114402
2023-05-25,Turnover-Aware Max Sharpe γ=0.10,0.06803571124107544,0.170623786920019,0.28152997954260905
2023-05-26,Turnover-Aware Max Sharpe γ=0.10,0.0780917291624954,0.17110579380944183,0.3395076687303258
2023-05-30,Turnover-Aware Max Sharpe γ=0.10,0.07133003287093964,0.1709161490847755,0.30032289602710166
2023-05-31,Turnover-Aware Max Sharpe γ=0.10,0.05342557524031233,0.17049810334651616,0.19604661039764767
2023-06-01,Turnover-Aware Max Sharpe γ=0.10,0.07478599772545591,0.17047958423124904,0.3213639801651604
2023-06-02,Turnover-Aware Max Sharpe γ=0.10,0.08126857365651641,0.17048500656936375,0.35937807605144795
2023-06-05,Turnover-Aware Max Sharpe γ=0.10,0.06527381479932104,0.16977406957231914,0.26667096402513707
2023-06-06,Turnover-Aware Max Sharpe γ=0.10,0.0828978187231102,0.16912541921668486,0.37190044532883015
2023-06-07,Turnover-Aware Max Sharpe γ=0.10,0.07417289248522585,0.16945624458167236,0.3196866106584599
2023-06-08,Turnover-Aware Max Sharpe γ=0.10,0.07680225805937835,0.1695874103768508,0.33494383771268454
2023-06-09,Turnover-Aware Max Sharpe γ=0.10,0.08404616133753406,0.16946888984284714,0.37792282345701156
2023-06-12,Turnover-Aware Max Sharpe γ=0.10,0.10749971249384593,0.1690737173518644,0.5175240354581406
2023-06-13,Turnover-Aware Max Sharpe γ=0.10,0.12648444520104962,0.1684810410828921,0.6320262773581725
2023-06-14,Turnover-Aware Max Sharpe γ=0.10,0.17052012852652942,0.16475428964332592,0.9136036994993465
2023-06-15,Turnover-Aware Max Sharpe γ=0.10,0.18827430576325277,0.16495759613269928,1.0201064377046656
2023-06-16,Turnover-Aware Max Sharpe γ=0.10,0.16350282808699834,0.1641394990963781,0.8742735836103505
2023-06-20,Turnover-Aware Max Sharpe γ=0.10,0.17222719548385146,0.1636509543105592,0.9301943647390595
2023-06-21,Turnover-Aware Max Sharpe γ=0.10,0.1629525797034932,0.16377761900727222,0.8728456340371249
2023-06-22,Turnover-Aware Max Sharpe γ=0.10,0.15381505230732184,0.1635654996238908,0.8181129432247122
2023-06-23,Turnover-Aware Max Sharpe γ=0.10,0.14145102517493502,0.1636462051721664,0.7421560741183132
2023-06-26,Turnover-Aware Max Sharpe γ=0.10,0.12939412778277615,0.1636359812157248,0.6685212321277894
2023-06-27,Turnover-Aware Max Sharpe γ=0.10,0.12232394693514115,0.16322169574896422,0.6269016288895557
2023-06-28,Turnover-Aware Max Sharpe γ=0.10,0.12785247735555116,0.16313570195211827,0.6611212387292561
2023-06-29,Turnover-Aware Max Sharpe γ=0.10,0.14286673541854333,0.16256823543426535,0.7557856249736108
2023-06-30,Turnover-Aware Max Sharpe γ=0.10,0.1531010543061213,0.16291807131582678,0.8169815247081871
2023-07-03,Turnover-Aware Max Sharpe γ=0.10,0.160925082117088,0.16280442863469202,0.8656096354313685
2023-07-05,Turnover-Aware Max Sharpe γ=0.10,0.15100937632259437,0.16275030815414826,0.8049716022565647
2023-07-06,Turnover-Aware Max Sharpe γ=0.10,0.14237705752808405,0.162941468720856,0.7510491864887687
2023-07-07,Turnover-Aware Max Sharpe γ=0.10,0.14868850098590736,0.1628705307719248,0.7901275962937451
2023-07-10,Turnover-Aware Max Sharpe γ=0.10,0.14030193907056,0.16266730791224876,0.739558185443489
2023-07-11,Turnover-Aware Max Sharpe γ=0.10,0.14783534735161252,0.1627300990013203,0.7855667030017315
2023-07-12,Turnover-Aware Max Sharpe γ=0.10,0.17172661549129908,0.1628862051880216,0.9314884297056288
2023-07-13,Turnover-Aware Max Sharpe γ=0.10,0.1889843044053956,0.1630022003376543,1.0366995295483714
2023-07-14,Turnover-Aware Max Sharpe γ=0.10,0.18569523329565119,0.16302140498442091,1.0164017008164408
2023-07-17,Turnover-Aware Max Sharpe γ=0.10,0.19619666135534963,0.1629551566760794,1.081258580270593
2023-07-18,Turnover-Aware Max Sharpe γ=0.10,0.19471300730441676,0.1628885634808587,1.0725922285203748
2023-07-19,Turnover-Aware Max Sharpe γ=0.10,0.20182704062392776,0.16277386286639772,1.1170530539855075
2023-07-20,Turnover-Aware Max Sharpe γ=0.10,0.17076967804255827,0.1625387867665322,0.9275919984509369
2023-07-21,Turnover-Aware Max Sharpe γ=0.10,0.16474066549309607,0.16252886816985654,0.8905535805604069
2023-07-24,Turnover-Aware Max Sharpe γ=0.10,0.14973258230857778,0.16202861385107792,0.8006769867686226
2023-07-25,Turnover-Aware Max Sharpe γ=0.10,0.1599297255124148,0.16200579516317495,0.8637328397510425
2023-07-26,Turnover-Aware Max Sharpe γ=0.10,0.16481778925168733,0.16195450206180995,0.8941881047333752
2023-07-27,Turnover-Aware Max Sharpe γ=0.10,0.1662870468677422,0.16188547406301473,0.9036452943937344
2023-07-28,Turnover-Aware Max Sharpe γ=0.10,0.15504910993158583,0.16091889659947878,0.8392371112742472
2023-07-31,Turnover-Aware Max Sharpe γ=0.10,0.14428457540828843,0.16058557401148202,0.7739460793620351
2023-08-01,Turnover-Aware Max Sharpe γ=0.10,0.12808280167799557,0.16042952747611658,0.6737089074458942
2023-08-02,Turnover-Aware Max Sharpe γ=0.10,0.10568470333762559,0.16129516251913645,0.5312292197694382
2023-08-03,Turnover-Aware Max Sharpe γ=0.10,0.11112699277090865,0.16113608484437797,0.5655281550306829
2023-08-04,Turnover-Aware Max Sharpe γ=0.10,0.09269623489232348,0.1605678457383523,0.4527446610374475
2023-08-07,Turnover-Aware Max Sharpe γ=0.10,0.09248311365646367,0.16056038162089908,0.45143834939060096
2023-08-08,Turnover-Aware Max Sharpe γ=0.10,0.09599629019752776,0.1603942360660981,0.4738093591231661
2023-08-09,Turnover-Aware Max Sharpe γ=0.10,0.08461758644040751,0.16054826934679442,0.4024807411709274
2023-08-10,Turnover-Aware Max Sharpe γ=0.10,0.0893089914626839,0.16048879285860612,0.4318618778804481
2023-08-11,Turnover-Aware Max Sharpe γ=0.10,0.07351140754365759,0.1601025626514511,0.3342320488657874
2023-08-14,Turnover-Aware Max Sharpe γ=0.10,0.08323162987175103,0.16004694735038186,0.3950817614366711
2023-08-15,Turnover-Aware Max Sharpe γ=0.10,0.056524919508933014,0.15990360231284345,0.22841836569431262
2023-08-16,Turnover-Aware Max Sharpe γ=0.10,0.04699676584831347,0.16019051931301195,0.16852911123636377
2023-08-17,Turnover-Aware Max Sharpe γ=0.10,0.038042471341919404,0.160457147993262,0.11244417321113705
2023-08-18,Turnover-Aware Max Sharpe γ=0.10,0.047829328331690624,0.1602218452405638,0.17369247177191416
2023-08-21,Turnover-Aware Max Sharpe γ=0.10,0.05440911774435819,0.16037092413036627,0.2145595776226048
2023-08-22,Turnover-Aware Max Sharpe γ=0.10,0.06644527764415753,0.15981064907289172,0.29062692576245797
2023-08-23,Turnover-Aware Max Sharpe γ=0.10,0.09641074662319005,0.15948767006898254,0.4791012784257267
2023-08-24,Turnover-Aware Max Sharpe γ=0.10,0.07894961050641114,0.16026348816848482,0.3678293239470582
2023-08-25,Turnover-Aware Max Sharpe γ=0.10,0.08394200987034162,0.16036552494890247,0.39872665830586446
2023-08-28,Turnover-Aware Max Sharpe γ=0.10,0.08006521803663946,0.16015998626773575,0.3750326123044855
2023-08-29,Turnover-Aware Max Sharpe γ=0.10,0.12334821976107668,0.15917721877033048,0.6492651433380872
2023-08-30,Turnover-Aware Max Sharpe γ=0.10,0.133760778196923,0.15909495432186488,0.7150495669823297
2023-08-31,Turnover-Aware Max Sharpe γ=0.10,0.1424725712164352,0.1588582888298216,0.7709548687612711
2023-09-01,Turnover-Aware Max Sharpe γ=0.10,0.1534965295930688,0.1586877553142746,0.8412528700067905
2023-09-05,Turnover-Aware Max Sharpe γ=0.10,0.14834844303022754,0.15883571850899966,0.8080578111462713
2023-09-06,Turnover-Aware Max Sharpe γ=0.10,0.14668164149038287,0.1588886497308168,0.7972982444309407
2023-09-07,Turnover-Aware Max Sharpe γ=0.10,0.14739188118107527,0.15886370260122581,0.8018941966929348
2023-09-08,Turnover-Aware Max Sharpe γ=0.10,0.13014186965982222,0.158160525174463,0.6963929181338228
2023-09-11,Turnover-Aware Max Sharpe γ=0.10,0.1370683059876454,0.15832090745598354,0.7394368050864842
2023-09-12,Turnover-Aware Max Sharpe γ=0.10,0.11547237709094116,0.15794379380855228,0.6044705827863402
2023-09-13,Turnover-Aware Max Sharpe γ=0.10,0.10574484121770045,0.15774752477068063,0.5435574430872921
2023-09-14,Turnover-Aware Max Sharpe γ=0.10,0.15694398450962566,0.15404988905824385,0.8889586701217895
2023-09-15,Turnover-Aware Max Sharpe γ=0.10,0.14138420658834794,0.15447532668353717,0.7857837830440022
2023-09-18,Turnover-Aware Max Sharpe γ=0.10,0.15669318647348907,0.1537504210826006,0.8890589405283793
2023-09-19,Turnover-Aware Max Sharpe γ=0.10,0.15756144554269347,0.1537360123279983,0.8947899939618824
2023-09-20,Turnover-Aware Max Sharpe γ=0.10,0.1410709766170697,0.15400780691819382,0.7861353202787986
2023-09-21,Turnover-Aware Max Sharpe γ=0.10,0.13161263386851907,0.1547020783960789,0.7214682247691638
2023-09-22,Turnover-Aware Max Sharpe γ=0.10,0.14118083223833944,0.1543984593688445,0.7848577811832238
2023-09-25,Turnover-Aware Max Sharpe γ=0.10,0.15353348109674703,0.15416987041763536,0.8661451211901146
2023-09-26,Turnover-Aware Max Sharpe γ=0.10,0.15540586704670356,0.15401048262149045,0.8791990307535676
2023-09-27,Turnover-Aware Max Sharpe γ=0.10,0.16854330251977356,0.15369358302155608,0.9664899444691835
2023-09-28,Turnover-Aware Max Sharpe γ=0.10,0.177566427063665,0.15382854414844183,1.0242990202885636
2023-09-29,Turnover-Aware Max Sharpe γ=0.10,0.1511966612704274,0.15255974730578087,0.8599690520427078
2023-10-02,Turnover-Aware Max Sharpe γ=0.10,0.16568715148439384,0.1517223932621598,0.9602218126935441
2023-10-03,Turnover-Aware Max Sharpe γ=0.10,0.16009346368906296,0.15213309539178782,0.9208611928146258
2023-10-04,Turnover-Aware Max Sharpe γ=0.10,0.14072113982472878,0.1504776959531708,0.8022527130020494
2023-10-05,Turnover-Aware Max Sharpe γ=0.10,0.11453871053920905,0.14862512011968326,0.636088370950213
2023-10-06,Turnover-Aware Max Sharpe γ=0.10,0.1323591302006022,0.14905918232602616,0.753788719670066
2023-10-09,Turnover-Aware Max Sharpe γ=0.10,0.14534452687639488,0.1489663047706636,0.8414287181880836
2023-10-10,Turnover-Aware Max Sharpe γ=0.10,0.18262101886488158,0.14705902736453166,1.105821395525585
2023-10-11,Turnover-Aware Max Sharpe γ=0.10,0.19982392230359158,0.14666824177797502,1.226059030391919
2023-10-12,Turnover-Aware Max Sharpe γ=0.10,0.19684194200108784,0.1468106175347858,1.2045582599581828
2023-10-13,Turnover-Aware Max Sharpe γ=0.10,0.1872690787191058,0.1470309103975067,1.137645671014918
2023-10-16,Turnover-Aware Max Sharpe γ=0.10,0.1846502162471575,0.14685960170412804,1.1211402886606725
2023-10-17,Turnover-Aware Max Sharpe γ=0.10,0.21127567803148728,0.14529477658279127,1.3164663075309893
2023-10-18,Turnover-Aware Max Sharpe γ=0.10,0.1713296141313474,0.14490337227250633,1.0443484631037836
2023-10-19,Turnover-Aware Max Sharpe γ=0.10,0.15196693081145485,0.14513027542428977,0.9092998027162027
2023-10-20,Turnover-Aware Max Sharpe γ=0.10,0.14766619773636025,0.14540833260176256,0.8779840567046896
2023-10-23,Turnover-Aware Max Sharpe γ=0.10,0.15233684395710356,0.1452978954985737,0.9107967015145285
2023-10-24,Turnover-Aware Max Sharpe γ=0.10,0.13828805456369841,0.14413254002124484,0.8206894469927678
2023-10-25,Turnover-Aware Max Sharpe γ=0.10,0.11341389377477085,0.14497500020848877,0.6443448431828397
2023-10-26,Turnover-Aware Max Sharpe γ=0.10,0.08799010523216966,0.1447755269933078,0.4696242980024688
2023-10-27,Turnover-Aware Max Sharpe γ=0.10,0.09248428053707425,0.14463868975098276,0.5011403287866256
2023-10-30,Turnover-Aware Max Sharpe γ=0.10,0.11108781047156024,0.14476382024281584,0.6292166807892777
2023-10-31,Turnover-Aware Max Sharpe γ=0.10,0.10246337139355988,0.14427518640278836,0.5715700214958526
2023-11-01,Turnover-Aware Max Sharpe γ=0.10,0.12315610113974373,0.14432656221016707,0.7147409289048867
2023-11-02,Turnover-Aware Max Sharpe γ=0.10,0.14319276356219124,0.14521517971459502,0.8483463216745901
2023-11-03,Turnover-Aware Max Sharpe γ=0.10,0.1813584231657186,0.14350207610030336,1.124432674081553
2023-11-06,Turnover-Aware Max Sharpe γ=0.10,0.19356813549649532,0.14304555255209778,1.2133766649842617
2023-11-07,Turnover-Aware Max Sharpe γ=0.10,0.17234566805021445,0.14177626799144752,1.074549853854275
2023-11-08,Turnover-Aware Max Sharpe γ=0.10,0.16427181950352598,0.14171184557546307,1.0180646432037308
2023-11-09,Turnover-Aware Max Sharpe γ=0.10,0.14719966874753476,0.14142288551266863,0.8994277572998626
2023-11-10,Turnover-Aware Max Sharpe γ=0.10,0.18003254670480717,0.14063548916157334,1.137924343697834
2023-11-13,Turnover-Aware Max Sharpe γ=0.10,0.11999774833154908,0.13009161714190848,0.7686717294202596
2023-11-14,Turnover-Aware Max Sharpe γ=0.10,0.12953498273409148,0.13108720102077553,0.8355886912005366
2023-11-15,Turnover-Aware Max Sharpe γ=0.10,0.13601838236189034,0.1309422365710186,0.8860271933645025
2023-11-16,Turnover-Aware Max Sharpe γ=0.10,0.1281469632413199,0.1306617643825966,0.827686383635919
2023-11-17,Turnover-Aware Max Sharpe γ=0.10,0.142390102550771,0.13036217354575508,0.93884674688869
2023-11-20,Turnover-Aware Max Sharpe γ=0.10,0.15535188088120022,0.13039468121850467,1.0380168854770133
2023-11-21,Turnover-Aware Max Sharpe γ=0.10,0.1535513870485241,0.13041186061764812,1.0240739332757525
2023-11-22,Turnover-Aware Max Sharpe γ=0.10,0.16359547665902752,0.13023400434983445,1.1025958802073037
2023-11-24,Turnover-Aware Max Sharpe γ=0.10,0.15512696211200572,0.1299230432293015,1.0400538561394364
2023-11-27,Turnover-Aware Max Sharpe γ=0.10,0.14642483976315868,0.1297677724912153,0.9742391145052374
2023-11-28,Turnover-Aware Max Sharpe γ=0.10,0.15199324560575334,0.12977778918025176,1.0170711524637277
2023-11-29,Turnover-Aware Max Sharpe γ=0.10,0.16811761209332388,0.12899631857254873,1.1482313118108185
2023-11-30,Turnover-Aware Max Sharpe γ=0.10,0.16879057280708842,0.12899015632066507,1.1535033141381752
2023-12-01,Turnover-Aware Max Sharpe γ=0.10,0.1451355172592852,0.12592510511918514,0.9937297025946287
2023-12-04,Turnover-Aware Max Sharpe γ=0.10,0.12569747343006576,0.1264173673730302,0.8360993083978364
2023-12-05,Turnover-Aware Max Sharpe γ=0.10,0.1270477200443978,0.12639930018709447,0.8469012082024763
2023-12-06,Turnover-Aware Max Sharpe γ=0.10,0.146335759173726,0.12499386619705517,1.010735670617271
2023-12-07,Turnover-Aware Max Sharpe γ=0.10,0.1680262370708263,0.1246166759157211,1.1878525565144846
2023-12-08,Turnover-Aware Max Sharpe γ=0.10,0.16597670787147645,0.12462855068397598,1.1712942746292025
2023-12-11,Turnover-Aware Max Sharpe γ=0.10,0.1587803397710159,0.12447115274930509,1.1149598658456283
2023-12-12,Turnover-Aware Max Sharpe γ=0.10,0.16819758117242833,0.12441212683933059,1.1911827643925337
2023-12-13,Turnover-Aware Max Sharpe γ=0.10,0.17909256591952594,0.12522904457811196,1.2704126782688303
2023-12-14,Turnover-Aware Max Sharpe γ=0.10,0.16947620795114982,0.12478811182429614,1.1978401288867562
2023-12-15,Turnover-Aware Max Sharpe γ=0.10,0.17272430158324847,0.12468129318354695,1.2249175291951664
2023-12-18,Turnover-Aware Max Sharpe γ=0.10,0.20880768264071015,0.12210755476285189,1.5462407957263433
2023-12-19,Turnover-Aware Max Sharpe γ=0.10,0.22190037033134913,0.12211217658581641,1.6534007989732311
2023-12-20,Turnover-Aware Max Sharpe γ=0.10,0.21906563831662984,0.12231859498555832,1.627435618763711
2023-12-21,Turnover-Aware Max Sharpe γ=0.10,0.2243889026226349,0.12257265301502203,1.6674918719233873
2023-12-22,Turnover-Aware Max Sharpe γ=0.10,0.2151906210101442,0.12223333848597034,1.596868934677324
2023-12-26,Turnover-Aware Max Sharpe γ=0.10,0.2428653863140282,0.12108707894770072,1.840538133802757
2023-12-27,Turnover-Aware Max Sharpe γ=0.10,0.24198901654756488,0.12107234554173307,1.8335237130682853
2023-12-28,Turnover-Aware Max Sharpe γ=0.10,0.2438890861978913,0.12102560704444316,1.84993152825645
2023-12-29,Turnover-Aware Max Sharpe γ=0.10,0.2540263437840733,0.12052465890969517,1.9417299820729705
2024-01-02,Turnover-Aware Max Sharpe γ=0.10,0.22257837164856098,0.11982204344540104,1.690660297751217
2024-01-03,Turnover-Aware Max Sharpe γ=0.10,0.21154016238304263,0.12021260332198817,1.5933450993487293
2024-01-04,Turnover-Aware Max Sharpe γ=0.10,0.21075307416875155,0.12022584388103676,1.586622875839419
2024-01-05,Turnover-Aware Max Sharpe γ=0.10,0.2024243036158908,0.12001874591314235,1.5199650873531991
2024-01-08,Turnover-Aware Max Sharpe γ=0.10,0.22938241422499805,0.11952424256810568,1.7517987123464984
2024-01-09,Turnover-Aware Max Sharpe γ=0.10,0.20092779466960642,0.11744207361098487,1.5405705051573908
2024-01-10,Turnover-Aware Max Sharpe γ=0.10,0.20221568569354575,0.11746409333844239,1.5512458361938606
2024-01-11,Turnover-Aware Max Sharpe γ=0.10,0.1948704688538152,0.11728504804934795,1.4909868884586046
2024-01-12,Turnover-Aware Max Sharpe γ=0.10,0.18740541661636212,0.11695246544988457,1.4313970720702525
2024-01-16,Turnover-Aware Max Sharpe γ=0.10,0.17147764510171837,0.11690347234536709,1.2957497503086055
2024-01-17,Turnover-Aware Max Sharpe γ=0.10,0.1539219546141477,0.11699280853400358,1.144702450452104
2024-01-18,Turnover-Aware Max Sharpe γ=0.10,0.16815849076010037,0.11736299220952713,1.2623953085278732
2024-01-19,Turnover-Aware Max Sharpe γ=0.10,0.1940650089266418,0.11720588891710212,1.485121699386242
2024-01-22,Turnover-Aware Max Sharpe γ=0.10,0.1958968504553027,0.11718887266729397,1.5009688757283646
2024-01-23,Turnover-Aware Max Sharpe γ=0.10,0.18241084762281878,0.11640102410375891,1.3952699202890784
2024-01-24,Turnover-Aware Max Sharpe γ=0.10,0.16863075004338368,0.11583963375894409,1.283073376705214
2024-01-25,Turnover-Aware Max Sharpe γ=0.10,0.17276019406506538,0.11587184763919456,1.3183546925111174
2024-01-26,Turnover-Aware Max Sharpe γ=0.10,0.16919751773541858,0.1158999769243448,1.2872954912908152
2024-01-29,Turnover-Aware Max Sharpe γ=0.10,0.17050937612731798,0.11596785916650057,1.2978542262406045
2024-01-30,Turnover-Aware Max Sharpe γ=0.10,0.16380912246959722,0.1159536522905784,1.2402293470602666
2024-01-31,Turnover-Aware Max Sharpe γ=0.10,0.16439165417042267,0.11590065240689477,1.2458226176631342
2024-02-01,Turnover-Aware Max Sharpe γ=0.10,0.16340191898362333,0.11581588476647547,1.238188692965311
2024-02-02,Turnover-Aware Max Sharpe γ=0.10,0.15153341574700407,0.11498980279133336,1.1438702611369083
2024-02-05,Turnover-Aware Max Sharpe γ=0.10,0.13496100483644624,0.11460219630370652,1.0031309045054324
2024-02-06,Turnover-Aware Max Sharpe γ=0.10,0.15704110494093593,0.11330781215540447,1.2094585742506498
2024-02-07,Turnover-Aware Max Sharpe γ=0.10,0.16942999332817044,0.11326109411582243,1.3193408954301746
2024-02-08,Turnover-Aware Max Sharpe γ=0.10,0.15680943492445198,0.11276903792116226,1.2131826026581567
2024-02-09,Turnover-Aware Max Sharpe γ=0.10,0.1722302238339546,0.11237304850402909,1.3546862513790079
2024-02-12,Turnover-Aware Max Sharpe γ=0.10,0.18069677505946458,0.11197814526482047,1.435072662432727
2024-02-13,Turnover-Aware Max Sharpe γ=0.10,0.1641719451342012,0.1129954037587355,1.2759098187925675
2024-02-14,Turnover-Aware Max Sharpe γ=0.10,0.16293310540375572,0.11293015569071164,1.2656770419693293
2024-02-15,Turnover-Aware Max Sharpe γ=0.10,0.1674049331996228,0.11305183461983473,1.3038703325364778
2024-02-16,Turnover-Aware Max Sharpe γ=0.10,0.16244576329550942,0.1131070484446153,1.2593889174401036
2024-02-20,Turnover-Aware Max Sharpe γ=0.10,0.17334438968919264,0.11253214470286818,1.3626718845009649
2024-02-21,Turnover-Aware Max Sharpe γ=0.10,0.17435610240591615,0.11251735364750233,1.371842630510912
2024-02-22,Turnover-Aware Max Sharpe γ=0.10,0.21431087420049666,0.1121576091631217,1.73248053030349
2024-02-23,Turnover-Aware Max Sharpe γ=0.10,0.2176594035653321,0.11213223665502968,1.7627348696648522
2024-02-26,Turnover-Aware Max Sharpe γ=0.10,0.20937411471031653,0.11209804801207529,1.6893613944991888
2024-02-27,Turnover-Aware Max Sharpe γ=0.10,0.2247295672128189,0.11143847896036448,1.83715328065125
2024-02-28,Turnover-Aware Max Sharpe γ=0.10,0.21652546982122844,0.11140711828601309,1.7640297392550166
2024-02-29,Turnover-Aware Max Sharpe γ=0.10,0.22331273642152882,0.11150013791125658,1.8234303582955769
2024-03-01,Turnover-Aware Max Sharpe γ=0.10,0.242528138174108,0.11224336645498371,1.9825504633572717
2024-03-04,Turnover-Aware Max Sharpe γ=0.10,0.2404568931897848,0.11219604145187707,1.9649257704367653
2024-03-05,Turnover-Aware Max Sharpe γ=0.10,0.21312262662653136,0.11147336045763992,1.7324554120705666
2024-03-06,Turnover-Aware Max Sharpe γ=0.10,0.22465300571499047,0.11160167157753807,1.8337808280300054
2024-03-07,Turnover-Aware Max Sharpe γ=0.10,0.25585365568924034,0.11091974385723141,2.1263451166351017
2024-03-08,Turnover-Aware Max Sharpe γ=0.10,0.248563279130656,0.11102137655088447,2.058732167006581
2024-03-11,Turnover-Aware Max Sharpe γ=0.10,0.2601349033080329,0.11044786260154855,2.1741923985830582
2024-03-12,Turnover-Aware Max Sharpe γ=0.10,0.272800479183392,0.11036442682092587,2.290597491106249
2024-03-13,Turnover-Aware Max Sharpe γ=0.10,0.26305062064910745,0.11020786748981176,2.2053835736507326
2024-03-14,Turnover-Aware Max Sharpe γ=0.10,0.2439546745580976,0.10973336436195474,2.040898644275452
2024-03-15,Turnover-Aware Max Sharpe γ=0.10,0.23532924938820732,0.10998405965791559,1.9578223431463415
2024-03-18,Turnover-Aware Max Sharpe γ=0.10,0.2231075781559464,0.10913012497113156,1.8611504221192354
2024-03-19,Turnover-Aware Max Sharpe γ=0.10,0.22449526680304888,0.10913904781448887,1.8737131292426477
2024-03-20,Turnover-Aware Max Sharpe γ=0.10,0.23132604106361043,0.10951634188682434,1.9296302033352941
2024-03-21,Turnover-Aware Max Sharpe γ=0.10,0.22843680225359808,0.10946485000412895,1.904143679416141
2024-03-22,Turnover-Aware Max Sharpe γ=0.10,0.23348187795295372,0.10925019880233054,1.954063976938042
2024-03-25,Turnover-Aware Max Sharpe γ=0.10,0.22263793592422365,0.10905319827834783,1.8581567448119196
2024-03-26,Turnover-Aware Max Sharpe γ=0.10,0.22136281205159603,0.10906030326955236,1.8463437750939469
2024-03-27,Turnover-Aware Max Sharpe γ=0.10,0.2329758008181395,0.10912514052891086,1.9516657645147792
2024-03-28,Turnover-Aware Max Sharpe γ=0.10,0.23666060701978853,0.10914382068320715,1.985092748847887
2024-04-01,Turnover-Aware Max Sharpe γ=0.10,0.22841825154695794,0.10881775170342237,1.9152964317347048
2024-04-02,Turnover-Aware Max Sharpe γ=0.10,0.21873365247922227,0.10864349087546407,1.82922741968064
2024-04-03,Turnover-Aware Max Sharpe γ=0.10,0.2123348129933691,0.10834705924986507,1.7751733579571853
2024-04-04,Turnover-Aware Max Sharpe γ=0.10,0.1960764804398678,0.10895136898156785,1.6161015881283332
2024-04-05,Turnover-Aware Max Sharpe γ=0.10,0.2091687847136836,0.10954412179754007,1.7268729860585874
2024-04-08,Turnover-Aware Max Sharpe γ=0.10,0.21838768455561253,0.10940726671500976,1.8132953186042386
2024-04-09,Turnover-Aware Max Sharpe γ=0.10,0.22068888428236377,0.10943045247721046,1.8339400024335861
2024-04-10,Turnover-Aware Max Sharpe γ=0.10,0.20996920953253917,0.10992804806335497,1.728123194028279
2024-04-11,Turnover-Aware Max Sharpe γ=0.10,0.2248519478133748,0.1106221019904421,1.8518175312838867
2024-04-12,Turnover-Aware Max Sharpe γ=0.10,0.2108794814666073,0.11161195021134802,1.7102064886883397
2024-04-15,Turnover-Aware Max Sharpe γ=0.10,0.18867729262095367,0.1107404235169494,1.523177239746936
2024-04-16,Turnover-Aware Max Sharpe γ=0.10,0.19634507892775388,0.11044613052320905,1.5966614501781653
2024-04-17,Turnover-Aware Max Sharpe γ=0.10,0.18575738050801394,0.11075728629867239,1.496582175740801
2024-04-18,Turnover-Aware Max Sharpe γ=0.10,0.18275604441819593,0.11078044876490739,1.469176612234064
2024-04-19,Turnover-Aware Max Sharpe γ=0.10,0.17523412042859476,0.1110878699452958,1.3973993785733616
2024-04-22,Turnover-Aware Max Sharpe γ=0.10,0.17853231752799958,0.11102385814181025,1.427912163937836
2024-04-23,Turnover-Aware Max Sharpe γ=0.10,0.1911486029577012,0.11125079977068583,1.5384033491038167
2024-04-24,Turnover-Aware Max Sharpe γ=0.10,0.19066218892304065,0.11125223962875519,1.5340112656835887
2024-04-25,Turnover-Aware Max Sharpe γ=0.10,0.20282721713252982,0.1106076776385626,1.652934235993654
2024-04-26,Turnover-Aware Max Sharpe γ=0.10,0.21643913738297416,0.11089633054041291,1.7713763514599583
2024-04-29,Turnover-Aware Max Sharpe γ=0.10,0.200355996686147,0.10992039916931756,1.6407873156313135
2024-04-30,Turnover-Aware Max Sharpe γ=0.10,0.17261256507484668,0.11134139825709523,1.3706722518649657
2024-05-01,Turnover-Aware Max Sharpe γ=0.10,0.174367214186389,0.11131378226802371,1.386775393317427
2024-05-02,Turnover-Aware Max Sharpe γ=0.10,0.1841539305346056,0.11148010617221134,1.4724952834277465
2024-05-03,Turnover-Aware Max Sharpe γ=0.10,0.198068918673598,0.1118936738520736,1.591411851477947
2024-05-06,Turnover-Aware Max Sharpe γ=0.10,0.2118906737663715,0.11227532573007507,1.7091081456998167
2024-05-07,Turnover-Aware Max Sharpe γ=0.10,0.20047324256092813,0.1119991462844337,1.6113805198353675
2024-05-08,Turnover-Aware Max Sharpe γ=0.10,0.19764369097635326,0.11201414260812183,1.5859041263908475
2024-05-09,Turnover-Aware Max Sharpe γ=0.10,0.20892032260555227,0.11221813512495286,1.6835097321408248
2024-05-10,Turnover-Aware Max Sharpe γ=0.10,0.20853755527531348,0.1122093286876427,1.6802306678096774
2024-05-13,Turnover-Aware Max Sharpe γ=0.10,0.20820357388171185,0.11221738650369041,1.6771338180783826
2024-05-14,Turnover-Aware Max Sharpe γ=0.10,0.21879997186581046,0.1123287340786206,1.7698051482238493
2024-05-15,Turnover-Aware Max Sharpe γ=0.10,0.23001516263557242,0.11297674691705467,1.8589237906607585
2024-05-16,Turnover-Aware Max Sharpe γ=0.10,0.23425633052570416,0.11280917994285472,1.8992809861239937
2024-05-17,Turnover-Aware Max Sharpe γ=0.10,0.23286136291459303,0.11275560761182807,1.8878117676185877
2024-05-20,Turnover-Aware Max Sharpe γ=0.10,0.23197108119793874,0.11273477068027182,1.880263559493211
2024-05-21,Turnover-Aware Max Sharpe γ=0.10,0.22986541110431835,0.11272363916126074,1.8617693029240128
2024-05-22,Turnover-Aware Max Sharpe γ=0.10,0.22022955350627593,0.11302280694742141,1.7715853898357294
2024-05-23,Turnover-Aware Max Sharpe γ=0.10,0.21810812331982898,0.11317557343477248,1.750449476927161
2024-05-24,Turnover-Aware Max Sharpe γ=0.10,0.23471183577474397,0.11297404108508674,1.9005413430598017
2024-05-28,Turnover-Aware Max Sharpe γ=0.10,0.23173282415415075,0.11286999314423433,1.8759000355708497
2024-05-29,Turnover-Aware Max Sharpe γ=0.10,0.2046048580000277,0.11251816175817497,1.6406672053244356
2024-05-30,Turnover-Aware Max Sharpe γ=0.10,0.1972953048295376,0.11259985113704801,1.5745607391056602
2024-05-31,Turnover-Aware Max Sharpe γ=0.10,0.20371547697349346,0.11250226624426292,1.6329935663217103
2024-06-03,Turnover-Aware Max Sharpe γ=0.10,0.19731516444784547,0.11217827849536349,1.5806550682195948
2024-06-04,Turnover-Aware Max Sharpe γ=0.10,0.19113912316084547,0.11216905537833896,1.52572492104533
2024-06-05,Turnover-Aware Max Sharpe γ=0.10,0.20664354775608773,0.11293710949272423,1.652632589893864
2024-06-06,Turnover-Aware Max Sharpe γ=0.10,0.20745428288480428,0.11294513609554638,1.659693275558379
2024-06-07,Turnover-Aware Max Sharpe γ=0.10,0.20523877780616817,0.11314314028127058,1.637207322915644
2024-06-10,Turnover-Aware Max Sharpe γ=0.10,0.19839382031027664,0.11278966331422798,1.5816504373568154
2024-06-11,Turnover-Aware Max Sharpe γ=0.10,0.20053457095149652,0.11280336446693011,1.6004360490898546
2024-06-12,Turnover-Aware Max Sharpe γ=0.10,0.20101025459316446,0.11282973382439539,1.6042779545583532
2024-06-13,Turnover-Aware Max Sharpe γ=0.10,0.1953870572411236,0.11283130368875388,1.5544184238527483
2024-06-14,Turnover-Aware Max Sharpe γ=0.10,0.19709934789935657,0.11287047598272233,1.5690493581905873
2024-06-17,Turnover-Aware Max Sharpe γ=0.10,0.19050655305272945,0.11252554542044566,1.5152697320029944
2024-06-18,Turnover-Aware Max Sharpe γ=0.10,0.19772803316222065,0.11245555686759866,1.5804290878348644
2024-06-20,Turnover-Aware Max Sharpe γ=0.10,0.20628732209768352,0.11222560343364105,1.6599360252746171
2024-06-21,Turnover-Aware Max Sharpe γ=0.10,0.2054947461458041,0.11226647626369145,1.6522719187347978
2024-06-24,Turnover-Aware Max Sharpe γ=0.10,0.20134916323588947,0.11231100415655842,1.6147052071860544
2024-06-25,Turnover-Aware Max Sharpe γ=0.10,0.21264329683638983,0.1121350270353099,1.717958268077368
2024-06-26,Turnover-Aware Max Sharpe γ=0.10,0.21518789046433828,0.11205365463700684,1.741914541713444
2024-06-27,Turnover-Aware Max Sharpe γ=0.10,0.21127760401321583,0.11189210855136529,1.7094825228484078
2024-06-28,Turnover-Aware Max Sharpe γ=0.10,0.20798892604734887,0.11194125267426318,1.6793534247323114
2024-07-01,Turnover-Aware Max Sharpe γ=0.10,0.2118747090015094,0.11196857975561648,1.7136477878016911
2024-07-02,Turnover-Aware Max Sharpe γ=0.10,0.20467538930779483,0.11155699550660725,1.655435308822538
2024-07-03,Turnover-Aware Max Sharpe γ=0.10,0.21320879713960017,0.11181468855509308,1.7279375333984208
2024-07-05,Turnover-Aware Max Sharpe γ=0.10,0.22807053233091756,0.11210450466446133,1.856040780463649
2024-07-08,Turnover-Aware Max Sharpe γ=0.10,0.2331773894898821,0.11187975252085608,1.9054152756562686
2024-07-09,Turnover-Aware Max Sharpe γ=0.10,0.23244858227627696,0.1118792297342676,1.8989099476362044
2024-07-10,Turnover-Aware Max Sharpe γ=0.10,0.24134294702090986,0.11214633463228936,1.9736975599484323
2024-07-11,Turnover-Aware Max Sharpe γ=0.10,0.23024622420774188,0.11214081896884576,1.8748411697095877
2024-07-12,Turnover-Aware Max Sharpe γ=0.10,0.2209431400017834,0.11162384525990927,1.8001811309572755
2024-07-15,Turnover-Aware Max Sharpe γ=0.10,0.2117454387296216,0.11130081343558816,1.7227676313487883
2024-07-16,Turnover-Aware Max Sharpe γ=0.10,0.22404301310474461,0.11152736357761131,1.829533188621931
2024-07-17,Turnover-Aware Max Sharpe γ=0.10,0.2010389108606505,0.1125907926200973,1.6079370847979564
2024-07-18,Turnover-Aware Max Sharpe γ=0.10,0.1827150132723243,0.11254357130006751,1.445795716207441
2024-07-19,Turnover-Aware Max Sharpe γ=0.10,0.16943409529621478,0.11311305540725279,1.3211038704435272
2024-07-22,Turnover-Aware Max Sharpe γ=0.10,0.19266800106356508,0.11279910799884538,1.5307567952162577
2024-07-23,Turnover-Aware Max Sharpe γ=0.10,0.19335223560960602,0.11278868201256337,1.536964813457937
2024-07-24,Turnover-Aware Max Sharpe γ=0.10,0.1692891896015527,0.11465427068409838,1.3020813678443983
2024-07-25,Turnover-Aware Max Sharpe γ=0.10,0.1520394831512435,0.11509539327642465,1.1472177938010448
2024-07-26,Turnover-Aware Max Sharpe γ=0.10,0.16365925460407493,0.11555387150340633,1.2432232060683497
2024-07-29,Turnover-Aware Max Sharpe γ=0.10,0.17249679976741317,0.11525917152581427,1.3230773547010868
2024-07-30,Turnover-Aware Max Sharpe γ=0.10,0.1563528982059157,0.11478295652074329,1.1879193770485807
2024-07-31,Turnover-Aware Max Sharpe γ=0.10,0.17833913826560965,0.11650877036966914,1.3590319232038712
2024-08-01,Turnover-Aware Max Sharpe γ=0.10,0.1660784675422804,0.11745773079886392,1.2436683949941703
2024-08-02,Turnover-Aware Max Sharpe γ=0.10,0.16795646130936848,0.11723706659749794,1.2620280053350137
2024-08-05,Turnover-Aware Max Sharpe γ=0.10,0.14296598647666747,0.11969727564821214,1.0273081472469099
2024-08-06,Turnover-Aware Max Sharpe γ=0.10,0.14980639715965016,0.1196897380438859,1.0845240308910598
2024-08-07,Turnover-Aware Max Sharpe γ=0.10,0.1368214354502344,0.11967621433858354,0.9761458122307202
2024-08-08,Turnover-Aware Max Sharpe γ=0.10,0.16980628531060438,0.12147289507534345,1.233248661914966
2024-08-09,Turnover-Aware Max Sharpe γ=0.10,0.18299465061924236,0.12126408648235718,1.344129621122051
2024-08-12,Turnover-Aware Max Sharpe γ=0.10,0.1895322589085362,0.1213732199012868,1.396784719449787
2024-08-13,Turnover-Aware Max Sharpe γ=0.10,0.20910974210722966,0.12200710691809319,1.549989561134208
2024-08-14,Turnover-Aware Max Sharpe γ=0.10,0.20320333918412903,0.12198111047228827,1.5018992569816723
2024-08-15,Turnover-Aware Max Sharpe γ=0.10,0.23501753819435556,0.12219428286068662,1.7596366471539138
2024-08-16,Turnover-Aware Max Sharpe γ=0.10,0.2570280265659248,0.12199029818875563,1.9430071906142183
2024-08-19,Turnover-Aware Max Sharpe γ=0.10,0.27805570387311396,0.12175526183432946,2.119462436245642
2024-08-20,Turnover-Aware Max Sharpe γ=0.10,0.2765289773134263,0.12176242966722776,2.1067991006298947
2024-08-21,Turnover-Aware Max Sharpe γ=0.10,0.27117699911621895,0.1216204120628932,2.06525364333027
2024-08-22,Turnover-Aware Max Sharpe γ=0.10,0.2593648719169608,0.12220212508832251,1.9587619425108853
2024-08-23,Turnover-Aware Max Sharpe γ=0.10,0.258619914179395,0.12214752775396784,1.9535386312527614
2024-08-26,Turnover-Aware Max Sharpe γ=0.10,0.2742385485017542,0.1211193822082007,2.099074019918014
2024-08-27,Turnover-Aware Max Sharpe γ=0.10,0.26966272179728423,0.12101739604329838,2.0630316794120933
2024-08-28,Turnover-Aware Max Sharpe γ=0.10,0.25047162437314174,0.12113552195146868,1.9025932332670934
2024-08-29,Turnover-Aware Max Sharpe γ=0.10,0.2326273932300782,0.12018509966026836,1.7691660100222064
2024-08-30,Turnover-Aware Max Sharpe γ=0.10,0.23352907463956885,0.12020491742315607,1.7763755361844704
2024-09-03,Turnover-Aware Max Sharpe γ=0.10,0.21178938813037473,0.12169299423997278,1.5760101008951692
2024-09-04,Turnover-Aware Max Sharpe γ=0.10,0.20668191532447078,0.12170424583435727,1.5338981318576992
2024-09-05,Turnover-Aware Max Sharpe γ=0.10,0.21755471140003757,0.12146835473125313,1.6263883036625
2024-09-06,Turnover-Aware Max Sharpe γ=0.10,0.20375798429282743,0.12261218619572806,1.4986926666448246
2024-09-09,Turnover-Aware Max Sharpe γ=0.10,0.22190470897230163,0.12275810728396372,1.6447362495191964
2024-09-10,Turnover-Aware Max Sharpe γ=0.10,0.22764689126821214,0.12282418187631013,1.6906026817855997
2024-09-11,Turnover-Aware Max Sharpe γ=0.10,0.23005819273166006,0.12295154568903062,1.7084632125157646
2024-09-12,Turnover-Aware Max Sharpe γ=0.10,0.2518064600172658,0.12322190707560635,1.8812114300019256
2024-09-13,Turnover-Aware Max Sharpe γ=0.10,0.26000900779066716,0.12332421983562492,1.946162790330787
2024-09-16,Turnover-Aware Max Sharpe γ=0.10,0.24736180099320015,0.12299002846488002,1.8486197932552202
2024-09-17,Turnover-Aware Max Sharpe γ=0.10,0.25877991343491513,0.12244268264514462,1.9501362456009845
2024-09-18,Turnover-Aware Max Sharpe γ=0.10,0.2542304793847412,0.12255957510117076,1.9111560985046505
2024-09-19,Turnover-Aware Max Sharpe γ=0.10,0.28098553129974424,0.12389981396644184,2.1064239157811158
2024-09-20,Turnover-Aware Max Sharpe γ=0.10,0.2954763610405047,0.12345395087883689,2.231409842127039
2024-09-23,Turnover-Aware Max Sharpe γ=0.10,0.3205635430467828,0.1221907166004826,2.459790329485601
2024-09-24,Turnover-Aware Max Sharpe γ=0.10,0.33103836945415654,0.12231943153835338,2.5428369437494496
2024-09-25,Turnover-Aware Max Sharpe γ=0.10,0.32568953741860396,0.12233537655917479,2.4987828215883163
2024-09-26,Turnover-Aware Max Sharpe γ=0.10,0.35400802850647506,0.12154615400408302,2.7479933959510965
2024-09-27,Turnover-Aware Max Sharpe γ=0.10,0.34448001469751377,0.12170796774718269,2.6660540037242124
2024-09-30,Turnover-Aware Max Sharpe γ=0.10,0.33387239330598284,0.12157318661641553,2.5817567347009223
2024-10-01,Turnover-Aware Max Sharpe γ=0.10,0.3309900643457955,0.12165420585036253,2.556344535496951
2024-10-02,Turnover-Aware Max Sharpe γ=0.10,0.33610003197342,0.12156960529906861,2.600156767769334
2024-10-03,Turnover-Aware Max Sharpe γ=0.10,0.353600714665085,0.12054572512400609,2.7674205312706692
2024-10-04,Turnover-Aware Max Sharpe γ=0.10,0.3531100545068373,0.12052981765651993,2.7637149129032808
2024-10-07,Turnover-Aware Max Sharpe γ=0.10,0.34227871493369744,0.12084351306066086,2.6669095160442775
2024-10-08,Turnover-Aware Max Sharpe γ=0.10,0.33225201196993437,0.1203683585955412,2.5941369942507557
2024-10-09,Turnover-Aware Max Sharpe γ=0.10,0.3293114314063299,0.12031700317917562,2.570803986413329
2024-10-10,Turnover-Aware Max Sharpe γ=0.10,0.3207914571572741,0.12013911194549645,2.5036930295750333
2024-10-11,Turnover-Aware Max Sharpe γ=0.10,0.32354014641001716,0.12020667019673542,2.5251522724423716
2024-10-14,Turnover-Aware Max Sharpe γ=0.10,0.34180180462001264,0.11983692566873565,2.685330943064803
2024-10-15,Turnover-Aware Max Sharpe γ=0.10,0.3422472827980536,0.119813946271518,2.689564051815709
2024-10-16,Turnover-Aware Max Sharpe γ=0.10,0.3319922258940069,0.11943934886663284,2.612139373284599
2024-10-17,Turnover-Aware Max Sharpe γ=0.10,0.33281735046912364,0.11944229211779159,2.618983150127674
2024-10-18,Turnover-Aware Max Sharpe γ=0.10,0.3617144256412501,0.1185562916834923,2.8822968464087864
2024-10-21,Turnover-Aware Max Sharpe γ=0.10,0.3733964898315081,0.11807481042978829,2.992987992486771
2024-10-22,Turnover-Aware Max Sharpe γ=0.10,0.3941933921737777,0.11731414890331601,3.1896697514480343
2024-10-23,Turnover-Aware Max Sharpe γ=0.10,0.3793536117651166,0.11803699349221113,3.0444151543797933
2024-10-24,Turnover-Aware Max Sharpe γ=0.10,0.37673970235795706,0.1179458522564576,3.0246057452047905
2024-10-25,Turnover-Aware Max Sharpe γ=0.10,0.40192763152916733,0.1166624550651577,3.273783594866533
2024-10-28,Turnover-Aware Max Sharpe γ=0.10,0.41848164302073365,0.11611299569760669,3.4318436160109087
2024-10-29,Turnover-Aware Max Sharpe γ=0.10,0.43077494733689425,0.11615195921443111,3.536530508095452
2024-10-30,Turnover-Aware Max Sharpe γ=0.10,0.4136068637648558,0.11589368131407944,3.396275442300909
2024-10-31,Turnover-Aware Max Sharpe γ=0.10,0.3796247034051423,0.11755374748121108,3.059236401311851
2024-11-01,Turnover-Aware Max Sharpe γ=0.10,0.36909449701322683,0.11722255735434835,2.97804880640814
2024-11-04,Turnover-Aware Max Sharpe γ=0.10,0.34531943912209706,0.11622474043709331,2.799054985183437
2024-11-05,Turnover-Aware Max Sharpe γ=0.10,0.34496835881741106,0.11620641452613166,2.7964752216353297
2024-11-06,Turnover-Aware Max Sharpe γ=0.10,0.35248322632267226,0.11625658189910368,2.8599088403547466
2024-11-07,Turnover-Aware Max Sharpe γ=0.10,0.36843399946921895,0.11689020339948034,2.980865712744307
2024-11-08,Turnover-Aware Max Sharpe γ=0.10,0.3680612927059639,0.11689697625015981,2.977504670104656
2024-11-11,Turnover-Aware Max Sharpe γ=0.10,0.3641360488434966,0.11706233443541808,2.9397675221772754
2024-11-12,Turnover-Aware Max Sharpe γ=0.10,0.34161136603305464,0.11689085227023126,2.751381821475176
2024-11-13,Turnover-Aware Max Sharpe γ=0.10,0.3360450348749453,0.11699657084155321,2.701318787393868
2024-11-14,Turnover-Aware Max Sharpe γ=0.10,0.30403546433115425,0.1156259842490852,2.4565020239678645
2024-11-15,Turnover-Aware Max Sharpe γ=0.10,0.2884509852889736,0.11634650114593943,2.307340424034253
2024-11-18,Turnover-Aware Max Sharpe γ=0.10,0.2978472418061746,0.11665275823212054,2.3818317373456575
2024-11-19,Turnover-Aware Max Sharpe γ=0.10,0.3004820615008239,0.11671648085047263,2.403105880652399
2024-11-20,Turnover-Aware Max Sharpe γ=0.10,0.2936897774269813,0.11658451886637493,2.34756535505949
2024-11-21,Turnover-Aware Max Sharpe γ=0.10,0.3025331282057824,0.11662813469935102,2.4225126204248086
2024-11-22,Turnover-Aware Max Sharpe γ=0.10,0.30694124167101355,0.1167124321691825,2.458531934756299
2024-11-25,Turnover-Aware Max Sharpe γ=0.10,0.2948710197736355,0.11697274431122068,2.349872368919606
2024-11-26,Turnover-Aware Max Sharpe γ=0.10,0.29971264996467384,0.11698084417783569,2.3910978923989576
2024-11-27,Turnover-Aware Max Sharpe γ=0.10,0.2927956795567026,0.11700145901187634,2.331557929794809
2024-11-29,Turnover-Aware Max Sharpe γ=0.10,0.3033812162679035,0.11723059362949058,2.417297460452473
2024-12-02,Turnover-Aware Max Sharpe γ=0.10,0.3058501160815419,0.11722129694265891,2.4385510443667164
2024-12-03,Turnover-Aware Max Sharpe γ=0.10,0.2972673415012759,0.11696698407182143,2.370475255915164
2024-12-04,Turnover-Aware Max Sharpe γ=0.10,0.32112883883873167,0.1163992742825146,2.5870336451398903
2024-12-05,Turnover-Aware Max Sharpe γ=0.10,0.31814437363738923,0.11645872706153358,2.560086145195954
2024-12-06,Turnover-Aware Max Sharpe γ=0.10,0.3245950819239083,0.11644928636700506,2.6156886952826595
2024-12-09,Turnover-Aware Max Sharpe γ=0.10,0.31351675324539774,0.1162952483697104,2.52389291359771
2024-12-10,Turnover-Aware Max Sharpe γ=0.10,0.31636807317883875,0.11627459319760826,2.5488635567631035
2024-12-11,Turnover-Aware Max Sharpe γ=0.10,0.33020396323219625,0.11670811939199614,2.657946720830034
2024-12-12,Turnover-Aware Max Sharpe γ=0.10,0.31359719080131887,0.11709850385795978,2.507266797852956
2024-12-13,Turnover-Aware Max Sharpe γ=0.10,0.29052720595478987,0.11614907497232753,2.32913784306283
2024-12-16,Turnover-Aware Max Sharpe γ=0.10,0.2941249706653972,0.11623493732053992,2.3583698411558096
2024-12-17,Turnover-Aware Max Sharpe γ=0.10,0.29269587224504146,0.11627644935948858,2.345237352423408
2024-12-18,Turnover-Aware Max Sharpe γ=0.10,0.2500565356592497,0.11976686762849331,1.9208696045459384
2024-12-19,Turnover-Aware Max Sharpe γ=0.10,0.24065708151952458,0.11966761463533114,1.8439164363052067
2024-12-20,Turnover-Aware Max Sharpe γ=0.10,0.2661699956134125,0.11932311710957465,2.0630536779168627
2024-12-23,Turnover-Aware Max Sharpe γ=0.10,0.2585021986443141,0.1190105778339368,2.0040420186608268
2024-12-24,Turnover-Aware Max Sharpe γ=0.10,0.2658855299749405,0.11923185515023378,2.062246952923121
2024-12-26,Turnover-Aware Max Sharpe γ=0.10,0.2614449872900533,0.11913903141524408,2.0265817542911457
2024-12-27,Turnover-Aware Max Sharpe γ=0.10,0.24585237062118748,0.11956430926357765,1.8889614468754172
2024-12-30,Turnover-Aware Max Sharpe γ=0.10,0.23713207872337527,0.11994038796524872,1.810333303126272
2024-12-31,Turnover-Aware Max Sharpe γ=0.10,0.23807573750604116,0.11992112100081849,1.818493153550097
2025-01-02,Turnover-Aware Max Sharpe γ=0.10,0.2517936306154711,0.11955434206912992,1.9388139870439927
2025-01-03,Turnover-Aware Max Sharpe γ=0.10,0.271517219238105,0.11928917387549928,2.1084664355259144
2025-01-06,Turnover-Aware Max Sharpe γ=0.10,0.2813743175081389,0.11934725607430731,2.190032063622841
2025-01-07,Turnover-Aware Max Sharpe γ=0.10,0.27111349671032037,0.11962486822870183,2.0991746986106206
2025-01-08,Turnover-Aware Max Sharpe γ=0.10,0.2619502444289139,0.11934369663008407,2.0273399539387427
2025-01-10,Turnover-Aware Max Sharpe γ=0.10,0.2527590339675805,0.11966394206120319,1.9451058519243316
2025-01-13,Turnover-Aware Max Sharpe γ=0.10,0.24345556401081625,0.11972305366678711,1.866437224636261
2025-01-14,Turnover-Aware Max Sharpe γ=0.10,0.24468884237458033,0.11972864614250485,1.8766506564114032
2025-01-15,Turnover-Aware Max Sharpe γ=0.10,0.2597792554332856,0.12063112820337274,1.9877063159770862
2025-01-16,Turnover-Aware Max Sharpe γ=0.10,0.26682700167269124,0.12045363689373538,2.0491452814367315
2025-01-17,Turnover-Aware Max Sharpe γ=0.10,0.2853391054174832,0.12028930304716158,2.205841240209466
2025-01-21,Turnover-Aware Max Sharpe γ=0.10,0.28646482472426715,0.12036092052479436,2.2138815785259416
2025-01-22,Turnover-Aware Max Sharpe γ=0.10,0.281395551919984,0.12010136128721198,2.1764578612467114
2025-01-23,Turnover-Aware Max Sharpe γ=0.10,0.2845546096283116,0.12010999476834035,2.20260279037199
2025-01-24,Turnover-Aware Max Sharpe γ=0.10,0.2805160275602663,0.12009910444390626,2.1691754386223874
2025-01-27,Turnover-Aware Max Sharpe γ=0.10,0.2595528899252788,0.12130989835320226,1.9747184127366408
2025-01-28,Turnover-Aware Max Sharpe γ=0.10,0.2670984921614936,0.12158419169529452,2.0323241756687738
2025-01-29,Turnover-Aware Max Sharpe γ=0.10,0.26565393743719334,0.12161679927773066,2.0199013532349657
2025-01-30,Turnover-Aware Max Sharpe γ=0.10,0.2661313885957437,0.12163995633656532,2.02344193477613
2025-01-31,Turnover-Aware Max Sharpe γ=0.10,0.2655860715170273,0.12165105182613206,2.0187747481873606
2025-02-03,Turnover-Aware Max Sharpe γ=0.10,0.27519531199326863,0.12110944355281561,2.1071462679289614
2025-02-04,Turnover-Aware Max Sharpe γ=0.10,0.2729841712852925,0.1209683462844819,2.0913253677978556
2025-02-05,Turnover-Aware Max Sharpe γ=0.10,0.27401339288180204,0.12099542656255086,2.0993635883459203
2025-02-06,Turnover-Aware Max Sharpe γ=0.10,0.28163308786142593,0.12091167710425381,2.1638363980001514
2025-02-07,Turnover-Aware Max Sharpe γ=0.10,0.26962551267298807,0.12116407649460943,2.060227089537499
2025-02-10,Turnover-Aware Max Sharpe γ=0.10,0.2771667459817466,0.12153238063564466,2.1160347936632227
2025-02-11,Turnover-Aware Max Sharpe γ=0.10,0.2754405299509928,0.12154834236247267,2.1015550272930628
2025-02-12,Turnover-Aware Max Sharpe γ=0.10,0.2703914121048141,0.12151892290894739,2.0605137546555548
2025-02-13,Turnover-Aware Max Sharpe γ=0.10,0.2876645863452456,0.12195122794526138,2.1948494562546648
2025-02-14,Turnover-Aware Max Sharpe γ=0.10,0.3025799880728852,0.12102353062260354,2.334917735577182
2025-02-18,Turnover-Aware Max Sharpe γ=0.10,0.30298738636483824,0.1210392379848759,2.337980567922925
2025-02-19,Turnover-Aware Max Sharpe γ=0.10,0.2949759361874713,0.1209390528224931,2.273673637836936
2025-02-20,Turnover-Aware Max Sharpe γ=0.10,0.2963480305926862,0.120908470899224,2.285596935743398
2025-02-21,Turnover-Aware Max Sharpe γ=0.10,0.28262689686692055,0.12160934203294886,2.1595947521512313
2025-02-24,Turnover-Aware Max Sharpe γ=0.10,0.2794116711444288,0.12167340712632801,2.1320326049150027
2025-02-25,Turnover-Aware Max Sharpe γ=0.10,0.24848581551329163,0.12106312736757646,1.8873278799378306
2025-02-26,Turnover-Aware Max Sharpe γ=0.10,0.24888426446697753,0.12106418021403186,1.890602687453286
2025-02-27,Turnover-Aware Max Sharpe γ=0.10,0.22791645269328065,0.12262726293542327,1.6955157255917188
2025-02-28,Turnover-Aware Max Sharpe γ=0.10,0.23590812659971983,0.12282089325867895,1.7579104081663484
2025-03-03,Turnover-Aware Max Sharpe γ=0.10,0.23004864268755476,0.1230241250726746,1.7073776591662146
2025-03-04,Turnover-Aware Max Sharpe γ=0.10,0.22108693330259088,0.12296708723999557,1.6352906929488245
2025-03-05,Turnover-Aware Max Sharpe γ=0.10,0.21647580434510316,0.12261494452102413,1.6023805671698894
2025-03-06,Turnover-Aware Max Sharpe γ=0.10,0.1930280417934198,0.12375499520551109,1.3981499615921322
2025-03-07,Turnover-Aware Max Sharpe γ=0.10,0.2072524400482867,0.12360211257612902,1.5149614852493252
2025-03-10,Turnover-Aware Max Sharpe γ=0.10,0.169303490175422,0.12601830393961788,1.1847762230394825
2025-03-11,Turnover-Aware Max Sharpe γ=0.10,0.15720751700399127,0.1256378125721879,1.0920877576180004
2025-03-12,Turnover-Aware Max Sharpe γ=0.10,0.16989472565103436,0.12571680924102435,1.1923204745330125
2025-03-13,Turnover-Aware Max Sharpe γ=0.10,0.16597601697116038,0.1258158547226394,1.1602354670877053
2025-03-14,Turnover-Aware Max Sharpe γ=0.10,0.1779946490422577,0.1266039888365198,1.247943690354589
2025-03-17,Turnover-Aware Max Sharpe γ=0.10,0.1870320107193788,0.12675436580896782,1.3177614013793706
2025-03-18,Turnover-Aware Max Sharpe γ=0.10,0.18520400385455504,0.12681281496222077,1.3027390323586108
2025-03-19,Turnover-Aware Max Sharpe γ=0.10,0.20352349461558505,0.12686079037455145,1.4466526187779474
2025-03-20,Turnover-Aware Max Sharpe γ=0.10,0.19369932355727948,0.12684479883610483,1.3693846744296942
2025-03-21,Turnover-Aware Max Sharpe γ=0.10,0.1887067329934473,0.1268638819032195,1.3298247733121427
2025-03-24,Turnover-Aware Max Sharpe γ=0.10,0.18828297647763148,0.12683515506735923,1.3267849626411563
2025-03-25,Turnover-Aware Max Sharpe γ=0.10,0.19095553758869332,0.12687894604341676,1.3473909022714767
2025-03-26,Turnover-Aware Max Sharpe γ=0.10,0.1816390265284875,0.12733828781027964,1.2693670482621244
2025-03-27,Turnover-Aware Max Sharpe γ=0.10,0.1850759047717483,0.12732865333600712,1.2964552788925685
2025-03-28,Turnover-Aware Max Sharpe γ=0.10,0.17065465376242095,0.12801790113711706,1.1768249004571494
2025-03-31,Turnover-Aware Max Sharpe γ=0.10,0.16961488863976437,0.12798133702459943,1.1690367683141702
2025-04-01,Turnover-Aware Max Sharpe γ=0.10,0.16936348057057016,0.1279774927297291,1.1671074138481938
2025-04-02,Turnover-Aware Max Sharpe γ=0.10,0.1719123618986853,0.12803209332322793,1.1865178327996997
2025-04-03,Turnover-Aware Max Sharpe γ=0.10,0.13205633351950796,0.13283351028504112,0.8435848249365059
2025-04-04,Turnover-Aware Max Sharpe γ=0.10,0.07117635201166195,0.1419991897430039,0.3603989016013616
2025-04-07,Turnover-Aware Max Sharpe γ=0.10,0.0735121140346433,0.14184561694188047,0.37725602798547697
2025-04-08,Turnover-Aware Max Sharpe γ=0.10,0.05131181920945327,0.14164167848826184,0.22106359896072642
2025-04-09,Turnover-Aware Max Sharpe γ=0.10,0.1390874035414822,0.16574029328191048,0.7185181176126219
2025-04-10,Turnover-Aware Max Sharpe γ=0.10,0.11223802818367234,0.16706020990698506,0.5521244600077312
2025-04-11,Turnover-Aware Max Sharpe γ=0.10,0.14469471498499087,0.16777567813491048,0.7432228340315353
2025-04-14,Turnover-Aware Max Sharpe γ=0.10,0.13470209458226967,0.1673434360069092,0.6854293022735226
2025-04-15,Turnover-Aware Max Sharpe γ=0.10,0.1536760243819566,0.16666357849017768,0.8020710079127145
2025-04-16,Turnover-Aware Max Sharpe γ=0.10,0.1502480043748744,0.1667611742166791,0.7810451382744418
2025-04-17,Turnover-Aware Max Sharpe γ=0.10,0.15172294827276223,0.16675260058525368,0.7899303987491203
2025-04-21,Turnover-Aware Max Sharpe γ=0.10,0.15375850527578838,0.16667525429900007,0.8025096817061874
2025-04-22,Turnover-Aware Max Sharpe γ=0.10,0.17117612575644459,0.1671561477781112,0.9044006323783016
2025-04-23,Turnover-Aware Max Sharpe γ=0.10,0.1859382593945027,0.16698327847910302,0.9937417740619394
2025-04-24,Turnover-Aware Max Sharpe γ=0.10,0.2107539124798905,0.1681390667180937,1.1345008403056824
2025-04-25,Turnover-Aware Max Sharpe γ=0.10,0.20390917595289748,0.16797776430820968,1.0948423841113666
2025-04-28,Turnover-Aware Max Sharpe γ=0.10,0.2097285190760867,0.16802799812780564,1.1291482442811418
2025-04-29,Turnover-Aware Max Sharpe γ=0.10,0.21265145608871094,0.16801542079406184,1.146629608033692
2025-04-30,Turnover-Aware Max Sharpe γ=0.10,0.19880097147686326,0.16783041007406224,1.0653669462998976
2025-05-01,Turnover-Aware Max Sharpe γ=0.10,0.1944958121204421,0.1678414143463538,1.0396469357697167
2025-05-02,Turnover-Aware Max Sharpe γ=0.10,0.22783612840944834,0.1670587280322891,1.2440902122113475
2025-05-05,Turnover-Aware Max Sharpe γ=0.10,0.23591472294489435,0.16712827731847626,1.2919101806659063
2025-05-06,Turnover-Aware Max Sharpe γ=0.10,0.23193340322849787,0.16703964875611793,1.268761068445049
2025-05-07,Turnover-Aware Max Sharpe γ=0.10,0.21607461873694533,0.1667934959245181,1.1755531452238301
2025-05-08,Turnover-Aware Max Sharpe γ=0.10,0.20104135810637258,0.16655478259609421,1.0869778416715252
2025-05-09,Turnover-Aware Max Sharpe γ=0.10,0.20459141853374074,0.16655393311573413,1.1082981655285968
2025-05-12,Turnover-Aware Max Sharpe γ=0.10,0.21928649539976663,0.166857144542204,1.1943539843411388
2025-05-13,Turnover-Aware Max Sharpe γ=0.10,0.21838193132563188,0.16682713661403353,1.189146654147776
2025-05-14,Turnover-Aware Max Sharpe γ=0.10,0.2076353647464777,0.16690878946082716,1.1241790522392772
2025-05-15,Turnover-Aware Max Sharpe γ=0.10,0.22040879990588835,0.16702437162351524,1.1998775864735716
2025-05-16,Turnover-Aware Max Sharpe γ=0.10,0.2117285860238205,0.16693049732656015,1.1485533745745018
2025-05-19,Turnover-Aware Max Sharpe γ=0.10,0.2021599569039647,0.16652014564478068,1.093921436344085
2025-05-20,Turnover-Aware Max Sharpe γ=0.10,0.21076835824426898,0.1665131702221038,1.1456652827509823
2025-05-21,Turnover-Aware Max Sharpe γ=0.10,0.19566452270091617,0.16662522490531256,1.0542492758868913
2025-05-22,Turnover-Aware Max Sharpe γ=0.10,0.18904763690257864,0.16661893211715753,1.0145764035008542
2025-05-23,Turnover-Aware Max Sharpe γ=0.10,0.19136873101061203,0.1666301593325589,1.0284376591670656
2025-05-27,Turnover-Aware Max Sharpe γ=0.10,0.21024927954498085,0.1666022481973526,1.1419370482901086
2025-05-28,Turnover-Aware Max Sharpe γ=0.10,0.21674264129830112,0.16633962805717484,1.1827767297319918
2025-05-29,Turnover-Aware Max Sharpe γ=0.10,0.21450741896016234,0.16629313663389966,1.1696659459156
2025-05-30,Turnover-Aware Max Sharpe γ=0.10,0.20631012234705315,0.16628257689689366,1.1204428378721718
2025-06-02,Turnover-Aware Max Sharpe γ=0.10,0.23180343055397312,0.16641526135946888,1.2727404255097887
2025-06-03,Turnover-Aware Max Sharpe γ=0.10,0.23659807379816056,0.16635101847745465,1.3020543894506773
2025-06-04,Turnover-Aware Max Sharpe γ=0.10,0.239345829972474,0.16637228226628825,1.3184036847039136
2025-06-05,Turnover-Aware Max Sharpe γ=0.10,0.22716182799103835,0.1664325748587777,1.2447192394086344
2025-06-06,Turnover-Aware Max Sharpe γ=0.10,0.23045871412613383,0.1664133068974334,1.2646747910360754
2025-06-09,Turnover-Aware Max Sharpe γ=0.10,0.21625555920195105,0.16590683690063732,1.182926290852557
2025-06-10,Turnover-Aware Max Sharpe γ=0.10,0.2176319255110346,0.1659218299129621,1.1911146689661436
2025-06-11,Turnover-Aware Max Sharpe γ=0.10,0.23309409817256954,0.16538914165126653,1.2884406802345703
2025-06-12,Turnover-Aware Max Sharpe γ=0.10,0.23512835927593567,0.1654369870107163,1.300364345138857
2025-06-13,Turnover-Aware Max Sharpe γ=0.10,0.22726722005066602,0.16549767326360462,1.2523875167751204
2025-06-16,Turnover-Aware Max Sharpe γ=0.10,0.2196001395351037,0.16533072274872976,1.2072779711878279
2025-06-17,Turnover-Aware Max Sharpe γ=0.10,0.21484632470318732,0.1654351966906021,1.1777803550933004
2025-06-18,Turnover-Aware Max Sharpe γ=0.10,0.20758961093489692,0.16540952700753497,1.1340919373184084
2025-06-20,Turnover-Aware Max Sharpe γ=0.10,0.19848321606619312,0.1653944819008218,1.0791364622020458
2025-06-23,Turnover-Aware Max Sharpe γ=0.10,0.20420147702942715,0.165512419477522,1.1129163455582456
2025-06-24,Turnover-Aware Max Sharpe γ=0.10,0.20784467722026,0.16553809336980588,1.1347519679390174
2025-06-25,Turnover-Aware Max Sharpe γ=0.10,0.2173036704812723,0.16537364742938065,1.1930780601880762
2025-06-26,Turnover-Aware Max Sharpe γ=0.10,0.22704654592599383,0.16540923484010256,1.2517230136886923
2025-06-27,Turnover-Aware Max Sharpe γ=0.10,0.2198775305888505,0.1654251073668554,1.2082659867682095
2025-06-30,Turnover-Aware Max Sharpe γ=0.10,0.23140447844758194,0.16550177842097077,1.2773547237048593
2025-07-01,Turnover-Aware Max Sharpe γ=0.10,0.22565715564788524,0.16545882355491892,1.2429506703196385
2025-07-02,Turnover-Aware Max Sharpe γ=0.10,0.2347837016259875,0.16546974849169638,1.298023980720354
2025-07-03,Turnover-Aware Max Sharpe γ=0.10,0.23362227697543125,0.1654584324673038,1.2910933204788164
2025-07-07,Turnover-Aware Max Sharpe γ=0.10,0.22082011616112784,0.16550187164648497,1.2134008767591662
2025-07-08,Turnover-Aware Max Sharpe γ=0.10,0.20766504323567303,0.165362806290289,1.1348685199877002
2025-07-09,Turnover-Aware Max Sharpe γ=0.10,0.2032995628280776,0.16520873932476787,1.1095028239864886
2025-07-10,Turnover-Aware Max Sharpe γ=0.10,0.20821162457899267,0.16516120346038993,1.1395631700160798
2025-07-11,Turnover-Aware Max Sharpe γ=0.10,0.20749992748542523,0.16516277855677092,1.1352432377551485
2025-07-14,Turnover-Aware Max Sharpe γ=0.10,0.19759962113048224,0.16497740918189457,1.0765087293537938
2025-07-15,Turnover-Aware Max Sharpe γ=0.10,0.19773989693604865,0.16497437555950348,1.0773788131232591
2025-07-16,Turnover-Aware Max Sharpe γ=0.10,0.1962103557504229,0.16494998882667097,1.0682653391118704
2025-07-17,Turnover-Aware Max Sharpe γ=0.10,0.19814140964621774,0.16496728882130862,1.0798589885245629
2025-07-18,Turnover-Aware Max Sharpe γ=0.10,0.18851741000217115,0.16479223394494014,1.022605288902605
2025-07-21,Turnover-Aware Max Sharpe γ=0.10,0.21531727181540172,0.164166964940919,1.1897477174271522
2025-07-22,Turnover-Aware Max Sharpe γ=0.10,0.22619325001555146,0.16400220026341694,1.2572590470394187
2025-07-23,Turnover-Aware Max Sharpe γ=0.10,0.24177385857807399,0.1635979408523457,1.3556029948948722
2025-07-24,Turnover-Aware Max Sharpe γ=0.10,0.2285454202009367,0.1634363164239169,1.2760041633587542
2025-07-25,Turnover-Aware Max Sharpe γ=0.10,0.22860227012588163,0.163435782770739,1.2763561723719972
2025-07-28,Turnover-Aware Max Sharpe γ=0.10,0.24982588290269025,0.16215012448764313,1.4173648255213303
2025-07-29,Turnover-Aware Max Sharpe γ=0.10,0.26271370536553396,0.16176719735244036,1.5003888880929077
2025-07-30,Turnover-Aware Max Sharpe γ=0.10,0.2414835203967911,0.1616161980638742,1.3704289733956994
2025-07-31,Turnover-Aware Max Sharpe γ=0.10,0.23984024576987184,0.1616297826253516,1.3601468875290683
2025-08-01,Turnover-Aware Max Sharpe γ=0.10,0.23931355015561162,0.1616390791114121,1.356810193186306
2025-08-04,Turnover-Aware Max Sharpe γ=0.10,0.228926661789842,0.16081675463264225,1.2991597938106538
2025-08-05,Turnover-Aware Max Sharpe γ=0.10,0.24420765300692704,0.16005285087732593,1.4008351102647536
2025-08-06,Turnover-Aware Max Sharpe γ=0.10,0.26967414704256676,0.15932704627877897,1.5670543882782146
2025-08-07,Turnover-Aware Max Sharpe γ=0.10,0.3057424203333823,0.15741823078992576,1.8151799756579963
2025-08-08,Turnover-Aware Max Sharpe γ=0.10,0.3076756908673708,0.1574470039953341,1.8271271193950187
2025-08-11,Turnover-Aware Max Sharpe γ=0.10,0.306318978951571,0.15749050088097535,1.8180079265095406
2025-08-12,Turnover-Aware Max Sharpe γ=0.10,0.28659231367519356,0.15613664610581846,1.7074294877226708
2025-08-13,Turnover-Aware Max Sharpe γ=0.10,0.2850369388831626,0.15611820509617322,1.6976683707059812
2025-08-14,Turnover-Aware Max Sharpe γ=0.10,0.27460108179861153,0.15607905111430803,1.6312316097574724
2025-08-15,Turnover-Aware Max Sharpe γ=0.10,0.2559885139090976,0.1555778320051733,1.5168517960916854
2025-08-18,Turnover-Aware Max Sharpe γ=0.10,0.25627137406789524,0.1555751106493874,1.5186964873858864
2025-08-19,Turnover-Aware Max Sharpe γ=0.10,0.2298344687931162,0.15512105286966762,1.352714315118907
2025-08-20,Turnover-Aware Max Sharpe γ=0.10,0.22117700817040986,0.15494076361594875,1.2984123962953145
2025-08-21,Turnover-Aware Max Sharpe γ=0.10,0.20699723239594658,0.15487470025365851,1.2074098099281343
2025-08-22,Turnover-Aware Max Sharpe γ=0.10,0.2233588551736525,0.1553685869453649,1.3088801228858657
2025-08-25,Turnover-Aware Max Sharpe γ=0.10,0.21475134158666842,0.155432712552345,1.2529623808828667
2025-08-26,Turnover-Aware Max Sharpe γ=0.10,0.2340541612259477,0.1549972060894535,1.381019481747372
2025-08-27,Turnover-Aware Max Sharpe γ=0.10,0.2215718639065407,0.15461485779386133,1.3037030643929728
2025-08-28,Turnover-Aware Max Sharpe γ=0.10,0.23195544780398514,0.15462922940457516,1.3707333899299237
2025-08-29,Turnover-Aware Max Sharpe γ=0.10,0.2258438575795465,0.15465412083949662,1.3309949742184737
2025-09-02,Turnover-Aware Max Sharpe γ=0.10,0.23737224650942057,0.1544230418698738,1.4076412682803618
2025-09-03,Turnover-Aware Max Sharpe γ=0.10,0.24323961118371007,0.1545153168767821,1.444773344779353
2025-09-04,Turnover-Aware Max Sharpe γ=0.10,0.24306431377686688,0.15451211695395778,1.4436687437486642
2025-09-05,Turnover-Aware Max Sharpe γ=0.10,0.2716820594314182,0.153360578871393,1.6411131288339542
2025-09-08,Turnover-Aware Max Sharpe γ=0.10,0.2821771482486659,0.15343882575635975,1.7086754083022506
2025-09-09,Turnover-Aware Max Sharpe γ=0.10,0.27973598797279386,0.153437680594083,1.6927783773004323
2025-09-10,Turnover-Aware Max Sharpe γ=0.10,0.3048374029979968,0.15234750746969167,1.8696558134018892
2025-09-11,Turnover-Aware Max Sharpe γ=0.10,0.29831714036270984,0.15215234402577218,1.829200477618454
2025-09-12,Turnover-Aware Max Sharpe γ=0.10,0.2933730239540664,0.15210393968735317,1.797277733344577
2025-09-15,Turnover-Aware Max Sharpe γ=0.10,0.2906355290772764,0.15199693747736,1.7805327763106256
2025-09-16,Turnover-Aware Max Sharpe γ=0.10,0.27561427839898145,0.15163578205796463,1.6857121381895848
2025-09-17,Turnover-Aware Max Sharpe γ=0.10,0.26314965785153976,0.1516214623543081,1.6036625295391833
2025-09-18,Turnover-Aware Max Sharpe γ=0.10,0.26651213252428585,0.15162596103759554,1.6257910639930808
2025-09-19,Turnover-Aware Max Sharpe γ=0.10,0.276406433495215,0.15167563353358524,1.6904919235985219
2025-09-22,Turnover-Aware Max Sharpe γ=0.10,0.29310725545005356,0.15173173906715215,1.7999349188845983
2025-09-23,Turnover-Aware Max Sharpe γ=0.10,0.2660986951378359,0.15064671500132393,1.6336147464992723
2025-09-24,Turnover-Aware Max Sharpe γ=0.10,0.25725641784800257,0.15077388046088752,1.5735909769169178
2025-09-25,Turnover-Aware Max Sharpe γ=0.10,0.25164387614793693,0.15079409140874042,1.5361601637297988
2025-09-26,Turnover-Aware Max Sharpe γ=0.10,0.24910851851398008,0.15072428819449415,1.520050426234816
2025-09-29,Turnover-Aware Max Sharpe γ=0.10,0.26018747920848573,0.15085073067713142,1.5922195280748317
2025-09-30,Turnover-Aware Max Sharpe γ=0.10,0.2570296539182746,0.15076751149754322,1.5721533874500344
2025-10-01,Turnover-Aware Max Sharpe γ=0.10,0.26793904748660236,0.15066746196248695,1.6456044606919442
2025-10-02,Turnover-Aware Max Sharpe γ=0.10,0.26916601699039866,0.1506595048592519,1.6538353635449212
2025-10-03,Turnover-Aware Max Sharpe γ=0.10,0.2776962415462252,0.15056495992731195,1.7115286429899284
2025-10-06,Turnover-Aware Max Sharpe γ=0.10,0.28665424197386047,0.1506997184401991,1.7694408770887955
2025-10-07,Turnover-Aware Max Sharpe γ=0.10,0.2883132792431622,0.15067987897060678,1.7806841966969074
2025-10-08,Turnover-Aware Max Sharpe γ=0.10,0.29126201768992543,0.15077773503385064,1.7990853731091345
2025-10-09,Turnover-Aware Max Sharpe γ=0.10,0.29134996616363495,0.1507738977185932,1.799714474915856
2025-10-10,Turnover-Aware Max Sharpe γ=0.10,0.2721828954704415,0.15112512352141458,1.668702659056599
2025-10-13,Turnover-Aware Max Sharpe γ=0.10,0.2881538158958137,0.15180093171671788,1.7664833335557308
2025-10-14,Turnover-Aware Max Sharpe γ=0.10,0.28882944168028524,0.15180241253638097,1.7709167936699133
2025-10-15,Turnover-Aware Max Sharpe γ=0.10,0.2909418943249449,0.15186588421216177,1.784086634931318
2025-10-16,Turnover-Aware Max Sharpe γ=0.10,0.29261368942715116,0.15190340911650058,1.7946515553056035
2025-10-17,Turnover-Aware Max Sharpe γ=0.10,0.29738462840580593,0.1517531642449236,1.8278671801407587
2025-10-20,Turnover-Aware Max Sharpe γ=0.10,0.3148752048023089,0.15253452239754087,1.9331702762591323
2025-10-21,Turnover-Aware Max Sharpe γ=0.10,0.2863279943165493,0.15394909376665997,1.7299744207667866
2025-10-22,Turnover-Aware Max Sharpe γ=0.10,0.2737030052778633,0.15388374948460878,1.6486666469173747
2025-10-23,Turnover-Aware Max Sharpe γ=0.10,0.2801266051530318,0.15389499222360353,1.6902863530158132
2025-10-24,Turnover-Aware Max Sharpe γ=0.10,0.2804386324192858,0.1538980709658234,1.692280031743362
2025-10-27,Turnover-Aware Max Sharpe γ=0.10,0.29351355882079644,0.1533730770127808,1.783321845971729
2025-10-28,Turnover-Aware Max Sharpe γ=0.10,0.28566264839024047,0.15329929707394185,1.732967165936199
2025-10-29,Turnover-Aware Max Sharpe γ=0.10,0.2803996304466585,0.15332835023548222,1.6983136520202287
2025-10-30,Turnover-Aware Max Sharpe γ=0.10,0.27809615567650714,0.15332995400787247,1.683272895674746
2025-10-31,Turnover-Aware Max Sharpe γ=0.10,0.26989070211439015,0.15324368552678588,1.6306753603280513
2025-11-03,Turnover-Aware Max Sharpe γ=0.10,0.2748307946340913,0.1532123376871156,1.663252440900008
2025-11-04,Turnover-Aware Max Sharpe γ=0.10,0.28325724621960013,0.15250956426063525,1.7261687651910125
2025-11-05,Turnover-Aware Max Sharpe γ=0.10,0.2866573227373461,0.15255753959253215,1.7479131051114516
2025-11-06,Turnover-Aware Max Sharpe γ=0.10,0.2811883811658309,0.15267423402023955,1.7107561262184288
2025-11-07,Turnover-Aware Max Sharpe γ=0.10,0.27221502283116483,0.1524613943853283,1.6542877877249431
2025-11-10,Turnover-Aware Max Sharpe γ=0.10,0.2866303676006634,0.1531883580007128,1.740539366571334
2025-11-11,Turnover-Aware Max Sharpe γ=0.10,0.2730457947430516,0.15269610462778999,1.6571856587951124
2025-11-12,Turnover-Aware Max Sharpe γ=0.10,0.28229528359999767,0.15273636571025093,1.717307351004972
2025-11-13,Turnover-Aware Max Sharpe γ=0.10,0.2764099420695627,0.15304190711501314,1.6754230713870222
2025-11-14,Turnover-Aware Max Sharpe γ=0.10,0.27639272559478445,0.1530425177611682,1.6753038916603573
2025-11-17,Turnover-Aware Max Sharpe γ=0.10,0.27076260774754246,0.15324587271049928,1.6363416731050535
2025-11-18,Turnover-Aware Max Sharpe γ=0.10,0.2729837894165752,0.15319205707407874,1.6514158387091857
2025-11-19,Turnover-Aware Max Sharpe γ=0.10,0.29082822066748304,0.1526473585695895,1.7742083662981745
2025-11-20,Turnover-Aware Max Sharpe γ=0.10,0.26759938339713507,0.15271218504422057,1.621346609148695
2025-11-21,Turnover-Aware Max Sharpe γ=0.10,0.26723954580562914,0.15270356903809792,1.6190816453277888
2025-11-24,Turnover-Aware Max Sharpe γ=0.10,0.2818129361949171,0.15316444289658043,1.709358459728791
2025-11-25,Turnover-Aware Max Sharpe γ=0.10,0.2814930464199603,0.15315776503433232,1.7073443606423953
2025-11-26,Turnover-Aware Max Sharpe γ=0.10,0.2829294782098708,0.15319616931626068,1.7162927727460005
2025-11-28,Turnover-Aware Max Sharpe γ=0.10,0.3000130885883612,0.15308531205029394,1.8291309913283318
2025-12-01,Turnover-Aware Max Sharpe γ=0.10,0.2936499572438751,0.1530966280690876,1.7874329480358353
2025-12-02,Turnover-Aware Max Sharpe γ=0.10,0.2967293926098602,0.1530662894276011,1.8079055397808579
2025-12-03,Turnover-Aware Max Sharpe γ=0.10,0.28787272967831434,0.1528893690724802,1.7520690372613414
2025-12-04,Turnover-Aware Max Sharpe γ=0.10,0.28505657245737015,0.15289921037876403,1.7335378763616134
2025-12-05,Turnover-Aware Max Sharpe γ=0.10,0.2823402717482739,0.15289733559204122,1.7157936123115118
2025-12-08,Turnover-Aware Max Sharpe γ=0.10,0.27092531104236905,0.15283484796937105,1.641806920190452
2025-12-09,Turnover-Aware Max Sharpe γ=0.10,0.2763543814379821,0.15278080066386335,1.6779227515765767
2025-12-10,Turnover-Aware Max Sharpe γ=0.10,0.27771089315380726,0.15280090370135474,1.68657963998365
2025-12-11,Turnover-Aware Max Sharpe γ=0.10,0.2828723555885839,0.15280152703906352,1.7203516265997847
2025-12-12,Turnover-Aware Max Sharpe γ=0.10,0.2746994584267042,0.15293205135608567,1.6654419800703786
2025-12-15,Turnover-Aware Max Sharpe γ=0.10,0.2595416233673302,0.15260151049600798,1.5697198709812024
2025-12-16,Turnover-Aware Max Sharpe γ=0.10,0.27158386963270087,0.15228943883063426,1.6520112725117793
2025-12-17,Turnover-Aware Max Sharpe γ=0.10,0.26911862698935995,0.1523357752349072,1.635325822875225
2025-12-18,Turnover-Aware Max Sharpe γ=0.10,0.2675696647089283,0.15230022049422023,1.6255371391161153
2025-12-19,Turnover-Aware Max Sharpe γ=0.10,0.27792858756015115,0.1522572927021926,1.6940310902850881
2025-12-22,Turnover-Aware Max Sharpe γ=0.10,0.32641610959033707,0.14965117880757445,2.047535555896524
2025-12-23,Turnover-Aware Max Sharpe γ=0.10,0.3358351813980418,0.14970098761748415,2.1097735320562054
2025-12-24,Turnover-Aware Max Sharpe γ=0.10,0.32493044636168067,0.14949209123326856,2.03977644466733
2025-12-26,Turnover-Aware Max Sharpe γ=0.10,0.3246358878935294,0.14948806307825716,2.0378609610725382
2025-12-29,Turnover-Aware Max Sharpe γ=0.10,0.29476156053120617,0.15011726195423233,1.8303128964274296
2025-12-30,Turnover-Aware Max Sharpe γ=0.10,0.2907211475696312,0.1501237727401144,1.8033196383779135
2025-12-31,Turnover-Aware Max Sharpe γ=0.10,0.2949124774206908,0.14993419344244072,1.8335542487593324
2026-01-02,Turnover-Aware Max Sharpe γ=0.10,0.3083139247723623,0.14959113357427864,1.9273463465613865
2026-01-05,Turnover-Aware Max Sharpe γ=0.10,0.32607416584691884,0.14994251464764108,2.0412767290596725
2026-01-06,Turnover-Aware Max Sharpe γ=0.10,0.33094264014586616,0.15001831405381752,2.0726978709700647
2026-01-07,Turnover-Aware Max Sharpe γ=0.10,0.31833406252153496,0.14996657079098538,1.9893370965809138
2026-01-08,Turnover-Aware Max Sharpe γ=0.10,0.31025424584853023,0.14990272574596503,1.9362839761860906
2026-01-09,Turnover-Aware Max Sharpe γ=0.10,0.3274975493248906,0.1497501560357039,2.0534038659136757
2026-01-12,Turnover-Aware Max Sharpe γ=0.10,0.33256995653282706,0.14981857449053004,2.0863231251248116
2026-01-13,Turnover-Aware Max Sharpe γ=0.10,0.3421728666768471,0.14955185050303796,2.154255300707914
2026-01-14,Turnover-Aware Max Sharpe γ=0.10,0.347819055371801,0.14947054215945887,2.1932017549121854
2026-01-15,Turnover-Aware Max Sharpe γ=0.10,0.3435352283770783,0.14948661618508466,2.16430899724493
2026-01-16,Turnover-Aware Max Sharpe γ=0.10,0.3187053047902515,0.14881462775242876,2.007230803192171
2026-01-20,Turnover-Aware Max Sharpe γ=0.10,0.3209443166176027,0.14881017262722585,2.02233699016987
2026-01-21,Turnover-Aware Max Sharpe γ=0.10,0.3254303167037089,0.14898179067237757,2.050118442832881
2026-01-22,Turnover-Aware Max Sharpe γ=0.10,0.32140208026951234,0.14880612087515888,2.0254682972508506
2026-01-23,Turnover-Aware Max Sharpe γ=0.10,0.31943231107497017,0.14875613068227586,2.012907365240088
2026-01-26,Turnover-Aware Max Sharpe γ=0.10,0.32482470985448963,0.14885473910300234,2.047799832852896
2026-01-27,Turnover-Aware Max Sharpe γ=0.10,0.3379224387907014,0.14909560750610273,2.132339403611795
2026-01-28,Turnover-Aware Max Sharpe γ=0.10,0.37621568145954276,0.14847341461764285,2.399188315139714
2026-01-29,Turnover-Aware Max Sharpe γ=0.10,0.3625494606993185,0.14825776957088618,2.3104992182924753
2026-01-30,Turnover-Aware Max Sharpe γ=0.10,0.32012567390633295,0.15236340697860268,1.9698015413141912
2026-02-02,Turnover-Aware Max Sharpe γ=0.10,0.29570446187701127,0.15259773737702095,1.8067401693894867
2026-02-03,Turnover-Aware Max Sharpe γ=0.10,0.31750636664845544,0.15313889767237712,1.9427223988835007
2026-02-04,Turnover-Aware Max Sharpe γ=0.10,0.3163046245290593,0.15317216148492027,1.934454809911593
2026-02-05,Turnover-Aware Max Sharpe γ=0.10,0.28802959934196126,0.15347441933554778,1.7464122066880508
2026-02-06,Turnover-Aware Max Sharpe γ=0.10,0.30360247197873,0.15430043218376624,1.8379888375229547
2026-02-09,Turnover-Aware Max Sharpe γ=0.10,0.31397904665857457,0.15456819362400046,1.901937518747888
2026-02-10,Turnover-Aware Max Sharpe γ=0.10,0.31888572706291285,0.15441819237073914,1.9355603279264197
2026-02-11,Turnover-Aware Max Sharpe γ=0.10,0.3080290904176852,0.15408564538683303,1.8692791901191461
2026-02-12,Turnover-Aware Max Sharpe γ=0.10,0.2884257493736073,0.1550265441597914,1.7314825072597329
2026-02-13,Turnover-Aware Max Sharpe γ=0.10,0.30038066030164745,0.15523451833425128,1.8061747046358028
2026-02-17,Turnover-Aware Max Sharpe γ=0.10,0.27349491957650107,0.15521454479076174,1.6331904971807054
2026-02-18,Turnover-Aware Max Sharpe γ=0.10,0.2885930233726297,0.15535279696390272,1.7289229973441618
2026-02-19,Turnover-Aware Max Sharpe γ=0.10,0.2790164521056364,0.15523338975634066,1.6685614642068758
2026-02-20,Turnover-Aware Max Sharpe γ=0.10,0.29093578631341055,0.1554467536638923,1.7429491444976017
2026-02-23,Turnover-Aware Max Sharpe γ=0.10,0.29922013032053596,0.15545616704568468,1.7961341491102127
2026-02-24,Turnover-Aware Max Sharpe γ=0.10,0.3147025026703474,0.15488646788794525,1.9027001305469369
2026-02-25,Turnover-Aware Max Sharpe γ=0.10,0.3240734272895667,0.15484344287971263,1.9637475222362544
2026-02-26,Turnover-Aware Max Sharpe γ=0.10,0.33476027537852837,0.15455797888071132,2.0365190956687007
2026-02-27,Turnover-Aware Max Sharpe γ=0.10,0.3373713078004492,0.15457388809374997,2.053201298837496
2026-03-02,Turnover-Aware Max Sharpe γ=0.10,0.366499582528218,0.15326642514672653,2.260766388962903
2026-03-03,Turnover-Aware Max Sharpe γ=0.10,0.33192430867830236,0.1543045067800528,2.0214854069228347
2026-03-04,Turnover-Aware Max Sharpe γ=0.10,0.34954783436345593,0.15418448761198658,2.137360505375745
2026-03-05,Turnover-Aware Max Sharpe γ=0.10,0.3436042617537183,0.15433604608917798,2.096751018013862
2026-03-06,Turnover-Aware Max Sharpe γ=0.10,0.32843359497982183,0.15409478784603237,2.001583566135935
2026-03-09,Turnover-Aware Max Sharpe γ=0.10,0.356765968701904,0.15315447650428002,2.198864678255048
2026-03-10,Turnover-Aware Max Sharpe γ=0.10,0.3527896538032622,0.1531088795094749,2.1735490121111365
2026-03-11,Turnover-Aware Max Sharpe γ=0.10,0.3832925776249696,0.15094562360887734,2.4067778113681184
2026-03-12,Turnover-Aware Max Sharpe γ=0.10,0.36463780663921486,0.1516687329079764,2.2723062297113055
2026-03-13,Turnover-Aware Max Sharpe γ=0.10,0.34623855694269334,0.15176242165988987,2.149666257130613
2026-03-16,Turnover-Aware Max Sharpe γ=0.10,0.36001303261617723,0.1517025749913811,2.2413135217743987
2026-03-17,Turnover-Aware Max Sharpe γ=0.10,0.34113094400028876,0.15103700299883374,2.126173968128647
2026-03-18,Turnover-Aware Max Sharpe γ=0.10,0.30972855678845446,0.15196628077497526,1.906531865562146
2026-03-19,Turnover-Aware Max Sharpe γ=0.10,0.2982882119639725,0.1525573410086903,1.8241548399045575
2026-03-20,Turnover-Aware Max Sharpe γ=0.10,0.26309981733127086,0.15361346258288963,1.5825423972856187
2026-03-23,Turnover-Aware Max Sharpe γ=0.10,0.26535717505791157,0.1535763000597885,1.5976239495442464
2026-03-24,Turnover-Aware Max Sharpe γ=0.10,0.2640093960547525,0.15360030672956637,1.5885996665642295
2026-03-25,Turnover-Aware Max Sharpe γ=0.10,0.2670633346277367,0.15377333890989542,1.6066721083067932
2026-03-26,Turnover-Aware Max Sharpe γ=0.10,0.23358787593209174,0.15547838927828456,1.373746389601447
2026-03-27,Turnover-Aware Max Sharpe γ=0.10,0.250579495650997,0.15506077542284882,1.4870265869766843
2026-03-30,Turnover-Aware Max Sharpe γ=0.10,0.247993079404498,0.15506391612143092,1.4703167900516332
2026-03-31,Turnover-Aware Max Sharpe γ=0.10,0.29540731539573506,0.1563098124829438,1.7619323510210656
2026-04-01,Turnover-Aware Max Sharpe γ=0.10,0.3001320923655808,0.15645520526012877,1.7904939110195908
2026-04-02,Turnover-Aware Max Sharpe γ=0.10,0.2904121236584105,0.1565516200884074,1.7273032594980755
2026-04-06,Turnover-Aware Max Sharpe γ=0.10,0.2843789209577874,0.15650534440464994,1.6892644910210004
2026-04-07,Turnover-Aware Max Sharpe γ=0.10,0.33563075425299616,0.1523455090987464,2.0718087203240922
2026-04-08,Turnover-Aware Max Sharpe γ=0.10,0.42522221587948317,0.14402665235668013,2.8135224227523916
2026-04-09,Turnover-Aware Max Sharpe γ=0.10,0.44463365856728876,0.1437070427631419,2.954856285416508
2026-04-10,Turnover-Aware Max Sharpe γ=0.10,0.45621511478450816,0.14335390757759062,3.04292448078826
2026-04-13,Turnover-Aware Max Sharpe γ=0.10,0.34528625369116717,0.1153610082616528,2.8197244336958147
2026-04-14,Turnover-Aware Max Sharpe γ=0.10,0.3925808143439664,0.11397227611993573,3.2690477634393367
2026-04-15,Turnover-Aware Max Sharpe γ=0.10,0.3674931815902698,0.11256839186690022,3.086951637375635
2026-04-16,Turnover-Aware Max Sharpe γ=0.10,0.362615037294181,0.11252824134395545,3.0447026737664804
2026-04-17,Turnover-Aware Max Sharpe γ=0.10,0.37456302011984044,0.11292634408002944,3.1397724154477737
2026-04-20,Turnover-Aware Max Sharpe γ=0.10,0.3779114108317203,0.11278809749735981,3.1733083434632667
2026-04-21,Turnover-Aware Max Sharpe γ=0.10,0.3613131896883943,0.11355301027041002,3.005760823738679
2026-04-22,Turnover-Aware Max Sharpe γ=0.10,0.38270834774258544,0.11365028856570172,3.191442382769685
2026-04-23,Turnover-Aware Max Sharpe γ=0.10,0.35704518527205487,0.1131819720119972,2.977905220067453
2026-04-24,Turnover-Aware Max Sharpe γ=0.10,0.36103281244509877,0.11331000382909777,3.0097326001283062
2026-04-27,Turnover-Aware Max Sharpe γ=0.10,0.3304012992487255,0.11171839195119576,2.778426128656815
2026-04-28,Turnover-Aware Max Sharpe γ=0.10,0.3150235788438256,0.11215922591906767,2.630399562999034
2026-04-29,Turnover-Aware Max Sharpe γ=0.10,0.3041523558126862,0.11218095417630518,2.532982161714441
2026-04-30,Turnover-Aware Max Sharpe γ=0.10,0.31441512356395185,0.11246225027153665,2.617901765731128
2026-05-01,Turnover-Aware Max Sharpe γ=0.10,0.3211386586693108,0.11242350688932115,2.6786093673965907
2026-05-04,Turnover-Aware Max Sharpe γ=0.10,0.31241162375629816,0.11277389521709198,2.5929016923056527
2026-05-05,Turnover-Aware Max Sharpe γ=0.10,0.3100193407538592,0.11264695691810026,2.5745865550963543
2026-05-06,Turnover-Aware Max Sharpe γ=0.10,0.3263802217986478,0.11388193196992906,2.690332140479919
2026-05-07,Turnover-Aware Max Sharpe γ=0.10,0.31978019549736936,0.1138740489563075,2.6325593780580547
2026-05-08,Turnover-Aware Max Sharpe γ=0.10,0.3359112593458802,0.11413636753579824,2.767840489113133
2026-05-11,Turnover-Aware Max Sharpe γ=0.10,0.34037848663491643,0.11408415108976126,2.808264632506605
2026-05-12,Turnover-Aware Max Sharpe γ=0.10,0.33154877961327056,0.11421540582425936,2.7277299184371286
2026-05-13,Turnover-Aware Max Sharpe γ=0.10,0.3198816406157552,0.11378886863244835,2.6354215857827774
2026-05-14,Turnover-Aware Max Sharpe γ=0.10,0.3119736479714774,0.11362888946462578,2.5695371075713345
2026-05-15,Turnover-Aware Max Sharpe γ=0.10,0.2986872207394946,0.11462682672884156,2.4312565277476477
2026-05-18,Turnover-Aware Max Sharpe γ=0.10,0.28784238491700576,0.11443012992288115,2.340663119910071
2026-05-19,Turnover-Aware Max Sharpe γ=0.10,0.27714428640046185,0.1148469588363058,2.2390169405092903
2026-05-20,Turnover-Aware Max Sharpe γ=0.10,0.28593695499441596,0.1153158719230113,2.306160900140132
2026-05-21,Turnover-Aware Max Sharpe γ=0.10,0.28153484971221543,0.11527185434860811,2.268852628337833
2026-05-22,Turnover-Aware Max Sharpe γ=0.10,0.29032757584322466,0.11499954036033026,2.3506839679202374
2026-05-26,Turnover-Aware Max Sharpe γ=0.10,0.30171406809683954,0.11511574693364156,2.447224429332275
2026-05-27,Turnover-Aware Max Sharpe γ=0.10,0.2927673423835804,0.11522562458741914,2.3672455094972196
2026-05-28,Turnover-Aware Max Sharpe γ=0.10,0.29103214120546017,0.11514738993885659,2.3537844961086702
2026-05-29,Turnover-Aware Max Sharpe γ=0.10,0.3035072114528323,0.1150659393376474,2.4638673536650484
2026-06-01,Turnover-Aware Max Sharpe γ=0.10,0.29513477369767527,0.1150781690146606,2.390851158421055
2026-06-02,Turnover-Aware Max Sharpe γ=0.10,0.30091343657452074,0.11503327653736507,2.4420189099219
2026-06-03,Turnover-Aware Max Sharpe γ=0.10,0.27741318884649924,0.11468363712923844,2.2445502714255308
2026-06-04,Turnover-Aware Max Sharpe γ=0.10,0.28054569375994887,0.11469020645486333,2.271734455918757
2026-06-05,Turnover-Aware Max Sharpe γ=0.10,0.2370831868181813,0.11889899361178974,1.825778168711563
2026-06-08,Turnover-Aware Max Sharpe γ=0.10,0.24959051938276344,0.11882020177538369,1.9322515527854318
2026-06-09,Turnover-Aware Max Sharpe γ=0.10,0.2383997642773188,0.1191496018833705,1.832987780278941
2026-06-10,Turnover-Aware Max Sharpe γ=0.10,0.20903064613633182,0.1212436051294481,1.559097866930875
2026-06-11,Turnover-Aware Max Sharpe γ=0.10,0.2329661847275064,0.123314817985455,1.72701211587261
2026-06-12,Turnover-Aware Max Sharpe γ=0.10,0.23611803844956225,0.12332593570287924,1.7524135310048707
2026-06-15,Turnover-Aware Max Sharpe γ=0.10,0.2530372094864033,0.12471568281345709,1.868547757822628
2026-06-16,Turnover-Aware Max Sharpe γ=0.10,0.2517591514276143,0.12475911318619147,1.8576530844823749
2026-06-17,Turnover-Aware Max Sharpe γ=0.10,0.2322504835095609,0.1255894980301977,1.6900336957993556
2026-06-18,Turnover-Aware Max Sharpe γ=0.10,0.24953185717968696,0.12565092165385888,1.8267423283372135
2026-06-22,Turnover-Aware Max Sharpe γ=0.10,0.24620690224570807,0.12572987222436727,1.7991500209436124
2026-06-23,Turnover-Aware Max Sharpe γ=0.10,0.22797838832610529,0.12698688992807225,1.6377941726418226
2026-06-24,Turnover-Aware Max Sharpe γ=0.10,0.20823759928634722,0.12720106292449132,1.4798429742531964
2026-06-25,Turnover-Aware Max Sharpe γ=0.10,0.21026457523108344,0.12725108846969718,1.495190159229105
2026-06-26,Turnover-Aware Max Sharpe γ=0.10,0.20713218388975885,0.1272685653111095,1.4703723848250512
2026-06-29,Turnover-Aware Max Sharpe γ=0.10,0.20808036061621826,0.12730090253726606,1.4774471890421959
2026-06-30,Turnover-Aware Max Sharpe γ=0.10,0.21721246452053444,0.12732764027787838,1.5488582376154953
2026-07-01,Turnover-Aware Max Sharpe γ=0.10,0.20550641912591083,0.1272298949963432,1.4580411241496551
2026-07-02,Turnover-Aware Max Sharpe γ=0.10,0.2074894092630888,0.12723094697261106,1.473614821899027
2026-07-06,Turnover-Aware Max Sharpe γ=0.10,0.2125887589747555,0.12743721241410627,1.511244285138157
2026-07-07,Turnover-Aware Max Sharpe γ=0.10,0.1970828415018555,0.12791977869029778,1.3843272972710872
2026-07-08,Turnover-Aware Max Sharpe γ=0.10,0.1996377111154337,0.12784099516499184,1.4051651497517907
2026-07-09,Turnover-Aware Max Sharpe γ=0.10,0.21428987982264225,0.12810983085703914,1.5165883720465998
2026-07-10,Turnover-Aware Max Sharpe γ=0.10,0.20807613995384777,0.12800675983348644,1.4692672496241659
2026-07-13,Turnover-Aware Max Sharpe γ=0.10,0.18861320342596555,0.12900262849087027,1.3070524639573418
2026-07-14,Turnover-Aware Max Sharpe γ=0.10,0.19841035546135877,0.12922409244861716,1.380627652945594
2026-07-15,Turnover-Aware Max Sharpe γ=0.10,0.199204041464337,0.12922365276863124,1.3867743065984466
2026-07-16,Turnover-Aware Max Sharpe γ=0.10,0.1894848016778874,0.1297384437174471,1.3063575978065725
2026-07-17,Turnover-Aware Max Sharpe γ=0.10,0.1818856791803063,0.12977142022686358,1.2474678854350307
2026-07-20,Turnover-Aware Max Sharpe γ=0.10,0.17625627026133595,0.1297619078728547,1.2041767327777069
2026-07-21,Turnover-Aware Max Sharpe γ=0.10,0.19020165008982315,0.13026397255939423,1.3065903545373547
2026-07-22,Turnover-Aware Max Sharpe γ=0.10,0.18331880966004666,0.13009993614802084,1.255333511264995
2026-07-23,Turnover-Aware Max Sharpe γ=0.10,0.16365700528169214,0.13096262691423077,1.096931305262952
2026-07-24,Turnover-Aware Max Sharpe γ=0.10,0.1593307091389211,0.13097874637985052,1.0637657863578045
2026-07-27,Turnover-Aware Max Sharpe γ=0.10,0.16404654178194522,0.13095909189430396,1.0999354050057406
2026-07-28,Turnover-Aware Max Sharpe γ=0.10,0.15890794107589623,0.13108817636891393,1.0596527079984361
2026-07-29,Turnover-Aware Max Sharpe γ=0.10,0.15255941115277327,0.13135075124499068,1.0092017738484667
2026-07-30,Turnover-Aware Max Sharpe γ=0.10,0.17264051238958267,0.13242339906129036,1.1526702491523806
2026-07-31,Turnover-Aware Max Sharpe γ=0.10,0.17801922787313607,0.13226707803190027,1.1946981079828867
2026-08-03,Turnover-Aware Max Sharpe γ=0.10,0.1897356877665457,0.1324820931401131,1.2811972074371831
2026-08-04,Turnover-Aware Max Sharpe γ=0.10,0.21208083333084926,0.13329747482248788,1.4409937891669975
2026-08-05,Turnover-Aware Max Sharpe γ=0.10,0.2093866783662508,0.13312575998772905,1.4226148146212096
2026-08-06,Turnover-Aware Max Sharpe γ=0.10,0.21047566201449808,0.13310344608736352,1.4310347899593663
2026-08-07,Turnover-Aware Max Sharpe γ=0.10,0.21816434284571296,0.13347385877047585,1.484667819385368
2026-08-10,Turnover-Aware Max Sharpe γ=0.10,0.21491902962963993,0.1334353662174752,1.4607748691749205
2026-08-11,Turnover-Aware Max Sharpe γ=0.10,0.20587047555703042,0.1334153732568768,1.393171349145477
2026-08-12,Turnover-Aware Max Sharpe γ=0.10,0.21995454713118878,0.13332710758155245,1.499729130543706
2026-08-13,Turnover-Aware Max Sharpe γ=0.10,0.21255502856150055,0.13318043337853386,1.4458207086187238
2026-08-14,Turnover-Aware Max Sharpe γ=0.10,0.20977409480424236,0.13316559259517485,1.4250985641700864
2026-08-17,Turnover-Aware Max Sharpe γ=0.10,0.21373236916594385,0.13312922890755483,1.4552203956688727
2026-08-18,Turnover-Aware Max Sharpe γ=0.10,0.20196105602715209,0.1336244995095638,1.3617342380700836
2026-08-19,Turnover-Aware Max Sharpe γ=0.10,0.2179835464486708,0.1341297695590056,1.4760596927856124
2026-08-20,Turnover-Aware Max Sharpe γ=0.10,0.22138545492195694,0.13400685898658365,1.5027996062658182
2026-08-21,Turnover-Aware Max Sharpe γ=0.10,0.2289087520566031,0.13416705483331293,1.5570793613689151
2026-08-24,Turnover-Aware Max Sharpe γ=0.10,0.233488012959302,0.1340790777575808,1.592254485411177
2026-08-25,Turnover-Aware Max Sharpe γ=0.10,0.2227193083232839,0.1335512320391684,1.5179141759158734
2026-08-26,Turnover-Aware Max Sharpe γ=0.10,0.22180356692802894,0.13358098255774228,1.5107207857285858
2026-08-27,Turnover-Aware Max Sharpe γ=0.10,0.2234554786607852,0.1336245208285035,1.522590894240917
2026-08-28,Turnover-Aware Max Sharpe γ=0.10,0.20608434825105326,0.13430783480093542,1.3855062776260112
2026-08-31,Turnover-Aware Max Sharpe γ=0.10,0.1981779185258532,0.13424405339751314,1.32726861277234
2026-09-01,Turnover-Aware Max Sharpe γ=0.10,0.18490817818292782,0.13495677090585234,1.2219333426254693
2026-09-02,Turnover-Aware Max Sharpe γ=0.10,0.19050040165520543,0.13507538158251417,1.262261114184238
2018-02-01,Combined Robust Max Sharpe λ=0.50 γ=0.10,,,
2018-02-02,Combined Robust Max Sharpe λ=0.50 γ=0.10,,,
2018-02-05,Combined Robust Max Sharpe λ=0.50 γ=0.10,,,
2018-02-06,Combined Robust Max Sharpe λ=0.50 γ=0.10,,,
2018-02-07,Combined Robust Max Sharpe λ=0.50 γ=0.10,,,
2018-02-08,Combined Robust Max Sharpe λ=0.50 γ=0.10,,,
2018-02-09,Combined Robust Max Sharpe λ=0.50 γ=0.10,,,
2018-02-12,Combined Robust Max Sharpe λ=0.50 γ=0.10,,,
2018-02-13,Combined Robust Max Sharpe λ=0.50 γ=0.10,,,
2018-02-14,Combined Robust Max Sharpe λ=0.50 γ=0.10,,,
2018-02-15,Combined Robust Max Sharpe λ=0.50 γ=0.10,,,
2018-02-16,Combined Robust Max Sharpe λ=0.50 γ=0.10,,,
2018-02-20,Combined Robust Max Sharpe λ=0.50 γ=0.10,,,
2018-02-21,Combined Robust Max Sharpe λ=0.50 γ=0.10,,,
2018-02-22,Combined Robust Max Sharpe λ=0.50 γ=0.10,,,
2018-02-23,Combined Robust Max Sharpe λ=0.50 γ=0.10,,,
2018-02-26,Combined Robust Max Sharpe λ=0.50 γ=0.10,,,
2018-02-27,Combined Robust Max Sharpe λ=0.50 γ=0.10,,,
2018-02-28,Combined Robust Max Sharpe λ=0.50 γ=0.10,,,
2018-03-01,Combined Robust Max Sharpe λ=0.50 γ=0.10,,,
2018-03-02,Combined Robust Max Sharpe λ=0.50 γ=0.10,,,
2018-03-05,Combined Robust Max Sharpe λ=0.50 γ=0.10,,,
2018-03-06,Combined Robust Max Sharpe λ=0.50 γ=0.10,,,
2018-03-07,Combined Robust Max Sharpe λ=0.50 γ=0.10,,,
2018-03-08,Combined Robust Max Sharpe λ=0.50 γ=0.10,,,
2018-03-09,Combined Robust Max Sharpe λ=0.50 γ=0.10,,,
2018-03-12,Combined Robust Max Sharpe λ=0.50 γ=0.10,,,
2018-03-13,Combined Robust Max Sharpe λ=0.50 γ=0.10,,,
2018-03-14,Combined Robust Max Sharpe λ=0.50 γ=0.10,,,
2018-03-15,Combined Robust Max Sharpe λ=0.50 γ=0.10,,,
2018-03-16,Combined Robust Max Sharpe λ=0.50 γ=0.10,,,
2018-03-19,Combined Robust Max Sharpe λ=0.50 γ=0.10,,,
2018-03-20,Combined Robust Max Sharpe λ=0.50 γ=0.10,,,
2018-03-21,Combined Robust Max Sharpe λ=0.50 γ=0.10,,,
2018-03-22,Combined Robust Max Sharpe λ=0.50 γ=0.10,,,
2018-03-23,Combined Robust Max Sharpe λ=0.50 γ=0.10,,,
2018-03-26,Combined Robust Max Sharpe λ=0.50 γ=0.10,,,
2018-03-27,Combined Robust Max Sharpe λ=0.50 γ=0.10,,,
2018-03-28,Combined Robust Max Sharpe λ=0.50 γ=0.10,,,
2018-03-29,Combined Robust Max Sharpe λ=0.50 γ=0.10,,,
2018-04-02,Combined Robust Max Sharpe λ=0.50 γ=0.10,,,
2018-04-03,Combined Robust Max Sharpe λ=0.50 γ=0.10,,,
2018-04-04,Combined Robust Max Sharpe λ=0.50 γ=0.10,,,
2018-04-05,Combined Robust Max Sharpe λ=0.50 γ=0.10,,,
2018-04-06,Combined Robust Max Sharpe λ=0.50 γ=0.10,,,
2018-04-09,Combined Robust Max Sharpe λ=0.50 γ=0.10,,,
2018-04-10,Combined Robust Max Sharpe λ=0.50 γ=0.10,,,
2018-04-11,Combined Robust Max Sharpe λ=0.50 γ=0.10,,,
2018-04-12,Combined Robust Max Sharpe λ=0.50 γ=0.10,,,
2018-04-13,Combined Robust Max Sharpe λ=0.50 γ=0.10,,,
2018-04-16,Combined Robust Max Sharpe λ=0.50 γ=0.10,,,
2018-04-17,Combined Robust Max Sharpe λ=0.50 γ=0.10,,,
2018-04-18,Combined Robust Max Sharpe λ=0.50 γ=0.10,,,
2018-04-19,Combined Robust Max Sharpe λ=0.50 γ=0.10,,,
2018-04-20,Combined Robust Max Sharpe λ=0.50 γ=0.10,,,
2018-04-23,Combined Robust Max Sharpe λ=0.50 γ=0.10,,,
2018-04-24,Combined Robust Max Sharpe λ=0.50 γ=0.10,,,
2018-04-25,Combined Robust Max Sharpe λ=0.50 γ=0.10,,,
2018-04-26,Combined Robust Max Sharpe λ=0.50 γ=0.10,,,
2018-04-27,Combined Robust Max Sharpe λ=0.50 γ=0.10,,,
2018-04-30,Combined Robust Max Sharpe λ=0.50 γ=0.10,,,
2018-05-01,Combined Robust Max Sharpe λ=0.50 γ=0.10,,,
2018-05-02,Combined Robust Max Sharpe λ=0.50 γ=0.10,,,
2018-05-03,Combined Robust Max Sharpe λ=0.50 γ=0.10,,,
2018-05-04,Combined Robust Max Sharpe λ=0.50 γ=0.10,,,
2018-05-07,Combined Robust Max Sharpe λ=0.50 γ=0.10,,,
2018-05-08,Combined Robust Max Sharpe λ=0.50 γ=0.10,,,
2018-05-09,Combined Robust Max Sharpe λ=0.50 γ=0.10,,,
2018-05-10,Combined Robust Max Sharpe λ=0.50 γ=0.10,,,
2018-05-11,Combined Robust Max Sharpe λ=0.50 γ=0.10,,,
2018-05-14,Combined Robust Max Sharpe λ=0.50 γ=0.10,,,
2018-05-15,Combined Robust Max Sharpe λ=0.50 γ=0.10,,,
2018-05-16,Combined Robust Max Sharpe λ=0.50 γ=0.10,,,
2018-05-17,Combined Robust Max Sharpe λ=0.50 γ=0.10,,,
2018-05-18,Combined Robust Max Sharpe λ=0.50 γ=0.10,,,
2018-05-21,Combined Robust Max Sharpe λ=0.50 γ=0.10,,,
2018-05-22,Combined Robust Max Sharpe λ=0.50 γ=0.10,,,
2018-05-23,Combined Robust Max Sharpe λ=0.50 γ=0.10,,,
2018-05-24,Combined Robust Max Sharpe λ=0.50 γ=0.10,,,
2018-05-25,Combined Robust Max Sharpe λ=0.50 γ=0.10,,,
2018-05-29,Combined Robust Max Sharpe λ=0.50 γ=0.10,,,
2018-05-30,Combined Robust Max Sharpe λ=0.50 γ=0.10,,,
2018-05-31,Combined Robust Max Sharpe λ=0.50 γ=0.10,,,
2018-06-01,Combined Robust Max Sharpe λ=0.50 γ=0.10,,,
2018-06-04,Combined Robust Max Sharpe λ=0.50 γ=0.10,,,
2018-06-05,Combined Robust Max Sharpe λ=0.50 γ=0.10,,,
2018-06-06,Combined Robust Max Sharpe λ=0.50 γ=0.10,,,
2018-06-07,Combined Robust Max Sharpe λ=0.50 γ=0.10,,,
2018-06-08,Combined Robust Max Sharpe λ=0.50 γ=0.10,,,
2018-06-11,Combined Robust Max Sharpe λ=0.50 γ=0.10,,,
2018-06-12,Combined Robust Max Sharpe λ=0.50 γ=0.10,,,
2018-06-13,Combined Robust Max Sharpe λ=0.50 γ=0.10,,,
2018-06-14,Combined Robust Max Sharpe λ=0.50 γ=0.10,,,
2018-06-15,Combined Robust Max Sharpe λ=0.50 γ=0.10,,,
2018-06-18,Combined Robust Max Sharpe λ=0.50 γ=0.10,,,
2018-06-19,Combined Robust Max Sharpe λ=0.50 γ=0.10,,,
2018-06-20,Combined Robust Max Sharpe λ=0.50 γ=0.10,,,
2018-06-21,Combined Robust Max Sharpe λ=0.50 γ=0.10,,,
2018-06-22,Combined Robust Max Sharpe λ=0.50 γ=0.10,,,
2018-06-25,Combined Robust Max Sharpe λ=0.50 γ=0.10,,,
2018-06-26,Combined Robust Max Sharpe λ=0.50 γ=0.10,,,
2018-06-27,Combined Robust Max Sharpe λ=0.50 γ=0.10,,,
2018-06-28,Combined Robust Max Sharpe λ=0.50 γ=0.10,,,
2018-06-29,Combined Robust Max Sharpe λ=0.50 γ=0.10,,,
2018-07-02,Combined Robust Max Sharpe λ=0.50 γ=0.10,,,
2018-07-03,Combined Robust Max Sharpe λ=0.50 γ=0.10,,,
2018-07-05,Combined Robust Max Sharpe λ=0.50 γ=0.10,,,
2018-07-06,Combined Robust Max Sharpe λ=0.50 γ=0.10,,,
2018-07-09,Combined Robust Max Sharpe λ=0.50 γ=0.10,,,
2018-07-10,Combined Robust Max Sharpe λ=0.50 γ=0.10,,,
2018-07-11,Combined Robust Max Sharpe λ=0.50 γ=0.10,,,
2018-07-12,Combined Robust Max Sharpe λ=0.50 γ=0.10,,,
2018-07-13,Combined Robust Max Sharpe λ=0.50 γ=0.10,,,
2018-07-16,Combined Robust Max Sharpe λ=0.50 γ=0.10,,,
2018-07-17,Combined Robust Max Sharpe λ=0.50 γ=0.10,,,
2018-07-18,Combined Robust Max Sharpe λ=0.50 γ=0.10,,,
2018-07-19,Combined Robust Max Sharpe λ=0.50 γ=0.10,,,
2018-07-20,Combined Robust Max Sharpe λ=0.50 γ=0.10,,,
2018-07-23,Combined Robust Max Sharpe λ=0.50 γ=0.10,,,
2018-07-24,Combined Robust Max Sharpe λ=0.50 γ=0.10,,,
2018-07-25,Combined Robust Max Sharpe λ=0.50 γ=0.10,,,
2018-07-26,Combined Robust Max Sharpe λ=0.50 γ=0.10,,,
2018-07-27,Combined Robust Max Sharpe λ=0.50 γ=0.10,,,
2018-07-30,Combined Robust Max Sharpe λ=0.50 γ=0.10,,,
2018-07-31,Combined Robust Max Sharpe λ=0.50 γ=0.10,,,
2018-08-01,Combined Robust Max Sharpe λ=0.50 γ=0.10,,,
2018-08-02,Combined Robust Max Sharpe λ=0.50 γ=0.10,,,
2018-08-03,Combined Robust Max Sharpe λ=0.50 γ=0.10,,,
2018-08-06,Combined Robust Max Sharpe λ=0.50 γ=0.10,,,
2018-08-07,Combined Robust Max Sharpe λ=0.50 γ=0.10,,,
2018-08-08,Combined Robust Max Sharpe λ=0.50 γ=0.10,,,
2018-08-09,Combined Robust Max Sharpe λ=0.50 γ=0.10,,,
2018-08-10,Combined Robust Max Sharpe λ=0.50 γ=0.10,,,
2018-08-13,Combined Robust Max Sharpe λ=0.50 γ=0.10,,,
2018-08-14,Combined Robust Max Sharpe λ=0.50 γ=0.10,,,
2018-08-15,Combined Robust Max Sharpe λ=0.50 γ=0.10,,,
2018-08-16,Combined Robust Max Sharpe λ=0.50 γ=0.10,,,
2018-08-17,Combined Robust Max Sharpe λ=0.50 γ=0.10,,,
2018-08-20,Combined Robust Max Sharpe λ=0.50 γ=0.10,,,
2018-08-21,Combined Robust Max Sharpe λ=0.50 γ=0.10,,,
2018-08-22,Combined Robust Max Sharpe λ=0.50 γ=0.10,,,
2018-08-23,Combined Robust Max Sharpe λ=0.50 γ=0.10,,,
2018-08-24,Combined Robust Max Sharpe λ=0.50 γ=0.10,,,
2018-08-27,Combined Robust Max Sharpe λ=0.50 γ=0.10,,,
2018-08-28,Combined Robust Max Sharpe λ=0.50 γ=0.10,,,
2018-08-29,Combined Robust Max Sharpe λ=0.50 γ=0.10,,,
2018-08-30,Combined Robust Max Sharpe λ=0.50 γ=0.10,,,
2018-08-31,Combined Robust Max Sharpe λ=0.50 γ=0.10,,,
2018-09-04,Combined Robust Max Sharpe λ=0.50 γ=0.10,,,
2018-09-05,Combined Robust Max Sharpe λ=0.50 γ=0.10,,,
2018-09-06,Combined Robust Max Sharpe λ=0.50 γ=0.10,,,
2018-09-07,Combined Robust Max Sharpe λ=0.50 γ=0.10,,,
2018-09-10,Combined Robust Max Sharpe λ=0.50 γ=0.10,,,
2018-09-11,Combined Robust Max Sharpe λ=0.50 γ=0.10,,,
2018-09-12,Combined Robust Max Sharpe λ=0.50 γ=0.10,,,
2018-09-13,Combined Robust Max Sharpe λ=0.50 γ=0.10,,,
2018-09-14,Combined Robust Max Sharpe λ=0.50 γ=0.10,,,
2018-09-17,Combined Robust Max Sharpe λ=0.50 γ=0.10,,,
2018-09-18,Combined Robust Max Sharpe λ=0.50 γ=0.10,,,
2018-09-19,Combined Robust Max Sharpe λ=0.50 γ=0.10,,,
2018-09-20,Combined Robust Max Sharpe λ=0.50 γ=0.10,,,
2018-09-21,Combined Robust Max Sharpe λ=0.50 γ=0.10,,,
2018-09-24,Combined Robust Max Sharpe λ=0.50 γ=0.10,,,
2018-09-25,Combined Robust Max Sharpe λ=0.50 γ=0.10,,,
2018-09-26,Combined Robust Max Sharpe λ=0.50 γ=0.10,,,
2018-09-27,Combined Robust Max Sharpe λ=0.50 γ=0.10,,,
2018-09-28,Combined Robust Max Sharpe λ=0.50 γ=0.10,,,
2018-10-01,Combined Robust Max Sharpe λ=0.50 γ=0.10,,,
2018-10-02,Combined Robust Max Sharpe λ=0.50 γ=0.10,,,
2018-10-03,Combined Robust Max Sharpe λ=0.50 γ=0.10,,,
2018-10-04,Combined Robust Max Sharpe λ=0.50 γ=0.10,,,
2018-10-05,Combined Robust Max Sharpe λ=0.50 γ=0.10,,,
2018-10-08,Combined Robust Max Sharpe λ=0.50 γ=0.10,,,
2018-10-09,Combined Robust Max Sharpe λ=0.50 γ=0.10,,,
2018-10-10,Combined Robust Max Sharpe λ=0.50 γ=0.10,,,
2018-10-11,Combined Robust Max Sharpe λ=0.50 γ=0.10,,,
2018-10-12,Combined Robust Max Sharpe λ=0.50 γ=0.10,,,
2018-10-15,Combined Robust Max Sharpe λ=0.50 γ=0.10,,,
2018-10-16,Combined Robust Max Sharpe λ=0.50 γ=0.10,,,
2018-10-17,Combined Robust Max Sharpe λ=0.50 γ=0.10,,,
2018-10-18,Combined Robust Max Sharpe λ=0.50 γ=0.10,,,
2018-10-19,Combined Robust Max Sharpe λ=0.50 γ=0.10,,,
2018-10-22,Combined Robust Max Sharpe λ=0.50 γ=0.10,,,
2018-10-23,Combined Robust Max Sharpe λ=0.50 γ=0.10,,,
2018-10-24,Combined Robust Max Sharpe λ=0.50 γ=0.10,,,
2018-10-25,Combined Robust Max Sharpe λ=0.50 γ=0.10,,,
2018-10-26,Combined Robust Max Sharpe λ=0.50 γ=0.10,,,
2018-10-29,Combined Robust Max Sharpe λ=0.50 γ=0.10,,,
2018-10-30,Combined Robust Max Sharpe λ=0.50 γ=0.10,,,
2018-10-31,Combined Robust Max Sharpe λ=0.50 γ=0.10,,,
2018-11-01,Combined Robust Max Sharpe λ=0.50 γ=0.10,,,
2018-11-02,Combined Robust Max Sharpe λ=0.50 γ=0.10,,,
2018-11-05,Combined Robust Max Sharpe λ=0.50 γ=0.10,,,
2018-11-06,Combined Robust Max Sharpe λ=0.50 γ=0.10,,,
2018-11-07,Combined Robust Max Sharpe λ=0.50 γ=0.10,,,
2018-11-08,Combined Robust Max Sharpe λ=0.50 γ=0.10,,,
2018-11-09,Combined Robust Max Sharpe λ=0.50 γ=0.10,,,
2018-11-12,Combined Robust Max Sharpe λ=0.50 γ=0.10,,,
2018-11-13,Combined Robust Max Sharpe λ=0.50 γ=0.10,,,
2018-11-14,Combined Robust Max Sharpe λ=0.50 γ=0.10,,,
2018-11-15,Combined Robust Max Sharpe λ=0.50 γ=0.10,,,
2018-11-16,Combined Robust Max Sharpe λ=0.50 γ=0.10,,,
2018-11-19,Combined Robust Max Sharpe λ=0.50 γ=0.10,,,
2018-11-20,Combined Robust Max Sharpe λ=0.50 γ=0.10,,,
2018-11-21,Combined Robust Max Sharpe λ=0.50 γ=0.10,,,
2018-11-23,Combined Robust Max Sharpe λ=0.50 γ=0.10,,,
2018-11-26,Combined Robust Max Sharpe λ=0.50 γ=0.10,,,
2018-11-27,Combined Robust Max Sharpe λ=0.50 γ=0.10,,,
2018-11-28,Combined Robust Max Sharpe λ=0.50 γ=0.10,,,
2018-11-29,Combined Robust Max Sharpe λ=0.50 γ=0.10,,,
2018-11-30,Combined Robust Max Sharpe λ=0.50 γ=0.10,,,
2018-12-03,Combined Robust Max Sharpe λ=0.50 γ=0.10,,,
2018-12-04,Combined Robust Max Sharpe λ=0.50 γ=0.10,,,
2018-12-06,Combined Robust Max Sharpe λ=0.50 γ=0.10,,,
2018-12-07,Combined Robust Max Sharpe λ=0.50 γ=0.10,,,
2018-12-10,Combined Robust Max Sharpe λ=0.50 γ=0.10,,,
2018-12-11,Combined Robust Max Sharpe λ=0.50 γ=0.10,,,
2018-12-12,Combined Robust Max Sharpe λ=0.50 γ=0.10,,,
2018-12-13,Combined Robust Max Sharpe λ=0.50 γ=0.10,,,
2018-12-14,Combined Robust Max Sharpe λ=0.50 γ=0.10,,,
2018-12-17,Combined Robust Max Sharpe λ=0.50 γ=0.10,,,
2018-12-18,Combined Robust Max Sharpe λ=0.50 γ=0.10,,,
2018-12-19,Combined Robust Max Sharpe λ=0.50 γ=0.10,,,
2018-12-20,Combined Robust Max Sharpe λ=0.50 γ=0.10,,,
2018-12-21,Combined Robust Max Sharpe λ=0.50 γ=0.10,,,
2018-12-24,Combined Robust Max Sharpe λ=0.50 γ=0.10,,,
2018-12-26,Combined Robust Max Sharpe λ=0.50 γ=0.10,,,
2018-12-27,Combined Robust Max Sharpe λ=0.50 γ=0.10,,,
2018-12-28,Combined Robust Max Sharpe λ=0.50 γ=0.10,,,
2018-12-31,Combined Robust Max Sharpe λ=0.50 γ=0.10,,,
2019-01-02,Combined Robust Max Sharpe λ=0.50 γ=0.10,,,
2019-01-03,Combined Robust Max Sharpe λ=0.50 γ=0.10,,,
2019-01-04,Combined Robust Max Sharpe λ=0.50 γ=0.10,,,
2019-01-07,Combined Robust Max Sharpe λ=0.50 γ=0.10,,,
2019-01-08,Combined Robust Max Sharpe λ=0.50 γ=0.10,,,
2019-01-09,Combined Robust Max Sharpe λ=0.50 γ=0.10,,,
2019-01-10,Combined Robust Max Sharpe λ=0.50 γ=0.10,,,
2019-01-11,Combined Robust Max Sharpe λ=0.50 γ=0.10,,,
2019-01-14,Combined Robust Max Sharpe λ=0.50 γ=0.10,,,
2019-01-15,Combined Robust Max Sharpe λ=0.50 γ=0.10,,,
2019-01-16,Combined Robust Max Sharpe λ=0.50 γ=0.10,,,
2019-01-17,Combined Robust Max Sharpe λ=0.50 γ=0.10,,,
2019-01-18,Combined Robust Max Sharpe λ=0.50 γ=0.10,,,
2019-01-22,Combined Robust Max Sharpe λ=0.50 γ=0.10,,,
2019-01-23,Combined Robust Max Sharpe λ=0.50 γ=0.10,,,
2019-01-24,Combined Robust Max Sharpe λ=0.50 γ=0.10,,,
2019-01-25,Combined Robust Max Sharpe λ=0.50 γ=0.10,,,
2019-01-28,Combined Robust Max Sharpe λ=0.50 γ=0.10,,,
2019-01-29,Combined Robust Max Sharpe λ=0.50 γ=0.10,,,
2019-01-30,Combined Robust Max Sharpe λ=0.50 γ=0.10,,,
2019-01-31,Combined Robust Max Sharpe λ=0.50 γ=0.10,,,
2019-02-01,Combined Robust Max Sharpe λ=0.50 γ=0.10,0.004453682816520699,0.06905634644929315,-0.22512510410458345
2019-02-04,Combined Robust Max Sharpe λ=0.50 γ=0.10,0.009139511285999768,0.06893798665618384,-0.1575399752848168
2019-02-05,Combined Robust Max Sharpe λ=0.50 γ=0.10,0.023758601276716584,0.06807119965740877,0.05521573434334947
2019-02-06,Combined Robust Max Sharpe λ=0.50 γ=0.10,0.035325709579703934,0.06687703556334168,0.22916251371800705
2019-02-07,Combined Robust Max Sharpe λ=0.50 γ=0.10,0.027729205933245904,0.06664296718166342,0.1159793187505698
2019-02-08,Combined Robust Max Sharpe λ=0.50 γ=0.10,0.03507638698639459,0.06645471647151464,0.2268670726005878
2019-02-11,Combined Robust Max Sharpe λ=0.50 γ=0.10,0.05021494726461073,0.0645539245706086,0.46805748009266035
2019-02-12,Combined Robust Max Sharpe λ=0.50 γ=0.10,0.049690778085700105,0.06452315640395365,0.46015693807379837
2019-02-13,Combined Robust Max Sharpe λ=0.50 γ=0.10,0.04207403586666092,0.06425099352609878,0.34355944795926674
2019-02-14,Combined Robust Max Sharpe λ=0.50 γ=0.10,0.04190441744503692,0.06424628050441177,0.340944522749963
2019-02-15,Combined Robust Max Sharpe λ=0.50 γ=0.10,0.04147655497586755,0.06421989753899504,0.3344221308174269
2019-02-19,Combined Robust Max Sharpe λ=0.50 γ=0.10,0.03706045498879873,0.06388745378581373,0.26703920688395033
2019-02-20,Combined Robust Max Sharpe λ=0.50 γ=0.10,0.036623249796023716,0.06388599719810782,0.2602017738640865
2019-02-21,Combined Robust Max Sharpe λ=0.50 γ=0.10,0.03602763182930202,0.06392138649891688,0.2507397399706529
2019-02-22,Combined Robust Max Sharpe λ=0.50 γ=0.10,0.04511519195965952,0.06391847955302059,0.3929253657985776
2019-02-25,Combined Robust Max Sharpe λ=0.50 γ=0.10,0.04331697207389107,0.0639091628877837,0.36484552480890237
2019-02-26,Combined Robust Max Sharpe λ=0.50 γ=0.10,0.035229167383818094,0.06330949074300928,0.24055109597449606
2019-02-27,Combined Robust Max Sharpe λ=0.50 γ=0.10,0.026761723955576855,0.06315264937420288,0.10706952158904895
2019-02-28,Combined Robust Max Sharpe λ=0.50 γ=0.10,0.03199089174288128,0.0627431867501256,0.19111065860640675
2019-03-01,Combined Robust Max Sharpe λ=0.50 γ=0.10,0.03298298515786735,0.06271695646779575,0.20700917086966625
2019-03-04,Combined Robust Max Sharpe λ=0.50 γ=0.10,0.03815275065187995,0.0625018308511259,0.2904355025234105
2019-03-05,Combined Robust Max Sharpe λ=0.50 γ=0.10,0.036627470893738856,0.062492638404031055,0.26607087360015047
2019-03-06,Combined Robust Max Sharpe λ=0.50 γ=0.10,0.03138693019019456,0.06242468980003917,0.18241068120113296
2019-03-07,Combined Robust Max Sharpe λ=0.50 γ=0.10,0.028246079619619557,0.06238753629725972,0.13217511235464116
2019-03-08,Combined Robust Max Sharpe λ=0.50 γ=0.10,0.02984568809594368,0.06239933426066477,0.15778514646990702
2019-03-11,Combined Robust Max Sharpe λ=0.50 γ=0.10,0.031259332891040215,0.062474113750091834,0.18022397142086172
2019-03-12,Combined Robust Max Sharpe λ=0.50 γ=0.10,0.02920582468804711,0.06234283626780839,0.14766451510966414
2019-03-13,Combined Robust Max Sharpe λ=0.50 γ=0.10,0.029181002878875484,0.062342127272934714,0.1472680397747886
2019-03-14,Combined Robust Max Sharpe λ=0.50 γ=0.10,0.029952470919456298,0.06230573626988373,0.15973602938172726
2019-03-15,Combined Robust Max Sharpe λ=0.50 γ=0.10,0.03356159396607161,0.06241606652295753,0.217277292875921
2019-03-18,Combined Robust Max Sharpe λ=0.50 γ=0.10,0.03503026485466898,0.06241388717188142,0.24081603527236137
2019-03-19,Combined Robust Max Sharpe λ=0.50 γ=0.10,0.03559319815858819,0.06240932262719037,0.24985366772422837
2019-03-20,Combined Robust Max Sharpe λ=0.50 γ=0.10,0.04726842567607359,0.062006975850901404,0.43976383788884915
2019-03-21,Combined Robust Max Sharpe λ=0.50 γ=0.10,0.05200932809707415,0.062086935344299404,0.5155565807777163
2019-03-22,Combined Robust Max Sharpe λ=0.50 γ=0.10,0.049132703062047645,0.06214682623745285,0.46877217753222594
2019-03-25,Combined Robust Max Sharpe λ=0.50 γ=0.10,0.05960411935506804,0.06166578459930801,0.6422381489574441
2019-03-26,Combined Robust Max Sharpe λ=0.50 γ=0.10,0.07045738601411711,0.06108194650385005,0.8260605449260974
2019-03-27,Combined Robust Max Sharpe λ=0.50 γ=0.10,0.056135358068574615,0.059779419863847445,0.6044782326572568
2019-03-28,Combined Robust Max Sharpe λ=0.50 γ=0.10,0.06455915412957292,0.05928183210157009,0.7516494101131661
2019-03-29,Combined Robust Max Sharpe λ=0.50 γ=0.10,0.06928211178123123,0.05917975136642758,0.832752937336414
2019-04-01,Combined Robust Max Sharpe λ=0.50 γ=0.10,0.06101306934534989,0.05870378141402089,0.6986444204692114
2019-04-02,Combined Robust Max Sharpe λ=0.50 γ=0.10,0.07125358794665915,0.05808051169782342,0.8824575825591406
2019-04-03,Combined Robust Max Sharpe λ=0.50 γ=0.10,0.06791165951455436,0.058068430143002184,0.8250896295381972
2019-04-04,Combined Robust Max Sharpe λ=0.50 γ=0.10,0.06477661582657834,0.05790610726596489,0.7732624060000733
2019-04-05,Combined Robust Max Sharpe λ=0.50 γ=0.10,0.0656462154530717,0.05792824745940996,0.7879785330128584
2019-04-08,Combined Robust Max Sharpe λ=0.50 γ=0.10,0.0719026742513329,0.05756365335653135,0.9016570565781133
2019-04-09,Combined Robust Max Sharpe λ=0.50 γ=0.10,0.06873263594138068,0.05751394279541284,0.8473186426242971
2019-04-10,Combined Robust Max Sharpe λ=0.50 γ=0.10,0.06569068113446952,0.05725271226240916,0.7980526918105325
2019-04-11,Combined Robust Max Sharpe λ=0.50 γ=0.10,0.06416223443857194,0.05730005983546356,0.7707188188875067
2019-04-12,Combined Robust Max Sharpe λ=0.50 γ=0.10,0.06320899169473115,0.05729377073179881,0.7541656124711928
2019-04-15,Combined Robust Max Sharpe λ=0.50 γ=0.10,0.0633066050052924,0.05729235378031521,0.7558880399878402
2019-04-16,Combined Robust Max Sharpe λ=0.50 γ=0.10,0.05768931264606958,0.05729489149561296,0.6578127938152292
2019-04-17,Combined Robust Max Sharpe λ=0.50 γ=0.10,0.04956804336319509,0.05697098102421734,0.5190018292054028
2019-04-18,Combined Robust Max Sharpe λ=0.50 γ=0.10,0.053050003289220715,0.056943497245147606,0.5803999558885021
2019-04-22,Combined Robust Max Sharpe λ=0.50 γ=0.10,0.0572262690808607,0.05673179401593891,0.6561800085222389
2019-04-23,Combined Robust Max Sharpe λ=0.50 γ=0.10,0.06999052438746078,0.056389102277031415,0.8865281121494831
2019-04-24,Combined Robust Max Sharpe λ=0.50 γ=0.10,0.07391649378379817,0.05638526092885178,0.9562160907942101
2019-04-25,Combined Robust Max Sharpe λ=0.50 γ=0.10,0.08072140097539648,0.05588112513391229,1.086617365521633
2019-04-26,Combined Robust Max Sharpe λ=0.50 γ=0.10,0.086755475552595,0.05598626417786621,1.192354527183943
2019-04-29,Combined Robust Max Sharpe λ=0.50 γ=0.10,0.07708992953793792,0.05557271888150462,1.027301357338092
2019-04-30,Combined Robust Max Sharpe λ=0.50 γ=0.10,0.0762106760500314,0.05555766271611408,1.0117537942021437
2019-05-01,Combined Robust Max Sharpe λ=0.50 γ=0.10,0.07663031546016774,0.05553420797805135,1.019737518945973
2019-05-02,Combined Robust Max Sharpe λ=0.50 γ=0.10,0.07276953733679448,0.05562437242994058,0.9486765428815974
2019-05-03,Combined Robust Max Sharpe λ=0.50 γ=0.10,0.0815038046599117,0.05583680430082875,1.1014922044705706
2019-05-06,Combined Robust Max Sharpe λ=0.50 γ=0.10,0.08044924717497026,0.055833718673653825,1.0826656115866837
2019-05-07,Combined Robust Max Sharpe λ=0.50 γ=0.10,0.06912396318130498,0.055692677395147105,0.8820542570213278
2019-05-08,Combined Robust Max Sharpe λ=0.50 γ=0.10,0.06471097017515559,0.05573538241790234,0.8022008324965636
2019-05-09,Combined Robust Max Sharpe λ=0.50 γ=0.10,0.06569682358929696,0.05572654068924283,0.8200190254787885
2019-05-10,Combined Robust Max Sharpe λ=0.50 γ=0.10,0.06444223501150015,0.05568838831392642,0.7980520959049938
2019-05-13,Combined Robust Max Sharpe λ=0.50 γ=0.10,0.05134912964977323,0.05574840018964941,0.5623323636754997
2019-05-14,Combined Robust Max Sharpe λ=0.50 γ=0.10,0.05400034763568806,0.055820975710157525,0.6090962618107936
2019-05-15,Combined Robust Max Sharpe λ=0.50 γ=0.10,0.05946585133618032,0.05593659326347129,0.7055462092639275
2019-05-16,Combined Robust Max Sharpe λ=0.50 γ=0.10,0.07017971197628192,0.055229133026877424,0.908573233475561
2019-05-17,Combined Robust Max Sharpe λ=0.50 γ=0.10,0.06642554883879326,0.05530529382903396,0.839441319709994
2019-05-20,Combined Robust Max Sharpe λ=0.50 γ=0.10,0.06400622172942882,0.055428086508154506,0.7939336264648913
2019-05-21,Combined Robust Max Sharpe λ=0.50 γ=0.10,0.06606947786128692,0.055483544403128374,0.8303268718119122
2019-05-22,Combined Robust Max Sharpe λ=0.50 γ=0.10,0.06351669861807419,0.05543693543507224,0.7849766275237374
2019-05-23,Combined Robust Max Sharpe λ=0.50 γ=0.10,0.06349021454503379,0.055437545140553136,0.7844902662044507
2019-05-24,Combined Robust Max Sharpe λ=0.50 γ=0.10,0.05995859944136184,0.05526749680113284,0.7230036052680928
2019-05-28,Combined Robust Max Sharpe λ=0.50 γ=0.10,0.056317257052563185,0.05525654579873759,0.6572480513863915
2019-05-29,Combined Robust Max Sharpe λ=0.50 γ=0.10,0.05244090929317724,0.0552940453730338,0.5866980625909902
2019-05-30,Combined Robust Max Sharpe λ=0.50 γ=0.10,0.0547349961074759,0.055408561052280605,0.6268886151853281
2019-05-31,Combined Robust Max Sharpe λ=0.50 γ=0.10,0.05290124125806783,0.05541020665258453,0.5937758266153876
2019-06-03,Combined Robust Max Sharpe λ=0.50 γ=0.10,0.05622087360320882,0.05541008638133375,0.6536873693705468
2019-06-04,Combined Robust Max Sharpe λ=0.50 γ=0.10,0.06058244577958427,0.055703180245896364,0.7285480936714375
2019-06-05,Combined Robust Max Sharpe λ=0.50 γ=0.10,0.06254868404041325,0.05574445069110291,0.7632810712619368
2019-06-06,Combined Robust Max Sharpe λ=0.50 γ=0.10,0.06316075420343648,0.055767129900708506,0.7739461270515936
2019-06-07,Combined Robust Max Sharpe λ=0.50 γ=0.10,0.07045539843931303,0.05612532489728226,0.8989773962405376
2019-06-10,Combined Robust Max Sharpe λ=0.50 γ=0.10,0.06841440880222405,0.05615356457021343,0.8621787267251311
2019-06-11,Combined Robust Max Sharpe λ=0.50 γ=0.10,0.06911785130041359,0.056148171121877484,0.8747898697144809
2019-06-12,Combined Robust Max Sharpe λ=0.50 γ=0.10,0.06974094852213719,0.05615137878508735,0.8858366365768984
2019-06-13,Combined Robust Max Sharpe λ=0.50 γ=0.10,0.07261746168431116,0.05624214336635025,0.9355522128943659
2019-06-14,Combined Robust Max Sharpe λ=0.50 γ=0.10,0.07298326155389656,0.05623741505623553,0.9421354360067061
2019-06-17,Combined Robust Max Sharpe λ=0.50 γ=0.10,0.06841335491153488,0.05604736480127836,0.8637935982037579
2019-06-18,Combined Robust Max Sharpe λ=0.50 γ=0.10,0.07821507757530766,0.056323510704503844,1.0335839660408908
2019-06-19,Combined Robust Max Sharpe λ=0.50 γ=0.10,0.08312253968765182,0.056435106260980486,1.1184977555592033
2019-06-20,Combined Robust Max Sharpe λ=0.50 γ=0.10,0.09061933579643733,0.05679347915904513,1.2434409168467053
2019-06-21,Combined Robust Max Sharpe λ=0.50 γ=0.10,0.08911768608479953,0.05685053496230512,1.2157789918886106
2019-06-24,Combined Robust Max Sharpe λ=0.50 γ=0.10,0.09386344655506074,0.05683084170030804,1.299707066535676
2019-06-25,Combined Robust Max Sharpe λ=0.50 γ=0.10,0.089535675605114,0.05697391432143234,1.2204826793681647
2019-06-26,Combined Robust Max Sharpe λ=0.50 γ=0.10,0.09364418782926753,0.05665437806647121,1.2998852046855511
2019-06-27,Combined Robust Max Sharpe λ=0.50 γ=0.10,0.09629905501567815,0.056767094420831526,1.3440718746330458
2019-06-28,Combined Robust Max Sharpe λ=0.50 γ=0.10,0.1016126301690341,0.05675893917714861,1.4378815276007078
2019-07-01,Combined Robust Max Sharpe λ=0.50 γ=0.10,0.10176636210677859,0.05676153099669344,1.4405242542091008
2019-07-02,Combined Robust Max Sharpe λ=0.50 γ=0.10,0.10566541439799226,0.056907158482681866,1.505353925272199
2019-07-03,Combined Robust Max Sharpe λ=0.50 γ=0.10,0.10948990650737778,0.05702263598519903,1.5693751255309567
2019-07-05,Combined Robust Max Sharpe λ=0.50 γ=0.10,0.10274390053087568,0.057381232693556494,1.4420028404194116
2019-07-08,Combined Robust Max Sharpe λ=0.50 γ=0.10,0.09426497019076541,0.05731450883796741,1.2957446848357066
2019-07-09,Combined Robust Max Sharpe λ=0.50 γ=0.10,0.08920795138894477,0.057154021230502214,1.2109025734134968
2019-07-10,Combined Robust Max Sharpe λ=0.50 γ=0.10,0.09061602357216891,0.05721541265817623,1.2342133053212838
2019-07-11,Combined Robust Max Sharpe λ=0.50 γ=0.10,0.08705005818172218,0.05734907827339589,1.1691566839501681
2019-07-12,Combined Robust Max Sharpe λ=0.50 γ=0.10,0.09158956804654239,0.05736116760265612,1.248049351827131
2019-07-15,Combined Robust Max Sharpe λ=0.50 γ=0.10,0.08723880538111373,0.05714571008413455,1.1766203496661307
2019-07-16,Combined Robust Max Sharpe λ=0.50 γ=0.10,0.08334296666786023,0.05724627926448926,1.1064992778867435
2019-07-17,Combined Robust Max Sharpe λ=0.50 γ=0.10,0.0878503057498905,0.057251917864259476,1.1851184777907195
2019-07-18,Combined Robust Max Sharpe λ=0.50 γ=0.10,0.09145019407285693,0.05734366341298398,1.245999816200771
2019-07-19,Combined Robust Max Sharpe λ=0.50 γ=0.10,0.08759945643607026,0.05750303092776295,1.1755807536648066
2019-07-22,Combined Robust Max Sharpe λ=0.50 γ=0.10,0.0902748652901153,0.05752294912235337,1.2216839776527826
2019-07-23,Combined Robust Max Sharpe λ=0.50 γ=0.10,0.09331857735902682,0.05750033803416156,1.275098197083076
2019-07-24,Combined Robust Max Sharpe λ=0.50 γ=0.10,0.09953989517925077,0.057519639563900986,1.382830208643546
2019-07-25,Combined Robust Max Sharpe λ=0.50 γ=0.10,0.09272493516971037,0.05764138294137965,1.2616792217436983
2019-07-26,Combined Robust Max Sharpe λ=0.50 γ=0.10,0.09091693098021625,0.057547221284419255,1.2323258951065428
2019-07-29,Combined Robust Max Sharpe λ=0.50 γ=0.10,0.09544122447592418,0.05736857402498053,1.3150270118806526
2019-07-30,Combined Robust Max Sharpe λ=0.50 γ=0.10,0.0980520377912153,0.05728861359065621,1.362435445705141
2019-07-31,Combined Robust Max Sharpe λ=0.50 γ=0.10,0.09931016880809929,0.05720281579560757,1.3864731605430736
2019-08-01,Combined Robust Max Sharpe λ=0.50 γ=0.10,0.10090652839689684,0.05730813523314458,1.4117808591703043
2019-08-02,Combined Robust Max Sharpe λ=0.50 γ=0.10,0.10093015242429182,0.05730721255676745,1.4122158243890144
2019-08-05,Combined Robust Max Sharpe λ=0.50 γ=0.10,0.09106403989455125,0.057569361489852165,1.234407296788897
2019-08-06,Combined Robust Max Sharpe λ=0.50 γ=0.10,0.09600740105225447,0.05795127434739896,1.3115742821566774
2019-08-07,Combined Robust Max Sharpe λ=0.50 γ=0.10,0.09616530003212231,0.057954119153777614,1.314234452084803
2019-08-08,Combined Robust Max Sharpe λ=0.50 γ=0.10,0.10479213914304086,0.0583943588192789,1.4520604533985693
2019-08-09,Combined Robust Max Sharpe λ=0.50 γ=0.10,0.10028331858794237,0.058550914707748626,1.37117103957588
2019-08-12,Combined Robust Max Sharpe λ=0.50 γ=0.10,0.10033731306906613,0.05855123158840078,1.372085793750942
2019-08-13,Combined Robust Max Sharpe λ=0.50 γ=0.10,0.10444875659811736,0.058625836215820015,1.44046997107615
2019-08-14,Combined Robust Max Sharpe λ=0.50 γ=0.10,0.10059989227075006,0.058896561254955355,1.368499120378928
2019-08-15,Combined Robust Max Sharpe λ=0.50 γ=0.10,0.10324971756802759,0.059020017651595154,1.4105335931863716
2019-08-16,Combined Robust Max Sharpe λ=0.50 γ=0.10,0.11145528544383643,0.05899889159177562,1.5501187052230179
2019-08-19,Combined Robust Max Sharpe λ=0.50 γ=0.10,0.11001421983598791,0.05898056000327568,1.5261676021894108
2019-08-20,Combined Robust Max Sharpe λ=0.50 γ=0.10,0.1094005885490239,0.05896974993593089,1.51604150680909
2019-08-21,Combined Robust Max Sharpe λ=0.50 γ=0.10,0.10907697382054327,0.05896071646311555,1.5107851322713783
2019-08-22,Combined Robust Max Sharpe λ=0.50 γ=0.10,0.10627919423611232,0.0590191950867585,1.4618836144627436
2019-08-23,Combined Robust Max Sharpe λ=0.50 γ=0.10,0.10069264076158135,0.05915160419192551,1.3641665659609667
2019-08-26,Combined Robust Max Sharpe λ=0.50 γ=0.10,0.10593268065400618,0.05920382614687261,1.4514717417219747
2019-08-27,Combined Robust Max Sharpe λ=0.50 γ=0.10,0.10351545470036227,0.05908273733342693,1.4135339435790186
2019-08-28,Combined Robust Max Sharpe λ=0.50 γ=0.10,0.10368504863519523,0.05908661518237219,1.4163114332560667
2019-08-29,Combined Robust Max Sharpe λ=0.50 γ=0.10,0.1088080543427492,0.05905696702665233,1.5037693063829412
2019-08-30,Combined Robust Max Sharpe λ=0.50 γ=0.10,0.10548318060490014,0.05902168950859984,1.4483350327076743
2019-09-03,Combined Robust Max Sharpe λ=0.50 γ=0.10,0.10534360138183407,0.059023553131928634,1.4459244971422718
2019-09-04,Combined Robust Max Sharpe λ=0.50 γ=0.10,0.11137272444924973,0.059221342888373205,1.542901933539044
2019-09-05,Combined Robust Max Sharpe λ=0.50 γ=0.10,0.11192098642329218,0.05919681786678288,1.552802831904784
2019-09-06,Combined Robust Max Sharpe λ=0.50 γ=0.10,0.11537534945175754,0.05913257810317468,1.612907005091954
2019-09-09,Combined Robust Max Sharpe λ=0.50 γ=0.10,0.11088043000558367,0.05932196061461246,1.5319862840675833
2019-09-10,Combined Robust Max Sharpe λ=0.50 γ=0.10,0.10875218949155219,0.059486467836833555,1.4919727581572346
2019-09-11,Combined Robust Max Sharpe λ=0.50 γ=0.10,0.10923386894236642,0.059498754962367444,1.4997602722747094
2019-09-12,Combined Robust Max Sharpe λ=0.50 γ=0.10,0.10950881331569429,0.059497333074616944,1.5044172350286569
2019-09-13,Combined Robust Max Sharpe λ=0.50 γ=0.10,0.10089673420155831,0.059891770736682275,1.3507153521512263
2019-09-16,Combined Robust Max Sharpe λ=0.50 γ=0.10,0.10073527178572994,0.0598864281131039,1.3481397092718583
2019-09-17,Combined Robust Max Sharpe λ=0.50 γ=0.10,0.10574221802938055,0.05988342716153737,1.4318188202236373
2019-09-18,Combined Robust Max Sharpe λ=0.50 γ=0.10,0.10942256944233342,0.0597956663438067,1.4954690684134386
2019-09-19,Combined Robust Max Sharpe λ=0.50 γ=0.10,0.11157810927850953,0.05979530449784506,1.5315267653133178
2019-09-20,Combined Robust Max Sharpe λ=0.50 γ=0.10,0.11567986091403282,0.05984089658979077,1.5989042004152791
2019-09-23,Combined Robust Max Sharpe λ=0.50 γ=0.10,0.11181174523149928,0.059728145997194865,1.5371604743232985
2019-09-24,Combined Robust Max Sharpe λ=0.50 γ=0.10,0.11381611635337263,0.0596928779739148,1.571646728012835
2019-09-25,Combined Robust Max Sharpe λ=0.50 γ=0.10,0.11154087660464285,0.05977830577838902,1.5313394284542703
2019-09-26,Combined Robust Max Sharpe λ=0.50 γ=0.10,0.11211818452094313,0.05977704401820612,1.5410294375360374
2019-09-27,Combined Robust Max Sharpe λ=0.50 γ=0.10,0.10879178309603477,0.059820256969831835,1.48430962342428
2019-09-30,Combined Robust Max Sharpe λ=0.50 γ=0.10,0.10932679101837528,0.05982850243633289,1.4930474168801615
2019-10-01,Combined Robust Max Sharpe λ=0.50 γ=0.10,0.10669155464899482,0.05986715484213869,1.4480653853951857
2019-10-02,Combined Robust Max Sharpe λ=0.50 γ=0.10,0.10395121272800867,0.05996481925698102,1.4000077673582778
2019-10-03,Combined Robust Max Sharpe λ=0.50 γ=0.10,0.10897312475530274,0.06019837589891492,1.477998757054615
2019-10-04,Combined Robust Max Sharpe λ=0.50 γ=0.10,0.11983961977084401,0.06030394563563081,1.6556067553870537
2019-10-07,Combined Robust Max Sharpe λ=0.50 γ=0.10,0.120914820604904,0.0602142362957619,1.675929594277803
2019-10-08,Combined Robust Max Sharpe λ=0.50 γ=0.10,0.12185772865300804,0.06015523702515727,1.6932478981075336
2019-10-09,Combined Robust Max Sharpe λ=0.50 γ=0.10,0.12579090628265055,0.060143090441859434,1.7589868679082767
2019-10-10,Combined Robust Max Sharpe λ=0.50 γ=0.10,0.12117982119793491,0.06022809984143113,1.6799437715007062
2019-10-11,Combined Robust Max Sharpe λ=0.50 γ=0.10,0.13426487628789974,0.05893605575147532,1.9387940850629353
2019-10-14,Combined Robust Max Sharpe λ=0.50 γ=0.10,0.1391653981559775,0.05888971723082601,2.0235349014988984
2019-10-15,Combined Robust Max Sharpe λ=0.50 γ=0.10,0.1334855738704095,0.058744692748256624,1.931843857907954
2019-10-16,Combined Robust Max Sharpe λ=0.50 γ=0.10,0.13689506203671598,0.05869047925805671,1.9917210340494749
2019-10-17,Combined Robust Max Sharpe λ=0.50 γ=0.10,0.1284941854668471,0.05812133378890398,1.866684372056855
2019-10-18,Combined Robust Max Sharpe λ=0.50 γ=0.10,0.1304107901698326,0.058061422956992854,1.9016204658231655
2019-10-21,Combined Robust Max Sharpe λ=0.50 γ=0.10,0.13561327032755743,0.05780627744370854,2.0000123765129323
2019-10-22,Combined Robust Max Sharpe λ=0.50 γ=0.10,0.137719900573668,0.0577817979046961,2.037318062823735
2019-10-23,Combined Robust Max Sharpe λ=0.50 γ=0.10,0.14055143347753485,0.05776316967268473,2.086994778171629
2019-10-24,Combined Robust Max Sharpe λ=0.50 γ=0.10,0.14247203420821175,0.05776964324425184,2.1200067601317216
2019-10-25,Combined Robust Max Sharpe λ=0.50 γ=0.10,0.1532955307269821,0.05691890528588296,2.341849866182196
2019-10-28,Combined Robust Max Sharpe λ=0.50 γ=0.10,0.14468773673009938,0.0566740001840354,2.200087100349463
2019-10-29,Combined Robust Max Sharpe λ=0.50 γ=0.10,0.14865024521283488,0.05648599231138978,2.277560151614686
2019-10-30,Combined Robust Max Sharpe λ=0.50 γ=0.10,0.15782858656483612,0.05644827251438648,2.441679442532257
2019-10-31,Combined Robust Max Sharpe λ=0.50 γ=0.10,0.15844910660110534,0.056479813892823055,2.4513024576148297
2019-11-01,Combined Robust Max Sharpe λ=0.50 γ=0.10,0.15837742844001568,0.05647790606261536,2.4501161265894096
2019-11-04,Combined Robust Max Sharpe λ=0.50 γ=0.10,0.14847197186275785,0.05628662789712868,2.282459913881455
2019-11-05,Combined Robust Max Sharpe λ=0.50 γ=0.10,0.14829688504063432,0.056302771811364144,2.2786957180452507
2019-11-06,Combined Robust Max Sharpe λ=0.50 γ=0.10,0.15015107198400335,0.05635549635208077,2.3094654542812467
2019-11-07,Combined Robust Max Sharpe λ=0.50 γ=0.10,0.14108011654290498,0.056684689514381936,2.1360285745621796
2019-11-08,Combined Robust Max Sharpe λ=0.50 γ=0.10,0.1304094432151166,0.05612130874476346,1.967335503832466
2019-11-11,Combined Robust Max Sharpe λ=0.50 γ=0.10,0.13281608621943364,0.05605018141880862,2.012769332118098
2019-11-12,Combined Robust Max Sharpe λ=0.50 γ=0.10,0.13829651958257383,0.05591810747903658,2.1155315320162185
2019-11-13,Combined Robust Max Sharpe λ=0.50 γ=0.10,0.14856622422407684,0.05546041771978654,2.3181618442482166
2019-11-14,Combined Robust Max Sharpe λ=0.50 γ=0.10,0.1540479290646788,0.055567138315198966,2.4123597710629885
2019-11-15,Combined Robust Max Sharpe λ=0.50 γ=0.10,0.15810834330589607,0.05551660276868491,2.4876944268606875
2019-11-18,Combined Robust Max Sharpe λ=0.50 γ=0.10,0.1552466853323311,0.05542522069411322,2.4401650302620412
2019-11-19,Combined Robust Max Sharpe λ=0.50 γ=0.10,0.15407332273596852,0.055401221116680555,2.420042736126639
2019-11-20,Combined Robust Max Sharpe λ=0.50 γ=0.10,0.16293334904834977,0.05490796726145145,2.6031440640982755
2019-11-21,Combined Robust Max Sharpe λ=0.50 γ=0.10,0.16798706961543197,0.05448256073926499,2.7162282317023934
2019-11-22,Combined Robust Max Sharpe λ=0.50 γ=0.10,0.1665757320697847,0.05445496290443278,2.691687299962389
2019-11-25,Combined Robust Max Sharpe λ=0.50 γ=0.10,0.1721854590139762,0.05444865038922969,2.7950272031734236
2019-11-26,Combined Robust Max Sharpe λ=0.50 γ=0.10,0.16860923874801226,0.054250771301687296,2.739301860274017
2019-11-27,Combined Robust Max Sharpe λ=0.50 γ=0.10,0.1680744904023006,0.05425535577794152,2.729214255056142
2019-11-29,Combined Robust Max Sharpe λ=0.50 γ=0.10,0.1555519122824618,0.05356010167883933,2.5308374710576027
2019-12-02,Combined Robust Max Sharpe λ=0.50 γ=0.10,0.15038460795853892,0.0538532727107678,2.42110834486887
2019-12-03,Combined Robust Max Sharpe λ=0.50 γ=0.10,0.1529833358562951,0.05397750316478402,2.4636807569686927
2019-12-04,Combined Robust Max Sharpe λ=0.50 γ=0.10,0.14476404906873208,0.053606446977639194,2.327407543364603
2019-12-05,Combined Robust Max Sharpe λ=0.50 γ=0.10,0.15524591026404022,0.05262727548168911,2.5698824236321536
2019-12-06,Combined Robust Max Sharpe λ=0.50 γ=0.10,0.15353129081465222,0.052612322453466996,2.538023120586514
2019-12-09,Combined Robust Max Sharpe λ=0.50 γ=0.10,0.16093070077874283,0.052073778281625065,2.7063659567116938
2019-12-10,Combined Robust Max Sharpe λ=0.50 γ=0.10,0.15812472350189166,0.052063271675788274,2.653016590314008
2019-12-11,Combined Robust Max Sharpe λ=0.50 γ=0.10,0.16287337432806037,0.05217657731658262,2.7382665110663122
2019-12-12,Combined Robust Max Sharpe λ=0.50 γ=0.10,0.15831887661814048,0.052237907497435086,2.647864036761657
2019-12-13,Combined Robust Max Sharpe λ=0.50 γ=0.10,0.1632580504571921,0.05239442567840857,2.734223127790251
2019-12-16,Combined Robust Max Sharpe λ=0.50 γ=0.10,0.17050112061470846,0.05189905128128203,2.899881922677619
2019-12-17,Combined Robust Max Sharpe λ=0.50 γ=0.10,0.17635041267039275,0.05157752499242758,3.0313671059894314
2019-12-18,Combined Robust Max Sharpe λ=0.50 γ=0.10,0.17232362198623163,0.05158888041806158,2.9526444604310935
2019-12-19,Combined Robust Max Sharpe λ=0.50 γ=0.10,0.18111870240932948,0.05123533741407717,3.144679249541964
2019-12-20,Combined Robust Max Sharpe λ=0.50 γ=0.10,0.189262511922361,0.050850424176190255,3.3286352014663225
2019-12-23,Combined Robust Max Sharpe λ=0.50 γ=0.10,0.1996512332806537,0.05007373451212077,3.587733869483364
2019-12-24,Combined Robust Max Sharpe λ=0.50 γ=0.10,0.21108877792492198,0.04937080094247045,3.8704816263278583
2019-12-26,Combined Robust Max Sharpe λ=0.50 γ=0.10,0.1961103866376035,0.04706982940218681,3.7414706803552087
2019-12-27,Combined Robust Max Sharpe λ=0.50 γ=0.10,0.19296796230433588,0.04699134733808564,3.680847051690056
2019-12-30,Combined Robust Max Sharpe λ=0.50 γ=0.10,0.1880217196921623,0.04696524631242764,3.577575609301159
2019-12-31,Combined Robust Max Sharpe λ=0.50 γ=0.10,0.18012222089760077,0.04683581566519078,3.418798597258262
2020-01-02,Combined Robust Max Sharpe λ=0.50 γ=0.10,0.18402028932160275,0.047070012066855314,3.4846026614278016
2020-01-03,Combined Robust Max Sharpe λ=0.50 γ=0.10,0.1935086290496273,0.046720918914221955,3.7137246672776993
2020-01-06,Combined Robust Max Sharpe λ=0.50 γ=0.10,0.18370164078111673,0.04600300276118328,3.5584990317033394
2020-01-07,Combined Robust Max Sharpe λ=0.50 γ=0.10,0.17851056778131968,0.04602462509973813,3.444038217319919
2020-01-08,Combined Robust Max Sharpe λ=0.50 γ=0.10,0.174352480976534,0.04598007709025635,3.356942631338973
2020-01-09,Combined Robust Max Sharpe λ=0.50 γ=0.10,0.17368393233907176,0.04594578421982483,3.344897359979324
2020-01-10,Combined Robust Max Sharpe λ=0.50 γ=0.10,0.17565936717351383,0.045947020309092076,3.3878011267405665
2020-01-13,Combined Robust Max Sharpe λ=0.50 γ=0.10,0.17410721160718778,0.045945101378231865,3.354159790366718
2020-01-14,Combined Robust Max Sharpe λ=0.50 γ=0.10,0.17855002363157824,0.04578646922692117,3.4628139340859074
2020-01-15,Combined Robust Max Sharpe λ=0.50 γ=0.10,0.1769382266335251,0.04570183841192113,3.433958722163536
2020-01-16,Combined Robust Max Sharpe λ=0.50 γ=0.10,0.1775283139269992,0.04571246112543944,3.4460694097114173
2020-01-17,Combined Robust Max Sharpe λ=0.50 γ=0.10,0.17510320651938605,0.045672642766349796,3.395976171399947
2020-01-21,Combined Robust Max Sharpe λ=0.50 γ=0.10,0.17446379256193167,0.04564712396770681,3.3838669150592606
2020-01-22,Combined Robust Max Sharpe λ=0.50 γ=0.10,0.1787973095846065,0.04547661441797621,3.491845459846641
2020-01-23,Combined Robust Max Sharpe λ=0.50 γ=0.10,0.1798109312270666,0.04549162603745289,3.5129746977058054
2020-01-24,Combined Robust Max Sharpe λ=0.50 γ=0.10,0.17682629041670372,0.04546292064481883,3.449542796467398
2020-01-27,Combined Robust Max Sharpe λ=0.50 γ=0.10,0.1715401712625002,0.04537592088030722,3.3396605142677647
2020-01-28,Combined Robust Max Sharpe λ=0.50 γ=0.10,0.17534758810409,0.045261739577178974,3.432205424610248
2020-01-29,Combined Robust Max Sharpe λ=0.50 γ=0.10,0.17791774882208555,0.04532117196036984,3.484414501905941
2020-01-30,Combined Robust Max Sharpe λ=0.50 γ=0.10,0.169784360061779,0.044664723149240075,3.3535271126902177
2020-01-31,Combined Robust Max Sharpe λ=0.50 γ=0.10,0.15950547963785544,0.04428886826797628,3.1498994012165116
2020-02-03,Combined Robust Max Sharpe λ=0.50 γ=0.10,0.16338499532192863,0.044187984085155486,3.2448865520909203
2020-02-04,Combined Robust Max Sharpe λ=0.50 γ=0.10,0.16283436263852424,0.044190477431399554,3.23224302928742
2020-02-05,Combined Robust Max Sharpe λ=0.50 γ=0.10,0.16098107045557586,0.0441283872132634,3.1947931786911545
2020-02-06,Combined Robust Max Sharpe λ=0.50 γ=0.10,0.1646266206507474,0.04409080721351427,3.280198975500224
2020-02-07,Combined Robust Max Sharpe λ=0.50 γ=0.10,0.16833257337496077,0.044056350704171944,3.366882889846669
2020-02-10,Combined Robust Max Sharpe λ=0.50 γ=0.10,0.1703753248143367,0.044143448547095836,3.406515117501616
2020-02-11,Combined Robust Max Sharpe λ=0.50 γ=0.10,0.17049558793229647,0.044139202920429506,3.409567413430583
2020-02-12,Combined Robust Max Sharpe λ=0.50 γ=0.10,0.16671446765667697,0.044017127134643674,3.333122291418364
2020-02-13,Combined Robust Max Sharpe λ=0.50 γ=0.10,0.1684463277837216,0.04398493909071143,3.3749353949900076
2020-02-14,Combined Robust Max Sharpe λ=0.50 γ=0.10,0.16903234714279392,0.04400291338429822,3.3868745426291222
2020-02-18,Combined Robust Max Sharpe λ=0.50 γ=0.10,0.16633025567689197,0.043882202645612926,3.3346151025880917
2020-02-19,Combined Robust Max Sharpe λ=0.50 γ=0.10,0.1644836599090438,0.04382454248817352,3.2968663608532625
2020-02-20,Combined Robust Max Sharpe λ=0.50 γ=0.10,0.1658735702575309,0.04382855497708477,3.3282769722569943
2020-02-21,Combined Robust Max Sharpe λ=0.50 γ=0.10,0.17137946788926217,0.04357556587399378,3.4739530021710303
2020-02-24,Combined Robust Max Sharpe λ=0.50 γ=0.10,0.1596738143233265,0.04383357587184094,3.18645722018436
2020-02-25,Combined Robust Max Sharpe λ=0.50 γ=0.10,0.14988071362515942,0.04481517454698261,2.8981414205805933
2020-02-26,Combined Robust Max Sharpe λ=0.50 γ=0.10,0.14626838550145793,0.04488674385815566,2.813044000261465
2020-02-27,Combined Robust Max Sharpe λ=0.50 γ=0.10,0.13538802665696958,0.0465581716714004,2.478362498238945
2020-02-28,Combined Robust Max Sharpe λ=0.50 γ=0.10,0.14137048571328292,0.046521960163866234,2.6088858957312766
2020-03-02,Combined Robust Max Sharpe λ=0.50 γ=0.10,0.15609759686190094,0.04783731934869744,2.8450088490505423
2020-03-03,Combined Robust Max Sharpe λ=0.50 γ=0.10,0.15890028545401158,0.047866259270330676,2.9018412462430976
2020-03-04,Combined Robust Max Sharpe λ=0.50 γ=0.10,0.17218239093730903,0.04903533089141519,3.1035253188013505
2020-03-05,Combined Robust Max Sharpe λ=0.50 γ=0.10,0.16943501431617247,0.04919623564095386,3.037529444463713
2020-03-06,Combined Robust Max Sharpe λ=0.50 γ=0.10,0.17267996391956664,0.049202428430608514,3.103098135387672
2020-03-09,Combined Robust Max Sharpe λ=0.50 γ=0.10,0.1414750591963021,0.05560281144785038,2.1846927526359528
2020-03-10,Combined Robust Max Sharpe λ=0.50 γ=0.10,0.13510567988269306,0.05551453087299029,2.0734333529006888
2020-03-11,Combined Robust Max Sharpe λ=0.50 γ=0.10,0.10005062217646032,0.06224305900566824,1.2860971722030952
2020-03-12,Combined Robust Max Sharpe λ=0.50 γ=0.10,0.04938309248042172,0.07655485782909068,0.38381747825878937
2020-03-13,Combined Robust Max Sharpe λ=0.50 γ=0.10,0.0848734421725692,0.08254557347278241,0.7859106120809711
2020-03-16,Combined Robust Max Sharpe λ=0.50 γ=0.10,0.05282117845893053,0.086514698213548,0.3793711257931754
2020-03-17,Combined Robust Max Sharpe λ=0.50 γ=0.10,0.046183350161397074,0.08670525600751244,0.3019811181819065
2020-03-18,Combined Robust Max Sharpe λ=0.50 γ=0.10,0.00786701414957447,0.09423848870301264,-0.12874767005933171
2020-03-19,Combined Robust Max Sharpe λ=0.50 γ=0.10,-0.009957568636650982,0.09524534229290875,-0.3145305367744098
2020-03-20,Combined Robust Max Sharpe λ=0.50 γ=0.10,-0.009371084603291058,0.09526959944394169,-0.3082944063449487
2020-03-23,Combined Robust Max Sharpe λ=0.50 γ=0.10,0.016951994446037677,0.09821293613067965,-0.031034664821614988
2020-03-24,Combined Robust Max Sharpe λ=0.50 γ=0.10,0.04843396108802467,0.10362633311961883,0.27438933938927024
2020-03-25,Combined Robust Max Sharpe λ=0.50 γ=0.10,0.06467123944930542,0.1050209810818257,0.42535538126900957
2020-03-26,Combined Robust Max Sharpe λ=0.50 γ=0.10,0.08516075080123375,0.10658441771323345,0.6113534435826208
2020-03-27,Combined Robust Max Sharpe λ=0.50 γ=0.10,0.07764591055546943,0.10680128484655142,0.5397492234133061
2020-03-30,Combined Robust Max Sharpe λ=0.50 γ=0.10,0.09099225104767417,0.10761037329699182,0.6597156842095883
2020-03-31,Combined Robust Max Sharpe λ=0.50 γ=0.10,0.08254731727795428,0.10791879457619745,0.5795776122554069
2020-04-01,Combined Robust Max Sharpe λ=0.50 γ=0.10,0.07705693006699321,0.1079947181818652,0.5283307464251005
2020-04-02,Combined Robust Max Sharpe λ=0.50 γ=0.10,0.08843696413472446,0.10837404880138121,0.6314884872498391
2020-04-03,Combined Robust Max Sharpe λ=0.50 γ=0.10,0.08425353216147613,0.10838521878177187,0.5928255982104658
2020-04-06,Combined Robust Max Sharpe λ=0.50 γ=0.10,0.1034011402968058,0.11012516232029926,0.7573304641697909
2020-04-07,Combined Robust Max Sharpe λ=0.50 γ=0.10,0.09791381313295999,0.11027447338255764,0.706544413616613
2020-04-08,Combined Robust Max Sharpe λ=0.50 γ=0.10,0.09976472230858646,0.11027752210361776,0.7233089825289944
2020-04-09,Combined Robust Max Sharpe λ=0.50 γ=0.10,0.10131045785633908,0.11033329971642751,0.736953014777213
2020-04-13,Combined Robust Max Sharpe λ=0.50 γ=0.10,0.10597850693625066,0.1103084151044237,0.7794374241970471
2020-04-14,Combined Robust Max Sharpe λ=0.50 γ=0.10,0.1194700614490889,0.1109568005889633,0.8964755735664481
2020-04-15,Combined Robust Max Sharpe λ=0.50 γ=0.10,0.12795551317085518,0.11114273010874152,0.9713232081417472
2020-04-16,Combined Robust Max Sharpe λ=0.50 γ=0.10,0.139950560516793,0.1113671226744869,1.0770733555485175
2020-04-17,Combined Robust Max Sharpe λ=0.50 γ=0.10,0.13533703840108413,0.11150632714260131,1.0343542053320782
2020-04-20,Combined Robust Max Sharpe λ=0.50 γ=0.10,0.13523008606547826,0.11150563562227508,1.033401454755343
2020-04-21,Combined Robust Max Sharpe λ=0.50 γ=0.10,0.12975982854488688,0.11166892884654961,0.9829039257259633
2020-04-22,Combined Robust Max Sharpe λ=0.50 γ=0.10,0.131725543376368,0.1117473839205776,0.9998045543131001
2020-04-23,Combined Robust Max Sharpe λ=0.50 γ=0.10,0.132499859408707,0.11175896494623616,1.0066293962442052
2020-04-24,Combined Robust Max Sharpe λ=0.50 γ=0.10,0.13831171441867296,0.11180501890906208,1.0581968106002753
2020-04-27,Combined Robust Max Sharpe λ=0.50 γ=0.10,0.12661513800873614,0.11194521003088842,0.9523867790262612
2020-04-28,Combined Robust Max Sharpe λ=0.50 γ=0.10,0.12771045987100482,0.11193118143947366,0.9622918161482001
2020-04-29,Combined Robust Max Sharpe λ=0.50 γ=0.10,0.1357151328443309,0.11218233824415838,1.0314915400718747
2020-04-30,Combined Robust Max Sharpe λ=0.50 γ=0.10,0.13095743492004774,0.11238614308927321,0.9872875060042715
2020-05-01,Combined Robust Max Sharpe λ=0.50 γ=0.10,0.13065143507677623,0.11239467707621908,0.9844899950354349
2020-05-04,Combined Robust Max Sharpe λ=0.50 γ=0.10,0.12645857739089772,0.11227986645409585,0.9481537585763152
2020-05-05,Combined Robust Max Sharpe λ=0.50 γ=0.10,0.12795778355863452,0.11228186701739758,0.9614890313669876
2020-05-06,Combined Robust Max Sharpe λ=0.50 γ=0.10,0.12559467183270567,0.11238965197156157,0.9395408739180431
2020-05-07,Combined Robust Max Sharpe λ=0.50 γ=0.10,0.142226304701754,0.1129766007350649,1.0818727409614677
2020-05-08,Combined Robust Max Sharpe λ=0.50 γ=0.10,0.13933257905805152,0.11301321116254205,1.0559170722653
2020-05-11,Combined Robust Max Sharpe λ=0.50 γ=0.10,0.13554486465603954,0.11303514328850903,1.0222030184110507
2020-05-12,Combined Robust Max Sharpe λ=0.50 γ=0.10,0.1419750890953808,0.11283728226763341,1.0809821598332532
2020-05-13,Combined Robust Max Sharpe λ=0.50 γ=0.10,0.13963415685852087,0.11280995696498153,1.0604928862410408
2020-05-14,Combined Robust Max Sharpe λ=0.50 γ=0.10,0.1436227509176462,0.11297444510278279,1.094254110344828
2020-05-15,Combined Robust Max Sharpe λ=0.50 γ=0.10,0.14378355868776005,0.11297553737729037,1.0956669165854505
2020-05-18,Combined Robust Max Sharpe λ=0.50 γ=0.10,0.14125282806704242,0.11306059115595651,1.072458819004276
2020-05-19,Combined Robust Max Sharpe λ=0.50 γ=0.10,0.148861472712712,0.11299523843590889,1.1404150696651034
2020-05-20,Combined Robust Max Sharpe λ=0.50 γ=0.10,0.1529042042533224,0.11312014803896361,1.1748941860255018
2020-05-21,Combined Robust Max Sharpe λ=0.50 γ=0.10,0.14819273259290133,0.11321073471883057,1.1323372550428188
2020-05-22,Combined Robust Max Sharpe λ=0.50 γ=0.10,0.15421159475562352,0.11325336860578092,1.185056095088838
2020-05-26,Combined Robust Max Sharpe λ=0.50 γ=0.10,0.1438441974388842,0.11354712170432435,1.0906854844050855
2020-05-27,Combined Robust Max Sharpe λ=0.50 γ=0.10,0.14687865061738492,0.11353410592079714,1.1175377617884894
2020-05-28,Combined Robust Max Sharpe λ=0.50 γ=0.10,0.1480065697655364,0.11351445728978743,1.1276675484493797
2020-05-29,Combined Robust Max Sharpe λ=0.50 γ=0.10,0.1522154520673229,0.11369197543454329,1.1629268605983918
2020-06-01,Combined Robust Max Sharpe λ=0.50 γ=0.10,0.15222631559343136,0.11369186796669804,1.1630235122195576
2020-06-02,Combined Robust Max Sharpe λ=0.50 γ=0.10,0.14916953193294846,0.11369474591265616,1.1361081894864387
2020-06-03,Combined Robust Max Sharpe λ=0.50 γ=0.10,0.13362388254676172,0.11383129540963549,0.9981778924492831
2020-06-04,Combined Robust Max Sharpe λ=0.50 γ=0.10,0.1244319947090855,0.11398645115541618,0.9161790164578109
2020-06-05,Combined Robust Max Sharpe λ=0.50 γ=0.10,0.11949088464703328,0.11398517886833873,0.8728405362415808
2020-06-08,Combined Robust Max Sharpe λ=0.50 γ=0.10,0.1177527858798062,0.11391150591915786,0.858146726189193
2020-06-09,Combined Robust Max Sharpe λ=0.50 γ=0.10,0.12810560679234984,0.11412561450007605,0.947251037954129
2020-06-10,Combined Robust Max Sharpe λ=0.50 γ=0.10,0.1413010168773079,0.11468641777908008,1.0576755227543115
2020-06-11,Combined Robust Max Sharpe λ=0.50 γ=0.10,0.13259193081284804,0.11491902102178153,0.979750173746325
2020-06-12,Combined Robust Max Sharpe λ=0.50 γ=0.10,0.12709960620092753,0.11489484629153612,0.9321532658581672
2020-06-15,Combined Robust Max Sharpe λ=0.50 γ=0.10,0.13051027831729423,0.11491292059852691,0.9616871431140953
2020-06-16,Combined Robust Max Sharpe λ=0.50 γ=0.10,0.12869515977148493,0.11492264410293569,0.9458115119081942
2020-06-17,Combined Robust Max Sharpe λ=0.50 γ=0.10,0.12447690512550968,0.11478549415583718,0.9101925804637635
2020-06-18,Combined Robust Max Sharpe λ=0.50 γ=0.10,0.12477233322970349,0.11479381261527398,0.9127001781955182
2020-06-19,Combined Robust Max Sharpe λ=0.50 γ=0.10,0.11944053915609087,0.11463310540128575,0.8674678995041473
2020-06-22,Combined Robust Max Sharpe λ=0.50 γ=0.10,0.1266521110392569,0.11463522985975379,0.9303606855391353
2020-06-23,Combined Robust Max Sharpe λ=0.50 γ=0.10,0.12549412143365046,0.11462386899841312,0.9203503803829108
2020-06-24,Combined Robust Max Sharpe λ=0.50 γ=0.10,0.12749398885457564,0.11457289100626797,0.9382148596450702
2020-06-25,Combined Robust Max Sharpe λ=0.50 γ=0.10,0.13406090419655103,0.11456233069614163,0.9956231119204395
2020-06-26,Combined Robust Max Sharpe λ=0.50 γ=0.10,0.12792828092556507,0.11451612778225295,0.9424723225953434
2020-06-29,Combined Robust Max Sharpe λ=0.50 γ=0.10,0.1273237967641363,0.11450702391647817,0.9372682399152968
2020-06-30,Combined Robust Max Sharpe λ=0.50 γ=0.10,0.1296547440252478,0.11454403416426044,0.9573151917104541
2020-07-01,Combined Robust Max Sharpe λ=0.50 γ=0.10,0.12591124110189678,0.11447606981553214,0.9251823658216357
2020-07-02,Combined Robust Max Sharpe λ=0.50 γ=0.10,0.12443714239326553,0.11444281422910046,0.9125705540952112
2020-07-06,Combined Robust Max Sharpe λ=0.50 γ=0.10,0.13746369637846323,0.11436700162743432,1.027076820297491
2020-07-07,Combined Robust Max Sharpe λ=0.50 γ=0.10,0.14576824650642917,0.11437325790625975,1.0996298331337973
2020-07-08,Combined Robust Max Sharpe λ=0.50 γ=0.10,0.14886229169718868,0.11439180917174126,1.1264992889807546
2020-07-09,Combined Robust Max Sharpe λ=0.50 γ=0.10,0.1528564241457797,0.1145404153019933,1.1599086994358723
2020-07-10,Combined Robust Max Sharpe λ=0.50 γ=0.10,0.1561917445625416,0.11447019326997451,1.1897572693123482
2020-07-13,Combined Robust Max Sharpe λ=0.50 γ=0.10,0.14894945098267143,0.1145326029484542,1.1258754945149163
2020-07-14,Combined Robust Max Sharpe λ=0.50 γ=0.10,0.15068533659350258,0.11455362354210509,1.1408223725499889
2020-07-15,Combined Robust Max Sharpe λ=0.50 γ=0.10,0.15331647121839742,0.11450351980530023,1.1643002018198778
2020-07-16,Combined Robust Max Sharpe λ=0.50 γ=0.10,0.1485306425173163,0.11450998658693048,1.122440464349736
2020-07-17,Combined Robust Max Sharpe λ=0.50 γ=0.10,0.1455314536276977,0.11447084449688973,1.0966238100139858
2020-07-20,Combined Robust Max Sharpe λ=0.50 γ=0.10,0.16024812054791604,0.11467333208336093,1.2230229818905385
2020-07-21,Combined Robust Max Sharpe λ=0.50 γ=0.10,0.15771400036694838,0.114666968159844,1.200991031479765
2020-07-22,Combined Robust Max Sharpe λ=0.50 γ=0.10,0.16122416203014578,0.11472513055287169,1.2309784381989601
2020-07-23,Combined Robust Max Sharpe λ=0.50 γ=0.10,0.15558832082232077,0.11470976290175305,1.1820120397114746
2020-07-24,Combined Robust Max Sharpe λ=0.50 γ=0.10,0.15874225892355387,0.11463584152077506,1.2102869144848567
2020-07-27,Combined Robust Max Sharpe λ=0.50 γ=0.10,0.16266619750341116,0.11475042416313952,1.243273813965028
2020-07-28,Combined Robust Max Sharpe λ=0.50 γ=0.10,0.16373304455110071,0.11474867408371733,1.2525900251033597
2020-07-29,Combined Robust Max Sharpe λ=0.50 γ=0.10,0.16883086432104255,0.11479438109024379,1.296499557796662
2020-07-30,Combined Robust Max Sharpe λ=0.50 γ=0.10,0.17556419823049052,0.11473789671035989,1.3558222931625725
2020-07-31,Combined Robust Max Sharpe λ=0.50 γ=0.10,0.17627791940877446,0.11476390236132962,1.3617341009957957
2020-08-03,Combined Robust Max Sharpe λ=0.50 γ=0.10,0.18104245697338173,0.11473850181969883,1.4035607439466604
2020-08-04,Combined Robust Max Sharpe λ=0.50 γ=0.10,0.1976193647692308,0.11479585754220156,1.5472628418140777
2020-08-05,Combined Robust Max Sharpe λ=0.50 γ=0.10,0.18712107512286535,0.11461586215597266,1.4580972648920274
2020-08-06,Combined Robust Max Sharpe λ=0.50 γ=0.10,0.1940502919155751,0.11480955971501983,1.515991284589912
2020-08-07,Combined Robust Max Sharpe λ=0.50 γ=0.10,0.17557205684340738,0.11493665915215989,1.353546013874059
2020-08-10,Combined Robust Max Sharpe λ=0.50 γ=0.10,0.17633528974230095,0.11491277881569484,1.3604691432363885
2020-08-11,Combined Robust Max Sharpe λ=0.50 γ=0.10,0.1543124826794715,0.11641144866543522,1.153773827396338
2020-08-12,Combined Robust Max Sharpe λ=0.50 γ=0.10,0.15272880293787483,0.116385981402728,1.140419158202534
2020-08-13,Combined Robust Max Sharpe λ=0.50 γ=0.10,0.16044957059756215,0.11620336143048195,1.2086532512365005
2020-08-14,Combined Robust Max Sharpe λ=0.50 γ=0.10,0.15285949493062745,0.1161628574864864,1.1437347341949076
2020-08-17,Combined Robust Max Sharpe λ=0.50 γ=0.10,0.15712737476821625,0.1163300786014328,1.1787783212804201
2020-08-18,Combined Robust Max Sharpe λ=0.50 γ=0.10,0.163885225124069,0.11647662002682815,1.2353142209219998
2020-08-19,Combined Robust Max Sharpe λ=0.50 γ=0.10,0.15189437420692564,0.11687403467067266,1.1285173355962022
2020-08-20,Combined Robust Max Sharpe λ=0.50 γ=0.10,0.1587534570985949,0.11710293078932774,1.1848845811401358
2020-08-21,Combined Robust Max Sharpe λ=0.50 γ=0.10,0.164063964567027,0.11708154840885644,1.2304583132428877
2020-08-24,Combined Robust Max Sharpe λ=0.50 γ=0.10,0.16806996248805284,0.11700524510965059,1.2654985026465284
2020-08-25,Combined Robust Max Sharpe λ=0.50 γ=0.10,0.16323133944832469,0.11697999714067711,1.2244088130390225
2020-08-26,Combined Robust Max Sharpe λ=0.50 γ=0.10,0.16729830403347212,0.11709036892550433,1.257988213592416
2020-08-27,Combined Robust Max Sharpe λ=0.50 γ=0.10,0.15500198258270337,0.11744642032707811,1.1494772016612729
2020-08-28,Combined Robust Max Sharpe λ=0.50 γ=0.10,0.15736415222566746,0.11749491768591508,1.1691071829410222
2020-08-31,Combined Robust Max Sharpe λ=0.50 γ=0.10,0.1631830978204143,0.1175590185893467,1.2179677879123574
2020-09-01,Combined Robust Max Sharpe λ=0.50 γ=0.10,0.17394714743351347,0.11783139058964265,1.3065036970466288
2020-09-02,Combined Robust Max Sharpe λ=0.50 γ=0.10,0.1716481363647322,0.11777043159569303,1.2876588317629813
2020-09-03,Combined Robust Max Sharpe λ=0.50 γ=0.10,0.15902803396491527,0.11852616621036177,1.1729733476586641
2020-09-04,Combined Robust Max Sharpe λ=0.50 γ=0.10,0.1466618229365575,0.11899275056737751,1.0644499125586437
2020-09-08,Combined Robust Max Sharpe λ=0.50 γ=0.10,0.1399937917535834,0.11937366509929348,1.0051948363466439
2020-09-09,Combined Robust Max Sharpe λ=0.50 γ=0.10,0.1558082172542099,0.11945344307454492,1.1369133761130585
2020-09-10,Combined Robust Max Sharpe λ=0.50 γ=0.10,0.14876893278934467,0.1195219257012659,1.0773666173283623
2020-09-11,Combined Robust Max Sharpe λ=0.50 γ=0.10,0.14772754737252947,0.11952822825588402,1.068597345048004
2020-09-14,Combined Robust Max Sharpe λ=0.50 γ=0.10,0.16152030566314313,0.11941497096797564,1.1851135960255406
2020-09-15,Combined Robust Max Sharpe λ=0.50 γ=0.10,0.161388252129117,0.11941324364012501,1.1840248855078248
2020-09-16,Combined Robust Max Sharpe λ=0.50 γ=0.10,0.15303531161857475,0.11950935186630646,1.113179090515022
2020-09-17,Combined Robust Max Sharpe λ=0.50 γ=0.10,0.14794826387751758,0.11959445234360333,1.069851162576615
2020-09-18,Combined Robust Max Sharpe λ=0.50 γ=0.10,0.14159228686413106,0.11968538726092705,1.015932601688849
2020-09-21,Combined Robust Max Sharpe λ=0.50 γ=0.10,0.1372942755016362,0.1196670154906311,0.9801721470259223
2020-09-22,Combined Robust Max Sharpe λ=0.50 γ=0.10,0.14077576644082757,0.11970835752376227,1.0089167451558543
2020-09-23,Combined Robust Max Sharpe λ=0.50 γ=0.10,0.12809050622177542,0.12025967688775052,0.8988092186765667
2020-09-24,Combined Robust Max Sharpe λ=0.50 γ=0.10,0.13499325600548162,0.12023169085701763,0.9564304983636496
2020-09-25,Combined Robust Max Sharpe λ=0.50 γ=0.10,0.14080834998482472,0.12034141673804882,1.003880071046465
2020-09-28,Combined Robust Max Sharpe λ=0.50 γ=0.10,0.14998032064303146,0.12044251358824318,1.079189704454319
2020-09-29,Combined Robust Max Sharpe λ=0.50 γ=0.10,0.1489750653375861,0.12043771865534174,1.0708859880240327
2020-09-30,Combined Robust Max Sharpe λ=0.50 γ=0.10,0.14780828086285647,0.1204616192300364,1.0609875716413102
2020-10-01,Combined Robust Max Sharpe λ=0.50 γ=0.10,0.15848442708622335,0.12052753661844545,1.1489857917251234
2020-10-02,Combined Robust Max Sharpe λ=0.50 γ=0.10,0.1421696453589818,0.12075290727618843,1.0117325380792115
2020-10-05,Combined Robust Max Sharpe λ=0.50 γ=0.10,0.1339303360312878,0.12064448049517558,0.9443476863895461
2020-10-06,Combined Robust Max Sharpe λ=0.50 γ=0.10,0.1344767516915919,0.12062455026084229,0.9490336042210628
2020-10-07,Combined Robust Max Sharpe λ=0.50 γ=0.10,0.1397148569911455,0.12056404453862427,0.9929565439619378
2020-10-08,Combined Robust Max Sharpe λ=0.50 γ=0.10,0.14195942731403122,0.12060426263772385,1.011236457540295
2020-10-09,Combined Robust Max Sharpe λ=0.50 γ=0.10,0.15287947922010492,0.12071290115805895,1.1007893766558996
2020-10-12,Combined Robust Max Sharpe λ=0.50 γ=0.10,0.1629131849759442,0.12095428842626281,1.1815470690240815
2020-10-13,Combined Robust Max Sharpe λ=0.50 γ=0.10,0.16046685891700152,0.12094795325599149,1.1613826868132067
2020-10-14,Combined Robust Max Sharpe λ=0.50 γ=0.10,0.15991077805901655,0.12095253812202654,1.156741150134968
2020-10-15,Combined Robust Max Sharpe λ=0.50 γ=0.10,0.15669564584328688,0.12097659985833095,1.1299345989502403
2020-10-16,Combined Robust Max Sharpe λ=0.50 γ=0.10,0.1519373458289286,0.12102585390451134,1.0901583551976122
2020-10-19,Combined Robust Max Sharpe λ=0.50 γ=0.10,0.1464402701359393,0.1211711213252209,1.04348518651219
2020-10-20,Combined Robust Max Sharpe λ=0.50 γ=0.10,0.1446940066322593,0.12119323503116983,1.028885866444518
2020-10-21,Combined Robust Max Sharpe λ=0.50 γ=0.10,0.14363408783852516,0.12119589118346655,1.0201178161342752
2020-10-22,Combined Robust Max Sharpe λ=0.50 γ=0.10,0.1356296677230706,0.12135352028040754,0.9528332384251317
2020-10-23,Combined Robust Max Sharpe λ=0.50 γ=0.10,0.136584777144513,0.12136383753177611,0.9606220396086945
2020-10-26,Combined Robust Max Sharpe λ=0.50 γ=0.10,0.1360899850941113,0.12136630414120843,0.9565256676106888
2020-10-27,Combined Robust Max Sharpe λ=0.50 γ=0.10,0.14323528806637054,0.12143071464903316,1.0148609305524807
2020-10-28,Combined Robust Max Sharpe λ=0.50 γ=0.10,0.1302508832270859,0.12208697664343686,0.9030519573687285
2020-10-29,Combined Robust Max Sharpe λ=0.50 γ=0.10,0.12496387046006352,0.12203167562717084,0.8601362713460348
2020-10-30,Combined Robust Max Sharpe λ=0.50 γ=0.10,0.11002897377501131,0.12235808699759125,0.7357827830111762
2020-11-02,Combined Robust Max Sharpe λ=0.50 γ=0.10,0.11286539241613847,0.12242365446209297,0.7585575910486574
2020-11-03,Combined Robust Max Sharpe λ=0.50 γ=0.10,0.118908430489151,0.12241312573300313,0.8079887667020405
2020-11-04,Combined Robust Max Sharpe λ=0.50 γ=0.10,0.14699985016174288,0.12373074742577911,1.0264211023046215
2020-11-05,Combined Robust Max Sharpe λ=0.50 γ=0.10,0.1557402725670125,0.12412886394153833,1.0935431796986628
2020-11-06,Combined Robust Max Sharpe λ=0.50 γ=0.10,0.15780476933271625,0.12405024330910626,1.1108786702605389
2020-11-09,Combined Robust Max Sharpe λ=0.50 γ=0.10,0.134651885277147,0.12588200350472153,0.910788532793305
2020-11-10,Combined Robust Max Sharpe λ=0.50 γ=0.10,0.12786162664562717,0.12606434602845598,0.8556077118052079
2020-11-11,Combined Robust Max Sharpe λ=0.50 γ=0.10,0.13331167038470726,0.12619124766767797,0.8979360492822068
2020-11-12,Combined Robust Max Sharpe λ=0.50 γ=0.10,0.1380552895012077,0.126316208532441,0.9346012746328458
2020-11-13,Combined Robust Max Sharpe λ=0.50 γ=0.10,0.13622242116038374,0.1262797354968425,0.9203568625093436
2020-11-16,Combined Robust Max Sharpe λ=0.50 γ=0.10,0.13561773063264426,0.12627661084092645,0.91559101770866
2020-11-17,Combined Robust Max Sharpe λ=0.50 γ=0.10,0.1354018192361448,0.12627547897835134,0.9138893803438218
2020-11-18,Combined Robust Max Sharpe λ=0.50 γ=0.10,0.13146992229728438,0.12630011972176747,0.8825797041431692
2020-11-19,Combined Robust Max Sharpe λ=0.50 γ=0.10,0.13431262727219195,0.126331682406945,0.9048611171342058
2020-11-20,Combined Robust Max Sharpe λ=0.50 γ=0.10,0.13937922762459687,0.12629939384967498,0.9452082388193035
2020-11-23,Combined Robust Max Sharpe λ=0.50 γ=0.10,0.13192590129837245,0.1264326761721704,0.8852608731144528
2020-11-24,Combined Robust Max Sharpe λ=0.50 γ=0.10,0.12579289148790584,0.12644451573834908,0.8366744169974321
2020-11-25,Combined Robust Max Sharpe λ=0.50 γ=0.10,0.12363360072134788,0.1264272922387988,0.8197090903885083
2020-11-27,Combined Robust Max Sharpe λ=0.50 γ=0.10,0.12842713164796504,0.12647752188822659,0.8572838084524346
2020-11-30,Combined Robust Max Sharpe λ=0.50 γ=0.10,0.1285984770267632,0.12647535955647726,0.8586532381295093
2020-12-01,Combined Robust Max Sharpe λ=0.50 γ=0.10,0.13504803871735738,0.12634650186427202,0.9105755760531301
2020-12-02,Combined Robust Max Sharpe λ=0.50 γ=0.10,0.12830226839036674,0.12629256028906516,0.8575506596942742
2020-12-03,Combined Robust Max Sharpe λ=0.50 γ=0.10,0.1339320572360061,0.1263603789141489,0.9016438397467391
2020-12-04,Combined Robust Max Sharpe λ=0.50 γ=0.10,0.12907850889798955,0.12647180398101807,0.8624729423038905
2020-12-07,Combined Robust Max Sharpe λ=0.50 γ=0.10,0.13671622403403094,0.1266444130985279,0.9216057872464304
2020-12-08,Combined Robust Max Sharpe λ=0.50 γ=0.10,0.14076181488556672,0.12666112403364707,0.9534244686908572
2020-12-09,Combined Robust Max Sharpe λ=0.50 γ=0.10,0.13041117103079958,0.12705338448044073,0.8690140092080495
2020-12-10,Combined Robust Max Sharpe λ=0.50 γ=0.10,0.13024729688025305,0.12704937037330094,0.8677516193612023
2020-12-11,Combined Robust Max Sharpe λ=0.50 γ=0.10,0.13428003268754307,0.12702340039231388,0.8996770070285262
2020-12-14,Combined Robust Max Sharpe λ=0.50 γ=0.10,0.12890674485731957,0.1269579401661983,0.857817515901343
2020-12-15,Combined Robust Max Sharpe λ=0.50 γ=0.10,0.13341097204810337,0.1269902183963493,0.8930685644947571
2020-12-16,Combined Robust Max Sharpe λ=0.50 γ=0.10,0.1349454486876298,0.1269895536296817,0.9051567266928577
2020-12-17,Combined Robust Max Sharpe λ=0.50 γ=0.10,0.13894630732475988,0.12698890585368797,0.9366669200363495
2020-12-18,Combined Robust Max Sharpe λ=0.50 γ=0.10,0.13435729192648171,0.1270081776215735,0.9003931405678014
2020-12-21,Combined Robust Max Sharpe λ=0.50 γ=0.10,0.133280583122094,0.1270063153928764,0.8919287420603947
2020-12-22,Combined Robust Max Sharpe λ=0.50 γ=0.10,0.1342838763244496,0.1270094630356001,0.8998059954982758
2020-12-23,Combined Robust Max Sharpe λ=0.50 γ=0.10,0.12921132470762453,0.12704367171560688,0.8596360860232308
2020-12-24,Combined Robust Max Sharpe λ=0.50 γ=0.10,0.12925287699303678,0.12704447663627141,0.8599577084002478
2020-12-28,Combined Robust Max Sharpe λ=0.50 γ=0.10,0.13059557801371224,0.1270526067579397,0.8704707509419201
2020-12-29,Combined Robust Max Sharpe λ=0.50 γ=0.10,0.13227108997950698,0.12704241435663902,0.8837291903500407
2020-12-30,Combined Robust Max Sharpe λ=0.50 γ=0.10,0.13658825878093284,0.12703066080245112,0.9177962079740926
2020-12-31,Combined Robust Max Sharpe λ=0.50 γ=0.10,0.1322260679098055,0.12693394067388059,0.8841297080513507
2021-01-04,Combined Robust Max Sharpe λ=0.50 γ=0.10,0.12896052476390518,0.12691872045915695,0.8585063288513786
2021-01-05,Combined Robust Max Sharpe λ=0.50 γ=0.10,0.12783618194547586,0.12692238662997846,0.8496230240284929
2021-01-06,Combined Robust Max Sharpe λ=0.50 γ=0.10,0.11457038998806968,0.12767394716195865,0.7407179936882815
2021-01-07,Combined Robust Max Sharpe λ=0.50 γ=0.10,0.11721563253531664,0.12767721085361375,0.7614172637807514
2021-01-08,Combined Robust Max Sharpe λ=0.50 γ=0.10,0.10919697776730408,0.1277312594753901,0.6983175311481964
2021-01-11,Combined Robust Max Sharpe λ=0.50 γ=0.10,0.10210540414756242,0.12783762945230231,0.642263193547381
2021-01-12,Combined Robust Max Sharpe λ=0.50 γ=0.10,0.1025269321010025,0.12783709322551123,0.6455632713380046
2021-01-13,Combined Robust Max Sharpe λ=0.50 γ=0.10,0.10771440034792423,0.12793091451705751,0.685638812784606
2021-01-14,Combined Robust Max Sharpe λ=0.50 γ=0.10,0.09939517364043948,0.1280144797251903,0.6202046347481763
2021-01-15,Combined Robust Max Sharpe λ=0.50 γ=0.10,0.09532128961361241,0.1280258756544451,0.5883286423825154
2021-01-19,Combined Robust Max Sharpe λ=0.50 γ=0.10,0.10122847681992075,0.12814376235450228,0.6338855308088027
2021-01-20,Combined Robust Max Sharpe λ=0.50 γ=0.10,0.10773374304670158,0.12837697813020446,0.6834071367353648
2021-01-21,Combined Robust Max Sharpe λ=0.50 γ=0.10,0.10652111046661306,0.1283821139475593,0.6739343028885989
2021-01-22,Combined Robust Max Sharpe λ=0.50 γ=0.10,0.10380656522048559,0.12837787136765968,0.6528116125284013
2021-01-25,Combined Robust Max Sharpe λ=0.50 γ=0.10,0.11130986572874724,0.12852983410747443,0.710417673552706
2021-01-26,Combined Robust Max Sharpe λ=0.50 γ=0.10,0.11138978642418995,0.1285291852485589,0.7110430696923338
2021-01-27,Combined Robust Max Sharpe λ=0.50 γ=0.10,0.10336396008624127,0.12871989183800617,0.6476385187703134
2021-01-28,Combined Robust Max Sharpe λ=0.50 γ=0.10,0.0991916165707376,0.128700456950328,0.6153172913853884
2021-01-29,Combined Robust Max Sharpe λ=0.50 γ=0.10,0.08969441701275804,0.12892521476843072,0.5405801893596982
2021-02-01,Combined Robust Max Sharpe λ=0.50 γ=0.10,0.10054356947426935,0.12912947354148524,0.6237427232164253
2021-02-02,Combined Robust Max Sharpe λ=0.50 γ=0.10,0.09870523684608057,0.12913351569147388,0.6094872924711762
2021-02-03,Combined Robust Max Sharpe λ=0.50 γ=0.10,0.09378599641738972,0.12922058159237138,0.5710080817477586
2021-02-04,Combined Robust Max Sharpe λ=0.50 γ=0.10,0.09071905566629579,0.1292266706790764,0.5472481438597194
2021-02-05,Combined Robust Max Sharpe λ=0.50 γ=0.10,0.08823438636664327,0.12922437478362192,0.5280303076017775
2021-02-08,Combined Robust Max Sharpe λ=0.50 γ=0.10,0.09147696815088713,0.12929034591852842,0.5528407217343817
2021-02-09,Combined Robust Max Sharpe λ=0.50 γ=0.10,0.08838651143428167,0.12924865742564162,0.5291080990425396
2021-02-10,Combined Robust Max Sharpe λ=0.50 γ=0.10,0.092544511314673,0.12926028065461423,0.5612281742487719
2021-02-11,Combined Robust Max Sharpe λ=0.50 γ=0.10,0.08972270727368681,0.12928071524744847,0.5393125118486137
2021-02-12,Combined Robust Max Sharpe λ=0.50 γ=0.10,0.08527773536528493,0.1293440032347366,0.5046831220061848
2021-02-16,Combined Robust Max Sharpe λ=0.50 γ=0.10,0.07240665604948537,0.1296976357421922,0.4040679365478738
2021-02-17,Combined Robust Max Sharpe λ=0.50 γ=0.10,0.0697499108807551,0.12969401330734218,0.38359450534436257
2021-02-18,Combined Robust Max Sharpe λ=0.50 γ=0.10,0.06581338919987512,0.12971491477786015,0.35318520833422756
2021-02-19,Combined Robust Max Sharpe λ=0.50 γ=0.10,0.05869282839907197,0.12983208084959275,0.298022092427962
2021-02-22,Combined Robust Max Sharpe λ=0.50 γ=0.10,0.05126920348986763,0.13000133950740403,0.24052985614111105
2021-02-23,Combined Robust Max Sharpe λ=0.50 γ=0.10,0.05543372188227402,0.12988578970896913,0.27280676324692027
2021-02-24,Combined Robust Max Sharpe λ=0.50 γ=0.10,0.06453513055341631,0.12957024195334776,0.34371418839714246
2021-02-25,Combined Robust Max Sharpe λ=0.50 γ=0.10,0.04527873102860136,0.13114256126141086,0.19275764317438043
2021-02-26,Combined Robust Max Sharpe λ=0.50 γ=0.10,0.06816114660972183,0.1308627358834419,0.3680279667438595
2021-03-01,Combined Robust Max Sharpe λ=0.50 γ=0.10,0.06874397361883866,0.13087450779660553,0.3724481905566557
2021-03-02,Combined Robust Max Sharpe λ=0.50 γ=0.10,0.053448511889236494,0.13039757985064993,0.2565117537269215
2021-03-03,Combined Robust Max Sharpe λ=0.50 γ=0.10,0.0375850621625915,0.13102265229108695,0.1342139077105811
2021-03-04,Combined Robust Max Sharpe λ=0.50 γ=0.10,0.01640763122869293,0.13089513162534497,-0.027444632406874676
2021-03-05,Combined Robust Max Sharpe λ=0.50 γ=0.10,0.024424333905080475,0.1308897686904192,0.03380198429065086
2021-03-08,Combined Robust Max Sharpe λ=0.50 γ=0.10,0.01123135042101775,0.13132753416701015,-0.06676931562448357
2021-03-09,Combined Robust Max Sharpe λ=0.50 γ=0.10,0.05539369539982841,0.12996835033195236,0.27232549547200774
2021-03-10,Combined Robust Max Sharpe λ=0.50 γ=0.10,0.05920245869672813,0.12997218249943354,0.30162191588110776
2021-03-11,Combined Robust Max Sharpe λ=0.50 γ=0.10,0.09314214017201117,0.12692189747221166,0.5762767625501733
2021-03-12,Combined Robust Max Sharpe λ=0.50 γ=0.10,0.13242527140699645,0.1192174045983096,0.9430273355287466
2021-03-15,Combined Robust Max Sharpe λ=0.50 γ=0.10,0.10367999910862147,0.11526092202518434,0.7260049428577147
2021-03-16,Combined Robust Max Sharpe λ=0.50 γ=0.10,0.13233359485055596,0.11221555091560227,1.0010519391830324
2021-03-17,Combined Robust Max Sharpe λ=0.50 γ=0.10,0.13831640885833174,0.11205301873192748,1.055896665679205
2021-03-18,Combined Robust Max Sharpe λ=0.50 γ=0.10,0.16632844898948207,0.10650844248180924,1.3738671374757336
2021-03-19,Combined Robust Max Sharpe λ=0.50 γ=0.10,0.1868417277299943,0.10548825820933647,1.5816142058095677
2021-03-22,Combined Robust Max Sharpe λ=0.50 γ=0.10,0.19076136466181337,0.10564903949907728,1.6163077816084148
2021-03-23,Combined Robust Max Sharpe λ=0.50 γ=0.10,0.16377269762207103,0.10303335921664224,1.39539949697038
2021-03-24,Combined Robust Max Sharpe λ=0.50 γ=0.10,0.12435214398729055,0.09773149358334929,1.0677432643377633
2021-03-25,Combined Robust Max Sharpe λ=0.50 γ=0.10,0.10238076094703219,0.0963010228227586,0.8554505293121698
2021-03-26,Combined Robust Max Sharpe λ=0.50 γ=0.10,0.08469438592465983,0.09459101363302418,0.683937970848357
2021-03-29,Combined Robust Max Sharpe λ=0.50 γ=0.10,0.08498454534489719,0.09457220929896724,0.6871420877930874
2021-03-30,Combined Robust Max Sharpe λ=0.50 γ=0.10,0.06887657448618367,0.09366106527925201,0.5218451694998061
2021-03-31,Combined Robust Max Sharpe λ=0.50 γ=0.10,0.0815644738107495,0.0933816385166897,0.6592781492021725
2021-04-01,Combined Robust Max Sharpe λ=0.50 γ=0.10,0.09826475475073027,0.09396083464665796,0.832950825150147
2021-04-05,Combined Robust Max Sharpe λ=0.50 γ=0.10,0.09034833604477743,0.09353414669492142,0.7521139448059678
2021-04-06,Combined Robust Max Sharpe λ=0.50 γ=0.10,0.09726256727339688,0.09359560502556045,0.8254935394914845
2021-04-07,Combined Robust Max Sharpe λ=0.50 γ=0.10,0.07330740021000004,0.09155455811294415,0.5822473649453761
2021-04-08,Combined Robust Max Sharpe λ=0.50 γ=0.10,0.08692110373747997,0.09163861341426559,0.7302718935188756
2021-04-09,Combined Robust Max Sharpe λ=0.50 γ=0.10,0.08373821592260255,0.09165044347217799,0.695449072670896
2021-04-12,Combined Robust Max Sharpe λ=0.50 γ=0.10,0.07620743918418627,0.0915250502862732,0.6141208227515847
2021-04-13,Combined Robust Max Sharpe λ=0.50 γ=0.10,0.08137870763682531,0.09173460681091775,0.6690899952657817
2021-04-14,Combined Robust Max Sharpe λ=0.50 γ=0.10,0.06378942156780054,0.09103329217080486,0.48102645223067275
2021-04-15,Combined Robust Max Sharpe λ=0.50 γ=0.10,0.0691489555428868,0.09154965639650527,0.5368557073553688
2021-04-16,Combined Robust Max Sharpe λ=0.50 γ=0.10,0.05843845830566807,0.0912323434121134,0.4213249037354486
2021-04-19,Combined Robust Max Sharpe λ=0.50 γ=0.10,0.05994181076469207,0.09115697936981935,0.43816514150441643
2021-04-20,Combined Robust Max Sharpe λ=0.50 γ=0.10,0.059024946021046354,0.0911510981499819,0.42813467761884666
2021-04-21,Combined Robust Max Sharpe λ=0.50 γ=0.10,0.07026284795807047,0.09107581021535306,0.5518792293938598
2021-04-22,Combined Robust Max Sharpe λ=0.50 γ=0.10,0.061021108368375154,0.09090641320409328,0.45124548337727266
2021-04-23,Combined Robust Max Sharpe λ=0.50 γ=0.10,0.06008710801093908,0.09088643269143304,0.4410681201124719
2021-04-26,Combined Robust Max Sharpe λ=0.50 γ=0.10,0.05718638053672853,0.09081124977234359,0.40949090151222184
2021-04-27,Combined Robust Max Sharpe λ=0.50 γ=0.10,0.058653087468370835,0.09072424362197598,0.42605025873159175
2021-04-28,Combined Robust Max Sharpe λ=0.50 γ=0.10,0.059672256649509814,0.09072009809111335,0.4373039434951402
2021-04-29,Combined Robust Max Sharpe λ=0.50 γ=0.10,0.05003248901252988,0.09039467955613935,0.3322373524636291
2021-04-30,Combined Robust Max Sharpe λ=0.50 γ=0.10,0.05601488233910468,0.09011679067148878,0.39964674807820344
2021-05-03,Combined Robust Max Sharpe λ=0.50 γ=0.10,0.06122741744861249,0.09006497933653519,0.45775192258205993
2021-05-04,Combined Robust Max Sharpe λ=0.50 γ=0.10,0.05575504761328909,0.09010765679527258,0.396803655593061
2021-05-05,Combined Robust Max Sharpe λ=0.50 γ=0.10,0.055027234883257004,0.09010182102755378,0.3887516865230218
2021-05-06,Combined Robust Max Sharpe λ=0.50 γ=0.10,0.06676456935534181,0.08997258091026927,0.5197646758847639
2021-05-07,Combined Robust Max Sharpe λ=0.50 γ=0.10,0.05623024367213647,0.08917565744292108,0.406279524155193
2021-05-10,Combined Robust Max Sharpe λ=0.50 γ=0.10,0.049173519954033296,0.08961710379591421,0.32553517931655546
2021-05-11,Combined Robust Max Sharpe λ=0.50 γ=0.10,0.04837880186638155,0.08963787573361512,0.3165938687650003
2021-05-12,Combined Robust Max Sharpe λ=0.50 γ=0.10,0.03606529536576031,0.09050789062572333,0.17750159963615786
2021-05-13,Combined Robust Max Sharpe λ=0.50 γ=0.10,0.03971405303322584,0.09060998918405365,0.21757041591938842
2021-05-14,Combined Robust Max Sharpe λ=0.50 γ=0.10,0.042261231484048256,0.09084571918450031,0.24504436404799101
2021-05-17,Combined Robust Max Sharpe λ=0.50 γ=0.10,0.04021422120587537,0.09083829630301862,0.2225297262120011
2021-05-18,Combined Robust Max Sharpe λ=0.50 γ=0.10,0.04290615495875816,0.09073069310348238,0.2524631321027458
2021-05-19,Combined Robust Max Sharpe λ=0.50 γ=0.10,0.03842357027506682,0.09070940800609169,0.20310539645269832
2021-05-20,Combined Robust Max Sharpe λ=0.50 γ=0.10,0.040811087268395996,0.0908966713693028,0.22895323838474704
2021-05-21,Combined Robust Max Sharpe λ=0.50 γ=0.10,0.044867508291186686,0.09080222640911718,0.2738645215497691
2021-05-24,Combined Robust Max Sharpe λ=0.50 γ=0.10,0.046208837225355515,0.09086736837477731,0.2884295836241086
2021-05-25,Combined Robust Max Sharpe λ=0.50 γ=0.10,0.05932071620706614,0.09064574097948276,0.43378448653165286
2021-05-26,Combined Robust Max Sharpe λ=0.50 γ=0.10,0.05816446663135344,0.09063915369079285,0.42105938854579344
2021-05-27,Combined Robust Max Sharpe λ=0.50 γ=0.10,0.057220845140905974,0.09065775924237802,0.4105643626310484
2021-05-28,Combined Robust Max Sharpe λ=0.50 γ=0.10,0.049836756773816715,0.09033485661185962,0.3302906308028566
2021-06-01,Combined Robust Max Sharpe λ=0.50 γ=0.10,0.04950744315190336,0.09033856377613222,0.326631749703545
2021-06-02,Combined Robust Max Sharpe λ=0.50 γ=0.10,0.052746163990375905,0.09035428959728083,0.3624195833571291
2021-06-03,Combined Robust Max Sharpe λ=0.50 γ=0.10,0.053387351048632015,0.09030516259927038,0.36971696952463895
2021-06-04,Combined Robust Max Sharpe λ=0.50 γ=0.10,0.0700034355297734,0.09062991860717357,0.5517321023591375
2021-06-07,Combined Robust Max Sharpe λ=0.50 γ=0.10,0.07169604499302928,0.09060916624814729,0.5705388001413856
2021-06-08,Combined Robust Max Sharpe λ=0.50 γ=0.10,0.06867470314077728,0.09050432506983952,0.537816320968268
2021-06-09,Combined Robust Max Sharpe λ=0.50 γ=0.10,0.06322864411872642,0.09022463451346924,0.479122407664317
2021-06-10,Combined Robust Max Sharpe λ=0.50 γ=0.10,0.056167243324925176,0.08960684690564154,0.40362142597217227
2021-06-11,Combined Robust Max Sharpe λ=0.50 γ=0.10,0.06104388234165903,0.0893642706653054,0.4592873867384878
2021-06-14,Combined Robust Max Sharpe λ=0.50 γ=0.10,0.05971682479716667,0.08939551313567615,0.4442820831162766
2021-06-15,Combined Robust Max Sharpe λ=0.50 γ=0.10,0.0550493739307274,0.08938271292637587,0.3921269872351872
2021-06-16,Combined Robust Max Sharpe λ=0.50 γ=0.10,0.049231216598321303,0.08962731779616567,0.3261418205641298
2021-06-17,Combined Robust Max Sharpe λ=0.50 γ=0.10,0.04699637586646355,0.08959096920003559,0.30132920881999814
2021-06-18,Combined Robust Max Sharpe λ=0.50 γ=0.10,0.04524340767618251,0.08953075833243267,0.28195234963220506
2021-06-21,Combined Robust Max Sharpe λ=0.50 γ=0.10,0.042901602394536775,0.08951475597180042,0.25584164472002136
2021-06-22,Combined Robust Max Sharpe λ=0.50 γ=0.10,0.041248836989183246,0.08946546407583442,0.23750882207654903
2021-06-23,Combined Robust Max Sharpe λ=0.50 γ=0.10,0.038395240831788024,0.08947474200726432,0.20559143752875578
2021-06-24,Combined Robust Max Sharpe λ=0.50 γ=0.10,0.04221704399765591,0.08946490266271295,0.248332511816564
2021-06-25,Combined Robust Max Sharpe λ=0.50 γ=0.10,0.03667013480511305,0.0894426071190576,0.18637800643404026
2021-06-28,Combined Robust Max Sharpe λ=0.50 γ=0.10,0.04309971230380061,0.0895604795408947,0.25792305291591167
2021-06-29,Combined Robust Max Sharpe λ=0.50 γ=0.10,0.04004524844958901,0.08954331898395923,0.2238609052807157
2021-06-30,Combined Robust Max Sharpe λ=0.50 γ=0.10,0.038729726481871785,0.08950379848508037,0.2092618056315665
2021-07-01,Combined Robust Max Sharpe λ=0.50 γ=0.10,0.03864388740940594,0.08950290769749235,0.20830482370941225
2021-07-02,Combined Robust Max Sharpe λ=0.50 γ=0.10,0.04193874358129546,0.08965046461793798,0.24471422066568718
2021-07-06,Combined Robust Max Sharpe λ=0.50 γ=0.10,0.04182093597289738,0.08964373375297759,0.24341841932897598
2021-07-07,Combined Robust Max Sharpe λ=0.50 γ=0.10,0.04193347595821817,0.08964879370863614,0.24466002330720987
2021-07-08,Combined Robust Max Sharpe λ=0.50 γ=0.10,0.038943927107957244,0.08961358274549748,0.211395711761218
2021-07-09,Combined Robust Max Sharpe λ=0.50 γ=0.10,0.029184095299602086,0.0893689729757922,0.10276603829933041
2021-07-12,Combined Robust Max Sharpe λ=0.50 γ=0.10,0.030160063694956385,0.0893647285785733,0.11369210041323205
2021-07-13,Combined Robust Max Sharpe λ=0.50 γ=0.10,0.030701157993629824,0.08934381405210952,0.11977502983461624
2021-07-14,Combined Robust Max Sharpe λ=0.50 γ=0.10,0.03413593764759337,0.08951080510218694,0.15792437160469694
2021-07-15,Combined Robust Max Sharpe λ=0.50 γ=0.10,0.03772513875375294,0.08954185242380401,0.19795367500171182
2021-07-16,Combined Robust Max Sharpe λ=0.50 γ=0.10,0.03526676462677747,0.08962174007368412,0.17034666604582352
2021-07-19,Combined Robust Max Sharpe λ=0.50 γ=0.10,0.03969910505478613,0.08976297379288126,0.21945691215890165
2021-07-20,Combined Robust Max Sharpe λ=0.50 γ=0.10,0.03099264793666201,0.089344665846379,0.12303642117329072
2021-07-21,Combined Robust Max Sharpe λ=0.50 γ=0.10,0.0275573042223487,0.0894175085770896,0.08451705200255398
2021-07-22,Combined Robust Max Sharpe λ=0.50 γ=0.10,0.027592196190412643,0.08941912188681511,0.08490573414512713
2021-07-23,Combined Robust Max Sharpe λ=0.50 γ=0.10,0.02924147803114785,0.08940490057850088,0.10336657131041135
2021-07-26,Combined Robust Max Sharpe λ=0.50 γ=0.10,0.02939075696302429,0.08940295053102112,0.10503855753357799
2021-07-27,Combined Robust Max Sharpe λ=0.50 γ=0.10,0.02562470004770301,0.08922890221285251,0.06303675051706316
2021-07-28,Combined Robust Max Sharpe λ=0.50 γ=0.10,0.02633183524369276,0.08923739999448266,0.07095494987622052
2021-07-29,Combined Robust Max Sharpe λ=0.50 γ=0.10,0.022410549770779387,0.08915146822476153,0.02703881179726734
2021-07-30,Combined Robust Max Sharpe λ=0.50 γ=0.10,0.019415566378286675,0.08912378741297645,-0.006557549209676335
2021-08-02,Combined Robust Max Sharpe λ=0.50 γ=0.10,0.016543707348227743,0.0889850926637398,-0.038841254735026524
2021-08-03,Combined Robust Max Sharpe λ=0.50 γ=0.10,0.01645640278467253,0.08898328880949269,-0.03982317649456716
2021-08-04,Combined Robust Max Sharpe λ=0.50 γ=0.10,0.008116579742609042,0.08861279021390907,-0.13410502286074819
2021-08-05,Combined Robust Max Sharpe λ=0.50 γ=0.10,0.007809885495282387,0.08861816517146591,-0.13755773978316016
2021-08-06,Combined Robust Max Sharpe λ=0.50 γ=0.10,-0.009926822845965466,0.08890873130799679,-0.33660161837528924
2021-08-09,Combined Robust Max Sharpe λ=0.50 γ=0.10,-0.006469387087861711,0.08866271742349287,-0.2985402191253857
2021-08-10,Combined Robust Max Sharpe λ=0.50 γ=0.10,-0.0052836346993927474,0.08862726683238606,-0.28528054179093376
2021-08-11,Combined Robust Max Sharpe λ=0.50 γ=0.10,0.01565955120749485,0.08681777094838058,-0.04999493473618277
2021-08-12,Combined Robust Max Sharpe λ=0.50 γ=0.10,0.013853754108949623,0.08679538556866698,-0.07081304899772418
2021-08-13,Combined Robust Max Sharpe λ=0.50 γ=0.10,0.021824421628759305,0.0872134835218554,0.020919031726351248
2021-08-16,Combined Robust Max Sharpe λ=0.50 γ=0.10,0.026310745227582144,0.08721923146571477,0.07235497402958488
2021-08-17,Combined Robust Max Sharpe λ=0.50 γ=0.10,0.016039595365241244,0.08692548264798738,-0.04556091624819357
2021-08-18,Combined Robust Max Sharpe λ=0.50 γ=0.10,0.007681507030142809,0.08671046362783681,-0.1420646650296835
2021-08-19,Combined Robust Max Sharpe λ=0.50 γ=0.10,0.019584117502923215,0.08626996995561106,-0.004820709886543041
2021-08-20,Combined Robust Max Sharpe λ=0.50 γ=0.10,0.013606626123191745,0.08592409860457614,-0.07440722661788572
2021-08-23,Combined Robust Max Sharpe λ=0.50 γ=0.10,0.015941120618733207,0.08601694255829911,-0.047186975734644775
2021-08-24,Combined Robust Max Sharpe λ=0.50 γ=0.10,0.01390497236710031,0.08604776568934577,-0.07083307258557164
2021-08-25,Combined Robust Max Sharpe λ=0.50 γ=0.10,0.010684343924823203,0.08613605132657098,-0.10815048904271204
2021-08-26,Combined Robust Max Sharpe λ=0.50 γ=0.10,0.0039027168444782934,0.08592817383205625,-0.18733417036167102
2021-08-27,Combined Robust Max Sharpe λ=0.50 γ=0.10,0.02025363987748796,0.08581760785558741,0.0029555691870924916
2021-08-30,Combined Robust Max Sharpe λ=0.50 γ=0.10,0.01805469942451987,0.08573591221554946,-0.022689448624392435
2021-08-31,Combined Robust Max Sharpe λ=0.50 γ=0.10,0.011147165545766002,0.08564461234368878,-0.10336709119200503
2021-09-01,Combined Robust Max Sharpe λ=0.50 γ=0.10,0.0032491733122408384,0.08520566855354453,-0.19659286726014819
2021-09-02,Combined Robust Max Sharpe λ=0.50 γ=0.10,0.0013394842818108543,0.08515320379807256,-0.21914050071961622
2021-09-03,Combined Robust Max Sharpe λ=0.50 γ=0.10,0.013555531272308352,0.08414827375592344,-0.07658468130177185
2021-09-07,Combined Robust Max Sharpe λ=0.50 γ=0.10,0.016567883849250675,0.08384871634175363,-0.04093224440980804
2021-09-08,Combined Robust Max Sharpe λ=0.50 γ=0.10,0.028680936036338256,0.08323208526515713,0.10429795202995228
2021-09-09,Combined Robust Max Sharpe λ=0.50 γ=0.10,0.024246200708084586,0.08292375345400144,0.05120608427885494
2021-09-10,Combined Robust Max Sharpe λ=0.50 γ=0.10,0.022227705548598653,0.08303973297960031,0.026826983525415654
2021-09-13,Combined Robust Max Sharpe λ=0.50 γ=0.10,0.02572526820398746,0.08307685023279997,0.0689153258452141
2021-09-14,Combined Robust Max Sharpe λ=0.50 γ=0.10,0.024300265872219784,0.08299866072875185,0.051811268211585895
2021-09-15,Combined Robust Max Sharpe λ=0.50 γ=0.10,0.021419019572403553,0.08296949527619576,0.017102907130865406
2021-09-16,Combined Robust Max Sharpe λ=0.50 γ=0.10,0.020045790747464487,0.08305605014593964,0.0005513234422299954
2021-09-17,Combined Robust Max Sharpe λ=0.50 γ=0.10,0.019080243606530267,0.08310709356762142,-0.011067122600327236
2021-09-20,Combined Robust Max Sharpe λ=0.50 γ=0.10,0.024690616151887834,0.0830063668176305,0.056509112875562574
2021-09-21,Combined Robust Max Sharpe λ=0.50 γ=0.10,0.026199373368384293,0.08300388727901911,0.07468774742494871
2021-09-22,Combined Robust Max Sharpe λ=0.50 γ=0.10,0.025965774853438095,0.08299433688481449,0.07188170997399287
2021-09-23,Combined Robust Max Sharpe λ=0.50 γ=0.10,0.029543552747961055,0.08260315818799598,0.11553496206816871
2021-09-24,Combined Robust Max Sharpe λ=0.50 γ=0.10,0.02326640207682984,0.08261466482224594,0.039537799782373304
2021-09-27,Combined Robust Max Sharpe λ=0.50 γ=0.10,0.014978666990506317,0.08246527108202553,-0.060890274701202715
2021-09-28,Combined Robust Max Sharpe λ=0.50 γ=0.10,-0.0038272763727933423,0.08320309215799183,-0.2863748901008204
2021-09-29,Combined Robust Max Sharpe λ=0.50 γ=0.10,-0.00461819586788581,0.083199192727251,-0.2958946482640857
2021-09-30,Combined Robust Max Sharpe λ=0.50 γ=0.10,-0.0008549848740488919,0.08315937001248343,-0.250783343728052
2021-10-01,Combined Robust Max Sharpe λ=0.50 γ=0.10,-0.0006650488258655995,0.0831736119384997,-0.248456792295443
2021-10-04,Combined Robust Max Sharpe λ=0.50 γ=0.10,0.0036635927282724357,0.08284731561093667,-0.19718692333310794
2021-10-05,Combined Robust Max Sharpe λ=0.50 γ=0.10,0.0035700181859548152,0.08284885515975227,-0.1983127199810339
2021-10-06,Combined Robust Max Sharpe λ=0.50 γ=0.10,0.010815882922423636,0.08279031148390435,-0.11093226867931148
2021-10-07,Combined Robust Max Sharpe λ=0.50 γ=0.10,0.006906661340707165,0.08282431666747786,-0.15808568287813138
2021-10-08,Combined Robust Max Sharpe λ=0.50 γ=0.10,-0.0003250924446798198,0.08279333395721311,-0.24549189497772436
2021-10-11,Combined Robust Max Sharpe λ=0.50 γ=0.10,-0.010466354506118658,0.08259328859593383,-0.36887203577965477
2021-10-12,Combined Robust Max Sharpe λ=0.50 γ=0.10,-0.013048101774578269,0.08236855015829946,-0.40122233195879975
2021-10-13,Combined Robust Max Sharpe λ=0.50 γ=0.10,-0.00577399087463526,0.0826949776421176,-0.31167540773973484
2021-10-14,Combined Robust Max Sharpe λ=0.50 γ=0.10,0.001391716757650041,0.08294138313784824,-0.22435462899651756
2021-10-15,Combined Robust Max Sharpe λ=0.50 γ=0.10,-0.0007812061376701873,0.08301784170813077,-0.25032216822416953
2021-10-18,Combined Robust Max Sharpe λ=0.50 γ=0.10,0.003642066837802549,0.082979706091939,-0.19713173175225948
2021-10-19,Combined Robust Max Sharpe λ=0.50 γ=0.10,0.006955717145345819,0.08282579874974609,-0.1574905772302518
2021-10-20,Combined Robust Max Sharpe λ=0.50 γ=0.10,0.008974834106658225,0.08280177507923552,-0.13315132293711654
2021-10-21,Combined Robust Max Sharpe λ=0.50 γ=0.10,0.008802191330917752,0.0828025628688973,-0.1352350492678823
2021-10-22,Combined Robust Max Sharpe λ=0.50 γ=0.10,0.01814158168430091,0.08267556392458937,-0.0224784474091305
2021-10-25,Combined Robust Max Sharpe λ=0.50 γ=0.10,0.018659187086842444,0.08269169217038878,-0.016214602434241766
2021-10-26,Combined Robust Max Sharpe λ=0.50 γ=0.10,0.02080474404320931,0.08270691810979709,0.009730069280794352
2021-10-27,Combined Robust Max Sharpe λ=0.50 γ=0.10,0.022075188745500407,0.08278971377820407,0.025065779923577156
2021-10-28,Combined Robust Max Sharpe λ=0.50 γ=0.10,0.035406140594218316,0.08187326989184092,0.18817057892729425
2021-10-29,Combined Robust Max Sharpe λ=0.50 γ=0.10,0.03595245279739556,0.08187132861337945,0.19484785537960117
2021-11-01,Combined Robust Max Sharpe λ=0.50 γ=0.10,0.04514258513211766,0.08133590659196775,0.3091203649852794
2021-11-02,Combined Robust Max Sharpe λ=0.50 γ=0.10,0.04292002244707316,0.08124094467739178,0.2821240267218542
2021-11-03,Combined Robust Max Sharpe λ=0.50 γ=0.10,0.0370115134136777,0.08124608851462857,0.20938255274424358
2021-11-04,Combined Robust Max Sharpe λ=0.50 γ=0.10,0.025371181947542176,0.07929639029483676,0.06773551642856952
2021-11-05,Combined Robust Max Sharpe λ=0.50 γ=0.10,0.0226164403237048,0.07897333669738812,0.03313067970941303
2021-11-08,Combined Robust Max Sharpe λ=0.50 γ=0.10,0.025295548717408245,0.07888118400232756,0.06713323062255237
2021-11-09,Combined Robust Max Sharpe λ=0.50 γ=0.10,0.05135255965560148,0.07612589493105087,0.4118514427186475
2021-11-10,Combined Robust Max Sharpe λ=0.50 γ=0.10,0.04908737182774292,0.07633937310659468,0.38102712458913507
2021-11-11,Combined Robust Max Sharpe λ=0.50 γ=0.10,0.042203685228487275,0.07610082111795492,0.2917666971565518
2021-11-12,Combined Robust Max Sharpe λ=0.50 γ=0.10,0.03766960939986452,0.07586801970728974,0.23289930945919693
2021-11-15,Combined Robust Max Sharpe λ=0.50 γ=0.10,0.030058873211591397,0.07598956282437958,0.13237177367158412
2021-11-16,Combined Robust Max Sharpe λ=0.50 γ=0.10,0.02822614333633333,0.07598974159306832,0.10825334004141039
2021-11-17,Combined Robust Max Sharpe λ=0.50 γ=0.10,0.031348085402730375,0.07609331612726998,0.14913380018489558
2021-11-18,Combined Robust Max Sharpe λ=0.50 γ=0.10,0.03582180984880923,0.07608891440801814,0.2079384358668409
2021-11-19,Combined Robust Max Sharpe λ=0.50 γ=0.10,0.03501150444906109,0.07605968789001862,0.19736479159324904
2021-11-22,Combined Robust Max Sharpe λ=0.50 γ=0.10,0.02231766797418655,0.07677174450771101,0.030189075278258936
2021-11-23,Combined Robust Max Sharpe λ=0.50 γ=0.10,0.021013653267529575,0.07687174347260121,0.013186292150260168
2021-11-24,Combined Robust Max Sharpe λ=0.50 γ=0.10,0.029108601544239443,0.07701268701207523,0.11827403896206422
2021-11-26,Combined Robust Max Sharpe λ=0.50 γ=0.10,0.03328361744914399,0.077148097159433,0.17218334525726903
2021-11-29,Combined Robust Max Sharpe λ=0.50 γ=0.10,0.030414929048564465,0.07705412367022622,0.1351638115195229
2021-11-30,Combined Robust Max Sharpe λ=0.50 γ=0.10,0.031666757959944336,0.07704249800069556,0.1514327580582733
2021-12-01,Combined Robust Max Sharpe λ=0.50 γ=0.10,0.030165485017730864,0.07704911201466885,0.13193513529131298
2021-12-02,Combined Robust Max Sharpe λ=0.50 γ=0.10,0.03366836795221162,0.07705952869939968,0.17737414415717936
2021-12-03,Combined Robust Max Sharpe λ=0.50 γ=0.10,0.03205041242441187,0.07698164636385048,0.15653617444677792
2021-12-06,Combined Robust Max Sharpe λ=0.50 γ=0.10,0.034338282159964484,0.07686835708359364,0.18653035792571618
2021-12-07,Combined Robust Max Sharpe λ=0.50 γ=0.10,0.03100003484382552,0.07664040243612431,0.1435278846949357
2021-12-08,Combined Robust Max Sharpe λ=0.50 γ=0.10,0.023492192335821116,0.07672181074670918,0.045517595346521535
2021-12-09,Combined Robust Max Sharpe λ=0.50 γ=0.10,0.03171356430590477,0.07613605599340152,0.1538504214996368
2021-12-10,Combined Robust Max Sharpe λ=0.50 γ=0.10,0.030666777363643982,0.07609181592028567,0.14018297808556143
2021-12-13,Combined Robust Max Sharpe λ=0.50 γ=0.10,0.03190030248150855,0.0761210292312205,0.1563339671270199
2021-12-14,Combined Robust Max Sharpe λ=0.50 γ=0.10,0.027004406474621545,0.07628452226158201,0.09181949715308192
2021-12-15,Combined Robust Max Sharpe λ=0.50 γ=0.10,0.026334693569497247,0.07625785540447429,0.08306939050275955
2021-12-16,Combined Robust Max Sharpe λ=0.50 γ=0.10,0.02377188847006062,0.0762648723421983,0.049457743181372735
2021-12-17,Combined Robust Max Sharpe λ=0.50 γ=0.10,0.02242102775905419,0.07623848818001834,0.03175597807419176
2021-12-20,Combined Robust Max Sharpe λ=0.50 γ=0.10,0.018941146290075483,0.07641152197701763,-0.013857251923904742
2021-12-21,Combined Robust Max Sharpe λ=0.50 γ=0.10,0.02176588429193238,0.07646973317823005,0.023092591258512516
2021-12-22,Combined Robust Max Sharpe λ=0.50 γ=0.10,0.025972281694365273,0.07665240747752204,0.07791381759426952
2021-12-23,Combined Robust Max Sharpe λ=0.50 γ=0.10,0.028094139843969357,0.07660460111482298,0.10566127525208328
2021-12-27,Combined Robust Max Sharpe λ=0.50 γ=0.10,0.029913704109305828,0.07669890287156791,0.129254835964294
2021-12-28,Combined Robust Max Sharpe λ=0.50 γ=0.10,0.025562864829810072,0.0767133165572124,0.07251498278869635
2021-12-29,Combined Robust Max Sharpe λ=0.50 γ=0.10,0.020786029329312727,0.07683769637353481,0.01022973574704224
2021-12-30,Combined Robust Max Sharpe λ=0.50 γ=0.10,0.022237513770719586,0.07688722611565062,0.029101241958631837
2021-12-31,Combined Robust Max Sharpe λ=0.50 γ=0.10,0.02033150235068848,0.07686909971941461,0.004312556695714137
2022-01-03,Combined Robust Max Sharpe λ=0.50 γ=0.10,0.010623385654014106,0.07749890345955758,-0.1209902840867811
2022-01-04,Combined Robust Max Sharpe λ=0.50 γ=0.10,0.009684545252039767,0.07751054846383015,-0.13308452787911673
2022-01-05,Combined Robust Max Sharpe λ=0.50 γ=0.10,0.013802824887499288,0.07690639519103075,-0.08058075140704894
2022-01-06,Combined Robust Max Sharpe λ=0.50 γ=0.10,0.00969326651368796,0.07692017595498869,-0.1339925885289605
2022-01-07,Combined Robust Max Sharpe λ=0.50 γ=0.10,0.009781073322941758,0.07691553706590444,-0.13285906940105274
2022-01-10,Combined Robust Max Sharpe λ=0.50 γ=0.10,0.015451158378595453,0.07675838372670886,-0.059261821322349334
2022-01-11,Combined Robust Max Sharpe λ=0.50 γ=0.10,0.022212558461750076,0.07707807643862141,0.02870541876472454
2022-01-12,Combined Robust Max Sharpe λ=0.50 γ=0.10,0.017154466770622268,0.07689999155768043,-0.03700303695408577
2022-01-13,Combined Robust Max Sharpe λ=0.50 γ=0.10,0.01997395993266582,0.07677521154739955,-0.0003391728503164688
2022-01-14,Combined Robust Max Sharpe λ=0.50 γ=0.10,0.0159133580519617,0.07697840906574684,-0.05308815806452847
2022-01-18,Combined Robust Max Sharpe λ=0.50 γ=0.10,-0.0018080236526865079,0.077644462250163,-0.2808703031830287
2022-01-19,Combined Robust Max Sharpe λ=0.50 γ=0.10,-0.008225250613200119,0.07720853023976963,-0.3655716606124626
2022-01-20,Combined Robust Max Sharpe λ=0.50 γ=0.10,-0.008923481203460759,0.07721804361539804,-0.3745689459256532
2022-01-21,Combined Robust Max Sharpe λ=0.50 γ=0.10,-0.009739635383074208,0.07722836618050927,-0.3850869421937847
2022-01-24,Combined Robust Max Sharpe λ=0.50 γ=0.10,-0.016760295636882083,0.07693369479374339,-0.4778178889683537
2022-01-25,Combined Robust Max Sharpe λ=0.50 γ=0.10,-0.020823724589570713,0.07707743775913825,-0.5296455847058912
2022-01-26,Combined Robust Max Sharpe λ=0.50 γ=0.10,-0.022441410081410207,0.07723338841682784,-0.5495215340333683
2022-01-27,Combined Robust Max Sharpe λ=0.50 γ=0.10,-0.019808433180221963,0.07725419678758008,-0.5152915289467076
2022-01-28,Combined Robust Max Sharpe λ=0.50 γ=0.10,-0.005283976827105907,0.07727821234343656,-0.3271811816083417
2022-01-31,Combined Robust Max Sharpe λ=0.50 γ=0.10,-0.007461515661457585,0.0770797445327966,-0.35627408767257923
2022-02-01,Combined Robust Max Sharpe λ=0.50 γ=0.10,-0.005726562224229292,0.07708317895155192,-0.3337506648551543
2022-02-02,Combined Robust Max Sharpe λ=0.50 γ=0.10,0.003097906516912108,0.07709112855679168,-0.21924822997806315
2022-02-03,Combined Robust Max Sharpe λ=0.50 γ=0.10,-0.0078895792000645,0.07804992014360324,-0.357330015825138
2022-02-04,Combined Robust Max Sharpe λ=0.50 γ=0.10,-0.010839055666290398,0.07813007218979386,-0.39471428608661785
2022-02-07,Combined Robust Max Sharpe λ=0.50 γ=0.10,-0.015565126791598605,0.07798478349366511,-0.4560521322020167
2022-02-08,Combined Robust Max Sharpe λ=0.50 γ=0.10,-0.015906095094610495,0.07798156855885524,-0.46044335550279414
2022-02-09,Combined Robust Max Sharpe λ=0.50 γ=0.10,-0.012253230778326851,0.07820082455849574,-0.4124410575006253
2022-02-10,Combined Robust Max Sharpe λ=0.50 γ=0.10,-0.023364078411862832,0.07927240155805412,-0.5470261725337754
2022-02-11,Combined Robust Max Sharpe λ=0.50 γ=0.10,-0.01734173846291931,0.07923109380719551,-0.4713015644311105
2022-02-14,Combined Robust Max Sharpe λ=0.50 γ=0.10,-0.012878984850268171,0.07882246379895708,-0.4171270887209086
2022-02-15,Combined Robust Max Sharpe λ=0.50 γ=0.10,-0.011555259412891816,0.07882178308688478,-0.4003367873333777
2022-02-16,Combined Robust Max Sharpe λ=0.50 γ=0.10,-0.0056896758717719376,0.07887461355636097,-0.32570271616500557
2022-02-17,Combined Robust Max Sharpe λ=0.50 γ=0.10,-0.002190266586159617,0.07871484135334997,-0.28190702292783365
2022-02-18,Combined Robust Max Sharpe λ=0.50 γ=0.10,0.005133717909347579,0.07845811497514908,-0.18948049026364175
2022-02-22,Combined Robust Max Sharpe λ=0.50 γ=0.10,0.004490005761314642,0.07847396728069607,-0.1976450888892511
2022-02-23,Combined Robust Max Sharpe λ=0.50 γ=0.10,-0.005708053637672239,0.07916135933308098,-0.32475508068908343
2022-02-24,Combined Robust Max Sharpe λ=0.50 γ=0.10,0.0213145819962548,0.07682473115669558,0.017111442844798402
2022-02-25,Combined Robust Max Sharpe λ=0.50 γ=0.10,0.01731387731861056,0.07644600976668127,-0.03513751325396421
2022-02-28,Combined Robust Max Sharpe λ=0.50 γ=0.10,0.02416312444549762,0.07703455912322725,0.05404229598871508
2022-03-01,Combined Robust Max Sharpe λ=0.50 γ=0.10,0.03152295990468956,0.07710712158204103,0.149440929297682
2022-03-02,Combined Robust Max Sharpe λ=0.50 γ=0.10,0.03544190585247686,0.07656826199643672,0.20167502108374205
2022-03-03,Combined Robust Max Sharpe λ=0.50 γ=0.10,0.04755061270833627,0.07599570822755324,0.3625285341882956
2022-03-04,Combined Robust Max Sharpe λ=0.50 γ=0.10,0.050424219127779946,0.07618209775971578,0.39936179263191574
2022-03-07,Combined Robust Max Sharpe λ=0.50 γ=0.10,0.05171176777486153,0.07601602987231931,0.41717211262054
2022-03-08,Combined Robust Max Sharpe λ=0.50 γ=0.10,0.03281754565372941,0.07406507070761316,0.173057900725286
2022-03-09,Combined Robust Max Sharpe λ=0.50 γ=0.10,0.029734100943111796,0.07404214759567976,0.13146702600073915
2022-03-10,Combined Robust Max Sharpe λ=0.50 γ=0.10,0.020043636548792376,0.07422841414111529,0.0005878685311721541
2022-03-11,Combined Robust Max Sharpe λ=0.50 γ=0.10,0.024867416909274187,0.07374378321564193,0.06600443721528176
2022-03-14,Combined Robust Max Sharpe λ=0.50 γ=0.10,0.00417956133145414,0.0751608060858655,-0.21048787915435888
2022-03-15,Combined Robust Max Sharpe λ=0.50 γ=0.10,0.008137790361071762,0.07523482155032205,-0.15766914035934818
2022-03-16,Combined Robust Max Sharpe λ=0.50 γ=0.10,0.019516716097272235,0.07602525435536953,-0.006356886363953765
2022-03-17,Combined Robust Max Sharpe λ=0.50 γ=0.10,0.03534361263637997,0.0749084361844954,0.20483157062029023
2022-03-18,Combined Robust Max Sharpe λ=0.50 γ=0.10,0.03847174080501192,0.07509038352070321,0.24599342737301466
2022-03-21,Combined Robust Max Sharpe λ=0.50 γ=0.10,0.02248080081712689,0.07517794263576871,0.032999051718483115
2022-03-22,Combined Robust Max Sharpe λ=0.50 γ=0.10,0.020059546333607514,0.0751938321338628,0.0007919044942610078
2022-03-23,Combined Robust Max Sharpe λ=0.50 γ=0.10,0.027558616268584135,0.07536668354313841,0.10029121507327214
2022-03-24,Combined Robust Max Sharpe λ=0.50 γ=0.10,0.033341243731020764,0.07537670152166635,0.1769942629711111
2022-03-25,Combined Robust Max Sharpe λ=0.50 γ=0.10,0.02474942409116876,0.0756138256084824,0.06281158310598645
2022-03-28,Combined Robust Max Sharpe λ=0.50 γ=0.10,0.033393348307304116,0.07537692084421363,0.17768500168619275
2022-03-29,Combined Robust Max Sharpe λ=0.50 γ=0.10,0.04262916186209087,0.07570510540653959,0.29891196558767497
2022-03-30,Combined Robust Max Sharpe λ=0.50 γ=0.10,0.0406679152431344,0.07563327934737538,0.27326483026352627
2022-03-31,Combined Robust Max Sharpe λ=0.50 γ=0.10,0.025750143706785966,0.07482591538345669,0.0768469543916501
2022-04-01,Combined Robust Max Sharpe λ=0.50 γ=0.10,0.020929149613943876,0.07484143428200893,0.01241490923921581
2022-04-04,Combined Robust Max Sharpe λ=0.50 γ=0.10,0.019983535468277802,0.07479291796440786,-0.00022013490274618448
2022-04-05,Combined Robust Max Sharpe λ=0.50 γ=0.10,0.00834442795697643,0.0760205170774885,-0.15332139915784743
2022-04-06,Combined Robust Max Sharpe λ=0.50 γ=0.10,-0.004999839766222758,0.07592269590083542,-0.3292801904568258
2022-04-07,Combined Robust Max Sharpe λ=0.50 γ=0.10,-0.0035350135919487435,0.07590806974681222,-0.310046266101202
2022-04-08,Combined Robust Max Sharpe λ=0.50 γ=0.10,-0.005958400395568497,0.07599604789248705,-0.3415756623593414
2022-04-11,Combined Robust Max Sharpe λ=0.50 γ=0.10,-0.02115206259656799,0.0761895854692313,-0.5401271360530896
2022-04-12,Combined Robust Max Sharpe λ=0.50 γ=0.10,-0.015292749212084455,0.07610937778269221,-0.463710915005145
2022-04-13,Combined Robust Max Sharpe λ=0.50 γ=0.10,-0.020780886276264843,0.07541392741751318,-0.5407606747556076
2022-04-14,Combined Robust Max Sharpe λ=0.50 γ=0.10,-0.030410473233376867,0.07629004224957393,-0.66077395878829
2022-04-18,Combined Robust Max Sharpe λ=0.50 γ=0.10,-0.027452981729719106,0.07619921914087122,-0.6227489240013301
2022-04-19,Combined Robust Max Sharpe λ=0.50 γ=0.10,-0.02937995628793877,0.07621120666678564,-0.6479356310921598
2022-04-20,Combined Robust Max Sharpe λ=0.50 γ=0.10,-0.028981029165592753,0.0762395252429712,-0.6424624105343376
2022-04-21,Combined Robust Max Sharpe λ=0.50 γ=0.10,-0.035229013014233757,0.07669480910813888,-0.7201140945062062
2022-04-22,Combined Robust Max Sharpe λ=0.50 γ=0.10,-0.047614084177807436,0.07743484271797195,-0.8731739073076829
2022-04-25,Combined Robust Max Sharpe λ=0.50 γ=0.10,-0.047103304214708985,0.07744733328587566,-0.8664378922772651
2022-04-26,Combined Robust Max Sharpe λ=0.50 γ=0.10,-0.04746021819701374,0.0774704369624554,-0.870786597340442
2022-04-27,Combined Robust Max Sharpe λ=0.50 γ=0.10,-0.05288065860216151,0.07764123402091333,-0.9386849593674733
2022-04-28,Combined Robust Max Sharpe λ=0.50 γ=0.10,-0.04278539306773188,0.07823780819061675,-0.8024942738012679
2022-04-29,Combined Robust Max Sharpe λ=0.50 γ=0.10,-0.056246515408229,0.07970160201120771,-0.956649722015715
2022-05-02,Combined Robust Max Sharpe λ=0.50 γ=0.10,-0.06427955493768012,0.07994525050471155,-1.0542159090828433
2022-05-03,Combined Robust Max Sharpe λ=0.50 γ=0.10,-0.05847966195619991,0.07996427434842361,-0.9814340540907696
2022-05-04,Combined Robust Max Sharpe λ=0.50 γ=0.10,-0.04558256968035912,0.0812779939280611,-0.8068920812490284
2022-05-05,Combined Robust Max Sharpe λ=0.50 γ=0.10,-0.06962757881920834,0.08365228919915393,-1.071430078928609
2022-05-06,Combined Robust Max Sharpe λ=0.50 γ=0.10,-0.07766723831720879,0.08382623611660248,-1.16511539634624
2022-05-09,Combined Robust Max Sharpe λ=0.50 γ=0.10,-0.07824159453203317,0.08389280904653074,-1.1710371323666602
2022-05-10,Combined Robust Max Sharpe λ=0.50 γ=0.10,-0.0736404753713289,0.08390251554452634,-1.1160627874337654
2022-05-11,Combined Robust Max Sharpe λ=0.50 γ=0.10,-0.061039124824797786,0.08303665360191202,-0.9759440115844428
2022-05-12,Combined Robust Max Sharpe λ=0.50 γ=0.10,-0.06846914469102883,0.08295815930250505,-1.0664309024556355
2022-05-13,Combined Robust Max Sharpe λ=0.50 γ=0.10,-0.0756786944219604,0.08234906924166445,-1.1618673447440964
2022-05-16,Combined Robust Max Sharpe λ=0.50 γ=0.10,-0.07401472286953881,0.08236507332661895,-1.141439193488278
2022-05-17,Combined Robust Max Sharpe λ=0.50 γ=0.10,-0.07130344768614094,0.082344905713739,-1.1087929106816288
2022-05-18,Combined Robust Max Sharpe λ=0.50 γ=0.10,-0.07593962348733119,0.08257167846648122,-1.1618950379732984
2022-05-19,Combined Robust Max Sharpe λ=0.50 γ=0.10,-0.08083559777909055,0.08216221888916632,-1.2272745203621376
2022-05-20,Combined Robust Max Sharpe λ=0.50 γ=0.10,-0.07773700704427233,0.08224134846053424,-1.1884168836455071
2022-05-23,Combined Robust Max Sharpe λ=0.50 γ=0.10,-0.0813038919752811,0.0820616728204349,-1.2344848513745448
2022-05-24,Combined Robust Max Sharpe λ=0.50 γ=0.10,-0.08192608982018446,0.08202159538475798,-1.2426738268386002
2022-05-25,Combined Robust Max Sharpe λ=0.50 γ=0.10,-0.07940933329626287,0.08208640877794396,-1.2110327979529476
2022-05-26,Combined Robust Max Sharpe λ=0.50 γ=0.10,-0.07267087577854492,0.08225242054860558,-1.1266644210644565
2022-05-27,Combined Robust Max Sharpe λ=0.50 γ=0.10,-0.06517541380431124,0.08275965382533623,-1.0291900686785551
2022-05-31,Combined Robust Max Sharpe λ=0.50 γ=0.10,-0.07404203620410688,0.08338687145176478,-1.1277798838934208
2022-06-01,Combined Robust Max Sharpe λ=0.50 γ=0.10,-0.07815835423019624,0.08337146030651214,-1.1773615799617834
2022-06-02,Combined Robust Max Sharpe λ=0.50 γ=0.10,-0.06182332374429256,0.0838546750711593,-0.9757753360186188
2022-06-03,Combined Robust Max Sharpe λ=0.50 γ=0.10,-0.08020350210227534,0.08377251672608137,-1.196138137164004
2022-06-06,Combined Robust Max Sharpe λ=0.50 γ=0.10,-0.0842238726314416,0.08387549960567574,-1.242602108141588
2022-06-07,Combined Robust Max Sharpe λ=0.50 γ=0.10,-0.07982961304444003,0.0841591674317232,-1.1862001026261337
2022-06-08,Combined Robust Max Sharpe λ=0.50 γ=0.10,-0.0869312670548904,0.08424531821883686,-1.2692843865474421
2022-06-09,Combined Robust Max Sharpe λ=0.50 γ=0.10,-0.09916317875343506,0.08444402133633615,-1.4111499768445928
2022-06-10,Combined Robust Max Sharpe λ=0.50 γ=0.10,-0.10525828920834657,0.0848557309325562,-1.4761323464163254
2022-06-13,Combined Robust Max Sharpe λ=0.50 γ=0.10,-0.12869025238106402,0.0894253336861456,-1.662730752595449
2022-06-14,Combined Robust Max Sharpe λ=0.50 γ=0.10,-0.13280836920547967,0.08961223562374304,-1.7052176875385598
2022-06-15,Combined Robust Max Sharpe λ=0.50 γ=0.10,-0.11367026153724213,0.09082574255204226,-1.4717221988099947
2022-06-16,Combined Robust Max Sharpe λ=0.50 γ=0.10,-0.11831593863462286,0.09091245572675206,-1.5214190127076477
2022-06-17,Combined Robust Max Sharpe λ=0.50 γ=0.10,-0.12082346876148953,0.09086168851860665,-1.5498662974180992
2022-06-21,Combined Robust Max Sharpe λ=0.50 γ=0.10,-0.11776943031254528,0.09093549452449227,-1.5150237103009199
2022-06-22,Combined Robust Max Sharpe λ=0.50 γ=0.10,-0.11328379581519821,0.09122555892536804,-1.4610356722970383
2022-06-23,Combined Robust Max Sharpe λ=0.50 γ=0.10,-0.1082379480534914,0.09133727995986847,-1.4040044559005507
2022-06-24,Combined Robust Max Sharpe λ=0.50 γ=0.10,-0.10353835971335545,0.09161759301885514,-1.348413068305898
2022-06-27,Combined Robust Max Sharpe λ=0.50 γ=0.10,-0.10559174056946685,0.09168893896057079,-1.369758904326239
2022-06-28,Combined Robust Max Sharpe λ=0.50 γ=0.10,-0.11612602590771937,0.0917542421969521,-1.4835938115593876
2022-06-29,Combined Robust Max Sharpe λ=0.50 γ=0.10,-0.11217753302279643,0.09184835914718295,-1.4390843151698305
2022-06-30,Combined Robust Max Sharpe λ=0.50 γ=0.10,-0.11559280984864717,0.09181270945454774,-1.4768413943362921
2022-07-01,Combined Robust Max Sharpe λ=0.50 γ=0.10,-0.11074352541768062,0.09206980201381558,-1.4200478610572207
2022-07-05,Combined Robust Max Sharpe λ=0.50 γ=0.10,-0.1175837662915179,0.09185884741740472,-1.4977737056327312
2022-07-06,Combined Robust Max Sharpe λ=0.50 γ=0.10,-0.12818383541863654,0.09187561123647012,-1.6128745531525215
2022-07-07,Combined Robust Max Sharpe λ=0.50 γ=0.10,-0.1286139745749102,0.09185027376962306,-1.6180025216654297
2022-07-08,Combined Robust Max Sharpe λ=0.50 γ=0.10,-0.1304731280724617,0.0918667244347807,-1.6379502915583724
2022-07-11,Combined Robust Max Sharpe λ=0.50 γ=0.10,-0.13166589045564614,0.09190293213977578,-1.6502834776258986
2022-07-12,Combined Robust Max Sharpe λ=0.50 γ=0.10,-0.13463377951078714,0.09193848851364228,-1.6819264924922257
2022-07-13,Combined Robust Max Sharpe λ=0.50 γ=0.10,-0.13007758395559899,0.09193907386957914,-1.632359100859474
2022-07-14,Combined Robust Max Sharpe λ=0.50 γ=0.10,-0.14091229338275568,0.09186260500055811,-1.7516626420704926
2022-07-15,Combined Robust Max Sharpe λ=0.50 γ=0.10,-0.13710820786450106,0.09212839184263204,-1.7053180319576562
2022-07-18,Combined Robust Max Sharpe λ=0.50 γ=0.10,-0.13712127835130294,0.09212896357970296,-1.705449320672902
2022-07-19,Combined Robust Max Sharpe λ=0.50 γ=0.10,-0.1340586225479662,0.09242376608633328,-1.6668723757053963
2022-07-20,Combined Robust Max Sharpe λ=0.50 γ=0.10,-0.13378916726370393,0.09242733624724453,-1.6638926697218188
2022-07-21,Combined Robust Max Sharpe λ=0.50 γ=0.10,-0.11966013972365996,0.0933349828999193,-1.4963321938293375
2022-07-22,Combined Robust Max Sharpe λ=0.50 γ=0.10,-0.12282364682674662,0.09321668885202665,-1.5321682049173264
2022-07-25,Combined Robust Max Sharpe λ=0.50 γ=0.10,-0.1256608616787187,0.09325048950515848,-1.5620385742925345
2022-07-26,Combined Robust Max Sharpe λ=0.50 γ=0.10,-0.12953682695814606,0.09337845930850691,-1.6014060208907626
2022-07-27,Combined Robust Max Sharpe λ=0.50 γ=0.10,-0.11895346716689614,0.09456249238150133,-1.4694353296686027
2022-07-28,Combined Robust Max Sharpe λ=0.50 γ=0.10,-0.11068917434222791,0.09523046677228131,-1.3723462540064704
2022-07-29,Combined Robust Max Sharpe λ=0.50 γ=0.10,-0.1052218200739804,0.09546958018301331,-1.3116410466447284
2022-08-01,Combined Robust Max Sharpe λ=0.50 γ=0.10,-0.10097209521618045,0.09558201920922538,-1.2656365309815978
2022-08-02,Combined Robust Max Sharpe λ=0.50 γ=0.10,-0.11162245068245036,0.09589380534274719,-1.3725855409742111
2022-08-03,Combined Robust Max Sharpe λ=0.50 γ=0.10,-0.10443590099746125,0.0964339320961025,-1.2903746460680772
2022-08-04,Combined Robust Max Sharpe λ=0.50 γ=0.10,-0.09802567727109057,0.09672209809274919,-1.2202555527477585
2022-08-05,Combined Robust Max Sharpe λ=0.50 γ=0.10,-0.10616036554463593,0.09725890279775937,-1.2971600739417593
2022-08-08,Combined Robust Max Sharpe λ=0.50 γ=0.10,-0.09275351757892802,0.09687761967508332,-1.1638758049288442
2022-08-09,Combined Robust Max Sharpe λ=0.50 γ=0.10,-0.09103189138513068,0.09681383608945308,-1.1468597451560596
2022-08-10,Combined Robust Max Sharpe λ=0.50 γ=0.10,-0.08255806799963716,0.09709795221420905,-1.056233068369789
2022-08-11,Combined Robust Max Sharpe λ=0.50 γ=0.10,-0.08963947243059855,0.0971622748878898,-1.1284160705078747
2022-08-12,Combined Robust Max Sharpe λ=0.50 γ=0.10,-0.0801353309677465,0.09778861254269428,-1.0239978701408372
2022-08-15,Combined Robust Max Sharpe λ=0.50 γ=0.10,-0.0888634124276122,0.09737797586932861,-1.11794696342524
2022-08-16,Combined Robust Max Sharpe λ=0.50 γ=0.10,-0.0916154379218671,0.09733873239289918,-1.1466703456887157
2022-08-17,Combined Robust Max Sharpe λ=0.50 γ=0.10,-0.09638212077728303,0.09759014812137104,-1.192560140727943
2022-08-18,Combined Robust Max Sharpe λ=0.50 γ=0.10,-0.0939998007960664,0.097586403560201,-1.168193484307883
2022-08-19,Combined Robust Max Sharpe λ=0.50 γ=0.10,-0.10657026419214843,0.09813964452675752,-1.2896955639332826
2022-08-22,Combined Robust Max Sharpe λ=0.50 γ=0.10,-0.11869128671730766,0.09872197979289676,-1.4048673558640157
2022-08-23,Combined Robust Max Sharpe λ=0.50 γ=0.10,-0.12238850715491678,0.09859099844910557,-1.4442343560240973
2022-08-24,Combined Robust Max Sharpe λ=0.50 γ=0.10,-0.11997231315593904,0.09858037037872318,-1.4198801710543134
2022-08-25,Combined Robust Max Sharpe λ=0.50 γ=0.10,-0.108549779795577,0.09897691816396277,-1.298785435838935
2022-08-26,Combined Robust Max Sharpe λ=0.50 γ=0.10,-0.12238290074115787,0.10022415369314269,-1.4206445801188108
2022-08-29,Combined Robust Max Sharpe λ=0.50 γ=0.10,-0.13310267383592067,0.09998728340533014,-1.5312214575854657
2022-08-30,Combined Robust Max Sharpe λ=0.50 γ=0.10,-0.1404109498321977,0.10010846806620044,-1.602371437010903
2022-08-31,Combined Robust Max Sharpe λ=0.50 γ=0.10,-0.14407426257073763,0.100267429469837,-1.636366499453298
2022-09-01,Combined Robust Max Sharpe λ=0.50 γ=0.10,-0.14814071160592757,0.10031156948944328,-1.6761846361463077
2022-09-02,Combined Robust Max Sharpe λ=0.50 γ=0.10,-0.15073599278887406,0.10029642375796374,-1.7023138651573033
2022-09-06,Combined Robust Max Sharpe λ=0.50 γ=0.10,-0.15596283111521125,0.10050588217879862,-1.7507714702924126
2022-09-07,Combined Robust Max Sharpe λ=0.50 γ=0.10,-0.13867872947415383,0.10127630942264983,-1.5667902037380748
2022-09-08,Combined Robust Max Sharpe λ=0.50 γ=0.10,-0.14020936243100812,0.10125274661864601,-1.5822717682357177
2022-09-09,Combined Robust Max Sharpe λ=0.50 γ=0.10,-0.13468303405999293,0.10173822704448096,-1.5204022966938864
2022-09-12,Combined Robust Max Sharpe λ=0.50 γ=0.10,-0.124394436181407,0.1018176482996028,-1.4181670721417585
2022-09-13,Combined Robust Max Sharpe λ=0.50 γ=0.10,-0.15110613439620124,0.10537862247913633,-1.6237271884065303
2022-09-14,Combined Robust Max Sharpe λ=0.50 γ=0.10,-0.15302943332494112,0.10530191598229888,-1.6431745966904072
2022-09-15,Combined Robust Max Sharpe λ=0.50 γ=0.10,-0.16363142537767272,0.10602067326427678,-1.732034137530294
2022-09-16,Combined Robust Max Sharpe λ=0.50 γ=0.10,-0.1596381900971271,0.1058915327580078,-1.6964358284212517
2022-09-19,Combined Robust Max Sharpe λ=0.50 γ=0.10,-0.15297685776270042,0.10587173792608572,-1.6338341199562068
2022-09-20,Combined Robust Max Sharpe λ=0.50 γ=0.10,-0.16045006443934295,0.10607617111745782,-1.7011366694177823
2022-09-21,Combined Robust Max Sharpe λ=0.50 γ=0.10,-0.16574010940442463,0.10618110543623314,-1.7492764710004878
2022-09-22,Combined Robust Max Sharpe λ=0.50 γ=0.10,-0.17587980552844107,0.10640230667249906,-1.8409357057582336
2022-09-23,Combined Robust Max Sharpe λ=0.50 γ=0.10,-0.17986120617506995,0.10681546891748449,-1.8710885998119222
2022-09-26,Combined Robust Max Sharpe λ=0.50 γ=0.10,-0.18602609176993412,0.10724170831224773,-1.9211377272176904
2022-09-27,Combined Robust Max Sharpe λ=0.50 γ=0.10,-0.18520124186239417,0.10723054977200339,-1.913645339865354
2022-09-28,Combined Robust Max Sharpe λ=0.50 γ=0.10,-0.15770139571358555,0.10872914291760903,-1.6343492732968672
2022-09-29,Combined Robust Max Sharpe λ=0.50 γ=0.10,-0.16841154770142597,0.10939270904022103,-1.72234099835805
2022-09-30,Combined Robust Max Sharpe λ=0.50 γ=0.10,-0.17588900690946985,0.10962062809691991,-1.7869721265989889
2022-10-03,Combined Robust Max Sharpe λ=0.50 γ=0.10,-0.1635167535317168,0.1116145235892076,-1.6442013783720675
2022-10-04,Combined Robust Max Sharpe λ=0.50 γ=0.10,-0.14418843809654025,0.11326439011146484,-1.4496033390102612
2022-10-05,Combined Robust Max Sharpe λ=0.50 γ=0.10,-0.1469470825140028,0.11333267389363458,-1.47307106396066
2022-10-06,Combined Robust Max Sharpe λ=0.50 γ=0.10,-0.15433543847683662,0.11339083718957452,-1.5374737747581029
2022-10-07,Combined Robust Max Sharpe λ=0.50 γ=0.10,-0.16887091374330598,0.1149750857713572,-1.6427116577142649
2022-10-10,Combined Robust Max Sharpe λ=0.50 γ=0.10,-0.17459152974582293,0.11533001758189033,-1.6872583029622168
2022-10-11,Combined Robust Max Sharpe λ=0.50 γ=0.10,-0.17564764528072907,0.11536776248542494,-1.6958606205563391
2022-10-12,Combined Robust Max Sharpe λ=0.50 γ=0.10,-0.1788970610439613,0.1152146602282509,-1.726317298943796
2022-10-13,Combined Robust Max Sharpe λ=0.50 γ=0.10,-0.1783262976600275,0.11526593899397063,-1.7205975970958916
2022-10-14,Combined Robust Max Sharpe λ=0.50 γ=0.10,-0.19770098449070128,0.1162205868871506,-1.873170582954356
2022-10-17,Combined Robust Max Sharpe λ=0.50 γ=0.10,-0.18271031095077483,0.11720184533798468,-1.7295829290588582
2022-10-18,Combined Robust Max Sharpe λ=0.50 γ=0.10,-0.1793984780601866,0.11735145480886816,-1.6991564219203714
2022-10-19,Combined Robust Max Sharpe λ=0.50 γ=0.10,-0.18493181322946084,0.11762673208581453,-1.74222142871361
2022-10-20,Combined Robust Max Sharpe λ=0.50 γ=0.10,-0.18926339244849955,0.11770869932967072,-1.7778073637735856
2022-10-21,Combined Robust Max Sharpe λ=0.50 γ=0.10,-0.17542802886890208,0.11899416021805925,-1.6423329389507533
2022-10-24,Combined Robust Max Sharpe λ=0.50 γ=0.10,-0.17512773798621295,0.1190078855750967,-1.6396202406527327
2022-10-25,Combined Robust Max Sharpe λ=0.50 γ=0.10,-0.1674989087133294,0.11965579054572399,-1.5669856666207937
2022-10-26,Combined Robust Max Sharpe λ=0.50 γ=0.10,-0.17228859929532103,0.11967667561862368,-1.6067341301164764
2022-10-27,Combined Robust Max Sharpe λ=0.50 γ=0.10,-0.18104977802694555,0.11953390198855379,-1.6819477544219836
2022-10-28,Combined Robust Max Sharpe λ=0.50 γ=0.10,-0.1749747548086018,0.11985745954977547,-1.6267219040099121
2022-10-31,Combined Robust Max Sharpe λ=0.50 γ=0.10,-0.18165826408438523,0.12007337737047954,-1.6794585819151249
2022-11-01,Combined Robust Max Sharpe λ=0.50 γ=0.10,-0.18239939779041436,0.12007390336488882,-1.6856235378252773
2022-11-02,Combined Robust Max Sharpe λ=0.50 γ=0.10,-0.20172176528314933,0.12171079706133237,-1.821709911006659
2022-11-03,Combined Robust Max Sharpe λ=0.50 γ=0.10,-0.20800500789244958,0.12208515066423445,-1.8675900111678772
2022-11-04,Combined Robust Max Sharpe λ=0.50 γ=0.10,-0.19971144607862934,0.12331056402659765,-1.7817731012181435
2022-11-07,Combined Robust Max Sharpe λ=0.50 γ=0.10,-0.2023039511903466,0.12311491783236952,-1.805662182165695
2022-11-08,Combined Robust Max Sharpe λ=0.50 γ=0.10,-0.19225151182781353,0.12370550988076633,-1.7157805827112498
2022-11-09,Combined Robust Max Sharpe λ=0.50 γ=0.10,-0.20771011115199367,0.12443587254326632,-1.829939441882556
2022-11-10,Combined Robust Max Sharpe λ=0.50 γ=0.10,-0.16011479722447997,0.1346487025804611,-1.3376645580142148
2022-11-11,Combined Robust Max Sharpe λ=0.50 γ=0.10,-0.15098010488206315,0.13511008901175475,-1.2654873232093544
2022-11-14,Combined Robust Max Sharpe λ=0.50 γ=0.10,-0.15692561954158968,0.13515592404473697,-1.3090482033405122
2022-11-15,Combined Robust Max Sharpe λ=0.50 γ=0.10,-0.14548560761461982,0.13541483813220315,-1.2220640654834227
2022-11-16,Combined Robust Max Sharpe λ=0.50 γ=0.10,-0.1508601810210165,0.13556921781670814,-1.260316934571551
2022-11-17,Combined Robust Max Sharpe λ=0.50 γ=0.10,-0.1582504432624693,0.1355376080771507,-1.3151364096746165
2022-11-18,Combined Robust Max Sharpe λ=0.50 γ=0.10,-0.160760842808088,0.13550686397951098,-1.3339607861888054
2022-11-21,Combined Robust Max Sharpe λ=0.50 γ=0.10,-0.1679830912683662,0.13557455965603538,-1.3865661208511086
2022-11-22,Combined Robust Max Sharpe λ=0.50 γ=0.10,-0.15128821457766872,0.13559679865702093,-1.2632172460865083
2022-11-23,Combined Robust Max Sharpe λ=0.50 γ=0.10,-0.13950101803034032,0.13569048235296718,-1.1754768298003067
2022-11-25,Combined Robust Max Sharpe λ=0.50 γ=0.10,-0.14564107847802965,0.1355621260628934,-1.221883156370543
2022-11-28,Combined Robust Max Sharpe λ=0.50 γ=0.10,-0.15995884267295624,0.13594477918495748,-1.323764279524969
2022-11-29,Combined Robust Max Sharpe λ=0.50 γ=0.10,-0.16235053675354694,0.13593285520941392,-1.341475072179006
2022-11-30,Combined Robust Max Sharpe λ=0.50 γ=0.10,-0.13857161871479873,0.13900304803105493,-1.1407779970362373
2022-12-01,Combined Robust Max Sharpe λ=0.50 γ=0.10,-0.1322598335155708,0.13917505391302895,-1.0940167022368719
2022-12-02,Combined Robust Max Sharpe λ=0.50 γ=0.10,-0.13601350914052968,0.13916143120738192,-1.12109733125721
2022-12-05,Combined Robust Max Sharpe λ=0.50 γ=0.10,-0.1534533177641232,0.14009175076724498,-1.238140838515943
2022-12-06,Combined Robust Max Sharpe λ=0.50 γ=0.10,-0.1594245728565109,0.1403723701346355,-1.278204340956979
2022-12-07,Combined Robust Max Sharpe λ=0.50 γ=0.10,-0.1614022553219211,0.14031577821123312,-1.2928143765046571
2022-12-08,Combined Robust Max Sharpe λ=0.50 γ=0.10,-0.15268827874722035,0.14042137185951656,-1.2297862957782877
2022-12-09,Combined Robust Max Sharpe λ=0.50 γ=0.10,-0.15478069751867984,0.14045866908849422,-1.244356782339732
2022-12-12,Combined Robust Max Sharpe λ=0.50 γ=0.10,-0.15230820902431896,0.14056360838171297,-1.2258379747651376
2022-12-13,Combined Robust Max Sharpe λ=0.50 γ=0.10,-0.1447668191789283,0.14104944247402573,-1.1681493828610499
2022-12-14,Combined Robust Max Sharpe λ=0.50 γ=0.10,-0.1447718903031029,0.1410496223574006,-1.168183845863786
2022-12-15,Combined Robust Max Sharpe λ=0.50 γ=0.10,-0.1667638083910883,0.14276063600406427,-1.3082304311517026
2022-12-16,Combined Robust Max Sharpe λ=0.50 γ=0.10,-0.16912622072125716,0.14280204702526791,-1.3243943252983794
2022-12-19,Combined Robust Max Sharpe λ=0.50 γ=0.10,-0.17703650317727826,0.1430092575618306,-1.3777884490595915
2022-12-20,Combined Robust Max Sharpe λ=0.50 γ=0.10,-0.16853747082184922,0.1430358742550147,-1.3181131782765976
2022-12-21,Combined Robust Max Sharpe λ=0.50 γ=0.10,-0.1636879876357582,0.143309995073917,-1.2817528012684312
2022-12-22,Combined Robust Max Sharpe λ=0.50 γ=0.10,-0.1813120281759496,0.1439526986933088,-1.3984595634767838
2022-12-23,Combined Robust Max Sharpe λ=0.50 γ=0.10,-0.1782565012654158,0.14400445719002924,-1.3767386449976002
2022-12-27,Combined Robust Max Sharpe λ=0.50 γ=0.10,-0.18541239726011838,0.14391615276860656,-1.427306061956698
2022-12-28,Combined Robust Max Sharpe λ=0.50 γ=0.10,-0.19145719485489854,0.1441829935630008,-1.4665890173968559
2022-12-29,Combined Robust Max Sharpe λ=0.50 γ=0.10,-0.17542640834471945,0.14505540821621882,-1.3472535133155317
2022-12-30,Combined Robust Max Sharpe λ=0.50 γ=0.10,-0.1782312108082852,0.14499648446339714,-1.3671449452164242
2023-01-03,Combined Robust Max Sharpe λ=0.50 γ=0.10,-0.17846672295315202,0.14499549442085324,-1.3687785523672695
2023-01-04,Combined Robust Max Sharpe λ=0.50 γ=0.10,-0.1641576075358515,0.14494225991370285,-1.2705584116426574
2023-01-05,Combined Robust Max Sharpe λ=0.50 γ=0.10,-0.1732701196526628,0.14540399237839155,-1.3291940371878306
2023-01-06,Combined Robust Max Sharpe λ=0.50 γ=0.10,-0.14671771972236158,0.14695092267511553,-1.134512915519062
2023-01-09,Combined Robust Max Sharpe λ=0.50 γ=0.10,-0.14252095962467837,0.1469776892676875,-1.1057525835004944
2023-01-10,Combined Robust Max Sharpe λ=0.50 γ=0.10,-0.1341384856813942,0.14707118906985508,-1.0480535763410623
2023-01-11,Combined Robust Max Sharpe λ=0.50 γ=0.10,-0.12644392476697774,0.14741441465820054,-0.9934165875604973
2023-01-12,Combined Robust Max Sharpe λ=0.50 γ=0.10,-0.12626125148596468,0.14742544630159818,-0.9921031623451773
2023-01-13,Combined Robust Max Sharpe λ=0.50 γ=0.10,-0.12076500537704116,0.14759562947361565,-0.9537206886075474
2023-01-17,Combined Robust Max Sharpe λ=0.50 γ=0.10,-0.12091046647031534,0.1475974400620111,-0.9546945151021161
2023-01-18,Combined Robust Max Sharpe λ=0.50 γ=0.10,-0.12372208829082099,0.14774736836809546,-0.9727556563495198
2023-01-19,Combined Robust Max Sharpe λ=0.50 γ=0.10,-0.11408088876597644,0.14732110884183505,-0.9101267959497005
2023-01-20,Combined Robust Max Sharpe λ=0.50 γ=0.10,-0.10447100318363933,0.14789670942391286,-0.8416076575907515
2023-01-23,Combined Robust Max Sharpe λ=0.50 γ=0.10,-0.09337244653113519,0.14832822764610484,-0.7643349369860309
2023-01-24,Combined Robust Max Sharpe λ=0.50 γ=0.10,-0.09164664018463375,0.14832682009773748,-0.752707029727099
2023-01-25,Combined Robust Max Sharpe λ=0.50 γ=0.10,-0.09034989639240543,0.14833269880308356,-0.7439350681463598
2023-01-26,Combined Robust Max Sharpe λ=0.50 γ=0.10,-0.08016594984634828,0.14841435107842466,-0.6749074406788256
2023-01-27,Combined Robust Max Sharpe λ=0.50 γ=0.10,-0.06949636728005648,0.14824457610082256,-0.603707532740956
2023-01-30,Combined Robust Max Sharpe λ=0.50 γ=0.10,-0.08165614020366807,0.1486351000212817,-0.6839309166483076
2023-01-31,Combined Robust Max Sharpe λ=0.50 γ=0.10,-0.07835866727356389,0.1488679814209468,-0.6607106936947029
2023-02-01,Combined Robust Max Sharpe λ=0.50 γ=0.10,-0.07052312688758122,0.14946284827252687,-0.6056563750379197
2023-02-02,Combined Robust Max Sharpe λ=0.50 γ=0.10,-0.06268679431811819,0.14977199531555355,-0.5520844811068049
2023-02-03,Combined Robust Max Sharpe λ=0.50 γ=0.10,-0.08271046937824234,0.15062978092745896,-0.6818735893117056
2023-02-06,Combined Robust Max Sharpe λ=0.50 γ=0.10,-0.07578313392019087,0.15022021374501118,-0.6376181442716915
2023-02-07,Combined Robust Max Sharpe λ=0.50 γ=0.10,-0.06273765078312699,0.15056415979740917,-0.5495175670920238
2023-02-08,Combined Robust Max Sharpe λ=0.50 γ=0.10,-0.07018554686172673,0.15076707939326772,-0.5981779790698383
2023-02-09,Combined Robust Max Sharpe λ=0.50 γ=0.10,-0.07841964562047221,0.15098359486811774,-0.6518565524051837
2023-02-10,Combined Robust Max Sharpe λ=0.50 γ=0.10,-0.08517829909015406,0.15083617578424285,-0.697301549467827
2023-02-13,Combined Robust Max Sharpe λ=0.50 γ=0.10,-0.06619482377164276,0.1504743771549004,-0.5728206050848952
2023-02-14,Combined Robust Max Sharpe λ=0.50 γ=0.10,-0.0666627589678731,0.15046616888815248,-0.5759617567739962
2023-02-15,Combined Robust Max Sharpe λ=0.50 γ=0.10,-0.06168080897920025,0.15039263418648638,-0.5431170842976014
2023-02-16,Combined Robust Max Sharpe λ=0.50 γ=0.10,-0.07210083111518228,0.15074324169152947,-0.6109781777391456
2023-02-17,Combined Robust Max Sharpe λ=0.50 γ=0.10,-0.07702857948696651,0.15069933267667693,-0.6438554024332663
2023-02-21,Combined Robust Max Sharpe λ=0.50 γ=0.10,-0.09000568310857504,0.1514967397133189,-0.7261257457866194
2023-02-22,Combined Robust Max Sharpe λ=0.50 γ=0.10,-0.09235209358737206,0.15149754378799554,-0.7416100009159006
2023-02-23,Combined Robust Max Sharpe λ=0.50 γ=0.10,-0.08619869439968342,0.15156396051154708,-0.7006856645949981
2023-02-24,Combined Robust Max Sharpe λ=0.50 γ=0.10,-0.08684949962780597,0.15161260269136095,-0.7047534158180794
2023-02-27,Combined Robust Max Sharpe λ=0.50 γ=0.10,-0.08855358430246507,0.1515389193277143,-0.7163412856845692
2023-02-28,Combined Robust Max Sharpe λ=0.50 γ=0.10,-0.09348384155328382,0.15142948863573927,-0.7494170559227538
2023-03-01,Combined Robust Max Sharpe λ=0.50 γ=0.10,-0.10469483799389345,0.1510768330280851,-0.8253736558715971
2023-03-02,Combined Robust Max Sharpe λ=0.50 γ=0.10,-0.1047524046271252,0.15107475435035347,-0.8257660597469197
2023-03-03,Combined Robust Max Sharpe λ=0.50 γ=0.10,-0.08290707529909302,0.15162978184389977,-0.6786732398324893
2023-03-06,Combined Robust Max Sharpe λ=0.50 γ=0.10,-0.08631526452607696,0.15161367391463432,-0.701224775978567
2023-03-07,Combined Robust Max Sharpe λ=0.50 γ=0.10,-0.10497355018531773,0.15205110153696635,-0.8219180849205122
2023-03-08,Combined Robust Max Sharpe λ=0.50 γ=0.10,-0.09466914620977362,0.15178791217693474,-0.7554563770276196
2023-03-09,Combined Robust Max Sharpe λ=0.50 γ=0.10,-0.10115443819246916,0.15198652647736358,-0.7971393320217338
2023-03-10,Combined Robust Max Sharpe λ=0.50 γ=0.10,-0.10187347450124129,0.15199084728515372,-0.8018474577787669
2023-03-13,Combined Robust Max Sharpe λ=0.50 γ=0.10,-0.08819066437231948,0.15217602397067873,-0.7109573607545803
2023-03-14,Combined Robust Max Sharpe λ=0.50 γ=0.10,-0.07428914729866631,0.15244464360008772,-0.6185140066056874
2023-03-15,Combined Robust Max Sharpe λ=0.50 γ=0.10,-0.057513929815545706,0.15172512180473302,-0.510883951804003
2023-03-16,Combined Robust Max Sharpe λ=0.50 γ=0.10,-0.0480079090292167,0.15230279257675208,-0.446530939312518
2023-03-17,Combined Robust Max Sharpe λ=0.50 γ=0.10,-0.054706410453026266,0.1519463945189769,-0.49166293606062517
2023-03-20,Combined Robust Max Sharpe λ=0.50 γ=0.10,-0.05296016294340711,0.15198798796770774,-0.4800390078123059
2023-03-21,Combined Robust Max Sharpe λ=0.50 γ=0.10,-0.05642283684495086,0.15187875893248015,-0.5031831796764005
2023-03-22,Combined Robust Max Sharpe λ=0.50 γ=0.10,-0.05254399538187027,0.15172144197536852,-0.4781393746155375
2023-03-23,Combined Robust Max Sharpe λ=0.50 γ=0.10,-0.043052276073892504,0.15195673376655622,-0.41493571565414583
2023-03-24,Combined Robust Max Sharpe λ=0.50 γ=0.10,-0.0483436182109056,0.15185016285188918,-0.45007273569779604
2023-03-27,Combined Robust Max Sharpe λ=0.50 γ=0.10,-0.05583522374275085,0.15188725070449355,-0.49928630211559477
2023-03-28,Combined Robust Max Sharpe λ=0.50 γ=0.10,-0.04986298307241965,0.15176802658821079,-0.46032741311170583
2023-03-29,Combined Robust Max Sharpe λ=0.50 γ=0.10,-0.04383645984614404,0.1519997478401092,-0.4199774062342167
2023-03-30,Combined Robust Max Sharpe λ=0.50 γ=0.10,-0.04384726915439041,0.15199918254814104,-0.4200500824020469
2023-03-31,Combined Robust Max Sharpe λ=0.50 γ=0.10,-0.037665063613944505,0.15223244271855357,-0.37879615267394307
2023-04-03,Combined Robust Max Sharpe λ=0.50 γ=0.10,-0.03200854571924738,0.1522358383338675,-0.34163142061981333
2023-04-04,Combined Robust Max Sharpe λ=0.50 γ=0.10,-0.026802330959585174,0.15224493503323597,-0.307414699539055
2023-04-05,Combined Robust Max Sharpe λ=0.50 γ=0.10,-0.03406026849448929,0.15225246750466523,-0.3550699005441919
2023-04-06,Combined Robust Max Sharpe λ=0.50 γ=0.10,-0.01952500170638305,0.15164043800288687,-0.2606494825979769
2023-04-10,Combined Robust Max Sharpe λ=0.50 γ=0.10,-0.0159553835311258,0.15153842772837234,-0.23726908131562938
2023-04-11,Combined Robust Max Sharpe λ=0.50 γ=0.10,-0.01568547085257832,0.15153866805473332,-0.23548755780068825
2023-04-12,Combined Robust Max Sharpe λ=0.50 γ=0.10,-0.014153401725928605,0.15150607458250182,-0.22542595615419075
2023-04-13,Combined Robust Max Sharpe λ=0.50 γ=0.10,0.00847282035160446,0.15190543679983629,-0.07588391759529152
2023-04-14,Combined Robust Max Sharpe λ=0.50 γ=0.10,-0.000715583451740498,0.15206983045761685,-0.13622415037487734
2023-04-17,Combined Robust Max Sharpe λ=0.50 γ=0.10,-0.007178571106809417,0.1519349048227014,-0.178882996889524
2023-04-18,Combined Robust Max Sharpe λ=0.50 γ=0.10,0.005996572379444398,0.1514811138652731,-0.0924433895634687
2023-04-19,Combined Robust Max Sharpe λ=0.50 γ=0.10,0.005106676404330601,0.15148910945748717,-0.09831283350338102
2023-04-20,Combined Robust Max Sharpe λ=0.50 γ=0.10,0.004173950734455367,0.15150188076553905,-0.10446107457924352
2023-04-21,Combined Robust Max Sharpe λ=0.50 γ=0.10,-0.0036788985009758024,0.15143261562503146,-0.15636590838269676
2023-04-24,Combined Robust Max Sharpe λ=0.50 γ=0.10,0.0060256563830076715,0.15117946097462676,-0.09243546396383644
2023-04-25,Combined Robust Max Sharpe λ=0.50 γ=0.10,0.008159793510790436,0.15103968374736354,-0.0783913617630058
2023-04-26,Combined Robust Max Sharpe λ=0.50 γ=0.10,0.004617201939185689,0.1510384807983235,-0.1018468802089875
2023-04-27,Combined Robust Max Sharpe λ=0.50 γ=0.10,0.02402273171102176,0.15159422627364505,0.02653618023525689
2023-04-28,Combined Robust Max Sharpe λ=0.50 γ=0.10,0.03519533081288739,0.151587663171866,0.10024121023397092
2023-05-01,Combined Robust Max Sharpe λ=0.50 γ=0.10,0.023250410768651752,0.15131685138509499,0.021480824765376556
2023-05-02,Combined Robust Max Sharpe λ=0.50 γ=0.10,0.03795682714780457,0.15051680356993452,0.11930114593126677
2023-05-03,Combined Robust Max Sharpe λ=0.50 γ=0.10,0.04413511798928105,0.15035829181941618,0.16051737285142803
2023-05-04,Combined Robust Max Sharpe λ=0.50 γ=0.10,0.03964093182237094,0.15033724648651492,0.13064581320592902
2023-05-05,Combined Robust Max Sharpe λ=0.50 γ=0.10,0.03359021051076305,0.1498945726110745,0.09066512732268854
2023-05-08,Combined Robust Max Sharpe λ=0.50 γ=0.10,0.05650578025164732,0.14844121727219356,0.2459275188016508
2023-05-09,Combined Robust Max Sharpe λ=0.50 γ=0.10,0.06170415861707457,0.14830483897210278,0.28120564983668145
2023-05-10,Combined Robust Max Sharpe λ=0.50 γ=0.10,0.07580410713770824,0.14800553156666799,0.3770406858920114
2023-05-11,Combined Robust Max Sharpe λ=0.50 γ=0.10,0.07049942230509898,0.14802034350875215,0.34116541759081276
2023-05-12,Combined Robust Max Sharpe λ=0.50 γ=0.10,0.0670935746893464,0.148037690469872,0.31811881514681345
2023-05-15,Combined Robust Max Sharpe λ=0.50 γ=0.10,0.07519479759548053,0.14804061180587663,0.37283551399974363
2023-05-16,Combined Robust Max Sharpe λ=0.50 γ=0.10,0.06553316113750385,0.14819891757194165,0.30724354727759895
2023-05-17,Combined Robust Max Sharpe λ=0.50 γ=0.10,0.0709312870048393,0.14832139264865324,0.34338463316270484
2023-05-18,Combined Robust Max Sharpe λ=0.50 γ=0.10,0.07416519606523142,0.14835816039972974,0.365097517516334
2023-05-19,Combined Robust Max Sharpe λ=0.50 γ=0.10,0.08420200281011114,0.1482184402589954,0.4331579977358095
2023-05-22,Combined Robust Max Sharpe λ=0.50 γ=0.10,0.08099171081418688,0.14818906519484482,0.4115803735855447
2023-05-23,Combined Robust Max Sharpe λ=0.50 γ=0.10,0.06844330014353917,0.1484145156859406,0.3264054052910151
2023-05-24,Combined Robust Max Sharpe λ=0.50 γ=0.10,0.058322343796227916,0.14863957485126614,0.2578205961270716
2023-05-25,Combined Robust Max Sharpe λ=0.50 γ=0.10,0.06012681162009903,0.14869428510371455,0.26986115567326946
2023-05-26,Combined Robust Max Sharpe λ=0.50 γ=0.10,0.0708299583235148,0.14922324261616324,0.34063030284270945
2023-05-30,Combined Robust Max Sharpe λ=0.50 γ=0.10,0.06713480893576662,0.14914926850147758,0.3160244056798687
2023-05-31,Combined Robust Max Sharpe λ=0.50 γ=0.10,0.05332561409747005,0.14896249395820568,0.2237181535562918
2023-06-01,Combined Robust Max Sharpe λ=0.50 γ=0.10,0.07545518237462834,0.14890865280754562,0.3724107453063887
2023-06-02,Combined Robust Max Sharpe λ=0.50 γ=0.10,0.08183245814681617,0.1489235506986523,0.41519597039379297
2023-06-05,Combined Robust Max Sharpe λ=0.50 γ=0.10,0.07091269895995711,0.14855336676591718,0.3427232924325622
2023-06-06,Combined Robust Max Sharpe λ=0.50 γ=0.10,0.08380617760741593,0.14821430507460584,0.43049945533461265
2023-06-07,Combined Robust Max Sharpe λ=0.50 γ=0.10,0.077482182520348,0.1485183382031223,0.3870376090643569
2023-06-08,Combined Robust Max Sharpe λ=0.50 γ=0.10,0.08119766335767475,0.1487155038557606,0.4115082945018998
2023-06-09,Combined Robust Max Sharpe λ=0.50 γ=0.10,0.08731625375804986,0.14861346663992125,0.45296200458839875
2023-06-12,Combined Robust Max Sharpe λ=0.50 γ=0.10,0.10465313835132606,0.1485229564441512,0.5699666932172739
2023-06-13,Combined Robust Max Sharpe λ=0.50 γ=0.10,0.11805135257926458,0.14824781401860296,0.6614016754875087
2023-06-14,Combined Robust Max Sharpe λ=0.50 γ=0.10,0.15449542139473715,0.1453370565698251,0.9254035038897377
2023-06-15,Combined Robust Max Sharpe λ=0.50 γ=0.10,0.17406262608207346,0.14549325841294944,1.0588987267355154
2023-06-16,Combined Robust Max Sharpe λ=0.50 γ=0.10,0.15225936275048202,0.1447940293537662,0.9134310533436499
2023-06-20,Combined Robust Max Sharpe λ=0.50 γ=0.10,0.14961397843618496,0.14489435452915997,0.8945412597845568
2023-06-21,Combined Robust Max Sharpe λ=0.50 γ=0.10,0.14385432546924481,0.1450120156222352,0.8540969859483409
2023-06-22,Combined Robust Max Sharpe λ=0.50 γ=0.10,0.14059932445863144,0.14498876269696626,0.8317839411505983
2023-06-23,Combined Robust Max Sharpe λ=0.50 γ=0.10,0.12538947533973555,0.1449898031324033,0.7268750840601864
2023-06-26,Combined Robust Max Sharpe λ=0.50 γ=0.10,0.11619919514557608,0.14501335221577658,0.6633816381434577
2023-06-27,Combined Robust Max Sharpe λ=0.50 γ=0.10,0.11681800975261791,0.14503982889447212,0.6675270544000753
2023-06-28,Combined Robust Max Sharpe λ=0.50 γ=0.10,0.12184236005669535,0.14495723424791854,0.702568316683772
2023-06-29,Combined Robust Max Sharpe λ=0.50 γ=0.10,0.12976798701813808,0.14476879239240562,0.7582296239689871
2023-06-30,Combined Robust Max Sharpe λ=0.50 γ=0.10,0.13829457138535028,0.14513305643993485,0.8150766909143679
2023-07-03,Combined Robust Max Sharpe λ=0.50 γ=0.10,0.1413576714661331,0.14511888086979502,0.8362638323749121
2023-07-05,Combined Robust Max Sharpe λ=0.50 γ=0.10,0.13042114426465878,0.1450384943078984,0.7613230183584825
2023-07-06,Combined Robust Max Sharpe λ=0.50 γ=0.10,0.12384604227343932,0.14524953233801594,0.7149492366817063
2023-07-07,Combined Robust Max Sharpe λ=0.50 γ=0.10,0.13328904358882965,0.14507533924761482,0.780898009105929
2023-07-10,Combined Robust Max Sharpe λ=0.50 γ=0.10,0.13054696129572219,0.14503912116317713,0.762187197558586
2023-07-11,Combined Robust Max Sharpe λ=0.50 γ=0.10,0.13947946757276264,0.1450986681956777,0.8234360043307535
2023-07-12,Combined Robust Max Sharpe λ=0.50 γ=0.10,0.1578643109829485,0.14552074032997736,0.9473859923357495
2023-07-13,Combined Robust Max Sharpe λ=0.50 γ=0.10,0.17234096824232914,0.14572450461705858,1.0454039191463207
2023-07-14,Combined Robust Max Sharpe λ=0.50 γ=0.10,0.16757497969433977,0.14574173300484178,1.012578735353978
2023-07-17,Combined Robust Max Sharpe λ=0.50 γ=0.10,0.17907720209697708,0.14560340192896556,1.0925376741855584
2023-07-18,Combined Robust Max Sharpe λ=0.50 γ=0.10,0.18092325082696448,0.14568185907371725,1.1046210684717777
2023-07-19,Combined Robust Max Sharpe λ=0.50 γ=0.10,0.18641746351152721,0.14560367567192925,1.1429482308296606
2023-07-20,Combined Robust Max Sharpe λ=0.50 γ=0.10,0.16401615713376128,0.14578607377180497,0.9878594944479122
2023-07-21,Combined Robust Max Sharpe λ=0.50 γ=0.10,0.16160132059682053,0.14580066273980924,0.9711980586090839
2023-07-24,Combined Robust Max Sharpe λ=0.50 γ=0.10,0.14710425980870356,0.14529136359894515,0.8748232287196069
2023-07-25,Combined Robust Max Sharpe λ=0.50 γ=0.10,0.15130179132310229,0.14534151953765972,0.9034018065916838
2023-07-26,Combined Robust Max Sharpe λ=0.50 γ=0.10,0.15605647026039704,0.14529466259811763,0.9364175381770682
2023-07-27,Combined Robust Max Sharpe λ=0.50 γ=0.10,0.15347675273418027,0.14540422333503272,0.9179702602353592
2023-07-28,Combined Robust Max Sharpe λ=0.50 γ=0.10,0.14938479106824798,0.14509877381904732,0.8917014779849468
2023-07-31,Combined Robust Max Sharpe λ=0.50 γ=0.10,0.13869897214003646,0.14472911384930043,0.820145781198053
2023-08-01,Combined Robust Max Sharpe λ=0.50 γ=0.10,0.12497905904098072,0.14475122204522123,0.7252378084116249
2023-08-02,Combined Robust Max Sharpe λ=0.50 γ=0.10,0.10358824582621562,0.14551792718763001,0.5744188873611249
2023-08-03,Combined Robust Max Sharpe λ=0.50 γ=0.10,0.11133597679544427,0.1452373591557619,0.6288738471035519
2023-08-04,Combined Robust Max Sharpe λ=0.50 γ=0.10,0.09854315927428825,0.14493568302531137,0.5419173362612958
2023-08-07,Combined Robust Max Sharpe λ=0.50 γ=0.10,0.09719722459574176,0.14488424028012853,0.5328200254664253
2023-08-08,Combined Robust Max Sharpe λ=0.50 γ=0.10,0.10200300438914867,0.14461609524171753,0.5670392652497313
2023-08-09,Combined Robust Max Sharpe λ=0.50 γ=0.10,0.08969203694149908,0.1447308513986474,0.48152854949729396
2023-08-10,Combined Robust Max Sharpe λ=0.50 γ=0.10,0.09351555238571474,0.14469890468867677,0.5080588035126129
2023-08-11,Combined Robust Max Sharpe λ=0.50 γ=0.10,0.08244857889459944,0.14457249442572323,0.43195338880096273
2023-08-14,Combined Robust Max Sharpe λ=0.50 γ=0.10,0.09181095582938625,0.14450780908456565,0.496934776634546
2023-08-15,Combined Robust Max Sharpe λ=0.50 γ=0.10,0.06997291186098464,0.1444721545337443,0.345899955754536
2023-08-16,Combined Robust Max Sharpe λ=0.50 γ=0.10,0.06212688321729076,0.1447216102166944,0.29108909964595736
2023-08-17,Combined Robust Max Sharpe λ=0.50 γ=0.10,0.054977165078905266,0.14491955201063145,0.24135573560384246
2023-08-18,Combined Robust Max Sharpe λ=0.50 γ=0.10,0.06315962700620825,0.1447021911838822,0.29826519317432165
2023-08-21,Combined Robust Max Sharpe λ=0.50 γ=0.10,0.07056400113185402,0.14489484668073122,0.34897032082355106
2023-08-22,Combined Robust Max Sharpe λ=0.50 γ=0.10,0.08137193730720638,0.14443947562147208,0.4248972591678597
2023-08-23,Combined Robust Max Sharpe λ=0.50 γ=0.10,0.10727441996544629,0.14443763846693108,0.6042359934140554
2023-08-24,Combined Robust Max Sharpe λ=0.50 γ=0.10,0.09237262561204584,0.14506285017610507,0.49890530569464264
2023-08-25,Combined Robust Max Sharpe λ=0.50 γ=0.10,0.09753755792312413,0.14514350458460637,0.5342130751564311
2023-08-28,Combined Robust Max Sharpe λ=0.50 γ=0.10,0.09491583737608722,0.14501992989208073,0.5165899434087248
2023-08-29,Combined Robust Max Sharpe λ=0.50 γ=0.10,0.1299480098166439,0.1448181916255394,0.7592140778897422
2023-08-30,Combined Robust Max Sharpe λ=0.50 γ=0.10,0.1393462195315891,0.14475157968007718,0.8244899281607996
2023-08-31,Combined Robust Max Sharpe λ=0.50 γ=0.10,0.1458503266386042,0.14459602289604223,0.8703581476033038
2023-09-01,Combined Robust Max Sharpe λ=0.50 γ=0.10,0.154688483067964,0.14442509721815147,0.9325836413633811
2023-09-05,Combined Robust Max Sharpe λ=0.50 γ=0.10,0.15308042020612112,0.14447537038612865,0.9211287699103793
2023-09-06,Combined Robust Max Sharpe λ=0.50 γ=0.10,0.14797500682992815,0.14461228959690742,0.884952497375195
2023-09-07,Combined Robust Max Sharpe λ=0.50 γ=0.10,0.15145295091546962,0.1444824959519516,0.9098192140810261
2023-09-08,Combined Robust Max Sharpe λ=0.50 γ=0.10,0.13689817063661414,0.14391327582235983,0.812282049509512
2023-09-11,Combined Robust Max Sharpe λ=0.50 γ=0.10,0.14555128487179347,0.144078276480713,0.8714102357311331
2023-09-12,Combined Robust Max Sharpe λ=0.50 γ=0.10,0.1264885471866819,0.14392427565941135,0.7398928825508284
2023-09-13,Combined Robust Max Sharpe λ=0.50 γ=0.10,0.11982608329094258,0.14381693585674807,0.6941191084085985
2023-09-14,Combined Robust Max Sharpe λ=0.50 γ=0.10,0.1612792691699494,0.14116923740722542,1.0007794315868306
2023-09-15,Combined Robust Max Sharpe λ=0.50 γ=0.10,0.1491127908187735,0.1414742930005549,0.9126236864690823
2023-09-18,Combined Robust Max Sharpe λ=0.50 γ=0.10,0.1648072269898937,0.14081833110488223,1.0283265385529994
2023-09-19,Combined Robust Max Sharpe λ=0.50 γ=0.10,0.16427715417031297,0.14082496289246363,1.0245140577845244
2023-09-20,Combined Robust Max Sharpe λ=0.50 γ=0.10,0.15136404427393413,0.14107501510110068,0.9311644884800669
2023-09-21,Combined Robust Max Sharpe λ=0.50 γ=0.10,0.14229469868406985,0.141741406186941,0.8628015057419204
2023-09-22,Combined Robust Max Sharpe λ=0.50 γ=0.10,0.14858267907138578,0.1416080674823868,0.9080180342647419
2023-09-25,Combined Robust Max Sharpe λ=0.50 γ=0.10,0.16045504003543765,0.14130078024866488,0.9940146104519815
2023-09-26,Combined Robust Max Sharpe λ=0.50 γ=0.10,0.15940834453694963,0.1413854194679093,0.986016415706795
2023-09-27,Combined Robust Max Sharpe λ=0.50 γ=0.10,0.17076126023541804,0.14094506983131644,1.069645503853733
2023-09-28,Combined Robust Max Sharpe λ=0.50 γ=0.10,0.17860441046290365,0.14100229936839165,1.1248356315702597
2023-09-29,Combined Robust Max Sharpe λ=0.50 γ=0.10,0.1509888548275029,0.13960341848262656,0.9382926023677872
2023-10-02,Combined Robust Max Sharpe λ=0.50 γ=0.10,0.16257777083926794,0.13900482895796765,1.0257037248855627
2023-10-03,Combined Robust Max Sharpe λ=0.50 γ=0.10,0.156809429214104,0.13939800102723157,0.9814303519845893
2023-10-04,Combined Robust Max Sharpe λ=0.50 γ=0.10,0.13999210329568101,0.13796069618265494,0.8697557102554472
2023-10-05,Combined Robust Max Sharpe λ=0.50 γ=0.10,0.11880375009210709,0.13672742781428607,0.7226329908459194
2023-10-06,Combined Robust Max Sharpe λ=0.50 γ=0.10,0.13728116737314444,0.1371014516314399,0.8554334471120194
2023-10-09,Combined Robust Max Sharpe λ=0.50 γ=0.10,0.15185048744706853,0.13710836628805398,0.9616516556696544
2023-10-10,Combined Robust Max Sharpe λ=0.50 γ=0.10,0.18182750297842354,0.13567206636119647,1.1927842430555609
2023-10-11,Combined Robust Max Sharpe λ=0.50 γ=0.10,0.1999854868355717,0.1353102939445194,1.3301684712130644
2023-10-12,Combined Robust Max Sharpe λ=0.50 γ=0.10,0.19801009042839124,0.13538748280699373,1.3148194112018439
2023-10-13,Combined Robust Max Sharpe λ=0.50 γ=0.10,0.19421919033825108,0.13540220741089748,1.2866790997694586
2023-10-16,Combined Robust Max Sharpe λ=0.50 γ=0.10,0.1942228611228718,0.13540237427039162,1.2867046243587845
2023-10-17,Combined Robust Max Sharpe λ=0.50 γ=0.10,0.21564280298172767,0.13418594694196578,1.4579977072140158
2023-10-18,Combined Robust Max Sharpe λ=0.50 γ=0.10,0.18682016528572687,0.13385555665105775,1.2462700052161686
2023-10-19,Combined Robust Max Sharpe λ=0.50 γ=0.10,0.1734380978392489,0.13392285219192263,1.1457200569426294
2023-10-20,Combined Robust Max Sharpe λ=0.50 γ=0.10,0.17220185156970058,0.1340019843359528,1.135817893473274
2023-10-23,Combined Robust Max Sharpe λ=0.50 γ=0.10,0.17745196964892318,0.13387820762996874,1.1760836392739205
2023-10-24,Combined Robust Max Sharpe λ=0.50 γ=0.10,0.16589639207725337,0.1330534528976814,1.0965246590740358
2023-10-25,Combined Robust Max Sharpe λ=0.50 γ=0.10,0.1460012033142255,0.13373392863126674,0.9421782834305121
2023-10-26,Combined Robust Max Sharpe λ=0.50 γ=0.10,0.12103765172276115,0.133623685153313,0.7561357973837924
2023-10-27,Combined Robust Max Sharpe λ=0.50 γ=0.10,0.12645659046097268,0.13354716235935424,0.7971460312613373
2023-10-30,Combined Robust Max Sharpe λ=0.50 γ=0.10,0.1407744577205332,0.13367296704578052,0.9035069722000724
2023-10-31,Combined Robust Max Sharpe λ=0.50 γ=0.10,0.1355517027566926,0.13348903006324184,0.8656269560273886
2023-11-01,Combined Robust Max Sharpe λ=0.50 γ=0.10,0.15570184480219007,0.1335209379296383,1.016333819297323
2023-11-02,Combined Robust Max Sharpe λ=0.50 γ=0.10,0.17663977113580476,0.13448490474667693,1.164738685214225
2023-11-03,Combined Robust Max Sharpe λ=0.50 γ=0.10,0.21459747695320708,0.13307795291845995,1.462281863265823
2023-11-06,Combined Robust Max Sharpe λ=0.50 γ=0.10,0.22613198860610728,0.1326005764789412,1.554533125569359
2023-11-07,Combined Robust Max Sharpe λ=0.50 γ=0.10,0.20593687685261042,0.13140217677349492,1.4150212836513352
2023-11-08,Combined Robust Max Sharpe λ=0.50 γ=0.10,0.19719726517492653,0.13137684922106552,1.348770854420171
2023-11-09,Combined Robust Max Sharpe λ=0.50 γ=0.10,0.17774502834028794,0.13108920519016906,1.203341099760653
2023-11-10,Combined Robust Max Sharpe λ=0.50 γ=0.10,0.2090340523998473,0.13052438395489693,1.4482661911292265
2023-11-13,Combined Robust Max Sharpe λ=0.50 γ=0.10,0.1504176514974367,0.12034141949207347,1.083730373531342
2023-11-14,Combined Robust Max Sharpe λ=0.50 γ=0.10,0.1633914009542483,0.12181487177602104,1.1771255747647928
2023-11-15,Combined Robust Max Sharpe λ=0.50 γ=0.10,0.1696213198074632,0.12168343749701867,1.2295947820436042
2023-11-16,Combined Robust Max Sharpe λ=0.50 γ=0.10,0.16094419032216956,0.12141496769238407,1.1608469120484763
2023-11-17,Combined Robust Max Sharpe λ=0.50 γ=0.10,0.17319848674635185,0.12120164367372419,1.263996775149052
2023-11-20,Combined Robust Max Sharpe λ=0.50 γ=0.10,0.1863714729798518,0.12123793343636488,1.3722724255043206
2023-11-21,Combined Robust Max Sharpe λ=0.50 γ=0.10,0.18484341880154398,0.12126039419824468,1.359416814463318
2023-11-22,Combined Robust Max Sharpe λ=0.50 γ=0.10,0.19498742376915268,0.12108315582935823,1.4451838702962236
2023-11-24,Combined Robust Max Sharpe λ=0.50 γ=0.10,0.18655967554537933,0.12077912906566443,1.3790435221206574
2023-11-27,Combined Robust Max Sharpe λ=0.50 γ=0.10,0.17763739286208158,0.1206059275421701,1.30704515171498
2023-11-28,Combined Robust Max Sharpe λ=0.50 γ=0.10,0.18347070845691804,0.12060759931851403,1.3553931044196172
2023-11-29,Combined Robust Max Sharpe λ=0.50 γ=0.10,0.19855735617745518,0.11992013783718089,1.4889689037873504
2023-11-30,Combined Robust Max Sharpe λ=0.50 γ=0.10,0.20022837515623926,0.1199017929316383,1.5031332789076475
2023-12-01,Combined Robust Max Sharpe λ=0.50 γ=0.10,0.17743478613939856,0.11693571271003322,1.3463362260406395
2023-12-04,Combined Robust Max Sharpe λ=0.50 γ=0.10,0.1563764834614667,0.11743887121346028,1.1612550602056186
2023-12-05,Combined Robust Max Sharpe λ=0.50 γ=0.10,0.1580769841976315,0.11741204728789978,1.1760035480776547
2023-12-06,Combined Robust Max Sharpe λ=0.50 γ=0.10,0.17641251956562942,0.11607967951147982,1.347458230621328
2023-12-07,Combined Robust Max Sharpe λ=0.50 γ=0.10,0.19682590747525297,0.11580601529135684,1.526914703268012
2023-12-08,Combined Robust Max Sharpe λ=0.50 γ=0.10,0.19373406514636238,0.11581755814717112,1.5000667249916968
2023-12-11,Combined Robust Max Sharpe λ=0.50 γ=0.10,0.18744708179294522,0.1156984151680621,1.4472720438712463
2023-12-12,Combined Robust Max Sharpe λ=0.50 γ=0.10,0.19668108753321145,0.11564307531106038,1.5278138103640804
2023-12-13,Combined Robust Max Sharpe λ=0.50 γ=0.10,0.20896756347946588,0.11655884287553166,1.6212203108541194
2023-12-14,Combined Robust Max Sharpe λ=0.50 γ=0.10,0.199046581554444,0.11608700273730616,1.5423482158429862
2023-12-15,Combined Robust Max Sharpe λ=0.50 γ=0.10,0.20157796659263205,0.11600397516775499,1.5652736583384286
2023-12-18,Combined Robust Max Sharpe λ=0.50 γ=0.10,0.236118210969831,0.11362848891129952,1.9019720585964743
2023-12-19,Combined Robust Max Sharpe λ=0.50 γ=0.10,0.2490671000605822,0.11364169064413647,2.015695989404935
2023-12-20,Combined Robust Max Sharpe λ=0.50 γ=0.10,0.2456848494216397,0.11389799843494955,1.9814645781552946
2023-12-21,Combined Robust Max Sharpe λ=0.50 γ=0.10,0.25223526070327074,0.11420153568364778,2.033556373064814
2023-12-22,Combined Robust Max Sharpe λ=0.50 γ=0.10,0.2442287993363641,0.11392925917353218,1.968140589721806
2023-12-26,Combined Robust Max Sharpe λ=0.50 γ=0.10,0.2713914260780135,0.11281867372775282,2.228278508969676
2023-12-27,Combined Robust Max Sharpe λ=0.50 γ=0.10,0.2713124006677896,0.11281750841313573,2.227601054150992
2023-12-28,Combined Robust Max Sharpe λ=0.50 γ=0.10,0.27340840202242034,0.11276129053838167,2.2472995902451576
2023-12-29,Combined Robust Max Sharpe λ=0.50 γ=0.10,0.28257598526294814,0.11231004190870061,2.337956435599963
2024-01-02,Combined Robust Max Sharpe λ=0.50 γ=0.10,0.25219989354135164,0.11177486596756027,2.0773891476527613
2024-01-03,Combined Robust Max Sharpe λ=0.50 γ=0.10,0.24101387383617578,0.11220015631002041,1.9698178781987794
2024-01-04,Combined Robust Max Sharpe λ=0.50 γ=0.10,0.2390312952779574,0.11222958199865278,1.9516360248101672
2024-01-05,Combined Robust Max Sharpe λ=0.50 γ=0.10,0.23092401245662075,0.11203391221019998,1.8826800590599875
2024-01-08,Combined Robust Max Sharpe λ=0.50 γ=0.10,0.25768140695714203,0.11156648240067675,2.130401549307073
2024-01-09,Combined Robust Max Sharpe λ=0.50 γ=0.10,0.22939076162686822,0.1094882606372864,1.9124494298118377
2024-01-10,Combined Robust Max Sharpe λ=0.50 γ=0.10,0.23063487077036426,0.10951000060858761,1.9234304593168507
2024-01-11,Combined Robust Max Sharpe λ=0.50 γ=0.10,0.22493789641915396,0.1094006648660998,1.873278344971544
2024-01-12,Combined Robust Max Sharpe λ=0.50 γ=0.10,0.21780241001985812,0.10908513913792749,1.8132846653819301
2024-01-16,Combined Robust Max Sharpe λ=0.50 γ=0.10,0.20213485239608064,0.10907988074216796,1.6697382794778872
2024-01-17,Combined Robust Max Sharpe λ=0.50 γ=0.10,0.18511416697158922,0.10923884943828185,1.511496759812323
2024-01-18,Combined Robust Max Sharpe λ=0.50 γ=0.10,0.19989812739144708,0.10962014809969778,1.6411045825976498
2024-01-19,Combined Robust Max Sharpe λ=0.50 γ=0.10,0.22389131491740333,0.10964223764030769,1.8596055617387997
2024-01-22,Combined Robust Max Sharpe λ=0.50 γ=0.10,0.2250994437626821,0.10963214743176568,1.8707965552743975
2024-01-23,Combined Robust Max Sharpe λ=0.50 γ=0.10,0.21324752821066495,0.1089936504416538,1.7730163860702486
2024-01-24,Combined Robust Max Sharpe λ=0.50 γ=0.10,0.20042370463110637,0.10851529357630384,1.66265692774668
2024-01-25,Combined Robust Max Sharpe λ=0.50 γ=0.10,0.20398910572808826,0.10854912539805402,1.6949846906033816
2024-01-26,Combined Robust Max Sharpe λ=0.50 γ=0.10,0.2004744058544483,0.10858232300113105,1.6620974838838953
2024-01-29,Combined Robust Max Sharpe λ=0.50 γ=0.10,0.20263124743783245,0.10869085909438987,1.680281570681403
2024-01-30,Combined Robust Max Sharpe λ=0.50 γ=0.10,0.19633359501406478,0.10869404773945707,1.6222930204673376
2024-01-31,Combined Robust Max Sharpe λ=0.50 γ=0.10,0.19600336001269025,0.10872453779438511,1.6188007195352698
2024-02-01,Combined Robust Max Sharpe λ=0.50 γ=0.10,0.19660185271588704,0.10877394646720845,1.62356757708636
2024-02-02,Combined Robust Max Sharpe λ=0.50 γ=0.10,0.1851025556112169,0.10798311558660491,1.52896640103703
2024-02-05,Combined Robust Max Sharpe λ=0.50 γ=0.10,0.16970001088044784,0.10771218837800606,1.3898149609131454
2024-02-06,Combined Robust Max Sharpe λ=0.50 γ=0.10,0.19280338121834384,0.10626542928826782,1.62614862025897
2024-02-07,Combined Robust Max Sharpe λ=0.50 γ=0.10,0.20507166273371147,0.10622634870830348,1.7422387664092311
2024-02-08,Combined Robust Max Sharpe λ=0.50 γ=0.10,0.19289448485639715,0.10578079326213873,1.6344600898193482
2024-02-09,Combined Robust Max Sharpe λ=0.50 γ=0.10,0.2072096109133399,0.10546086059366448,1.775157246579367
2024-02-12,Combined Robust Max Sharpe λ=0.50 γ=0.10,0.21505868298364517,0.10509671360362988,1.8559922217863543
2024-02-13,Combined Robust Max Sharpe λ=0.50 γ=0.10,0.1986347742845478,0.10618780721008986,1.6822531604887883
2024-02-14,Combined Robust Max Sharpe λ=0.50 γ=0.10,0.19817568374237626,0.10616450829856763,1.6782980168974249
2024-02-15,Combined Robust Max Sharpe λ=0.50 γ=0.10,0.20312950468677204,0.10629342659453303,1.7228676368232814
2024-02-16,Combined Robust Max Sharpe λ=0.50 γ=0.10,0.19913623655156654,0.10635761185916949,1.684282238198098
2024-02-20,Combined Robust Max Sharpe λ=0.50 γ=0.10,0.20983549263708956,0.10578398953032064,1.7945578861220528
2024-02-21,Combined Robust Max Sharpe λ=0.50 γ=0.10,0.2108738184157004,0.10576737894055135,1.8046567885830358
2024-02-22,Combined Robust Max Sharpe λ=0.50 γ=0.10,0.25038659345246717,0.10556664674871873,2.1823805202495303
2024-02-23,Combined Robust Max Sharpe λ=0.50 γ=0.10,0.25391837634766534,0.10553509581340384,2.2164984505368284
2024-02-26,Combined Robust Max Sharpe λ=0.50 γ=0.10,0.24567341418076305,0.10551445039037101,2.138791543204185
2024-02-27,Combined Robust Max Sharpe λ=0.50 γ=0.10,0.26119019340802496,0.10482700403692281,2.3008402808409127
2024-02-28,Combined Robust Max Sharpe λ=0.50 γ=0.10,0.25278417812864773,0.10480221814102911,2.221176061516153
2024-02-29,Combined Robust Max Sharpe λ=0.50 γ=0.10,0.2596379861196927,0.10489605897647958,2.2845280219100106
2024-03-01,Combined Robust Max Sharpe λ=0.50 γ=0.10,0.28026916910695343,0.1056498471137726,2.4635072952512065
2024-03-04,Combined Robust Max Sharpe λ=0.50 γ=0.10,0.27872324122448977,0.10561745748038537,2.449625728516881
2024-03-05,Combined Robust Max Sharpe λ=0.50 γ=0.10,0.25106026882612653,0.10493266985485675,2.2019859891655282
2024-03-06,Combined Robust Max Sharpe λ=0.50 γ=0.10,0.2617970097331328,0.10508358292963507,2.300997006307277
2024-03-07,Combined Robust Max Sharpe λ=0.50 γ=0.10,0.29285154612148334,0.1044536741815183,2.6121775826413276
2024-03-08,Combined Robust Max Sharpe λ=0.50 γ=0.10,0.285419208579623,0.10456833944848551,2.5382368122081442
2024-03-11,Combined Robust Max Sharpe λ=0.50 γ=0.10,0.29416839454458654,0.10419193816631803,2.6313781984450744
2024-03-12,Combined Robust Max Sharpe λ=0.50 γ=0.10,0.30277828441996,0.10423452578411009,2.7129042156880785
2024-03-13,Combined Robust Max Sharpe λ=0.50 γ=0.10,0.2902107793807627,0.10393843031948663,2.5997196470082047
2024-03-14,Combined Robust Max Sharpe λ=0.50 γ=0.10,0.27320537813762913,0.10364003618171236,2.4431232124782687
2024-03-15,Combined Robust Max Sharpe λ=0.50 γ=0.10,0.2616035546037012,0.10389993675392767,2.3253484280351886
2024-03-18,Combined Robust Max Sharpe λ=0.50 γ=0.10,0.25110582276108273,0.10321401400363736,2.2390934505554485
2024-03-19,Combined Robust Max Sharpe λ=0.50 γ=0.10,0.2490821116125579,0.10318002006107385,2.220217746390829
2024-03-20,Combined Robust Max Sharpe λ=0.50 γ=0.10,0.2575613527216918,0.10361968322237833,2.2926276681608946
2024-03-21,Combined Robust Max Sharpe λ=0.50 γ=0.10,0.25702609181448444,0.10361417385657691,2.287583667294175
2024-03-22,Combined Robust Max Sharpe λ=0.50 γ=0.10,0.25844755675674524,0.10356680156094372,2.3023551288916764
2024-03-25,Combined Robust Max Sharpe λ=0.50 γ=0.10,0.24648894254420894,0.10331533422513439,2.1922103262103088
2024-03-26,Combined Robust Max Sharpe λ=0.50 γ=0.10,0.24596314992732093,0.10331994950438457,2.1870234258847736
2024-03-27,Combined Robust Max Sharpe λ=0.50 γ=0.10,0.259915518878834,0.10330157188536568,2.322476942994339
2024-03-28,Combined Robust Max Sharpe λ=0.50 γ=0.10,0.2636061634928444,0.10331938552239195,2.3577972542243653
2024-04-01,Combined Robust Max Sharpe λ=0.50 γ=0.10,0.2563417355913644,0.10305364187997167,2.293385573569886
2024-04-02,Combined Robust Max Sharpe λ=0.50 γ=0.10,0.24618259841207402,0.10286354631160587,2.1988605927205365
2024-04-03,Combined Robust Max Sharpe λ=0.50 γ=0.10,0.240767144313359,0.10262810885955222,2.1511372153946775
2024-04-04,Combined Robust Max Sharpe λ=0.50 γ=0.10,0.22375764783873575,0.10327187248068659,1.9730217235757155
2024-04-05,Combined Robust Max Sharpe λ=0.50 γ=0.10,0.23505019415014705,0.10386868989978484,2.070404415013157
2024-04-08,Combined Robust Max Sharpe λ=0.50 γ=0.10,0.24322214905946749,0.103769976411111,2.151124600579232
2024-04-09,Combined Robust Max Sharpe λ=0.50 γ=0.10,0.24567627795518376,0.1037932190171762,2.1742873001928746
2024-04-10,Combined Robust Max Sharpe λ=0.50 γ=0.10,0.23654549233016375,0.1042876829794408,2.0764244265821246
2024-04-11,Combined Robust Max Sharpe λ=0.50 γ=0.10,0.2524945622425343,0.10500707067253784,2.2140848302259886
2024-04-12,Combined Robust Max Sharpe λ=0.50 γ=0.10,0.2373018513494347,0.10608378220089545,2.0483984153008494
2024-04-15,Combined Robust Max Sharpe λ=0.50 γ=0.10,0.21602528763802686,0.10533683449810563,1.8609377106500402
2024-04-16,Combined Robust Max Sharpe λ=0.50 γ=0.10,0.22348491930976788,0.10504649260600799,1.937093893015233
2024-04-17,Combined Robust Max Sharpe λ=0.50 γ=0.10,0.21431499556045042,0.10537840600941911,1.8439735702880327
2024-04-18,Combined Robust Max Sharpe λ=0.50 γ=0.10,0.2107358391281109,0.10540345955666204,1.8095785463813594
2024-04-19,Combined Robust Max Sharpe λ=0.50 γ=0.10,0.20332942703155177,0.10572648578761538,1.7339971688818459
2024-04-22,Combined Robust Max Sharpe λ=0.50 γ=0.10,0.2057635538774063,0.1056837187565649,1.7577310494277718
2024-04-23,Combined Robust Max Sharpe λ=0.50 γ=0.10,0.21899503500447892,0.10590503823588515,1.8789949781355246
2024-04-24,Combined Robust Max Sharpe λ=0.50 γ=0.10,0.21801730194479152,0.10590718490237565,1.8697249117453383
2024-04-25,Combined Robust Max Sharpe λ=0.50 γ=0.10,0.22740974241622758,0.10547853778842267,1.9663691473640517
2024-04-26,Combined Robust Max Sharpe λ=0.50 γ=0.10,0.2407914920567915,0.10578337731429535,2.087204035855208
2024-04-29,Combined Robust Max Sharpe λ=0.50 γ=0.10,0.2260932561792024,0.1049584421117557,1.9635700762380053
2024-04-30,Combined Robust Max Sharpe λ=0.50 γ=0.10,0.1978630661255405,0.10646781285095913,1.6705806324257388
2024-05-01,Combined Robust Max Sharpe λ=0.50 γ=0.10,0.19967920087476787,0.10643723269517824,1.688123566584493
2024-05-02,Combined Robust Max Sharpe λ=0.50 γ=0.10,0.20966903223665123,0.10660481723148683,1.779178813512665
2024-05-03,Combined Robust Max Sharpe λ=0.50 γ=0.10,0.22342783911133957,0.10703465730016959,1.9005791604568183
2024-05-06,Combined Robust Max Sharpe λ=0.50 γ=0.10,0.2374474659566863,0.10742636355625473,2.024153650540522
2024-05-07,Combined Robust Max Sharpe λ=0.50 γ=0.10,0.22617773326726986,0.10716815956200304,1.9238711769421029
2024-05-08,Combined Robust Max Sharpe λ=0.50 γ=0.10,0.2233913872358435,0.10718592428285975,1.8975568722913752
2024-05-09,Combined Robust Max Sharpe λ=0.50 γ=0.10,0.2347718835860273,0.10739428176508714,1.9998446849881313
2024-05-10,Combined Robust Max Sharpe λ=0.50 γ=0.10,0.23500500986721629,0.10739916963503006,2.001924322114021
2024-05-13,Combined Robust Max Sharpe λ=0.50 γ=0.10,0.23495737387603155,0.10740041743597244,2.0014575269614756
2024-05-14,Combined Robust Max Sharpe λ=0.50 γ=0.10,0.24569916037269524,0.10751183332744045,2.0992959880546436
2024-05-15,Combined Robust Max Sharpe λ=0.50 γ=0.10,0.25706538740240137,0.10817916992193376,2.191414369083039
2024-05-16,Combined Robust Max Sharpe λ=0.50 γ=0.10,0.26193900162839023,0.10797180598592775,2.240760904378341
2024-05-17,Combined Robust Max Sharpe λ=0.50 γ=0.10,0.2609004989028054,0.10793292468599239,2.231946364871086
2024-05-20,Combined Robust Max Sharpe λ=0.50 γ=0.10,0.261011177741046,0.10793516220044304,2.2329255159080748
2024-05-21,Combined Robust Max Sharpe λ=0.50 γ=0.10,0.2584440680263713,0.10791989963446699,2.209454130646894
2024-05-22,Combined Robust Max Sharpe λ=0.50 γ=0.10,0.24874257562658664,0.10823822797014056,2.113325207889484
2024-05-23,Combined Robust Max Sharpe λ=0.50 γ=0.10,0.2466292944797548,0.10839524405635545,2.090767878726567
2024-05-24,Combined Robust Max Sharpe λ=0.50 γ=0.10,0.264079836323331,0.10814436162317673,2.256981618457504
2024-05-28,Combined Robust Max Sharpe λ=0.50 γ=0.10,0.26232071695308745,0.10808964908442678,2.2418494185675018
2024-05-29,Combined Robust Max Sharpe λ=0.50 γ=0.10,0.23528901719179762,0.10781598928449328,1.9968190119159046
2024-05-30,Combined Robust Max Sharpe λ=0.50 γ=0.10,0.22845987418985558,0.10791272698971953,1.9317450314244662
2024-05-31,Combined Robust Max Sharpe λ=0.50 γ=0.10,0.23524561027960678,0.10779860951724685,1.9967382811665058
2024-06-03,Combined Robust Max Sharpe λ=0.50 γ=0.10,0.22853651628167837,0.10745529571028618,1.9406816099964086
2024-06-04,Combined Robust Max Sharpe λ=0.50 γ=0.10,0.22200562988166617,0.10744638183173871,1.8800598627695762
2024-06-05,Combined Robust Max Sharpe λ=0.50 γ=0.10,0.23819817450518443,0.10823561023010393,2.0159555070766926
2024-06-06,Combined Robust Max Sharpe λ=0.50 γ=0.10,0.23863560071646361,0.10824021144963752,2.0199110643662346
2024-06-07,Combined Robust Max Sharpe λ=0.50 γ=0.10,0.23596920528829068,0.10848146592340692,1.9908396650979554
2024-06-10,Combined Robust Max Sharpe λ=0.50 γ=0.10,0.2290310236994173,0.10812397666927448,1.9332531982133203
2024-06-11,Combined Robust Max Sharpe λ=0.50 γ=0.10,0.23149536707317186,0.10813614396484907,1.9558249380699293
2024-06-12,Combined Robust Max Sharpe λ=0.50 γ=0.10,0.23260096143336928,0.10819546885321635,1.9649710259289592
2024-06-13,Combined Robust Max Sharpe λ=0.50 γ=0.10,0.2267856876578913,0.10820076072783259,1.9111297024799903
2024-06-14,Combined Robust Max Sharpe λ=0.50 γ=0.10,0.2287217129343917,0.10824319965122488,1.9282662893089175
2024-06-17,Combined Robust Max Sharpe λ=0.50 γ=0.10,0.2220270539005118,0.10789408297202639,1.8724572129955561
2024-06-18,Combined Robust Max Sharpe λ=0.50 γ=0.10,0.22923818174284105,0.10782198149326162,1.9405892828626738
2024-06-20,Combined Robust Max Sharpe λ=0.50 γ=0.10,0.238593786722886,0.1075432693057934,2.032612437151474
2024-06-21,Combined Robust Max Sharpe λ=0.50 γ=0.10,0.23704545532887678,0.10762220828507978,2.016734824414181
2024-06-24,Combined Robust Max Sharpe λ=0.50 γ=0.10,0.2336740591334261,0.10767069151742262,1.984514598374718
2024-06-25,Combined Robust Max Sharpe λ=0.50 γ=0.10,0.2455031577618767,0.10746604586629337,2.0983665672638803
2024-06-26,Combined Robust Max Sharpe λ=0.50 γ=0.10,0.24739160968028928,0.10740729374310105,2.1170965374490223
2024-06-27,Combined Robust Max Sharpe λ=0.50 γ=0.10,0.2438223174198706,0.10726511464014923,2.0866273081490196
2024-06-28,Combined Robust Max Sharpe λ=0.50 γ=0.10,0.2405140416309821,0.10731859381759329,2.0547608181093415
2024-07-01,Combined Robust Max Sharpe λ=0.50 γ=0.10,0.24447383899868957,0.10734415815007534,2.0911602724095895
2024-07-02,Combined Robust Max Sharpe λ=0.50 γ=0.10,0.23724567617864123,0.10693385273444017,2.031589348212766
2024-07-03,Combined Robust Max Sharpe λ=0.50 γ=0.10,0.2461736345205796,0.10719613936014351,2.109904665136411
2024-07-05,Combined Robust Max Sharpe λ=0.50 γ=0.10,0.2619753734073065,0.10747142694847307,2.251532153967966
2024-07-08,Combined Robust Max Sharpe λ=0.50 γ=0.10,0.26767379509012357,0.10720501491118352,2.3102818025380127
2024-07-09,Combined Robust Max Sharpe λ=0.50 γ=0.10,0.2663843566101385,0.10720305568169906,2.2982960237783545
2024-07-10,Combined Robust Max Sharpe λ=0.50 γ=0.10,0.2754038850832672,0.10747425284484051,2.3764192662217543
2024-07-11,Combined Robust Max Sharpe λ=0.50 γ=0.10,0.2638150981732845,0.10747101021018171,2.2686592197882374
2024-07-12,Combined Robust Max Sharpe λ=0.50 γ=0.10,0.2539567090813446,0.10691298350272849,2.1882909017815773
2024-07-15,Combined Robust Max Sharpe λ=0.50 γ=0.10,0.24459581420959364,0.10658859995049685,2.1071279134344865
2024-07-16,Combined Robust Max Sharpe λ=0.50 γ=0.10,0.25749042242508735,0.10680968996047441,2.2234913565704777
2024-07-17,Combined Robust Max Sharpe λ=0.50 γ=0.10,0.2343639067264427,0.10794903218375472,1.985788129730934
2024-07-18,Combined Robust Max Sharpe λ=0.50 γ=0.10,0.21559890640053658,0.10791917583595007,1.8124573773420036
2024-07-19,Combined Robust Max Sharpe λ=0.50 γ=0.10,0.20196147741910586,0.10852402491026399,1.676693041651981
2024-07-22,Combined Robust Max Sharpe λ=0.50 γ=0.10,0.2249672213509626,0.10825203066088322,1.8934261103429566
2024-07-23,Combined Robust Max Sharpe λ=0.50 γ=0.10,0.22543954496277707,0.10824469256176789,1.8979179496079839
2024-07-24,Combined Robust Max Sharpe λ=0.50 γ=0.10,0.20092447142627767,0.11020544489391151,1.64170174713639
2024-07-25,Combined Robust Max Sharpe λ=0.50 γ=0.10,0.18346141919365366,0.11068574302561326,1.4768064497324451
2024-07-26,Combined Robust Max Sharpe λ=0.50 γ=0.10,0.19510922622110138,0.11115248466278045,1.5753964182839084
2024-07-29,Combined Robust Max Sharpe λ=0.50 γ=0.10,0.20421431423059566,0.11083719251863267,1.662026166890033
2024-07-30,Combined Robust Max Sharpe λ=0.50 γ=0.10,0.18814245331043944,0.11039678331751406,1.5230738456105384
2024-07-31,Combined Robust Max Sharpe λ=0.50 γ=0.10,0.2107392112681652,0.11217210685295259,1.7004156970877522
2024-08-01,Combined Robust Max Sharpe λ=0.50 γ=0.10,0.19928534578324952,0.11311608714918132,1.5849677115051013
2024-08-02,Combined Robust Max Sharpe λ=0.50 γ=0.10,0.19932342033278228,0.11311175331707662,1.5853650489361621
2024-08-05,Combined Robust Max Sharpe λ=0.50 γ=0.10,0.17317786999758433,0.11568882242430352,1.3240507318484491
2024-08-06,Combined Robust Max Sharpe λ=0.50 γ=0.10,0.17908947474897774,0.11569838097817794,1.375036309099121
2024-08-07,Combined Robust Max Sharpe λ=0.50 γ=0.10,0.16643625141126717,0.11572114308684038,1.2654234784163627
2024-08-08,Combined Robust Max Sharpe λ=0.50 γ=0.10,0.20028026461929072,0.11755359753138826,1.533600573739597
2024-08-09,Combined Robust Max Sharpe λ=0.50 γ=0.10,0.21320423624549245,0.11736109320702404,1.6462375303941803
2024-08-12,Combined Robust Max Sharpe λ=0.50 γ=0.10,0.21930623423232687,0.11747022174291814,1.696653256248257
2024-08-13,Combined Robust Max Sharpe λ=0.50 γ=0.10,0.23957324649866396,0.11810652344689347,1.8591119278639587
2024-08-14,Combined Robust Max Sharpe λ=0.50 γ=0.10,0.23385735185267764,0.11809044774987214,1.8109623252987388
2024-08-15,Combined Robust Max Sharpe λ=0.50 γ=0.10,0.26423169402616153,0.11845825027518742,2.0617533473505896
2024-08-16,Combined Robust Max Sharpe λ=0.50 γ=0.10,0.2853898511174968,0.1183224434312659,2.2429375477836806
2024-08-19,Combined Robust Max Sharpe λ=0.50 γ=0.10,0.3046560558987079,0.11820175665383176,2.4082218738284733
2024-08-20,Combined Robust Max Sharpe λ=0.50 γ=0.10,0.3041760942970251,0.1182055773381289,2.404083637137822
2024-08-21,Combined Robust Max Sharpe λ=0.50 γ=0.10,0.2979459548253387,0.11803003168112547,2.3548748641892114
2024-08-22,Combined Robust Max Sharpe λ=0.50 γ=0.10,0.28489857341877123,0.1186529495100187,2.2325494183893335
2024-08-23,Combined Robust Max Sharpe λ=0.50 γ=0.10,0.28427961698123516,0.11860771714861429,2.2281823083239636
2024-08-26,Combined Robust Max Sharpe λ=0.50 γ=0.10,0.29714926519636786,0.11784308861194857,2.351849976615995
2024-08-27,Combined Robust Max Sharpe λ=0.50 γ=0.10,0.293729856386719,0.11777871062966498,2.3241030142316275
2024-08-28,Combined Robust Max Sharpe λ=0.50 γ=0.10,0.2754619542515382,0.11796258316180744,2.165618515670558
2024-08-29,Combined Robust Max Sharpe λ=0.50 γ=0.10,0.258175027555261,0.11708909295374881,2.0341350466293404
2024-08-30,Combined Robust Max Sharpe λ=0.50 γ=0.10,0.2593506432390855,0.11711360604206829,2.0437475313765727
2024-09-03,Combined Robust Max Sharpe λ=0.50 γ=0.10,0.2371571643184991,0.11865249665508583,1.8301946477347137
2024-09-04,Combined Robust Max Sharpe λ=0.50 γ=0.10,0.23361054476930776,0.1186788201192924,1.7999045200701596
2024-09-05,Combined Robust Max Sharpe λ=0.50 γ=0.10,0.2427548546842322,0.11852353421620128,1.8794145496699446
2024-09-06,Combined Robust Max Sharpe λ=0.50 γ=0.10,0.2288569000488465,0.11969450500537884,1.7449163605251627
2024-09-09,Combined Robust Max Sharpe λ=0.50 γ=0.10,0.24563145858692148,0.11990076579375172,1.881818327791528
2024-09-10,Combined Robust Max Sharpe λ=0.50 γ=0.10,0.25104808181209326,0.11996704255000164,1.925929629512986
2024-09-11,Combined Robust Max Sharpe λ=0.50 γ=0.10,0.25382185992312234,0.1201104258941555,1.9467240931205454
2024-09-12,Combined Robust Max Sharpe λ=0.50 γ=0.10,0.27667184176545945,0.12034402018883074,2.132817578827082
2024-09-13,Combined Robust Max Sharpe λ=0.50 γ=0.10,0.2843512402531658,0.12044983436226354,2.194699906835123
2024-09-16,Combined Robust Max Sharpe λ=0.50 γ=0.10,0.2738920914220295,0.12024431148295459,2.1114686282520765
2024-09-17,Combined Robust Max Sharpe λ=0.50 γ=0.10,0.2826169986576461,0.1198846251621713,2.1905811383436093
2024-09-18,Combined Robust Max Sharpe λ=0.50 γ=0.10,0.27577486949473573,0.12002566125252263,2.13100154438316
2024-09-19,Combined Robust Max Sharpe λ=0.50 γ=0.10,0.3025754954334874,0.12138970749042868,2.3278373535562547
2024-09-20,Combined Robust Max Sharpe λ=0.50 γ=0.10,0.3154894147180589,0.12104122250905015,2.4412295959417083
2024-09-23,Combined Robust Max Sharpe λ=0.50 γ=0.10,0.3393169973535153,0.11991656634029788,2.6628263892026487
2024-09-24,Combined Robust Max Sharpe λ=0.50 γ=0.10,0.3489767927509184,0.12005421290945159,2.7402353051870185
2024-09-25,Combined Robust Max Sharpe λ=0.50 γ=0.10,0.3451418503642192,0.12008106023643488,2.707686372222461
2024-09-26,Combined Robust Max Sharpe λ=0.50 γ=0.10,0.3729018966701103,0.11935415762841763,2.956762493090447
2024-09-27,Combined Robust Max Sharpe λ=0.50 γ=0.10,0.3671496301172559,0.11950450018854963,2.9049084308083497
2024-09-30,Combined Robust Max Sharpe λ=0.50 γ=0.10,0.3590523183020029,0.1194550168962,2.8383263182376104
2024-10-01,Combined Robust Max Sharpe λ=0.50 γ=0.10,0.3572528094912717,0.11951097197266415,2.821940144277396
2024-10-02,Combined Robust Max Sharpe λ=0.50 γ=0.10,0.36157444525856053,0.11944618116120036,2.859651450870444
2024-10-03,Combined Robust Max Sharpe λ=0.50 γ=0.10,0.37674825708712056,0.11864039047253057,3.0069713667178157
2024-10-04,Combined Robust Max Sharpe λ=0.50 γ=0.10,0.37640411878695845,0.11862950882354151,3.0043462399991965
2024-10-07,Combined Robust Max Sharpe λ=0.50 γ=0.10,0.366137053678951,0.11894795452945905,2.909987439869977
2024-10-08,Combined Robust Max Sharpe λ=0.50 γ=0.10,0.3568350890972398,0.11853205827233615,2.841721421249063
2024-10-09,Combined Robust Max Sharpe λ=0.50 γ=0.10,0.3511940032478198,0.11840108874695156,2.797220927213365
2024-10-10,Combined Robust Max Sharpe λ=0.50 γ=0.10,0.34509392825918206,0.11831359318502604,2.7477310045920103
2024-10-11,Combined Robust Max Sharpe λ=0.50 γ=0.10,0.3463360554800692,0.11834809964276219,2.7574253956347907
2024-10-14,Combined Robust Max Sharpe λ=0.50 γ=0.10,0.3614961236014671,0.11815327891437376,2.8902805469237207
2024-10-15,Combined Robust Max Sharpe λ=0.50 γ=0.10,0.35400258314666044,0.11840771954805472,2.820783851099408
2024-10-16,Combined Robust Max Sharpe λ=0.50 γ=0.10,0.34741340580031443,0.11822743754846446,2.7693521283170774
2024-10-17,Combined Robust Max Sharpe λ=0.50 γ=0.10,0.3497293872610656,0.11822696426731981,2.788952497465158
2024-10-18,Combined Robust Max Sharpe λ=0.50 γ=0.10,0.3720944055108699,0.1178813109552779,2.986855190679448
2024-10-21,Combined Robust Max Sharpe λ=0.50 γ=0.10,0.37845402712034915,0.11769447458126052,3.045631737561813
2024-10-22,Combined Robust Max Sharpe λ=0.50 γ=0.10,0.3962788618637272,0.11715894384106275,3.2116955780532233
2024-10-23,Combined Robust Max Sharpe λ=0.50 γ=0.10,0.38068983674392043,0.11789391303558301,3.0594441006895425
2024-10-24,Combined Robust Max Sharpe λ=0.50 γ=0.10,0.3797160309629861,0.11786366475052057,3.051967132740944
2024-10-25,Combined Robust Max Sharpe λ=0.50 γ=0.10,0.4010216913803373,0.11695810166351947,3.257762275216392
2024-10-28,Combined Robust Max Sharpe λ=0.50 γ=0.10,0.41745685745293626,0.1164176299731865,3.414060718677052
2024-10-29,Combined Robust Max Sharpe λ=0.50 γ=0.10,0.42522656462527153,0.11651742817424497,3.4778193354841216
2024-10-30,Combined Robust Max Sharpe λ=0.50 γ=0.10,0.41058960361164965,0.11637527035698692,3.356293845019622
2024-10-31,Combined Robust Max Sharpe λ=0.50 γ=0.10,0.3793003892350626,0.1180788075139281,3.042886329900316
2024-11-01,Combined Robust Max Sharpe λ=0.50 γ=0.10,0.36951860344738385,0.11778946864529533,2.9673162419970223
2024-11-04,Combined Robust Max Sharpe λ=0.50 γ=0.10,0.34551734381868315,0.11677466765132072,2.7875681461209583
2024-11-05,Combined Robust Max Sharpe λ=0.50 γ=0.10,0.34355528041642014,0.11666489523009618,2.7733730851793728
2024-11-06,Combined Robust Max Sharpe λ=0.50 γ=0.10,0.3519570413360351,0.11670315550980347,2.8444564320983554
2024-11-07,Combined Robust Max Sharpe λ=0.50 γ=0.10,0.367570308443119,0.11733362533548161,2.96223957496704
2024-11-08,Combined Robust Max Sharpe λ=0.50 γ=0.10,0.3684744833587117,0.1173146337171648,2.970426385158844
2024-11-11,Combined Robust Max Sharpe λ=0.50 γ=0.10,0.36614373163561065,0.11742083604296029,2.9478901982010113
2024-11-12,Combined Robust Max Sharpe λ=0.50 γ=0.10,0.34327283598060143,0.11723119435700803,2.757566684820492
2024-11-13,Combined Robust Max Sharpe λ=0.50 γ=0.10,0.3378651308319067,0.11733577940371898,2.709021344105308
2024-11-14,Combined Robust Max Sharpe λ=0.50 γ=0.10,0.3031873022809197,0.1156179501789215,2.4493368187438085
2024-11-15,Combined Robust Max Sharpe λ=0.50 γ=0.10,0.2872973663704621,0.11634002559333684,2.297552927354445
2024-11-18,Combined Robust Max Sharpe λ=0.50 γ=0.10,0.29800243200288334,0.1166525287218224,2.383166786429696
2024-11-19,Combined Robust Max Sharpe λ=0.50 γ=0.10,0.30097242009089364,0.11672175754884027,2.4071983320960997
2024-11-20,Combined Robust Max Sharpe λ=0.50 γ=0.10,0.2940987009148446,0.11658691890447337,2.3510244844829464
2024-11-21,Combined Robust Max Sharpe λ=0.50 γ=0.10,0.303517855748197,0.1166194835348663,2.431136266037675
2024-11-22,Combined Robust Max Sharpe λ=0.50 γ=0.10,0.3076876023526445,0.11670166735735298,2.465154173605029
2024-11-25,Combined Robust Max Sharpe λ=0.50 γ=0.10,0.29576766843091096,0.11696355239959558,2.357723092137072
2024-11-26,Combined Robust Max Sharpe λ=0.50 γ=0.10,0.30033875174739233,0.11697431213906345,2.3965838877010457
2024-11-27,Combined Robust Max Sharpe λ=0.50 γ=0.10,0.2935170295199925,0.1169964526437468,2.3378232701879385
2024-11-29,Combined Robust Max Sharpe λ=0.50 γ=0.10,0.30378454655857223,0.11722698507543482,2.420812463751061
2024-12-02,Combined Robust Max Sharpe λ=0.50 γ=0.10,0.30585011608154256,0.11722129694265873,2.4385510443667258
2024-12-03,Combined Robust Max Sharpe λ=0.50 γ=0.10,0.297267341501277,0.11696698407182125,2.3704752559151774
2024-12-04,Combined Robust Max Sharpe λ=0.50 γ=0.10,0.321128838838733,0.11639927428251443,2.587033645139906
2024-12-05,Combined Robust Max Sharpe λ=0.50 γ=0.10,0.31814437363739034,0.1164587270615334,2.5600861451959673
2024-12-06,Combined Robust Max Sharpe λ=0.50 γ=0.10,0.32459508192390896,0.11644928636700488,2.6156886952826692
2024-12-09,Combined Robust Max Sharpe λ=0.50 γ=0.10,0.3135167532453986,0.11629524836971022,2.5238929135977215
2024-12-10,Combined Robust Max Sharpe λ=0.50 γ=0.10,0.3163680731788392,0.11627459319760808,2.548863556763111
2024-12-11,Combined Robust Max Sharpe λ=0.50 γ=0.10,0.33020396323219736,0.11670811939199598,2.657946720830047
2024-12-12,Combined Robust Max Sharpe λ=0.50 γ=0.10,0.31359719080131976,0.1170985038579596,2.5072667978529677
2024-12-13,Combined Robust Max Sharpe λ=0.50 γ=0.10,0.29052720595479054,0.11614907497232735,2.3291378430628393
2024-12-16,Combined Robust Max Sharpe λ=0.50 γ=0.10,0.2941249706653988,0.11623493732053974,2.3583698411558265
2024-12-17,Combined Robust Max Sharpe λ=0.50 γ=0.10,0.2926958722450428,0.11627644935948842,2.3452373524234225
2024-12-18,Combined Robust Max Sharpe λ=0.50 γ=0.10,0.2500565356592501,0.11976686762849315,1.9208696045459448
2024-12-19,Combined Robust Max Sharpe λ=0.50 γ=0.10,0.24065708151952592,0.11966761463533096,1.8439164363052207
2024-12-20,Combined Robust Max Sharpe λ=0.50 γ=0.10,0.26616999561341514,0.11932311710957447,2.063053677916888
2024-12-23,Combined Robust Max Sharpe λ=0.50 γ=0.10,0.25850219864431523,0.11901057783393662,2.0040420186608388
2024-12-24,Combined Robust Max Sharpe λ=0.50 γ=0.10,0.2658855299749414,0.1192318551502336,2.0622469529231315
2024-12-26,Combined Robust Max Sharpe λ=0.50 γ=0.10,0.2614449872900544,0.11913903141524392,2.026581754291158
2024-12-27,Combined Robust Max Sharpe λ=0.50 γ=0.10,0.24585237062118837,0.11956430926357747,1.8889614468754274
2024-12-30,Combined Robust Max Sharpe λ=0.50 γ=0.10,0.23713207872337572,0.11994038796524854,1.8103333031262785
2024-12-31,Combined Robust Max Sharpe λ=0.50 γ=0.10,0.23807573750604183,0.11992112100081832,1.818493153550105
2025-01-02,Combined Robust Max Sharpe λ=0.50 γ=0.10,0.25179363061547266,0.11955434206912977,1.9388139870440082
2025-01-03,Combined Robust Max Sharpe λ=0.50 γ=0.10,0.27151721923810634,0.1192891738754991,2.1084664355259286
2025-01-06,Combined Robust Max Sharpe λ=0.50 γ=0.10,0.28137431750814,0.11934725607430713,2.1900320636228536
2025-01-07,Combined Robust Max Sharpe λ=0.50 γ=0.10,0.27111349671032037,0.11962486822870166,2.0991746986106232
2025-01-08,Combined Robust Max Sharpe λ=0.50 γ=0.10,0.261950244428915,0.11934369663008389,2.027339953938755
2025-01-10,Combined Robust Max Sharpe λ=0.50 γ=0.10,0.25275903396758115,0.11966394206120301,1.94510585192434
2025-01-13,Combined Robust Max Sharpe λ=0.50 γ=0.10,0.24345556401081736,0.11972305366678693,1.866437224636273
2025-01-14,Combined Robust Max Sharpe λ=0.50 γ=0.10,0.2446888423745821,0.11972864614250465,1.8766506564114211
2025-01-15,Combined Robust Max Sharpe λ=0.50 γ=0.10,0.2597792554332863,0.12063112820337256,1.987706315977095
2025-01-16,Combined Robust Max Sharpe λ=0.50 γ=0.10,0.2668270016726928,0.1204536368937352,2.0491452814367475
2025-01-17,Combined Robust Max Sharpe λ=0.50 γ=0.10,0.28533910541748364,0.1202893030471614,2.2058412402094727
2025-01-21,Combined Robust Max Sharpe λ=0.50 γ=0.10,0.2864648247242678,0.12036092052479418,2.2138815785259505
2025-01-22,Combined Robust Max Sharpe λ=0.50 γ=0.10,0.2813955519199849,0.12010136128721179,2.1764578612467225
2025-01-23,Combined Robust Max Sharpe λ=0.50 γ=0.10,0.2845546096283127,0.12010999476834017,2.2026027903720027
2025-01-24,Combined Robust Max Sharpe λ=0.50 γ=0.10,0.2805160275602667,0.12009910444390606,2.1691754386223945
2025-01-27,Combined Robust Max Sharpe λ=0.50 γ=0.10,0.2595528899252799,0.12130989835320208,1.974718412736653
2025-01-28,Combined Robust Max Sharpe λ=0.50 γ=0.10,0.26709849216149384,0.12158419169529436,2.0323241756687787
2025-01-29,Combined Robust Max Sharpe λ=0.50 γ=0.10,0.26565393743719423,0.12161679927773048,2.019901353234976
2025-01-30,Combined Robust Max Sharpe λ=0.50 γ=0.10,0.2661313885957439,0.12163995633656514,2.0234419347761348
2025-01-31,Combined Robust Max Sharpe λ=0.50 γ=0.10,0.2655860715170284,0.12165105182613188,2.0187747481873726
2025-02-03,Combined Robust Max Sharpe λ=0.50 γ=0.10,0.27519531199326863,0.12110944355281542,2.1071462679289645
2025-02-04,Combined Robust Max Sharpe λ=0.50 γ=0.10,0.2729841712852932,0.12096834628448172,2.0913253677978645
2025-02-05,Combined Robust Max Sharpe λ=0.50 γ=0.10,0.27401339288180426,0.12099542656255068,2.0993635883459416
2025-02-06,Combined Robust Max Sharpe λ=0.50 γ=0.10,0.28163308786142704,0.12091167710425363,2.163836398000164
2025-02-07,Combined Robust Max Sharpe λ=0.50 γ=0.10,0.2696255126729894,0.12116407649460927,2.0602270895375128
2025-02-10,Combined Robust Max Sharpe λ=0.50 γ=0.10,0.27716674598174773,0.12153238063564448,2.116034793663235
2025-02-11,Combined Robust Max Sharpe λ=0.50 γ=0.10,0.2754405299509932,0.1215483423624725,2.101555027293069
2025-02-12,Combined Robust Max Sharpe λ=0.50 γ=0.10,0.27039141210481565,0.12151892290894721,2.0605137546555703
2025-02-13,Combined Robust Max Sharpe λ=0.50 γ=0.10,0.28766458634524716,0.12195122794526123,2.19484945625468
2025-02-14,Combined Robust Max Sharpe λ=0.50 γ=0.10,0.3025799880728861,0.12102353062260338,2.3349177355771924
2025-02-18,Combined Robust Max Sharpe λ=0.50 γ=0.10,0.3029873863648389,0.12103923798487572,2.337980567922934
2025-02-19,Combined Robust Max Sharpe λ=0.50 γ=0.10,0.29497593618747353,0.12093905282249293,2.273673637836958
2025-02-20,Combined Robust Max Sharpe λ=0.50 γ=0.10,0.29634803059268755,0.12090847089922382,2.2855969357434125
2025-02-21,Combined Robust Max Sharpe λ=0.50 γ=0.10,0.28262689686692166,0.12160934203294868,2.1595947521512437
2025-02-24,Combined Robust Max Sharpe λ=0.50 γ=0.10,0.2794116711444299,0.12167340712632783,2.1320326049150147
2025-02-25,Combined Robust Max Sharpe λ=0.50 γ=0.10,0.24848581551329274,0.12106312736757628,1.8873278799378426
2025-02-26,Combined Robust Max Sharpe λ=0.50 γ=0.10,0.24888426446697864,0.12106418021403167,1.890602687453298
2025-02-27,Combined Robust Max Sharpe λ=0.50 γ=0.10,0.22791645269328153,0.1226272629354231,1.6955157255917284
2025-02-28,Combined Robust Max Sharpe λ=0.50 γ=0.10,0.23590812659972116,0.12282089325867879,1.7579104081663617
2025-03-03,Combined Robust Max Sharpe λ=0.50 γ=0.10,0.23004864268755587,0.12302412507267443,1.707377659166226
2025-03-04,Combined Robust Max Sharpe λ=0.50 γ=0.10,0.22108693330259221,0.1229670872399954,1.6352906929488373
2025-03-05,Combined Robust Max Sharpe λ=0.50 γ=0.10,0.21647580434510405,0.12261494452102396,1.602380567169899
2025-03-06,Combined Robust Max Sharpe λ=0.50 γ=0.10,0.19302804179342026,0.12375499520551092,1.3981499615921376
2025-03-07,Combined Robust Max Sharpe λ=0.50 γ=0.10,0.20725244004828736,0.12360211257612884,1.5149614852493327
2025-03-10,Combined Robust Max Sharpe λ=0.50 γ=0.10,0.169303490175422,0.12601830393961774,1.1847762230394838
2025-03-11,Combined Robust Max Sharpe λ=0.50 γ=0.10,0.15720751700399171,0.12563781257218773,1.0920877576180053
2025-03-12,Combined Robust Max Sharpe λ=0.50 γ=0.10,0.16989472565103592,0.1257168092410242,1.1923204745330263
2025-03-13,Combined Robust Max Sharpe λ=0.50 γ=0.10,0.16597601697116082,0.12581585472263926,1.16023546708771
2025-03-14,Combined Robust Max Sharpe λ=0.50 γ=0.10,0.17799464904225792,0.12660398883651963,1.2479436903545924
2025-03-17,Combined Robust Max Sharpe λ=0.50 γ=0.10,0.18703201071937992,0.12675436580896765,1.3177614013793812
2025-03-18,Combined Robust Max Sharpe λ=0.50 γ=0.10,0.18520400385455504,0.12681281496222063,1.3027390323586123
2025-03-19,Combined Robust Max Sharpe λ=0.50 γ=0.10,0.20352349461558572,0.12686079037455134,1.4466526187779538
2025-03-20,Combined Robust Max Sharpe λ=0.50 γ=0.10,0.1936993235572797,0.1268447988361047,1.3693846744296976
2025-03-21,Combined Robust Max Sharpe λ=0.50 γ=0.10,0.18870673299344753,0.12686388190321937,1.3298247733121458
2025-03-24,Combined Robust Max Sharpe λ=0.50 γ=0.10,0.18828297647763148,0.1268351550673591,1.3267849626411579
2025-03-25,Combined Robust Max Sharpe λ=0.50 γ=0.10,0.19095553758869355,0.12687894604341662,1.34739090227148
2025-03-26,Combined Robust Max Sharpe λ=0.50 γ=0.10,0.1816390265284875,0.1273382878102795,1.2693670482621258
2025-03-27,Combined Robust Max Sharpe λ=0.50 γ=0.10,0.18507590477174918,0.12732865333600699,1.296455278892577
2025-03-28,Combined Robust Max Sharpe λ=0.50 γ=0.10,0.17065465376242228,0.12801790113711695,1.1768249004571607
2025-03-31,Combined Robust Max Sharpe λ=0.50 γ=0.10,0.16961488863976482,0.1279813370245993,1.169036768314175
2025-04-01,Combined Robust Max Sharpe λ=0.50 γ=0.10,0.1685264988375963,0.12796731127527033,1.1606596822066624
2025-04-02,Combined Robust Max Sharpe λ=0.50 γ=0.10,0.16955755777406023,0.12798494145024877,1.1685558947745218
2025-04-03,Combined Robust Max Sharpe λ=0.50 γ=0.10,0.14157108785067307,0.13046148550584846,0.9318542355952489
2025-04-04,Combined Robust Max Sharpe λ=0.50 γ=0.10,0.09182675683459718,0.13643969846995938,0.5264359100765064
2025-04-07,Combined Robust Max Sharpe λ=0.50 γ=0.10,0.09171228830453249,0.13644829326110133,0.5255638351394184
2025-04-08,Combined Robust Max Sharpe λ=0.50 γ=0.10,0.07134507802155121,0.13612389798353908,0.37719370942316216
2025-04-09,Combined Robust Max Sharpe λ=0.50 γ=0.10,0.1400162382563419,0.15151806515664548,0.7920919405370197
2025-04-10,Combined Robust Max Sharpe λ=0.50 γ=0.10,0.11965611221190686,0.1522751618961751,0.6544475866645594
2025-04-11,Combined Robust Max Sharpe λ=0.50 γ=0.10,0.14803542507211986,0.15264213704542176,0.838794762379541
2025-04-14,Combined Robust Max Sharpe λ=0.50 γ=0.10,0.13823585750917222,0.152172023973156,0.7769881376489393
2025-04-15,Combined Robust Max Sharpe λ=0.50 γ=0.10,0.15760714883960647,0.15142661889480488,0.9087381719537785
2025-04-16,Combined Robust Max Sharpe λ=0.50 γ=0.10,0.16049066584058935,0.15138109286702042,0.9280595296270078
2025-04-17,Combined Robust Max Sharpe λ=0.50 γ=0.10,0.16149029559965666,0.15137340615008724,0.9347103906703967
2025-04-21,Combined Robust Max Sharpe λ=0.50 γ=0.10,0.16711948902710483,0.15118747755070003,0.9730930855551114
2025-04-22,Combined Robust Max Sharpe λ=0.50 γ=0.10,0.18003226414050788,0.15142664008895088,1.0568303176145353
2025-04-23,Combined Robust Max Sharpe λ=0.50 γ=0.10,0.19084792385422622,0.1511840810847726,1.130065563969183
2025-04-24,Combined Robust Max Sharpe λ=0.50 γ=0.10,0.2114917881785412,0.1520365441005547,1.2595115819778921
2025-04-25,Combined Robust Max Sharpe λ=0.50 γ=0.10,0.20324865326314367,0.15184767662231316,1.206792605190354
2025-04-28,Combined Robust Max Sharpe λ=0.50 γ=0.10,0.20988293555103787,0.15192384145160182,1.2498560708888384
2025-04-29,Combined Robust Max Sharpe λ=0.50 γ=0.10,0.21220356084730163,0.15190978070261943,1.2652480963260808
2025-04-30,Combined Robust Max Sharpe λ=0.50 γ=0.10,0.19867857677639167,0.15169912272046357,1.177848451408933
2025-05-01,Combined Robust Max Sharpe λ=0.50 γ=0.10,0.1897959673569245,0.15181735665732035,1.1184226302937494
2025-05-02,Combined Robust Max Sharpe λ=0.50 γ=0.10,0.21662743793998285,0.15073556205620625,1.304452879318979
2025-05-05,Combined Robust Max Sharpe λ=0.50 γ=0.10,0.22552195228387273,0.15084115777965343,1.3625057995384537
2025-05-06,Combined Robust Max Sharpe λ=0.50 γ=0.10,0.22471690794150456,0.15081528174923534,1.3574016211559576
2025-05-07,Combined Robust Max Sharpe λ=0.50 γ=0.10,0.20889724004368193,0.15054070288624186,1.2547918032933905
2025-05-08,Combined Robust Max Sharpe λ=0.50 γ=0.10,0.18922729309120956,0.15040469716730542,1.1251463303899776
2025-05-09,Combined Robust Max Sharpe λ=0.50 γ=0.10,0.19285689493796165,0.15040570003277873,1.149270904628548
2025-05-12,Combined Robust Max Sharpe λ=0.50 γ=0.10,0.19516794551026595,0.15039376015806463,1.1647288113959218
2025-05-13,Combined Robust Max Sharpe λ=0.50 γ=0.10,0.18993552682492587,0.15024836875063394,1.1310307608528287
2025-05-14,Combined Robust Max Sharpe λ=0.50 γ=0.10,0.17688540574350942,0.15043229988491827,1.0428970763827172
2025-05-15,Combined Robust Max Sharpe λ=0.50 γ=0.10,0.1906496101856674,0.1506260188594909,1.1329358066938966
2025-05-16,Combined Robust Max Sharpe λ=0.50 γ=0.10,0.1812442084879382,0.1505255874885354,1.0712079665539866
2025-05-19,Combined Robust Max Sharpe λ=0.50 γ=0.10,0.17115936127414688,0.15004566965828806,1.0074223509308542
2025-05-20,Combined Robust Max Sharpe λ=0.50 γ=0.10,0.17976518068265412,0.15004786307805051,1.0647614528142193
2025-05-21,Combined Robust Max Sharpe λ=0.50 γ=0.10,0.16646455191105192,0.15010608986346974,0.9757402384158431
2025-05-22,Combined Robust Max Sharpe λ=0.50 γ=0.10,0.16058686142436662,0.15008769451006562,0.9366981209438072
2025-05-23,Combined Robust Max Sharpe λ=0.50 γ=0.10,0.16587192849861565,0.150159519331801,0.9714464267582581
2025-05-27,Combined Robust Max Sharpe λ=0.50 γ=0.10,0.1792175946991148,0.1499790524643903,1.061598883863585
2025-05-28,Combined Robust Max Sharpe λ=0.50 γ=0.10,0.18626328972119066,0.14967050253098005,1.1108621064913984
2025-05-29,Combined Robust Max Sharpe λ=0.50 γ=0.10,0.18469978309800505,0.1496301332798904,1.1007126672134027
2025-05-30,Combined Robust Max Sharpe λ=0.50 γ=0.10,0.17788162514303196,0.1495966105964283,1.0553823680467898
2025-06-02,Combined Robust Max Sharpe λ=0.50 γ=0.10,0.199337919949667,0.14956190856654797,1.1990882014578605
2025-06-03,Combined Robust Max Sharpe λ=0.50 γ=0.10,0.20205478430046275,0.14950983919980268,1.2176776142282348
2025-06-04,Combined Robust Max Sharpe λ=0.50 γ=0.10,0.2058154014545983,0.1495552368342522,1.2424533261950046
2025-06-05,Combined Robust Max Sharpe λ=0.50 γ=0.10,0.19511070398272534,0.14958010832163351,1.1706817567359615
2025-06-06,Combined Robust Max Sharpe λ=0.50 γ=0.10,0.19355241358248,0.14960683739691105,1.1600566966203603
2025-06-09,Combined Robust Max Sharpe λ=0.50 γ=0.10,0.17993036894151615,0.14903428772311836,1.0731112375874265
2025-06-10,Combined Robust Max Sharpe λ=0.50 γ=0.10,0.18006917757953067,0.1490357244665999,1.0740322708023167
2025-06-11,Combined Robust Max Sharpe λ=0.50 γ=0.10,0.19714695921171743,0.1484567611646699,1.193256257390824
2025-06-12,Combined Robust Max Sharpe λ=0.50 γ=0.10,0.19956465095742026,0.14852629795786398,1.2089754705147346
2025-06-13,Combined Robust Max Sharpe λ=0.50 γ=0.10,0.19451305020659704,0.14853674739546235,1.1748813224109165
2025-06-16,Combined Robust Max Sharpe λ=0.50 γ=0.10,0.18252217386559177,0.14836010500889996,1.0954573930494473
2025-06-17,Combined Robust Max Sharpe λ=0.50 γ=0.10,0.18221293407392158,0.14836448942163447,1.0933406956494252
2025-06-18,Combined Robust Max Sharpe λ=0.50 γ=0.10,0.1753011822378594,0.14832924290971777,1.047003134320487
2025-06-20,Combined Robust Max Sharpe λ=0.50 γ=0.10,0.16805049155431462,0.14828175542656552,0.9984403754083865
2025-06-23,Combined Robust Max Sharpe λ=0.50 γ=0.10,0.171805889128688,0.1483559125834113,1.0232547290175376
2025-06-24,Combined Robust Max Sharpe λ=0.50 γ=0.10,0.17198025332149958,0.14835599642058434,1.0244294601388446
2025-06-25,Combined Robust Max Sharpe λ=0.50 γ=0.10,0.1807705106043862,0.1481785421204272,1.0849783531661779
2025-06-26,Combined Robust Max Sharpe λ=0.50 γ=0.10,0.18843021214768663,0.14818345858631538,1.136633020679415
2025-06-27,Combined Robust Max Sharpe λ=0.50 γ=0.10,0.17962474643482684,0.14823843323404812,1.0768108037326685
2025-06-30,Combined Robust Max Sharpe λ=0.50 γ=0.10,0.1902565551349471,0.1483155851298929,1.1479343521844896
2025-07-01,Combined Robust Max Sharpe λ=0.50 γ=0.10,0.186798928966329,0.14826545352072287,1.1250019812809309
2025-07-02,Combined Robust Max Sharpe λ=0.50 γ=0.10,0.19304927424973073,0.1482404824174763,1.16735503978183
2025-07-03,Combined Robust Max Sharpe λ=0.50 γ=0.10,0.18839877241601832,0.14822338740334276,1.136114720936546
2025-07-07,Combined Robust Max Sharpe λ=0.50 γ=0.10,0.17754802461127261,0.14821735978711267,1.0629525774684
2025-07-08,Combined Robust Max Sharpe λ=0.50 γ=0.10,0.16363045051476632,0.14807693863196836,0.9699717717135322
2025-07-09,Combined Robust Max Sharpe λ=0.50 γ=0.10,0.15879250119385002,0.14788228752533014,0.9385336372354725
2025-07-10,Combined Robust Max Sharpe λ=0.50 γ=0.10,0.16398106568457282,0.14783483821281482,0.9739319055316698
2025-07-11,Combined Robust Max Sharpe λ=0.50 γ=0.10,0.16295880470490642,0.14783737588315118,0.9670004209077635
2025-07-14,Combined Robust Max Sharpe λ=0.50 γ=0.10,0.1523709062508316,0.14762579418111196,0.8966651592636639
2025-07-15,Combined Robust Max Sharpe λ=0.50 γ=0.10,0.1516002791136244,0.14764617540460664,0.8913219645073068
2025-07-16,Combined Robust Max Sharpe λ=0.50 γ=0.10,0.1505000411299784,0.14762365311867243,0.8840049570177713
2025-07-17,Combined Robust Max Sharpe λ=0.50 γ=0.10,0.1502164547244882,0.1476219829487277,0.8820939274993698
2025-07-18,Combined Robust Max Sharpe λ=0.50 γ=0.10,0.14220086493930117,0.1474184419766401,0.8289387901594095
2025-07-21,Combined Robust Max Sharpe λ=0.50 γ=0.10,0.16729049712361999,0.14671984087176226,1.0038894279633013
2025-07-22,Combined Robust Max Sharpe λ=0.50 γ=0.10,0.17969438390245362,0.14657321863473477,1.0895195274412117
2025-07-23,Combined Robust Max Sharpe λ=0.50 γ=0.10,0.19092105390173875,0.14614344049904815,1.1695431099615585
2025-07-24,Combined Robust Max Sharpe λ=0.50 γ=0.10,0.17771336810965987,0.14595838726214522,1.0805365218677183
2025-07-25,Combined Robust Max Sharpe λ=0.50 γ=0.10,0.17813140469510147,0.14595461274328952,1.083428620191874
2025-07-28,Combined Robust Max Sharpe λ=0.50 γ=0.10,0.19804356491993214,0.1445442034847969,1.2317585944472598
2025-07-29,Combined Robust Max Sharpe λ=0.50 γ=0.10,0.2129742277284037,0.14413118530279867,1.338879072721097
2025-07-30,Combined Robust Max Sharpe λ=0.50 γ=0.10,0.19154200903269958,0.14398555862628587,1.1913834322644565
2025-07-31,Combined Robust Max Sharpe λ=0.50 γ=0.10,0.19234556929561175,0.14398328321318923,1.1969831875581545
2025-08-01,Combined Robust Max Sharpe λ=0.50 γ=0.10,0.20034880231599628,0.14399166574706213,1.252494728637973
2025-08-04,Combined Robust Max Sharpe λ=0.50 γ=0.10,0.185250529628455,0.14278340693913186,1.1573510758074348
2025-08-05,Combined Robust Max Sharpe λ=0.50 γ=0.10,0.20151871107247188,0.14190810223087863,1.2791285925108662
2025-08-06,Combined Robust Max Sharpe λ=0.50 γ=0.10,0.22209712539095872,0.14104417618771445,1.432864020716385
2025-08-07,Combined Robust Max Sharpe λ=0.50 γ=0.10,0.254746352405379,0.13888942734296025,1.6901671847614352
2025-08-08,Combined Robust Max Sharpe λ=0.50 γ=0.10,0.2529143037016399,0.13887103785007776,1.6771985527543136
2025-08-11,Combined Robust Max Sharpe λ=0.50 γ=0.10,0.2529198563273436,0.13887084938151018,1.6772408130626404
2025-08-12,Combined Robust Max Sharpe λ=0.50 γ=0.10,0.22984654127881798,0.13720224217952626,1.5294687458841831
2025-08-13,Combined Robust Max Sharpe λ=0.50 γ=0.10,0.22911535356485468,0.13718975036721692,1.5242782569770257
2025-08-14,Combined Robust Max Sharpe λ=0.50 γ=0.10,0.21829847369622324,0.13715137715121553,1.4458365480179634
2025-08-15,Combined Robust Max Sharpe λ=0.50 γ=0.10,0.2005631999537134,0.13655938745213833,1.3222320583196645
2025-08-18,Combined Robust Max Sharpe λ=0.50 γ=0.10,0.200685195340651,0.13655808442119344,1.3231380339471805
2025-08-19,Combined Robust Max Sharpe λ=0.50 γ=0.10,0.17969572249181986,0.13586754223616795,1.1753780179097761
2025-08-20,Combined Robust Max Sharpe λ=0.50 γ=0.10,0.1730335977246964,0.1356655329779237,1.1280212030685712
2025-08-21,Combined Robust Max Sharpe λ=0.50 γ=0.10,0.1600558534949168,0.1355568632453305,1.0331889521627837
2025-08-22,Combined Robust Max Sharpe λ=0.50 γ=0.10,0.17288629452711013,0.1359295237892441,1.1247467824882338
2025-08-25,Combined Robust Max Sharpe λ=0.50 γ=0.10,0.16563248517972196,0.13596631153616606,1.0710924164548272
2025-08-26,Combined Robust Max Sharpe λ=0.50 γ=0.10,0.18405282501043718,0.13548623970256485,1.2108449195326776
2025-08-27,Combined Robust Max Sharpe λ=0.50 γ=0.10,0.17246365422419685,0.13503780857128825,1.1290441976012169
2025-08-28,Combined Robust Max Sharpe λ=0.50 γ=0.10,0.1812372633243462,0.13503393076321638,1.1940499873848573
2025-08-29,Combined Robust Max Sharpe λ=0.50 γ=0.10,0.17840944145088766,0.13502164042784712,1.1732152042363797
2025-09-02,Combined Robust Max Sharpe λ=0.50 γ=0.10,0.19133363974715345,0.1347890902981772,1.2711239416197058
2025-09-03,Combined Robust Max Sharpe λ=0.50 γ=0.10,0.19610137088067736,0.13487212024427583,1.3056914250456544
2025-09-04,Combined Robust Max Sharpe λ=0.50 γ=0.10,0.19471191496597107,0.13484492157240155,1.2956506847175846
2025-09-05,Combined Robust Max Sharpe λ=0.50 γ=0.10,0.2229292708958288,0.13356971496391826,1.5192760645678323
2025-09-08,Combined Robust Max Sharpe λ=0.50 γ=0.10,0.23191500794242859,0.13363405419583796,1.585785967638694
2025-09-09,Combined Robust Max Sharpe λ=0.50 γ=0.10,0.2283973977454241,0.13363864008142093,1.5594097457027065
2025-09-10,Combined Robust Max Sharpe λ=0.50 γ=0.10,0.25346063675765573,0.13241999361067322,1.7630316268104587
2025-09-11,Combined Robust Max Sharpe λ=0.50 γ=0.10,0.24566115525202603,0.1321615465521024,1.70746454728466
2025-09-12,Combined Robust Max Sharpe λ=0.50 γ=0.10,0.23904631852750824,0.13210720551506666,1.6580951634960313
2025-09-15,Combined Robust Max Sharpe λ=0.50 γ=0.10,0.2342485380931505,0.13190258057135631,1.624293756536832
2025-09-16,Combined Robust Max Sharpe λ=0.50 γ=0.10,0.22041990858614158,0.13146656104041837,1.5244934301166062
2025-09-17,Combined Robust Max Sharpe λ=0.50 γ=0.10,0.20864134727572248,0.13143193385014254,1.4352778792010288
2025-09-18,Combined Robust Max Sharpe λ=0.50 γ=0.10,0.20819120993367424,0.13143497646137167,1.431819862568949
2025-09-19,Combined Robust Max Sharpe λ=0.50 γ=0.10,0.21610073242101224,0.131461496433579,1.4916970956594298
2025-09-22,Combined Robust Max Sharpe λ=0.50 γ=0.10,0.22970442995552198,0.13145415610959793,1.5952666401865916
2025-09-23,Combined Robust Max Sharpe λ=0.50 γ=0.10,0.20666375642249202,0.13013816114749494,1.4343506530027927
2025-09-24,Combined Robust Max Sharpe λ=0.50 γ=0.10,0.19864153072233148,0.13025931264593957,1.3714300121320353
2025-09-25,Combined Robust Max Sharpe λ=0.50 γ=0.10,0.19419695696874384,0.13026217921710814,1.3372796157387292
2025-09-26,Combined Robust Max Sharpe λ=0.50 γ=0.10,0.1901972589865626,0.13014066424362755,1.3077946080553868
2025-09-29,Combined Robust Max Sharpe λ=0.50 γ=0.10,0.20020237138810093,0.13027766888619058,1.383217652946524
2025-09-30,Combined Robust Max Sharpe λ=0.50 γ=0.10,0.19611668345646693,0.13015323355456987,1.3531487358908052
2025-10-01,Combined Robust Max Sharpe λ=0.50 γ=0.10,0.20572763100148572,0.13003910545872255,1.4282444526692013
2025-10-02,Combined Robust Max Sharpe λ=0.50 γ=0.10,0.20633409201136677,0.13003423467615144,1.4329618079071977
2025-10-03,Combined Robust Max Sharpe λ=0.50 γ=0.10,0.21378784858835354,0.12993085968550228,1.4914689940281867
2025-10-06,Combined Robust Max Sharpe λ=0.50 γ=0.10,0.22001045003767006,0.13001637966194246,1.538348095507045
2025-10-07,Combined Robust Max Sharpe λ=0.50 γ=0.10,0.2240235402977253,0.12998855914585972,1.5695499791546363
2025-10-08,Combined Robust Max Sharpe λ=0.50 γ=0.10,0.2244992429247754,0.13000559635796294,1.5730033833443486
2025-10-09,Combined Robust Max Sharpe λ=0.50 γ=0.10,0.22533654187263985,0.12996366933481146,1.5799534048523465
2025-10-10,Combined Robust Max Sharpe λ=0.50 γ=0.10,0.2157300755970697,0.1299524603201374,1.506166756019004
2025-10-13,Combined Robust Max Sharpe λ=0.50 γ=0.10,0.22732043230434318,0.13045241522636694,1.5892418085521176
2025-10-14,Combined Robust Max Sharpe λ=0.50 γ=0.10,0.22936188804669522,0.13046776877201202,1.6047019889835625
2025-10-15,Combined Robust Max Sharpe λ=0.50 γ=0.10,0.22953259783787572,0.1304734327597963,1.6059407145639266
2025-10-16,Combined Robust Max Sharpe λ=0.50 γ=0.10,0.23182726270593124,0.1305434527216045,1.6226571175321345
2025-10-17,Combined Robust Max Sharpe λ=0.50 γ=0.10,0.23471779485251587,0.13042402604202596,1.6463055264321338
2025-10-20,Combined Robust Max Sharpe λ=0.50 γ=0.10,0.2490509667556844,0.13114169762397948,1.7465914419717108
2025-10-21,Combined Robust Max Sharpe λ=0.50 γ=0.10,0.223178594324408,0.13259728277527627,1.5322983252134346
2025-10-22,Combined Robust Max Sharpe λ=0.50 γ=0.10,0.2130354504714278,0.13247148211521192,1.4571849532380314
2025-10-23,Combined Robust Max Sharpe λ=0.50 γ=0.10,0.21671870332393928,0.13246112564403273,1.4851051760845526
2025-10-24,Combined Robust Max Sharpe λ=0.50 γ=0.10,0.21557361768898353,0.13245001941251916,1.4765842885976803
2025-10-27,Combined Robust Max Sharpe λ=0.50 γ=0.10,0.22457387491656267,0.13194300132310569,1.5504715889825522
2025-10-28,Combined Robust Max Sharpe λ=0.50 γ=0.10,0.2160268454833647,0.13185648134173558,1.486668258462906
2025-10-29,Combined Robust Max Sharpe λ=0.50 γ=0.10,0.20935150558788007,0.13192118117753798,1.4353381609967018
2025-10-30,Combined Robust Max Sharpe λ=0.50 γ=0.10,0.20915430611215013,0.1319200389198031,1.4338557482320098
2025-10-31,Combined Robust Max Sharpe λ=0.50 γ=0.10,0.20050207495684003,0.1318157580712806,1.3693512642034185
2025-11-03,Combined Robust Max Sharpe λ=0.50 γ=0.10,0.20394336421248616,0.13178293894491552,1.3958056003696608
2025-11-04,Combined Robust Max Sharpe λ=0.50 γ=0.10,0.21672116849375112,0.13064329341496597,1.505788497453904
2025-11-05,Combined Robust Max Sharpe λ=0.50 γ=0.10,0.21711613324195156,0.1306478119575032,1.508759544370089
2025-11-06,Combined Robust Max Sharpe λ=0.50 γ=0.10,0.21649727097591076,0.1306559433972742,1.5039290664217129
2025-11-07,Combined Robust Max Sharpe λ=0.50 γ=0.10,0.20797622714819863,0.13039531300660415,1.441587299527232
2025-11-10,Combined Robust Max Sharpe λ=0.50 γ=0.10,0.21697571664661508,0.13085526838682038,1.5052945064797583
2025-11-11,Combined Robust Max Sharpe λ=0.50 γ=0.10,0.20474329847639727,0.1302680042994412,1.4181786193003785
2025-11-12,Combined Robust Max Sharpe λ=0.50 γ=0.10,0.2128617347841173,0.13031018270180347,1.4800204464869355
2025-11-13,Combined Robust Max Sharpe λ=0.50 γ=0.10,0.21059030039018678,0.13043380183736616,1.4612032901396823
2025-11-14,Combined Robust Max Sharpe λ=0.50 γ=0.10,0.21021165447933154,0.13045023727593605,1.4581165849241395
2025-11-17,Combined Robust Max Sharpe λ=0.50 γ=0.10,0.20781598117637023,0.1305356444807156,1.4388099275375839
2025-11-18,Combined Robust Max Sharpe λ=0.50 γ=0.10,0.2136309293759342,0.1304255384609617,1.484609008793863
2025-11-19,Combined Robust Max Sharpe λ=0.50 γ=0.10,0.2299950640651518,0.12980351811402852,1.617791775725812
2025-11-20,Combined Robust Max Sharpe λ=0.50 γ=0.10,0.21369985313344753,0.12959144866887698,1.4946962559881236
2025-11-21,Combined Robust Max Sharpe λ=0.50 γ=0.10,0.21146556716818088,0.12953412511485976,1.4781090851418932
2025-11-24,Combined Robust Max Sharpe λ=0.50 γ=0.10,0.2219683697918895,0.1298618076961088,1.5552561093598678
2025-11-25,Combined Robust Max Sharpe λ=0.50 γ=0.10,0.22021605992459348,0.12982089468935248,1.5422483445649415
2025-11-26,Combined Robust Max Sharpe λ=0.50 γ=0.10,0.21947573515558227,0.129799470289537,1.5367993005720442
2025-11-28,Combined Robust Max Sharpe λ=0.50 γ=0.10,0.23359975542289613,0.1296283486834938,1.6477858245685948
2025-12-01,Combined Robust Max Sharpe λ=0.50 γ=0.10,0.227142126766259,0.12964055984464132,1.5978188231714985
2025-12-02,Combined Robust Max Sharpe λ=0.50 γ=0.10,0.22836858814644612,0.1296219341901968,1.6075102523983542
2025-12-03,Combined Robust Max Sharpe λ=0.50 γ=0.10,0.22006576097477226,0.1294012021546059,1.5460888897750564
2025-12-04,Combined Robust Max Sharpe λ=0.50 γ=0.10,0.21744495872635317,0.12940850424724845,1.5257494851274533
2025-12-05,Combined Robust Max Sharpe λ=0.50 γ=0.10,0.21390297895810617,0.12940929270662657,1.4983698226192155
2025-12-08,Combined Robust Max Sharpe λ=0.50 γ=0.10,0.2029529103851988,0.12932241473896824,1.4147037909435995
2025-12-09,Combined Robust Max Sharpe λ=0.50 γ=0.10,0.20750726457511504,0.12926550698649855,1.4505591549236696
2025-12-10,Combined Robust Max Sharpe λ=0.50 γ=0.10,0.20912494325091235,0.12929933193324702,1.4626907998917684
2025-12-11,Combined Robust Max Sharpe λ=0.50 γ=0.10,0.21491461242688348,0.12932265437921497,1.507196193602183
2025-12-12,Combined Robust Max Sharpe λ=0.50 γ=0.10,0.20999336389032175,0.12937711931236023,1.4685236840960523
2025-12-15,Combined Robust Max Sharpe λ=0.50 γ=0.10,0.19683890239358726,0.12895705483945832,1.371300721885578
2025-12-16,Combined Robust Max Sharpe λ=0.50 γ=0.10,0.20779585256617317,0.1286044016236654,1.4602599148644966
2025-12-17,Combined Robust Max Sharpe λ=0.50 γ=0.10,0.20873164733300587,0.12859192780760675,1.4676788080771086
2025-12-18,Combined Robust Max Sharpe λ=0.50 γ=0.10,0.20498957668657702,0.12850289559639688,1.439575161540282
2025-12-19,Combined Robust Max Sharpe λ=0.50 γ=0.10,0.21223904253465586,0.12842536101586005,1.4968931448899339
2025-12-22,Combined Robust Max Sharpe λ=0.50 γ=0.10,0.25767983984570164,0.12536280361502078,1.8959358995798912
2025-12-23,Combined Robust Max Sharpe λ=0.50 γ=0.10,0.2660434774277822,0.12541847837121486,1.9617801190311073
2025-12-24,Combined Robust Max Sharpe λ=0.50 γ=0.10,0.25589488386933557,0.1251540976640032,1.8848354809974681
2025-12-26,Combined Robust Max Sharpe λ=0.50 γ=0.10,0.25562553988891135,0.12514905992888195,1.8827591675303794
2025-12-29,Combined Robust Max Sharpe λ=0.50 γ=0.10,0.2283382069428881,0.12576120548039113,1.6566174453168112
2025-12-30,Combined Robust Max Sharpe λ=0.50 γ=0.10,0.22479387767649817,0.1257605526318768,1.6284428892099876
2025-12-31,Combined Robust Max Sharpe λ=0.50 γ=0.10,0.22945308703020095,0.1255102811936374,1.668812188437826
2026-01-02,Combined Robust Max Sharpe λ=0.50 γ=0.10,0.24284174614792509,0.12512088455509499,1.7810115948293213
2026-01-05,Combined Robust Max Sharpe λ=0.50 γ=0.10,0.25883883293049315,0.1255053956407469,1.9030164536842522
2026-01-06,Combined Robust Max Sharpe λ=0.50 γ=0.10,0.26185498531340423,0.1255564885367965,1.9262643303577613
2026-01-07,Combined Robust Max Sharpe λ=0.50 γ=0.10,0.24939460521653167,0.1254901631938029,1.8279887393425582
2026-01-08,Combined Robust Max Sharpe λ=0.50 γ=0.10,0.24279374613330162,0.12539674250468122,1.7767107955374875
2026-01-09,Combined Robust Max Sharpe λ=0.50 γ=0.10,0.2578088721562031,0.12519943245044543,1.8994404966678187
2026-01-12,Combined Robust Max Sharpe λ=0.50 γ=0.10,0.2624140428017081,0.12528217593757013,1.9349443844470458
2026-01-13,Combined Robust Max Sharpe λ=0.50 γ=0.10,0.27196345827829105,0.12497162173504091,2.0161653884310824
2026-01-14,Combined Robust Max Sharpe λ=0.50 γ=0.10,0.2799204087048053,0.12488917679719928,2.0812084391177934
2026-01-15,Combined Robust Max Sharpe λ=0.50 γ=0.10,0.2750250075065739,0.12491553699149968,2.041579563668913
2026-01-16,Combined Robust Max Sharpe λ=0.50 γ=0.10,0.25115094148146944,0.12408489210023099,1.8628451664748569
2026-01-20,Combined Robust Max Sharpe λ=0.50 γ=0.10,0.2555833242967942,0.12410643198748901,1.8982362197032867
2026-01-21,Combined Robust Max Sharpe λ=0.50 γ=0.10,0.25848858390600515,0.1242404632752499,1.9195725580775
2026-01-22,Combined Robust Max Sharpe λ=0.50 γ=0.10,0.25362784624640766,0.12397881040446351,1.8844175507429821
2026-01-23,Combined Robust Max Sharpe λ=0.50 γ=0.10,0.25109218615168416,0.12389811780272403,1.8651791508216389
2026-01-26,Combined Robust Max Sharpe λ=0.50 γ=0.10,0.2557855273266727,0.12400850961636417,1.9013657051125339
2026-01-27,Combined Robust Max Sharpe λ=0.50 γ=0.10,0.266147671049596,0.12421055633847232,1.9816968726784099
2026-01-28,Combined Robust Max Sharpe λ=0.50 γ=0.10,0.3012878475904175,0.12344288451711294,2.2786882264681885
2026-01-29,Combined Robust Max Sharpe λ=0.50 γ=0.10,0.28978314582123543,0.1231549464317732,2.1905993517742544
2026-01-30,Combined Robust Max Sharpe λ=0.50 γ=0.10,0.25235283505965644,0.1274484626429743,1.8231121054049457
2026-02-02,Combined Robust Max Sharpe λ=0.50 γ=0.10,0.22784319539848763,0.12779364038074273,1.6263970161523593
2026-02-03,Combined Robust Max Sharpe λ=0.50 γ=0.10,0.25152931193193084,0.12875167907897764,1.7982624660755557
2026-02-04,Combined Robust Max Sharpe λ=0.50 γ=0.10,0.25421570718828934,0.12868746414926524,1.8200351427907646
2026-02-05,Combined Robust Max Sharpe λ=0.50 γ=0.10,0.23023575319638367,0.12879817443177732,1.632288300077908
2026-02-06,Combined Robust Max Sharpe λ=0.50 γ=0.10,0.24200306466899835,0.12949694351227198,1.7143498421486674
2026-02-09,Combined Robust Max Sharpe λ=0.50 γ=0.10,0.2504806192932194,0.12975140936203192,1.776324591975207
2026-02-10,Combined Robust Max Sharpe λ=0.50 γ=0.10,0.25642612191462355,0.12954996896293297,1.8249801509583545
2026-02-11,Combined Robust Max Sharpe λ=0.50 γ=0.10,0.24518092929283042,0.12912968241648418,1.743835538652922
2026-02-12,Combined Robust Max Sharpe λ=0.50 γ=0.10,0.23067492193996797,0.12983402229153648,1.62264804110364
2026-02-13,Combined Robust Max Sharpe λ=0.50 γ=0.10,0.24210731396639562,0.1300970098096168,1.7072438043843294
2026-02-17,Combined Robust Max Sharpe λ=0.50 γ=0.10,0.2169944364098304,0.1300063684046175,1.5152675890209213
2026-02-18,Combined Robust Max Sharpe λ=0.50 γ=0.10,0.22994965506857756,0.13012125298730554,1.6134924176380319
2026-02-19,Combined Robust Max Sharpe λ=0.50 γ=0.10,0.221593081342498,0.12996348399369595,1.5511517169874929
2026-02-20,Combined Robust Max Sharpe λ=0.50 γ=0.10,0.23146087621182976,0.13015807697723017,1.6246465922266407
2026-02-23,Combined Robust Max Sharpe λ=0.50 γ=0.10,0.24149349081330085,0.1302388768761832,1.700671075533556
2026-02-24,Combined Robust Max Sharpe λ=0.50 γ=0.10,0.2543016251255652,0.12960314818633273,1.8078389946878886
2026-02-25,Combined Robust Max Sharpe λ=0.50 γ=0.10,0.2603990313632143,0.1295333763274901,1.8558848551544769
2026-02-26,Combined Robust Max Sharpe λ=0.50 γ=0.10,0.2732239800670826,0.12920081901714572,1.9599255019697532
2026-02-27,Combined Robust Max Sharpe λ=0.50 γ=0.10,0.2760132608201975,0.1292275591515742,1.9811042048694367
2026-03-02,Combined Robust Max Sharpe λ=0.50 γ=0.10,0.30296837808690524,0.12768867963644387,2.216080383105024
2026-03-03,Combined Robust Max Sharpe λ=0.50 γ=0.10,0.2717294460981998,0.12870423918279086,1.9558753285560677
2026-03-04,Combined Robust Max Sharpe λ=0.50 γ=0.10,0.28542591226408764,0.1285018972413665,2.065540804938742
2026-03-05,Combined Robust Max Sharpe λ=0.50 γ=0.10,0.2793308490312125,0.12869616684931998,2.0150627278187874
2026-03-06,Combined Robust Max Sharpe λ=0.50 γ=0.10,0.26685323297087304,0.12837052477925084,1.9229744008242393
2026-03-09,Combined Robust Max Sharpe λ=0.50 γ=0.10,0.29218380392890153,0.12724128180595864,2.139115545409063
2026-03-10,Combined Robust Max Sharpe λ=0.50 γ=0.10,0.2872590279932232,0.12717694397581542,2.1014738964324104
2026-03-11,Combined Robust Max Sharpe λ=0.50 γ=0.10,0.3150014630775868,0.12463460645838148,2.3669305938402827
2026-03-12,Combined Robust Max Sharpe λ=0.50 γ=0.10,0.29931488508735904,0.12531409494302354,2.2289183448546224
2026-03-13,Combined Robust Max Sharpe λ=0.50 γ=0.10,0.2822064063928915,0.12538583060361133,2.091196470371665
2026-03-16,Combined Robust Max Sharpe λ=0.50 γ=0.10,0.2942527762882834,0.12530380579639386,2.1887026858060215
2026-03-17,Combined Robust Max Sharpe λ=0.50 γ=0.10,0.2760523513810269,0.1244728675515838,2.05709369774834
2026-03-18,Combined Robust Max Sharpe λ=0.50 γ=0.10,0.2474208210603659,0.12542516697385914,1.8131992689135865
2026-03-19,Combined Robust Max Sharpe λ=0.50 γ=0.10,0.23760991878919802,0.12602974078144988,1.7266552913614157
2026-03-20,Combined Robust Max Sharpe λ=0.50 γ=0.10,0.2054685354654875,0.1270929810176036,1.4593137558068476
2026-03-23,Combined Robust Max Sharpe λ=0.50 γ=0.10,0.20677883851981727,0.12706439755232818,1.4699541501615137
2026-03-24,Combined Robust Max Sharpe λ=0.50 γ=0.10,0.20652881983815563,0.12706901384416308,1.4679331663572508
2026-03-25,Combined Robust Max Sharpe λ=0.50 γ=0.10,0.20895442121046548,0.12724295493351712,1.4849892578272161
2026-03-26,Combined Robust Max Sharpe λ=0.50 γ=0.10,0.17989155340303653,0.12885305349637077,1.2408829210053605
2026-03-27,Combined Robust Max Sharpe λ=0.50 γ=0.10,0.1987924597183479,0.1284273346317087,1.392168265666117
2026-03-30,Combined Robust Max Sharpe λ=0.50 γ=0.10,0.1987249999664178,0.12842691503373954,1.39164753680694
2026-03-31,Combined Robust Max Sharpe λ=0.50 γ=0.10,0.23982870874611262,0.12935101051440134,1.6994742280860489
2026-04-01,Combined Robust Max Sharpe λ=0.50 γ=0.10,0.2415589294378675,0.12940803355684302,1.712095635396135
2026-04-02,Combined Robust Max Sharpe λ=0.50 γ=0.10,0.23446804482325323,0.12948087310492654,1.6563685406218742
2026-04-06,Combined Robust Max Sharpe λ=0.50 γ=0.10,0.22916942371633975,0.1294601543257532,1.6157050391738192
2026-04-07,Combined Robust Max Sharpe λ=0.50 γ=0.10,0.2648616201312515,0.12692547451460287,1.9291763223077805
2026-04-08,Combined Robust Max Sharpe λ=0.50 γ=0.10,0.3307952342218128,0.12059052389739226,2.577277419295909
2026-04-09,Combined Robust Max Sharpe λ=0.50 γ=0.10,0.35050649413082224,0.12000404420132249,2.754127965690509
2026-04-10,Combined Robust Max Sharpe λ=0.50 γ=0.10,0.35762137912684455,0.11976843644624847,2.8189512123953246
2026-04-13,Combined Robust Max Sharpe λ=0.50 γ=0.10,0.2763482878240415,0.1000262529406612,2.56281006523473
2026-04-14,Combined Robust Max Sharpe λ=0.50 γ=0.10,0.30986670429342933,0.09926368646750139,2.920168639800928
2026-04-15,Combined Robust Max Sharpe λ=0.50 γ=0.10,0.28865895543451603,0.09825504254182398,2.7343019603310093
2026-04-16,Combined Robust Max Sharpe λ=0.50 γ=0.10,0.2820587680610487,0.09820686138538891,2.6684364449105327
2026-04-17,Combined Robust Max Sharpe λ=0.50 γ=0.10,0.2913959577361802,0.09857097923881455,2.7533048756536234
2026-04-20,Combined Robust Max Sharpe λ=0.50 γ=0.10,0.28841408269814983,0.09864324743840816,2.721058862805027
2026-04-21,Combined Robust Max Sharpe λ=0.50 γ=0.10,0.27412082766815304,0.09941098243892756,2.5562651271882397
2026-04-22,Combined Robust Max Sharpe λ=0.50 γ=0.10,0.28680155753644354,0.09953023576730338,2.6806081135004236
2026-04-23,Combined Robust Max Sharpe λ=0.50 γ=0.10,0.2688788057816085,0.09932528783900099,2.5056942818532053
2026-04-24,Combined Robust Max Sharpe λ=0.50 γ=0.10,0.27286472321531097,0.0993840441880231,2.544319113608621
2026-04-27,Combined Robust Max Sharpe λ=0.50 γ=0.10,0.24846709459258332,0.0981593793871396,2.327511604280946
2026-04-28,Combined Robust Max Sharpe λ=0.50 γ=0.10,0.23826501474353634,0.09844751448057468,2.2170698355884206
2026-04-29,Combined Robust Max Sharpe λ=0.50 γ=0.10,0.22509540205361267,0.09850820912588547,2.0820133050182394
2026-04-30,Combined Robust Max Sharpe λ=0.50 γ=0.10,0.2337374810884294,0.09874841696518795,2.164464886194367
2026-05-01,Combined Robust Max Sharpe λ=0.50 γ=0.10,0.23755563940064017,0.09870665514267829,2.2040625233037052
2026-05-04,Combined Robust Max Sharpe λ=0.50 γ=0.10,0.23509093174710638,0.09885205246828173,2.175887362744661
2026-05-05,Combined Robust Max Sharpe λ=0.50 γ=0.10,0.23626391570213956,0.09889191862519997,2.186871472498972
2026-05-06,Combined Robust Max Sharpe λ=0.50 γ=0.10,0.24462802463247812,0.09952545446393918,2.256990694916817
2026-05-07,Combined Robust Max Sharpe λ=0.50 γ=0.10,0.2340527715989036,0.09941762936113359,2.1530665433728955
2026-05-08,Combined Robust Max Sharpe λ=0.50 γ=0.10,0.2435134150549414,0.09944913845782122,2.247514845487966
2026-05-11,Combined Robust Max Sharpe λ=0.50 γ=0.10,0.25093344886970437,0.09920068014920257,2.3279421927588544
2026-05-12,Combined Robust Max Sharpe λ=0.50 γ=0.10,0.24435762676265949,0.09926569682359776,2.2601727882025453
2026-05-13,Combined Robust Max Sharpe λ=0.50 γ=0.10,0.24397549397503848,0.09926647006304988,2.256305616919577
2026-05-14,Combined Robust Max Sharpe λ=0.50 γ=0.10,0.24006178172011805,0.09923414522016026,2.2176014237023995
2026-05-15,Combined Robust Max Sharpe λ=0.50 γ=0.10,0.23367119428456862,0.09978717761071582,2.1412690427835406
2026-05-18,Combined Robust Max Sharpe λ=0.50 γ=0.10,0.2225880668525524,0.09945201869606422,2.0370432848797444
2026-05-19,Combined Robust Max Sharpe λ=0.50 γ=0.10,0.21469140597973269,0.09980234685614484,1.950769817671332
2026-05-20,Combined Robust Max Sharpe λ=0.50 γ=0.10,0.2207962746991725,0.10012638638853262,2.005428158767243
2026-05-21,Combined Robust Max Sharpe λ=0.50 γ=0.10,0.2165603485543428,0.10006183735002872,1.9643887595902356
2026-05-22,Combined Robust Max Sharpe λ=0.50 γ=0.10,0.22361304943632665,0.09984845838315556,2.0392207624777527
2026-05-26,Combined Robust Max Sharpe λ=0.50 γ=0.10,0.23017330657094148,0.09987569778175147,2.104348817969838
2026-05-27,Combined Robust Max Sharpe λ=0.50 γ=0.10,0.2203540683970775,0.0998400800850231,2.0067498766673406
2026-05-28,Combined Robust Max Sharpe λ=0.50 γ=0.10,0.22192541095068652,0.0998896848914599,2.0214841118990274
2026-05-29,Combined Robust Max Sharpe λ=0.50 γ=0.10,0.23148097991900096,0.09980718086862887,2.1188954349623668
2026-06-01,Combined Robust Max Sharpe λ=0.50 γ=0.10,0.22277703578716213,0.09979198583491186,2.0319971998815696
2026-06-02,Combined Robust Max Sharpe λ=0.50 γ=0.10,0.22554873748348414,0.09976894251151322,2.060247731499851
2026-06-03,Combined Robust Max Sharpe λ=0.50 γ=0.10,0.20751405207047036,0.0995821937301695,1.88300784554479
2026-06-04,Combined Robust Max Sharpe λ=0.50 γ=0.10,0.2137166938524413,0.09959500973552829,1.9450441780853325
2026-06-05,Combined Robust Max Sharpe λ=0.50 γ=0.10,0.18674885229868954,0.10124593932632692,1.64696829727896
2026-06-08,Combined Robust Max Sharpe λ=0.50 γ=0.10,0.19243516989028087,0.10113089958755965,1.7050690797127304
2026-06-09,Combined Robust Max Sharpe λ=0.50 γ=0.10,0.19285103960543615,0.10111879209550971,1.7093859214830533
2026-06-10,Combined Robust Max Sharpe λ=0.50 γ=0.10,0.173854473990408,0.1021237587638081,1.5065492677981305
2026-06-11,Combined Robust Max Sharpe λ=0.50 γ=0.10,0.18851413928349547,0.10312165854334857,1.6341294512118258
2026-06-12,Combined Robust Max Sharpe λ=0.50 γ=0.10,0.18759156443615632,0.10311575444858881,1.6252760340294432
2026-06-15,Combined Robust Max Sharpe λ=0.50 γ=0.10,0.19211736418970138,0.10341612273320464,1.664318479950499
2026-06-16,Combined Robust Max Sharpe λ=0.50 γ=0.10,0.1938776374968334,0.10339172952957577,1.681736424063733
2026-06-17,Combined Robust Max Sharpe λ=0.50 γ=0.10,0.18345770360704328,0.10396675036154705,1.5722113371689979
2026-06-18,Combined Robust Max Sharpe λ=0.50 γ=0.10,0.19047161721578365,0.10398685573838394,1.6393573592095705
2026-06-22,Combined Robust Max Sharpe λ=0.50 γ=0.10,0.18741560288530645,0.10406958539458777,1.6086890540645227
2026-06-23,Combined Robust Max Sharpe λ=0.50 γ=0.10,0.18008528990011619,0.10437069728963114,1.5338145097936422
2026-06-24,Combined Robust Max Sharpe λ=0.50 γ=0.10,0.16963854460131778,0.10432236594623276,1.4343860326024505
2026-06-25,Combined Robust Max Sharpe λ=0.50 γ=0.10,0.17182249075247968,0.10434246534162779,1.455040287340322
2026-06-26,Combined Robust Max Sharpe λ=0.50 γ=0.10,0.1717296665682,0.10434230811717264,1.4541528676729392
2026-06-29,Combined Robust Max Sharpe λ=0.50 γ=0.10,0.17018552172310653,0.10430724083972982,1.4398379298889672
2026-06-30,Combined Robust Max Sharpe λ=0.50 γ=0.10,0.17443148164926514,0.10420490634192285,1.4819981809928997
2026-07-01,Combined Robust Max Sharpe λ=0.50 γ=0.10,0.16622354846072973,0.10404779381416103,1.4053498214666473
2026-07-02,Combined Robust Max Sharpe λ=0.50 γ=0.10,0.1686693576052114,0.10409281020014467,1.4282384856298633
2026-07-06,Combined Robust Max Sharpe λ=0.50 γ=0.10,0.1709003439188499,0.10414764536956345,1.4489078786504153
2026-07-07,Combined Robust Max Sharpe λ=0.50 γ=0.10,0.16363934100067934,0.10440472845698157,1.3757934446413873
2026-07-08,Combined Robust Max Sharpe λ=0.50 γ=0.10,0.1641227839712176,0.1043880115624506,1.380644978422599
2026-07-09,Combined Robust Max Sharpe λ=0.50 γ=0.10,0.1739541480001623,0.1043891490587007,1.4748098762026496
2026-07-10,Combined Robust Max Sharpe λ=0.50 γ=0.10,0.16749611760889538,0.10428482713093219,1.414358365131203
2026-07-13,Combined Robust Max Sharpe λ=0.50 γ=0.10,0.1554927787909972,0.10472594394865858,1.293784268561207
2026-07-14,Combined Robust Max Sharpe λ=0.50 γ=0.10,0.1613100857340526,0.10480749365565487,1.3482822726238168
2026-07-15,Combined Robust Max Sharpe λ=0.50 γ=0.10,0.16521404793143013,0.10482297284661754,1.3853265556960968
2026-07-16,Combined Robust Max Sharpe λ=0.50 γ=0.10,0.16384760026117062,0.10488376201326566,1.3714954297975777
2026-07-17,Combined Robust Max Sharpe λ=0.50 γ=0.10,0.15902381823386258,0.10484885056437108,1.3259450865272964
2026-07-20,Combined Robust Max Sharpe λ=0.50 γ=0.10,0.15416707294465892,0.10489816568102882,1.2790221075231203
2026-07-21,Combined Robust Max Sharpe λ=0.50 γ=0.10,0.15768755839305593,0.10496412783003661,1.311758228639853
2026-07-22,Combined Robust Max Sharpe λ=0.50 γ=0.10,0.15069020289718704,0.1047853192647,1.247218635341925
2026-07-23,Combined Robust Max Sharpe λ=0.50 γ=0.10,0.13617209581200673,0.1051440136886992,1.1048854969143413
2026-07-24,Combined Robust Max Sharpe λ=0.50 γ=0.10,0.13868385189148102,0.10513012449265864,1.1289233458462122
2026-07-27,Combined Robust Max Sharpe λ=0.50 γ=0.10,0.14470735671127688,0.10511081429070278,1.1864369765643368
2026-07-28,Combined Robust Max Sharpe λ=0.50 γ=0.10,0.14528388527114822,0.10510607419931826,1.1919756895644842
2026-07-29,Combined Robust Max Sharpe λ=0.50 γ=0.10,0.14203517456703074,0.10524850550794214,1.159495557472043
2026-07-30,Combined Robust Max Sharpe λ=0.50 γ=0.10,0.1488942911894824,0.10551144656849198,1.2216142928702205
2026-07-31,Combined Robust Max Sharpe λ=0.50 γ=0.10,0.1548826536486536,0.10526568581458624,1.281354437629698
2026-08-03,Combined Robust Max Sharpe λ=0.50 γ=0.10,0.16044945946243772,0.10537600427550152,1.3328410051992292
2026-08-04,Combined Robust Max Sharpe λ=0.50 γ=0.10,0.16601622908243185,0.10565409152279111,1.382021528725502
2026-08-05,Combined Robust Max Sharpe λ=0.50 γ=0.10,0.16500304093844975,0.10559836006326456,1.3731561820806464
2026-08-06,Combined Robust Max Sharpe λ=0.50 γ=0.10,0.16409709359451097,0.10561825826026107,1.3643199193782538
2026-08-07,Combined Robust Max Sharpe λ=0.50 γ=0.10,0.16969793626643148,0.10579220125819863,1.415018635457595
2026-08-10,Combined Robust Max Sharpe λ=0.50 γ=0.10,0.16577766440629382,0.10578918992748819,1.3780015189284955
2026-08-11,Combined Robust Max Sharpe λ=0.50 γ=0.10,0.16216651235219182,0.10579617053802295,1.3437774886293965
2026-08-12,Combined Robust Max Sharpe λ=0.50 γ=0.10,0.17152258240570006,0.10567402465548768,1.433867810937316
2026-08-13,Combined Robust Max Sharpe λ=0.50 γ=0.10,0.16892825433643033,0.10563375033627814,1.4098548414907828
2026-08-14,Combined Robust Max Sharpe λ=0.50 γ=0.10,0.1634807160391858,0.10561384352575538,1.358540805346186
2026-08-17,Combined Robust Max Sharpe λ=0.50 γ=0.10,0.16561048479969553,0.10556682347536067,1.3793205100433952
2026-08-18,Combined Robust Max Sharpe λ=0.50 γ=0.10,0.16189543204584744,0.10566771087200179,1.3428457082573626
2026-08-19,Combined Robust Max Sharpe λ=0.50 γ=0.10,0.1751769749346579,0.10611565538456563,1.4623381853722988
2026-08-20,Combined Robust Max Sharpe λ=0.50 γ=0.10,0.1736781185787024,0.10616568586304195,1.4475309732087394
2026-08-21,Combined Robust Max Sharpe λ=0.50 γ=0.10,0.17491466103147646,0.10619064788483416,1.4588352563729006
2026-08-24,Combined Robust Max Sharpe λ=0.50 γ=0.10,0.18126334338337524,0.106109685579465,1.5197796742372398
2026-08-25,Combined Robust Max Sharpe λ=0.50 γ=0.10,0.17413885905319404,0.10570439676182666,1.4582066950393748
2026-08-26,Combined Robust Max Sharpe λ=0.50 γ=0.10,0.1738275474670894,0.10571453344635962,1.4551220390632733
2026-08-27,Combined Robust Max Sharpe λ=0.50 γ=0.10,0.17106465393916404,0.10565842374212288,1.4297454816083826
2026-08-28,Combined Robust Max Sharpe λ=0.50 γ=0.10,0.1590410798858164,0.10604232555158452,1.311184747812604
2026-08-31,Combined Robust Max Sharpe λ=0.50 γ=0.10,0.15204912580443586,0.1060012073457375,1.245732280895061
2026-09-01,Combined Robust Max Sharpe λ=0.50 γ=0.10,0.14134361666808082,0.10644324479903229,1.139984194367438
2026-09-02,Combined Robust Max Sharpe λ=0.50 γ=0.10,0.14260366179289918,0.10647755392378436,1.1514507731897912
