Date,Maximum Sharpe,Equal Weight,Minimum Variance,SPY,Shrunk Max Sharpe λ=0.25,Shrunk Max Sharpe λ=0.50,Shrunk Max Sharpe λ=0.75,Turnover-Aware Max Sharpe γ=0.05,Turnover-Aware Max Sharpe γ=0.10,Turnover-Aware Max Sharpe γ=0.25,Combined Robust Max Sharpe λ=0.50 γ=0.10
2018-02-01,-0.0038867554092379807,-0.005947951790957511,-0.0029487257200828997,-0.0011348473098273,-0.003988338956159157,-0.004184530098313746,-0.0030762317912423967,-0.0038867554092379755,-0.003886755409237981,-0.004491059566267992,-0.004037515152738811
2018-02-02,-0.015361408280675682,-0.01465588667908966,-0.010303700776682514,-0.0217700473244185,-0.0144479623069564,-0.01097264036708,-0.010600142628435505,-0.015361408280675694,-0.015361408280675688,-0.015906465547827136,-0.011217080341781996
2018-02-05,-0.02394462741315653,-0.02055577056309068,-0.008811379289450303,-0.0418224450918517,-0.021087668100524957,-0.012385330948228294,-0.010335002517938516,-0.023944627413156477,-0.02394462741315654,-0.023592255349853247,-0.012647480423063392
2018-02-06,0.01220433189916693,0.008745086424192491,0.0024430373922487243,0.0197024899843827,0.010688012991103502,0.005944793524662961,0.0035474500264961687,0.012204331899166882,0.012204331899166936,0.012043056140032963,0.005931141858595959
2018-02-07,-0.0068154557797417345,-0.008365155671323541,-0.0038337697890838485,-0.005425136742456,-0.006696645461166098,-0.00508865271517253,-0.003945101009101542,-0.006815455779741751,-0.006815455779741736,-0.00721640728250585,-0.005179066622660735
2018-02-08,-0.02505425150574906,-0.0201556007260323,-0.011460826603907275,-0.0375089592910852,-0.022782250313439778,-0.015504022870086006,-0.01284423190320217,-0.025054251505749005,-0.025054251505749067,-0.02497767064628765,-0.015638422739854246
2018-02-09,0.008549853027344425,0.00736912926795835,0.0025061942049923987,0.0150213512260493,0.007562540057423945,0.004330252069141622,0.0031504240910758497,0.008549853027344411,0.008549853027344428,0.008807188122254573,0.004397767007081816
2018-02-12,0.010209886609641443,0.00822641044175124,0.004617969140946107,0.0146847275045374,0.009409245465686035,0.006054511531483505,0.005008991900127066,0.01020988660964144,0.010209886609641446,0.010758535884468729,0.006227425764485453
2018-02-13,0.0027584136498173114,0.0032897473814825903,0.0017552334713875524,0.0024874627918825,0.0027740062213929585,0.0019989303673075645,0.0017009670422902538,0.0027584136498173283,0.0027584136498173114,0.00337780762226247,0.002102001609356273
2018-02-14,0.010270390424661408,0.00819700743123964,0.0026718783976542736,0.0134958323673632,0.009488976445657063,0.003887939310113831,0.0028633641592274803,0.010270390424661439,0.010270390424661411,0.01007665381785738,0.004468560540096002
2018-02-15,0.010927593509988886,0.00882843830633848,0.005259636477347665,0.0127601160336423,0.010207215195974288,0.007170267575051786,0.00573015348976026,0.010927593509988866,0.010927593509988889,0.010558311329243536,0.007262428303759061
2018-02-16,-0.0006837044190752616,0.0013609454374949302,0.0013732737453563842,0.0002934063091077,-0.0006523274088964074,0.0007361475571834237,0.0013439457263834048,-0.0006837044190752694,-0.0006837044190752627,-0.0005536589392537298,0.0005822849739311116
2018-02-20,-0.0038974875014920318,-0.007055717219046241,-0.00487471950066864,-0.0062611685550257,-0.003790367975133994,-0.0032701624369308006,-0.004569371461786644,-0.00389748750149207,-0.0038974875014920326,-0.0036972490178615426,-0.003498154200278288
2018-02-21,-0.004443587537018519,-0.005741742171588251,-0.004526349060566648,-0.0049743135014446,-0.004350450546472229,-0.004194120285165883,-0.004445367427610974,-0.004443587537018527,-0.00444358753701852,-0.004511557243253771,-0.00422257630520477
2018-02-22,0.001273573792178699,0.00276903016679941,0.0017717212335878307,0.0012960553563734,0.0013379865884041997,0.0013157480170541153,0.0016385594944266287,0.0012735737921787146,0.001273573792178699,0.0013127414531784094,0.0013854954481193134
2018-02-23,0.012178548792048625,0.01072116940786229,0.006971542663982167,0.0159393523881614,0.011383521159105679,0.008972119075324074,0.00754747901759344,0.012178548792048601,0.012178548792048629,0.01263651636994375,0.008929177850112295
2018-02-26,0.008091316805145254,0.00581281428444373,0.004284211470987565,0.0116122770559539,0.007496961424558362,0.0053724700008209,0.004641695838920326,0.008091316805145242,0.008091316805145255,0.00815527652978594,0.005442040865177285
2018-02-27,-0.009808307269891167,-0.01258514828065803,-0.006923922134804686,-0.012486623440548,-0.0093742277379759,-0.007300498788967498,-0.007063988146608006,-0.009808307269891188,-0.009808307269891169,-0.009746734114353093,-0.007483547215935497
2018-02-28,-0.004503407319072508,-0.00472626639949513,-0.0016542425223522448,-0.0101299981810286,-0.0038222625257210135,-0.001964835962587792,-0.0019591906730133915,-0.004503407319072506,-0.00450340731907251,-0.004608221862087942,-0.0020533485680630003
2018-03-01,-0.009728462963927934,-0.00433782143489301,-0.002779136053306164,-0.0145404115373787,-0.008125106845482278,-0.004927170214079059,-0.0037038907887171424,-0.009549751404268291,-0.009457781398231132,-0.008719482169739824,-0.005037451534322628
2018-03-02,0.004465923219649654,0.0029242036606733396,-2.6519399211844593e-05,0.0051547385736021,0.0035026113961317204,0.001558878361113295,0.0002892574242582155,0.00413822561398532,0.00389193835589585,0.0037023110328387454,0.0012779200652018414
2018-03-05,0.006275310628217524,0.00436666381123426,0.002285162856133437,0.0115577865427394,0.005062444381180529,0.003240314558449544,0.002761917632899009,0.006184804762426369,0.006162106216245758,0.006221156287525693,0.003510211251110108
2018-03-06,0.004134421917943096,0.004996980653741833,0.002322248423814145,0.0025351417996166,0.0037987289894051727,0.0026221694064711767,0.0021943007532715508,0.0038395724784039253,0.0035905122769053907,0.0035441864740371753,0.0024071232023038106
2018-03-07,-0.0006399728578179683,0.0009831886921772802,-0.0007888967276149478,-0.000366688622124,-0.0005456265732112979,-2.4107691260977053e-05,-0.0006831508416354737,-0.0004706992781151235,-0.00032328429799305576,-0.00034393193184813176,-0.00018498122627728247
2018-03-08,0.003077573646782225,0.0019925392215958903,0.002199140285252225,0.004839172556099,0.0028508669744136145,0.0027753631338992596,0.002457769765038224,0.0031686546466244228,0.0032615385354287764,0.0036241482623939514,0.0028172207448618446
2018-03-09,0.010196257863770682,0.0074728622047887504,0.002872180790472206,0.0174024244143637,0.008112701309228969,0.005063100861666071,0.0037241324585148955,0.00984702543417712,0.009641416406408351,0.010124097627890407,0.00520355203508147
2018-03-12,0.0015325544213298623,0.0023141658777720603,0.0009278185548944049,-0.0012552511443415,0.0018508235343265382,0.002544035565986632,0.0011594393040954645,0.001595908355954793,0.001639100009299317,0.0020025604919496082,0.0019558390782800444
2018-03-13,-0.0055833828371002585,-0.003073823483930363,-0.0008369672356130563,-0.0064626210758579,-0.004881954695924784,-0.003727407778857327,-0.0016884128441784969,-0.005564082396983938,-0.005578173908592984,-0.0052362238668345485,-0.0032738321121962245
2018-03-14,-0.001125229844187385,0.0007280489096393099,-1.7673024175149247e-06,-0.0051313688461542,-0.0003661684778667305,0.0008458036662171293,-6.565999865826245e-06,-0.0009660693046517547,-0.0008621364751407468,-0.0006112637194024412,0.00033409487457558383
2018-03-15,-0.0014786854769325752,-0.00171642079114864,-0.0009072147641082729,-0.0010897013624802,-0.0012373664569508389,-0.0006990177637713632,-0.0007652477602697017,-0.001249664038300416,-0.0010600719097399337,-0.0013337857423679604,-0.0006639097526937535
2018-03-16,-0.0007513744625096585,0.00017176918026263013,9.93432010597923e-06,0.0010840641433269,-0.0008064242880333892,-0.0010416026857969125,-0.00020904377764163006,-0.000652922896890048,-0.0005672663271515983,-0.001138232143835577,-0.0006484024070150505
2018-03-19,-0.010686990863923863,-0.0077299830643687605,-0.004620002008263711,-0.0135301299430383,-0.009633446733950935,-0.008052188669910861,-0.0056356755253476705,-0.010731373373107957,-0.010818150958882979,-0.010847550249437784,-0.007653483376589405
2018-03-20,-0.0001461912855756022,-0.0001722339772279399,-0.0018250253885094838,0.0017006949661848,-0.0005850745398320944,-0.0009275805052092939,-0.0014851705849569317,-0.00017537961725808213,-0.00017616069023571534,8.669576659728898e-05,-0.0009687558435496451
2018-03-21,0.0011327482274066183,0.0018245229163823603,0.001702075984955118,-0.001919193997302,0.0010935783868059852,0.00024186665408991556,0.0010621614361949355,0.0006429781777029459,0.0002099258214175242,0.0004243802739305649,0.00021607414494134248
2018-03-22,-0.014915598017413774,-0.01175732270083291,-0.005089298666983102,-0.0249971129207742,-0.012069425010037523,-0.007278856980407247,-0.006089004662735086,-0.014470610179092767,-0.014208929407741488,-0.014100027549007172,-0.007729228529267239
2018-03-23,-0.012466229090982958,-0.01079660855520554,-0.004720807742941714,-0.0213147196910268,-0.010656388044919795,-0.008230823129896338,-0.0059302076690986045,-0.012721755591442719,-0.013030014829493838,-0.012892358135283402,-0.008334976626390456
2018-03-26,0.020796170646099413,0.01503668717382383,0.007931906800062359,0.0273587592272877,0.01811598626999084,0.013190858497394282,0.009599186958241168,0.020493147235790328,0.020341471034796707,0.019824952466126713,0.012811753166278406
2018-03-27,-0.014874024791112012,-0.00766682144970705,-0.0022809085467447804,-0.0170115469429626,-0.012599581260058026,-0.008462420734066917,-0.003946719520209197,-0.014380089174630777,-0.014046984567930843,-0.013886504403214501,-0.0074456511763519775
2018-03-28,-0.006161130382889977,0.00023907294758804005,-0.0015412152994430924,-0.0029546626879671,-0.005520636611354034,-0.0041260209839903295,-0.0021172167641385635,-0.005641537980138701,-0.005215207688010235,-0.005652339676062167,-0.003308869262109936
2018-03-29,0.010315957420456363,0.008198792163189781,0.005459041637161209,0.0127774523807921,0.009432544166562272,0.007997387344464134,0.006204887486660631,0.01034079919237785,0.010401352755876801,0.010400485638306655,0.007739498155046166
2018-04-02,-0.012903061468850289,-0.010597832345883091,-0.004243179521778628,-0.0215844646009938,-0.010887038561215588,-0.008406206648566547,-0.00559664628795581,-0.013018444319345322,-0.013218342358961924,-0.013453819999898049,-0.008312143728640267
2018-04-03,0.005099478328959217,0.00420538731386242,0.0006523913355270824,0.0128165759892979,0.0035928915407300137,0.0015995827690076401,0.0011984679082742212,0.005070166771289999,0.005117624228657075,0.00511492283612205,0.002060222058241199
2018-04-04,0.008027032822140791,0.005212952958851781,0.0027987608875799552,0.0106993748385979,0.006917913753449112,0.005160340845967091,0.0034784478337122346,0.007879165257952736,0.007800798627342897,0.007882814266756934,0.004914587416392065
2018-04-05,0.0031401765115431205,0.0015820518593932403,0.0007069598605112129,0.0078920275624556,0.002326982036916639,0.0010139337573669821,0.0010292590441338004,0.0032122076770825605,0.003310616796850939,0.0026605534025150664,0.0014100919628704841
2018-04-06,-0.012389696793318427,-0.007791378334557061,-0.002898465748713483,-0.0222857768483176,-0.009824870970411372,-0.005997321722822741,-0.004140478633846196,-0.012165764918551238,-0.012089948465179655,-0.012060141916552927,-0.006240902822848844
2018-04-09,0.004256442260163561,0.0024996515159570205,0.0018742158814381142,0.0049285250225243,0.003764869356894888,0.002846993635093667,0.0021688777892048972,0.00412847351426562,0.0040377898359016786,0.004208838278373772,0.002719669870007018
2018-04-10,0.011684202332923721,0.0085061475306395,0.00406418699623796,0.0159001324170879,0.010006026212937554,0.00715821564747409,0.004950255539646642,0.011457577107051843,0.011333912946157532,0.011408047645707806,0.006907320991416577
2018-04-11,-0.0016850267100016795,0.00028681104087214013,0.0002145676510182715,-0.005242250033363,-0.0011704231540700686,-0.0007724178175647636,-0.0003116579379043388,-0.0018197130389971728,-0.001965062664061757,-0.0018891129735432994,-0.0009124550121801941
2018-04-12,0.003261685092079891,-0.0005949422630701299,-0.0012277085020231207,0.0082271420800377,0.0022416608158000893,0.0011235093058216462,-0.00036885876662372084,0.0033925288841148865,0.00355827892679964,0.0034358379547742455,0.0011001319869749504
2018-04-13,-0.0011428611208360968,-0.00069977238260602,0.0003475409468932018,-0.0029331347227179,-0.0008704314728570824,-0.000736056106078522,6.301432932376478e-06,-0.001281067640805161,-0.0014169779859999419,-0.0013091311251416959,-0.0006772764224361489
2018-04-16,0.004929000201819238,0.003538572991175065,0.0022485492084851366,0.008221881438392,0.004074372738970012,0.0026784874743254385,0.0024361406218209353,0.004804737498961482,0.004734844606000332,0.004916634895726959,0.0028612381250839166
2018-04-17,0.009728806346329869,0.006576940407443516,0.0032032327177341116,0.0106984388871236,0.00868117324169162,0.0071960862171775225,0.004215127595734496,0.009591157764233235,0.009521288517142628,0.010052765832744686,0.006462891863433781
2018-04-18,-0.00022455514644748872,8.949220702882013e-05,-0.00253811034614962,0.0007403510410821,-0.0008300109310693096,-0.0018423388001047266,-0.0023208552381383963,-0.00045245949839217876,-0.0006233746574685999,-0.0005506632180100937,-0.001921482565782743
2018-04-19,-0.005585854494675289,-0.00623746905844777,-0.0038350916521438135,-0.0055478526944334,-0.005385826553031753,-0.005037988430875397,-0.004054545324051499,-0.0056178412468387015,-0.005654058079736465,-0.005916512998270701,-0.004790626617206724
2018-04-20,-0.009497412787556418,-0.0077432046770367,-0.0054243510310599055,-0.0084795205675066,-0.008978557466020056,-0.007924168356976324,-0.006011880539097927,-0.009350942541920274,-0.009244183627102711,-0.009522515132032016,-0.007352191703860056
2018-04-23,-0.0023327994799458383,-0.0023411948466792697,-0.0014078240375661921,-0.0001495390748589,-0.0022904580562041125,-0.001899068927633426,-0.0014393064297458466,-0.002125393868995208,-0.001943297975798256,-0.0019396071326142302,-0.0016084860780998752
2018-04-24,-0.010050151022655305,-0.00492101528927079,-0.004189788831760779,-0.0134675433491138,-0.009019442469537202,-0.00768878656602274,-0.0052814429007079795,-0.010154993350709872,-0.010296028908729615,-0.010524567605106543,-0.007324340593142933
2018-04-25,-0.0008207691100426662,-0.0027610518422263404,-0.0018884933957146858,0.0024715330996507,-0.0012941766387192244,-0.0016476390594340278,-0.001597633128202951,-0.0007868572144167638,-0.0007308704635277986,-0.0007426513816348705,-0.0014118412670852522
2018-04-26,0.009304241081138958,0.007766289298564051,0.004068727704234942,0.0101661218446624,0.008662904103232671,0.008076635746548535,0.005156369269469909,0.009407582978660841,0.009531643427763043,0.01001323321159886,0.007362758542199802
2018-04-27,0.0017419494370658195,0.00403642133652346,0.002023251525160347,0.0009385480496557,0.0018226035963592624,0.0017412972994208047,0.0018703065209305155,0.0017008582125455118,0.0016588080401370388,0.0019617672735679926,0.0017270939374147381
2018-04-30,-0.005847071454591561,-0.00432740699854693,-0.00280230512902121,-0.0076905272151676,-0.004997763744910346,-0.003121765226149392,-0.0029270564652824887,-0.005595801978903013,-0.00540902231299412,-0.0052067919655595625,-0.0032347178158538036
2018-05-01,0.0017678522502987618,0.00037960665749567997,-0.001813267979051774,0.0017769072350362,0.0013454649636570786,0.0009413980694500763,-0.0014952153481910106,0.0017907853773814052,0.0018583366339476985,0.0022021690564272525,0.000695304916054289
2018-05-02,-0.004016691136600123,-0.0023018080414287405,-0.001418606773906855,-0.0067176658920288,-0.0032136678333980332,-0.0019626769874944846,-0.001949375885502397,-0.003917994935354362,-0.0037553261624394176,-0.004006511420876652,-0.0023088060598610407
2018-05-03,0.0011309942985859892,0.00048661357192284003,0.0010377935259647405,-0.0022038738902935,0.0008692444338897283,0.0010845586881038402,0.0007508037250873881,0.0007304749237167193,0.0003953695200845315,0.0006295997102424094,0.0009790292630509972
2018-05-04,0.010450887080487206,0.00685743183287233,0.0037244676474508017,0.0129467845330206,0.008643816742690345,0.006233333545122668,0.004384892073925241,0.01003053102911312,0.00970309486704828,0.010165056508527663,0.006309062849037789
2018-05-07,0.003437809897157343,0.0018241028725641002,0.00043134924803755776,0.003383055736341,0.0026668296900468364,0.0019203407119279738,0.0006141538388677415,0.0032213734822527226,0.003088982849960033,0.0032825292821191017,0.00175753419799025
2018-05-08,-0.00034170565419457534,0.00019170665976824995,-0.0004390699035485427,0.0,-0.000420418869710313,-0.0006998571347365501,-0.0005086387489541908,-0.0003778902032463855,-0.0003693785247952496,-0.0004983882251906504,-0.0007362518532625503
2018-05-09,0.004866878891815191,0.0026491523828261103,0.0009219958038747527,0.0096657490932847,0.004075175049339577,0.0023660486963591955,0.0016925326910299048,0.005132829440521694,0.005269020834910796,0.005229489285820465,0.002639974005019366
2018-05-10,0.008805137810413933,0.00822528296012556,0.005328388990620256,0.0093509602861687,0.007815779022368227,0.005984391217429776,0.005526070087047858,0.008396494569049257,0.008060198664166561,0.008234928367815902,0.006148347822855476
2018-05-11,0.0006593858485963008,0.0004504368987232688,0.0011781789613931081,0.003051198259091,0.000548393120286414,0.00034663100989157673,0.0012039903244139673,0.0006600193354438376,0.0006776326820961925,0.0007688513128408128,0.0005465619213440364
2018-05-14,-0.001143777437359808,-0.00204656035925908,-0.0018318979236876484,0.000476552578926,-0.0009956481651097965,-0.0012248222038860597,-0.001606422103237275,-0.0008086295557752851,-0.000600957939113753,-0.0007068098952413817,-0.0011223311398808875
2018-05-15,-0.010981318517732371,-0.010251467028022961,-0.007672395864505684,-0.0068871568137895,-0.01037334337130773,-0.008677168247980177,-0.00766993720055498,-0.010493979422644746,-0.010031159134955541,-0.0099147213531744,-0.008664058913106992
2018-05-16,0.002437587095940919,0.00258987757089635,-0.00012202340437944884,0.0042052934142824,0.001781428548996566,0.0008920437293610175,0.00010933557303214399,0.0023991197259996557,0.0024080233401990044,0.0024450298471990965,0.0008295503312108291
2018-05-17,-0.0019318426248062146,-0.00258122904084401,-0.0008024017643112084,-0.0008448493820377,-0.00197448958873512,-0.001578044834268751,-0.0008540918420255728,-0.0018447419269290311,-0.001769760061692079,-0.001918811241764644,-0.0016003974216148248
2018-05-18,-0.0009610879199356722,-4.556703899680041e-06,0.00218836283762452,-0.002500160062686,-0.00025047466896986815,0.0009650665898327388,0.0017944818603369123,-0.0010422746532802378,-0.0010139617459874125,-0.0009291274320059955,0.0008640750860740836
2018-05-21,0.004229243780901457,0.00463854897575499,0.0023031603507434836,0.0075185777605368,0.003194940726171513,0.002322972482514899,0.0025602133805375893,0.0040139109580664255,0.003841806609141401,0.004176280570759252,0.0025280530708732263
2018-05-22,-0.0016684786050355867,-0.00112485290983365,-0.001361528695454662,-0.0027800380098955,-0.0013275760093897425,-0.0010835092211652698,-0.0013554470935799039,-0.0015316766895032636,-0.001473437422391106,-0.0015606062550122517,-0.0010905478183500493
2018-05-23,0.00466722275281856,0.00282380638930826,0.0032646072662137985,0.00275101984467,0.004783718996282786,0.004879701258060832,0.0035674087395446497,0.004585249711474103,0.004552921465962343,0.004797660776042587,0.004721922429230082
2018-05-24,0.0025448805869338073,0.0009381753318008499,0.0023982569900458323,-0.0020483108528304,0.002466649430186219,0.0023380449226287165,0.002081899418238186,0.0020622466843181683,0.001714668469844055,0.001692109017457811,0.0021267245737432265
2018-05-25,-0.00030662840097192513,0.0007963049492278802,0.0012049769666367099,-0.0023828821362401,0.00047427594051714585,0.0016925731603369908,0.0010647601291384017,-0.00022049131344914008,-8.619280817261273e-05,0.00011756148421178522,0.0014919917214069821
2018-05-29,-0.001716954153340882,-0.00183236847772944,0.0026900287328451896,-0.0115010306807378,-0.0006363533317778189,0.0027864435400963166,0.0017663584248381963,-0.002500571253493671,-0.0028528064227510003,-0.001936829214138782,0.0020116929397350517
2018-05-30,0.005740325431250418,0.005973035186796051,0.0010210901084582702,0.0133448314960598,0.0030950784260988223,0.0005813299865170694,0.0015088715174802504,0.0051970252525832,0.004750094033733597,0.0052137904718752535,0.0010321107395423695
2018-05-31,-0.0028968462704191157,-0.00296598936604644,-0.0021958800532071417,-0.0061258311053783,-0.0017995810957316582,-0.0011327059975986902,-0.0022655133395747397,-0.0025233907547649675,-0.0022526514734578775,-0.0025754568632049514,-0.0013594918512128571
2018-06-01,0.005124421361003869,0.004332710023274731,-0.00010409742014986487,0.009817270519193,0.0038022301219506633,0.0019775549908795246,0.0003654956468981691,0.005292931004199215,0.005068881944434049,0.005984119114437185,0.002081790323232332
2018-06-04,0.0020370532221364018,0.00269390679798579,-0.0009821738741143515,0.0047515779432532,0.0015645413481857576,0.0006423063645608852,-0.000610525974680357,0.0022048801978018914,0.0023082802719617576,0.002856631067297549,0.0005506443192850291
2018-06-05,0.0028570617996673993,0.0007655484327171601,0.0017487407638821124,0.0007276033988412,0.002506946677270899,0.002479841595755489,0.0018346754968576432,0.0024237493392897254,0.00202118974507492,0.002178291640002432,0.0021412063802985866
2018-06-06,0.0019332698555503507,0.0032659870167928698,-0.00044992320443402436,0.0083606001956819,0.000601512550785825,-0.0003877742349174392,-0.00013498870815244917,0.002098999430033409,0.0018644974147092627,0.0029759403124382635,-0.0002570880663492589
2018-06-07,-0.00042081807276717347,-0.0017858783250323902,0.002149047188603425,-0.0001082130659101,-0.0005899976561743968,-3.16863981818195e-05,0.0021403664273087052,-0.00047097652649181077,-0.0007815022342515782,-0.001032940770134298,0.0003984998705161821
2018-06-08,0.00022772397900358457,0.00040395556685036174,-0.0002218651917492905,0.0029562715103765,-0.0003513936695939082,-0.0005746856725685235,-3.767412953189532e-05,0.00024754524672243995,9.162039865791543e-05,0.0005629742196428457,-0.0005172446262009845
2018-06-11,0.0009523441227346162,0.00084246710072864,0.00010532502102227183,0.0013303400992248,0.0006774267215510577,0.0003249745934266642,-5.2837800397575714e-05,0.0009793086755677987,0.0009134376264377628,0.0011638247716184535,0.0002888610915059762
2018-06-12,0.001893927078351225,0.000458445000752246,-0.000414233857111565,0.0012924032529335,0.0016570865775340264,0.001051101251973263,1.82426889300551e-05,0.0016168755746560322,0.001427834467915726,0.0014537838892632819,0.0008213375811602492
2018-06-13,-0.0007468471443829154,-0.0031597820848030247,-0.0009574771248804527,-0.0031914598470966,-0.0004803177231292123,-0.0006222847657923634,-0.001243321366496768,-0.0006476149844509248,-0.000556777676019651,-0.0006871068057557823,-0.0006624212475767896
2018-06-14,0.006526201588753354,0.0036135610893678204,0.0033148320822780617,0.0025178189064496,0.006329929116120646,0.0051872175999757835,0.0034827952367138125,0.006106089155844663,0.005720111533374243,0.005490460518390859,0.004900403860134158
2018-06-15,-0.003261279291963751,-0.0034336608620753203,-0.002403490926661676,-0.0012752809400496,-0.0034678096675115912,-0.002608006002559067,-0.002155158258110454,-0.0036599534635065826,-0.0038997233253950025,-0.004066945389333403,-0.002599234624078158
2018-06-18,-0.00060751867548198,-0.00203153667357062,-0.0009422084142777867,-0.0020570597453407,-0.0005767887230935249,-0.00020290676329907942,-0.0006997368479462542,-0.00103895547835745,-0.0012211369250344963,-0.0012769612632933783,-0.0005825767678977951
2018-06-19,-0.0003357639069798326,-0.0021408807334748823,-0.00018821472220751094,-0.0038325796691064,-0.00038783658498036484,2.2178056227593955e-05,-0.00011478359263660757,-0.0008826908171594317,-0.0013374188238503837,-0.0016381680310292549,-0.0002028220883987843
2018-06-20,0.00025521599671732157,0.0011047439983985102,-0.0028845548853458345,0.001705716995108,-0.0005988610765372715,-0.0009003936249007426,-0.0025360430394993916,-7.79517937729745e-05,-0.0004010672462919695,0.0003243025291029654,-0.0013128933038672966
2018-06-21,-0.0035370942174284448,-0.0035345201630772797,-0.0011460652851327047,-0.0062686255848402,-0.003408169501625557,-0.0022683107527127298,-0.0013866123609727649,-0.0036430481078356695,-0.0038824905373652623,-0.004188822562733516,-0.002076764539087327
2018-06-22,-0.0003407587114649941,0.002883007457958951,0.0013739980508183478,0.0018230903537028,-0.00018112925905082596,-5.7396673173440674e-05,0.0009700064007969211,7.776247374346296e-05,0.0003648304108487443,0.00038492516027647367,0.0002844041665443945
2018-06-25,-0.01088273750838156,-0.008345981344139431,-0.003731208082469685,-0.0136128536050225,-0.009234180752608168,-0.006623114284675609,-0.004159600757945195,-0.010692175613011298,-0.01014916103306227,-0.01124530739284008,-0.006345109532531644
2018-06-26,0.0018963036034373628,0.00131895057035564,0.001275304956115657,0.0022139278977999,0.0023477123109499126,0.001967217660466631,0.0013994410890507854,0.0017380802647128152,0.001958337541639193,0.001557429496685371,0.001768660540318846
2018-06-27,-0.0054564271805362125,-0.0059427781962867205,-0.0004767130267355411,-0.0082840324546298,-0.0041798764769995795,-0.0026265571830142356,-0.0008418151489982038,-0.005209590491985149,-0.004839253184379868,-0.005986670543250203,-0.002132710383139584
2018-06-28,0.0036334778225263205,0.0033520975619019803,0.0002664701123860073,0.005717648370128,0.0023812410759163354,0.0012581301499423228,0.0005291500889913501,0.0035408565180978244,0.0030174622712149488,0.0036767803705265957,0.0013694299828955732
2018-06-29,0.0005703437486233298,0.00264065809297793,0.0006695894526469269,0.0014393539499495,0.0009576430805215504,0.0008751639332960831,0.0005575785903930602,0.000983085893893147,0.0014393560389682394,0.0014714746276792443,0.0009541584673363811
2018-07-02,0.0015260890333488252,-0.00201827003598553,-0.0011021480503792497,0.002138203127963,0.0013436627066760651,0.0008692655978521638,-0.000404290272213443,0.0011467837175788997,0.0010197080460327954,0.000966531842198113,0.0005745733847799813
2018-07-03,-0.0009113091641283803,0.0021831066442137403,0.0028087470210883593,-0.0035309643877147,-0.00018990991949138802,0.0003689458787777427,0.0022331723380282975,-0.0013018990134545613,-0.0013396203084459423,-0.0018954104321753605,8.722959499927411e-05
2018-07-05,0.007659161739391993,0.006068380521422048,0.0036845833410833035,0.0081575850998283,0.0068429017251248605,0.004968699117500424,0.0037859843451708815,0.007369076804957514,0.006967457788856582,0.007330874742701622,0.0047353753666994755
2018-07-06,0.007801473937998824,0.00608698334076461,0.0026272379669615166,0.0084583351317841,0.006465131434792789,0.004748553398911482,0.002985451072997913,0.0075040665337500305,0.006855534033126961,0.007471088262673692,0.004646782392445405
2018-07-09,0.0036221020476530615,0.0038103406561233503,0.001685920376519379,0.0090040611323025,0.0032845595649354854,0.002237268308172292,0.001980913188701377,0.004123412864582676,0.0045063587740832335,0.005079856732929544,0.002398646876552184
2018-07-10,0.00018456928230974173,-0.0004692471755766705,-0.0002989555870994935,0.0035985328285654,-0.0005499135606093404,-0.0008491102923878972,-6.778084926140505e-05,0.0005353595632931634,0.00040233751357635544,0.0008585443804291422,-0.0003547347177862168
2018-07-11,-0.0041875545810463,-0.006330823410388091,-0.002120643389146829,-0.0073143733975014,-0.002818069801412913,-0.0016026985186959348,-0.0018744875734240634,-0.004166268871537707,-0.0036727534054019203,-0.0047539348042207425,-0.0015730225633292239
2018-07-12,0.0079309692705761,0.006144640063703192,0.0030861352067254096,0.0090658550749247,0.007194092288929231,0.00533580840933486,0.0033815668738047125,0.00823188972440984,0.00818970597061094,0.008744522081800796,0.005416104542948333
2018-07-13,0.0001994455713159272,-2.4011306219300674e-06,0.0005287072706246455,0.0007875904322476,8.203462569962084e-05,0.00031471258801067745,0.00042061602267273366,0.0002755568501486693,0.00023381637462367483,0.00019504898294327513,0.0005257819004431695
2018-07-16,-0.002479622947637701,-0.00264003376643209,-0.001501630086172458,-0.0008939177532792,-0.0022231359694573323,-0.0018492604777244576,-0.0014892281940841418,-0.002122821016446894,-0.001781415054949735,-0.0017340522869864396,-0.001666985815077152
2018-07-17,0.0010561489946434288,0.00031111677720696996,-0.0007077216672715463,0.004045108029032,0.0005556019050654213,0.00028562456431107254,-0.00036267958705709724,0.0009214551643190359,0.0008051160206063514,0.0010337211511931854,0.00027401859233432797
2018-07-18,-0.0009473243864416748,-0.00071114630663794,5.569168258090195e-05,0.0021033509089818,-0.0008145460337780252,-0.0005195867648382081,0.0002459745223774677,-0.0007759019859391148,-0.0005018783219396446,-0.00036909319720277453,-0.00047478533863049965
2018-07-19,-0.0003727494112988448,0.00020181532011768013,0.0005161637975407205,-0.0037711559944278,-0.00029881816068808443,0.00011789193956661035,0.00030677196970020583,-0.0013385780316880857,-0.0018978995169776055,-0.00238424666001286,-0.0004207158715266436
2018-07-20,-0.003162127876419871,-0.0008308466024264398,-0.001812887648324791,-0.0011428739549993,-0.0022498734718641223,-0.0016140944402660627,-0.0019389016364915633,-0.002294693039258295,-0.001281188779323603,-0.0011132627938816176,-0.001503307051449512
2018-07-23,-0.002589968570479016,-0.0028430263936733303,-0.0032929112572612535,0.0018588021475958,-0.0023903579411595536,-0.0023000024940404724,-0.0028929567855931356,-0.0021148112407094214,-0.0014924122500987527,-0.0011391686161549123,-0.002272049424855641
2018-07-24,0.002127889226924458,0.00215546303936518,0.002138089371522508,0.0050326115343259,0.002092486865878827,0.0015059133583226452,0.0020873100012160453,0.003053461580394717,0.0034624706626802384,0.0035069707926588065,0.0023532507620789124
2018-07-25,0.006504207662160366,0.006234433431881349,0.0026818468914345055,0.0085221827421728,0.005791787406825832,0.004277260974069718,0.0029484057413104153,0.006903952384878056,0.006925222063841592,0.007560872082104148,0.004436415416655294
2018-07-26,-0.0060509670997568096,-0.0034258678847052804,-0.0014173809088080373,-0.0023590009219977,-0.005198661380595386,-0.004038105635226457,-0.001330256696982141,-0.006367719582374126,-0.006041057314391616,-0.006638176326574973,-0.004180437637243376
2018-07-27,-0.006667961734320231,-0.0039048900854191304,-0.0007126077997203719,-0.0067762294457263,-0.005225049794287642,-0.0034563368738123245,-0.0014058608474649915,-0.005772701580664804,-0.0048849113260482375,-0.005636058679643941,-0.0027363732784001105
2018-07-30,-0.00702527033001161,-0.00345082025152637,-0.0022317224792195427,-0.0052236019085862,-0.006125051040262706,-0.004697650125055598,-0.002578958164463631,-0.006734195829748873,-0.006210493054140165,-0.006603223190646713,-0.00447916047030471
2018-07-31,0.006140560660300289,0.0059087533238465105,0.003125785900322195,0.0049293095845401,0.005453993287203182,0.004094084837924933,0.0033336399897229705,0.005607264407791138,0.005039279416098535,0.005185714738444791,0.0037768480127300585
2018-08-01,-0.001813421746951348,-0.00268204550751163,-0.0034349452165678505,-0.0016704925432162,-0.0021275176529627978,-0.0024442621002458576,-0.0031444976482017046,-0.002207433633682168,-0.001890539213826273,-0.0018318750215303675,-0.0020820644403061785
2018-08-02,0.0048146895162635515,9.698146964818997e-05,0.0012079906989984712,0.0054474355755986,0.0045873666694954155,0.002662518756106684,0.0017584558288324926,0.005203311605367117,0.0049093327684819115,0.005178285359836495,0.0031972178505464887
2018-08-03,0.0034124888403136416,0.0037196218376698803,0.003003681017137098,0.004285086376107,0.0033297499733870766,0.0030537029632843526,0.0031745208918042504,0.0035446078984274773,0.003564278042079738,0.00369218829981209,0.0029247937089396793
2018-08-06,0.0020629349901948855,-0.0001232016261001001,0.0006168688908989436,0.003667190964901,0.0018920682721766558,0.0013025090507903846,0.0009878476034121822,0.0022635243883856564,0.002113704946952828,0.0022268067850535036,0.0014368127875209972
2018-08-07,0.0007755704225601249,0.00175002008235419,-0.0006309295514109761,0.0033022537609455,0.00037577141702429504,-0.0003199469418930171,-0.0005789059001016277,0.0010319831135968513,0.0008038953478379154,0.001504951188994485,-0.0003048650546751025
2018-08-08,0.000279995442748429,-0.00050042805549015,-5.882686935730272e-06,-0.0004203244397751,0.0003592666077817012,8.187457440705665e-05,-2.4430537203861725e-05,0.0006817319666129883,0.000343838420691027,0.0006623672034431715,0.0002014622661980608
2018-08-09,0.00016168621694018356,0.0005692497863915,0.0010670629590915056,-0.0013658289083607,0.0006532441909709056,0.0006644955382289074,0.0008535093864744019,0.00099362565308896,0.0002937439313953666,0.0002499883439497474,0.0007379272269307495
2018-08-10,-0.0026280605944628463,-0.00532653681964341,7.653462792618743e-05,-0.0067004031510896,-0.001906602248327551,-0.00028560438833883707,0.00019296670908264767,-0.0025347161978220047,-0.0026506714397501905,-0.0032800791669406904,-0.00030848873233187797
2018-08-13,-0.003473421775297365,-0.0050401887359006,-0.0027744235771764458,-0.0037434919806399,-0.0035052343106104994,-0.0025579949939890613,-0.0028004100962517233,-0.004062633163219579,-0.003462643576979771,-0.0041062467267946184,-0.0024254366338945206
2018-08-14,0.003523155641917194,0.0032481356111839508,0.0015222550036491176,0.0063805059049615,0.003149890554741514,0.002196227651295142,0.0019685416424651916,0.0035858775675744374,0.0034770450668393394,0.0038046469149873967,0.002190293070382642
2018-08-15,-0.006571278705554116,-0.00740568269883036,-0.002280704698203603,-0.0074673490904658,-0.0061098812455857385,-0.0030775062587694337,-0.00231633731746667,-0.007058294352699465,-0.006458633420609523,-0.0076313289249647885,-0.0034618855689047758
2018-08-16,0.002808306085776831,0.0042159743552298784,0.0022175769736005567,0.0080914185031251,0.0023986037103519804,0.00225375826156191,0.0024644437190209628,0.003207115829831095,0.002883548740062772,0.0033974479098803304,0.001902373845205419
2018-08-17,0.0024326391635655664,0.004549201618760421,0.002357867492753223,0.0035206787776949,0.0023806481659539086,0.002046872248134989,0.002316431581334626,0.0027333694830551486,0.0024256155935738536,0.00282614073217864,0.0018435001541912324
2018-08-20,0.0020795776542345515,0.00320797734453718,0.0032331371603123824,0.0021399168893643,0.0023118347594721193,0.002573981819978877,0.002987898341474375,0.002559852546250747,0.002156443076593789,0.002250976580562953,0.0023790354077378203
2018-08-21,0.0011134586084376326,0.002603170022066,-3.5536650692549504e-05,0.0023454735732431,0.0009894253337883671,0.00016977979536672588,-9.140324940540615e-05,0.0016272266479455209,0.001033965126182934,0.001612797602207284,0.00031284018107184154
2018-08-22,0.0016346354273645005,0.001984674076817643,0.0010679743531115328,-0.0005936332636858,0.001899674660814787,0.001052535018943445,0.0007634638108225862,0.002158440030742333,0.0016824324095622155,0.0018159027225006466,0.00138519931461908
2018-08-23,-0.0018733005230795337,-0.003926117974516791,-0.001393362347895518,-0.0013282928546083,-0.0018232452838457215,-0.001289628481774744,-0.0012316131785806714,-0.0019301758921401273,-0.0017899252224610046,-0.0021289516754975676,-0.0013326017072424529
2018-08-24,0.007188779148031626,0.00727579046773626,0.00400694764582823,0.0060187366170898,0.007077567082967752,0.0044900672553970684,0.004111574308743491,0.00754119247506195,0.00716576052794802,0.0077831053250709634,0.004748395490050215
2018-08-27,0.004205998774410309,0.0037871183296061504,0.0009185351314938135,0.0078952685993598,0.003479118668369867,0.0016945318119407755,0.0011009989024154691,0.00432215540552747,0.0042923954283873925,0.005178426733461153,0.001803433735304523
2018-08-28,-0.002140378193697988,-0.0008138797282704301,-0.002834504796436726,0.0004832809531161,-0.0024815616239117874,-0.002327140039418003,-0.002615228594047797,-0.002066140135384428,-0.0021071421926257346,-0.0017749325178572646,-0.0022845862041989875
2018-08-29,0.0048971285073844545,0.00362182033428694,0.001390187618695212,0.0053805761640368,0.004675744197906229,0.0021980258422548853,0.0015072490885754916,0.005651522171944439,0.005056709098858929,0.005829319233447693,0.0026041017431888214
2018-08-30,-0.0015546521933944427,-0.004854523818172611,-0.0006507401042482625,-0.0040483948442594,-0.0012382573750481835,-0.0005717385255487983,-0.0006227176082447821,-0.0017511623709056397,-0.0016060608141634947,-0.0021333807119256983,-0.00040030869265924744
2018-08-31,-0.000319846811782595,0.00015323792354396588,-0.0007940935345015252,3.455153004505718e-05,-0.0003797683624213048,-0.00027873984611677155,-0.0004569063915856987,-0.00020966953554861915,-0.0003615707313246511,-0.00017298280119199116,-0.0001758129683128886
2018-09-04,-0.0033109038645277424,-0.00652978823614525,-0.0028126027831670247,-0.0017224114377523,-0.0035534978596998665,-0.0025571889081379092,-0.0024364033729235793,-0.0038485527338208286,-0.0033601154501622195,-0.003495718623102483,-0.002758921925481935
2018-09-05,-0.004237756699580515,-0.0035961755594362353,-0.0009117455525742094,-0.0026913100603034,-0.004194507051540456,-0.0016559441879854956,-0.0006747323251771572,-0.004638799686761579,-0.004350268327772498,-0.00448400685248989,-0.002336962773830851
2018-09-06,-0.0019435496837861635,-0.0007433548362800301,0.0009775147786398434,-0.0030100084570027,-0.0016630184473276747,8.46540126714128e-05,0.0008282386496890367,-0.002390851448095248,-0.0019682208435900044,-0.0025338356730649947,-0.00032653685319248074
2018-09-07,-0.0037010687428099052,-0.00501301884882443,-0.003978913598196571,-0.0019432738901966,-0.003979450916309312,-0.0035992742477411696,-0.0035920790148842616,-0.004004561507330584,-0.003801167101434747,-0.003652260728733199,-0.0037248130964938862
2018-09-10,0.00246420143070408,0.0013938148029432702,0.001870413614278398,0.0017386411405495,0.002527897697845335,0.0017717270244117205,0.0016613276354636212,0.0023601074952977396,0.0024786135121247603,0.002167920003733333,0.0018728021644370536
2018-09-11,0.0018448745334727068,0.00027397032636825003,-0.0014182805215186595,0.0032971104027998,0.0013157682394601307,-0.00032939500475308547,-0.001039783823092222,0.0016154250392949405,0.0017984205356278461,0.0022319319121894983,-4.494044377571554e-05
2018-09-12,0.0011044357100315242,0.0018656059801689202,0.0020514706925870998,0.0002422507774324,0.001217818651277953,0.0014794018276777215,0.0018572722379833076,0.0009627854008428171,0.0010752530278130864,0.001012843350919257,0.0012724332815014167
2018-09-13,0.004467826451221609,0.004258339352266112,0.0016656345939635225,0.00591472107761,0.004127151032238664,0.0023641574839242995,0.0017638720388001889,0.00455385828331549,0.004614448304664478,0.004776723409203567,0.002629097876002115
2018-09-14,-0.0024168112686436885,-0.0018696108923097802,-0.001610447206254769,0.0001716131469893,-0.002627528148739412,-0.0017005806153430854,-0.001555050340692241,-0.0026547294329547604,-0.0024995124104025997,-0.0025569711694686933,-0.0019124093498523024
2018-09-17,-0.004812623705183181,-0.0030417059100420205,-0.000839429175637578,-0.0052942103535595,-0.004578505758697777,-0.002202985121423411,-0.0011813667285260796,-0.005222729506999893,-0.004849540307387287,-0.005135269582422414,-0.0028228696561246537
2018-09-18,0.0013877497027853691,0.00130072288523339,-0.0016571928607395882,0.0054262675665732,0.0006129630341091697,-0.0007249520772251193,-0.001431731771145757,0.0013604217293343307,0.0013766864120608687,0.002200010880031801,-0.0005589605368476934
2018-09-19,-0.0003430182191936339,-0.00029103629907342005,-0.0006512367504933234,0.0010652967297488,-0.0007039344258570555,-0.00053060908192478,-0.0005394988760717568,-0.0007735069175701605,-0.00039727846448712263,-0.0001410374266443765,-0.0006728929793285381
2018-09-20,0.00645514849516315,0.00720188058833705,0.0036055907572173813,0.0081041386131888,0.0062840111479020135,0.003910253619182297,0.0035284445185489502,0.007163834956171334,0.0065790316640391856,0.007053992918651308,0.004103881161157738
2018-09-21,-0.002825722914539362,-0.0013131119555127202,-0.0008294985200656155,-0.0009138977740061,-0.0028982084256278014,-0.001281380510958661,-0.0008638879180517539,-0.0030969491479847476,-0.0027725161028360396,-0.0030120420144931015,-0.0016340017153211569
2018-09-24,-0.0006725223023291263,-0.004414130427289,-0.002036478585375944,-0.0033219030786478,-0.0006223566666747715,-0.0014663064522546997,-0.0020108208381585087,-0.0007950626357761584,-0.0007060725976672759,-0.0007289652219095292,-0.0010396896637353504
2018-09-25,0.0004237751025159835,0.0010611290687765201,-0.00012465372630708526,-0.0009272150346549,0.0004706967003640548,-0.00015494778953643114,-0.00036161466476161604,0.0002891265819668209,0.00034462180959044235,0.00023732337208078654,2.3473332092477064e-05
2018-09-26,0.0003298685072218874,-0.00122604340090867,0.0010902936841913685,-0.0029925244127302,0.0006767187226409356,0.0008478985767069736,0.0007476326591743965,4.7161823123943345e-05,0.00043489016943478744,-0.0002992526747511439,0.0010604147545362924
2018-09-27,0.0021904255149575343,0.0012102978738622277,-3.306827383195242e-05,0.0027942407343859,0.001978558291665128,0.0008570732091002016,0.00022838488535333986,0.0021397926786887516,0.002291717718919687,0.002178694935430734,0.0011934133503419778
2018-09-28,0.0005316512170532999,0.0005107568797542101,0.000242956863561911,0.0001029309712092,0.0004924410292934866,0.0006189901098203536,0.0006004950076072391,0.000452294518259624,0.0004183694252696188,0.0006355002638701107,0.0006333649730937778
2018-10-01,0.0007011716784293488,-0.0028478108722896204,-0.0010136881499567955,0.003474152880903,0.00031439796156318775,-0.00017586862972633838,-0.0004606785932541328,-0.00013339718968927844,0.0007185175506725253,0.0001395810737496397,-0.0007137772710477384
2018-10-02,0.0006205418486935819,-0.00125158504567526,0.0020261137192592715,-0.0005824509139257,0.0010644993746822,0.0014482726753085717,0.0018932284680493036,0.0008204903120549968,0.0007355465465588787,0.0013997218696807892,0.0012002008672379843
2018-10-03,-0.0022258098131828076,-0.0044911633562063295,-0.004799817306502275,0.0005481901252339,-0.003007905872529123,-0.00399959288232195,-0.004348801506193108,-0.0025737609632745795,-0.002358516235300729,-0.00254993146596809,-0.003794668830198587
2018-10-04,-0.009566908800159538,-0.009932770450896121,-0.004448819956965508,-0.0078153689081372,-0.008235809577230628,-0.005092449482579083,-0.004439959228122392,-0.010024829244838523,-0.009480092449492435,-0.009565227730737164,-0.005658831164694218
2018-10-05,-0.006607504640385458,-0.00490831096889394,-0.0034863528368160356,-0.0055970374852435,-0.005792994673232674,-0.0038806516068489727,-0.0034490746983999844,-0.007007240480085197,-0.006555005304642714,-0.0065076349460603325,-0.004179052256196421
2018-10-08,-0.0032333497367196856,-0.00121969426420106,-0.0014938942547664188,0.0,-0.0028637711596618924,-0.001099731315969924,-0.001215541460128631,-0.003617750935753782,-0.0032721954705712216,-0.0039294120614028274,-0.0014877476007914923
2018-10-09,0.00182383796984922,0.00084277813838531,0.0014376621366985723,-0.0014591585521003,0.0018633229792401579,0.001135017517863799,0.0011517642611872793,0.0021056020177498604,0.0018927565548064313,0.001950371472545399,0.0012772438344889176
2018-10-10,-0.023479528965653716,-0.0172630367993191,-0.008715021107561852,-0.0316630717921864,-0.019252222608238036,-0.011763614042474889,-0.00997464638655176,-0.0242326523504912,-0.02313184635000999,-0.023493534522446735,-0.011931070037528548
2018-10-11,-0.006533753911679166,-0.00600985566033127,-0.00021037604554011526,-0.022026703293587,-0.004261466745291945,-0.0031001930112450602,-0.0017203014302539308,-0.006311374353637598,-0.00615102746955121,-0.005192605389474135,-0.002270627512894421
2018-10-12,0.011974378014475824,0.00630283120368729,0.002414082448484478,0.0138883705918839,0.009546854834130944,0.004648999424102999,0.003331619999417905,0.011614021905660857,0.011859174532942236,0.011445662968544457,0.0047148288989316235
2018-10-15,-0.005229301667380704,-0.0015315386040371205,-0.0010347227991599193,-0.0056169254831001,-0.004242910657785849,-0.0021220125286546127,-0.0014388148181754758,-0.0047891775593025925,-0.005202198574883545,-0.0044898202062890755,-0.0020470450541260283
2018-10-16,0.016071202917127846,0.014573305019954356,0.006486703081180873,0.0218655862547596,0.013229642373428595,0.00836422813619123,0.007214929628787329,0.01683513886764898,0.01578874638044332,0.016148784470417298,0.008670183450038803
2018-10-17,-0.0014406368868522881,-0.003935660688838134,-0.0026832492986508106,0.0001784794747992,-0.0018177035999434024,-0.0022918715111789312,-0.002403284521013816,-0.0014063617335588765,-0.001464211597225335,-0.0011401641043503915,-0.0024032808608492346
2018-10-18,-0.01130782808360899,-0.009813248674962291,-0.0032589360983115508,-0.0144410438592696,-0.008990309182366726,-0.004649226547324105,-0.0037212075686046267,-0.011925416453392526,-0.011109764227892612,-0.011509520394308328,-0.005002460324661949
2018-10-19,-0.0008640687361732764,0.00078445572111326,-0.0009825708338710912,-0.0005425663506321,-0.0008434204055013962,-0.000900471205449276,-0.0009068111987264967,-0.0012037049973257243,-0.0008151443793387072,-0.0009435511278086501,-0.0011719055276305317
2018-10-22,-0.00042316275447477425,-0.0013950768241013899,-0.0017587444980981365,-0.0044885236251928,-0.0005989862504636687,-0.0016197009803598887,-0.0018894328036486968,-0.0004826192638527193,-0.00040110370378942353,-0.00048228570110302356,-0.0011504920398052818
2018-10-23,-0.0016460262046815288,-0.0020672180111911903,0.00044812212914069956,-0.0050910642143983,-0.0009096791558381417,-0.0001266512086480713,0.00021086404395775178,-0.0017744289142116471,-0.0015303566782026358,-0.0014194303752666085,-8.873513842065663e-05
2018-10-24,-0.022054172075755288,-0.014820369714139841,-0.005516982739470289,-0.030298502287236,-0.01728525350305246,-0.008736006951248041,-0.006785689318652891,-0.02285622596952818,-0.021623323797651726,-0.022181431408338052,-0.009316127783631365
2018-10-25,0.015144193389363684,0.01088497835053076,0.003260702581994674,0.0179405230831208,0.011875288650456412,0.00553145795422212,0.004066326831519258,0.01565432956772774,0.01488731913235426,0.015258985272490585,0.006157336925124943
2018-10-26,-0.012027057141100021,-0.00811856449307778,-0.0020096908730719283,-0.0175876164925655,-0.009243058996498767,-0.004248510451882717,-0.0030395529301799743,-0.012087829423631024,-0.01181893083952041,-0.011826794580555015,-0.004247723906197688
2018-10-29,-0.008614759194209289,-0.004646296183667759,-0.002274566389848453,-0.0055399100679569,-0.0070875673056866794,-0.0030745189150233844,-0.0024085799490591547,-0.008889116913036236,-0.008573686754447566,-0.008881132906928817,-0.003674869261336621
2018-10-30,0.00829323037518703,0.00836574589492471,0.002033425065576018,0.0148183722066896,0.006293332404037842,0.0035348594520842277,0.002712262783812201,0.008802526977150369,0.008046282277285249,0.008383435858879162,0.0036180884308037848
2018-10-31,0.008790095211202904,0.00267006285314262,0.0002919547118092904,0.0106807278085083,0.006550960830828782,0.0021807687867354147,0.0010085055460534276,0.008731912419534003,0.008660610633519885,0.008591079786103462,0.0023515051028039015
2018-11-01,0.010047420224139354,0.011784353663601541,0.005552753574451349,0.0106419639820982,0.009474364988649096,0.005732402616452362,0.005649338837430755,0.010649404338329846,0.009591456492512945,0.009917045982458352,0.0061231152475243345
2018-11-02,-0.0073447495735874365,-0.00404452404988561,-0.004511830207196424,-0.0059230873068564,-0.007276923609713578,-0.005516310459903849,-0.004618393629882761,-0.007368849090153487,-0.007598226437893414,-0.008242244055829837,-0.005338282437353928
2018-11-05,0.0009503722754121214,0.0023734596435186,0.0017797512613961699,0.0055171136976088,0.0007419370051047448,0.0018907563807240033,0.002111785859063877,0.000917575865930049,0.0011136966099878545,0.0011654408088369453,0.0015787987113270068
2018-11-06,0.004160589005647448,0.0023426072767089305,0.001390403716679602,0.0063276939969554,0.003857275742162205,0.002224689286912697,0.0017708834789204042,0.004160209446559062,0.004252882709699786,0.003939158581583536,0.0021530019645439598
2018-11-07,0.016556338450911378,0.011866710315565888,0.006027029892141325,0.0214093248364619,0.015335207882987527,0.008675260625087784,0.00713569277440575,0.016972420974925174,0.016516721269742123,0.016601046703679966,0.008583055495905625
2018-11-08,-0.003507672462791328,-0.005241376195100133,-0.002196703673005386,-0.0018149260219375,-0.0035741485252421216,-0.0023563976833808394,-0.0020617376481253027,-0.0034030370648010606,-0.0035073573773171393,-0.0031666275405962717,-0.0024358044931047885
2018-11-09,-0.009713839087340071,-0.006949641751145431,-0.002090127905157912,-0.0097687060233758,-0.008981007555050612,-0.003090004015222391,-0.0026702618980282205,-0.010152999950848795,-0.009157865207685441,-0.009018401385175345,-0.0034274247674579896
2018-11-12,-0.015969905823799466,-0.009495426163796922,-0.004367616467457513,-0.018684920202548,-0.014747915690777864,-0.006667629577701811,-0.005421103748911227,-0.01640063253356517,-0.015558148517600496,-0.015361062540048678,-0.006775452361308864
2018-11-13,-0.0005913647541665912,0.0009795759269174001,-0.0005043396768666721,-0.0018713135500725,-0.0005439521398854625,-0.0005890576848244154,-0.0006827007353573354,-0.000615266864011326,-0.0006225217183797221,-0.0005030893644233205,-0.0005824543589885497
2018-11-14,-0.003723805363407208,-0.00091149453304506,-0.000847459473124731,-0.0068364470428073,-0.00342740610304043,-0.0020255228524344816,-0.0013629440852529929,-0.0036993051444683765,-0.003990129640936124,-0.0034463581314872213,-0.0019701185788150613
2018-11-15,0.008215106419493561,0.0060340543906431815,0.0023078541101998473,0.0104364713735651,0.00738101203258589,0.00371721430692769,0.002865275262577067,0.0087744987102727,0.008023231070883803,0.008627856857898037,0.0038595218949474246
2018-11-16,0.0013730684341218369,0.0033538225564678104,0.0031500694976799976,0.0026009425227522,0.0013426322313529982,0.002440407311248544,0.0030470445201124406,0.0015387909932582937,0.001241397772226291,0.0017481687272677747,0.0023869977707803767
2018-11-19,-0.01512551405351424,-0.008676419229486601,-0.003877626124688747,-0.0169147291369421,-0.014048738291298438,-0.006588398720234322,-0.004837461826187032,-0.015588658132194027,-0.014997380115810918,-0.014942134922702481,-0.006776249829882678
2018-11-20,-0.011627266480473233,-0.01070759810407234,-0.0054755470856114605,-0.0185063672379562,-0.010556729434072893,-0.006995179954975528,-0.006290297355527871,-0.012042862635902856,-0.01155550752499845,-0.011537509504644605,-0.006914242240852974
2018-11-21,0.004168300262782384,0.006162364256320581,0.002052374183739647,0.0034075995465454,0.004009962811926575,0.0021241533665750083,0.0017695893182015465,0.004447869735566802,0.004077391777857692,0.004007935341783012,0.002461555385137373
2018-11-23,-0.004196529104167447,-0.0033827296924015702,-0.0013287193558782465,-0.0066784414255377,-0.003769280823428848,-0.00202944923358181,-0.00175401055393901,-0.004226888249778053,-0.004144478892872491,-0.004132484897866167,-0.001844284166016238
2018-11-26,0.011798684513966899,0.007777673459825701,0.0037248955095659205,0.0161443518914619,0.010783251342415406,0.00575191694772024,0.004584765319696699,0.01208791695649832,0.011732641296433994,0.011670669324972903,0.00565582614924419
2018-11-27,0.0007302780448307617,7.397024954783999e-05,-0.00018685809427559165,0.0033641567388029,0.000500133906441713,0.0006864879555241269,0.0003094275344093624,0.0005655728251196964,0.0009431204844600322,0.0010095691319207164,0.00031105621045691306
2018-11-28,0.017959548204986416,0.012851149163770777,0.006681857411656631,0.0230253098661123,0.016608408637901115,0.009406285053658035,0.008009959481431635,0.018397581422859716,0.017703858432823624,0.017367650616228178,0.009461582368107952
2018-11-29,-0.0018367471476725228,-0.00148641430510756,-0.0002372248892889673,-0.002184838308094,-0.0018674290620056462,-0.0007050305755773646,-0.00041849368910909014,-0.0015787858812976814,-0.0019563804410112234,-0.001034228683052302,-0.0007046009093756912
2018-11-30,0.003622459806181376,0.0026136108215785102,0.001659853559546118,0.0060948984938151,0.003183562553385306,0.0024321288618689447,0.002038289344916193,0.0039371566297539224,0.0036535692535170448,0.004258359592868845,0.0023803305398313367
2018-12-03,0.011342733258911258,0.009961058888948961,0.006156609101122427,0.0132416300916557,0.0107472254213587,0.006998297709258533,0.006481887696198269,0.011653114305405929,0.011217230094601321,0.011697144936226297,0.0069152276134107
2018-12-04,-0.020528684995929372,-0.014767759252944919,-0.005555322458860521,-0.0324024019652197,-0.01829777714393046,-0.009529147729097326,-0.007574422009270591,-0.021274727020913677,-0.020254272139093216,-0.019306288890848143,-0.0096865817029779
2018-12-06,0.002392971048542264,0.0018402452824897396,0.001235754650109238,-0.0015169494581261,0.002693699390144421,0.0017546998109507026,0.001243305408443323,0.0022196624377620548,0.002517217998851979,0.0023528739912565527,0.001845882161554401
2018-12-07,-0.015733105322579558,-0.010677179742569657,-0.0037497669024681105,-0.0232360360076253,-0.014192626612778127,-0.007100465492630281,-0.005175792644999499,-0.016298687078759203,-0.015804323710950596,-0.01587340678894147,-0.007007751899378031
2018-12-10,0.0038611379972325996,-0.0010979389087111902,0.0010516398181002894,0.0018971331385839,0.003959324404127596,0.002091079609078532,0.001295226532346174,0.0036777521890087547,0.0041088120824331635,0.003912385021532315,0.0020288145902300075
2018-12-11,0.0012873658977821333,0.00116355977407961,-0.00025317781949679653,0.0002271339432122,0.0013938057991747153,-1.2494047764985915e-05,-0.0002779962821020911,0.0011209493954059079,0.0013790959885636627,0.0009590975924693207,-1.933137969425925e-05
2018-12-12,0.004804503862532777,0.00350247174668153,0.0011445054307799634,0.0050353046174171,0.004512639190030877,0.0015891536866023228,0.001217434148067728,0.004892358648995504,0.004662753834624229,0.004213321865632599,0.0017454139507888486
2018-12-13,0.0001705141440376611,-0.0011773229395295398,0.000283487646244864,-0.0003389169973272,0.00045815957223850243,0.0007670853346522252,0.0006483733361361171,-0.0005364140979372743,0.00039075217686129765,-0.0005996030913253225,0.0003763722261696385
2018-12-14,-0.013830474479840652,-0.008785650859227041,-0.004659609370101572,-0.0184648901886405,-0.01271159592535025,-0.006733806383963915,-0.005752957961951098,-0.01413237357336328,-0.013601734529915407,-0.013431692933233624,-0.006634498279351338
2018-12-17,-0.011503057129326314,-0.0102709267125951,-0.0026184650811803163,-0.0196184103716752,-0.010110241182219155,-0.005205098476358898,-0.003929541232524678,-0.012034313286282145,-0.01147067919321373,-0.011344347055275112,-0.00517850296068519
2018-12-18,0.0027647609101155123,0.0036259898430888705,0.0020580900411924104,-0.001096336376801,0.003071678553778875,0.002087722178717502,0.0017287683452278193,0.0026882912399911587,0.002856624817674974,0.0029415467528906957,0.002188405931217131
2018-12-19,-0.013152434785562144,-0.00877190308723783,-0.003122801284656325,-0.014975921118121,-0.01218506085832274,-0.005274530782037292,-0.004269198661251306,-0.013344112582247374,-0.012725159243055315,-0.011744711364237215,-0.0055058515979341536
2018-12-20,-0.0077002072949185155,-0.005132372764720601,-0.003733040961714524,-0.0162778903938173,-0.006809352663772413,-0.005781227081935464,-0.004623799051938377,-0.00801490686787553,-0.00817125934193496,-0.00810888024366275,-0.005602767846159965
2018-12-21,-0.016544657291098212,-0.01203551526131038,-0.00575050913827354,-0.0204894247827875,-0.01522507915265335,-0.00793352689184467,-0.006573506521975326,-0.017304904507704024,-0.016258741792863303,-0.016713950199454763,-0.008127381416002253
2018-12-24,-0.01432882236103498,-0.01111031948832654,-0.004849197358316041,-0.0264230121071634,-0.012765909434394408,-0.00807336986589367,-0.006676180064074443,-0.014545300409884849,-0.01454056391005878,-0.013825703938946873,-0.007663779033489798
2018-12-26,0.03356920382346611,0.02183452397374705,0.009805525198705357,0.050525039026638,0.030197985762166035,0.016023769303318246,0.013060586531652641,0.034738907673050615,0.033199555545670605,0.033112248763451285,0.01581832899404963
2018-12-27,0.00468868199609896,0.00275124539039074,0.0033566852521800822,0.0076770748046071,0.004220370820553293,0.003566514874131648,0.0038208107011292666,0.0048641384452925915,0.004432205006497677,0.004736029552959705,0.0034227002736905284
2018-12-28,0.0012309885549329723,0.00417580292703625,0.0037037873916780156,-0.001289841891746,0.001597552808130907,0.0029160314072881575,0.00308011155992291,0.0012891277297682724,0.0012974723633355713,0.001627416822069093,0.0030696407678696283
2018-12-31,0.006109331686364426,0.0036537146035714903,0.004315909471443302,0.0087588307073571,0.005717979037363501,0.004988003377241125,0.004720114069286572,0.006292599776015725,0.006118418352756895,0.006335270582093353,0.004920884493588469
2019-01-02,0.0023930521562786572,6.688752639832018e-05,0.0021138030634353074,0.0010403283350755,0.0024919402149288015,0.002157655999272237,0.0019410665936289801,0.002528835727431444,0.0024676681969809954,0.0026659651069047474,0.0023211064444923634
2019-01-03,-0.015557906032910983,-0.00657688169576027,-0.0017104937018149753,-0.0238629369126579,-0.013982499820664303,-0.005574593050644007,-0.003651772108121514,-0.0157203469249282,-0.015588419866482909,-0.014547637332808215,-0.005340407175161564
2019-01-04,0.02173241130342682,0.015985629537315374,0.004624843429070062,0.0334958122813577,0.019442534730861428,0.00883097586187355,0.006526735198904115,0.022504291768916312,0.021588903154288307,0.020982084976533213,0.008834101120523305
2019-01-07,0.006625300030221221,0.0051034713981166855,0.001533461208753584,0.0078846175550264,0.006048866015458854,0.002343335977323534,0.0018932009727103763,0.007080834742080094,0.006373356073478218,0.006422216215963434,0.0026380507496525296
2019-01-08,0.005736295176421156,0.0059054293701811394,0.0019565831368260978,0.0093953289957655,0.005211877394153126,0.0028950036058617993,0.0024305957103088675,0.005956107528665931,0.005747418988637733,0.005336100347192804,0.0029953749656100107
2019-01-09,0.005807850586949656,0.00578799340379973,0.0033407726836286082,0.0046736021492126,0.0057288135538529185,0.0035237265976442124,0.0033592399824737286,0.005786191701394639,0.005649042192431344,0.005174081510821019,0.0036743272893393275
2019-01-10,0.00040669357944757864,0.00207837047221605,-0.0008721466273323754,0.0035274933559481,-1.7031613512845934e-05,-0.00015458857909353733,-0.0004891320069302762,0.0005061619857165994,0.0004147600184974046,0.00020944050677998687,-0.00016458301395005752
2019-01-11,-0.0002720837349881506,-0.00014134380331335,0.0017134815922923727,0.0003863638340257,-0.0001750318443655132,0.0014150341409049911,0.0017423625538294158,-0.0002546446670811616,-0.0002387814916735282,-4.1355616979319115e-05,0.0013713839801175122
2019-01-14,-0.004799637915872169,-0.00457246515261062,-0.0024435426663528643,-0.0061011239477561,-0.004535262283911638,-0.003061711291606324,-0.0025348512557297545,-0.005032065089214789,-0.0049082943868872814,-0.005027106918351508,-0.0031584458463934126
2019-01-15,0.009231190175385724,0.00554576258528871,0.0022966051873602425,0.0114609506440186,0.008533475762000208,0.00420635127769473,0.0031299365706098227,0.009320591367936235,0.009207503651572574,0.008869819059791501,0.004148065908126212
2019-01-16,0.0016833767504715342,0.0037363742855335905,0.0015022902784221567,0.0024199424696136,0.001618079824528091,0.0012488993089623435,0.0014562966194963459,0.0018297178131950322,0.0015979040972154033,0.0015753047614048973,0.0013640430545527812
2019-01-17,0.0049763637282609855,0.0036458701797011106,0.001796141124175523,0.007586407340455,0.004593193227360582,0.002559603779430303,0.0021808514327371336,0.00511723616853553,0.00501052332335652,0.004822895665224195,0.0025587758919911295
2019-01-18,0.006047210173510502,0.0036237878985993406,0.0016846478110314755,0.0133102638266715,0.005288216966630105,0.003282733401339029,0.0026164669005905366,0.006024256910902273,0.006244549055394055,0.005418856667444565,0.0030428275618223366
2019-01-22,-0.009223561366624165,-0.00696965128284805,-0.00134719282390958,-0.0135104806757839,-0.008203265581686475,-0.003239693178667034,-0.00211116695940302,-0.009585242481903133,-0.009110375105379607,-0.008895150912039955,-0.0032931035980930017
2019-01-23,0.0013751518684354176,0.0015863253994507,0.0009566209048729639,0.0020925017228243,0.0014319931973340828,0.0011823076907114488,0.0010952620917487276,0.0010951382195902785,0.0015042951459656986,0.0009523888412567743,0.001018485247859763
2019-01-24,0.0025153609735295212,0.0038066228734792503,0.0020738557149393706,0.0005311148678686,0.002606819219215859,0.002222798319966785,0.0017366078654543378,0.0027246954874476912,0.002652516867201338,0.003056237903284206,0.0024361384344980547
2019-01-25,0.008716264770048401,0.00787077222160343,0.003241742398649792,0.0084616789038047,0.008208170123399978,0.00357242584577767,0.0035850496142484107,0.008977339358966972,0.00816738855852202,0.008013418521674209,0.0037687676189591384
2019-01-28,-0.005514897413569397,-0.0028772008622152704,-0.0014800969799438823,-0.0076002770388164,-0.005034708195797172,-0.002636196048091899,-0.0018675462650106353,-0.005680772348930618,-0.005595895534750092,-0.005710544426589185,-0.002571817145638851
2019-01-29,-0.001855506258000739,0.00143853477854164,0.0020362278521413573,-0.0013268660630303,-0.0016112597898977224,0.00087015204733525,0.001697544441208606,-0.0018832983336139002,-0.001899935735538866,-0.001633616479989047,0.0007806285832251918
2019-01-30,0.014442078496585782,0.01048848430394236,0.006486779147620573,0.0158308752056839,0.013737871463383289,0.008423412034424482,0.0073669271062842805,0.014470556158086678,0.014315055113599408,0.013880732200582665,0.008346754830906786
2019-01-31,0.008910239109355133,0.00722689178045775,0.0059026714943192175,0.0087821721077525,0.008782927155391104,0.006891987942747268,0.006139319020488898,0.008973442143035252,0.009109500819007417,0.009122636390809742,0.006914641932445007
2019-02-01,-0.0019883643340959474,-0.00332745329244641,-0.002786069698915789,0.0004818254492682,-0.0021325099268089593,-0.002402742834802607,-0.0025553083667532914,-0.0019427541540848916,-0.0019083946147269587,-0.002295531649785801,-0.00240274284306086
2019-02-04,0.00345026751550226,0.0031787440199628906,-0.00013701676197502431,0.0070353691039228,0.001413451315863394,0.0006087014561804816,0.0002808090888476375,0.0033480404171252337,0.003259885283456862,0.0044268092468400175,0.000608701438298343
2019-02-05,0.004597384736867373,0.0054353596873817,0.003364641002248949,0.0041919819611435,0.003439904708272581,0.0031071100671131308,0.003126012090154575,0.004691364474745954,0.004806841186547927,0.0051605202449848415,0.0031071100423070955
2019-02-06,-0.0031197343085622,-0.0038128951548980503,-0.0015218345374263327,-0.0013187112979095,-0.0018902704337322594,-0.0014917123198374274,-0.0014793179141597394,-0.0030577699447605486,-0.0029953597402966182,-0.0026798588679233697,-0.00149171234167089
2019-02-07,-0.004736160809377491,-0.0034134853552133596,-0.0008841437108265556,-0.0095326620959687,-0.0024271370043087003,-0.0014496848464407462,-0.0010569783952594002,-0.004870804175392965,-0.005030421363263199,-0.005667966121491463,-0.0014496847899736474
2019-02-08,0.0023565681182917114,0.00072821636346881,0.0018493942593916168,0.0012215277052094,0.002018758415123987,0.0019328549427673266,0.0020108619031390593,0.0023319440259340993,0.0023072647594829616,0.0023699868751686335,0.0019328549523894008
2019-02-11,-0.0013148775603998495,-0.00062065646667094,-0.0015950376841740912,0.0005545223209266,-0.0011721735824436323,-0.0012415944125788749,-0.0014090750173637785,-0.0015281899540067554,-0.0017585182839068192,-0.0015004536940804063,-0.0012415943895339953
2019-02-12,0.007333563316019018,0.005341941728390589,0.0030906603515145448,0.0128595149128143,0.00496245711226112,0.0038964655297282513,0.0035195223548826764,0.007436147783025763,0.007554949731362727,0.008555800546654354,0.00389646548380706
2019-02-13,-0.0007737250611643253,-0.00078448452173361,-0.0015428864860647254,0.0032471652100234,-0.0008574002973118804,-0.0010739386394597102,-0.0012552743612514066,-0.0006708625198348584,-0.0005671453636568456,-0.00018240502720560286,-0.001073938671385001
2019-02-14,0.0016977979151169098,0.00238381762985837,0.0023786182527553226,-0.0022185984397611,0.001714355255016511,0.001938889378862441,0.002117872195596749,0.0014383942715316938,0.0011706004193628443,0.0015126958981326636,0.0019388894369277512
2019-02-15,0.005710608953462871,0.00586415862789417,0.003717236869332107,0.0108974058508322,0.004774737832439265,0.004056071255184498,0.0038039862301298437,0.005626431150906599,0.005516948023113371,0.006210065224296495,0.00405607126438372
2019-02-19,0.004646176929906137,0.0037928934238956402,0.0029815469761188197,0.0017303532981962,0.0033705405838499857,0.0029914040172491028,0.0030667656564078985,0.00447807699313612,0.004295559883022502,0.004353134965224804,0.002991404078242637
2019-02-20,-9.87155336821719e-06,0.00031626932287613,-6.007325440841196e-05,0.0020158313697542,0.00020086937984288198,0.00016045829144255584,2.2722078296524405e-05,-5.447749557097289e-05,-0.00010780762165071874,-6.6783224016973e-05,0.0001604582919058892
2019-02-21,-0.0051769926047504,-0.00402680995528401,-0.004206227766054905,-0.0035559734681076,-0.004335955918065753,-0.004070719371885549,-0.0042206384319537285,-0.005092484256583996,-0.005000353410294442,-0.005565034733751161,-0.004070719404989727
2019-02-22,0.005535994938621162,0.00595264056903063,0.0043507156397614025,0.0062003699870736,0.004810025707096013,0.004511927420701294,0.0044797350813257164,0.005464782673731563,0.005393562843246524,0.00590067224213075,0.0045119274244875725
2019-02-25,0.0007275267439830663,0.0005631739996486099,-0.00045947695031780297,0.0013608757658096,-6.064953133626084e-05,-0.0003374833279321972,-0.000434322366278135,0.0007738989313532828,0.0008313346113661499,0.000892748158473026,-0.0003374833441593083
2019-02-26,0.00045827590847605823,0.0002866655838355902,0.0017506569514751666,-0.0007154247379765,0.0008419184731461789,0.0011079477468469124,0.0012765375360699995,0.0006422094599984523,0.000842998299977349,0.000935856658830964,0.0011079477206455376
2019-02-27,-0.00260293826258921,-0.00419863969199058,-0.0035244564760633255,-0.0004296598676677,-0.0026666446408338002,-0.002781764889671023,-0.0030562845057553545,-0.0026023304750386186,-0.002600246337387993,-0.003120147066012993,-0.0027817649061733347
2019-02-28,-0.0027999097610477384,-0.00323768566143035,-0.002433099170461187,-0.0018624560961072,-0.002498670992418866,-0.002428786245325118,-0.0024701392226660315,-0.0027048727876116336,-0.0026038629670767648,-0.0028481176515553555,-0.002428786269769773
2019-03-01,0.0020432547276515558,-0.0005274439671758198,-0.0023517558504028216,0.006243641443971,0.0002815873145110581,-0.0009710309383454781,-0.0018409423506602677,0.0017852177694592905,0.0014978449127830652,0.0005669401832726566,-0.0010939832196714717
2019-03-04,-0.0015200915985562023,2.8790543951869767e-05,0.0007185420575332869,-0.003637296602627,-0.00030294504989695386,-5.683588939353959e-05,0.00032310002062056135,-0.0014008032030142304,-0.001409921282670086,-0.0012985111616760539,-5.796675596738809e-05
2019-03-05,-0.0004773434556144355,0.00125949263403927,0.00022867898824403498,-0.0013604035155601,-0.0003345509062834511,-0.00020371141218285857,-1.7673893650998123e-05,-0.00038912582491029365,-0.0003696322338694294,-8.343581226198313e-05,-0.00019318227767639308
2019-03-06,-0.005543560955370587,-0.00375169531098508,-0.000415305299933887,-0.0060567362446242,-0.0025974691085734122,-0.0015743159479673675,-0.0010297550120390965,-0.004814603568907245,-0.004471240672157852,-0.004508604559244041,-0.0015629092826824874
2019-03-07,-0.00529191974222454,-0.00504851855327339,4.9226093244594425e-05,-0.0083651140504751,-0.001720705788014912,-0.0006860870882170996,-0.00017663542360880718,-0.00507095406719307,-0.0048532392097606365,-0.005886646447765945,-0.0006454760625302131
2019-03-08,0.0008255690997805299,0.0008181665724008901,0.001921876167614384,-0.0020001781299138,0.0008779470657742946,0.001297732973269696,0.0016703511142377627,0.00074285531369322,0.0007899956436108307,0.0013368143961880801,0.001370397987399478
2019-03-11,0.01077027019699348,0.008734703645810672,0.002650653712756225,0.0145014407287635,0.0061014704664587634,0.004295719727767517,0.0034544884560359043,0.010268674259347806,0.009804177116306809,0.0104010314008656,0.004193764202707762
2019-03-12,0.0036846267450078357,0.0037512126987949103,0.0032945525944914574,0.0037709149416922,0.0031756151677693038,0.003193492344633469,0.003366248307731378,0.0037871573493376783,0.0038168193440001018,0.004584568773211125,0.0032019277356001618
2019-03-13,0.004008633959999804,0.00358680762921013,0.0016559012277044054,0.0066190593365731,0.002192899292196219,0.001932919129539499,0.0017767909409907657,0.004112772075508593,0.00414437508400723,0.005302841929231162,0.0019316744689872002
2019-03-14,-0.003110217907247073,-0.00326011931574823,-0.00289810135853815,-0.0006399230758504,-0.002324314353506292,-0.002463055581100897,-0.0027789724988189013,-0.002904475022149562,-0.0028741272397163607,-0.0037204296235914865,-0.0025266920254820593
2019-03-15,0.005421264043076284,0.0057137054484760206,0.0042655995662743175,0.0049405424720245,0.004168430839629466,0.003844233164644357,0.003913019721422074,0.00534386467153278,0.005230924974482036,0.0059395362734694,0.003839430254668142
2019-03-18,0.0021423664894334566,0.00202076336047667,0.000406913038273344,0.0036259467446315,0.0010872085174156987,0.0007693712342153179,0.0005660531988344446,0.0020417995781315027,0.0019990201508846644,0.002190497825722679,0.000756127361919826
2019-03-19,0.0005433578031933808,-0.00020148647422074984,3.448608865946419e-05,0.0002477576548784,-0.00011578050791403804,-0.00011203396344647031,-4.0153088979747154e-05,0.0006942493145546571,0.0007216752004891558,0.0010277202644978544,-0.00010487405261518714
2019-03-20,0.002154168879778026,0.00284087344873078,0.004692306303476843,-0.0030095790329753,0.0030956518341086594,0.003489011862094306,0.004079613287742274,0.0021454371292223178,0.0020848566554600226,0.0022666373106332164,0.0035341831495741324
2019-03-21,0.008411989926297412,0.005819279615647289,0.0022595252437359508,0.0112945814177038,0.004981457110985896,0.003635009660237356,0.0030918014662897272,0.008073705762259506,0.007742978677824356,0.008304563277310056,0.003553780621749044
2019-03-22,-0.012977451444875911,-0.010197468587700001,0.00011600765876524982,-0.0192461800486734,-0.005256310905126822,-0.0026154665456756708,-0.0010941474995251614,-0.011868244317939473,-0.011190112816418655,-0.012198813513534617,-0.002518926888294804
2019-03-25,0.0015098879902488932,0.0020616067526300404,0.002360606863740222,-0.0007519572477184,0.001848221941489037,0.002122450122480978,0.0022613321971324965,0.0013053673851150863,0.0012971401216780596,0.0012093623557500276,0.0021746475896817627
2019-03-26,0.0036701668837007917,0.0032537074842318102,0.0010183707313374932,0.0074540868090944,0.002514684747280494,0.001886292022225741,0.0014020642280449806,0.0036012831927988657,0.0035336566798025047,0.003356323553757936,0.001822406436329419
2019-03-27,-0.0033902332520540533,-0.0020500490558295606,0.00025235828670963005,-0.0052292907942372,-0.0011339981820998215,-0.0007406670020866061,-0.00041393432194065103,-0.0034079569162748426,-0.0033944005859810186,-0.003744660948109161,-0.0007390134704337175
2019-03-28,0.0014981144034446237,0.0019577384170855745,-0.00022577406306332375,0.0037906627708663,0.0013249547931618309,0.0005624602958134911,0.00012889675264451549,0.001242195628497955,0.0010317917702403808,0.00025737550868611353,0.00047101911602460847
2019-03-29,0.003442378487611657,0.0028182685257181605,0.000651787505604033,0.0063053067966578,0.0016178003736770181,0.0011463932542053702,0.0009175183873491657,0.003544619571885914,0.0035280488527797416,0.004244938142904086,0.0011129892922010624
2019-04-01,0.0041966735576061094,0.0036040032007595107,-0.0015372508944818193,0.0118589977895811,0.0011978119252377198,-1.8974401232729494e-05,-0.0009650312496410049,0.004267191146539425,0.005072724649870742,0.0060865657583595535,-5.361891176255485e-05
2019-04-02,0.001985678989991188,0.0014421237966984399,0.0014131926239204404,0.0004902795484627,0.0017404266007964523,0.0013166383468107537,0.0013832506333411629,0.0019516469845522052,0.0020411124800904464,0.0019746418944172894,0.0012592727149886426
2019-04-03,0.0004736735452563678,0.00106483977737797,-0.0013258381671938323,0.0015734465689114,-0.00026558598119210883,-0.0012206384744440752,-0.0014542890568102998,0.0006998611163601503,0.0009514544185721568,0.0014008650639468134,-0.0010658477953005743
2019-04-04,0.0014468053248324697,0.00176483669425275,0.0017131472974080176,0.0026533914875415,0.001373608334433667,0.0018994530903120176,0.0019321764403935214,0.0015065622883866426,0.001431558370148237,0.001802835889282841,0.001964482783519116
2019-04-05,0.0033968848513185497,0.00389634619487038,0.0017786829799925556,0.0048401267977211,0.0024838114435108737,0.0021474650318048668,0.0019878354130039677,0.0034466523474732686,0.0033573037635368824,0.0036709509235770487,0.0022279403537845545
2019-04-08,0.0002548129982498488,-0.00055633752182233,-0.0005055731214028962,0.0007625688507042,-0.0002142826990175496,-0.0004249805499071576,-0.0004535751532551291,0.00035962842169680185,0.0006617505630774068,0.001178716559529112,-0.0004064966599711683
2019-04-09,-0.0012338181942306058,-0.0022193623607344,0.0003704115387239358,-0.0051252763661121,-0.00035032107593330837,-0.00011178801408107033,0.0002213530327057746,-0.0013364964892318325,-0.001286595621199264,-0.0020663832637085587,-0.00024576705256672336
2019-04-10,0.004319439786256338,0.00528726742362539,0.003913409890331483,0.0034109681054268,0.004058748752179301,0.0037277767747042013,0.0038441265671253994,0.004629897944303269,0.004364406173018809,0.004680432885661645,0.004041340799366253
2019-04-11,-0.00211981761455138,-0.00394393539307333,-0.002965070414014408,-0.0002776849674058,-0.0019357295165419726,-0.002177205196574092,-0.002627077431730446,-0.002362880112501051,-0.002317634806622744,-0.003521944383691289,-0.0023453774202301277
2019-04-12,0.002032660596466106,0.00204214151192897,-0.000562228914218626,0.0067662234218381,0.00037265650814883846,0.0002918584896867129,-0.00023248850341136873,0.0020099880559252483,0.002527690159333071,0.002787107545319508,0.0002033782723690016
2019-04-15,-0.00036847213288312877,-0.0013199491910757801,-0.00039073682791061727,-0.0006547978221007,-0.00029653279203395357,-0.000460404336339137,-0.00046483336677943105,-0.000537827051059565,-0.0006091668029906813,-0.0006480871409261682,-0.0005855285157402892
2019-04-16,-0.000598497847806435,-0.0029336968227546604,-0.002979506732143253,0.0006552268632238,-0.0014407814385553042,-0.002405507963821837,-0.002768981143802406,-0.0006622017591399376,-0.0005956761365003439,-0.000866403656375436,-0.0024367302537096182
2019-04-17,0.0003548340553511611,-0.0012908722085942003,-0.0007986112377484011,-0.0024465372327008,-6.0402884527784874e-05,-0.0010442837096705238,-0.0010679930550992122,0.00011640062238055411,0.00020837385989380252,-0.0006202484917441603,-0.001265044942125295
2019-04-18,0.0017592350962885753,0.00158999271560672,0.0014282532456101468,0.0019686245114813,0.001497446056143845,0.0015863429492732049,0.001550750031210356,0.0015198770497618897,0.0015141099966749258,0.0013696511565679554,0.0013896599777709327
2019-04-22,4.760553195253461e-05,-0.0025924922132566103,-0.0012117007622047247,0.0008627503243658,-0.00032395363177797665,-0.0007746843929273696,-0.000960686663162465,3.230748877991509e-05,0.00034667471913005866,0.0003963505510387808,-0.0008437495946589601
2019-04-23,0.0075570312394062904,0.0060237665592367306,0.003664752733447175,0.0089914534154862,0.005726590605988102,0.004552491730894377,0.004214905865151951,0.0075839795366256825,0.007495530136554754,0.007657475180224136,0.004632385699466678
2019-04-24,0.0004976198232945549,0.0002903887699019301,0.0023600253710720966,-0.0022194823210271,0.0013922415104666165,0.0019077907501387074,0.002325011246036742,0.0005854031881335154,9.988114942352159e-05,4.205938072976794e-05,0.0020547748946685472
2019-04-25,0.0007672460589936001,-0.00114150387732513,-0.000974937274101328,-0.0006159894830837,-5.5292240271225955e-05,-0.0008300926884198691,-0.0009186872510756871,0.0005951038976313441,0.0008782392260264925,0.00043543857584870185,-0.0010342186211623283
2019-04-26,0.0031028945415065914,0.00473240262712185,0.004076476931215461,0.004656727151864,0.0032374294840907753,0.003969662958175758,0.004067134392224336,0.0033264117446088117,0.0032608125694533648,0.0040076398250767625,0.004163652487608243
2019-04-29,-0.0010422457166988715,-0.00122046812791596,-0.00199976467072978,0.0015675815522668,-0.0012721776984471673,-0.0016752781460546134,-0.001944720363928491,-0.0009479666294275962,-0.0008258375976806235,-0.00024716511883806876,-0.0015966728249995259
2019-04-30,-0.0013989488564551931,0.0007929397344948301,0.0012284998194255332,0.0005107296568889,-0.0004975317255042826,0.0010689865276243507,0.0011543202191279234,-0.001574533669157656,-0.001564172443981427,-0.001498212097845127,0.0009093608799225902
2019-05-01,-0.0028240711417367045,-0.0035856941729409003,-0.002568348394206544,-0.0075166812102376,-0.001949198139024189,-0.002712222607067442,-0.00277203608948053,-0.0028240712706270876,-0.0028240707911116126,-0.003750709278830781,-0.0028460560004963027
2019-05-02,-0.003529571505508495,-0.00150618658122211,-0.0028096134190969653,-0.0021588337362814,-0.0034558445191555298,-0.003039173041673074,-0.0029091809082308338,-0.0035295714766878554,-0.003529571583910307,-0.0030105036803028296,-0.002893171542302734
2019-05-03,0.009300067672712716,0.009053265315132921,0.00529883230192822,0.0097874428096722,0.007505128322615859,0.005562124554813322,0.005238003371035408,0.009300067749648871,0.009300067463420547,0.010354054997898904,0.005814188945594265
2019-05-06,-0.0023457853595805125,-0.00362531483817943,0.0003264874960149418,-0.0041151493288061,-0.0010766988065445628,-0.00013076443147305806,0.0003890326711786615,-0.00234578543558325,-0.0023457851528275757,-0.002365113179613655,2.9902301506242227e-06
2019-05-07,-0.009945857142526979,-0.009689480324384103,-0.002332495630691965,-0.01669981668896,-0.006517821237061723,-0.004245196660050993,-0.0030029610498355118,-0.009945857412235583,-0.009945856408829078,-0.010974773872351051,-0.004239082704271126
2019-05-08,-0.0026337116310320642,-0.002207298948497,-0.0023996079137678862,-0.0013888633308467,-0.002469043710020032,-0.0023032886214349757,-0.0024084725287688022,-0.002633711598562804,-0.0026337117193593446,-0.002691798400957731,-0.002377392288098937
2019-05-09,-0.0017858241530594608,-0.0019817225179175504,0.0007314827393706494,-0.0030258708651491,-0.0008464006256581472,0.00019542647593032367,0.0006111012750720945,-0.001785824231942614,-0.0017858239384708184,-0.0019501997508890572,0.00018900167124536577
2019-05-10,0.0018775520767379808,0.0033586219643003705,0.0013507818835514337,0.0050235508195097,0.0008549763935167751,0.0015168559457265662,0.0014192930128311635,0.001877552147422189,0.001877551884453218,0.0020828030826555103,0.00145961892542773
2019-05-13,-0.016761625869066397,-0.01256949051575559,-0.002806510890415552,-0.0251303132528416,-0.011249018086587572,-0.006294548772568061,-0.004032686423972129,-0.01676162623427085,-0.016761624875587737,-0.018335403152524694,-0.006227717213148605
2019-05-14,0.0060580535365299636,0.0056216233985246795,0.0021211444805163807,0.0090436547759276,0.004344564651449997,0.0030389105468822536,0.0024032921448640084,0.0060580536692456865,0.0060580531754986615,0.0065560612757279944,0.003069669579782051
2019-05-15,0.007442083109008662,0.00470591562698931,0.003154712636414192,0.0058576978625402,0.006611630779875295,0.0041943319807865595,0.003490001038033659,0.007442083105849283,0.007442083117603228,0.007376208152510603,0.004057334699641676
2019-05-16,0.0048966042586361565,0.00186471614403529,-9.500365388079674e-05,0.0092611170817378,0.0028741760184956815,0.0015820509816650413,0.0005878823996633291,0.004896604398040913,0.004896603879408442,0.005111000284842456,0.001360837223876439
2019-05-17,-0.004698046192590188,-0.006147945464088135,-0.002396165091814051,-0.0064651335644366,-0.003546541731333702,-0.0023858638721371154,-0.0023166385591541047,-0.004698046288830358,-0.004698045930784624,-0.006051509586657726,-0.002681334207819666
2019-05-20,-0.007927670127154205,-0.00592987666475126,-0.002742627534709127,-0.0066120644912299,-0.006936166191550244,-0.0038747365846881245,-0.0030896008010311967,-0.007927670177515446,-0.007927669990154727,-0.008118099871069475,-0.0038653986935052154
2019-05-21,0.005859167556087492,0.005662985126951681,0.0017323177561430095,0.0090153323626693,0.0039500629825935185,0.002781442674578988,0.0021728415919546997,0.005859167673513914,0.005859167236648217,0.006501962393218826,0.0028048898086807353
2019-05-22,-0.001245748741174546,-0.00128564805972841,0.00044552580184272584,-0.0030709035533572,-0.000363491805435551,0.00031538881830388743,0.0004537142596063905,-0.0012457488386738863,-0.001245748475943624,-0.0019425056415283935,0.00012742829194098456
2019-05-23,-0.006316458055174296,-0.00405546959470296,0.0008874190267095485,-0.0122187734364139,-0.003331483820451196,-0.0010064126468947313,0.00012742560167784548,-0.0063164583149788595,-0.006316457348418701,-0.007371539724880456,-0.0011154230186414765
2019-05-24,0.0012332663959118174,0.0029725235751642503,0.0019783578829966576,0.0022680361116178,0.0006190892511907338,0.0012402736391828595,0.0014358784616269281,0.0012332664114827084,0.0012332663535537711,0.001626108698285954,0.0013854637879434396
2019-05-28,-0.002884775512729014,-0.00287489949120404,-0.0007565693133260326,-0.0093001795501624,-0.0005444668812587217,-0.0012918516472403005,-0.0010756748590463805,-0.002884775695401385,-0.00288477501579887,-0.0036401202892113816,-0.001315944340930708
2019-05-29,-0.00398607749721188,-0.0033095165144089505,-0.0014272665159226448,-0.0067108365762446,-0.0031251211538839956,-0.002157225109545068,-0.0016963196651970688,-0.00398607760506221,-0.0039860772038227965,-0.004558646081671131,-0.002183164783169615
2019-05-30,0.00470766014119672,0.00423312733027709,0.0044926454193260565,0.0027311656187423,0.004346764174937998,0.004307644720336984,0.004380932208542437,0.004707660076234564,0.0047076603179155895,0.004252393907816132,0.0041958552924607736
2019-05-31,-0.006701551085039403,-0.0008274707391471504,0.0019351909431755596,-0.0134750614957995,-0.003440225727402118,-0.0008803134380640677,0.0007422212939934946,-0.006701551372824909,-0.00670155030216627,-0.00697406816207982,-0.0007082766508977879
2019-06-03,-0.005712087988465515,0.0025290489256756207,0.004486581409054729,-0.0025428469212692,-0.004492223509378185,0.001542719566883377,0.0033894542486724937,-0.005712088090678051,-0.005712087710413122,-0.004952809331002591,0.0017890649194643702
2019-06-04,0.013691304331352686,0.007050481812580561,0.0032212642907570796,0.0217065341891133,0.00961845534873087,0.006112900181919582,0.004580061352253302,0.013691304697900851,0.013691303334218672,0.01524826532991154,0.006219799866839301
2019-06-05,0.0039664060557010935,0.00250852703638366,0.0010547405414505872,0.0086618978919468,0.002897341589676893,0.002561168140499891,0.0020041307553001026,0.003966406214173549,0.003966405624602832,0.0041600030726284525,0.0024055882386262014
2019-06-06,0.005205659390895696,0.00265075189255277,0.002079482438110983,0.0065027368810208,0.0035498227126120768,0.002944083389063692,0.00250886526592108,0.005205659427176018,0.005205659292201046,0.005052745844074654,0.0027184794415487344
2019-06-07,0.010990212041768617,0.00833200016652413,0.005965212915796986,0.0100069973790388,0.00931854480288917,0.006687991777453576,0.006010997271591958,0.010990212056770202,0.010990212000959267,0.011374027615523996,0.006602428559954982
2019-06-10,0.0027501404422381514,0.00041443453280535993,-0.0031614878900631865,0.0045887483507875,0.0013864899236737927,-0.0014673107647100285,-0.002566792312095725,0.0027501405972478617,0.002750140020559729,0.002916458439722279,-0.0015089153979497933
2019-06-11,0.000676538991535463,0.0017501885250566901,0.0002681889683016369,-0.0002416532940482,0.0006577090271362659,0.00022221287970130858,6.149731466011232e-05,0.0006765389820731554,0.000676539017276122,0.0002779945156075346,0.00014081337128104892
2019-06-12,-0.0017244217382735379,-0.0011141302117411702,0.001277986790649742,-0.0017655770320271,-0.0006923856928679096,0.0007286783287878723,0.0013108924710953207,-0.0017244217662933815,-0.0017244216620501684,-0.001565098599251038,0.0008718437902880862
2019-06-13,0.004120720602320169,0.0038698162015730203,0.0034577427649235696,0.0041262595861986,0.0036991902392523603,0.003312280720601403,0.0034540590232920226,0.0041207206098744075,0.0041207205817700935,0.004898750554361181,0.0035125272140464486
2019-06-14,-0.001207740857112608,-0.0028592402299112995,-0.0004729307498871418,-0.0011052051373565,-0.0010433913387898433,-0.00010426460829507577,-5.293822012610814e-05,-0.0012077408972068079,-0.0012077407480429307,-0.0018186274685089792,-0.0003216123673937254
2019-06-17,0.0022531851627490976,0.00300995642971291,0.0004713864862208049,0.0003805511028114,0.0019376360881256148,0.00047497156496093137,0.00033533883391328664,0.0022531851475899667,0.002253185203987011,0.0026401415895479364,0.0006204666094242852
2019-06-18,0.009959034987001177,0.009177067190446688,0.006057272772360246,0.0104707402266028,0.007977678022665295,0.006541448565684769,0.006082214406556301,0.009959035047434594,0.009959034822602006,0.010180162824693233,0.006551011993399854
2019-06-19,0.0038498574945394193,0.00461150487436948,0.004305852180013343,0.0022576252932089,0.0040821331088877495,0.003852681165654847,0.003983757896849257,0.0038498575036465393,0.003849857469765004,0.0034990577375693306,0.0039662402918293795
2019-06-20,0.007501311566582354,0.00869344259618424,0.007237606294256314,0.0095542877646381,0.00586556299433266,0.0064801173459655345,0.007045007937485481,0.007501311643121431,0.007501311358370382,0.008602871457995057,0.006717240340643997
2019-06-21,-0.0031329488522740655,-0.00452571443389466,-0.00282089314283713,-0.0014539220364873,-0.0029054947594973207,-0.0027670945899865088,-0.002638443230402567,-0.003132948746733139,-0.0031329491393807954,-0.003011170054782458,-0.00268796355667054
2019-06-24,0.001199587394911894,0.00122468871424024,0.0033537969675800834,-0.0012243833706434,0.0016799928094709828,0.002328191741383648,0.002887146401801473,0.0011995872988022189,0.0011995876563624629,0.0010643004335772427,0.0022716219610261594
2019-06-25,-0.008589760445837284,-0.00605371126757063,-0.0020012215753074164,-0.0098078803297478,-0.006562436378643477,-0.0037916935504561725,-0.00271752649794821,-0.008589760588705843,-0.008589760057186865,-0.008400440442935744,-0.003673129837970034
2019-06-26,-0.00018792792942824634,-0.0029626043639313002,-0.003392433729195759,-0.0009973961914577,-0.0005376190363290793,-0.0025087913616473646,-0.003214963615485663,-0.00018792786961845928,-0.00018792809213092425,-0.0007359795724317252,-0.0025981525897899025
2019-06-27,0.0046905326507492105,0.0063410280781151206,0.004259888315797756,0.0035461533457943,0.004155541932839608,0.003964229192456998,0.0040940029084567345,0.004690532611993004,0.004690532756179086,0.005151825888509586,0.004200496026522695
2019-06-28,0.0025958639707222416,0.0031380270517433304,0.0027189392862350184,0.0051453487091233,0.0018108772003755994,0.002539954716915362,0.0026763956896479948,0.002595864035185215,0.0025958637953613205,0.0031785670470000065,0.002703782736321341
2019-07-01,0.005873404985403058,0.0021506295089903003,-0.0006210918353585929,0.0090786717084248,0.0037485337774735665,0.0012715747889281797,0.0001967068907090317,0.006717478566056444,0.00702841836032397,0.005709219177805809,0.0015091728095968197
2019-07-02,0.0035470046487653946,0.00535881438504141,0.0051538576905954345,0.0026042116206599,0.0038688566213535827,0.004647391715614438,0.005084949589200045,0.0038383085154026497,0.0035972296683591965,0.004778807530782221,0.0044964454160058035
2019-07-03,0.005054370517693644,0.00529637590273068,0.003678925441751083,0.0079951891353271,0.004269076483682324,0.004007924683663268,0.003826996129304658,0.006087580229033721,0.0061820186537117254,0.006289010292040734,0.004035556708423527
2019-07-05,-0.004830645300096878,-0.005819792479679911,-0.007031528143752255,-0.0011379745500927,-0.005538702698710346,-0.005923736625470168,-0.006464839363126871,-0.004992012984974161,-0.005003525291282393,-0.005124320671960439,-0.005993577799733885
2019-07-08,-0.0039101850531798816,-0.00376973062521059,-0.0028496656368399774,-0.0054946610544168,-0.003260455469440821,-0.0030060966879731305,-0.002885406358148115,-0.004099637831978535,-0.003981515098928324,-0.004301456933691169,-0.0029899734236036703
2019-07-09,0.0010646965680919684,0.00040251687614233,-0.0004315815107840954,0.0012463433856517,0.0005394713427968671,-8.695757040277138e-05,-0.0001557517952336156,0.0012590712270305095,0.0011966567586935524,0.0016213489733891463,3.923664305375272e-06
2019-07-10,0.004998411729347425,0.004731460482684881,0.003408427009331011,0.0047778629248071,0.004223456432005664,0.003797089645407787,0.0036807447261196155,0.00482224508306569,0.004482539898992055,0.0051206451628052815,0.003694496442624824
2019-07-11,-0.0025645502866050783,-0.00510639832274146,-0.004800231357303836,0.0023447464323407,-0.0033307374958830467,-0.003326504965472597,-0.004063791452877399,-0.0026763863923444974,-0.0027280390424201644,-0.0029981779590110553,-0.003623254840060287
2019-07-12,0.0032284315207959757,0.00280560419207516,0.002405130820870313,0.0044766112813721,0.002745552259435128,0.002585172449951468,0.0025398628504081076,0.0035385354942268207,0.003458870946516527,0.0038492326303254994,0.0025963982276107195
2019-07-15,0.001924637808632034,0.0011721605479392302,0.0013313287502445014,0.0003327711823752,0.0018648434389544498,0.0012749448238333493,0.0013210947750860026,0.002099403472061006,0.002186001817278301,0.002126367761743739,0.0014088045660044114
2019-07-16,-0.0033700470175514873,-0.0032287344962558,-0.003148081503278841,-0.0032250085159959,-0.0031664854823658245,-0.0030741240333566405,-0.0031396718184407706,-0.0035337976867398395,-0.0034414998483532654,-0.0038404906553089076,-0.0030593431479319514
2019-07-17,-0.00011695041376993709,0.0010587675067331,0.004240981462019169,-0.0068051862245631,0.001474020877576667,0.002404759583380011,0.0034117139448150637,-0.0006004668922309619,-0.0007315225667404207,-9.019927427240601e-05,0.00248666224483387
2019-07-18,0.002472445067259278,0.0036696975158598297,0.003971240791323391,0.003660726164923,0.0027484909863974144,0.003833973570779556,0.00399209008487157,0.0023584699082423626,0.0021280632071233197,0.0027993596967213624,0.0035841015516030524
2019-07-19,-0.00435620999699417,-0.0063377598189152395,-0.004043931348878394,-0.005554817215624,-0.003919081699217069,-0.0040756860201022534,-0.004161932273466045,-0.004740540737340282,-0.004537516265905232,-0.005406109142832372,-0.004001203111897921
2019-07-22,0.0038812623172868265,0.0015166426042448901,0.0014970525046341643,0.0024567665948895,0.003096726828202584,0.0018514229591759042,0.0016778117209674012,0.004195840189880733,0.004231588207556519,0.003979139875452619,0.0020381703032057276
2019-07-23,0.0031678191352714465,0.0026896986253051804,0.0002977670656662898,0.0071497101539386,0.001962420932386325,0.001362568484697488,0.0007367438125385304,0.0036167038570970706,0.0036452059605073957,0.003210596349559123,0.0012841885901071098
2019-07-24,0.004246042730261593,0.00451551027567898,0.003405694258156601,0.0046996285426756,0.0036605681414823656,0.0032186404749744947,0.0033109044047824185,0.004804311272200338,0.0047924560260489335,0.005069269091459083,0.0034053284293137477
2019-07-25,-0.005201837554442229,-0.006799932985784331,-0.004237351281937231,-0.0047769907884575,-0.004455078188201004,-0.003643201345995056,-0.003787706811898082,-0.005757241796501374,-0.005718497677582911,-0.006057782814807561,-0.003859345387752554
2019-07-26,0.0048362936752929945,0.00426893416851612,0.0021365006319234675,0.0066999234883542,0.0036091642082279034,0.0026065542615556258,0.0023728247336794843,0.005695133279563517,0.005715886678953062,0.005862346535542723,0.0027744919181572417
2019-07-29,-0.0013060379741044676,-0.00017149184067740002,0.0005287856741231365,-0.0018209919375417,-0.0006865183591406223,0.00010993291498596243,0.0003424478420089142,-0.0016118696968934888,-0.0017236371337247644,-0.0013093044057203096,-5.0535679586126675e-05
2019-07-30,-0.0017421931441128251,-0.0001336289226300701,-2.1924244027384117e-05,-0.0024545437931222,-0.0011266477644496502,-0.0004284234424111693,-6.61784447460634e-05,-0.0018257077408462886,-0.0018509002710173216,-0.0015047952028128288,-0.0003595509557363688
2019-07-31,-0.0058334619749417236,-0.00573572841975076,-0.0023365694391002173,-0.0109408966562838,-0.004022772839434915,-0.0035581312530946234,-0.0030131807029906863,-0.006551315803927023,-0.006231363942606229,-0.007040062766832972,-0.003338508112255985
2019-08-01,0.00047276262608857736,0.0012752881851287204,0.0078376687567828,-0.0087075349428136,0.003257504868145208,0.004863648777119952,0.0065748376629268645,-0.00023677921327026354,0.00032138701387363815,0.001641871416637361,0.005234479208913994
2019-08-02,-0.005676391415214314,-0.00385937710541761,-0.0009014020255626895,-0.0075295384868999,-0.0038066038226107265,-0.0019948832624170293,-0.0012038587140812632,-0.00607459787029184,-0.00544005236093277,-0.005476817640750819,-0.00206065041464717
2019-08-05,-0.016606462167459184,-0.013645704184836032,-0.0011832713586460589,-0.0300735899683854,-0.010485789994322687,-0.0061234686059803214,-0.0032875373734772857,-0.01812833478493338,-0.01767822531176043,-0.016365386274920887,-0.005793049714603968
2019-08-06,0.009814737207781282,0.009334909884839732,0.006387701265598242,0.0140232247676868,0.007953736660383518,0.007525764540007287,0.0071745661529686085,0.010395045903346275,0.01107484548983623,0.01124388900124362,0.0074688161384549425
2019-08-07,0.001720770250634513,0.0039209969000139205,0.001994936038486187,0.0005907344649753,0.0013453839518595243,0.0013893431317762324,0.0016905548395874522,0.0018389026663705949,0.0017860412394321336,0.002725057373796894,0.0015810872248926992
2019-08-08,0.012256587338712927,0.011250963073848076,0.00558743770501147,0.0196201718949644,0.009199211074371263,0.007669130867723315,0.006667119050407082,0.013100304545950472,0.013439081060288485,0.013562215133643488,0.0075627522553122425
2019-08-09,-0.005628968737412711,-0.005688397679570481,-0.0036089300442349076,-0.0068110852807322,-0.004679828456544319,-0.0038690621986730454,-0.003555606954785189,-0.005860246218223272,-0.005942096669167898,-0.0059363242002975726,-0.003880508226279815
2019-08-12,-0.003653782384406493,-0.0016067793898862101,0.0034949546951660916,-0.0121737207440048,-0.0009195706490006973,0.0005382558296571733,0.0021360881690250084,-0.004328669200327118,-0.003127934688573268,-0.0024685663802469157,0.0007870366919263795
2019-08-13,0.00969327923817738,0.005808541301110691,0.0008666149648112026,0.0155515537473891,0.006448981832695748,0.003507732761906534,0.0021435336599003258,0.01046554873439563,0.010660470157945096,0.010267467152689242,0.00342688872531879
2019-08-14,-0.014479111342500945,-0.01199242543430698,-0.0016166855518917117,-0.0295677000960215,-0.009024691961489183,-0.006281495068577853,-0.00366640339522139,-0.01589738665142526,-0.014706250975355105,-0.013860764428804028,-0.00590185790549438
2019-08-15,0.002734538413055455,0.00466364861183157,0.00515869566338412,0.0026418434185715,0.003518707786202581,0.004624195988651901,0.005091782963452622,0.002605045558419665,0.003024315329748394,0.0033249331772538305,0.0046031855392203
2019-08-16,0.008648863447117093,0.007332473472664811,0.0020409633822933175,0.0147551043574947,0.005963198235603767,0.004131547356292531,0.0028016383362315946,0.009317330592602579,0.008981217490386783,0.008182717446337862,0.003950000433495917
2019-08-19,0.006084488567126834,0.00213974325354087,-0.0022047979081092598,0.0120478967082422,0.003333990623267318,0.0007645455561737674,-0.0008150257892453924,0.006690305687341841,0.005970156940379539,0.005121680420451195,0.0006033498788088553
2019-08-20,-0.0018343611950091404,-0.0001985015833594204,0.003071435774900553,-0.0076626372292269,-1.6516035615989503e-05,0.0011376981876100665,0.002126674201257794,-0.002284293371145125,-0.0018467269784128955,-0.0015860508221064598,0.0012896671443524046
2019-08-21,0.004839248601396364,0.0035353014919123097,0.000804020132134674,0.0081354353127272,0.0031783771656624465,0.0021891519043724978,0.001400388039221787,0.005261361591175056,0.004976071631164687,0.004414757007652441,0.002086639114887448
2019-08-22,-0.0024764216009890527,-0.00311878543839113,-0.0026579029007324363,-0.0003078914520826,-0.0025866377295543637,-0.0021250096837891726,-0.0022989144879671337,-0.002420621607419633,-0.00282477475897227,-0.0028500263941884764,-0.002210568841354558
2019-08-23,-0.013803612850538955,-0.00829099555774628,0.0009412126006742946,-0.0256873735799566,-0.008585979814772715,-0.0039849103334056255,-0.0012469971765186152,-0.015015587319945577,-0.014454216586206128,-0.013100282721938122,-0.0036716543202688764
2019-08-26,0.007173717783094433,0.0053698777751471916,0.0018943534294616551,0.0110582593013126,0.005128585369636318,0.003461102455882783,0.0025874496533512077,0.007661450578461051,0.007467788158703361,0.007343355159638072,0.003421729168174565
2019-08-27,0.0006449137434314641,0.0011941166862958898,0.003728589769619441,-0.0039234850584004,0.0017719020982371748,0.002375798039434186,0.003294574052152498,0.0003887884694656153,0.001342775738855572,0.0019072698156989481,0.0025523270123345146
2019-08-28,0.0028863234103366706,0.00271959633879039,0.0012814620797409366,0.0070416892984939,0.00208929710778445,0.002105389365906861,0.0017350791651981842,0.0031469512844614416,0.003314723487623355,0.003185362721190593,0.0019573960432452842
2019-08-29,0.00684008243195394,0.00581243679057172,0.0006123400701205272,0.0127725566933716,0.004484877899041827,0.0024815525485400946,0.001336746367731199,0.007405026635391729,0.007389273477484602,0.007038476600044483,0.002346537290418924
2019-08-30,-0.0008364494960495012,0.0005666819280619901,-0.00018304002787809136,-0.0004439570377126,-0.0006140155111195832,-0.0003529230635177686,-0.00034368518026611853,-0.0008827021354498446,-0.0008709392776824182,-0.0010027095524899172,-0.00040230863982651825
2019-09-03,-0.004327089868142,-0.0011885235019589702,0.0005879326079371235,-0.0058472793675743,-0.002889772176399064,-0.0006122155764118622,0.00028788446241649905,-0.004591393012021642,-0.004820004090535973,-0.0038572316062674837,-0.0005265189785658778
2019-09-04,0.007965715977754742,0.00842749147501741,0.004435628805280142,0.0113504057926432,0.006315883946062622,0.0052809357367245464,0.004759211555309383,0.00839605565550525,0.008446336328885312,0.008697678355568332,0.005277751933909236
2019-09-05,0.00530771608159134,0.00017014206483007986,-0.005642367990069588,0.012855423699063,0.0018450256159435196,-0.0020315056236291725,-0.004179508136513403,0.006025674287672648,0.00534798194538489,0.004008456075453646,-0.0022669633322641024
2019-09-06,0.001069454245845904,0.0007912395293825101,0.0007759566988945557,0.0007721923589727,0.0011512168588394005,0.0008451939865536717,0.0007997670739802118,0.0010502482245992222,0.0017270047609940318,0.0011069530254533611,0.0007624393893988035
2019-09-09,-0.0036282283179352856,-0.0021905590708729806,-0.004758240024998611,0.0005030573548889,-0.004474838188742258,-0.004232289549311265,-0.004823286162649784,-0.0033918393483598117,-0.0044534959316483245,-0.004561007261708084,-0.004355182180104248
2019-09-10,-0.004537944140259644,-0.00400163540687941,-0.00614682844166865,-0.0002348536403901,-0.005436455672862711,-0.0054831746537275135,-0.0061662238293567935,-0.004302901556142697,-0.005210830555752538,-0.005502809587403251,-0.005633491257186207
2019-09-11,0.004209043243342122,0.00531293961733365,0.0021241906642194023,0.0071114333926953,0.0028591724215731736,0.0022951232598840752,0.001944098988325813,0.0045814605608422935,0.004534622612772361,0.004916368305461251,0.002308049594570734
2019-09-12,0.001372773114016374,0.0018136582514772202,-0.00042570424759492086,0.0034637409843558,0.0004764349604908601,0.00022464980962680364,-0.0001280255499489503,0.0016137232315345086,0.0012265445490811052,0.001269570486717648,0.00020291713153303357
2019-09-13,-0.0053041075946137885,-0.00496132377955242,-0.007351109215537827,-0.0006636796594636,-0.006402968187685696,-0.006340900344628377,-0.007095114253235154,-0.005005665685287337,-0.0061009114428041845,-0.006443576298753497,-0.006499508055723175
2019-09-16,5.549892879025417e-05,0.0018653004902201102,0.0037752818407181254,-0.0030891253873053,0.0012528187591463302,0.0023877751751504553,0.003227558121003869,-0.00018769384097200764,0.0005234799260413932,0.0009608216270338962,0.002482047829167637
2019-09-17,0.0032309392095162797,0.0031491981620046404,0.002506917682325575,0.0025318379979517,0.003107728049224349,0.002582381618079734,0.0025903118821133616,0.0032366907812449693,0.0035080097191409793,0.003562848912106762,0.0026276204292733276
2019-09-18,0.0008192180928130832,-0.0013891966961342502,0.00014580531252453895,0.0005984507000962,0.0008436587937754756,0.0005545989385832143,0.00048250358741973304,0.000806613884935686,0.0012196169387361506,0.0007484648826634752,0.0004961338157373784
2019-09-19,0.0014068997834695213,0.0009936953185033896,0.0016029707382493486,-6.645475233990616e-05,0.001381248989074489,0.0013142054407085284,0.001480972851437357,0.0014192563550700055,0.0016369002018568584,0.0017132898384387308,0.0013828919491328184
2019-09-20,-0.001425694497562965,0.00189243831047859,0.0050540139143836005,-0.0047246631435075,0.0004945982784312747,0.0029620346823215284,0.004134143530615777,-0.0017857383461860876,-0.001203237190971211,-0.0007100619075274914,0.0030146495886923313
2019-09-23,7.550918511605376e-05,0.0005513579939566,0.000660602206220453,-0.0002349520435018,0.0002848707558535295,0.0005688083097321985,0.0007255312275372079,2.472697470636539e-05,-0.00017180989709137464,0.0002227814476999688,0.0006226047612851238
2019-09-24,-0.0042524586770668745,-0.00273464681707687,0.0018721145071267055,-0.0078467378104227,-0.0020023236822409324,0.00012473780645057362,0.0012413487603319454,-0.004746880573619399,-0.004188549833743767,-0.0037829294841076134,0.00016584972949903432
2019-09-25,0.0021668009786885408,-0.0018992038792896599,-0.005539314864888963,0.0059147105426127,-2.238975763773233e-05,-0.002955275766730567,-0.004425185473429025,0.0025709269978593705,0.001984891231763796,0.0009300351167461375,-0.0030803085523559274
2019-09-26,-0.0006649482133768956,0.0005352400194806298,0.0010779589411037919,-0.002083083691875,6.444775955955216e-05,0.0005388136716507638,0.0008834805097372373,-0.0008339943742203082,-0.00044747078928675883,-0.00045868823287058367,0.000542861759266895
2019-09-27,-0.004784466763567142,-0.00486344079296761,-0.0011851405949522766,-0.0053869724170564,-0.0033436550554086634,-0.0018247057691996526,-0.0014026132009347723,-0.0051001440765204705,-0.005022112277686223,-0.0052768444142207264,-0.0019338072952472338
2019-09-30,0.005126197862514889,0.00174504768414231,0.0004485708509709759,0.0046375648217507,0.004258962593815956,0.0017339825045646086,0.0009394713771942263,0.005192726495923754,0.005483289848213103,0.00432434939166051,0.0016765035175871786
2019-10-01,-0.003832743842071158,-0.00536211675372588,-0.001298524700236801,-0.0118948974560799,-0.0023051051458333636,-0.0018104463334417213,-0.0012383804907626053,-0.0038178009092221634,-0.004078550016835049,-0.004489920555566653,-0.0017436671667052529
2019-10-02,-0.007454532844937713,-0.005752472269870591,-0.0017137845480290825,-0.0176642857511644,-0.004300831320398122,-0.0033428846943444916,-0.002420704676209013,-0.007482177749792153,-0.007951908467855859,-0.008529483614142186,-0.003188166739102085
2019-10-03,0.0074380154203233205,0.00745291566163149,0.005307038562475773,0.0081922466524859,0.005973022079137612,0.005802434282657995,0.005717296605531131,0.007384685192285707,0.007534383337600798,0.007945961778422363,0.005754695008368737
2019-10-04,0.009244941493563173,0.00694979976585957,0.004853990943091074,0.0135318315522316,0.006518890645763219,0.006064040914140521,0.005665913161494717,0.009150650801090735,0.009483141651119478,0.009941801826806602,0.005966848400438643
2019-10-07,-0.005241442847951326,-0.00459848690410393,-0.004490131835393775,-0.0043140655246922,-0.004505111156382893,-0.004690887924552853,-0.004832777878810427,-0.005085118096498471,-0.005137715829321239,-0.005122259674050193,-0.004704126191592761
2019-10-08,-0.006631891601192014,-0.00558245000187346,-0.0019293843243340806,-0.0155248240717771,-0.004257968364466933,-0.003456241757740626,-0.0026796296432043537,-0.006680553439149485,-0.007049534217668551,-0.007563548297276472,-0.003341372560256884
2019-10-09,0.0035628625436600237,0.00338114714492109,0.0009223973270631079,0.0094965591137803,0.002353698519966847,0.0019816722816015184,0.0016312796054360993,0.0035854565374781548,0.0037697117815144697,0.004398490448986233,0.002012986898561231
2019-10-10,-0.0016205421935704524,0.00017354451586267997,-0.003890965077555141,0.0067632065668632,-0.0021967073185647796,-0.002833382972086151,-0.003416500678426654,-0.0014297262851280502,-0.0012704303303459133,-0.0004914739118715384,-0.002823850373099581
2019-10-11,0.0021564833113797304,0.0047103416755208205,-0.0003580592330710055,0.010367107683888,0.0002873810047291981,-0.0004135114441756153,-0.0010166338432593981,0.0022602212966681286,0.002547589864104142,0.003368841186356587,-0.00039952430615036684
2019-10-14,0.002196797796453811,0.00044682990388216,0.0019848757677225102,-0.0011135345318913,0.0018704645107416804,0.002053310041042895,0.002256452601790401,0.0021072209533095627,0.0020995650345887167,0.0018906275382106956,0.0020400010805766275
2019-10-15,0.001734855899766068,0.0029395731333925895,-0.0010123155935060834,0.0098998600220749,0.00043737985187821283,-0.00029182950411848216,-0.0009129181336601013,0.0019085395160134068,0.0021402186185409244,0.0029741897290246257,-0.0002946312676853211
2019-10-16,-0.00013247216991101602,0.0011478494995059202,0.001573351210421501,-0.0016056788619762,0.0006492150682680065,0.0008978512889714504,0.0011092358775190378,-0.0001537692142126062,-0.00026299289624582195,-0.00030503062255658525,0.0009547653516303661
2019-10-17,0.0013386652008927995,0.0030227830734244404,0.0015141940185395962,0.0029487419730696,0.0012683676108220766,0.0011890210162905932,0.00110336126353585,0.0013591931888692742,0.001384239936634263,0.0014855280609977952,0.0012168009930063279
2019-10-18,-0.0026086462184978483,-0.0015651216867669,-0.0002224479952640583,-0.0043771139534671,-0.0009858403818179449,-0.0007090227334438518,-0.0005866069119785284,-0.0026097797660507003,-0.0027778522076694354,-0.0035137577606569044,-0.0007089889555758357
2019-10-21,0.0012280573756497186,0.0028884147449170904,-0.001007720393068665,0.0067793735687646,8.219845183794663e-05,-0.00041505924367782863,-0.0008337082881355384,0.0013220791392910575,0.0015042719830315825,0.002120610091185815,-0.0004231914410294185
2019-10-22,-0.0005748875192472917,-0.00019142436449171994,0.0013983703630181857,-0.0032667658390141,0.00030735071853766363,0.0006884876715436726,0.0009257291475654197,-0.0006827485577057725,-0.0007997045917648201,-0.001369247780793381,0.0006809800712435934
2019-10-23,0.0016450557857969992,0.0018199906315183403,0.0013703092815292273,0.0029095332954667,0.0013294640263496226,0.001325756079766294,0.0012950123874948243,0.0016043483018717383,0.001644762572493465,0.0017931302598371444,0.001335423207326533
2019-10-24,0.002669345392756366,0.0016344059547422501,0.0013955422495080193,0.0016340943549528,0.0016180728020208524,0.0015049846701011978,0.0016128637907318188,0.0027044250319726627,0.0027720854047587574,0.003442924552530364,0.0015950383851016416
2019-10-25,0.001203265473688138,0.0010562433489791601,-0.00041561812363981017,0.0040947565900917,0.0002510062025968423,1.4434108044384547e-05,-0.0001086666660704129,0.001243966814908206,0.0013530037641138874,0.002116051838013516,6.936535849865215e-05
2019-10-28,0.0004010421547599849,0.0003973981266549998,-0.0019521041831862397,0.0056364590449511,-0.0006834382658696598,-0.0013183116719054696,-0.0018091393106491403,0.0005752802226832439,0.0007562860547067223,0.0013632350250261925,-0.0013522691159619986
2019-10-29,-0.0021585665340891663,-0.0007924500945331401,-0.000595430552663375,-0.0002965109874902,-0.0009187925788673681,-0.0007658144953780953,-0.000820578656540262,-0.00217917295704457,-0.002273312900082289,-0.0026135665854093272,-0.0008007778840475637
2019-10-30,0.005850216566673789,0.004535129760347541,0.004392831603484543,0.0030669638943783,0.004239821290591372,0.004355396698859541,0.004517832515468119,0.005663463679708113,0.005784915461451038,0.0058574398718563205,0.00428631142495909
2019-10-31,0.004074797326702939,0.0015981013218887602,0.004707806813818887,-0.0026633303133583,0.003755691704359848,0.004150974019806953,0.004614081418870058,0.003932262176815394,0.003872476332085777,0.0036300750583996627,0.004155961773939312
2019-11-01,0.0036172029686022734,0.005604062645909671,0.002406519853138313,0.0092641375621773,0.0025259230832864995,0.002250091408342849,0.0022626540236164363,0.0036789764252142705,0.0036994043984648925,0.003993480436362021,0.0022894853625817354
2019-11-04,-0.002180647700128665,-0.00021528620689138057,-0.002804182225829376,0.0040180203724327,-0.0022175707279703644,-0.002516647404715936,-0.002762632527003862,-0.0021191290543303393,-0.0021474100234437775,-0.001874582357512084,-0.0024803921972646457
2019-11-05,-0.005696259373562558,-0.005101522450637641,-0.005810607873677193,-0.0011063048760384,-0.005175181492387451,-0.005554538683064879,-0.005793709010324104,-0.005613421365416937,-0.0055043320083221475,-0.005408924800105543,-0.0054899205821947045
2019-11-06,0.003000319026700994,0.0009598651028347102,0.0029090265538551257,0.0002278178653696,0.0030804393632440107,0.003215142355293889,0.0031222818342214903,0.0029750774581884403,0.0029666664014677507,0.002582254081063539,0.0031960758767698165
2019-11-07,-0.0058538749845510355,-0.00394994543670576,-0.006605886066918603,0.0035167329660301,-0.005272474420920986,-0.005837059643632465,-0.006381549948778405,-0.005727002282264608,-0.005640913617997923,-0.005424966705607183,-0.005750729508143226
2019-11-08,-0.0006101281894027231,-0.0016182218784550801,-0.001344292296270474,0.0024658593061706,-0.0006568372647882399,-0.0008868328288915265,-0.0010947490087210524,-0.0005610381453776001,-0.0005021867980410197,-0.00034793023267869113,-0.000848587517684607
2019-11-11,-0.0007386211343234693,-0.0011682725267292398,-0.00020278619750566305,-0.0019093976494577,-0.0003285087821132604,-0.0003125467049546349,-0.00028146223034493134,-0.0007428471266465802,-0.0007220188254273392,-0.0008134197363518543,-0.0003119891739014908
2019-11-12,0.0023880411530580936,4.325510040967999e-05,0.0012016119530775889,0.0021079234090246,0.0013627227309921043,0.0013975291406229061,0.0013608973813102766,0.0023789954080446424,0.0023866141113923134,0.002613044121859311,0.0013938782282681946
2019-11-13,0.0024476233793148433,0.0009873386938802902,0.001746406127455593,0.0003238147688062,0.0020742993541428747,0.0022031539928443152,0.002136794317779563,0.0024191694207151273,0.0024147933775535277,0.002448676858505213,0.0021854137851337525
2019-11-14,0.004199025473101627,0.00308443762069287,0.003974220188036245,0.0014556062938182,0.004062405135945472,0.004202949958217659,0.004255950298908929,0.004172688107777101,0.004197778514523665,0.004072402835288708,0.004187416008235617
2019-11-15,0.0025869176906861456,0.0035211666575585697,0.0010042351522778971,0.0072366940887615,0.001760808034012191,0.0014985709834286827,0.0011924055028888262,0.002645882792040897,0.0027067740406997286,0.003037841095797579,0.0015413601402434534
2019-11-18,0.0012826163548234682,0.00110086222667648,0.001235542445251295,0.0007371164857703,0.0013366878197857163,0.0013883400171138703,0.0013180757759888699,0.0012707307589627482,0.0012517103562342817,0.0012649640877777945,0.0013790090640231744
2019-11-19,0.002303203520021823,0.0020094230197975,0.0017968733985292938,-0.0002884400868964,0.0012781652391870534,0.0013766147466791627,0.0016288996879228147,0.002278829438511025,0.0023206630559813846,0.002491072866385304,0.0013688919192801278
2019-11-20,0.0005380689768642959,-0.00087799486795354,0.0010398761992194867,-0.0037182295390055,0.0006538289317853343,0.0008730071049765246,0.0010821629438981348,0.0004946686603347799,0.0005346477453545537,0.0004682941691539936,0.0008489056842623791
2019-11-21,-0.0031737168437211993,-0.004282286767669101,-0.0029709239254811174,-0.0016092022464307,-0.0024995998017132977,-0.0026162976527886756,-0.0028382505780165527,-0.003146402950207249,-0.0031298716524115265,-0.003261693153228821,-0.00259862267162254
2019-11-22,0.0015697743567136425,0.00070562934488363,0.001290137858067693,0.0022239184056491,0.0013170297716643333,0.0012335975966958459,0.001205362875495153,0.0015920611106388313,0.001635056491793451,0.0014732266742056056,0.001250230647057427
2019-11-25,0.004841946153107053,0.00640076539084478,0.003665222966586155,0.0077501590475324,0.0031859595846213,0.0029037280675167933,0.003163014433372095,0.004898658451743621,0.005008774850451392,0.0053690596994568,0.002955559392943394
2019-11-26,0.0032336229996764204,0.0029672264686111203,0.002364326689058072,0.0022656922783408,0.0025169030452146155,0.002599594228980093,0.0026003245698029472,0.003215871942005615,0.003208903938150311,0.003296976885316915,0.00258767109033167
2019-11-27,0.0010812776868981265,0.001613759202967473,-0.0004051828704101486,0.0044574041584728,6.58564607902505e-05,-0.0001889343883274244,-0.000325525696931445,0.001134036218533092,0.0011982703130888046,0.001434450678531692,-0.00014667992988241167
2019-11-29,-0.0020095409079522956,-0.0040865824842850704,-0.001673705958980386,-0.0037087022155058,-0.0015195698881832016,-0.0013207813532495854,-0.0012982680629325626,-0.0020538398777149884,-0.0021569732861129033,-0.002260122487018877,-0.0013605540864153156
2019-12-02,-0.007557744048803454,-0.007078996300128351,-0.005025597940143731,-0.0084947809852806,-0.005244975389589396,-0.005144387482038445,-0.005125275590742265,-0.007578913821694445,-0.007698295364405883,-0.008293267163184938,-0.005173169895079196
2019-12-03,0.004247191037598808,0.0027034092326941503,0.0060187871248005365,-0.006706446155723,0.00414849474473231,0.004723465239375262,0.005421141852886919,0.004121792021408931,0.004105524806957536,0.003751177171291227,0.004644715608195291
2019-12-04,1.2199498014306236e-05,0.00224607257911532,-0.0004618459473402218,0.0061704604368624,-3.2103891647250584e-06,-0.0003010125839250015,-0.0005515961893834006,8.000445097259948e-05,6.87008728158749e-05,0.0001224202588901813,-0.0002627816163353729
2019-12-05,-0.00040018571188865393,1.462767750875997e-05,-0.0011566107847698582,0.0017975924510837,-0.0005386147643531577,-0.0006272825545489991,-0.0007807011702283422,-0.00038140885181498787,-0.00040834073680049554,-0.0003710423278236596,-0.0006189246614361695
2019-12-06,0.001774858528178907,0.0029447010574190397,-4.5559021273022144e-05,0.0091343314546448,0.0007737762498032964,0.00027623709544381185,-5.798961407860191e-05,0.001884366962848489,0.0020115848391622643,0.0023930042331189046,0.0003589394945575248
2019-12-09,-0.0011653930172490373,-0.0014303033806594301,-0.0005534151244730863,-0.0031442283599225,-0.0007305001307218426,-0.0006240854316812575,-0.0004926823901743714,-0.0011862621348943984,-0.0011850528854325585,-0.0013244999196124435,-0.0006381312455057152
2019-12-10,-0.00011597596201293192,-0.00014646511268666713,-7.112253437564999e-05,-0.0011151951339589,-0.0004611382847110457,-0.0003769488776370761,-0.00024009110036573588,-0.00013586456796319123,-0.0001741783771684863,-0.00020990198348533977,-0.00039309576376815375
2019-12-11,0.0048433771363429945,0.00403770784516986,0.004225762879090535,0.0028389601567995,0.003977443120053542,0.004099458310822349,0.004119419708813314,0.004811339960667201,0.004793149965772248,0.004987119466012156,0.004080882467599068
2019-12-12,-0.001383552094307131,0.00027587163187583964,-0.0031029132246315544,0.0086191426955042,-0.0017681163059926719,-0.002239114809906098,-0.0027200830805209166,-0.0012773556191414922,-0.00129032786424919,-0.001039796882640881,-0.002178011672742214
2019-12-13,0.005164503668382141,0.00351934008159434,0.005159381140389007,0.0005988811690329,0.00448548928324404,0.004663164553911595,0.00473747710251263,0.005120411774967574,0.0051402702621495145,0.005108654048128159,0.004642065297951392
2019-12-16,0.0009261669862419872,0.00343220552676244,-0.0006071050468697021,0.006870023023775,-0.00019721797382399702,-0.00048500934442336483,-0.0007377120624264788,0.000983416877427757,0.0009627279461834643,0.0013608905367818818,-0.0004492704890139583
2019-12-17,-0.00037153700427671995,-0.00025637815167853863,-0.0003946235071451553,0.0002191368262542,-0.0001855354474877091,-0.00020968819486792285,-0.0001084745431406658,-0.0003669650984779841,-0.00037211400231702206,-0.0003223006778010951,-0.00020712670399219323
2019-12-18,-0.0015961021021158024,0.0007526024467427861,-0.0014280978832933665,6.274720530163869e-05,-0.001164109316701226,-0.001246592757757724,-0.0012932981836651853,-0.0015801531409549584,-0.001631607099511827,-0.0018175591101835017,-0.0012422069995164393
2019-12-19,0.0028447972713025868,0.0029921370596376804,0.0015588867366989935,0.0040987355862869,0.002002319465958731,0.0019478430556127834,0.0018756396876880707,0.002852739250365236,0.002852549367004154,0.003137558184498677,0.0019551053012182304
2019-12-20,0.0020129854812015045,0.00201093346692388,0.000635117868500062,0.0043843752349166,0.0013309390754585682,0.0012386856690193649,0.0010279785709071299,0.002034458067777186,0.00205481905664211,0.002351245016049063,0.0012535977523419957
2019-12-23,0.0009717974872109796,0.00052506564352089,0.0005164008743235882,0.0015275926511457,0.0005436092385679518,0.0005415602041114022,0.0005404430677523611,0.0009694250780353478,0.0009321638439557934,0.0009782027458123867,0.000537054025364109
2019-12-24,0.0018842359977028567,0.0017253278087324183,0.0020488545258735983,3.126819743948239e-05,0.0016350907469958713,0.001835642543537058,0.002061831615128532,0.00183721346323297,0.0017462249294085315,0.0018055976951422623,0.0017972122234380552
2019-12-26,0.004471196664148068,0.00435566764329364,0.002752590432820864,0.0053232441658233,0.0032487775209973863,0.0032633812645892096,0.003063815051730935,0.00446033321832081,0.004409873990439117,0.0047893014447895526,0.0032549854259800544
2019-12-27,0.00040323312079015416,0.0006482761938875502,0.0006475597095729313,-0.0002476728702724,0.0007748860776638202,0.0007868159516853098,0.0006512621947520336,0.00040191562203335134,0.00041192040782826446,0.0002816596593657575,0.0007865055335406854
2019-12-30,-0.0023338351341194667,-0.0028116908773497,-0.0009035966836068665,-0.0055134087057893,-0.0012180424947119493,-0.001058320759021222,-0.0008473128825255266,-0.002368600037486046,-0.0024434619182909945,-0.003065216262250431,-0.001089251974361756
2019-12-31,-0.0019217734043259914,0.00040891153707509016,-0.001972219289442116,0.0024293471137453,-0.0016392363114974351,-0.0017697623658416378,-0.0019506018183967654,-0.0018931247583308217,-0.0019611965536244775,-0.0018107250186469102,-0.001761124079239167
2020-01-02,0.00834055614196238,0.00707058061351924,0.005101995796714033,0.0093518207517759,0.0056493081220021675,0.005625045874002527,0.0053223148537791375,0.008332411553009155,0.008359734672267973,0.009396341536572187,0.005631878995467166
2020-01-03,0.0018952722895345868,-0.0006625214274572105,0.003311934818972666,-0.007572371551388,0.0021119897575679644,0.002724584487021316,0.003369697324920572,0.0017609175981042277,0.0016641404437141385,0.0014539794908166284,0.0026304597226239766
2020-01-06,0.0009657728508535037,0.0014625061036684505,0.00020953738702488318,0.003815178783286,0.0005393674157676345,0.0005657115599801378,0.00044395069817963084,0.0009523484065398175,0.0008150507796939561,0.0012745914086065766,0.0005445722861642266
2020-01-07,-0.0020658518546222268,-0.0025818792352138,-0.0017672263165016521,-0.002811612448722,-0.0018344731826016145,-0.0017336035132328427,-0.0016924675973285092,-0.0020950227249696644,-0.002187992465251465,-0.0021456824038494564,-0.0017589756077508712
2020-01-08,8.441290793031398e-05,0.00098358365799942,-0.0013435670328809431,0.0053290019955358,-0.00024382584669463653,-0.0006002191325063177,-0.0010077780526628888,0.00016045551912824763,0.00023227489549948387,0.00048628166959200416,-0.000543449333400483
2020-01-09,0.004527848481560449,0.0028233567341540504,0.0021257956029560724,0.0067811144183425,0.0033150768008395914,0.003052368922196456,0.0026259871134621054,0.004585022015160636,0.004705823751926589,0.004807820093855727,0.00310294423796923
2020-01-10,0.0019594133337257724,0.00199094685482912,0.001784572351914509,-0.0028776418014472,0.0012793203639948237,0.0015595032002452215,0.0017823910979476853,0.0018962251735565653,0.0018658093578451207,0.001796838550399444,0.001518246287023461
2020-01-13,0.0014308542119705018,0.004365850711575941,-0.0005244526955578482,0.0068775078316094,0.0003533871445195632,-1.2114288314262765e-05,-0.000342244354584988,0.0015046928405871953,0.0016032022818881937,0.0022612844347433972,4.933083189883374e-05
2020-01-14,0.00027026267656501555,-0.00026681506672659007,0.0013616489846924025,-0.0015249965494119,0.000539713509396886,0.0006196459522847596,0.00091277667075939,0.00025785510839082515,0.00029386641066352656,0.00017000050189778355,0.000613594389306477
2020-01-15,0.0031556398269963555,0.00258393147325976,0.0029228734376335395,0.0022599062992114,0.0026803872495263807,0.002791156570047929,0.002964750820147673,0.0031344295518842655,0.0031220927009334124,0.003212811398991161,0.0027747828011044757
2020-01-16,0.003281639741481829,0.00439117004065198,0.0014548038527712056,0.0083184078668132,0.002117890630545907,0.0018211402615910042,0.001685339819565,0.00334568257699066,0.003387589549073217,0.0036447557152618354,0.0018661018581316911
2020-01-17,0.00010309543470063758,0.00072809569157944,-0.0002373189693289791,0.0031125624599168,0.0006233599729571589,0.00048280855819414996,0.00011419932282509594,0.00012959271677013366,7.089566021915553e-05,4.072293723932874e-05,0.0004940164418551826
2020-01-21,0.0028921575030995653,-0.0014092261839906404,0.001914189289871689,-0.0019579614689159,0.002337392505666554,0.0025156743296452836,0.0024442075629549907,0.0028505642601067177,0.002890304583353297,0.002778697578143152,0.0024970375577528423
2020-01-22,0.0012416079859580483,0.0010203190391376799,0.0005697953557645035,0.0001205599600868,0.0003518049307817174,0.00038720635151893697,0.00041838432690986463,0.001229251365356358,0.0012448997601539277,0.0014328544537870528,0.00038452897732622876
2020-01-23,0.002674088380139002,0.0012420575399953102,0.0016232070248547194,0.0011468487828851,0.0018102655952807825,0.0018866925789275937,0.0018847828931402683,0.002653618606653205,0.002674691310057339,0.0029544588621577116,0.001879238825169958
2020-01-24,-0.0010003308487873507,-0.00261638202684305,0.0006226338569950755,-0.0088930861561435,-0.0004718968649864343,-3.282862331750456e-05,0.00027778342720912835,-0.0010996416340130484,-0.0011652254591705844,-0.0014756979674970135,-9.978637291331185e-05
2020-01-27,-0.003099056431484423,-0.007706076187704599,0.00026436259502022957,-0.0160294568561193,-0.0013711108295709417,-0.0006333687039830206,0.0001816160665832725,-0.0032546916868117838,-0.0033187604599829597,-0.003989104760403968,-0.0007400042806081789
2020-01-28,0.0024681567346592046,0.003527041766920329,-0.00024873273776429615,0.0104788474799464,0.001126693307014105,0.0005837526397153441,2.5843652477846373e-05,0.002580970936599308,0.002686444531537252,0.003204970782650759,0.0006697489182759265
2020-01-29,0.0033257211123136677,0.0019617507781370903,0.0030395237221536777,-0.0008256036477731,0.002781469413184323,0.002999246595765373,0.0030453621452009457,0.003272672654667531,0.003263456280638608,0.0033860522650153877,0.002969059550327344
2020-01-30,0.001598321255433608,-0.0006439478481045724,0.0007081953640219909,0.003244973402227,0.0014596419489577167,0.0013700947483665593,0.0011472639687865958,0.0016178546816677849,0.0016349559417014172,0.0017709756598427904,0.001384234595148693
2020-01-31,-0.004113314414428603,-0.008155196356505391,-0.0010583607113146178,-0.0181577035934406,-0.002533524552648387,-0.001824462996914082,-0.0012631700699828738,-0.004276688964731661,-0.004386702270235631,-0.0051606074865126255,-0.0019331043316410793
2020-02-03,0.0030650816360684387,0.004157562769897549,0.0004275498357081704,0.0074286823290559,0.0012207631445822387,0.0008759662986695899,0.0006928146002522658,0.003128622125915521,0.003229993149525665,0.003979230461914218,0.000935054410588839
2020-02-04,0.002779162595481222,0.007133154454526789,-0.0007971524619379678,0.0152411437127777,0.0008200607540179403,8.82318845116371e-06,-0.0007016348602983515,0.002946725605190335,0.0030871519644533464,0.003945131072257928,0.0001351111336916131
2020-02-05,0.0015551450106716838,0.0031560818714638002,0.0009417613602304417,0.0115482579277459,0.0018611029632957115,0.001455846843355477,0.0011670699576648742,0.0016603838358103242,0.0016496056236833647,0.0015943495972464811,0.0015083865908575172
2020-02-06,0.0033602044822056134,0.0026876220554961404,0.0012450578107526433,0.0033647871648652,0.0016084253792092425,0.0016522209044009392,0.0014884662930052923,0.0033400486961737397,0.003318431597458334,0.003939642749065081,0.0016436635706378808
2020-02-07,0.0016693259283943249,-0.00217187264523808,0.001439520464056332,-0.0053299380945669,0.001446307902883709,0.0017686369512533349,0.0018171288385459418,0.001596336383308904,0.0016127849592171837,0.0014617312395395587,0.0017277973277266855
2020-02-10,0.005202071849740185,0.00536084867739425,0.002943649422229768,0.0074657574214382,0.003803709782549,0.003662935719462832,0.003439359638721609,0.005224829043794512,0.005247479515220131,0.005732290441417246,0.003684667602535218
2020-02-11,-0.0012190665821372848,0.0023958764373659008,-0.0005902125822158692,0.0017329157049499,-0.0010019681525143581,-0.0011629086725313017,-0.0010931749706522196,-0.0011801040442772671,-0.0011606100562749216,-0.0011881491022101762,-0.0011389659442829093
2020-02-12,0.001955167300354551,0.00371618540801556,7.190814695695678e-05,0.0064426285005547,0.000869418623355872,0.0006188759411947101,0.0003778012418470126,0.002004491612926715,0.002013886568481719,0.0023637417334622848,0.0006535200858068914
2020-02-13,0.0006183077330641793,-0.0004177067057052101,0.0003887130333211222,-0.0010665505093376,0.0002648519467009855,0.0004380267356973506,0.0006725487142100529,0.0005795049250986444,0.000532215787825818,0.0006800569890105416,0.0004088579026192722
2020-02-14,0.002806875731618307,0.0023164441510977202,0.0018846705925128018,0.0016017822037091,0.0023792263225266338,0.0024530012608934802,0.002303771383286949,0.0027878791895476684,0.0027740201918323606,0.0028551706041388654,0.0024413991131131897
2020-02-18,0.002500605988914853,0.00048034603889913997,0.0018704477543720474,-0.0025771391385391,0.0014267653163772386,0.0018008065612478228,0.002101441427312037,0.002409887714943803,0.002288001014717323,0.0023818850447369856,0.0017353045652565616
2020-02-19,0.0028092851000608397,0.0020872630525951698,0.001201436257897695,0.0047814231420284,0.0014380325605166835,0.001404946319541662,0.0013596954937283529,0.002806559580069759,0.002759928452216672,0.003363392369369442,0.0014034150220184772
2020-02-20,0.0004670792413058113,-0.00023906617414864984,0.0020627652999734023,-0.0041081501499391,0.0011190193816075372,0.0013927918340472193,0.0018637156552855534,0.0004160819060143188,0.0004005092183026974,-6.341718794547339e-05,0.0013542349149605136
2020-02-21,-0.001608909716941744,-0.0016738931969707102,0.001877135191764997,-0.0102985329556134,7.391392636760664e-05,0.0007425564567647433,0.0013537116321371144,-0.0017428902632118687,-0.0019039559781986366,-0.0026451938292776744,0.0006326076171581464
2020-02-24,-0.010698001233017375,-0.01610497425191611,-0.004175400505186766,-0.0331654653001897,-0.00659209338428783,-0.005334971336058914,-0.004141592500449574,-0.010969344594084447,-0.011152847282230965,-0.01262464437930021,-0.00552621046986084
2020-02-25,-0.012635674160494903,-0.01533028677829469,-0.00699635393304582,-0.0303020044954162,-0.0092904653256281,-0.008711490590070608,-0.008195789692544565,-0.012768387218327758,-0.012696101451480136,-0.014145445358683683,-0.008779336190088362
2020-02-26,-0.0019445431181987667,-0.0016820415475655302,-0.002151260580373528,-0.0036783453506892,-0.002130357948997825,-0.0020062679843747,-0.0021692158022427644,-0.00199095766332383,-0.0021021951217175296,-0.0017492828466316255,-0.00203701362322293
2020-02-27,-0.018812885566260217,-0.02264404909704158,-0.008413239435446977,-0.0449115485580101,-0.013427670605651103,-0.012040398714260329,-0.010322172784171035,-0.019113242367071136,-0.019283978648770014,-0.021042924773437208,-0.012247342410821354
2020-02-28,0.002730980974975046,-0.004708401165151471,0.001995276091981758,-0.0042017832765244,0.003048179602104642,0.0027149971007805742,0.0021311174688087,0.0028051326417733767,0.0033341367006232865,0.002958690586188626,0.0028275039163038864
2020-03-02,0.017918993486459152,0.02008039486651371,0.006844253157688147,0.0433067925250276,0.012824252971963173,0.01161945854853053,0.009897449786718278,0.01817193005175677,0.018286636609158212,0.020810460321599163,0.011794907916278546
2020-03-03,-0.002763844250602039,-0.0028282458829235603,0.006391650057821878,-0.0286324702077727,0.0010796632448826886,0.002625657566128045,0.004372851712589191,-0.0031072088447465663,-0.00352222311737583,-0.005598999952840689,0.002366159145645064
2020-03-04,0.015946317342179515,0.01879897618522656,0.0075461020019860076,0.0420329785516306,0.012341929277334712,0.01107923815098288,0.009346460545314865,0.016228977870788804,0.016368986820390053,0.018109362325421492,0.011265559930420563
2020-03-05,-0.006614974070700646,-0.010943254184737981,-0.0011821951129585106,-0.0332416950338747,-0.005239309316179688,-0.0036566103037013347,-0.002139162476481812,-0.006975874117933286,-0.007251946352333318,-0.007939792314684826,-0.003903059366765076
2020-03-06,0.004865851180672741,-0.0036402784890622415,0.003940389601500276,-0.0165310763380781,0.0012394298603678202,0.0022305976951317507,0.003196903921421372,0.0046513916862862175,0.004877380112289776,0.005143151916282557,0.0021275340033584224
2020-03-09,-0.03314278278757697,-0.04542865331165763,-0.02304285902921649,-0.0780941869609362,-0.02740873450142281,-0.02490657914161705,-0.023256385077782667,-0.03371824780360381,-0.033997808147046324,-0.03464138086472614,-0.025275975126585505
2020-03-10,0.0033326571668515943,0.015411487334401114,-0.007478055367692881,0.0517443348931563,0.000612970805657264,-0.0017507211705778845,-0.004789336803652854,0.0038543825015411246,0.004056654460425888,0.0071507885348052955,-0.0014095916805724265
2020-03-11,-0.036412556964611785,-0.03967482741617982,-0.028206124002538396,-0.0487483108851257,-0.028540955245440987,-0.027595740642668908,-0.027416687740753086,-0.036640104214354374,-0.03709041644818091,-0.03775507163187198,-0.027779594153543405
2020-03-12,-0.05620209345294054,-0.06900835164725372,-0.04321834754680576,-0.0956770455678661,-0.045975657461021634,-0.043943029184807324,-0.04258896985831531,-0.05665991995118946,-0.05668038725992771,-0.0571820787859252,-0.04421656802654318
2020-03-13,0.04084130072112251,0.044075926802473714,0.023861156832277974,0.0854860158567696,0.03389976828388097,0.0306947204121817,0.0270479167724317,0.041564647652936375,0.04223417904071016,0.04193296998258851,0.03120805819326008
2020-03-16,-0.040061999455377986,-0.07016312349736023,-0.02146929862719582,-0.1094234965383562,-0.02887941335115685,-0.02534083826935382,-0.022701880663515885,-0.04082619738600253,-0.04087325345887678,-0.043664634541659454,-0.025818707638575522
2020-03-17,0.0020797338958674274,0.02319128132084211,-0.010060026118738647,0.0539920435510887,-0.0038169388053340986,-0.005776733163908891,-0.008122787847797151,0.002466150987821037,0.0021690978830402902,0.0074691778296979445,-0.00555344113560605
2020-03-18,-0.04557507916723232,-0.05375736812645736,-0.038970631903694895,-0.0506329859926082,-0.03709794732599321,-0.03660838580171328,-0.03729008199749574,-0.04572968532865873,-0.04613787927385504,-0.045424328295834565,-0.03672590956849446
2020-03-19,-0.010338476028237684,0.00361791263811994,-0.010115753147658748,0.0021250671080248,-0.014141267390927881,-0.014282952779286769,-0.012835583888767665,-0.010307193645345082,-0.009916482998711314,-0.0042497967591836935,-0.014213771565912019
2020-03-20,0.003003865973232338,-0.0029121839178763483,0.011630983621195145,-0.0430940796214993,0.002201885656805287,0.004439616243937485,0.007553123591734102,0.0025021684620154094,0.0025558193673556138,0.001602043858375448,0.004148268545000843
2020-03-23,0.027395118898540703,0.00494826888228947,0.02833336150221131,-0.0255685167775593,0.022374333275505365,0.024295835509726804,0.026490568993570787,0.026911832725540614,0.026493735626502295,0.02108132449257521,0.02398622830113722
2020-03-24,0.04328169980393224,0.05529830865212032,0.029558980771520346,0.0906034537326658,0.03482031477788276,0.032975552124550424,0.031067576060539732,0.04371186379788011,0.0435395564417719,0.0454584696958063,0.03319914923496171
2020-03-25,0.015631797481823712,0.01740957148934318,0.01781859489281074,0.0149700791428437,0.017894072712375312,0.017216034257898243,0.01667347772743241,0.015829193711489626,0.016075240937707146,0.01142343153979498,0.017337803576837577
2020-03-26,0.025772648808583806,0.034735351142198514,0.015801564162548562,0.0583899471753994,0.01964736639857848,0.018284152266224322,0.017077866019491544,0.026089052128037787,0.02629026590603748,0.029300504201913713,0.018491682887653915
2020-03-27,-0.009273229892864988,-0.015928747039126688,-0.00513269454507549,-0.0297855801905621,-0.007328668402893871,-0.0063355513064065816,-0.005558350924355976,-0.009482660595386126,-0.009399837989168281,-0.010101328950913197,-0.006457336773759908
2020-03-30,0.016518546983046424,0.0160112359179377,0.010443302290879372,0.0324757139247169,0.014303024133099617,0.013379479572764733,0.012060145481797863,0.016716781455066013,0.016785644972949994,0.017307277328558253,0.013511491152033773
2020-03-31,-0.011044471365957898,-0.00960429237523712,-0.006612283981988477,-0.0149054981861618,-0.0076065382063265925,-0.007856708680924602,-0.007593012437863459,-0.010996961211091788,-0.010767711714361786,-0.011373174694940417,-0.007793803091301999
2020-04-01,-0.004686735773270704,-0.0295454345528247,-0.006623691737591116,-0.0450049258004894,-0.004330436568830915,-0.003818843618992589,-0.0030798541175309263,-0.0046867273461924566,-0.004686734494519885,-0.004686734015341252,-0.0038188435188533706
2020-04-02,0.009553943299687142,0.013499321175462844,0.008442943865838784,0.0230752760041725,0.009527179995408312,0.009488751849589448,0.009360337963247825,0.00955394266668853,0.009553943203633184,0.009553943167644578,0.009488751842067503
2020-04-03,-0.002206214033990158,-0.01103983979635997,-0.0023458494505908577,-0.0144540969862037,-0.002074997635382508,-0.0018865902979696267,-0.001620432661493815,-0.002206210930500838,-0.0022062135630573554,-0.0022062133865862507,-0.0018865902610907697
2020-04-06,0.020658529404255065,0.0437301060030119,0.01955317654736533,0.0671663518489089,0.020358211746759333,0.019927000016920514,0.01917202733470073,0.020658522301231927,0.020658528326416924,0.02065852792253777,0.019926999932515094
2020-04-07,-0.005294917014926848,0.0004432200892448802,-0.0030766162742073716,0.0010194112899799,-0.005328852065105352,-0.00537757777711214,-0.005426368372039268,-0.005294917817547901,-0.0052949171367166325,-0.0052949171823563086,-0.005377577786649713
2020-04-08,0.0019432305377953172,0.018761954632768762,0.00713122406117918,0.0335682755673552,0.001736497993482117,0.0014396606420233455,0.0010718960589546469,0.0019432256482218527,0.0019432297958375602,0.0019432295178091583,0.0014396605839203929
2020-04-09,0.005040231644774277,0.02166755655550822,0.018464671398400245,0.0152174063550531,0.005209496451378364,0.005452535674130817,0.005954892177013399,0.0050402356481732274,0.005040232252278286,0.0050402324799197025,0.005452535721703288
2020-04-13,0.0017774344971168816,-0.007944949449905411,-0.002573169075403689,-0.0091299996787633,0.0018209011239480662,0.0018833127700110083,0.001861370167337563,0.0017774355251735348,0.0017774346531105796,0.0017774347115746328,0.0018833127822274558
2020-04-14,0.012999792419286312,0.016603622948618363,0.005971973988557507,0.0294929505664867,0.01275544923957814,0.012404608579475403,0.011760916457081435,0.01299978664015524,0.012999791542332838,0.012999791213727284,0.012404608510801843
2020-04-15,0.0068835207677929305,-0.01330502059575265,0.002789417719044661,-0.0212483788346469,0.006927199586034849,0.006989915907574565,0.007149570104056985,0.0068835218008708055,0.006883520924543587,0.006883520983291706,0.006989915919850663
2020-04-16,0.00849088034137796,0.0016645736656688698,0.0013873095319591401,0.0048247448549025,0.00835983916593559,0.008171683423067407,0.007839325829899428,0.008490877242031574,0.008490879871062123,0.008490879694833357,0.008171683386237798
2020-04-17,-0.004822791393395679,0.012886464678594941,-0.00029616056762054384,0.0270147372789564,-0.005021595928464978,-0.005307049831448858,-0.00567562874118996,-0.004822796095457364,-0.00482279210689668,-0.004822792374268869,-0.005307049887323604
2020-04-20,0.000978364378840652,-0.009388756516002511,-0.0013554493346111364,-0.0176176070867553,0.0011084878362516543,0.0012953258717862599,0.0015463107326951415,0.0009783674564800154,0.0009783648458502963,0.0009783650208503802,0.0012953259083579411
2020-04-21,-0.00616078459832376,-0.015142070943487903,-0.004996951518170625,-0.0303632608072528,-0.005954504689027289,-0.0056583172544936245,-0.005150035511181935,-0.0061607797194535244,-0.006160783857983213,-0.006160783580568724,-0.005658317196517879
2020-04-22,0.0065475227555500636,0.01304635452823353,0.005337274835564257,0.0221948578842663,0.006478907543879312,0.0063803862502444745,0.006127158720440635,0.006547521132682202,0.006547522509289574,0.006547522417016226,0.006380386230959898
2020-04-23,0.0025384116903482356,0.0012691433133326466,0.003525127602674838,-7.197060832453417e-05,0.0026213230004744287,0.0027403713766534794,0.0029117516163745657,0.002538413651340498,0.0025384119879172697,0.0025384120994242313,0.0027403713999560025
2020-04-24,0.004427444923332373,0.0058942379770358,0.0019769644445633843,0.0139386153265612,0.004289879281775871,0.004092355370739097,0.0037804794842130392,0.00442744166967207,0.004427444429606162,0.004427444244600226,0.004092355332075766
2020-04-27,-0.005909171229737809,0.009110980482006502,-0.004290324318938964,0.014418518976818,-0.006009888107053507,-0.006154502643719565,-0.006401924492348886,-0.005909173611861485,-0.005909171591201481,-0.005909171726659872,-0.006154502672026412
2020-04-28,-0.0008662263587263957,0.00229141059105449,0.0017557477503540283,-0.0045983304919159,-0.0007676059134022386,-0.0006260015429486735,-0.0003567403516154265,-0.0008662240261841709,-0.0008662260047702431,-0.0008662258721460219,-0.0006260015152310259
2020-04-29,0.008514000796189306,0.01864453876822292,0.0063088884011441426,0.0261782782111139,0.008308724869964736,0.008013979006602135,0.00752837245779565,0.008513995941065599,0.008514000059454166,0.008513999783386204,0.008013978948908564
2020-04-30,-0.006727479535372387,-0.01401151309980007,-0.008512304159482911,-0.0093103995112432,-0.006848923155011504,-0.007023298227523865,-0.007260306731670041,-0.006727482407719565,-0.006727479971241597,-0.006727480134564236,-0.007023298261656032
2020-05-01,-0.003819232347260355,-0.017371041237043493,-0.0026611346733937105,-0.0264734531562043,-0.003445089727638846,-0.00296717206790838,-0.002565707299852218,-0.0037369685541328223,-0.003736973281982124,-0.00373697296505755,-0.0031629558187171057
2020-05-04,0.0022400071953809246,0.0024755953783425003,0.000713983185387066,0.0027578114057646,0.0021512228079340824,0.002037812508107969,0.0018264012005672439,0.002220485921676725,0.0022204870435997247,0.0022204869683926354,0.0020842721720860965
2020-05-05,0.0014694459436378007,0.00364024802603572,0.0009108005000204029,0.009239686884255,0.0013921692686552623,0.0012934585478704798,0.0011180757608268694,0.0014524549031330431,0.0014524558796389349,0.0014524558141800945,0.0013338963822270614
2020-05-06,-0.00596206930259854,-0.00793825593076247,-0.009222139950744118,-0.0067789513838653,-0.006169111022563423,-0.006433579407299602,-0.0070860814320283915,-0.0060075921495737344,-0.006007589533293142,-0.006007589708673743,-0.006325237287522779
2020-05-07,0.012316082417874736,0.01169044700645332,0.009773727796212373,0.0120667318338023,0.012343025556554046,0.012377441848920204,0.01149040526037556,0.01232200648177495,0.012322006141308243,0.012322006164131155,0.012363342870422143
2020-05-08,-0.001968289105191864,0.010358888422418291,-0.002022921302504857,0.0165466428126896,-0.0021829863400427297,-0.002457233631447907,-0.0026664011454416736,-0.002015495191819315,-0.002015492478800006,-0.0020154926606623497,-0.002344885484717535
2020-05-11,-0.0015799117220727972,-0.00433722988470619,-0.004783749811596736,0.0002047538867386,-0.0017451405091172712,-0.001956198408119254,-0.0027643861730002935,-0.001616241041544345,-0.0016162389536324502,-0.0016162390935944902,-0.0018697364281879797
2020-05-12,-0.0010745315317166105,-0.011166236221091322,0.0015574043848268454,-0.0199315950225974,-0.0008041755511844443,-0.0004588315814419541,0.0005257995338078145,-0.0010150875996784118,-0.0010150910160289088,-0.0010150907870187646,-0.0006003051937656424
2020-05-13,0.0005905915616034553,-0.0076541084760135495,0.0006614668911460098,-0.0176856559638742,0.0008316794321018767,0.0011396372664023522,0.001411751690246565,0.0006436002317308897,0.0006435971852265404,0.0006435973894448326,0.0010134792585055766
2020-05-14,0.007619223612143709,0.005284820609009441,0.007253458060456214,0.0119671753693291,0.0075919735609575045,0.007557165228499911,0.0073970331737309575,0.007613232066524398,0.007613232410869421,0.00761323238778596,0.007571424810143709
2020-05-15,0.0015178345305757557,0.0016247178210482501,0.0018752609289648609,0.0045970881565442,0.0015086027147827904,0.0014968102924090324,0.0016690412611034557,0.001515804705196536,0.0015158048218542578,0.001515804814034051,0.0015016411762159782
2020-05-18,-0.0043875991807095305,0.021858198730202373,-6.112432492644867e-05,0.0304597688453884,-0.004672875629677531,-0.005037278522362375,-0.004090663197848197,-0.004450323718229296,-0.004450320113336561,-0.0044503203549820965,-0.004887997231573464
2020-05-19,0.002543543523116884,-0.005078022460551231,0.001416056666572857,-0.0102712716925399,0.002675926447119347,0.0028450281049089057,0.002765026525080946,0.0025726509300319734,0.00257264925717656,0.002572649369313456,0.0027757539189566787
2020-05-20,0.00666973746844452,0.01267838032174503,0.006090225649923004,0.0169879623143318,0.00647814143436907,0.006233402868333567,0.0061377225233095875,0.006627610707993614,0.006627613129094889,0.006627612966799571,0.006333662470485541
2020-05-21,-0.003889301270403889,-0.00503847479367118,-0.003322329746512462,-0.0069038927463055,-0.0039294378151041205,-0.003980706936843647,-0.0038662755182988662,-0.0038981262057000334,-0.003898125698514974,-0.0038981257325140166,-0.003959704028182524
2020-05-22,0.004073672370958044,0.00140167836306038,0.0028732729969659027,0.0018989862140643,0.004100517627002817,0.004134808887262939,0.0037675706654763446,0.004079574913127416,0.00407957457389762,0.004079574596636912,0.004120761129418053
2020-05-26,-0.007389248666708752,0.009479237794271369,-0.0034146092666494272,0.012320690811294,-0.007514650483047669,-0.0076748347001022715,-0.006903548545967864,-0.007416821117790054,-0.0074168195331514005,-0.007416819639372768,-0.00760921363296488
2020-05-27,0.0014032383723957286,0.00915785579929557,0.003722138740197484,0.0148790571633661,0.0013634349746447691,0.0013125914040255677,0.0017145854217432833,0.0013944866870579105,0.0013944871900330692,0.001394487156318069,0.0013334199814126141
2020-05-28,-0.0012907241880823668,-0.0019996656886626294,-0.0004328485111643388,-0.0018450880479613,-0.0012400532510037359,-0.00117532783776521,-0.0008675817928472197,-0.0012795830262187582,-0.0012795836665215196,-0.0012795836235996046,-0.0012018432508672018
2020-05-29,0.008016827114492114,0.00413446330520709,0.00539311994402071,0.0044559079340869,0.007937391820171884,0.007835923748985946,0.007323522814629493,0.007999361452265026,0.007999362456048351,0.007999362388759852,0.007877491159521289
2020-06-01,-0.0007317221081081431,0.00821298772441343,0.00038375376427806827,0.0040419630929702,-0.000679485112844447,-0.0005258841596138362,-0.00017644695239995894,-0.0007271422931234901,-0.000725708022112868,-0.0007257080073194455,-0.0006988549479458489
2020-06-02,-0.0005984319584245347,0.0055956035085700405,-9.196170054937843e-05,0.0082798132208168,-0.0007710853102130709,-0.0010128173791524777,-0.0007211466787088359,-0.0006360805734641873,-0.0006478710753861105,-0.0006478711970049142,-0.0008686182140083088
2020-06-03,-0.0069217642979496116,0.00828717131626761,-0.0047503757688022955,0.0133083809967688,-0.007222886536214344,-0.007646014685507128,-0.006794413458026159,-0.006987297478701739,-0.007007820653139616,-0.007007820864835307,-0.007392064857643635
2020-06-04,-0.006081775133240282,-0.00503738752598769,-0.0026354588043087795,-0.0026269747090112,-0.005791765302094925,-0.00523033706768377,-0.004054151615701867,-0.006031688594578735,-0.006016002879987692,-0.006016002718191834,-0.005722327798436259
2020-06-05,-0.0008659497164772724,0.01383198511333167,-0.0006411016131117748,0.025629875213144,-0.0014039337170770544,-0.002190189975012932,-0.00192410982292671,-0.0009804665765768502,-0.0010163300806532226,-0.0010163304505842892,-0.0016877829126789486
2020-06-08,0.004976845749685388,0.01022130446828604,0.005600496244790205,0.0120876374298701,0.005034903675917422,0.00516245325574647,0.005198665585100325,0.0049855898641715845,0.004988328278279761,0.004988328306525174,0.005039598112506254
2020-06-09,0.007690164050915359,-0.0032607474505797,0.0027454143427062946,-0.0074570140369201,0.007715204604151348,0.007733912753920873,0.005968599901104642,0.0076970084243112935,0.007699151892217855,0.0076991519143272315,0.007739282872940997
2020-06-10,0.011791817465881094,0.00021881151265002054,0.007335357980371958,-0.0055802548913348,0.011819389667316523,0.011850653859281083,0.010417090950129076,0.011798451104002555,0.011800528575467492,0.011800528596895964,0.011839423940785188
2020-06-11,-0.00763324287970499,-0.03501213954420194,-0.00979816229612793,-0.0576485354068168,-0.007178971948124716,-0.006800908341877936,-0.007606525850063441,-0.007512349670181068,-0.0074744892703391685,-0.007474488879805139,-0.006765649647609418
2020-06-12,-0.001219985928067991,0.01126960499619202,0.0011964590042325917,0.011975816514826,-0.001270103738029913,-0.001249022437775155,-0.00029908476110845585,-0.0012386386042859362,-0.001244480105088422,-0.001244480165344703,-0.0013538473394350153
2020-06-15,0.0029893648620674088,0.0065934835330782905,0.003913411851763624,0.0093353460734664,0.0028085764544445923,0.0025603480154528244,0.0032673130410717085,0.0029495281084976352,0.002937052342288954,0.0029370522136011696,0.0027034753739874446
2020-06-16,-0.0006240773037445126,0.00782330599222815,-0.00022559758946301542,0.0192478088589156,-0.0008024301570328951,-0.0009156375753988631,-0.0007870748805737408,-0.0006745232809807646,-0.0006903215617593944,-0.0006903217247202144,-0.0009861041587460378
2020-06-17,0.0028150676081064906,-0.00145506369947691,0.00036888336204528505,-0.0041537159943484,0.002793038614940403,0.002747955524475716,0.0018764202518817704,0.002811469368289301,0.002810342499391539,0.00281034248776792,0.002789244747396701
2020-06-18,0.004325871323621254,3.1868894214700063e-06,0.002422356087957712,0.0003851079215289,0.00423179548838952,0.004015538452312114,0.003334199642702186,0.004312513316480211,0.004308329959175446,0.004308329916025067,0.004230007241323612
2020-06-19,0.001715605492985938,-0.0017780511624363201,0.0012907280590017424,-0.0057152526124359,0.0018844553080125987,0.0021781050447393867,0.0020502334557304827,0.0017475793330161042,0.001757592652815175,0.0017575927561012468,0.0019450665795436475
2020-06-22,0.0038501775419210473,0.00563533553940148,0.0018549493508159462,0.0064149730734761,0.0037991535627700276,0.0037828427328948375,0.003023659761871031,0.0038343849615837117,0.00382943916348641,0.003829439112469171,0.003736841682362911
2020-06-23,0.0012433441525032314,0.00277464084169055,0.0007816059894102962,0.0046038662917913,0.001285552399960036,0.0014564635082763599,0.0012777473118020057,0.0012430833436336383,0.001243001665533912,0.0012430016646896441,0.001241472450940759
2020-06-24,-0.0022538604256347452,-0.01395283418222153,-0.0034486909374553468,-0.0255087303458367,-0.0020803813933236255,-0.00196853836139783,-0.0023461067181789284,-0.002204939348664755,-0.0021896186243494124,-0.0021896184663142194,-0.0019027770566594508
2020-06-25,0.00341849585466089,0.00700464797101409,0.0025072682525742063,0.0107207911620874,0.0032822338098095947,0.0030819011913084567,0.002673064679587798,0.0033895912313661562,0.003380539105117543,0.003380539011744775,0.0032110610810726
2020-06-26,-0.001805302728165829,-0.01013142536405576,-0.0007399695604235026,-0.0237513602788128,-0.0014725266027712542,-0.0010965773852728547,-0.0007418177351115856,-0.0017251222488176342,-0.0017000119467660624,-0.001700011687752194,-0.0012298854528818735
2020-06-29,0.0023788491384376066,0.00932461992008546,0.003375186670745053,0.0146972791876713,0.0022599226776914122,0.0021367595122517387,0.002519826354625725,0.0023492471108529757,0.0023399765769241223,0.0023399764812980645,0.002166409424987874
2020-06-30,0.0038906638446014586,0.005429026540179431,0.002229016376415242,0.0128097387538188,0.0037278316197369987,0.0035918249851604692,0.003147319069785368,0.0038473715283533147,0.003833813575771683,0.0038338134359197076,0.003579975421976598
2020-07-01,0.0014841984939802726,0.00432241705444177,0.00041086844352992524,0.0070045547499035,0.001265513367794942,0.0010031353724292299,0.0010210355896539956,0.0015115567566180385,0.0015396192297103969,0.0015091921310067943,0.0011676979382481687
2020-07-02,0.002832309505158178,0.005412075436155791,0.002424304089348665,0.0055072296729812,0.002775257521169764,0.002706806613972301,0.002579078881021303,0.002827291128825036,0.0028224014794124394,0.0027974586929430012,0.0027210236763940197
2020-07-06,0.0060317265702359,0.01091496885177828,0.003166407822376836,0.0154371437532205,0.005819241102414713,0.005564301120370349,0.004869816692535425,0.005972689349783611,0.005913949036153764,0.00576461050080462,0.0055219421277431435
2020-07-07,0.0039207221579525406,-0.00612101869197797,0.002663784003667385,-0.0103142274692645,0.004069768821934438,0.004248594969078281,0.003830127816993496,0.003966716350141846,0.004012523011526693,0.0041236866559824495,0.004289133391101038
2020-07-08,0.002967062826594975,0.00602449493602584,0.001006679640817498,0.007648923837414,0.002906949749506515,0.00283482591253022,0.002211528961826459,0.0029001982981444268,0.0028331908330306264,0.002720769565204803,0.0027043452724173937
2020-07-09,0.007213272273305787,-0.0013088603232244995,0.0030455858597859525,-0.0056926747962443,0.007011667001495941,0.00676978180427721,0.005996975838475057,0.007349593924029308,0.007487067395295861,0.007614435202609934,0.0071839388115538935
2020-07-10,-0.0005123107010748474,0.00290748377504359,-0.0003736612201678054,0.0102104018449031,-0.0006280479679705618,-0.0007669094167381963,-0.0009974557497650074,-0.0005235817497121788,-0.0005345965932224432,-0.000586721919869061,-0.00074064462831466
2020-07-13,-0.004172574226229944,-0.0063959717989673205,-0.0009500742195011994,-0.0086589197411997,-0.0038938754653321727,-0.0035594930887976914,-0.003050072368011508,-0.004171275763093001,-0.004170711159723962,-0.004081343096954001,-0.003683786259291678
2020-07-14,0.003009392214607696,0.0072954389951951654,0.004439314369814052,0.012959049441656,0.0029875924952759286,0.002961437143734112,0.00318412936932673,0.0029883867848237355,0.0029673441894027403,0.0029311113422476804,0.00292177899052777
2020-07-15,-0.0006930791853537426,0.006983774388217692,0.0013391179448788025,0.0091873404686979,-0.0006914038296975257,-0.0006893938843269132,-0.00026207098797620073,-0.000731008409305278,-0.0007691136697022793,-0.0008216467257024225,-0.000779758106051808
2020-07-16,-0.0017759171885553227,-0.0049765054464883905,-0.0007219399114079194,-0.0032935511860048,-0.0018531431987782363,-0.0019457984734467205,-0.0015428833375815416,-0.0016754929595328763,-0.001574409440509303,-0.0014581856550817086,-0.0016732795927723722
2020-07-17,0.0009277642936442964,0.0040106808853021605,0.002066652174697617,0.0028988696143983,0.0010514536423470076,0.0011998556556164712,0.001565404059568801,0.0008516014343181266,0.0007747657171020126,0.0007070774638422368,0.0009634154542984379
2020-07-20,0.0093236508798572,0.00486473033830589,0.0033339383048921747,0.0080816720635465,0.009023121940558963,0.008662547743586175,0.007381707492214164,0.009321335451383223,0.009319807224559124,0.009222158697594024,0.008794414590543654
2020-07-21,-0.0005021345552825044,0.0034625117951176307,0.0030982351597236635,0.0021274471747643,-0.00017399451857454552,0.0002197070708306664,0.0008190995494690922,-0.0005953306763195423,-0.0006898193743428726,-0.0007171085074591209,-0.0001504004899676916
2020-07-22,0.0042072431960314275,0.0045121922940511,0.004766005366285403,0.0056919748914827,0.004396697574187487,0.004624004314837997,0.00458580329754844,0.004115226054977878,0.00402228977586829,0.003953082609084424,0.0043200587373467695
2020-07-23,-0.0022425980454798804,-0.00349938891454384,0.001751624761117893,-0.0119314729579065,-0.0017947064981863588,-0.0012573268694418454,-0.0006329131552017333,-0.0022436797865773407,-0.0022459552339411854,-0.002106765894037788,-0.0014645608504850432
2020-07-24,-0.0014299214348237037,-0.003864054075230187,-0.00025086931898603423,-0.006440308124304,-0.0011677209278219307,-0.0008531334067428916,-0.0006651398139636484,-0.0015008840802553604,-0.001572863700232006,-0.001589764855500786,-0.0011405865459081185
2020-07-27,0.00639183244152559,0.00851036644423022,0.003097370613603978,0.0072923371903517,0.006487636262573465,0.006602580924830884,0.005509012657461752,0.006227356136837392,0.006061881464205568,0.0058618910602795185,0.006170264779148803
2020-07-28,0.0004331285979535726,-0.0007135901017568303,0.001926339460988206,-0.0063423416847,0.0007126278732266062,0.001047970615303153,0.001097236305889893,0.0004105909828283228,0.00038720955011748554,0.0004434846944215401,0.000867004656702326
2020-07-29,0.004208207191913744,0.010443479964902202,0.004601252636901288,0.0122985511864059,0.0041835577745383415,0.004153983204890422,0.004298476046012778,0.004146487155643425,0.004084553326966033,0.003990469419851971,0.0040194489083929365
2020-07-30,0.002516371110833783,-0.00366967225978093,-0.000778543263609918,-0.0035675309731834,0.002309068394896171,0.002060347293382076,0.0012718946269478382,0.002621322099719083,0.0027272981124573047,0.002808991542092372,0.0024030023358507517
2020-07-31,0.0061405607623947105,-0.00036147034204746985,0.002795964567928554,0.0079019139348195,0.006055535511153656,0.005953522100182557,0.005223302914143977,0.00607808275182542,0.006015547771887161,0.005901436804981632,0.005844787976423857
2020-08-03,0.0023146826701184605,0.00468552653497737,0.000894920038176881,0.0069521329796762,0.002171648004025207,0.002000035083078632,0.0017948283693184884,0.0022791758478982915,0.002243888043449479,0.002149283862403906,0.001981523156618985
2020-08-04,0.007917750082735094,0.00861567687594183,0.0076021805899869795,0.003862832068904,0.008182682758667844,0.008500548251162825,0.008061848991337378,0.007825460657503234,0.0077320505247533925,0.007686173538095174,0.008161467201842864
2020-08-05,-0.0013063764788558737,0.0033562712437123403,-1.8671870528530607e-05,0.0062108047118583,-0.0011630538874626078,-0.0009910961404989123,-0.0007509771152799293,-0.0014359255592759834,-0.0015664411251822073,-0.00170264392776818,-0.001362620420308104
2020-08-06,0.007512645681946871,0.00496329874066649,0.005430291364022089,0.0066845461379563,0.007536242293212706,0.007564553270249016,0.006993220477036916,0.007459111509788945,0.007405272520973555,0.007337796072035475,0.007427308502821184
2020-08-07,-0.00803989597612603,-0.0032752912649183707,-0.00488928278908155,0.0007181149527095,-0.008124462735026584,-0.008225925557066818,-0.0074899711404168585,-0.007973120967819582,-0.007905819412544715,-0.007838973725723994,-0.008029540223645618
2020-08-10,-0.003239813700760291,0.00053187713575406,-0.0015068006579743688,0.0029885622839338,-0.0032261187723141857,-0.003209687645558912,-0.002950219432317784,-0.0032473648691326166,-0.003254986548213582,-0.0032612477269261778,-0.0032337837971611527
2020-08-11,-0.017674687880965642,-0.012180357708899959,-0.01460880457149222,-0.008254321505556,-0.018254920463479644,-0.01895108149621205,-0.017782809787574287,-0.01736283015045477,-0.017048021515696316,-0.016794039133162915,-0.017949236896257492
2020-08-12,0.0027363939756094155,0.006968530726489701,-0.0010337959314447747,0.0139423022348668,0.0023602033158718187,0.0019088502554967923,0.000946008939123541,0.002723464124249517,0.0027114742800075646,0.0025752084889637634,0.0020502191841907866
2020-08-13,0.0006844364979701682,-0.001943205168076,-0.0003883284512055693,-0.00180815328646,0.0010667595008383964,0.0015254691338748216,0.0009429714733795833,0.00043284513326405935,0.00017910080582005583,-5.274686379735634e-05,0.0007564304676927207
2020-08-14,-0.001905123032027104,-0.0021729235517476716,-0.00213583593505435,2.9613296586683543e-05,-0.0019472927257872382,-0.0019978878458085745,-0.002194083921070268,-0.0019004406330652196,-0.0018956251226275361,-0.0019023222643754724,-0.0019675559963717977
2020-08-17,0.007665792121741233,0.007621811933985461,0.005617086735299422,0.0031770879756458,0.007855427385761494,0.008082950972604867,0.007502078891598334,0.007526233758056075,0.007385540702419831,0.007249884732862929,0.007666618099081047
2020-08-18,0.006480994063951898,0.0016486709851796402,0.0040997071068347435,0.0021601561565283,0.006478538169189097,0.006475591542571231,0.005838438937048236,0.006468444820414461,0.006455845323353781,0.006437518625524564,0.006447069292500715
2020-08-19,-0.008778761472458273,-0.008690088159343752,-0.008032605869418513,-0.0041637248354164,-0.009179668375044206,-0.009660675173745557,-0.009119769057758152,-0.008587667203918709,-0.008394644331888471,-0.008253264345044756,-0.009026053739830982
2020-08-20,0.008178460051821426,0.0038361082755784303,0.004638751569025548,0.0031136668217308,0.008081151137506671,0.007964400114350503,0.007077549183531996,0.008197427763911816,0.008216739566252074,0.008212704538575644,0.008053675221870286
2020-08-21,0.002524699314826244,0.0005154939794396301,0.0006813798947999373,0.0035473748720624,0.0022872327251375326,0.002002321056979188,0.0015138482549153236,0.002631126990375914,0.0027386664324436363,0.002812949795535044,0.0023622487788481222
2020-08-24,-3.3881032984363216e-05,0.004711152870553291,-0.00014351709697680898,0.0101331234740329,-0.0002015520362239273,-0.0004027233305751222,-0.0008016892121347894,1.3397377770028428e-06,3.7164884706560736e-05,3.376248119679867e-05,-0.0002429000568071342
2020-08-25,-0.0004937772731886586,0.0012545919158380903,-0.0019823495360783063,0.0034994725134422,-0.0005538311481980071,-0.0006258839200065456,-0.001048767563412854,-0.0005515242548589954,-0.0006093730830675434,-0.0007090211762963652,-0.0007348536164517606
2020-08-26,0.006435793723465324,0.00323219813244245,0.003069899404518935,0.0100255731127552,0.006358500073283691,0.0062657628719367114,0.005434476803339092,0.006332684972925172,0.006229314920325555,0.00606079426987285,0.006057515249998927
2020-08-27,-0.008356010686494655,-0.00424177264233488,-0.007066614550607937,0.0021865951060657,-0.008449886728966977,-0.008562519194075732,-0.00821426953737408,-0.008388862578609112,-0.00842161392108079,-0.008497061205505274,-0.008597224124667228
2020-08-28,0.004336629623474077,0.00681289096499678,0.005078406057824159,0.0064590905082269,0.004551970079071712,0.004810334740603489,0.004898951723348379,0.004203102063844823,0.004068398867480419,0.0039492545567617185,0.004396501357857934
2020-08-31,0.004696429191753625,-0.00317826365328106,0.0019500937445749388,-0.0036221743235669,0.004609811926372643,0.004505888781444211,0.004191195794812974,0.004729429050923765,0.004762808102753997,0.004781761428763047,0.0046234255437267195
2020-09-01,0.009009490772214999,0.00790619123684993,0.005844637522068999,0.0094183063574564,0.008798677940766253,0.00854212691269904,0.007388460449811173,0.009083319844377201,0.009157514334748122,0.009256041001619046,0.008722568423795245
2020-09-02,0.0035063382711007975,0.00629392881941488,0.0035800022254535327,0.0144640548017764,0.003249310505787972,0.0029515662405282125,0.0028824343608343317,0.0036650713340529604,0.003824147013432035,0.004065825790475325,0.0033090562528927158
2020-09-03,-0.014781907937811242,-0.017443343975119693,-0.006660016599778088,-0.0344143211038582,-0.01401493216513158,-0.013096754772197091,-0.010051254537899113,-0.014724240023837595,-0.014668390174465262,-0.014449726248781183,-0.013013784583133785
2020-09-04,-0.009909124120663929,-0.00636636385405527,-0.00785640445121636,-0.0081649927029233,-0.009755819453886571,-0.009572401605427508,-0.008886663984311562,-0.01005953055155584,-0.01021005787877921,-0.010452784689405402,-0.00991516214574913
2020-09-08,-0.011961661038507803,-0.01291260507664509,-0.002915221961274332,-0.0273226792457721,-0.011150844709942619,-0.010184148403340601,-0.006931383659017251,-0.011924371746810113,-0.011888968986550355,-0.0116996833225377,-0.010145024101752921
2020-09-09,0.009168257938991137,0.011494450193340371,0.0045093752191652054,0.0197473604481539,0.008775446272529835,0.008299106749970192,0.006434845639761266,0.009092788155903805,0.009018318295867918,0.008825076892125234,0.008160737436502972
2020-09-10,-0.004594556805814651,-0.008648550522453731,-0.002077288845097797,-0.017363623082371,-0.004272483207900276,-0.0038893996430696795,-0.0029271305518041467,-0.004545243044113858,-0.00449673032082183,-0.004360514123333038,-0.0037963640764823946
2020-09-11,-0.0010004458582324018,0.0005336421709002223,0.0013725736430213742,0.0005091489500861,-0.0008742765627278977,-0.0007245633091544671,-2.1496887373069636e-05,-0.0009883484123578558,-0.0009765539523280318,-0.00093596489577262,-0.0007037897805572098
2020-09-14,0.0059784408219023585,0.011236510977142893,0.0035253875723951092,0.0131713192061675,0.005777972460039674,0.005535589593872095,0.004645301821033321,0.005928921423560355,0.005879928807080401,0.0057618452891664345,0.005439834324236393
2020-09-15,0.00294595198136777,0.00459277450339834,0.0002884168715830955,0.0050524088406531,0.0026698715388851386,0.0023498473998669668,0.0014819267897041577,0.002951582529857029,0.0029578279903030216,0.0029257950962343453,0.002368075394445693
2020-09-16,-0.005085908533990802,-0.0006567510618208899,-0.000742180370295353,-0.0039687692733479,-0.004803823459432767,-0.004460867321253829,-0.0028328338634617937,-0.005131313421708523,-0.005177287215026554,-0.005214695410976653,-0.004583481329606448
2020-09-17,-0.004493223096970108,-0.005571120798262301,-0.0014078902947038115,-0.0087953267118572,-0.0042794764927937745,-0.0040212572097819265,-0.0029585403146869345,-0.004439968149599698,-0.004387275558310848,-0.0042605648059219035,-0.003917930130249183
2020-09-18,-0.004536590740879386,-0.00698471730831106,-0.0029863627226531003,-0.0115128748588975,-0.0043255011408684175,-0.004073641134886107,-0.003444380644722372,-0.004571002708366571,-0.004605839747805761,-0.004634601800575365,-0.004161579734049803
2020-09-21,-0.0006336877345890519,-0.012253372561559991,-0.004168315878573681,-0.0111292865311884,-0.000875577089560574,-0.0011535173512686398,-0.0020930342245140845,-0.00045829959373389116,-0.0002826279581954129,-9.186442972921802e-06,-0.0007616271173483727
2020-09-22,0.004395811071380806,0.00355883558682804,0.0008174968232410743,0.0101841129170976,0.004027090218559492,0.003594106453156663,0.0024272073121325865,0.004431122670875576,0.004467213900363427,0.004473591205152894,0.003685715696659418
2020-09-23,-0.011864030621419068,-0.016501460569992212,-0.008108011703870216,-0.0231906050834004,-0.011594489616855878,-0.011269534978291598,-0.01001164549376097,-0.011714559633427707,-0.011565921063789519,-0.011260533165954562,-0.010955848714019382
2020-09-24,0.0030495464791853374,0.00126179514330154,0.001198694277432756,0.0026654387882059,0.003034524982751044,0.002996183770446534,0.0020765799287321774,0.0030506217934652257,0.003051729413467679,0.0030513466695537223,0.0030198112044873527
2020-09-25,0.006503684807915518,0.007748116927170681,0.002177985985088621,0.0161670312995954,0.0060840891188955115,0.005580722257001,0.003978547786943955,0.006531926536950285,0.0065610733503815195,0.006547207019777801,0.005669104352081926
2020-09-28,0.006799397906450422,0.01208539107202408,0.004929449196891708,0.0166092398749071,0.0065530870308197885,0.006266612157264394,0.005655690396158676,0.006717339738359314,0.006635960585175717,0.006453348473344467,0.006090532493778296
2020-09-29,0.0005397302335424451,-0.00143990463661005,0.000515907531763627,-0.0054460917215396,0.0007168983562242363,0.0009125724140277853,0.0007370916645160312,0.0004867059646714827,0.0004333610856704377,0.00036651733638650786,0.0008008879949325468
2020-09-30,-0.002216623744497891,0.0013340620246177401,-0.0023512781407709266,0.0075819890074566,-0.0024495319283236714,-0.002703227354519047,-0.0023754116029713612,-0.0022358681819142482,-0.002254557931805501,-0.0023240240809094684,-0.002757396729764418
2020-10-01,0.006279838835104173,0.008728832256875811,0.0034341104678566733,0.0064197995183843,0.006174229195718129,0.006048565629592894,0.005002943464583867,0.006297938200905089,0.006312047771356564,0.006354761190426297,0.006083511350793323
2020-10-02,-0.009073076427131085,-0.00349207892810105,-0.0023799241883045094,-0.0094941890458941,-0.008694029627930436,-0.008243003645193056,-0.0057963222192329664,-0.009140308006178625,-0.009223911036653107,-0.009465853915795748,-0.008409214265301982
2020-10-05,-0.0008010342153943963,0.00766662875401871,-0.0021659224459508364,0.0177329376619896,-0.0010589788779529522,-0.001365903255479097,-0.0017420768707725274,-0.0007573498551320661,-0.0007304683163155074,-0.0006465276064362827,-0.001289930022150876
2020-10-06,-0.0044326665318139445,-0.005519958514230389,-0.0026302889459741945,-0.0142160136174988,-0.004328249529967872,-0.004204006107589741,-0.0035018394972342265,-0.004449779781747364,-0.004452381831487574,-0.004464096188332503,-0.004224515377064365
2020-10-07,0.001722288915484919,0.006721690155422741,0.0005871845754948699,0.017406888431479,0.0014656157211602244,0.0011602024231115167,0.0008583818023969039,0.001767127330837252,0.0018137556036711571,0.0019507403484454891,0.001260398988133236
2020-10-08,0.004023874174294459,0.0070650080957938505,0.003978140284005314,0.0088624562710617,0.004001109736716949,0.003974022265990768,0.003786387978429501,0.0040280433364614145,0.004034972260214984,0.0040546334159373655,0.003986365239416293
2020-10-09,0.006702167273690277,0.0059857564591563805,0.004467174227331708,0.008930153874809,0.006722257856500671,0.006746165444446158,0.005813425720573653,0.006697175699453137,0.006672012827781672,0.0066034390648647915,0.006711703213979655
2020-10-12,0.009114074584483167,0.00800382546058544,0.0040415120069436615,0.0160877405155746,0.008647294742164269,0.008091875361512029,0.006512710795476992,0.009197068450023193,0.009302940837565242,0.009608732249408983,0.008300168269947622
2020-10-13,0.00024319622906448526,-0.005296797462678373,-0.001964815967809686,-0.0065263222367624,4.831736097870914e-05,-0.00018357031311670843,-0.000867785594023522,0.0002794436020206485,0.0003468391665585205,0.0005368781908081479,-6.790912150480633e-05
2020-10-14,-0.0010540115283136269,-0.0038477270245800103,0.00022520559892394546,-0.0062834670861992,-0.000894261422109627,-0.0007041755714595111,-0.0002799599391732087,-0.0010823159103756914,-0.0011171076133147321,-0.0012178837473870408,-0.0007736772782663265
2020-10-15,-0.002057767200116834,-0.0011661812684867203,-0.000996946706245663,-0.0012358957711456,-0.0019183875168062685,-0.0017525398430661946,-0.0012499084503011684,-0.0020828287372073526,-0.002118502537770699,-0.0022207304955042593,-0.0018197600458785327
2020-10-16,-0.002954052257265774,-0.00160077922623696,-0.0013695216563446794,-0.0006042752904216,-0.0029250043608314486,-0.002890440501275877,-0.0024007619032860553,-0.002959133653254355,-0.002964512215628342,-0.0029802881126706165,-0.002901905544587166
2020-10-19,-0.005879351101854031,-0.00724753221652468,-0.003646425890228044,-0.0152033577039697,-0.005647927220982113,-0.0053725567800411555,-0.004540243647345429,-0.005920599032406491,-0.005974549141481043,-0.006130082577045139,-0.005477632273656613
2020-10-20,-0.0019635945484996853,0.0022553074567252603,-0.0012367253989672643,0.0040057004532818,-0.0019419989542126914,-0.0019163009801225336,-0.0016317125408111584,-0.001968537336494999,-0.00198944872760119,-0.002046657709602106,-0.0019457517918677592
2020-10-21,-0.0004139986448712515,-0.0015076218936979201,-0.0006978340948921658,-0.0018928263496191,-0.0003096314256545471,-0.00018544430340657232,-0.00026838938524175696,-0.00043331094627471864,-0.00046795362569526395,-0.0005658270539912942,-0.0002455911968564992
2020-10-22,-0.00542956862954474,-0.00027712120673151154,-0.003931029577915056,0.0054852761966286,-0.005567270208809576,-0.005731120492912859,-0.0049628808132055596,-0.005405272199113702,-0.005376754613133642,-0.005293846434403925,-0.005673032984273393
2020-10-23,0.0024882794792668275,0.0038537649759843003,0.0025779711115620618,0.0033952522211992,0.002453673809343204,0.0024124959656520815,0.0023110256672115794,0.0024949602258829144,0.0025104717221042312,0.0025537474410292017,0.002437419387309518
2020-10-26,-0.0007573030934157028,-0.008679415418841159,-0.0005282241761349789,-0.0184799743800355,-0.0005430617843292393,-0.0002881382608610107,-6.704808285970458e-05,-0.0007944076249028463,-0.000828661399302942,-0.0009304526553830896,-0.0003659971254824577
2020-10-27,0.005042877544417568,-0.0008064032731320999,0.0022268789048431937,-0.0034474726978231,0.004974761369215503,0.004893709884198963,0.004062061495344197,0.005055239263715385,0.005074326981687118,0.0051287334765632705,0.004928607129185187
2020-10-28,-0.012771501336927445,-0.020295359022044206,-0.009113783781073578,-0.0341788492338752,-0.012432018731306322,-0.012028072041520878,-0.010434062840341138,-0.012830175846766632,-0.012882702854300782,-0.013039291021475974,-0.012149279238475849
2020-10-29,0.00014207506942147245,0.00471010606490704,-0.002491906306840228,0.0101634649971911,-0.00016764219159040063,-0.0005361724642571786,-0.0013359596749716756,0.00019639115377003292,0.0002557239860203392,0.0004292692084629818,-0.00041147260604311084
2020-10-30,-0.009866476796328622,-0.008582966029580669,-0.004683038881275459,-0.0104247989023663,-0.009462545619164053,-0.008981908643730453,-0.007169155399148703,-0.009939016832869348,-0.010041096846584293,-0.010333850849173664,-0.009175102394938297
2020-11-02,0.004673164882339894,0.01037738547186633,0.006082230895464508,0.0112086127105406,0.004775640596085431,0.0048975761112690945,0.0050701249189930705,0.004654875190117223,0.004630624453571061,0.0045607817289601265,0.0048506010156438035
2020-11-03,0.0032622088115112,0.011180084598593371,0.0028899548309108208,0.0176557287332539,0.003086421096229331,0.0028772534654758776,0.0024983516504319654,0.0032923842179426303,0.003316579993670916,0.003389586845212427,0.002936299713192825
2020-11-04,0.02052104874957015,0.01568184013103711,0.012699217106889617,0.0223493110466892,0.019911459032288865,0.019186109282738388,0.016529807025661737,0.020630559652151482,0.020785159482562432,0.02122843671474877,0.01947834245728876
2020-11-05,0.010988444676671873,0.014768942742154052,0.00802576194507904,0.0195025335452148,0.010921574953071772,0.0108420092564161,0.009378815621198269,0.01099859886206331,0.010988574541633147,0.0109646387604255,0.010840677972608242
2020-11-06,-0.003945962599763522,-0.00246112913545886,-0.0034515586554678883,-0.0002282466220772,-0.003951470862494651,-0.003958023704472847,-0.003656254671099169,-0.003946048662780436,-0.003960266159077622,-0.0039982499715623164,-0.003974703828364046
2020-11-09,-0.020317651599744472,0.001959387488757849,-0.010788048497142263,0.0125656676979071,-0.02062638312740156,-0.020993743488575634,-0.017585479147813655,-0.02026124836508096,-0.020169295848880636,-0.01990807668681862,-0.020828844483195913
2020-11-10,-0.006788894252381774,0.0003491883602313597,-0.0016797057649768866,-0.0014668296994614,-0.006501073465634194,-0.00615859615851502,-0.004560714673043952,-0.006840488399216511,-0.006911858083871801,-0.00711678274106459,-0.006294564298854926
2020-11-11,0.006866195389237707,0.0050868981134885,0.0022148208380095014,0.0074288269249738,0.006500365956438413,0.006065066712896203,0.004382015617369005,0.006931490335601805,0.0070180971535916264,0.007267520494420022,0.006232805546528184
2020-11-12,0.006077446412579839,-0.0032095956723281506,0.004361616813711312,-0.0097010561492661,0.006240502585584135,0.00643452107918101,0.005748751239205205,0.006049480758172626,0.006027389820962082,0.0059606183041628295,0.006380187395375275
2020-11-13,0.0026458174376974347,0.010478973892288388,0.0031388439951996008,0.0138444706592986,0.0026093859432237505,0.002566037159799827,0.002522157264906634,0.002651618660229148,0.0026500636400346358,0.0026475278128748453,0.0025701454414761068
2020-11-16,0.0012105572025291537,0.00781578119175837,0.0021550876439239922,0.0124825498324065,0.001097668828447765,0.0009633438223433184,0.0013628562920754283,0.0012303297685042752,0.0012515926731956996,0.0013138711382614742,0.0010083460381294864
2020-11-17,0.0011666271693699496,0.00037043714140084003,0.0012643391691084323,-0.0053780213647922,0.0011709517986357256,0.0011760965869255498,0.0012529927577823955,0.0011666628738302236,0.0011773626860963607,0.0012059404711998994,0.0011886200497983582
2020-11-18,-0.0021690777277141686,-0.0062672933491055,-0.0018322286362140088,-0.0120348883717448,-0.0021361138248989324,-0.002096891158926314,-0.0018012957642284094,-0.0021742288317892185,-0.0021713998687369327,-0.0021652815965167056,-0.002098848940475754
2020-11-19,0.0035797651136306183,0.00421803527087047,0.00295393639525425,0.0042099891915448,0.0034513653860688423,0.0032985825280279395,0.0031471859310331835,0.0036030155487223273,0.0036382479082485435,0.0037387927474286497,0.0033634384237104676
2020-11-20,0.0015928393946106501,0.00032736734842185003,0.0015150668549792825,-0.0068478383906818,0.001737771208854631,0.0019102241618517235,0.001507917329743225,0.0015676766251856587,0.0015436046507802063,0.0014723246547175657,0.0018564402875317194
2020-11-23,-0.004862538663651402,0.00029620565167753666,-0.0032366970920432924,0.0059944961433433,-0.005122633890719486,-0.005432121337414934,-0.004472770072183238,-0.004815372562225068,-0.004743009993481099,-0.004536667867474163,-0.005299515497408397
2020-11-24,-0.0017703489792667596,0.00535271633997474,-0.0020406732208299327,0.0161139220075647,-0.002176654429808032,-0.0026601155956176223,-0.002683914810105428,-0.0016980993799750926,-0.0016058253792425635,-0.0013393337307901108,-0.002478662297862922
2020-11-25,0.0008370901979649591,-0.00077420814424296,-0.0006322414455300917,-0.0015418110495882,0.0007413297799512311,0.0006273852611003657,0.0002744804193195817,0.0008538143765070953,0.0008711485467936909,0.0009220883783320286,0.000664690125344273
2020-11-27,0.004530751321730941,0.0034270952456691805,0.002496011017359123,0.0027849515054392,0.004281062624763666,0.0039839573558893854,0.003193031965643453,0.004576449745957247,0.004652006321057784,0.00486646741296049,0.004118792203347749
2020-11-30,-0.001011676768787698,-0.008408267416373091,-0.002226870957466121,-0.0044272107737145,-0.0011279618578272747,-0.0012663294074148287,-0.0010484993045460744,-0.0009906937162574743,-0.0009598551916698923,-0.0008716732200889021,-0.0012089162452614628
2020-12-01,3.744770423503858e-05,0.0086316061979405,0.0007421456353254401,0.0109372908964209,0.0003124205665107785,0.0003030791177172211,0.00015582723983386271,0.0003497501382116818,0.0006569293471345756,0.0007688847555069891,0.0005119317091020477
2020-12-02,-0.0016713741852750568,-0.0007325349766952201,-0.0012670380873722239,0.0021038972281688,-0.0014945545316859322,-0.0013792441718177082,-0.0012058276192182078,-0.0015268621762448771,-0.0013849158584703176,-0.0013417232769172064,-0.001326047108929097
2020-12-03,0.004501524058738695,0.00508641246447466,0.004170907804736855,-0.0002724797847085,0.004641160269658839,0.0045852541050663215,0.004322876814117833,0.0045233636194627665,0.004544371314856887,0.004531284755291326,0.004725517705845259
2020-12-04,-0.00470234775471068,0.004310649708625779,-0.0037138911474398286,0.0086173165613581,-0.004820562570379921,-0.004787043108719359,-0.004227147768104896,-0.004633988279495126,-0.004566048511703967,-0.004510552649775188,-0.00489655692899717
2020-12-07,0.006925868276600818,0.0015664197153794702,0.003940941281009158,-0.0020548912811158,0.007142441063423332,0.006611182065868035,0.005361832369620531,0.007005811188099823,0.007083867673526612,0.007087132328349939,0.007125923856973628
2020-12-08,0.0030826407308477983,0.0027571364141757,0.0018561667377072196,0.002926196830332,0.0030815650861266627,0.0025923481460769725,0.002134424916873161,0.0030732557314118707,0.0030639964193467663,0.003059383509882387,0.0029186133035058546
2020-12-09,-0.009869479184542914,-0.00778359062423477,-0.005068746289139635,-0.0089689353379422,-0.009786114242427826,-0.008996563626346918,-0.007093537897701385,-0.009958224052166923,-0.010046148319445895,-0.010106016150913886,-0.009462977772005948
2020-12-10,0.004282099958065296,0.00374521391774878,0.003030131121131741,-0.000326778362126,0.004124522652280924,0.003904009688401021,0.003311948814929375,0.00417563717888697,0.004071171989031237,0.004044096322806812,0.0039353222449913005
2020-12-11,0.001225018686489565,-0.00109147098308647,0.0013470954041397043,-0.0011728085890161,0.00130889866946463,0.0013436678625287335,0.0014366875861420432,0.0012264796381008607,0.0012275917598862814,0.001213768302434907,0.0013822290575254388
2020-12-14,0.00048607989066213047,-0.00146105011820377,-0.0020234877650447615,-0.0044769715074125,0.0002017699330391123,-0.00012823431308771295,-0.001451689309903763,0.00041835216561682525,0.0003526192117660756,0.00036736824653825365,-0.00011710424363413699
2020-12-15,0.003345962668576849,0.0102319219456762,0.0036786120642719063,0.013519011525749,0.003464145185367924,0.0034267769583610354,0.0036969532699707127,0.0034946996253988104,0.003641046849370011,0.0036965859341634984,0.0035388388875489596
2020-12-16,0.001158272885148986,0.00144937179254542,0.0003152403731032044,0.0015695355603622,0.0011806475188539877,0.0010277410278677526,0.0005425808016196881,0.00122288932445878,0.001286581520465177,0.0013157415646433998,0.0011464501064244212
2020-12-17,0.002050359368594274,0.00558508649332001,0.0021913053753465908,0.0055918977490725,0.0021721228323245165,0.002222587754641526,0.002181201997130828,0.0021686420066065375,0.0022849149534363935,0.0023242567875527385,0.0022785690405551784
2020-12-18,-0.0022117504934889226,-0.00445673509296307,-0.0019186218746499372,-0.0039927755855294,-0.0021795088184158235,-0.0019568508661923036,-0.0018716348288804223,-0.002196705398476016,-0.002181981825813154,-0.0021798879722696803,-0.0020819484009982755
2020-12-21,0.0004941057126504346,-0.0039623101488900705,-0.0012188946701854055,-0.0035754095647592,0.0004466648993766511,0.00011938949744524284,-0.0003310904780622204,0.0004330634969791591,0.00037299786067615656,0.0003500199745654594,0.00030322825959157177
2020-12-22,0.001957752984637783,0.00106237740868053,0.0005285342218170965,-0.00168565571936,0.0016921833126987413,0.0014699165322235154,0.0009005071345847655,0.0018162732922495184,0.0016776691261987842,0.0016514439526808065,0.0014228293928762346
2020-12-23,-0.0034159124228709315,0.0016768283511811803,-2.8594073619392976e-05,0.0008990666567625,-0.003125974975664003,-0.002433643076766301,-0.0013295622478835473,-0.0032667041245593624,-0.003120567217926634,-0.0030946222930969026,-0.0026828550460182695
2020-12-24,0.0033315459878268715,0.0025237859621261302,0.0028535634269716403,0.0038901609605845,0.0033223456252339067,0.0032509548599522933,0.0031439773492919374,0.0033302183860445325,0.0033289441530356587,0.0033298633566746566,0.00329190281830736
2020-12-28,0.002675345604664129,0.0029411137095575225,0.0012200557874297707,0.0085906191863573,0.0023669390753115337,0.0018744692350418563,0.001414322377068244,0.0025936394362821246,0.002514203720393571,0.0025259895476708706,0.0019764578372597355
2020-12-29,0.00023255026784274932,-0.00049114361679973,0.0005265340530633275,-0.0019076613151418,0.0003053485994196143,0.0004022453436322052,0.00020393706226045966,0.00028125334072062573,0.00032903978400148726,0.0003413022733471052,0.0003911066469011594
2020-12-30,0.0017065889955049708,0.004362344469423431,0.0021519114722493783,0.0014269774294604,0.0018867492469898913,0.0019636931517965058,0.0021199075845087867,0.0017774756604135734,0.0018467363216743652,0.0018516945037291353,0.0020450012997760784
2020-12-31,0.0017618442092566826,0.0013248730450541898,0.0011008475622096515,0.0050807808460233,0.0017951066427118775,0.001652345210961428,0.001784657673964213,0.0017841642857781607,0.0018060646753909504,0.001811701848972254,0.0017722946927296586
2021-01-04,-0.0019068405577289654,-0.004545680584110361,0.0006258990079665205,-0.0136141095452689,-0.0010544398673962437,-0.0005564779352334277,-0.0003077544311845806,-0.0015902021811344262,-0.0012810143244410296,-0.0012671452644445439,-0.0002613064346993427
2021-01-05,-0.00020728987075708876,0.005644544156350801,-0.000802288797285294,0.0068873706406744,-0.000294048402957717,-0.0005773482275301288,-0.0008727835756909517,-0.00014442122058576444,-8.202494411362876e-05,-3.4801457743136195e-05,-0.0004518798303521324
2021-01-06,-0.013714873692405634,-0.0012954615184958107,-0.007798396736758976,0.0059787103425519,-0.013755207028548183,-0.012896968349254448,-0.010220513655131654,-0.013689684677590533,-0.013664663006001802,-0.013644774396067757,-0.013500448318880129
2021-01-07,0.003050833911987621,0.00506171752745326,-0.001131353913243521,0.0148572846358001,0.0024925795035724485,0.0017303642548303802,0.00041545878072023337,0.0030060554742006567,0.002964052306102257,0.003038124625862673,0.0018285901678262698
2021-01-08,-0.00189629614358301,0.0020860760532266905,-0.00506328891442033,0.0056976922616771,-0.0030008466933132854,-0.003851516725833048,-0.004979983567294244,-0.002310912623138224,-0.002715818818823947,-0.002735996222726351,-0.00409668309661201
2021-01-11,-0.005481586594474768,-0.00717287790012656,-0.003649146853994157,-0.0067408072710652,-0.005211409001113814,-0.004826928656585729,-0.003856031779017254,-0.005438876255294189,-0.005397781336775599,-0.005422870073819662,-0.00488489086302157
2021-01-12,-3.140411087147353e-05,0.0040887669836784605,0.0014945082672025189,0.0002115048391386,0.0001631047835023181,0.000541422779419559,0.0009909454858404816,5.509993717556672e-05,0.00013971943109457048,0.00015017231532899464,0.0004318248711982192
2021-01-13,0.005893199950719583,0.0033520732946045,0.004243407146458212,0.0026926673233471,0.0056113917972346805,0.005363421526505449,0.004801865433966885,0.005730366427314898,0.005570748652583615,0.005536423273292794,0.005321553076936784
2021-01-14,-0.005095798724194736,0.0017868661396361705,-0.003156688651313297,-0.0035019190589133,-0.004967270845676178,-0.004616563420766776,-0.0041555054302837655,-0.0050085250140000205,-0.004922886297248834,-0.0049005783508084405,-0.0047563197575054735
2021-01-15,-0.0016697722367061737,-0.00525947882095875,-0.001704318842647237,-0.0072926238257148,-0.0018110833338492523,-0.0016034494642621928,-0.0013829545750726263,-0.0018151968808330868,-0.0019581836876050086,-0.0020080111397150968,-0.0018463815211291939
2021-01-19,0.006309511416853949,0.00702877907986149,0.003612867901084201,0.0078518296514431,0.006190856256043949,0.005546335713620042,0.004417101127030573,0.006328788656925968,0.006348283122436814,0.0063787534143936375,0.0058897898189950795
2021-01-20,0.008965418513390059,0.010234420459350212,0.004464432959617003,0.0138387569040367,0.00885502509805515,0.00778519406527558,0.0060768531646549235,0.00906088392536205,0.009155548072987655,0.009223548047331673,0.008419069414126377
2021-01-21,-0.00028386890419255313,-0.0014999090626868,-0.0024009471119892647,0.0009116116014047,-0.0004539215658313058,-0.0008502405334878001,-0.0017827802957600587,-0.0002646304905280664,-0.00024497218857499745,-0.0002055935928782773,-0.0007105887619948416
2021-01-22,-0.00028235351426332235,-0.00097809233510095,-0.0009565741594826742,-0.0035396274127729,-0.00042051931800414494,-0.0005902871842133552,-0.000790393753124411,-0.0003880628001162553,-0.0004918605987525317,-0.0005219228414609829,-0.0005785963658839559
2021-01-25,0.007233379182637339,0.004610802854111921,0.004599772810811127,0.0039441430102924,0.007043399504741151,0.006421248382020189,0.005506734296802839,0.007120429916036575,0.007009689631403775,0.0069849251431735,0.006697194200965767
2021-01-26,-0.0005162536894608099,-0.0010567592648695289,-0.0008560484280660533,-0.0015610962969321,-0.0006031742272437021,-0.0006059548019344709,-0.0008728379064116622,-0.0005350768390318043,-0.000553314505455969,-0.0005478424046396302,-0.0006681417369140473
2021-01-27,-0.007663523024982883,-0.014336123626751381,-0.004679244546486539,-0.0244404368826574,-0.007219889981112246,-0.006204747151272879,-0.0052195853509399565,-0.007655694498852277,-0.007649712215719057,-0.007722771123050378,-0.0065565201410231365
2021-01-28,-0.0006187921727572827,0.0021277680144677104,-0.0005544097567558015,0.0086004447519125,-0.0007097458738498965,-0.0008511758985966266,-0.0006495760305804694,-0.0005858989729942466,-0.0005530737169872364,-0.0005204518001961843,-0.0008236431327813638
2021-01-29,-0.008470552151665416,-0.012302569984971291,-0.0054773726999624486,-0.0200196780750473,-0.008007747427197556,-0.006804474188852512,-0.005846081326467346,-0.008351686150320045,-0.008236178797984299,-0.008255780234398448,-0.007267892810840129
2021-02-01,0.00907303472472399,0.0141692160977708,0.004833699306868383,0.0166455001456493,0.008711414698630026,0.0075865382007978995,0.006093387913354993,0.009025076668786408,0.009031941521092931,0.009078218189984215,0.008003791507081224
2021-02-02,0.0006721999879977974,0.00499557092226856,-0.0018052069249411481,0.0141402195635373,2.0311480322312593e-05,-0.0008086759635543572,-0.0014898024168535167,0.000568257833559736,0.0004195122875924745,0.0004299812922056562,-0.0007368935433643461
2021-02-03,-0.004658328840056523,-0.00104195703281022,-0.0027048993811248367,0.0007860996630693,-0.004604836893366581,-0.004075668894550747,-0.0033364473504454957,-0.004643932417230256,-0.004577672669764753,-0.0045540566843897375,-0.004342800600821341
2021-02-04,3.203574025933574e-05,0.0029070793515984603,-0.0016973539353777,0.0113659084373578,-0.0007265958370662874,-0.0009810808509576711,-0.0012150469009543287,-9.931066956205383e-05,-0.00036808164097518106,-0.0003992161978572453,-0.001299810710495306
2021-02-05,-0.000941330778989708,0.0036239277452895704,-0.0005089545663160126,0.0039358680228083,-0.0007997474702285978,-0.0006277301467982438,-0.0005665325518387399,-0.0009042843423893366,-0.0007386564081911361,-0.0006805636537693609,-0.0006380910637359233
2021-02-08,0.0045370954366166115,0.00728321776149342,0.004400195651484822,0.0072219704556601,0.004612241108562041,0.004735035158081111,0.004634196906816962,0.004553349096843915,0.004609851519464643,0.004626464599815848,0.004712617830624927
2021-02-09,0.0007666978593676681,0.0026647421472160704,0.0007610760005546985,-0.0006659744616931,0.0008455052549137018,0.0007270237929645372,0.0005236429839367857,0.0007808237991686466,0.0008131804004121809,0.0008184234386019009,0.0008427899332341736
2021-02-10,0.0024746703094870337,0.00114175144505419,0.0025976764419794263,-0.0004355763099039,0.002612278944954587,0.0025681264103920524,0.0027137331322587962,0.0024930372452743547,0.0024915053791363427,0.0024743847539777457,0.002677016720420652
2021-02-11,-0.0012481512221939816,0.0007956586698444702,-0.0022112036286618683,0.0016150813497493,-0.0015726559412048999,-0.0019413030867115168,-0.002420077872069175,-0.0013002012796086181,-0.001377087850100347,-0.0013731634080072998,-0.0019309495786891968
2021-02-12,-0.0033520475241226094,-0.00020357767610795996,-0.0032978260416994,0.0049398040246062,-0.003553916814103735,-0.003540616108272005,-0.003488383024091132,-0.0033747427288862916,-0.0033333524268466435,-0.003290513294654852,-0.003671803389115133
2021-02-16,-0.009082761977471277,-0.0051784238585667105,-0.007744850190200927,-0.0008660171956227,-0.00935065194494405,-0.009194743938637454,-0.008812305709653443,-0.009122732742399851,-0.0091585817065404,-0.009142834331909305,-0.009447265269263932
2021-02-17,-0.0006624081399273227,-0.0018462320801283102,0.0005267368358523546,0.0002297194465386,-0.0008059095354391815,-0.000464956853338155,0.0002612066706453465,-0.0006992838175653034,-0.0008609586259640412,-0.0009170324833376549,-0.0007463617091346728
2021-02-18,-0.0024859783767389775,-0.005329739585676178,-0.0019606117838273413,-0.0042560369798545,-0.0023885222862391857,-0.0022772113645366837,-0.002051007804661688,-0.0024677742506247543,-0.002420985072533392,-0.0024114333308932695,-0.0022816016481809233
2021-02-19,-0.005872077584646495,0.0009468868366054996,-0.004511067960360108,-0.0017662851015306,-0.005683563734656528,-0.005149726722058174,-0.004830023355644002,-0.005828583968961098,-0.005661790178792902,-0.0056087718675470145,-0.005335682649510681
2021-02-22,-0.008490931179809282,-0.006414212972154911,-0.0022190195570988263,-0.0076916854227987,-0.0075607927042899755,-0.006157489120521163,-0.003874066925577318,-0.00833035501453334,-0.008005099037106007,-0.007968862396482475,-0.006383895141342728
2021-02-23,-0.0017453812511924595,-0.00025799153000266,-0.00019265527316448725,0.0012143392920027,-0.0017300746591503826,-0.0014191911933008781,-0.0007428857920956339,-0.0017425588449410294,-0.0017355487316029772,-0.0017342018631375915,-0.001586682541603252
2021-02-24,-1.786381354899804e-05,0.004014032008979261,9.94325275056585e-05,0.0110194430975218,-0.0002258184368412842,5.214729194539516e-05,0.000369044808796495,-4.448932399595603e-05,-3.1757723803261726e-05,-1.1684554762700491e-06,-0.00023166127922293045
2021-02-25,-0.021106114417328556,-0.02191794040722415,-0.016501826413658764,-0.024095875118591,-0.020736578475763833,-0.019761718453783845,-0.018129037161419836,-0.0210520683380618,-0.02101266712019548,-0.02103894005577299,-0.020089188159409004
2021-02-26,0.010741343814740067,-0.00133343897088932,0.006561628785474234,-0.0051526070868033,0.010112522976419541,0.009298471193580966,0.007922725970613408,0.010597059202902487,0.010048022220469147,0.00987449059538857,0.009375757850745106
2021-03-01,0.004987965353530348,0.01248046630244154,0.0014104390035001755,0.0242402881325733,0.0043101259867789595,0.003428647363241993,0.0019139314241609444,0.004917514365642336,0.004882619170551554,0.004638684825409797,0.003374682548126197
2021-03-02,-0.003937402544391282,-0.005736348675173189,0.00015788028489896206,-0.0078031548215262,-0.003462990909302224,-0.002589897485934255,-0.0006199689978131433,-0.0038323695839349763,-0.0037083183692568815,-0.0034985837439228565,-0.002685520207061543
2021-03-03,-0.014667161001785514,-0.010157860240476341,-0.008321997414127945,-0.0132456778496874,-0.013843918920568878,-0.012162351742129984,-0.00951233191773452,-0.014668597250870602,-0.014670620982509505,-0.014592235588536197,-0.012728062350553007
2021-03-04,-0.009516641834494828,-0.01302661954936495,-0.007653610917436497,-0.0123750771309667,-0.009592585900889763,-0.009351998813239452,-0.008022335857271362,-0.009472559530245651,-0.009438571555409942,-0.009351796664333188,-0.00937468185045258
2021-03-05,0.0049564406913455775,0.00828364033587933,0.002113527274862921,0.0183968357072654,0.004720771641778082,0.003626215823517442,0.0034174129127766584,0.004883139374185975,0.004804359740173136,0.0046562702386997125,0.003953446984199572
2021-03-08,-0.012895588599129648,-0.00817486666586161,-0.0066307864437373095,-0.0049790520507897,-0.011770309904227004,-0.010344144294501333,-0.007232717512810776,-0.012956698264741181,-0.013027160024448021,-0.013015161419261045,-0.010778301564441107
2021-03-09,0.019564984797308563,0.016418179823680858,0.01075718845704787,0.0142776393239933,0.018736639634040122,0.016375353224425966,0.011790360168229923,0.019599119246817856,0.01965758346896825,0.019604441986979283,0.017292027366288827
2021-03-10,0.0010240475958784507,0.00443913529527451,0.0036171000759610055,0.0062246762812652,0.0016393616083723679,0.0024982673436378102,0.0035270999490289866,0.0009977689763799465,0.00098095230046013,0.0009798635511684894,0.002194176763773373
2021-03-11,0.004819072245822705,0.00958495092864485,0.00013333099793491003,0.0101393347590117,0.004203503089562777,0.003285190986990708,0.0007630367876501479,0.004772720157117999,0.004745903009758668,0.004574346518440918,0.003372949562033878
2021-03-12,-0.010842173585540666,-0.00396020590561754,-0.0079395655058386,0.0013466985965771,-0.010345998020700723,-0.009672277102852775,-0.008263853841334087,-0.010767495671810703,-0.010624162869019939,-0.01053744462041979,-0.009869556223913244
2021-03-15,0.005762201927435552,0.00531608327298281,0.00333457896306602,0.0059632934554398,0.0054580313382660665,0.004799205304877615,0.004003792774619935,0.005758293413318495,0.005749568044498435,0.00571966902686277,0.005032064794407104
2021-03-16,0.0003161119131346794,-0.0014594118283710197,-0.0007498591977731189,-0.0012610528672163,-0.0002511089023932401,-0.0006627275777514527,-0.0009287348211424714,0.0003961342118999094,0.0004933601657927158,0.0005588946865272765,-0.0005271403788394293
2021-03-17,-0.0007297242909138727,0.00223410980554699,0.00018151562428378367,0.0034098059627398,-0.0005700516205561293,-0.00014006501598001037,-0.0001530258620594002,-0.0006662530214398141,-0.0005548423488907456,-0.0004919456583277245,-0.0002991690470504466
2021-03-18,-0.014920044309515311,-0.014113487003399271,-0.007822144763683904,-0.014549670871247,-0.014293080000075488,-0.01251724267158047,-0.008901474327881843,-0.014819995877514255,-0.014704408806342538,-0.014483941311287062,-0.013021364620815308
2021-03-19,0.0031766530362669137,0.00219479390747197,0.00179850466165975,-0.0018503360240442,0.0032746040383975317,0.002945494966297448,0.0016275726177512077,0.003156574072287236,0.0031296979239860325,0.0031124369625102895,0.003124147010925019
2021-03-22,0.009709053184370842,0.00408190587206779,0.004354350814954106,0.0079850723044483,0.008657733397478171,0.006915636831401059,0.005436381055887323,0.009671903654558976,0.00959351649514572,0.009482050041515196,0.007464546146682065
2021-03-23,0.0017824252752226587,-0.007328449681349411,0.0007208503975646059,-0.0078707489924064,0.0010462707768007645,0.0006336585945043586,0.0012691291993583997,0.001803876173890587,0.0017733994655369592,0.0018139499532986777,0.000777528229860326
2021-03-24,-0.002989833795995499,-0.0065424153007711105,0.0014627889952556383,-0.0050836330128994,-0.0026108545691647536,-0.0016146532897095742,0.0011485334023025738,-0.002911405887292304,-0.0028377895773578983,-0.002651918733014573,-0.001798477501816034
2021-03-25,-0.003339732764885468,0.003590172477929,-0.0012596772551624513,0.0056254384174856,-0.002863389216738097,-0.0021606280481458254,-0.0017107280549722072,-0.003410154030757188,-0.0034681631001987415,-0.0035669719096535256,-0.0025423724723235633
2021-03-26,0.0029202947115609633,0.01051892920984935,0.0013502289173870424,0.0161149641258289,0.002685694292534627,0.001982246232968649,0.0017590807066208735,0.0028984319516845722,0.0028965124246084764,0.0028058683241470083,0.002151207347021951
2021-03-29,-0.0050353335939400164,-0.00718265479115526,-0.004936637357935548,-0.0005048095059716,-0.005898922296040335,-0.0060945507369692875,-0.004850377733256922,-0.0049974343229594285,-0.004969800338686043,-0.004970685649021372,-0.006191560747917839
2021-03-30,-0.001645807213936519,0.00027123116444895,-0.001298032797748827,-0.0026530369339359,-0.0015100510143748209,-0.0011362902980854616,-0.0016619788665271549,-0.0018573516586868728,-0.002144044829445434,-0.002408170322207152,-0.0015353716208002756
2021-03-31,0.0040735843096912396,0.0038288057404345702,0.0011476017871185898,0.0040531726725918,0.0040424076099225695,0.0038952836264543687,0.0020655696295977222,0.004172552676289328,0.004339668596614169,0.004419788581171153,0.003983994865998031
2021-04-01,0.012420886223930862,0.012142259767750721,0.00933762437410583,0.01079910322115,0.012328170882295415,0.01074115808756702,0.009497185771143845,0.012476042075585256,0.012490510713675003,0.012514440263341555,0.011563045941451779
2021-04-05,0.00444166320793024,0.00496789328211867,1.5806911250214925e-05,0.0143531835306447,0.003905747681342351,0.001941701085975074,0.0004498857793879007,0.004329527805545566,0.004304420758700542,0.004133398515558704,0.002212240778624829
2021-04-06,0.0039037372491296245,0.0019623054146328802,0.004005383763031411,-0.0005904266082151,0.004127333596063182,0.004552835444788384,0.004841684242318471,0.003878563718071673,0.0039040055685821175,0.00402734314935951,0.004442751178869513
2021-04-07,-0.0014939469682877311,-0.0036845594609913206,-0.0018473007118242149,0.0011571906257394,-0.0015907514487662339,-0.001795551712128099,-0.0019798842238072153,-0.0016629053922423884,-0.0016323430531457982,-0.0016259962276373985,-0.002339796005455978
2021-04-08,0.0076678233454122065,0.00599608965829151,0.0055690638960998635,0.0047466034226657,0.0076835341919920235,0.006587790964195666,0.00568220867931968,0.007672028946263628,0.007665345942994122,0.007727922756219095,0.007238094829737713
2021-04-09,-0.000584494874504312,-0.0008992149871487399,-0.0018461076906049858,0.0072703434699019,-0.000896349984959387,-0.001195960539710821,-0.001361574253275501,-0.0006031153248118741,-0.0006024654760526015,-0.0007683513945465978,-0.0014929074580891496
2021-04-12,-0.0014226035777251548,-0.00178173643216203,-0.0015736224449825274,0.0003645355256947,-0.0014801008523437366,-0.0012714888772024696,-0.0010798773488744572,-0.0013988124120070328,-0.0013788663119418223,-0.00143992696503092,-0.0015342425023615425
2021-04-13,0.0075577422248961895,0.0050096736176697895,0.005197450044646192,0.002963766085466,0.00761837868208284,0.006205750884034251,0.004990651852000054,0.007523890264156972,0.007554915371643866,0.007632753465358195,0.006697447474090118
2021-04-14,-0.005393244294181564,-0.0015142257092378001,-0.0019939285972718716,-0.0034151362718004,-0.005352931134998338,-0.003810228681452774,-0.0025096402097676586,-0.005286288561946598,-0.005328258131549327,-0.0053901306012334085,-0.004062771650226682
2021-04-15,0.012916736548549012,0.011067748120725591,0.009926303548431195,0.0107423027284301,0.012847745060307898,0.011566626573020315,0.010585638589785786,0.012879335733160345,0.012917149824547416,0.013015931233961272,0.012063285289314819
2021-04-16,-0.0015330659558439794,0.0006887849628167501,-0.0018339348549377427,0.0033423676749382,-0.0017436328096340976,-0.0018490942216612446,-0.0018528965231556394,-0.0016860177375482175,-0.0017285280665482177,-0.0017078706528583596,-0.0019279570554148271
2021-04-19,-0.004256371883305283,-0.00398126639280149,-0.0023325897551103028,-0.0049128843703748,-0.004189189203066923,-0.0033696906242715184,-0.0026879226599589366,-0.004314525125553178,-0.004282396432379763,-0.0042223810371873815,-0.003894238324410867
2021-04-20,6.912019430208092e-05,-0.00398931852909256,0.0001518926521963174,-0.0073217240549259,0.0003514968537443625,0.0007724371555511984,0.001057861684173898,-9.15574883356184e-06,6.739102931260853e-05,0.0002666832257893772,0.0004291912083417849
2021-04-21,0.004724314901044969,0.0081376633191786,0.004351284986161892,0.0094623677450214,0.004591756635549454,0.004491147921840953,0.004449927926688831,0.004751160581341133,0.0046707295538218,0.00460602892838061,0.0048931947062229265
2021-04-22,-0.003372502654690506,-0.0037916787125088797,-0.0007886394832481123,-0.0091333746056708,-0.0031267855149784414,-0.0022592702681777533,-0.0015812530905559784,-0.003223847020195719,-0.0031900570865087585,-0.0031558769408003107,-0.002309727114062285
2021-04-23,0.002649683924726563,0.00662119946983157,0.000874551917093324,0.0108425921084771,0.002323965067573747,0.001573593642316959,0.0010107126111069309,0.002715140081576288,0.002655894126821743,0.002429327465078204,0.0018576746676139306
2021-04-26,0.0016742620930933869,0.0023726721453913202,-5.4901973379957984e-05,0.0020874975592408,0.0016209621340288387,0.000821173736239579,0.0001450717926830939,0.0016925798930695127,0.0016499938998622416,0.0016187334862840432,0.0013448468870173387
2021-04-27,-0.004951898246898484,-0.0026650670134287496,-0.00428079440811617,-0.0002154846466992,-0.005062799111832097,-0.004474834061621922,-0.003958077897915519,-0.005004511964104327,-0.005041110717059573,-0.005088892507852605,-0.004775672877442444
2021-04-28,-0.00010372733603207626,0.0010995113216870898,0.0011284393320263742,-0.0002873224800967,-7.175179454312519e-05,0.0004489717942753617,0.0008958053312931323,-0.0001113124675595254,-0.00011868776787458458,-8.652479147122833e-05,0.00033609947114864817
2021-04-29,-0.0004994965987203271,0.0002797806842145701,-0.0011961875484153258,0.0063725125865286,-0.0007425544488541211,-0.0006732441872233383,-0.0005427394692655546,-0.0005652540339226087,-0.0005544725994691682,-0.0006553914493779429,-0.0011558567912650932
2021-04-30,-0.001741007490585376,-0.00510531319064346,-0.0011262204967738803,-0.0065701744432473,-0.0015242029791505713,-0.0010883224390473313,-0.0007962737436863964,-0.0017315738800392406,-0.0016769903811729044,-0.0015973855979849103,-0.0013659712207478006
2021-05-03,0.000728210196930625,0.0028502676279102603,0.004034243302439528,0.0021566038889677,0.0008087007259607998,0.002152715822127978,0.003285770575325265,0.0006262627889980844,0.0005958854246276546,0.0007111485985292325,0.001757474923456088
2021-05-04,-0.004415259801776162,-0.006732047824448461,-0.0012400004895592217,-0.0061692685871765,-0.004272022732663322,-0.0022603713719278294,-0.0005322960122325991,-0.004312471421049633,-0.004239668457679044,-0.004209972560241971,-0.003083117638357483
2021-05-05,0.0002871331301644249,0.00029184421377906024,0.0027698096036878114,0.0003129122737435,0.00033374916779096953,0.000977069984714937,0.0015242320320010294,0.0002325648391853785,0.000246924902557953,0.0003111222858827267,0.0006436003154985569
2021-05-06,0.0050946944009517495,0.00603850124110297,0.004461393553278124,0.0079855131479749,0.0050171388773251665,0.004847596874769105,0.004748034239023706,0.004893464828274943,0.004879728499011835,0.005000030629887079,0.004729541831722542
2021-05-07,0.0026468358953808018,0.00676054652354728,0.0022456331244400576,0.0072778919151401,0.0025044804739341076,0.0022269414389698853,0.0020069114246078256,0.002542824314940087,0.0024738251343304324,0.0024538129740443813,0.0023662306022679933
2021-05-10,-0.010597787190940126,-0.009864542751678411,-0.004515781552556181,-0.0099023869984054,-0.010405689754622834,-0.007467286749736255,-0.005023269792757115,-0.010837938073577878,-0.010805101229409643,-0.010592152390132387,-0.009010266022024324
2021-05-11,-0.0025523620081514976,-0.00528247898798032,-0.004300607854437679,-0.0089246173523575,-0.002370504413609423,-0.00319793478000933,-0.00399164889920469,-0.0025663854092875457,-0.002585037625134853,-0.0024939280645211886,-0.0026257907501916872
2021-05-12,-0.013659914080833828,-0.01792145314696349,-0.009136973262747518,-0.0212453578595311,-0.013223880532121457,-0.011446020688239893,-0.01011638337307635,-0.013740810200574065,-0.013676068741641642,-0.013481025602851422,-0.012338538184367719
2021-05-13,0.0045673027431299045,0.00700406182290003,0.004419301973210073,0.0120125989952801,0.004327669221400815,0.0046401722041450755,0.0049803038515007945,0.004583027650189224,0.004530740262676376,0.004395191369165929,0.004538793371446116
2021-05-14,0.011169717194945262,0.013466516158821981,0.007586517092348327,0.0153552471352982,0.010902043171116652,0.009153221731117156,0.007776111216006172,0.011234209420394171,0.011188585467354059,0.011069756059030501,0.010039857561875008
2021-05-17,-0.001268560814790922,-0.00016374161256178018,0.00017127036516214765,-0.0025443975991631,-0.001139272569257284,-0.0003852167574751415,0.00022964624410049396,-0.001374547368397064,-0.001405517320619332,-0.0012516374639865286,-0.00046531690604508544
2021-05-18,-0.002670436202985266,-0.00110860047557136,-0.0014800717724729353,-0.0086156725566669,-0.0024777794493679468,-0.002476917754248233,-0.0025333762838752705,-0.0027039662615644263,-0.002697757322917845,-0.002566542965068187,-0.0023127819215525572
2021-05-19,-0.0011399447492240415,-0.00306159463348173,-0.002680172101060451,-0.0026216454377826,-0.001097654339538892,-0.0016185688475704048,-0.0020867390608832765,-0.0012066259554950848,-0.001193507961039627,-0.001134364629808091,-0.0015343436045082838
2021-05-20,0.009956722648180694,0.009075166235679381,0.006938794238758756,0.0107576487247607,0.009825212950380652,0.008163295798193818,0.006782190357642215,0.009961665486336296,0.009973792243150105,0.009912079859323117,0.008647399166070697
2021-05-21,-0.0007312596744024657,-0.00102351227156495,0.0009108436288962516,-0.0008187344490545,-0.0006892832074637196,6.163382845478525e-05,0.0007165405039284196,-0.0006777938339414197,-0.0006748049660396574,-0.0006663194691382642,-7.777113416284357e-05
2021-05-24,0.006767553060276281,0.00695539222120721,0.0032526185078777907,0.0101943685640779,0.006541149536298986,0.005021854576653167,0.0037971126661370163,0.006756676627355025,0.006754667921211755,0.006658297109814509,0.005409782196314112
2021-05-25,0.004860795838864784,0.0025070032099275604,0.004449583932762527,-0.0022187262370043,0.00507085595047158,0.004655419267377512,0.004272698662471857,0.004814918854487611,0.004870084488647262,0.005051516115611645,0.004828176905541028
2021-05-26,0.00012330633850660654,0.00302083631280226,-0.0008451605365508258,0.0019846106127872,4.1296409796846216e-05,-0.0003041530083115447,-0.0005845727579185282,0.00024150173763215575,0.00017629523199478344,6.169308116169903e-05,0.00024046359503459623
2021-05-27,-0.002575180130706657,-0.00015857095629176986,-0.0015833729363120149,0.0005249919132797,-0.0026560500463852117,-0.002111740279570469,-0.0016146453964912034,-0.0025503139208136773,-0.0026009159895512396,-0.002647618892219776,-0.0020925246478036294
2021-05-28,0.0010464080619139475,0.002202914354426946,0.0007545033179717042,0.0017886924075656,0.0010392222642922873,0.0008703124776688357,0.0007107678737628706,0.00097476672232894,0.0009666526541338171,0.000994114893248017,0.0008380381520180233
2021-06-01,-0.0016780701735435236,0.00463821735569829,-0.00019100506321588815,-0.0008807389191298,-0.0013410361209214823,-0.0009139963722347165,-0.000669548644523221,-0.0016576293230873953,-0.0016354522772694877,-0.001545844836461445,-0.0010123165193135619
2021-06-02,0.002432884974479888,0.0031288332753425206,0.0021344595549776884,0.0015724896660225,0.0023575197099956545,0.0022091357317602497,0.0020997623951676194,0.002396743341365786,0.002368388499455927,0.002257440725207947,0.002214644937365953
2021-06-03,-0.008896264665578874,-0.0071602842958078,-0.005523314293190007,-0.0037113125670249,-0.007902696937508195,-0.006644039637376799,-0.00591146734183422,-0.008710717324951675,-0.008549334456839109,-0.007922719814897592,-0.006787505673575018
2021-06-04,0.011553469810376634,0.00855500952442883,0.008492087921391972,0.0091458310843264,0.010713856412796818,0.009462091432072998,0.008758350584906455,0.011606113946832655,0.011642311290237982,0.011702049774250139,0.009961363279274068
2021-06-07,0.0009839330135533954,0.00248439680399932,-0.0002467966451166223,-0.0009700523280984,0.0004138256311647918,-0.00017676082519171415,-0.00047224309345369965,0.0009135609352362325,0.0008457948386518634,0.0005912654650506452,-0.00010857984676617322
2021-06-08,0.0015831722870888975,0.00248312806448256,0.002477471255932946,0.0002129917850348,0.001824896938205739,0.0020740375301011847,0.0022933606780321455,0.0016923630144682806,0.0017922313284078595,0.0021095224249589456,0.0022061751329820268
2021-06-09,0.002179066841934455,0.00015219629484439982,0.0026129925493504633,-0.0014920213743911,0.002319887401381319,0.0023794864276734645,0.002506881459483155,0.0022883124072675056,0.002392015661045185,0.0026914001436192945,0.0026037560402814696
2021-06-10,0.00618475154346744,0.00439393468550723,0.004309878004573451,0.0046484695874156,0.005565344569210585,0.004824665013488245,0.004476585934184097,0.006225870327667481,0.0062506801875598225,0.006301644000136669,0.005119323094239658
2021-06-11,-0.002487133473237049,-0.0003742832254231099,-0.0015836464240777308,0.0016525193205716,-0.00249220049205331,-0.0022732973043182287,-0.0020336442307265896,-0.0023400510105607937,-0.0022297752986047844,-0.001808607132039123,-0.0021795905586741984
2021-06-14,-0.0008155606460299107,-0.00030700640801327027,-0.003414164918942824,0.0022390985424165,-0.0018594637246169966,-0.0028837169356633547,-0.0033866866895220565,-0.0007688208466371748,-0.0007633129096690622,-0.0007138106431866492,-0.002602863457638085
2021-06-15,-0.0029365429642320964,-0.0031613023571111505,-0.000528099035042082,-0.0018342205421607,-0.002315742756082478,-0.0014769487246813135,-0.0009853331131349447,-0.002923827960847225,-0.0029037182142716343,-0.002809561547979878,-0.0017128640625520735
2021-06-16,-0.007074752024936186,-0.006510154428907271,-0.0060352748741847985,-0.0055835418640232,-0.0069646344780439125,-0.006739161195297058,-0.006455040855392966,-0.006870452700963638,-0.006701163417489112,-0.006124197936526299,-0.006495249196772472
2021-06-17,0.0006307203119743287,-0.0008143264904657099,0.00032563039366375474,-0.0003314610556541,7.475011889672683e-05,-0.0004496808790252953,-0.00027504156708655454,0.0012364018772463405,0.0017270883823097376,0.003349150194129355,0.0006533244524439012
2021-06-18,0.001550818061184397,-0.006454363572689021,0.002266357971239067,-0.0134903033156164,0.001871608756627235,0.001989538206247386,0.002359081267196971,0.0017688280537766872,0.00199344129153592,0.0025633128626137715,0.002548642053250453
2021-06-21,0.000582101738458919,0.006640034382583771,-0.0010212063881971565,0.0143159847691105,0.00045639392490346613,0.0003523889336287584,-0.00013993216823210333,0.00028649231601126897,6.418278264221566e-06,-0.0007620211545403886,-0.00029973136091871
2021-06-22,0.002793877065004744,0.00112656269327946,0.0013274330729004988,0.0053461597306034,0.002355865225014789,0.0018695606007492153,0.0016419424236926738,0.0029114555141382457,0.002993110309473006,0.0032910319414806623,0.002146143648910898
2021-06-23,-0.0010693485984811298,-0.0006290778698132101,-0.002113177767335539,-0.0012054180531804,-0.0013080950217531546,-0.0015444442635545834,-0.00165771745551685,-0.0010824924612038156,-0.0010987423262852547,-0.0011577663299377665,-0.001502481459895474
2021-06-24,0.0019244252002885234,0.0045624986436087,0.001953580486788485,0.0059156085281559,0.0018233179298908241,0.0017141514367048118,0.0016266445950488392,0.0019729551632459937,0.002003428330114969,0.0021432947254154044,0.0017707096625528959
2021-06-25,-0.0021262429832041,0.0009471950925989003,-0.001994056874542849,0.00355231846618,-0.0020141814151032277,-0.0017073343441429637,-0.001667714717214218,-0.0022728551112779346,-0.0024076155930163098,-0.002779631502850221,-0.002128249659257092
2021-06-28,0.006370840097674096,0.0015490060803347236,0.0032717144033171785,0.0020157131637719,0.005485344591995168,0.0043400405640590615,0.003853233075688719,0.006517712424175825,0.006632181142488938,0.0069405779833962376,0.004964630661021947
2021-06-29,-0.0008317268994745778,-0.00109320327943009,-0.0005489272426145392,0.0005381277447285,-0.0009760376007845741,-0.001016844405912771,-0.0009002617620951439,-0.0006598608887918077,-0.0005254383397705969,-5.7419295800653896e-05,-0.0007681912056008139
2021-06-30,0.0018996286313449507,-0.0008056044267190201,0.0015173179187823683,0.0008416845233569,0.0022029266701438857,0.0023640491167601033,0.0023688011723972642,0.001869428979397788,0.0018563769438484602,0.0017965099610887864,0.0023105772818500002
2021-07-01,0.0005021793994041062,0.0017754077118339322,0.0007497510548030278,0.0055367921770022,0.0006291652142554036,0.0010750846996089303,0.0012126817690885465,0.000521493360003331,0.0005500482506922188,0.0005352933219285716,0.0010849629356938278
2021-07-02,0.007042851929829652,0.0034038167996249,0.004568720271550501,0.0076433301727925,0.006507180862814079,0.005676757973400723,0.005124762536119954,0.007042506815059314,0.007046676813394188,0.007053668833734138,0.005901922917793819
2021-07-06,0.006401415833617382,-0.00031949267541884043,0.0042276802904661764,-0.0018214121703518,0.006018720718075433,0.005163895096450592,0.004693610992168204,0.006374244394100044,0.006318081840398768,0.006315851051822207,0.005408252013113533
2021-07-07,0.004205460515142232,0.00231711065514759,0.004388285623152121,0.0035341528177361,0.004241339659775133,0.004327305244495296,0.004320616355893824,0.004164141081763657,0.004120607544284832,0.004177411652815346,0.004397619101482747
2021-07-08,-0.00027435589269032856,-0.00535422808130143,-0.0004193274081816408,-0.0081481974166837,-0.00015383454432598548,-0.00019001339008844418,-0.00012535583100777752,-0.0002799785586146959,-0.0003170057004393789,-0.00035399026038313475,-0.00017264610153066537
2021-07-09,-0.002317725518957997,0.0068769928160765,-0.0019115459816051391,0.0106749485332164,-0.0024422659187102553,-0.002224352918801062,-0.002229176242342614,-0.0022036579495618965,-0.0020559507283629706,-0.002173192059737903,-0.0022775398942698
2021-07-12,0.0005302744799999281,0.00185273819025631,6.217525761111818e-05,0.0035818101175058,0.00036726941397090675,0.00018662061088006737,4.475740472403421e-05,0.0005096202199731596,0.0005085377258307324,0.0005666599998884298,0.0002069463362740257
2021-07-13,-0.002511308816004695,-0.0053702265612277904,-0.003647655042816266,-0.0034090086488102,-0.002765427441990277,-0.0032270920212801512,-0.0034582435138358248,-0.0024153196347175346,-0.0023364706608430944,-0.0025004677680692242,-0.003160468532338252
2021-07-14,0.0062308684683119505,0.0032441343383395804,0.005893722160311897,0.0014923873925536,0.006205163027658431,0.006093862519006397,0.005994671475284471,0.006266329515178728,0.006264091700017002,0.006158413330393787,0.0062639847252133115
2021-07-15,0.001731488676753537,-0.0004053417676922799,0.002446926731064277,-0.0034156472331153,0.0021173012535855027,0.0026822572044028666,0.002983512071075935,0.001655876867956964,0.0015633197607588275,0.0016487314322682581,0.0026882602336469725
2021-07-16,-0.004536580208345614,-0.00572164319724234,-0.003264269967877503,-0.0078435437069482,-0.004227286115166456,-0.0038714049725920947,-0.003567703895256928,-0.004610514557492849,-0.004678620293402596,-0.00456290386468473,-0.004038318742413599
2021-07-19,0.005327245240012291,-0.005225278660196581,0.005014772693636727,-0.0147680457185732,0.005477320524205071,0.005106094436076082,0.005070204643015255,0.005222508387030603,0.005048539603833455,0.005101066766431513,0.005248891203031569
2021-07-20,0.0007189736587608285,0.007747959076195349,-0.0004607600234059466,0.0143303305186075,0.00045068329366537685,0.00041397608467892005,0.00026594790737285165,0.0007207244068352758,0.0007876829772654074,0.0008788848854547129,0.0003467538501084322
2021-07-21,-0.002927648199219296,0.0028918181799160734,-0.003017946431130369,0.0080965741132177,-0.003213357801333876,-0.0034114945843626457,-0.0035846491580976154,-0.002904105045972486,-0.002830679269811933,-0.002793147063253849,-0.003481973264816316
2021-07-22,0.005200433611255474,0.0004984968202395002,0.0036704349396689726,0.0020941470506001,0.004871230152440069,0.004205394416385079,0.0038282559089984954,0.005136732797753298,0.005071949574838326,0.0051628736829981425,0.004354161656249996
2021-07-23,0.0010262945104330529,0.0015290931153382299,-0.0004730018980559662,0.010287715769581,0.0006146901006957503,0.00015651939101531288,-0.00016550142149997032,0.0009974194699359485,0.001023758316063573,0.001145055019153362,0.00013808499796356922
2021-07-26,-0.0010321705982963413,-0.0019253845739423702,-0.0011458309609316583,0.0024550246140746,-0.001064796457256672,-0.0009843724567293625,-0.0009939927695735036,-0.0010483557490364227,-0.0010448312732172708,-0.000992999016316019,-0.0009957141621997423
2021-07-27,0.0007056443276441481,-0.00249186091804638,0.0034478135325161302,-0.0045576740973163,0.0014683471007521398,0.0026249999696657577,0.003313981895007259,0.0006571128892316347,0.0005813690115280272,0.0006127054989708573,0.002489160729951761
2021-07-28,0.0022426413036989515,0.005383571805290235,0.0016312573028964877,-0.0004101118986671,0.0019960894590824617,0.0014742347121580869,0.0012266133372778234,0.0023084458822977653,0.002353214472598411,0.0022274384390173637,0.0015570702191481023
2021-07-29,0.00015436517063113482,0.0025398384342767803,-0.00012022654465484821,0.0041473713832342,3.614471050168559e-05,5.804318277831248e-05,-3.48980144975735e-05,0.0003249570783949511,0.0004709840567360693,0.00018800559032447917,0.00018341192276201792
2021-07-30,-0.0009336247748155402,-0.0029645301533485304,-8.087345753112363e-05,-0.0048561221447172,-0.0006974962543014691,-0.00044313348659662287,-0.00024389581919314653,-0.0010528496343013088,-0.0011625455024806474,-0.0009757570583588471,-0.0005333722401492149
2021-08-02,0.003202801479542052,0.0018010638938778718,0.00351898882041736,-0.002098244046952,0.0031656336930225657,0.0029492208405813517,0.0028524802094112393,0.003121113699797989,0.0030337036031520765,0.0031440706139874994,0.00301116003070822
2021-08-03,0.001940950559486466,0.0032033142221875102,0.0016927567648532139,0.0081355077765961,0.0018550639409838957,0.0019085641672927224,0.0018546088352792034,0.0018917967845099742,0.0018782343909409696,0.002000761982228561,0.0018954692477331416
2021-08-04,0.0008506062604162519,-0.0014583965062228,-0.00038078237064811526,-0.0049188599424261,0.0005235618567044299,-0.00023745173424433792,-0.0005997585883044958,0.0008578718057414045,0.0008438325488775325,0.0008026564389988583,-0.00011029754011408961
2021-08-05,-0.0009877517613928305,0.00289011447701739,-0.002355199831848734,0.0063327708600455,-0.001362832050456028,-0.001741173097290938,-0.0020728803133893917,-0.0010231609968600597,-0.0010166082735534629,-0.0009048764390201387,-0.001666430858144246
2021-08-06,-0.011016990649415713,-0.006622937393485731,-0.009654730788651686,0.0016523357064239,-0.010713004019503354,-0.009908494561815816,-0.009475005220031368,-0.011203448863496805,-0.01128367215562077,-0.01086024928711092,-0.010302666766415416
2021-08-09,-0.003811974792329919,-0.00347933007828405,-0.0045547814171182045,-0.000813551787792,-0.004082831342907799,-0.004508882744163368,-0.004754446830341798,-0.004005159438028324,-0.0041328199659518,-0.0037581581219854163,-0.004565478962566133
2021-08-10,-0.0031204355624161245,-0.0016244253174637702,-0.0014911171280263973,0.0012441783685186,-0.0027389412145958233,-0.001923053401958964,-0.0015115351357326032,-0.003083063200387654,-0.003040817880057562,-0.0030880692665713532,-0.002044169802134818
2021-08-11,0.0019331520621692529,0.00369266984445061,0.0031335397390377965,0.0024847483055516,0.0021856036092072033,0.002706243083333556,0.0029626654757781016,0.002103807378561929,0.0022317929204933597,0.001922694633782218,0.0027272819780114685
2021-08-12,0.00044574116857114574,-0.00042582692961574996,-5.211380719120283e-06,0.0029971605885781,0.00038483761384685726,0.00030922880275150377,0.00027939834555724063,0.00044952656254752284,0.00046489116078051997,0.00047604198118146113,0.00026861886718681637
2021-08-13,0.00879066016264336,0.004782095095846111,0.008331969818213809,0.0018196246870949,0.008684853488488959,0.00838026548344352,0.008173466150335268,0.008833059087202253,0.008824415956032838,0.008689482894568022,0.008624130067603536
2021-08-16,0.002181976103950811,-0.00117676906561438,0.0016038712273032238,0.0023547352489836,0.002218979725051602,0.0023573241293685554,0.0023801722453232546,0.0022150935177251523,0.002238093111028346,0.0021754680736730606,0.0024143088437613295
2021-08-17,-0.0031635428616098088,-0.00604884237977521,-0.0022384039546944267,-0.0065554597357931,-0.0028307745376094126,-0.002354905865148027,-0.002048702260291691,-0.003150566316639804,-0.0031583520639167483,-0.0032070394256339396,-0.0024179443922529706
2021-08-18,-0.0021844705135009956,-0.0037723270988057503,-0.0010307049391999287,-0.0109447952586476,-0.0019653618027421845,-0.001859997728659966,-0.0017107920536156094,-0.002154835850455854,-0.00217331203758475,-0.002285500133981761,-0.0018321095388354773
2021-08-19,0.0033559253493395938,-0.0018769233637699603,0.0013409332510805174,0.0015482905311234,0.0030944139642776567,0.0025863075970401946,0.002288464847800475,0.003249641926353994,0.003159270909581688,0.003336447989160901,0.0026792090725935567
2021-08-20,0.003106943849418743,0.004424976857198519,0.0011384631797434824,0.0079571570133283,0.002651851732361045,0.00202989938365725,0.001598827854369904,0.003073411838762976,0.003069932492126377,0.003161818031342091,0.0021437830898687177
2021-08-23,0.006433455205184381,0.00778744081918855,0.003284131554491747,0.0087964393277968,0.005612274571650099,0.004357185187284708,0.0035544068925213884,0.0065563255978910995,0.006668300978184532,0.00647425617596822,0.004670845715771159
2021-08-24,-0.0017778566492540984,0.0021601688983394,-0.002345634450088288,0.0015871919645933,-0.0019765892137508945,-0.0022370412206493707,-0.0023825561262570427,-0.0017254319925791772,-0.0016630453750753607,-0.0017248335128840645,-0.0022466123092158945
2021-08-25,-0.0038833086501144703,-0.00141154910054331,-0.0037675854447835277,0.0020986161539069,-0.003887725818022241,-0.0037772818174215874,-0.0037133849286637324,-0.0039113643925688365,-0.0039024736781073203,-0.00380862792176177,-0.003908979239196078
2021-08-26,-0.0011042785267531103,-0.0033620822353849205,-0.000480771431078297,-0.0059032714496015,-0.000908568896719292,-0.0007056172382909265,-0.0005553246191795354,-0.0010872111087043787,-0.001099044249665179,-0.0011653703791404142,-0.0006930661068950448
2021-08-27,0.007963331275172542,0.01094943696284384,0.006877615361962298,0.0089409283530896,0.007710971377888259,0.007371356441604436,0.007106103548988087,0.008059216974519614,0.008132214594605707,0.007960104504941598,0.007550107893723163
2021-08-30,0.003779154882995658,0.0024732588600345196,0.001190914156281083,0.0043975979716515,0.0031748267335585086,0.00212117016802584,0.0015255958932666029,0.0036747832368293665,0.003606607612728552,0.0038101691881213436,0.0022317376056581123
2021-08-31,-0.002069252786316124,0.0008651720248663302,-0.0021366656244868,-0.0014813733385723,-0.0021178869232593434,-0.0021853988807397284,-0.0022023377251320798,-0.001979794292973861,-0.0019025518452853133,-0.002049988726098942,-0.0021929767097636755
2021-09-01,0.0009740584614469702,0.00502277450409961,0.0015887122746807362,0.0005313291493693,0.0009031709110117248,0.0007982912011469544,0.0007618759500621266,0.000992790703238843,0.0009914440004765246,0.0010166144980806968,0.0008435145306934595
2021-09-02,0.000620853820922162,0.00190262907890937,0.0017978450521471754,0.003076646890683,0.0009582340833273068,0.0014282214237768718,0.0016482804645905006,0.0006846117001815828,0.0006597047406798279,0.0007527035189314659,0.0013992532350330597
2021-09-03,0.0003699072887947297,0.00038077727385512,-0.0013006989175806468,-0.0002426619963358,-0.00011680574005698682,-0.0008908868031579132,-0.0013796695798799128,0.00018467265004586033,0.0002490151129196866,-1.7157944469963025e-05,-0.0009728432482838734
2021-09-07,-0.006459760300807109,-0.00504417001427717,-0.006306893279334291,-0.003575448867903,-0.006948891436875828,-0.007212273739555034,-0.007195042613586304,-0.006293796455902764,-0.006263177470314038,-0.006049882461876072,-0.006972565987296283
2021-09-08,0.0007652771557381075,-0.00228583689390466,0.0015096521306422197,-0.0012185378312673,0.0011271630473973764,0.0016392733928155313,0.001965984565693245,0.0008356113366686778,0.000787084107963059,0.0008947039613498688,0.0016497268157197732
2021-09-09,0.0033027845391961717,-0.0006276525178660899,0.004305837706079903,-0.004280078748351,0.003556280487693196,0.003747495155928302,0.003955648215668324,0.0033347422184032767,0.0032664784996789178,0.0033269025280795355,0.003814466515906196
2021-09-10,-0.006016365671341986,-0.0063152304546613,-0.0045711588683569875,-0.0078846129651146,-0.006057127931788536,-0.005702366672287558,-0.0053512141393441265,-0.006055537112409373,-0.00604765727972815,-0.006102341010525134,-0.005759595392922392
2021-09-13,0.0021142771119711428,0.00379259986201957,0.003272573805646759,0.0025592220985195,0.0024583792809093345,0.002776009832730242,0.002880493761013472,0.002120939549664155,0.002091755259407126,0.002109190602456264,0.0027153125266522063
2021-09-14,0.004162842547949155,-0.00099254881574605,0.003693037630775341,-0.0053963058573955,0.004282250074422716,0.003927386145415192,0.003732099781525538,0.004173754585761266,0.00410936344196859,0.004140073416690182,0.004043013798529286
2021-09-15,-0.0002767742138812465,0.0018513425054369303,-0.0010399076414694434,0.0083523338428233,-0.0004201986357838815,-0.00047508969325674925,-0.0005813174552304384,-0.0002090182342076993,-0.0001670851229868067,-8.685946903138242e-05,-0.0004514780163174157
2021-09-16,-0.006227947610415295,-0.00440150085566167,-0.00508796767741383,-0.0015851408663356,-0.00643587356911913,-0.00614109366076085,-0.005775422822011655,-0.005998504448335443,-0.005991678922778451,-0.005686277886697266,-0.005921751549822345
2021-09-17,-0.005626785744582832,-0.00581111312941866,-0.004448223978092584,-0.0097409868507667,-0.0053542261170709095,-0.0047378419012800415,-0.004281746914976618,-0.00569016661232237,-0.0057157963644938374,-0.0057935685107912815,-0.004860793875606115
2021-09-20,-0.0003911158907448681,-0.008488409367144291,0.001885290913872059,-0.0166741190725353,0.0005084839675156385,0.0014388836834733282,0.002060757793762072,-0.0004519106064205967,-0.0005884033662243823,-0.0006333059793545829,0.0013208389152422893
2021-09-21,0.001320665735290732,0.00246885007038224,0.0013142645298211608,-0.0009449223005562,0.001122633034567205,0.000719205776828078,0.0004840338886331799,0.0012408165866384176,0.0012551357090378368,0.0011436864447221153,0.0007096541477695673
2021-09-22,0.0035010738150256905,0.0067861266404584605,0.0027769714662500486,0.0097549427537739,0.0034775840945464936,0.0033497215149120513,0.003190068242952916,0.0036262986018659013,0.0036321512051726156,0.003798733565365215,0.0034572420698534
2021-09-23,-0.007146559527939916,0.0005706642170891603,-0.007259753339518664,0.0121500639529865,-0.007569214698272947,-0.007355461583500922,-0.007300023052360259,-0.007157707154183027,-0.0070216053619063966,-0.007071210408237953,-0.007506824986417325
2021-09-24,-0.0029638946280639827,-0.00503933870825901,-0.0038429708908868446,0.0016472164546268,-0.0031302061283013786,-0.00299490874913039,-0.0028931837729761468,-0.0030231070969891243,-0.0029735276289680128,-0.003065683510026704,-0.0030956236056831703
2021-09-27,-0.0034736458283084986,-0.0008009675890568702,-0.0015724509799752047,-0.0028611162048557,-0.0030603031975716313,-0.0022605555956473028,-0.0018003352872709342,-0.003556473998365643,-0.003569165659941197,-0.0036755658593165073,-0.002476105052284268
2021-09-28,-0.014553507406546672,-0.0152466798107169,-0.01117020130194853,-0.0201516782231622,-0.013775164296532975,-0.012216864794921258,-0.011227423919925702,-0.01466856861065188,-0.014714849445117294,-0.014854908269929992,-0.012550727847714552
2021-09-29,-0.0006885579822252455,-0.0008144289339504701,-7.665827128122141e-05,0.0016832194502423,-0.00039502556158268624,3.4966462790471246e-05,0.00023243817652243134,-0.0006284430554301093,-0.0006468793785043756,-0.0005605156837939106,6.293930823995128e-06
2021-09-30,0.0028534314127251293,-0.0021317539754601303,0.00047105329404985036,-0.0122223534104221,0.002318269224299029,0.0009568556757915241,0.0002166846112804855,0.002629746191312817,0.002629904045235645,0.002327428589366728,0.0010128493331737186
2021-10-01,0.0053180322807871916,0.007183233875293571,0.00582938710611034,0.0118840898695093,0.005478788496095385,0.006246579748225575,0.006667915457764475,0.00531308132988469,0.005302128528799578,0.005387022009221996,0.00627476639725447
2021-10-04,-0.006129807201964977,-0.0068691709024536005,-0.0027087290906381593,-0.0128959504948046,-0.00543316117116055,-0.003924037355338665,-0.002933464732361636,-0.006183683752369557,-0.0062286783483767715,-0.006430924068819965,-0.0041141167359005654
2021-10-05,-5.235699245733608e-05,0.0012834511378623295,-0.002433923686882969,0.010404965930189,-0.0006390056729660764,-0.0014498103481568785,-0.002029128921231211,1.2252599499873928e-05,7.985842075864552e-05,0.00011526259078449412,-0.0013830427328086878
2021-10-06,0.003692245115148594,0.0011515055514875702,0.0010810628727054088,0.0041561311727422,0.003566628192004955,0.0028731749514370767,0.0023521440843727913,0.003695057592504587,0.003694818071528621,0.003744659431396626,0.0029650721342413056
2021-10-07,-0.001861699445313933,0.00390680508660243,-0.0030408947544624068,0.008645695113947,-0.002293088862690603,-0.002644141805468195,-0.0029286009624134475,-0.0018071231775623625,-0.001749054352396032,-0.0017337427780752686,-0.002611867788410014
2021-10-08,-0.00357725473000772,-0.0033511356551171505,-0.002972748409111512,-0.0018239378374205,-0.003496730877040061,-0.0031625430577477353,-0.002998840993279587,-0.003573148278331471,-0.0035617527141748213,-0.0036672403379530323,-0.0032244145439170448
2021-10-11,-0.0038742626594843524,-0.0032053908366379705,-0.002750941425486808,-0.0072396549995239,-0.0037297505883943,-0.003452859110217225,-0.0032239712952713473,-0.003888961492896633,-0.0039025567161622902,-0.003937706429789261,-0.003500944043091191
2021-10-12,0.005014262091099482,0.00405834853203507,0.005940277751201961,-0.0024614657514153,0.0054153194846201696,0.005607562530806903,0.005719026572685737,0.0049585723381800435,0.004892034024730027,0.004986971887561892,0.0056694581196919565
2021-10-13,0.008400239656537942,0.00818972216517194,0.006712423661143172,0.0035975005747759,0.008337218210945917,0.007296671374214112,0.006576260091124988,0.00839362671517401,0.008395276893812451,0.00826158803065929,0.007301869420428953
2021-10-14,0.007324275347354026,0.00885382673228577,0.005132800277824588,0.0168207482870326,0.006923446214087763,0.006329245145095037,0.005868605471720466,0.00736625301366082,0.007405665089414929,0.007497151237186053,0.006428069227446788
2021-10-15,-0.003941254318247082,1.6399901199439838e-05,-0.0037276684700827947,0.0076157303937731,-0.0042379753729354305,-0.004098482388733529,-0.004045607251908262,-0.0039046834210465257,-0.0038792979245581343,-0.0036637556703615903,-0.003985714348032423
2021-10-18,0.003072105304611211,0.0008210209722003099,-0.0003358084452552318,0.0029605914379435,0.0026910732713050977,0.0013565812369639213,0.00047736270936126737,0.0030888758204018494,0.0030979674026226237,0.00323550524661364,0.0015119796647297796
2021-10-19,-0.0013546662229008588,0.0019180728071345903,-0.002904688406430967,0.0077147589480817,-0.0017413463772325407,-0.002141301783744578,-0.0024865325879839945,-0.0012977334722162259,-0.001225573014692628,-0.0013854179323594337,-0.0021940917978610164
2021-10-20,-0.0003690724274748303,0.0027470797764521902,-2.6863696941002106e-05,0.0039278448906092,-0.00027047133533856485,0.00016630217137683146,0.000337026222626779,-0.0003569681451979392,-0.00032974187125602017,-0.0005440987200382367,5.551621481391972e-05
2021-10-21,0.0005443802562498036,-0.0005395743622600699,-0.0018147973633675582,0.002608150324078,0.00027193468331027483,-0.00048135230175416934,-0.0009957646143012974,0.000565019984123035,0.0005853136334694893,0.0006164029883138399,-0.00041665629219934534
2021-10-22,0.0019345565416409942,0.0020484480313573503,0.004661891766925375,-0.0010362982811168,0.0025268635357337706,0.003559829028129004,0.004143893638263913,0.001880534415254518,0.0018232922352374701,0.001804538500535379,0.0035323471820847586
2021-10-25,0.004289906555610393,0.00385792042949852,0.0013602194230173301,0.0053629944618831,0.0039305480864929646,0.0029328937231448923,0.002271785168925935,0.004321459399578677,0.004360467158418084,0.004286820585850721,0.0029470410679477356
2021-10-26,0.001733875286677898,0.00024875242858444016,0.0020618485111939294,0.0008998766965302,0.001703953524653313,0.0016333682838112992,0.0016543561048824465,0.0017227277208956573,0.0016962747574776438,0.0019146128097139983,0.0017394879237616408
2021-10-27,0.006899135939482269,-0.0008510070316443494,0.005527541443578135,-0.0044299514946044,0.006965705240494364,0.006041706451724427,0.0055047835495174394,0.006857463515259996,0.00680152796589003,0.0069658361790372065,0.006179293151715933
2021-10-28,0.0016331589716707205,0.0057638923321591,6.559580975487177e-05,0.0096486688294414,0.001267394290567278,0.0006742926345304239,0.0002134340746389173,0.0016735847714786662,0.0017159033131283682,0.0017377819674425504,0.0007352820317748047
2021-10-29,0.0006398876310408773,-0.00304177517526667,-0.0009240813312217562,0.0020293340175423,0.00044358651036718313,-1.1337175354625938e-05,-0.00030025729525330565,0.0006476632121766108,0.0006436472201195515,0.0008323434081440064,0.00011594112008943215
2021-11-01,-0.00026510225758438364,0.004970829715371895,0.00014633892332745798,0.0017199805840422,-0.00039679428397629995,-0.0005909381101490889,-0.0005453426730584504,-0.0001625798635987608,-6.032746645140484e-05,0.0002402780010180034,-0.000385305232975108
2021-11-02,0.0029807891205654866,0.00125776587583107,0.0022351298729962154,0.0040430690931401,0.0028875141692646248,0.00280595279485458,0.002702750448722137,0.002909330449071285,0.0028382849078664807,0.0026396714816009767,0.002713721816928674
2021-11-03,-0.0013745465648015245,0.0026479070423569596,-0.002830646112628043,0.0061053628175484,-0.002009439733312331,-0.0028317486915985686,-0.0031462361814079925,-0.0014169690328952838,-0.0014585020910413875,-0.0015451688648032693,-0.0027456874567090223
2021-11-04,0.009674788116789162,0.0037214575385690002,0.0062405730376887455,0.004712391044692,0.00917105412360586,0.007872983478578014,0.0069612550707700074,0.009706849801225827,0.009738495296079524,0.009816412281460043,0.008034818759384391
2021-11-05,0.007494392486856742,0.00643138343915947,0.007743785632333015,0.0034697567566324,0.007882311606614727,0.00822483992447411,0.00817830419320376,0.007518677384672953,0.007542372924399601,0.007588095138505687,0.008124973708919615
2021-11-08,-0.0017632839254164792,0.00059859651655106,-0.0016400696692547069,0.0008535507174944,-0.0015701154114223827,-0.0013408583386978951,-0.0013754725504707375,-0.001713436593464736,-0.0016637826474548546,-0.0015206380490096142,-0.0013652604182133874
2021-11-09,0.003294837599728811,0.00048589447957056014,0.004142378790078419,-0.0033052349035026,0.003772457642475266,0.0042584951814216895,0.004308977030420935,0.0032694887293502456,0.0032436611365703697,0.0031428786143363426,0.004055954384391176
2021-11-10,-0.010684822331708164,-0.00855708196155222,-0.008450287467635606,-0.0080449431567007,-0.009968043333227112,-0.008708435704044943,-0.008054312114393902,-0.010402137389824788,-0.010120751540248442,-0.00931879327893523,-0.008435548725778598
2021-11-11,0.00013562863849006838,0.00316904246512232,-0.0008227081473116669,0.0003233573223373,8.922044589315035e-06,-0.00046724467220658923,-0.0008486829137484379,0.00020705524040449898,0.0002781234858230116,0.0004792954587526856,-0.0003696867389356913
2021-11-12,0.002970773412575874,0.0025028269738621304,0.0011171576806453644,0.0075468930605919,0.0025988127484628696,0.0019332561217813786,0.0014410076662573867,0.0029934202961614054,0.0030163927130913014,0.0031014775417178573,0.0020019606180694703
2021-11-15,-0.004755296364855421,-0.00275687942619398,-0.005282918653383361,0.0003427032249279,-0.004807147487603856,-0.004854507638965301,-0.0049881283529819645,-0.00468410188909977,-0.004612835839852506,-0.004391521389870456,-0.004783155472488863
2021-11-16,0.0004134521080621453,-0.0006872294017247799,-0.0017905310307743372,0.0039577714235381,-1.9290707076720023e-05,-0.000717768476512248,-0.001225323493309614,0.00033583880012048395,0.0002589419576088639,5.620895214373742e-05,-0.0007726957536355675
2021-11-17,0.004374993487037491,0.0006344060608234201,0.004036849385878465,-0.0024292207267978,0.0043611773185259165,0.004092152568483074,0.003981080181115781,0.004429235635906626,0.004482752560321047,0.0046135489715627385,0.004228469687534974
2021-11-18,0.003969628696177432,0.00019177193201224004,0.0013233273722027677,0.0033965370242559,0.0033433855303461463,0.0021874199253108556,0.0015384788286810355,0.0038938028826991664,0.003818417557819462,0.0036077683728440767,0.0022297912513769835
2021-11-19,0.00435602439335776,-0.00119249263503027,0.0014563316904438687,-0.0017883829525876,0.0037743104197205577,0.0026339285414323393,0.001977839243792066,0.004202892992278508,0.004050202595880512,0.003603036536930909,0.0025785246438193264
2021-11-22,-0.011476652765726012,-0.00876942572222263,-0.009611491231976844,-0.0028152419142228,-0.011114366607877015,-0.010031608826560966,-0.009499441657405338,-0.011630300641018231,-0.011782683056609946,-0.012191441185704206,-0.010430767892903417
2021-11-23,-0.0074378454800528414,-0.00332261989449601,-0.006213353583163434,0.001326078535174,-0.007205830768985247,-0.006460333723328961,-0.00608702636334274,-0.007435687573035747,-0.0074329327194857225,-0.007397376403832033,-0.0065683031757825215
2021-11-24,0.0060842661818070925,0.0034049167204726603,0.004059568516149458,0.0026697783028721,0.006064838840006349,0.005713107006990119,0.005138183961741217,0.0059484457660376674,0.005812922412502407,0.005411743424311084,0.005430030801165976
2021-11-26,0.00432437868735926,-0.01224970898507481,0.0049747936455184095,-0.0223030816011432,0.00460764864576029,0.004750954164660505,0.0050632955334647765,0.004213854324017632,0.00410215456636524,0.0037069591379988906,0.00472431122896784
2021-11-29,0.0037458667131802146,0.0038714329396636604,-0.0003626836678780218,0.0122666913639097,0.0027202596520385937,0.0010988631082925124,0.00020361138290118474,0.0037396621033817423,0.0037342791681507998,0.0037551475145569777,0.001331073629904961
2021-11-30,0.00030759112324196835,-0.006659951106586289,0.0013150532245211333,-0.019457677325806,0.00030171827382533965,1.1994514201790502e-05,0.00019486226249726141,0.00020116670751626207,9.404119987666611e-05,-0.0002656041655665777,4.493537366777323e-06
2021-12-01,-0.002618196495573042,-0.005697113586013881,0.0004391931928391014,-0.0111071419130407,-0.002381553759042932,-0.0011536987693932293,-8.633595043634713e-05,-0.002574537124593904,-0.0025317234641614706,-0.002432690540563655,-0.0009440049873631822
2021-12-02,0.0014843750430054954,0.010099133099535541,0.002049251192903401,0.0153162220606917,0.001184718277588453,0.0019415243248871933,0.002519222597807812,0.0013564761933031516,0.0012299101313048388,0.0008897102198767682,0.00206975482539113
2021-12-03,0.0005621097832998081,-0.00336323237907973,0.005360446084559815,-0.0087011486777177,0.0008333049484574636,0.0027869781922148828,0.004614624325053428,0.0006043756321180518,0.0006457003033486244,0.0007362140669746214,0.0031528651456104624
2021-12-06,-0.002859127986890835,0.004859628617219121,-0.0030416504417434473,0.0118432927954594,-0.003108983825843699,-0.0028697244841486575,-0.002699106719881712,-0.0028369692117503663,-0.002814163667452231,-0.002716820707042243,-0.0026905919647506734
2021-12-07,0.006484373334207864,0.011742913477555891,0.0021499050969392293,0.0206845800885093,0.006190288318410138,0.004173630423493252,0.002330909837708477,0.006497957619821035,0.006512348234851087,0.006589955749027744,0.003875502335972746
2021-12-08,-0.004158783214986422,4.110802043990995e-05,-0.004663196532134651,0.0026479274096595,-0.004240573231095817,-0.004506429012937995,-0.004680809078366372,-0.0040440147724587405,-0.003929422358661387,-0.003579521387378182,-0.004384737562209747
2021-12-09,-0.002967096160608486,-0.007046564492682589,-0.0007720955114062883,-0.00675141152076,-0.002924759539830905,-0.0016613098910042957,-0.0005841917119534265,-0.0030453558203899496,-0.00312345637216653,-0.0033603412400311002,-0.00150632370971103
2021-12-10,0.00346423648509413,0.0027182484413159802,0.0016988462185897973,0.0094134755258221,0.0033664539099783368,0.0029410001227217057,0.0025285887728211036,0.0034897972712222766,0.00351555026547195,0.0036036042521126192,0.002916719386058967
2021-12-13,0.0012031609091906355,-0.0027167920688348497,0.003311795678710068,-0.0088584290697522,0.0014110841088345962,0.0024921418240677388,0.003405119704162805,0.0011628520533605215,0.0011220838433442736,0.0009763879550914257,0.0025807057711009344
2021-12-14,-0.005446550085217124,-0.006416770531207091,-0.004236010269225921,-0.0068799725091299,-0.005464790522759679,-0.004919144470326684,-0.00443147577348646,-0.005504125205897381,-0.005561439633457945,-0.005729429428404818,-0.004861092267395463
2021-12-15,0.004571012443718069,0.007351299462057351,0.0016954586326090695,0.0156250384140785,0.004359188968553128,0.003014391103153846,0.0018671323315860202,0.00462292477329946,0.004675265953208196,0.004855782020301385,0.0028844279551724587
2021-12-16,-0.005510301856379217,-0.0038374412981226373,0.0016055592689133073,-0.0088186677142437,-0.005223375939510305,-0.002091044370506429,0.0006767996887959124,-0.005348191360763574,-0.005187500009239622,-0.004744479701099245,-0.001353458786544839
2021-12-17,0.0017951194242821896,-0.00114989358294674,0.0004629488669898452,-0.0106428935418277,0.001962466028848001,0.0012503000936349962,0.0006265008662969698,0.001735238572623845,0.001675086965895357,0.0014766594650485476,0.0009560686323599706
2021-12-20,-0.005848200589330211,-0.007627030544516051,-0.004135196238227307,-0.010633324134106,-0.005759480254851235,-0.005556971118044487,-0.005254814084091562,-0.005800808244358199,-0.005753844853357597,-0.005624945423818377,-0.0054784322770488805
2021-12-21,0.004759117716004152,0.01017274518913995,0.001367959089687689,0.0177591752471493,0.004472021057887316,0.003271554972620923,0.0021667967038026077,0.004711805360382399,0.00466549863048049,0.004562080538176885,0.0030762976881199295
2021-12-22,0.006426781670564725,0.00726994885262768,0.004345463214486174,0.009998399533238,0.0064043637345634445,0.005680772954842232,0.004862973179440045,0.006457383348563734,0.006487939863430334,0.006581314483513614,0.005545478673942367
2021-12-23,-0.0003292929540010629,0.0021739117531807003,-0.0008688182432647559,0.0062224715085119,-0.00042031864302126783,-0.0006789611993422242,-0.0008763535664928709,-0.0002693150950411886,-0.00020928880358723605,-2.0286699331114748e-05,-0.0006202598380212501
2021-12-27,0.006227907885932392,0.007738522545677231,0.0035187772608240263,0.0141517730379143,0.006048056354284133,0.005233558859601471,0.004411366992528923,0.006181690863119019,0.006136163602658916,0.006022337912471207,0.005067571041011131
2021-12-28,-0.0030126883049468325,-0.00204945964506739,-0.0015188597992086997,-0.0008171991157803,-0.0030650749113340483,-0.002408496977017802,-0.0017758339986202586,-0.003028669255274445,-0.0030444402090624837,-0.0030850463681558167,-0.0022563613906952974
2021-12-29,-0.004527259327840599,-0.00177795967962687,-0.004444818660501339,0.0012793419734145,-0.004580894815461216,-0.004407422035653837,-0.004255406736255028,-0.0044600682209364325,-0.004392963441970086,-0.004187382228387404,-0.004268484604391883
2021-12-30,0.0031207722293415327,0.0030036757894884407,0.0035759175145814014,-0.0027644940818918,0.0032759937872761497,0.0034642373589093244,0.0036074057741240723,0.003151095790642245,0.0031808585428602433,0.00325080465317663,0.0034698373449286017
2021-12-31,-0.0009501049751475437,-0.0007773116524933698,0.00011933569302728262,-0.0025201990902108,-0.0008208056675100655,-0.00023350155877519305,0.00018727033660776097,-0.0008801359985178792,-0.0008107954179924996,-0.0006202767670542195,-9.55583338264523e-05
2022-01-03,-0.008611660753888924,-0.0027457013198452403,-0.009994021728952196,0.0057899544277022,-0.008965316364831267,-0.009765657755894885,-0.01033620019794896,-0.008619037192340112,-0.00862535845147313,-0.008602173385374869,-0.009773489368336271
2022-01-04,-0.004333196710461279,-0.0010283014709933603,0.0008365961332258973,-0.0003348547998434,-0.004247616260298118,-0.0019678072935091985,9.777875494526903e-05,-0.004223744455014423,-0.004114935838075463,-0.003802059518895007,-0.0013804316254654061
2022-01-05,-0.012614358238746287,-0.01560362868772984,-0.006467925817515884,-0.0192021918195253,-0.012373719884954839,-0.009991483539634534,-0.0077853634941189576,-0.012534683406509583,-0.01245599579406231,-0.012250935224150505,-0.00947673513719069
2022-01-06,-0.001667071248835082,-0.00089752487509124,-0.0027346621561023447,-0.0009394014726015,-0.0017984891320255748,-0.002058853526112339,-0.0023087963569726126,-0.001813361515579431,-0.00195874197480891,-0.002374754444800102,-0.0022324293625788257
2022-01-07,-0.005712973275109739,-0.00311773943328511,-0.0026045625810256377,-0.003953548850726,-0.005615720159064146,-0.00436840073164132,-0.0032716889510250764,-0.005598914074184765,-0.0054855490754647535,-0.005160530532337367,-0.004010075514406739
2022-01-10,0.001103759457068708,-0.0014779508822999401,-0.0005815644599320092,-0.0012442152342047,0.001167590308737576,0.0007963899146247153,0.00039434079548779984,0.001124422533312002,0.0011448254425247607,0.0011978252823299004,0.0007028424170306517
2022-01-11,0.008547680528547721,0.009444026067203331,0.0058229700514369105,0.0091081602918043,0.008577809466026624,0.007338481725120208,0.00607803621109455,0.008596455638355685,0.008644967215270938,0.008785413104555885,0.0070932184478965255
2022-01-12,0.0005608301171891284,0.00250509758757387,0.0008417307678483632,0.0027033800881701,0.0005418942249367922,0.0003310419129060971,0.0001509838922828168,0.0006052529849691769,0.0006495707168213446,0.0007833862165285367,0.00034704112006771713
2022-01-13,-0.004787302040488735,-0.00595639258719756,0.0006517728501948237,-0.0137784090126605,-0.004594573630231039,-0.002355352381286868,-0.0002861648235197643,-0.004831627948290481,-0.00487635453022006,-0.0050319994844864845,-0.001997562024355571
2022-01-14,-0.004579579031311823,-0.00361242804178013,-0.006853167346171729,0.0004090094632835,-0.004663833816646878,-0.0057146010397232105,-0.006647666464868481,-0.004507998577104307,-0.004436431227286762,-0.004213969522297332,-0.005820114792413388
2022-01-18,-0.014010287474712575,-0.01485875120577455,-0.009922912561477901,-0.0177096110380425,-0.013799542025820183,-0.012117270931430498,-0.010512114233079638,-0.013862124840094022,-0.013715109482913802,-0.013303653392048401,-0.011656742842384995
2022-01-19,0.0009207584819151424,-0.00209580478599154,0.0030422772872711512,-0.0103835890069975,0.0012970253208352497,0.0018035726013134877,0.0022096397207203595,0.0010846890111386152,0.0012469339921152211,0.001683968845864234,0.001936094001501735
2022-01-20,-0.0020718764226186188,-0.004872830442023661,-0.00035073641406732723,-0.0110679833172187,-0.001916875486673934,-0.0014218209923368508,-0.0009876103023252918,-0.0020983404077786695,-0.0021251597583181745,-0.002223166889248591,-0.001414109834578757
2022-01-21,-0.004092189772025345,-0.007560888589117611,0.001553437734546378,-0.0196306664031791,-0.0037999715318361264,-0.0017071437894185927,0.00035779356919334255,-0.004133176719317606,-0.004174865740055723,-0.004333294579407099,-0.00140162258061144
2022-01-24,-0.00040097374099665916,0.0003025408927252403,-0.0021680851406978147,0.0042465770974235,-0.00042005294388620446,-0.0005360758324543466,-0.0006657019971917954,-0.0003015437430097401,-0.00020241684518678804,9.413161965602605e-05,-0.0004399984318851969
2022-01-25,-0.007634054383078168,-0.006322036439761369,-0.002634951884381783,-0.0122088357915052,-0.0074121141188426215,-0.005274246122056115,-0.003353430089646014,-0.00754094700913862,-0.007448820917157755,-0.007201646542963626,-0.004798074639531728
2022-01-26,-0.00773613998502796,-0.00927880358220324,-0.008152350401934136,-0.002508809611756,-0.00793343112761602,-0.008154397632157051,-0.008252001042207224,-0.007817348725067987,-0.007897690784921963,-0.0081128049801419,-0.008197776311834668
2022-01-27,0.0016202409685554997,-0.005854231912624331,0.0021004306767288764,-0.0049381121328568,0.0015856117115367818,0.0020612084139768764,0.0023347863745460996,0.0013736232362027362,0.001127995637133681,0.0004028908861754779,0.0018675595173464222
2022-01-28,0.010288430436664945,0.011706573084392321,0.003251816850771367,0.0248355784436318,0.00987276919095696,0.007874964334135006,0.005902857140248722,0.010157254435053638,0.010027760428973595,0.009692628837058393,0.007442388984368217
2022-01-31,0.009190177204329759,0.01415466949199253,0.0031399323332765806,0.0180109377362174,0.008974695865716404,0.006263409395936868,0.0037787107417310826,0.009219712083031028,0.009249767154029094,0.009364554729720018,0.005797164339077355
2022-02-01,0.0015649916265473263,0.0033981179982397504,0.0011847723381824826,0.0067570231957416,0.0012136323211349243,0.0009627977908418995,0.0008792753580061976,0.0014124106387244056,0.0013659812182148707,0.001272574126514763,0.0010098145073554545
2022-02-02,0.005167228882815168,0.0035616732768877393,0.0032125467510752985,0.0097140269518061,0.004709305542534981,0.004801858754772249,0.004125194600063688,0.004855871336404878,0.004789675758274757,0.004694178055248143,0.004493949431087234
2022-02-03,-0.01761707630898905,-0.01415817061084602,-0.008277348003322122,-0.0235050172214346,-0.01614249132088172,-0.012465139021708808,-0.009646530199371658,-0.01687800050852315,-0.016685672619148054,-0.016340155025879537,-0.012239125800347833
2022-02-04,-0.0013053625483507184,-0.0014253532341854502,-0.005967913080222802,0.0047021744370401,-0.0017695467659464502,-0.0035189638131769762,-0.00510135818820225,-0.0013661414400852798,-0.0013893072505668075,-0.0014408572302813118,-0.00360912570852318
2022-02-07,-0.0015677882322490972,0.00020649115619088016,0.0013941429199621537,-0.0032091172585539,-0.0013233034581208105,-0.00021143008956310566,0.0006981454352411217,-0.0015391487357208403,-0.0014865523845080308,-0.0013209748544100275,-8.775699165423857e-05
2022-02-08,0.0019733764432703855,0.0036037157601233995,-0.0011917422875713883,0.0082278832580682,0.0014632087597638717,0.0006252716957845188,-0.0003563534626155856,0.00176877708033481,0.0017192009273432737,0.0016369188088615671,0.0004961385935133187
2022-02-09,0.008955115051490853,0.01193063442600248,0.0048696821603151415,0.0146360602442567,0.008105344535555283,0.006550383281365217,0.005171848593114358,0.008516460745765748,0.008410705288571211,0.008234310323460574,0.006398859805597642
2022-02-10,-0.015294273375670981,-0.014138341794973992,-0.011728054485305187,-0.0179656878329889,-0.014429418915123143,-0.013309777175498685,-0.012409930494761055,-0.014716490537723163,-0.014581042554472824,-0.014360334393709257,-0.013157909253502787
2022-02-11,-0.0027508342148128326,-0.004926781615755711,0.00604769200768719,-0.0197188411753865,-0.0011371027715281305,0.002184265997062073,0.004886574381903956,-0.002161730854040223,-0.001909507798875906,-0.0013020031691043923,0.0024719672505620046
2022-02-14,-0.00419629728090932,-0.005097246028677151,-0.006310679483667604,-0.0032693000297416,-0.004206310762650548,-0.0049933770863263265,-0.005671892119325365,-0.004104480312647041,-0.004054229591416131,-0.003921236755391317,-0.004948658817285038
2022-02-15,0.003981336013497108,0.00879937569408681,-0.0015895836964458683,0.016126917210179,0.0031991337583994538,0.0007952729354261359,-0.0012186886182738229,0.003909654629970023,0.003781171863607203,0.0033790836236465413,0.0005936335286289301
2022-02-16,0.003395968600873401,0.00384379971629396,0.003580723890285925,0.0011208236396071,0.003288263677855129,0.003763209200648544,0.0036798418870566136,0.003157187021651426,0.003170750246267458,0.0033139108623420335,0.003639013208415292
2022-02-17,-0.006072814102038186,-0.00879240281073438,0.0009488264079445772,-0.0213614976251648,-0.004586052417324797,-0.002062363994317143,-4.827232814541235e-05,-0.005454085761420731,-0.0052158834108920445,-0.004667337346270978,-0.0018350275082124072
2022-02-18,-0.00047757065719728056,-0.0031236449801039096,0.0019755467941090146,-0.006474960980889,-0.00021400710825328427,0.0010094144410242633,0.0017001576359767963,-0.0005470429250684074,-0.0005279350408841318,-0.00043652081521464853,0.0009093078639755203
2022-02-22,-0.0030412191071412355,-0.006102903089636437,-0.0018614226962789273,-0.0107315437219132,-0.0025972212764352265,-0.002312675552297938,-0.0019522111648912841,-0.0028855248212308515,-0.002806744626488314,-0.002605637976988188,-0.0022260907812787227
2022-02-23,-0.013759058083345535,-0.012200807908868922,-0.007651204644024199,-0.0177386585349003,-0.012554047770423325,-0.010687370979313039,-0.00902826768726186,-0.01300367893736112,-0.012809376584444514,-0.01246277323014373,-0.010381784072901575
2022-02-24,0.011357376476400541,0.005891939439981829,0.001207168264858064,0.0150490650004893,0.010463967244841816,0.006541313616629733,0.004127008017982841,0.011137651990649672,0.011011067276969497,0.010674802855833148,0.006542600339925805
2022-02-25,0.006472230640826656,0.012888462926997211,0.005126870043202853,0.0220639935553446,0.005304313211854798,0.00574726965271424,0.005387355333048102,0.0057783627761500795,0.005575905616672879,0.005178181763991905,0.005421820065933073
2022-02-28,0.01042419048746357,0.0011799847302007597,0.008298152969450471,-0.0025585467999493,0.010604975042156996,0.010169421663189215,0.009891080940230043,0.010282026176816068,0.010325880141350826,0.010529959464508291,0.010130081560032592
2022-03-01,0.0032422066002898747,-0.00468804541557438,0.004072387651661847,-0.0152302834486389,0.004313213587110783,0.004677240437311666,0.005010598375501238,0.0034051537527245877,0.0032406767648961977,0.0028239179755499087,0.0044813756683561076
2022-03-02,-0.007639858106532388,0.0017191517160251991,-0.011387759654174805,0.0183963245820617,-0.008195628754651962,-0.00904800206355676,-0.01007793237660469,-0.0074145935256684226,-0.007464224417984104,-0.007597192229591195,-0.008977234196642125
2022-03-03,0.0002734115463705151,-0.0032619856474238196,0.0017882406588505095,-0.0049785786904448,0.0004956287826544475,0.0023698983875039127,0.0034622004510626975,4.350195590961713e-05,-1.5729690897618113e-05,-0.00014120397355269192,0.0022099290424111117
2022-03-04,0.005119497352269648,-0.0038786539498753703,0.003853018207697136,-0.0081246399945927,0.0054538925696068835,0.00695812249030879,0.0071654415215940265,0.004827933636809605,0.0046723150183046475,0.004317166785490389,0.006707459091181179
2022-03-07,-0.011760457992897126,-0.01892905842209553,-0.00919377369113795,-0.0294792047929702,-0.01053003048939036,-0.0091919646644078,-0.00837059354506698,-0.011705573951572642,-0.012089546792278751,-0.013028323806523169,-0.009565771392066878
2022-03-08,0.001907010351682668,0.00052190430125357,-0.0008781052246802357,-0.0075816509277846,0.00025348615791362687,-0.0007323256161715073,-0.0016014393695412165,0.0006872098259057481,-9.028099468599924e-05,-0.0018678478610028996,-0.0009838369114120078
2022-03-09,0.001470855729670097,0.013257151832956282,0.00010984005204586582,0.0268109259625046,0.0006452135372797818,-0.0012634736143325679,-0.0023183313361721755,0.0018867451066927245,0.0024060703873130477,0.003633662021227279,-0.0007978428299664545
2022-03-10,-0.007423857096962362,-0.00728797829100571,-0.0073877639847240335,-0.0045155070731182,-0.006648282492198588,-0.005896227381954916,-0.00584033887264584,-0.007096326660386492,-0.007216610238501986,-0.0075356894744003375,-0.006069439335303019
2022-03-11,-0.008001336820680932,-0.009345763157173531,-0.002855514370881807,-0.0127152536773301,-0.006854864163379027,-0.005110665482039379,-0.003660330565313684,-0.007622422507933747,-0.007462047313451828,-0.007108689164193964,-0.005187235176196378
2022-03-14,-0.01809279529424987,-0.01353418462899987,-0.01206640610861329,-0.0073083561097756,-0.016826022386762292,-0.015161468388419239,-0.014040314083122066,-0.017395840682540225,-0.017280236505723693,-0.017059005407907914,-0.01525539665133609
2022-03-15,0.0054435984084225475,0.0073910003248705,0.0018905251009700445,0.0219905828423798,0.004792778210035124,0.003022861517606695,0.002321588621144746,0.005744073155306369,0.006142759538974752,0.007086239794050143,0.0034125359894210264
2022-03-16,0.01721274450625766,0.024225821537830844,0.00957523784453107,0.0221741913241484,0.013446013780581797,0.010757500689575284,0.008604873796519134,0.01548784494387548,0.015190856719398812,0.014624046772725049,0.01098452810486216
2022-03-17,0.0034568397176618043,0.00643876416439902,0.0032862396171949425,0.0125107847099392,0.0026288987146716,0.002230003190278902,0.0028090784189633406,0.0031534037394315454,0.0030001101672434173,0.0026578208991311207,0.0023004133371294943
2022-03-18,0.008431373142930937,0.00743211640518712,0.0038890536540242314,0.0109529427899008,0.00728754940216114,0.005942982895811187,0.004470580228305591,0.008102339609286632,0.008305991368286485,0.008828506857295281,0.00615492912287324
2022-03-21,-0.006600056825419904,-0.00820875784507378,-0.010167381241210614,-0.0002924054237569,-0.007579268570568353,-0.007891646275177442,-0.008538214146065337,-0.007153194961170213,-0.0076019170270840535,-0.00863816148540366,-0.008048928572296925
2022-03-22,0.0006052373084687033,0.00435259061181914,-0.0029689983965198088,0.0117014569614484,2.8643531545939713e-05,-0.0017811220954128343,-0.0028292381725784463,0.0007316897387694777,0.0007883536070131167,0.0009179673176722227,-0.001592332480770027
2022-03-23,0.0054086749457229535,-0.00302517038214828,0.005069083965156917,-0.0128785372575305,0.004814871059942121,0.00572465519536162,0.005789293023374928,0.004579907265850886,0.004354958806244343,0.00387764116627391,0.005539900981399031
2022-03-24,0.006959220965758963,0.0064029682007750305,0.0005316255411435115,0.0150743499488479,0.004754904228488644,0.0029924399214446653,0.0016495339943887303,0.006003367982220159,0.005674993647148515,0.004965938897017092,0.0030708604646955562
2022-03-25,-0.005807319059983432,-0.00256230300083332,-0.006977922045956963,0.0048836285757944,-0.006685763025788544,-0.006132145184328003,-0.006105197363073668,-0.006232158533435145,-0.006383697885667848,-0.006711229806890964,-0.006181279600169589
2022-03-28,0.0030175925150930562,0.00317795803144137,0.0010448985524410181,0.0071129938720986,0.00297034322620219,0.0018937231381715147,0.0014501632997150553,0.0033617799525741203,0.003797567165832728,0.004823731169753371,0.0021913713448404866
2022-03-29,0.008739536577026533,0.014630440855372372,0.008066667811994964,0.0123707988665775,0.00806634963661118,0.0072523062951718575,0.00679065649501313,0.008568772792870437,0.008646011657354707,0.008848947141202065,0.007388271214587959
2022-03-30,0.0009756098150684214,-0.0029400414641035594,0.0029133248656184997,-0.0061746859871434,0.0011845362283325834,0.0022329853982638666,0.002830276541710137,0.0007961041699321566,0.0006929000996905763,0.00045654290788400376,0.002095442073266715
2022-03-31,-0.0038570553792013486,-0.007980648758770371,-0.002680481185177358,-0.0153912934128225,-0.0027021735358383867,-0.002901252589164788,-0.0027577317385222015,-0.0033748235104555054,-0.0033109998613749035,-0.003201058653534652,-0.0029375129716578746
2022-04-01,-0.0010852643832539842,0.005187738438781651,-0.00033123642829910316,0.0028340001554956,-0.004057791517101372,-0.002690596010406463,-0.0016591344965493381,-0.001666265392509494,-0.0018687778871277385,-0.002844152938524521,-0.0024981258951818565
2022-04-04,0.006877373389432919,0.0048299342808800095,0.0015657814670316707,0.0085665672079926,0.006805912537616618,0.0037100665774348427,0.001986393306181271,0.0069282283073666216,0.006834001253827091,0.0067068343241660795,0.003512407212899328
2022-04-05,-0.016276555140869935,-0.015366619908136852,-0.01405267006428218,-0.0126313126569287,-0.01433160007521947,-0.013423337946173633,-0.013191233099990856,-0.01585750243356597,-0.01577861750869836,-0.015202657575342216,-0.01372417033136836
2022-04-06,-0.00929698827141524,-0.0074189675347528915,-0.005262488592330602,-0.0099993017607815,-0.007682105777204242,-0.0058839389521255885,-0.004850800862571463,-0.008991498394161019,-0.008867487563181653,-0.00832135577587727,-0.006091531859079421
2022-04-07,0.00047791653398434296,-0.00223821635269367,-0.0016302490713455298,0.005038925002299,0.00040673732528447596,0.0001750819350617419,-0.00039109564338039035,0.0005165406045179064,0.00043926900561040423,0.00033185241659081327,-2.2918424106373745e-05
2022-04-08,-0.005580850876071634,-0.00391794810365181,-0.004065937873214177,-0.0026739480169173,-0.004880513700222199,-0.0036433722469860937,-0.003352525413292312,-0.005410895074251311,-0.005408769957176351,-0.005231881788779252,-0.003962495149056821
2022-04-11,-0.01210495719910367,-0.010664148866500911,-0.007613440607272308,-0.0170923116889571,-0.008637618106938163,-0.008285818393764605,-0.008047359400564318,-0.011437258787795316,-0.011187227123560071,-0.010033461836477844,-0.008689656004895806
2022-04-12,0.00017996128949463483,-0.0005080694341004103,0.0014257366606525695,-0.0037052673109326,0.002334841941491585,0.002076938927280664,0.0019504060340563394,0.0005885089403770314,0.0007527393702620342,0.0014800425703238808,0.0018988370013226117
2022-04-13,0.009578306252286693,0.00959673005579492,0.004936147993869447,0.0114536301636702,0.00844123205361384,0.006457451367423085,0.005198027507919083,0.009396906583854524,0.00926312856438291,0.0088246599115928,0.006422682944964573
2022-04-14,-0.014877515573905594,-0.01108373047025895,-0.01003604662146921,-0.0124515967960873,-0.012524538183068158,-0.011430014212396197,-0.010755899589935372,-0.014389143148052385,-0.014268081090927507,-0.013541546701497325,-0.011742942682531732
2022-04-18,-0.0001252861202401636,-0.00312246409588584,-0.0034859145750393518,0.0004110077096626,-0.00018408110016288135,-0.0007096446392252712,-0.0015920491086046076,-0.00011425548511448521,-0.00014930865861840505,-0.00020463798313303844,-0.0008558656465190902
2022-04-19,0.0022620597960762785,0.00428363010196832,-0.0051863377988815434,0.0161426078130844,-0.0004530786588396599,-0.0017400777906408844,-0.0030827298383725795,0.0018336564923528216,0.0015076722597692576,0.00045308715618468196,-0.0015530282242837406
2022-04-20,0.0024178753213387346,0.004908263122916831,0.008773608734885727,-0.0007415659676218,0.0013577338840770996,0.005051815866116882,0.007428016582543007,0.0021250633991984477,0.002170838643230053,0.0019599378521762776,0.00530620817429047
2022-04-21,-0.011220721395966275,-0.012210955972240312,-0.008033735324850057,-0.0149533488988475,-0.009703220745258838,-0.008641318350793976,-0.008141601922400293,-0.010957701847277039,-0.010808018109404561,-0.01025634108443883,-0.008729326419709247
2022-04-22,-0.01605181354528227,-0.013894542415521221,-0.0063164426937164005,-0.0274392057655893,-0.011347208635532183,-0.011035389537738107,-0.009691941532087458,-0.015226891863343788,-0.014775933224241155,-0.013080806400506977,-0.011003490068792941
2022-04-25,0.001913679233712805,0.00195877454490686,0.003239961334723464,0.0057975990417478,0.0013714444939125275,0.0013486019528011794,0.0022281010517677005,0.0017909021388681882,0.0017771108802791865,0.0016260578134731068,0.001881884316324787
2022-04-26,-0.011936792660369795,-0.01467413168997835,-0.001979554903974943,-0.0289607218234284,-0.008026525905223826,-0.005246297743939979,-0.003059727267872644,-0.011340641100832308,-0.010842462996475438,-0.009290361372743422,-0.005148440963900427
2022-04-27,-0.005714354943699542,-0.0028474479749514402,-0.005977403344562212,0.0028117032251286,-0.005513002994415663,-0.005279172262931977,-0.005499589579818635,-0.005610042377753971,-0.005685868631607803,-0.0057237327230932455,-0.005356326520801933
2022-04-28,0.015974739553791775,0.01348699338893189,0.004823348596018388,0.0252593285276412,0.0120914201020455,0.009523868275585018,0.007315948439367124,0.015320170050138606,0.014911618381338941,0.013470257487254349,0.009490739062557905
2022-04-29,-0.021855233665942983,-0.019431480087261074,-0.010177816761202977,-0.0369555967207886,-0.016531081458224385,-0.015120640999569229,-0.013703785009891617,-0.020921897636832047,-0.020411250264628648,-0.018492542198416805,-0.015409566813025966
2022-05-02,-0.004436520344966856,-0.00440879978154048,-0.008315753312722982,0.0060194963814117,-0.004420494037119197,-0.006833969560439586,-0.00801579572012087,-0.004335993373890474,-0.004469161132679977,-0.0046197375410491955,-0.006769282886041831
2022-05-03,0.0035299495308377202,0.00584238196036037,0.004316903802555931,0.0045841458014859,0.002132973644837688,0.0030220538862583256,0.0036799856823334,0.0032498068080219385,0.003164412883989997,0.0027173741818646274,0.0030960903287650444
2022-05-04,0.018552219001522697,0.0162360350535551,0.010758992913895447,0.0304528096881686,0.015689927304614715,0.014391800103329903,0.013098087622606608,0.018100718059921025,0.017756900001365795,0.016644966120566068,0.014350572249117547
2022-05-05,-0.0282756083151687,-0.02788055293760189,-0.017098002213574028,-0.0355427184744773,-0.022036302798152167,-0.020111401582120096,-0.01832865633584048,-0.027098580633120064,-0.026614938924797885,-0.024499654041236368,-0.020582999880058205
2022-05-06,-0.007846565932143279,-0.009719732429586861,-0.006932725955364076,-0.0059689443308741,-0.006244602606394832,-0.0059927040812022,-0.0060106419070231456,-0.007499068531609552,-0.007437326710626684,-0.0069666881302908705,-0.006295551500117123
2022-05-09,-0.017894069716500195,-0.02110021630675457,-0.0037339498090408637,-0.0320173534495884,-0.01315330374104619,-0.010006188549982427,-0.0067673917630283265,-0.017144179151245137,-0.016577582333032463,-0.014739228227274796,-0.00962737639279558
2022-05-10,0.0038559863188643013,0.0017005959198818003,0.0029655542978712147,0.0023105224226567,0.002990344533901515,0.00202382250912916,0.0017037349129144033,0.0036597780402519114,0.0036380407636175233,0.0033972190415636023,0.0023527779911917727
2022-05-11,-0.0033305458588342132,-0.004722420340586299,0.0046800278347361775,-0.0158859478388694,-0.0028227450791285308,0.0009448783767738991,0.003318727048078178,-0.003378647497513765,-0.003140921501300689,-0.002738523286110398,0.0010967080356435726
2022-05-12,-0.005948384007349032,-0.0006333912494420597,-0.0016880011450247914,-0.0010441343736642,-0.004500344569348826,-0.0036700258829899845,-0.002703954429217964,-0.005663904729015105,-0.005567251384300335,-0.00509442630734793,-0.0034101461301653743
2022-05-13,0.00782607677735763,0.014111992464043821,-0.0009488803122851377,0.0239076740072559,0.005804215618169678,0.0022837173007157585,-0.00036301367274117107,0.00759503660690831,0.007231012942142729,0.006304938725099029,0.0022226902165141237
2022-05-16,-0.001424500459578316,-0.0015743500668824503,0.002581358443974587,-0.0040575252315578,0.0005246269861495256,0.00154471082370459,0.0021701306754166537,-0.0010588013232135573,-0.0009049593506618272,-0.00024095762460686013,0.0013340544470663465
2022-05-17,0.005318206367430756,0.01022100026702627,-0.0024099984207628608,0.0205704583272385,0.0025487775229996075,0.000665155466652715,-0.0010776690957794758,0.004916896846816977,0.004535236789322802,0.00340250753427516,0.0006084357932179671
2022-05-18,-0.014090149906532588,-0.01686231704626167,-8.19781918401743e-06,-0.0403112908499359,-0.010561304002703858,-0.00681531419699302,-0.0036345568986476872,-0.013662309842372666,-0.013060867623802406,-0.011483901604932836,-0.006518815984605975
2022-05-19,0.0026468195639775477,0.00345663998251337,0.004677306383829667,-0.0061247367645435,0.004081980492117748,0.003553419502441286,0.00324272377186219,0.0028898331657922884,0.0030393001084450654,0.003570218488975178,0.0033032551455209765
2022-05-20,0.002391579013415482,0.0033739046934076703,0.004900569123620864,0.0004365242441979,0.0017580469473100792,0.0031071656947566444,0.003967736802582426,0.0022230908504708266,0.00224149383801515,0.0021050706987505987,0.003293061925095172
2022-05-23,0.004394491935811252,0.0062109928757988105,-0.0007666842711155906,0.0187098229371154,0.0030700875229386615,0.001870551818668524,0.0006075482696455445,0.004284120173600009,0.003989192593184036,0.003317022365483208,0.0015213241003115524
2022-05-24,0.00019651052560672286,-0.0005233239177557204,0.008546188214901503,-0.0076336754652562,0.0003195108996112729,0.003961834508221665,0.006692523645025093,0.00010622784330351813,0.00027220466941733565,0.0004954876681743325,0.004147645094521938
2022-05-25,0.004608710889433446,0.00647560466954958,0.0034611840924620788,0.0088349692365696,0.003411260583811879,0.002780872046057664,0.0030155183499875563,0.0043966547150301235,0.004284756046099858,0.0038566458646275437,0.0029824669177848217
2022-05-26,0.009148386891749977,0.00913307116940848,0.0018848859733061314,0.0199814675403675,0.0072675314710843745,0.005220926592111935,0.0035871956695283434,0.008885555310666121,0.008612955533299988,0.007828115020318981,0.00521186955526924
2022-05-27,0.013812362963299667,0.01441872465426339,0.005363683193206351,0.0245490435213806,0.010719708510156127,0.008852123787393619,0.007346298356695826,0.013304323591893324,0.012960681405596683,0.011791578969495732,0.00892766163239175
2022-05-31,-0.01019753271316006,-0.00737450017252091,-0.010128813516760432,-0.0056109563066886,-0.008944649179030371,-0.010297102716257509,-0.010724914132700419,-0.009889485460640793,-0.009891199250227342,-0.00958115320159382,-0.010487512938266563
2022-06-01,-0.0026861908411701333,-0.0053271053323033,-0.00399825752627601,-0.00808838758048,-0.0026544899941178214,-0.0023245577591014216,-0.0025915244468246892,-0.002556752093543088,-0.0024996926202760597,-0.0024757669943587016,-0.002240669850418037
2022-06-02,0.01646833091504037,0.013734902292697101,0.0061156757433657805,0.0190431938544939,0.013847205016713698,0.010927372184974662,0.008282706469145426,0.016251834152133555,0.015868090336337473,0.014711837932254557,0.010812215979545112
2022-06-03,-0.014997342913293028,-0.01127453419840015,-0.005901824709400925,-0.016411466700421,-0.012765273276203987,-0.009879859675899404,-0.007661122224350892,-0.014841572271771072,-0.014526605491141521,-0.013544218034972702,-0.009825176358259264
2022-06-06,-0.001962213268165043,-0.0020425643692397796,-0.006072731777161415,0.003044788076528,-0.0027384827965568296,-0.004245384652117585,-0.005406893064884243,-0.0023282527404451395,-0.002566694526537494,-0.0029327966332597234,-0.004479040059585042
2022-06-07,0.008110319402728477,0.00808647365481596,0.005713104139423318,0.0095922766174978,0.006737173546698145,0.00701215977722326,0.0068971525791500605,0.008202822999433868,0.008086901549595973,0.007497310491955999,0.007015160606194056
2022-06-08,-0.0060867098335512385,-0.00844173626057508,-0.00593210084674934,-0.0108722771282349,-0.004595289928289275,-0.005195442747860211,-0.00546473593256764,-0.0061244711136846115,-0.00597264516738244,-0.005327354629664795,-0.005134098911270225
2022-06-09,-0.014226946470627898,-0.01469918557266904,-0.006003872389884845,-0.0237829644388953,-0.011042305883736264,-0.008612417466080859,-0.006946482257925057,-0.013877045990022364,-0.01337489997989623,-0.011963256467146216,-0.008345742965940676
2022-06-10,-0.014566477395705543,-0.01610590692778942,-0.008500033016009203,-0.0289956347071947,-0.011908787443154528,-0.009115091161363349,-0.007916522164480513,-0.014271338711944798,-0.013850985180165375,-0.012672675321061295,-0.008930897195199216
2022-06-13,-0.03499753277677422,-0.0348158628423714,-0.024947173849939434,-0.0379679689095464,-0.03085664122001066,-0.028704893752486117,-0.026861994537132075,-0.03508343858719061,-0.03465407011335907,-0.032860951914183534,-0.028723220528459652
2022-06-14,-0.004356739624916062,-0.0042993687642708805,-0.007584352241344185,-0.0030133817810467,-0.004762655958347314,-0.0063768387211558236,-0.007098125253115661,-0.004517269497427404,-0.004629190953705879,-0.004818207837785188,-0.00643112075752865
2022-06-15,0.017522895611271225,0.01707755573471074,0.015288657606842112,0.0142564410709207,0.01711606619629117,0.015267778217499237,0.014479420833262419,0.017626569743705918,0.017623748551488495,0.01745504583346592,0.015430470810878144
2022-06-16,-0.01514935996099185,-0.017191595468831884,0.0003083456918889869,-0.0330960601325172,-0.009185805814353722,-0.004966320568305595,-0.0019951795916572897,-0.014677865622090468,-0.013813487797696037,-0.011184448415671474,-0.004591577111943909
2022-06-17,0.002018713349099163,0.0026766388675978003,-0.000685133719059706,0.0021556152436672,0.001509608147344022,-0.00042101441978551726,-0.0009929548645535705,0.0020646857888685006,0.0020265329479696175,0.0018088524617509393,-0.0003026297727420676
2022-06-21,0.01023733508461115,0.007756335457819981,-0.003241147971943141,0.0251736824552342,0.006489263450857953,0.003636420564182923,0.000655819876435352,0.009632787432638932,0.008962135369191148,0.007285632788175659,0.003172976280107717
2022-06-22,0.003936023192199779,0.00343607761310362,0.00832084873152094,-0.0018130149962142,0.005008313995182784,0.0069147991193796825,0.00819553511194511,0.004434675045129911,0.004761161892103662,0.005266326166015219,0.007241479797745944
2022-06-23,0.006102977924350899,0.00730034834501382,0.0040668988959661,0.0098026628922223,0.005268809741181123,0.004142686552122876,0.004043471814303632,0.00611536801171683,0.006026841583387288,0.005665238851760901,0.00417945650990494
2022-06-24,0.015722720467701054,0.01546497980826518,0.003005256719193393,0.0317937856342811,0.011099307331352889,0.007526425643159284,0.004762586604041493,0.015096378254923102,0.014318448001347284,0.012259766821550598,0.007050043915836047
2022-06-27,-0.004654097338972929,-0.0036401730724747302,-0.005859572515285136,-0.0038197694735037,-0.004709887788764165,-0.004324608798232193,-0.0046630777119595025,-0.004740118631862999,-0.0047819368893596,-0.004812929633042614,-0.004413914384798052
2022-06-28,-0.013812542520520598,-0.00907156854038762,-0.001523311181476476,-0.0204328759296896,-0.010742539422687353,-0.00704122904999435,-0.004400162622808952,-0.013494957592927782,-0.01301903822487878,-0.011659755507676653,-0.0068717808016529
2022-06-29,0.001959394437086619,0.00048335578627611007,0.004986576188283527,-0.0008142239778178,0.0027349978802399997,0.0034962775236748933,0.004331018194747838,0.002229882017803693,0.002428754805239944,0.0027870770511541462,0.003695634863569149
2022-06-30,-0.006020265383271488,-0.0026913003396853204,0.0019027264091428572,-0.0081244120803111,-0.0036826646302537992,-0.0016857353988110944,5.599525075001351e-05,-0.005819957134916686,-0.005474734325434226,-0.004442986098425786,-0.0015451125820844967
2022-07-01,0.005930574367558022,0.00762430132728705,0.008294920415653507,0.0105767917855728,0.005999323855195718,0.005990405984808178,0.007048127506386835,0.005934453983279926,0.005944716250245623,0.005963226403326666,0.006574002123637182
2022-07-05,0.00012526268361007058,-0.0014623654134678103,-0.004214436148434067,0.001888470542376,2.3942845106756164e-06,0.00033581109748088457,-0.0033424098511518445,0.00016994779703351053,0.00021282494697990803,0.00030649721218933574,-0.0018355652477497109
2022-07-06,-0.00349501385106186,-0.00507856738199649,-0.007828079964832112,0.003377212882329,-0.004616479666728923,-0.005950088760738175,-0.008351354274635223,-0.0037987824288951686,-0.004251387398744056,-0.005143854342157588,-0.006669264883336284
2022-07-07,0.010199311639267593,0.008354377546285756,-5.2908530808136976e-05,0.0149769549445581,0.006995971518056771,0.0051703830969752175,0.0015654692390282676,0.009654162257961672,0.008743856654047933,0.006986623964815731,0.003902066527449141
2022-07-08,-0.0008486624339054707,-0.0022196862102900703,-0.0030801565433184143,-0.0008225065195104,-0.0012112802093179559,-0.0018613234104003804,-0.0032273230569754463,-0.0009824633102482844,-0.0011710057351900505,-0.0015469464423818991,-0.002305836751496588
2022-07-11,-0.009720136875566932,-0.00753764631279763,0.0013130796620023748,-0.0114235153683439,-0.0074825483772520615,-0.005500244328979251,-0.0005557686979746773,-0.009224373755977285,-0.008452163397329971,-0.006942396745000212,-0.0036461529385497845
2022-07-12,-0.006081521112841395,-0.00238730656033289,0.0004999747047012062,-0.0088488812774886,-0.004600696976634461,-0.003533987275413487,-0.002150516239589002,-0.005793289548511802,-0.005329519403054216,-0.0044282474119244995,-0.0032116723915631834
2022-07-13,0.00038887424319925077,0.00122347532999987,0.0048506161289860635,-0.005251785424444,0.0012402807405047496,0.0023352010279750848,0.0027731270986277585,0.0006328991143517092,0.0009924122941471745,0.0017028857423735633,0.0020879404475513856
2022-07-14,-0.004687181948314819,-0.00752888429561192,-0.00823686486030231,-0.0024284022872107,-0.004935650006053495,-0.0053051157634453625,-0.007385242225992773,-0.0047665148221177145,-0.004881060653563201,-0.005108335407740109,-0.0062688316276347
2022-07-15,0.011133576345566845,0.01111615310918297,0.006174350419830551,0.0191050397664216,0.008333594646547138,0.007166284013530798,0.006376252657868487,0.010726724976258603,0.010013650022743351,0.008648724647771753,0.007128216550912151
2022-07-18,-0.005774661044736446,-0.0034940067936742197,-0.0035333498696277703,-0.0082568426951676,-0.004147263439045567,-0.004054834191498423,-0.0041676653333765495,-0.005633474620490918,-0.005332024579681661,-0.004772679599366957,-0.004053404879667502
2022-07-19,0.01750849028439127,0.015785055782389888,0.003804405912225281,0.0270193384811583,0.012393160428250578,0.009803659444693366,0.006255590419184663,0.016690916335555726,0.015300082609803296,0.0126240528015172,0.008816868107780828
2022-07-20,0.004110721046064936,0.0015778950205786594,-0.0023821533267195786,0.0063729511308046,0.0025413398617271797,0.0021101900069382725,-0.0007631892170290231,0.003918959740780268,0.0035623072637151745,0.0028863530818820796,0.0006580321028148753
2022-07-21,0.013322157836554495,0.011579387528266781,0.012815779312130567,0.0101832342802825,0.012930843718101315,0.013294025446176975,0.012712961123336494,0.013350872080759416,0.013352703172076374,0.0133720800880247,0.012772534427511998
2022-07-22,-0.005614133026278662,-0.0011642182374025107,0.006694650275049438,-0.0092782068661749,-0.002742075758040462,-0.0008255264257922353,0.0034592271544009907,-0.005079875922175032,-0.0042097677082842035,-0.0025225704427555115,0.0007450083419644064
2022-07-25,-0.003144217014690418,-0.0010848413023565096,-0.0038002098744661247,0.0012150369273931,-0.0033042756250993453,-0.0039707997415205365,-0.0029496419012558645,-0.003264994811812269,-0.0034214125874866075,-0.0037389058356054493,-0.0030968478847042723
2022-07-26,-0.009723155399631683,-0.005855382476984311,-0.0022493858477996985,-0.0118309922889019,-0.00775297902538705,-0.006749000202152811,-0.0036375768039605483,-0.009407187866545857,-0.008870228109543351,-0.007836904922944869,-0.005424322874993448
2022-07-27,0.022961566287019036,0.015248846626839832,0.007718997304373039,0.0259662668813225,0.01978913326093243,0.01750995767483849,0.010609168585687079,0.022345064374472597,0.021352682535459234,0.01942427728513632,0.014677733208851258
2022-07-28,0.011147876230367918,0.011616927027600789,0.009279888490474278,0.0125425558312355,0.010905858351268822,0.010604605464108775,0.010998883244370115,0.01108013407900468,0.01097986552907918,0.010781895456956788,0.010951762327284073
2022-07-29,0.010416267744862193,0.00572876451003263,0.0033330741257314896,0.014578559200933,0.00839202435438198,0.007105247022187698,0.004758606668195435,0.010050128792174318,0.009449215546394652,0.008285627965049815,0.006332394807526399
2022-08-01,0.003053706133388794,0.0018414956350734605,0.00535396875409728,-0.0029610862489336,0.0029777892431688715,0.004762766763194165,0.005699267173962826,0.0032599581511199172,0.003490578337796599,0.003983033539066357,0.004213567580045961
2022-08-02,-0.006816980828928718,-0.009727153674898861,-0.012460665477995427,-0.0065974872835857,-0.0074834054811311074,-0.008696610439256607,-0.010680032768747221,-0.006955227981670286,-0.007210961214567103,-0.007722348743435565,-0.00887103554311188
2022-08-03,0.01499634324207898,0.01077086081869715,0.007464469921885465,0.0156595835461552,0.011706063527884843,0.011114958678105373,0.008400528815551225,0.014870515260028543,0.014259306571471942,0.013115536103413216,0.010000324637703078
2022-08-04,0.006215312868112178,0.0035308524650793705,0.005389403951647248,-0.0006756564657403,0.007817837644977248,0.007565718919491194,0.005887466663225453,0.006279551324315641,0.006580695938245327,0.007145095587853775,0.007046662750724244
2022-08-05,-0.008809067180188108,-0.00684870262685442,-0.012939830991677378,-0.0016902832151339,-0.010332331776348277,-0.011557061393602849,-0.011449587884485026,-0.00903865348236391,-0.009522086791338494,-0.010476626792967871,-0.010670159870532624
2022-08-08,0.0028680885762891214,0.005317038531283791,0.005935140895595494,-0.0011607134584129,0.0032221361850540736,0.004548802051610945,0.006009477319011943,0.0030155163213594883,0.003237941050855145,0.0036931479528987165,0.00454196661887122
2022-08-09,-0.004042818742569411,-0.00408388505803872,-0.0027110209971320295,-0.0039710615544553,-0.0037675522538157097,-0.0033825150712213127,-0.0017628096649724432,-0.004031583934210732,-0.003979621533984837,-0.0038821768568160415,-0.002676503718424833
2022-08-10,0.0130774890583788,0.01287032677948427,0.005348949961828762,0.0210040372963693,0.009893340066759774,0.00759575767987483,0.0044548637139101245,0.012742120573492461,0.011900704642901818,0.010263957999954797,0.007259238503913722
2022-08-11,-0.004822944845593158,-0.00429190534032462,-0.00712569086316423,0.0,-0.004485845989800954,-0.00583634208315933,-0.006091208724427491,-0.004990269548336111,-0.005138511793588106,-0.00546838622716544,-0.0050124094073199996
2022-08-12,0.014524872932691283,0.012721653064866511,0.008610922707157461,0.0169289975091766,0.011484762526307627,0.010875069237262901,0.009840966975069311,0.014355503294851907,0.013728626548124711,0.012540074915168956,0.010711398586500649
2022-08-15,-0.0002781020340331462,-0.00020929234294459007,-0.002043410036693848,0.0041206564014335,-6.853787181549525e-05,-0.0006244212714254542,-0.0016385585271050042,-0.0003086105584916765,-0.0003147551579190705,-0.00033746853166066217,-0.0009461402840977276
2022-08-16,-0.00028182379181487875,-0.0006571738165185199,-0.0012889834376190686,0.0019587870249071,-0.0013779811467397262,-0.0010010597307990804,5.112628975024726e-05,-0.00030695509802686026,-0.0004909361889816478,-0.0008303372646587977,-0.0006134147394762026
2022-08-17,-0.008515022503797237,-0.00865141199496324,-0.007894266321481005,-0.0070980255474375,-0.008093807780749439,-0.008107003464037739,-0.00734105522191505,-0.008524660526449332,-0.00847653934516099,-0.008393984254017408,-0.007652684699218754
2022-08-18,0.0009481974584722567,-2.9501824775620116e-05,0.000732856263079528,0.0029063515810097,0.0008087942561910526,0.0007342645087754948,0.000911599283978844,0.0009318240500341158,0.0008930081660140228,0.0008171563483424732,0.0007994843735139253
2022-08-19,-0.013601043590229164,-0.013615674069462621,-0.010728081416254254,-0.0134379465001162,-0.011972214561978101,-0.011847454470628512,-0.010593557504885673,-0.01355903734067746,-0.01328019624788913,-0.012764298887959418,-0.011232644707055695
2022-08-22,-0.01629806417541415,-0.0136441536970947,-0.007594584081009015,-0.0208224084498578,-0.013288780584125309,-0.011773767062203561,-0.009200983875659338,-0.01604733264042115,-0.015329605279424528,-0.013947013109445466,-0.011452146037447257
2022-08-23,0.0005862799260034524,-0.0008558756181643199,0.0002611727818292731,-0.0024193801517363,0.0008721368726370966,0.0005725670813143255,-0.00010639994767146254,0.0005734166005547201,0.0005986763444472948,0.0006390182494791966,0.00045610288177020254
2022-08-24,0.0019289302927693005,0.0009788942185358599,-0.001609184945791924,0.0032012364602109,0.0010717264082120126,0.0003457314603795167,-0.00043096125309825123,0.0018146109222959919,0.001559971457033909,0.0010597206145671666,0.0005003500624638724
2022-08-25,0.011734982370365608,0.0128574094147109,0.008432013172922232,0.014117556780675,0.009557558047733585,0.00936088825130102,0.008603033502759832,0.011649878606844976,0.011243250233649778,0.010481782237981426,0.009020026387206163
2022-08-26,-0.02502700727108742,-0.0185675959572759,-0.008185890022928166,-0.0338490766755762,-0.019679801354861866,-0.016393695884997197,-0.011674795506379315,-0.024501355886447536,-0.02313227249826246,-0.020476774384065664,-0.016199858707307387
2022-08-29,-0.005560556937508252,-0.0063873090216930405,-0.004917971284186074,-0.0066121747131578,-0.005138835886270971,-0.005088626364433897,-0.004603933849897887,-0.005557193857000451,-0.005493789300462895,-0.005378854765034128,-0.004756749558513481
2022-08-30,-0.008784290978067242,-0.00738262779922943,-0.0023835159751545727,-0.0109778622865669,-0.0070296460658494635,-0.006072315460893242,-0.004823778825864759,-0.008612713155152683,-0.00816452440448091,-0.007295402005857338,-0.0062174592364414956
2022-08-31,-0.00723853491889639,-0.00593291137159468,-0.007456531034872666,-0.0076092039368199,-0.006065550047855552,-0.006295782218870253,-0.0069708299141843484,-0.007208536055418236,-0.00700802572828386,-0.006637131351292338,-0.0064453333193666374
2022-09-01,-0.002607781566661095,-0.006788184583431261,-0.008467741890933807,0.0031377980178983,-0.0023603309260613963,-0.0035007125882916138,-0.005588498157720073,-0.0025777578000151604,-0.002421592331993828,-0.0023706237674116903,-0.003911429696434183
2022-09-02,-0.005321859816244626,-0.00413640681978063,0.0027971390529440915,-0.0105441517778323,-0.0042001420160422505,-0.0025394460842278585,0.0008767254437135298,-0.005185759164436876,-0.0044778459222972414,-0.004185152929209856,-0.0016516175765504877
2022-09-06,-0.006047124724184587,-0.00814667484507307,-0.010625486873312488,-0.0037732079662942,-0.006152661547288243,-0.006910556455600135,-0.008468934511023955,-0.00605992975447967,-0.006126533774309744,-0.006159502144879233,-0.007121406460222682
2022-09-07,0.016431321686938352,0.01432914893913086,0.010694470980097057,0.0179649766538763,0.015154416652360813,0.013979246891618474,0.012284847215689012,0.01627639180397559,0.01547054029411353,0.015143809821062476,0.0133625421507878
2022-09-08,0.0023557957089055913,-0.0004228302773452501,-0.003338309688374755,0.0065363010751713,0.0013455800583841693,0.00029289205401168195,-0.0016401555663664552,0.0022332238744588616,0.0015956793545343201,0.0013360787212623741,-0.0001302804075462064
2022-09-09,0.014491094449910424,0.01185559933409082,0.0052963338319329065,0.0155352380903368,0.012814468021611652,0.01122695830834422,0.007557578603258805,0.01428766543265814,0.013229550770931395,0.012800139497958645,0.010266512075774125
2022-09-12,0.009287899485411736,0.006548751498122061,0.0009819271928449328,0.0107477100969517,0.008069683820635082,0.0067166089963621705,0.003864996990949626,0.009140090521349117,0.008371277723048364,0.008057471256225638,0.006061899065507184
2022-09-13,-0.036771898703143735,-0.026478818223529103,-0.011716442336463356,-0.0434826784114106,-0.03396231080258886,-0.030069111288026806,-0.020932718281007637,-0.036431004812980186,-0.03465788105636394,-0.0339271716151785,-0.027874064620240512
2022-09-14,0.0027054942476529673,0.00173234593667012,0.001547986974156992,0.0038159764715575,0.0024210521864717707,0.00208053946579508,0.0009385086192888842,0.002670982225180543,0.002491471565997514,0.0024179787913727814,0.0017682007375632502
2022-09-15,-0.014671121326514387,-0.01007867751189611,-0.007434694545251698,-0.0113534185043009,-0.014349522301330847,-0.013535195404208257,-0.010980264346784493,-0.014632100962443925,-0.014429140638068605,-0.014342172360660113,-0.012963371467337618
2022-09-16,-0.003664609841365865,-0.0047736583887214405,-0.0010225449496268511,-0.0076287705237305,-0.0023771747209704952,-0.0015091121506471987,-0.0010314399657490006,-0.003508402318391379,-0.0026959052982325673,-0.0023693397735889423,-0.0011755326532949643
2022-09-19,0.00556504562861079,0.00312502002917644,0.0006733753337878983,0.0077548575549903,0.004609919738343572,0.003520504586895364,0.0020982372050490634,0.005449157963994632,0.004846380451229294,0.004600086909835488,0.0030274191451367524
2022-09-20,-0.008789938945614563,-0.01117494905565575,-0.008838859208787696,-0.0114786568723779,-0.008166777945097833,-0.007623760355614611,-0.007679006255274949,-0.008714329359731024,-0.008321054042025284,-0.008161876784298704,-0.007513722037929057
2022-09-21,-0.010429328872982377,-0.0067079065494594,0.002212950020231216,-0.0174437139396197,-0.008813193516449089,-0.006608865597097608,-0.0019956359443026143,-0.010233239379355687,-0.009213300478703869,-0.008793297723391932,-0.005595866040134685
2022-09-22,-0.008518307051802863,-0.011895771063902631,-0.011248037190837428,-0.0083998687557675,-0.007893014523370444,-0.008579503037509104,-0.00969960686969398,-0.008442438842637583,-0.008047818323101908,-0.007899210622096756,-0.00873889923183263
2022-09-23,-0.017071122625021983,-0.014150168732962222,-0.0075850058521242094,-0.0167546698159765,-0.014969935415023675,-0.013119058160727382,-0.0099737293210033,-0.01681618065227333,-0.015490126764295512,-0.014953229792188494,-0.012301651026699119
2022-09-26,-0.009115577917929175,-0.014753211895839332,-0.015572957832925494,-0.0098926463831165,-0.009361951152019472,-0.01005476476207523,-0.012476311353190484,-0.009145470960316152,-0.009300956479837946,-0.00936820433971077,-0.010589235023365309
2022-09-27,0.00014556563601732898,-0.0066137136995163106,-0.008753843556591773,-0.0025528778027243,-0.0007133548162980141,-0.0011529867917449508,-0.0038354550985920787,4.135080284802912e-05,-0.0005007117034516238,-0.0007173228406232761,-0.0014652526352756205
2022-09-28,0.021122754683038397,0.022170572873625068,0.022391323084331387,0.0196765084355499,0.020359124761582966,0.020652160841214406,0.021873317964893644,0.02103010167349247,0.020548176778126776,0.020361769642658713,0.020776155376810865
2022-09-29,-0.01692906375817698,-0.015310454768687733,-0.0061614213127958815,-0.0208892562060706,-0.01543865245299595,-0.013768838999500824,-0.009539937488073906,-0.016748228658600085,-0.015807633886027232,-0.015423581073359952,-0.012709172226059638
2022-09-30,-0.01035941523671114,-0.0053723757805401815,-0.003569078408319785,-0.0154634606035265,-0.009966286681938033,-0.008642979404666778,-0.006923169172435272,-0.010311716027035404,-0.010063613599012141,-0.009954342793050866,-0.007988036534021432
2022-10-03,0.024665447061278073,0.020092240595204203,0.017897530701219154,0.0264014001321892,0.02343814809133357,0.021943362708600124,0.02034755311554472,0.02451653599849358,0.02374199074947342,0.0234246564776863,0.021381816881820965
2022-10-04,0.026385117799233682,0.02133110853509218,0.010144670388276062,0.0309865005918645,0.023232936111946136,0.020258044405021866,0.014948327205639166,0.02600265620133545,0.02401332237988912,0.023206085374699252,0.018897457698422403
2022-10-05,-0.003291593031744183,-0.00720155534050875,-0.007976561347207912,-0.0023281990405743,-0.0034664833785824824,-0.004201127892511569,-0.005757760632799546,-0.0033128128877501074,-0.0034231857394842113,-0.0034731141230789856,-0.004602009637418491
2022-10-06,-0.006353852251641578,-0.008964624961376691,-0.005292017158972188,-0.0103157324613034,-0.006345316841294772,-0.005850833802587352,-0.005514679075028571,-0.006352816630283482,-0.006347429954587967,-0.0063408537429862095,-0.005721684360367514
2022-10-07,-0.02563515917284423,-0.01918264225549165,-0.010086607565486358,-0.0278940914578769,-0.02357950130414253,-0.0212156974010657,-0.015717009411226772,-0.025385741381869033,-0.024088420945035487,-0.02355816611491298,-0.019755202375731393
2022-10-10,-0.0104123035993745,-0.00979007282159141,-0.009336922018421009,-0.0076352217632763,-0.0104379857977566,-0.010257568210760739,-0.010197202614771599,-0.010415419680744546,-0.010431627650626685,-0.010436357387145247,-0.01008516633249814
2022-10-11,-0.006572944245803467,-0.0033674060249777905,-0.0013508503205496357,-0.0063328971878053,-0.006385209993738268,-0.005473049479736849,-0.0024163074748486052,-0.00655016600864961,-0.006431687401092372,-0.006376977027734356,-0.004775971101139589
2022-10-12,0.0003350100864962452,-0.0006563138162919602,0.001557101663607104,-0.0032984816211576,0.0008391383195984191,0.0015143550766766063,0.002168522622499856,0.00039617714750527606,0.0007143311893552811,0.0008452326818526061,0.0017053301941672685
2022-10-13,0.014884879775370808,0.00974716271201035,0.0005739092208275644,0.0263910139194685,0.012455910789270863,0.00930942424749913,0.004335822419585533,0.014590167270880491,0.013057251140195535,0.012427511273689424,0.008002063021444916
2022-10-14,-0.021928171441780817,-0.01702644961400023,-0.01000272879371205,-0.0227887210741877,-0.02015056043859975,-0.018381653532818634,-0.014272112846536462,-0.021712489729187934,-0.020590643959870557,-0.020134594662625196,-0.017303040339952325
2022-10-17,0.021171117457031374,0.01842703813989165,0.005663298366006863,0.0256969460720681,0.018584537977061583,0.016050616713762563,0.01006303856313186,0.02085728170162754,0.01922489799033497,0.01856166734486791,0.01462446054771136
2022-10-18,0.007577768463738466,0.006281034716417441,0.004302133453332477,0.0117497500601795,0.0067968111320898805,0.005849849140716557,0.005024090945903986,0.007483013078870511,0.006990152899135163,0.006788264055383207,0.005570320738909181
2022-10-19,-0.00883378719532822,-0.013889743502593931,-0.012585655400318082,-0.0070863692832422,-0.008285773261397206,-0.008633045515002831,-0.01041785466798319,-0.008767295379299015,-0.008421445183610933,-0.008288907666596887,-0.008922320269717525
2022-10-20,-0.005709371753214962,-0.00613353866540865,-0.006907273886955348,-0.0083853396552416,-0.005268366812350783,-0.00517487152746199,-0.006341163173736003,-0.0056558635893156056,-0.005377546496165758,-0.0052675229438756705,-0.005259155320931157
2022-10-21,0.021530942623460107,0.01155555218173665,0.00648653663509158,0.0243014254903577,0.019899039870563805,0.017632021132579927,0.01263274547235877,0.02133294003464858,0.020303050370375577,0.019878578243565516,0.016641410235810453
2022-10-24,0.006336924451731662,-0.002372604568789589,-0.0013064181963757565,0.0122364404614871,0.005869359884286137,0.004478269082876396,0.0019382850052149772,0.006280193746040746,0.005985114940310555,0.005856804195785534,0.003897811477370798
2022-10-25,0.014168419954835188,0.019077376110593732,0.013267627550100906,0.0159684064335687,0.012926676134652659,0.012566925906419425,0.012256899437388287,0.014017756264489364,0.0132340949073337,0.012923429105918722,0.01222279453718553
2022-10-26,-0.00648359268205377,0.0030941952974345203,0.0058368999640055486,-0.0075341880964825,-0.006470404823578071,-0.005171332673295226,0.00042843391555700584,-0.006481992568251383,-0.006473669744410356,-0.006458679675771598,-0.004023894540401377
2022-10-27,-0.00739545011647222,-0.00183238821642453,0.002686443926438161,-0.0053396503935223,-0.006820386722201439,-0.00554317943844276,-0.0007287225242073058,-0.007325676325972589,-0.006962755284868821,-0.006808858922010866,-0.00447093664559887
2022-10-28,0.015077920285943385,0.00828454464740005,-0.0013170077047408642,0.0237905785775014,0.01274014189993428,0.009764533802826826,0.003451969661400243,0.014794272150859407,0.013318906175259194,0.012713284696702623,0.008158798029012631
2022-10-31,-0.00809895249511217,-0.0056496432594996,-0.006294883610692022,-0.0072231854692981,-0.00855715710363037,-0.008280538478509973,-0.007163735381147087,-0.008154547535031652,-0.008443719294560576,-0.008554660402993026,-0.0079859735889376
2022-11-01,-0.0011808139122167574,0.00393227657709945,0.0054445115719749335,-0.0043761530747844,-0.0011808139122167567,-0.001180813912216758,-0.0011808139122167548,-0.001180813912216759,-0.0011808139122167515,-0.0012677673704440276,-0.0012906093508260636
2022-11-02,-0.023221100782753,-0.01607415113336601,-0.005955787245473209,-0.0250963953532779,-0.02322110078275299,-0.02322110078275301,-0.02322110078275299,-0.023221100782752992,-0.02322110078275299,-0.0214489553360384,-0.020983426852718434
2022-11-03,-0.010761713658316158,-0.00577140356476955,-0.004500022509729818,-0.0102966842977938,-0.010761713658316161,-0.010761713658316158,-0.010761713658316158,-0.010761713658316156,-0.010761713658316154,-0.010629738307294865,-0.010595069434539278
2022-11-04,0.01970228424597638,0.015376241812172571,0.009429825551713672,0.014393288300025,0.019702284245976375,0.019702284245976375,0.01970228424597637,0.019702284245976368,0.019702284245976368,0.018821949377206812,0.018590692424211384
2022-11-07,0.005432657996644238,0.0007642662838772601,-0.002933247966787759,0.0095655251250086,0.0054326579966442355,0.005432657996644241,0.005432657996644235,0.0054326579966442355,0.005432657996644233,0.00497849517175194,0.004859190217723259
2022-11-08,0.010773572662402038,0.007949815180896009,0.00984431524791886,0.0053953219277946,0.010773572662402045,0.01077357266240203,0.01077357266240204,0.010773572662402035,0.010773572662402038,0.011126630931468581,0.011219376524572628
2022-11-09,-0.017354314536369948,-0.01134982373849782,-0.002756049947650281,-0.0206020512326381,-0.017354314536369937,-0.017354314536369958,-0.01735431453636994,-0.017354314536369944,-0.017354314536369944,-0.01561615556152552,-0.015159555053464273
2022-11-10,0.05391197372651225,0.048067588866481964,0.03255551976421456,0.0549542388663049,0.05391197372651224,0.053911973726512255,0.05391197372651224,0.05391197372651223,0.05391197372651224,0.051709404385218774,0.051130806975643636
2022-11-11,0.011233226408988167,0.00868672063888211,0.003615945398949873,0.0096786415458272,0.011233226408988169,0.01123322640898817,0.011233226408988165,0.011233226408988162,0.011233226408988165,0.010654452028284241,0.010502412611805722
2022-11-14,-0.005639437452187779,-0.007710887121219521,-0.003200857159686298,-0.0085070273589411,-0.005639437452187779,-0.005639437452187786,-0.005639437452187779,-0.005639437452187779,-0.005639437452187781,-0.005144795113800359,-0.005014856514233209
2022-11-15,0.009248014099514021,0.011866166319113972,0.00933041151442072,0.0085293012862277,0.009248014099514021,0.009248014099514028,0.009248014099514024,0.009248014099514021,0.009248014099514026,0.00883090845183026,0.008721338122876489
2022-11-16,-0.00883190854178096,-0.0030778275695353702,0.004944182781942188,-0.0076288301953467,-0.008831908541780942,-0.008831908541780965,-0.00883190854178095,-0.008831908541780953,-0.008831908541780946,-0.007426617562786389,-0.0070574588239890705
2022-11-17,-0.004688304959464941,-0.0049970531749038705,-0.005931796059762717,-0.0030596667860145,-0.004688304959464939,-0.004688304959464941,-0.004688304959464941,-0.004688304959464941,-0.004688304959464942,-0.004548334453009177,-0.004511565316649253
2022-11-18,-4.9048880366928726e-05,0.0002570881708121199,-0.00265548024358528,0.004540272133308,-4.904888036693219e-05,-4.904888036692339e-05,-4.904888036693068e-05,-4.904888036692843e-05,-4.904888036692975e-05,-0.0006114735281860021,-0.0007592180001572021
2022-11-21,-0.006376524625553959,-0.0037538784938944496,-0.002423191204307333,-0.0036360733581362,-0.006376524625553957,-0.006376524625553961,-0.0063765246255539565,-0.0063765246255539565,-0.006376524625553956,-0.006117435598903726,-0.0060493749767663516
2022-11-22,0.00977706524704218,0.00903004671822151,0.007189938725279819,0.013456869713625,0.009777065247042182,0.009777065247042183,0.009777065247042178,0.009777065247042176,0.00977706524704218,0.009498626439126344,0.009425482783684973
2022-11-23,0.00703092447334216,0.00780590511469317,0.008214415601419492,0.0063017108217238,0.007030924473342167,0.00703092447334216,0.007030924473342163,0.007030924473342158,0.007030924473342164,0.007187643616160682,0.0072288124857919946
2022-11-25,-0.0015725076818935394,2.3186047273199967e-05,0.000492511275218379,-0.0002238053701177,-0.0015725076818935407,-0.0015725076818935394,-0.0015725076818935407,-0.0015725076818935385,-0.0015725076818935391,-0.0017084651445025197,-0.001744180086231339
2022-11-28,-0.013575390742957919,-0.01068732574385766,-0.0052186590341648945,-0.0159568546274289,-0.013575390742957914,-0.013575390742957924,-0.013575390742957914,-0.013575390742957914,-0.013575390742957914,-0.012417514488792348,-0.012113349626098256
2022-11-29,-0.0010125960479337893,0.0018626186674314598,-0.002032949101644944,-0.0017176809541656,-0.001012596047933794,-0.0010125960479337869,-0.0010125960479337906,-0.0010125960479337901,-0.0010125960479337897,-0.0014143055613264777,-0.0015198314485224901
2022-11-30,0.029702105940856448,0.021536097401835243,0.012542255118951042,0.0315006270060909,0.029702105940856448,0.029702105940856455,0.02970210594085644,0.02970210594085644,0.02970210594085644,0.028664788035173187,0.0283922928896711
2022-12-01,0.005444116000625432,0.00763060089975646,0.013357366096153954,-0.0007358159019442,0.006755154067912671,0.006755154067912684,0.009959511037508091,0.005444116000625431,0.0054441160006254334,0.0061822830312583095,0.006376193626375871
2022-12-02,-0.001994875611691772,0.0018024085973049999,0.0024822973074980995,-0.0011537267957003,-0.002374832492968732,-0.002374832492968736,-0.0004898635960986786,-0.001994875611691767,-0.001994875611691765,-0.0022088065796926288,-0.0022650045397716164
2022-12-05,-0.018333999327041394,-0.01548985316680301,-0.011950423969948344,-0.0179892684035344,-0.01659273734218241,-0.016592737342182397,-0.015148407700680258,-0.018333999327041394,-0.0183339993270414,-0.01735359897026391,-0.017096055611177295
2022-12-06,-0.011250493445932437,-0.0040829133071855804,0.0031655310920149613,-0.014414717441914,-0.009105159860918512,-0.009105159860918493,-0.0023485765805763984,-0.01125049344593243,-0.011250493445932437,-0.010042584566945041,-0.009725276532513588
2022-12-07,0.0006822248827545122,0.0039847035128357505,0.009151241030569725,-0.0017012709259905,0.001851634091413524,0.0018516340914135345,0.005557041907853184,0.0006822248827545142,0.0006822248827545135,0.0013406491838403815,0.0015136119995244669
2022-12-08,0.006877192689847858,0.004042937818158651,-0.0017176673291312491,0.0078339472624691,0.005588256273938959,0.005588256273938946,0.0014912687832659708,0.006877192689847852,0.006877192689847858,0.006151469775657593,0.005960828150739145
2022-12-09,-0.0043183816538717975,-0.00713563360875802,-0.005843811419865759,-0.0074702619729922,-0.0038312865309789385,-0.003831286530978935,-0.00484599137583782,-0.0043183816538718035,-0.004318381653871805,-0.004044127557462862,-0.003972083192378592
2022-12-12,0.006788080532742848,0.00385493413882211,-0.001548296761518051,0.0144173963589642,0.00546932225357047,0.0054693222535704585,0.002287732977298957,0.0067880805327428465,0.006788080532742852,0.0060455667130843,0.0058505142511373716
2022-12-13,0.011448614304606832,0.01109167480784964,0.010843254421571514,0.0075698036922222,0.01152095766016693,0.01152095766016693,0.011127003364055988,0.011448614304606827,0.01144861430460683,0.011489346516197228,0.011500046543511076
2022-12-14,-0.005528141093380068,-0.00220572572844272,0.0004996947018626007,-0.0063936098518877,-0.004598185969933654,-0.004598185969933647,-0.002086384591958289,-0.005528141093380064,-0.00552814109338007,-0.005004539049149052,-0.004866992965690744
2022-12-15,-0.024822194766273644,-0.015470535746278304,-0.005469251974452321,-0.0244616393880592,-0.022124706112838483,-0.02212470611283846,-0.013476383886167146,-0.024822194766273634,-0.024822194766273648,-0.023303400431344636,-0.022904425265663306
2022-12-16,-0.004535194057914493,-0.00697845413947981,-0.001914539791789871,-0.0118061160404523,-0.004042403888829789,-0.0040424038888297814,-0.002708742542088885,-0.004535194057914492,-0.004535194057914492,-0.004257733422014721,-0.004184846724565098
2022-12-19,-0.00895892475923446,-0.00882674897496049,-0.0076542260585401815,-0.00847984787037,-0.008416755781511345,-0.008416755781511343,-0.007341822996735364,-0.00895892475923446,-0.008958924759234464,-0.008653661872997112,-0.008573471745991797
2022-12-20,0.005684524574709536,-0.0013113958447287504,-0.003049583675684336,0.0013685371996041,0.004429599654449702,0.0044295996544496926,0.002434046517245377,0.005684524574709526,0.005684524574709535,0.004977951497108379,0.004792340381621135
2022-12-21,0.010064058548228855,0.008356323736860391,0.003731340757059584,0.0149524845282322,0.008464296430162551,0.008464296430162537,0.0053162772962943045,0.010064058548228855,0.010064058548228862,0.009163328293419832,0.0089267136350807
2022-12-22,-0.0165525983112091,-0.00859347839623566,-0.004081205171927305,-0.0142662242954356,-0.015275861778609644,-0.015275861778609633,-0.009444688055991612,-0.016552598311209088,-0.0165525983112091,-0.015833744420780452,-0.01564490723365214
2022-12-23,0.0037550675090289986,0.00043733702705674995,-0.0021297284794168595,0.0057523769348957,0.0028472376138779934,0.002847237613877985,0.000795379471768689,0.0037550675090289943,0.0037550675090289977,0.0032439228559908214,0.003109649229902687
2022-12-27,-0.0035665331888281504,-0.004142621756193629,-0.005643687427151048,-0.0039435955726173,-0.003732807434627371,-0.0037328074346273756,-0.002811656671008836,-0.003566533188828154,-0.0035665331888281547,-0.0036601522601235393,-0.0036847452439278624
2022-12-28,-0.010593911638831829,-0.00993313244087839,-0.0044880431033919675,-0.012427914913615,-0.00928071887739838,-0.00928071887739837,-0.006818420866456228,-0.010593911638831825,-0.010593911638831832,-0.009854531428948463,-0.00966030214131189
2022-12-29,0.016925570496268968,0.015102469222244973,0.0076191925547028925,0.0180005268777561,0.014883331203678948,0.01488333120367893,0.010453839055010484,0.016925570496268964,0.01692557049626897,0.01577570784005161,0.01547364808566324
2022-12-30,0.0001529287870195082,-0.00542235381259228,-0.0038470348282270378,-0.0026341693389581,1.7316816715844092e-05,1.7316816715846613e-05,-0.0011278432150090478,0.00015292878701950424,0.00015292878701950703,7.657380699633084e-05,5.651596235948909e-05
2023-01-03,-0.0013302647000029864,0.004398294747156191,0.007860071732817806,-0.0042099291234709,3.369152794065189e-06,3.3691527940751635e-06,0.003985959089653553,-0.0013302647000029838,-0.0013302647000029877,-0.0005793753355868357,-0.00038212268479242387
2023-01-04,0.00781446228021462,0.012899986209473382,0.009087172848639097,0.0077201179824708,0.00733536896750891,0.007335368967508903,0.008283814400640825,0.007814462280214622,0.007814462280214624,0.007544713523973087,0.00747385267583933
2023-01-05,-0.01292657746120219,-0.008815391946606469,-0.0041938169735935915,-0.0114131185993946,-0.011999635250975834,-0.011999635250975825,-0.00833950587640794,-0.01292657746120218,-0.012926577461202186,-0.012404671807991917,-0.012267571352933063
2023-01-06,0.02301777015336618,0.021272208598144382,0.016868960807036884,0.0229318575034243,0.022059201864074215,0.02205920186407421,0.018733680631171565,0.023017770153366174,0.02301777015336618,0.022478057748806023,0.022336279602102757
2023-01-09,0.0026144251803826607,0.0033765430209596703,0.0031278591231111157,-0.0005668859179304,0.0026995765274943706,0.002699576527494371,0.0018657484709816209,0.0026144251803826607,0.002614425180382661,0.0026623688050722927,0.002674963213126102
2023-01-10,0.0072245082575277345,0.0020066560735520597,-0.0025161498773148857,0.0070128664672017,0.005117363962529992,0.005117363962529976,0.0011368984883864078,0.00722450825752773,0.007224508257527739,0.006038101480970943,0.005726441877457648
2023-01-11,0.010024818596681813,0.012054288877428153,0.006508869260057417,0.0126478377060346,0.00942120766011702,0.009421207660117012,0.007203569499341674,0.01002481859668181,0.010024818596681813,0.00968496142256976,0.009595683651886157
2023-01-12,0.007863828077332968,0.01096485612747216,0.01085104818902715,0.0036408238030587,0.007076128905192252,0.007076128905192246,0.008367551505512763,0.007863828077332968,0.007863828077332975,0.007420321840985304,0.007303816287825067
2023-01-13,0.007485098693110937,0.0017036317574299002,-1.1093767000795555e-05,0.0038795932734527,0.006296003091257813,0.006296003091257803,0.0031852613824887234,0.007485098693110929,0.0074850986931109375,0.006815590162840139,0.006639715608500076
2023-01-17,-0.002027443865933639,-0.00204085773078232,-0.003857485683121405,-0.0018319068305625,-0.002217652612370948,-0.00221765261237095,-0.003599562808969557,-0.00202744386593364,-0.0020274438659336406,-0.0021345390213386613,-0.002162672065022547
2023-01-18,-0.011114514082881175,-0.0023234133174047608,0.007400208192612519,-0.0157880623514806,-0.008140055694062195,-0.008140055694062169,-0.0012905215562893353,-0.011114514082881163,-0.011114514082881175,-0.009439774674925808,-0.008999833981577565
2023-01-19,-0.0013282863232582588,-0.00205045304213314,0.0014837509214689916,-0.0072799713881749,-0.0005606674090800493,-0.0005606674090800428,0.001171086647351959,-0.0013282863232582627,-0.0013282863232582632,-0.000896086077761944,-0.0007825505182798343
2023-01-20,0.014446138838964647,0.0067120530589979,-0.0035498761309687406,0.0186291174996975,0.01213698964724446,0.01213698964724444,0.0035462513851236962,0.014446138838964638,0.014446138838964647,0.013145995201131612,0.012804457830742223
2023-01-23,0.012070880747797167,0.0053492134125338,-0.0007642612090266028,0.0119984956229157,0.010510679495564256,0.010510679495564244,0.004313106391486273,0.01207088074779716,0.012070880747797167,0.011192424847631334,0.010961661484711116
2023-01-24,-6.24977508959084e-05,0.00257248824990067,0.004877084425450712,-0.0010731613895794,0.0007276493268701664,0.0007276493268701731,0.00296573797860809,-6.249775089590612e-05,-6.249775089590829e-05,0.0003823867545286331,0.0004992543679893574
2023-01-25,0.0011060721991054496,0.00175283455057197,0.0019923282674971015,0.0003748257160107,0.0009385174949493026,0.0009385174949493008,0.001794948161201907,0.0011060721991054492,0.001106072199105451,0.0010117321783832203,0.0009869498069110488
2023-01-26,0.007021823884774099,0.00402674886740709,-0.002606814584671744,0.0109903162989448,0.006067939662061776,0.006067939662061766,0.0004502733399044612,0.007021823884774096,0.007021823884774098,0.006484748797622683,0.006343663453180994
2023-01-27,0.003798686816371,0.0013880776193749102,-0.0018689053540150622,0.0022977952047837,0.003106527232153564,0.0031065272321535594,0.00029920145290896665,0.003798686816370996,0.003798686816370999,0.0034089732010653207,0.0033065985406791156
2023-01-30,-0.011992270493008151,-0.00990921254158179,-0.004256392911830258,-0.0125469854050811,-0.010912755703356987,-0.010912755703356978,-0.006812744810919017,-0.011992270493008148,-0.011992270493008151,-0.011384460356381125,-0.011224793478261719
2023-01-31,0.012426294959708928,0.01024060436562957,0.005939669344499717,0.0147034839757447,0.010504195674054577,0.01050419567405456,0.008231991715942294,0.012426294959708926,0.012426294959708933,0.011344075947404539,0.01105978563909375
2023-02-01,0.014954436798101937,0.01171178515771934,0.009950305210976451,0.0106276511613445,0.01495443679810193,0.013825907945307126,0.010165266092863653,0.014954436798101937,0.01495443679810194,0.014474301981247552,0.014348174391949676
2023-02-02,0.01087777236950576,0.006706037077744811,-0.0035520049875285755,0.0145572146237813,0.010877772369505753,0.008163206223526566,-0.0018373081785050594,0.010877772369505767,0.010877772369505762,0.009746429395636509,0.009449234614183101
2023-02-03,-0.016678475073845796,-0.014297287169920042,-0.014436038645181419,-0.0106291224108829,-0.016678475073845792,-0.016944592833345342,-0.015080808092222377,-0.0166784750738458,-0.016678475073845803,-0.016905309681679786,-0.016964897325089753
2023-02-06,-0.005195262915061838,-0.008286251938205251,-0.00594819080344701,-0.0061114491353575,-0.005195262915061839,-0.004613743458451295,-0.004562223688316384,-0.005195262915061834,-0.005195262915061831,-0.004866069845773461,-0.004779593450424889
2023-02-07,0.011156983748460882,0.0038640706292146104,-0.0007689349320515,0.0130783769660824,0.011156983748460874,0.00971941876283847,0.0030711219031394404,0.011156983748460874,0.011156983748460879,0.010601125691822855,0.010455106211013542
2023-02-08,-0.009335573666433462,-0.004354114991041521,0.0013095310562351722,-0.0109344977118615,-0.009335573666433453,-0.007086837707147726,-0.0012803575051315483,-0.009335573666433457,-0.00933557366643346,-0.00830438225880383,-0.00803349649550696
2023-02-09,-0.009073508443650282,-0.0066653734805513405,-0.0065039831896432495,-0.0086692791707013,-0.009073508443650274,-0.007990997527769685,-0.007178121258881431,-0.009073508443650286,-0.009073508443650291,-0.008511521076739546,-0.008363891474977493
2023-02-10,-0.0004966509454053158,-0.0033859618309756805,-0.004005102603852304,0.0023336659339106,-0.0004966509454053189,-0.0011452978363761864,-0.000931568824897896,-0.0004966509454053128,-0.00049665094540531,-0.0008808948214635555,-0.0009818326249480139
2023-02-13,0.008006905673844685,0.00763607615256684,0.002445097291362772,0.0117390136181192,0.008006905673844683,0.006775677238533751,0.0031448981490844576,0.008006905673844683,0.00800690567384468,0.007462953799397079,0.007320061977746619
2023-02-14,0.00225825105276496,-0.00099487644061217,-0.0020716959432417166,-0.0004600736334282,0.0022582510527649558,0.0016207036435346815,-0.0015170414037264984,0.0022582510527649558,0.002258251052764959,0.0020296693246084456,0.0019696227266158095
2023-02-15,0.0012959703313160877,-0.00139320051201489,-0.004952281260840026,0.0032472125507629,0.001295970331316084,-0.00022385442657350124,-0.003368830672912438,0.00129597033131609,0.00129597033131609,0.0005568646949780007,0.00036270753562318565
2023-02-16,-0.01096214556917058,-0.00828052465856037,-0.005378168949799244,-0.0137687247733737,-0.010962145569170573,-0.010037169026057453,-0.00625455950967569,-0.010962145569170578,-0.010962145569170578,-0.010610357408786053,-0.010517945463108956
2023-02-17,-0.0016949626617140806,-0.00016275820876218006,0.0027994684571752988,-0.0024981385322839,-0.001694962661714083,-0.0014976593911204172,0.0014345325208104144,-0.001694962661714082,-0.0016949626617140795,-0.0016917951110403738,-0.0016909630207265162
2023-02-21,-0.0171933270847275,-0.016517333620817632,-0.011370540557405821,-0.0200610201837438,-0.01719332708472749,-0.015082645077915555,-0.011897187046590343,-0.0171933270847275,-0.0171933270847275,-0.016144801899396672,-0.015869362690862893
2023-02-22,-0.0016048243829211814,-0.0009188170471243902,0.0002451160862845227,-0.0013781568733265,-0.0016048243829211834,-0.0016785438714801146,-0.0011972800654719508,-0.001604824382921182,-0.0016048243829211806,-0.0016576492592707374,-0.0016715259332278137
2023-02-23,0.004769848527782944,0.005967581556918461,0.004574222288703396,0.0053194688395246,0.0047698485277829425,0.004349732171531898,0.0034090191845570026,0.0047698485277829425,0.004769848527782941,0.004586485633636743,0.004538317662905401
2023-02-24,-0.011321423340864278,-0.012718546603849142,-0.008198316417408553,-0.0106823761902387,-0.011321423340864278,-0.010783258697457674,-0.00800161087655445,-0.011321423340864275,-0.011321423340864271,-0.011135441670052645,-0.011086585767565207
2023-02-27,0.004698171320662855,0.0042722404572801,0.0027935886136885033,0.0034059418951144,0.004698171320662854,0.0045703972292379345,0.0031724336935978086,0.00469817132066285,0.00469817132066285,0.0046712920587552425,0.0046642310909030755
2023-02-28,-0.00012453409137444646,-0.0009601795980152589,0.0011907368820495842,-0.0036961035717874,-0.0001245340913744483,8.263798712539606e-05,0.0008223335130165214,-0.00012453409137444234,-0.00012453409137443795,-3.91935440298628e-05,-1.677526248042028e-05
2023-03-01,-0.0017032749227197152,-0.0015613344118400002,-0.0032119382634525897,-0.0038358653937848,-0.0017032749227197104,-0.0017032749227197086,-0.00262136078794897,-0.0017032749227197156,-0.0017032749227197095,-0.0017032749227197002,-0.002362320967382058
2023-03-02,0.004879047070840866,0.00230225286729203,-0.0009326286435088377,0.0077771121758765,0.004879047070840871,0.004879047070840869,0.0017509473214686602,0.004879047070840873,0.004879047070840865,0.004879047070840864,0.004416789186121201
2023-03-03,0.015622837604968198,0.014368287682226779,0.011277388386663745,0.0160377559063804,0.015622837604968201,0.015622837604968201,0.012510505978472971,0.015622837604968201,0.015622837604968198,0.0156228376049682,0.015205147082510759
2023-03-06,-0.0024271065863806993,-0.004010004673831851,-0.003021077848779679,0.0006927415874102,-0.002427106586380708,-0.0024271065863807144,-0.0017276859698086098,-0.002427106586380718,-0.002427106586380716,-0.0024271065863807288,-0.001514580209967066
2023-03-07,-0.014683011647695208,-0.01100461685018652,-0.006387489848670395,-0.0153286366620171,-0.01468301164769522,-0.01468301164769522,-0.01103777258909807,-0.014683011647695216,-0.014683011647695213,-0.01468301164769522,-0.013850436447337784
2023-03-08,0.0018938135578369611,0.0026758042505770395,-0.00025396988488693076,0.0016321427380827,0.0018938135578369603,0.0018938135578369594,0.0007520516967297601,0.0018938135578369627,0.0018938135578369588,0.0018938135578369611,0.0018370585521159538
2023-03-09,-0.010559249856063447,-0.00983392441169387,0.0021058022252097505,-0.0184496347923902,-0.010559249856063466,-0.010559249856063477,-0.0024491894724543812,-0.010559249856063501,-0.01055924985606347,-0.010559249856063484,-0.008140238889689833
2023-03-10,-0.004956104318683083,-0.0017562787677093401,0.015122892785373182,-0.0144296933305032,-0.004956104318683104,-0.0049561043186831175,0.00626044851439891,-0.004956104318683152,-0.004956104318683106,-0.004956104318683133,-0.001597159933301064
2023-03-13,0.007052899420699856,0.00357449799652923,0.008916964891460787,-0.0014251425514716,0.007052899420699856,0.007052899420699842,0.010835575673040578,0.007052899420699821,0.007052899420699844,0.0070528994206998236,0.00907292953678343
2023-03-14,0.011967741396467113,0.00468883141847121,-0.004323980883003302,0.0165299701263603,0.011967741396467127,0.011967741396467132,0.0026873811894065304,0.011967741396467144,0.011967741396467124,0.011967741396467136,0.009979758728034761
2023-03-15,0.000390285394199226,-0.00152006855904375,0.008144497523910103,-0.006254147053034,0.00039028539419922446,0.0003902853941992145,0.00532452728095317,0.0003902853941992021,0.00039028539419921904,0.00039028539419918825,0.002589597644989692
2023-03-16,0.015142783524660457,0.00699249731532541,-0.001109927945690268,0.0175449499361073,0.01514278352466047,0.01514278352466047,0.00580831959326006,0.015142783524660475,0.01514278352466046,0.01514278352466047,0.013533067980428044
2023-03-17,0.0011113182656189336,-0.00231112904918512,0.01116939410173095,-0.0116926019719587,0.0011113182656189273,0.001111318265618911,0.00830306216335688,0.0011113182656188724,0.0011113182656189166,0.0011113182656188921,0.003870938228234472
2023-03-20,0.005360190532490742,0.00414939319348232,-0.0011964655445736926,0.0096156879894517,0.0053601905324907485,0.005360190532490753,0.00214502023098561,0.005360190532490759,0.0053601905324907485,0.005360190532490762,0.004151969954072764
2023-03-21,0.004406207910277455,0.0034208457527874596,-0.0043407807069859965,0.0131305012226419,0.0044062079102774555,0.004406207910277464,-0.002904964795460479,0.004406207910277485,0.004406207910277458,0.0044062079102774755,0.002476111952085888
2023-03-22,-0.0069233807116103625,-0.00465498205027744,0.009096826151088816,-0.0170467424873533,-0.006923380711610384,-0.006923380711610397,0.002581293406835019,-0.00692338071161043,-0.006923380711610391,-0.006923380711610404,-0.003971232443731624
2023-03-23,0.00768613645758019,0.0038979845564175,0.005847356483392572,0.0027034920869684,0.007686136457580193,0.007686136457580185,0.0074805772282364,0.007686136457580173,0.007686136457580184,0.0076861364575801765,0.00840982623566074
2023-03-24,0.0006016189498213853,0.0035704335945574497,-0.0010457173311843658,0.0065622349315364,0.0006016189498213869,0.0006016189498213926,-0.0009488870102448503,0.0006016189498214116,0.0006016189498213909,0.0006016189498213915,-2.012650545354434e-05
2023-03-27,-0.0031596452747590206,-0.0048018961115099,-0.010242089570412859,0.0018698395934075,-0.003159645274759014,-0.0031596452747590055,-0.00659518245021426,-0.003159645274758995,-0.003159645274759009,-0.003159645274758992,-0.004825488838361636
2023-03-28,4.59459844411082e-05,0.0011061043459003202,0.001387553573699704,-0.0022446076210808,4.5945984441110805e-05,4.5945984441110154e-05,0.00106978111065485,4.594598444110278e-05,4.594598444111124e-05,4.5945984441110805e-05,0.00010504322203560863
2023-03-29,0.009478138872700626,0.00771313736779831,0.0010860386727435418,0.0145345650416239,0.00947813887270063,0.009478138872700631,0.004178238241979721,0.009478138872700645,0.009478138872700624,0.009478138872700631,0.008548064610105849
2023-03-30,0.007171279405459212,0.0065210991416611,0.004159957369054154,0.0058554165098123,0.007171279405459212,0.007171279405459207,0.00587217878138276,0.0071712794054592036,0.007171279405459206,0.007171279405459205,0.007376882817216309
2023-03-31,0.009492040079564053,0.00985703682131199,0.005039296612351179,0.014094638003109,0.009492040079564059,0.009492040079564064,0.00597115705293287,0.009492040079564081,0.009492040079564062,0.009492040079564066,0.00857469982590844
2023-04-03,0.002620101539507635,0.00265357814836406,0.005696388905220014,0.0038104050315395,0.0026201015395076305,0.0026201015395076297,0.004474618136931659,0.0026201015395076223,0.002620101539507631,0.0026201015395076297,0.0029231303311686714
2023-04-04,0.0011622597363601717,0.0003670246125425903,0.006466633567553126,-0.0055478780006873,0.0011622597363601652,0.0011622597363601542,0.00552227680573896,0.0011622597363601331,0.001162259736360157,0.0011622597363601438,0.0028668067773000693
2023-04-05,-0.004967482715959691,-0.00252960973489444,0.00204680379436902,-0.002618370293031,-0.0049674827159597,-0.004967482715959702,-0.0007524835535465102,-0.004967482715959706,-0.004967482715959698,-0.004967482715959711,-0.0039716123226513945
2023-04-06,0.0012023256593007622,0.00226555432293907,-0.0011716257253408604,0.0039007750535111,0.0012023256593007596,0.00120232565930076,-0.00020622549672841967,0.001202325659300768,0.0012023256593007587,0.0012023256593007604,0.0011171099714410043
2023-04-10,-0.0010120898906428426,-0.00219096655758775,-0.006818628962687115,0.001026514310632,-0.001012089890642833,-0.001012089890642826,-0.00492432041567615,-0.0010120898906428154,-0.0010120898906428295,-0.0010120898906428183,-0.002473006411116184
2023-04-11,0.0008422360359707332,0.00231193344110296,0.0015903202617518794,0.0002685714436523,0.0008422360359707387,0.000842236035970743,0.0012142787106545296,0.0008422360359707423,0.0008422360359707441,0.0008422360359707506,0.000251364355411274
2023-04-12,-0.0031412412773956415,-0.00210635100059887,0.0011612571079449197,-0.0040759905879343,-0.0031412412773956498,-0.003141241277395652,0.0002341889676556395,-0.0031412412773956597,-0.0031412412773956493,-0.0031412412773956493,-0.002412179406497897
2023-04-13,0.015239229490831936,0.007369661470947941,0.003772405831763642,0.013282698737322,0.015239229490831951,0.015239229490831951,0.00900522218192254,0.015239229490831943,0.015239229490831945,0.015239229490831951,0.01406196481548001
2023-04-14,-0.0075416212169014405,-0.00735663370319301,-0.007380525035701727,-0.0024427919758124,-0.00754162121690145,-0.007541621216901451,-0.007712666556429549,-0.007541621216901445,-0.007541621216901452,-0.007541621216901456,-0.00722966988422591
2023-04-17,0.0012806248145502148,0.00115901117077115,-0.005204022766992526,0.0035881740111767,0.0012806248145502274,0.001280624814550234,-0.0020855366771707,0.0012806248145502473,0.0012806248145502313,0.0012806248145502397,-8.647227445163886e-05
2023-04-18,0.0009536866254425994,0.0010774972316328277,0.0027808024855806423,0.0006522692741461,0.0009536866254425942,0.0009536866254425913,0.0018545163449237476,0.0009536866254425862,0.0009536866254425917,0.0009536866254425899,0.0013716297395978787
2023-04-19,-0.0014961966566529334,-0.0019414438438387,-0.003560207793533574,-0.0001690250471017,-0.0014961966566529308,-0.0014961966566529293,-0.0021712581781916,-0.001496196656652924,-0.0014961966566529295,-0.0014961966566529295,-0.0017397000134855858
2023-04-20,-0.0032590337287280316,-0.00075534279142848,0.0038389635353593327,-0.0054570079059822,-0.003259033728728039,-0.0032590337287280403,0.0005226461625922898,-0.0032590337287280472,-0.003259033728728037,-0.0032590337287280386,-0.0024795737765591656
2023-04-21,-0.0022905710479267055,-0.00184004517578627,-0.003001053433424423,0.0007769577115002,-0.002290571047926711,-0.002290571047926709,-0.0033576384173731296,-0.002290571047926701,-0.0022905710479267103,-0.0022905710479267046,-0.0025554955499125292
2023-04-24,0.0005317856252998444,0.0016779401043955002,0.004109758918707684,0.001043238434246,0.0005317856252998402,0.0005317856252998398,0.00247713581569644,0.0005317856252998364,0.0005317856252998415,0.0005317856252998394,0.0009260353328125086
2023-04-25,-0.01136381940729099,-0.006793271185941729,0.004342868724248033,-0.015873831663721,-0.011363819407291005,-0.011363819407291014,-0.0021544060743552405,-0.011363819407291031,-0.011363819407291005,-0.011363819407291026,-0.0089054777987282
2023-04-26,-0.002047515611553654,-0.00367073840830443,-0.004485914534973018,-0.0042356873690343,-0.002047515611553658,-0.0020475156115536634,-0.0034651020839688096,-0.002047515611553666,-0.002047515611553665,-0.002047515611553666,-0.0016386471926362553
2023-04-27,0.015482133863202225,0.008908024440922549,-0.001566207067747677,0.0199081527506013,0.015482133863202237,0.01548213386320224,0.00675079510656584,0.015482133863202251,0.015482133863202229,0.015482133863202234,0.014068452306659918
2023-04-28,0.005586479178165477,0.007285970003644671,0.006117993255886124,0.0085350107516404,0.005586479178165479,0.005586479178165482,0.00557422904793432,0.0055864791781654885,0.0055864791781654825,0.005586479178165478,0.005495732392402636
2023-05-01,-0.001966634434599829,-0.00750794840548318,-0.010078085827264124,-0.0010098035798262,-0.002160261449746859,-0.002213272676673591,-0.0048615581944014,-0.0020579901017829918,-0.002137866067637476,-0.0019374858847013413,-0.00215758063574534
2023-05-02,-0.003541345321654992,-0.0007943881802966601,0.009858202736060927,-0.0112390502322293,-0.0019022599746171083,-0.00147490315311237,0.004262204284797887,-0.0023699306481524017,-0.001265242176661659,-0.002252747640719451,-0.0012587815106281613
2023-05-03,-0.0004946480722826693,0.00096186456959599,0.004104462352651945,-0.0068641314307507,0.0003451920059420838,0.0006133619898651685,0.0025246280657424246,-0.0008099571604382578,-0.0012294903108006035,-0.001111784215688763,-0.0008572178728159675
2023-05-04,-0.0017637278590198133,-0.0013343832837810104,-0.0001298091725554459,-0.0070829289062358,-0.0011536288300917348,-0.0009846890617930806,-0.00036519958443191744,-0.0015113576297540636,-0.0012978730501336262,-0.0021938717207885,-0.0012214548773751225
2023-05-05,0.010115209626488656,0.0079961072880319,-0.0030374164314849726,0.0185126862795401,0.007989313326197924,0.007393531777117243,0.001629607174501605,0.009368113733098581,0.008766635120278383,0.009612441263035251,0.008447041099962685
2023-05-08,0.0008692473734422568,-0.00306467303842104,-0.003956130079159308,0.0002665287302792,0.0008050377672810333,0.0007770034992659397,-0.0010688389130084424,0.0010335023115849292,0.0012164465566684205,0.0009620318920891019,0.0011315039372395018
2023-05-09,-0.002030721498978059,-0.0026171927863854498,4.024269817803916e-05,-0.0043854979831947,-0.001257213722513091,-0.001041003034055231,-8.91050202494431e-05,-0.0017483852913323496,-0.0015182283417190425,-0.00138848269589371,-0.0014061776762667138
2023-05-10,0.002357860722058556,0.005133635647495771,0.004529074560018869,0.0046724467004195,0.0016911005427731537,0.001449952834484943,0.0025782399789270917,0.0031337640838469986,0.004032617211144529,0.004744761473831929,0.00352525458803931
2023-05-11,-0.002633602082886672,-0.0013594037534112402,0.0003462044068381216,-0.001743951292276,-0.003301632475199579,-0.0035070897090539585,-0.0025109934895088115,-0.0025289114209715424,-0.002352495556034806,-0.0028881494220483013,-0.0025897255213489178
2023-05-12,-0.0019355840956105815,-0.00428306244618862,-0.0046446888940381344,-0.001310190618347,-0.001833287784743236,-0.001797136594305631,-0.0026895324933428094,-0.0020388753111816706,-0.002159825002679785,-0.00218448758307958,-0.0020883313629379884
2023-05-15,0.004757306824937102,0.00296659829839571,-0.000631115426889249,0.0034499905100349,0.004557540948114804,0.00451583784542061,0.002229969656748907,0.00442135372907883,0.004078754904729613,0.004523591165729749,0.004155822538084203
2023-05-16,-0.007485380670631861,-0.008553947136736042,-0.006537210201265652,-0.0066826462438472,-0.00823825194246891,-0.008490762374516528,-0.00795804923432022,-0.0069773657686810625,-0.006358680478264378,-0.006873550247188139,-0.006783223227693232
2023-05-17,0.006358802736032176,0.00596293198982884,-0.0004656707325425561,0.0121388592685467,0.005480547671333574,0.005210741015630991,0.002458826400824627,0.006490733735659221,0.006716524953984656,0.008463295686608632,0.006406939513715285
2023-05-18,0.0027322425700000426,-0.0008165700191498299,-0.0055540921499851684,0.0096333494030813,0.0009720458718712142,0.00040556953525801407,-0.0027936544947357697,0.003475461153201774,0.004443421108630101,0.0051777067510760545,0.003629989767486806
2023-05-19,0.0031730623080942367,-0.0006941835372099301,0.0008978544000633243,-0.001455229950677,0.003849579291255782,0.004069352587976668,0.0024280798423509426,0.0028492127279695053,0.002436063508573052,0.0012474989681730848,0.0027640938370498526
2023-05-22,0.00025702238584753034,0.0022426707984713906,-0.0009698966787578491,0.0004063386705981,-6.313372042561591e-05,-0.00016334843751075935,-0.0010099484689938163,0.0003397335967631202,0.0004593084270409105,0.0016477209728125671,0.0003325020929253348
2023-05-23,-0.009695218457517139,-0.006040133718272811,-0.0011415434386135665,-0.0112229948631562,-0.008878195520720972,-0.00867172626421037,-0.004724109240633281,-0.008989386298755621,-0.00830748772781606,-0.007280844155204124,-0.008353404220850347
2023-05-24,-0.00927027887121672,-0.00860429872482908,-0.005779754911936228,-0.0072447682837396,-0.00940422680161962,-0.00948703340288425,-0.007372099882982448,-0.008474991889666824,-0.007606091946923011,-0.007192447970579795,-0.007965705862588098
2023-05-25,0.004230556555279812,-8.0334824875902e-06,-0.004528892085923304,0.0086599462346879,0.002352501367740821,0.0017265373982086347,-0.002084496265272205,0.0054246943016412735,0.006889308688611792,0.0062319965479154076,0.005859743612152373
2023-05-26,0.012168105196272571,0.01070693611180256,0.004914443867970236,0.0129506624815636,0.0109734589542008,0.010578353398781114,0.006984178316502595,0.012870480757591354,0.013740531165522703,0.013885785614410891,0.013108678581056254
2023-05-30,-0.0007328865749298777,0.00148876329351324,0.004676907886590643,0.0003809122682287,-0.0005784454248126971,-0.0006107824142708778,0.002491798085479756,0.0007285367925173557,0.0022870239853951847,0.002962929454243978,0.0017431507400438655
2023-05-31,-0.005412362664524472,-0.00184589299294136,0.0009450732948105176,-0.0055451876190417,-0.004972625297720018,-0.00487954225684098,-0.0017481944114444603,-0.004696725484090045,-0.00396828636833545,-0.0038936524496094344,-0.004128307061124991
2023-06-01,0.010291522293332776,0.00823294310751772,0.005958813466038361,0.0095011155336104,0.01017125693156139,0.01017125693156139,0.00954575513355808,0.010425511942951396,0.01018534226097331,0.009767329325079555,0.010301390180067524
2023-06-02,0.003939548544116383,0.00764495857226531,-0.0035268045528297543,0.0144611376523082,0.003460645885436853,0.003460645885436851,0.0023227663851753417,0.004473102000346554,0.0035167343684746276,0.00579048110343734,0.0036758820495772374
2023-06-05,0.000660729354685695,-0.0025897921236698596,-0.00034516265921677913,-0.0019163581586615,0.0008646576056915683,0.0008646576056915684,9.334979339969919e-05,0.000433529481861501,0.000840773782872535,0.00010225984570497487,0.0006093182031736226
2023-06-06,0.0018871462133583446,0.0064661244205710695,0.002313413425419319,0.0021774620395784,0.0017625830636727432,0.001762583063672744,0.002711458166116266,0.0020259241003237668,0.0017771717446534176,0.0035658325755727146,0.0020962416604768472
2023-06-07,-0.010553971530341284,-0.003952181272263701,-0.008678592466840336,-0.0034576506872515,-0.010609539807562927,-0.010609539807562926,-0.008717171542384461,-0.010492061983941786,-0.010603031720130343,-0.007858995480078537,-0.010287892038665855
2023-06-08,0.010514354167167015,0.0064506071325024904,0.008437274516350884,0.0060484778662011,0.010559827270419958,0.010559827270419958,0.009749531345785779,0.010463691822812909,0.010554501517191714,0.00912798918858367,0.010487650075464466
2023-06-09,0.0007298136323056948,-0.00156574013869099,-0.0023846631207096276,0.0017944097900284,0.0007123686379845388,0.0007123686379845385,-0.0006610345311576645,0.000749249392047835,0.0007144117739963003,7.040530522648661e-05,0.0004959326346354043
2023-06-12,0.00805046401064869,0.00436131098558908,0.0023734329907495787,0.0090717969259388,0.00796037648275114,0.007960376482751136,0.005009667891216335,0.008150832031167739,0.007970927421838282,0.007943069702705793,0.007465843912496298
2023-06-13,0.0033103837154224445,0.0022795833668771207,-0.0033679231692111565,0.0065928861298654,0.00301948745849465,0.003019487458494649,0.0015790312936759757,0.003634476097194136,0.0030535568658715765,0.0032191903776231275,0.003089668983507419
2023-06-14,0.003130864375276429,0.0025594781547938505,0.0021915336698905908,0.0011908620144434,0.0030760926821705886,0.0030760926821705886,0.0020662139166748947,0.0031918864339987108,0.003082507474663468,0.0016288547049285668,0.0029365755160354855
2023-06-15,0.01052250860195683,0.009084150805539662,0.00854478945802864,0.0123977244099389,0.01046117930558875,0.01046117930558875,0.009870446467665574,0.010590836596074842,0.010468362116409941,0.010226189534239826,0.010408587110359177
2023-06-16,-0.0035999500787036514,-0.0035505206787294604,-0.0026900220751345577,-0.0034061095469195,-0.0035889580575372802,-0.0035889580575372802,-0.002953210252519859,-0.0036121964732015303,-0.003590245429368628,-0.004171676573604713,-0.003426869043205812
2023-06-20,-0.006462431344792291,-0.0052374825926132206,-0.0021717726401663372,-0.0051884361737655,-0.0064129017916458985,-0.006412901791645902,-0.00712722229292294,-0.006517613047770637,-0.006418702631234424,-0.0055268106798713,-0.00687685932648209
2023-06-21,-0.005856221697122193,-0.00295353853053764,-0.0005448162772346781,-0.0051236926932112,-0.0059074631772372994,-0.005907463177237296,-0.002769652733823764,-0.005799132707695516,-0.005901461838893949,-0.006291644205736627,-0.0053111891957090184
2023-06-22,0.001091178579149134,-0.00488681564933892,-0.0058970761612267344,0.0036097827997971,0.0010270249753669579,0.0010270249753669542,-0.0027195915772544378,0.0011626531813615794,0.001034538565555559,0.0009057264885441924,0.0003183041606741868
2023-06-23,-0.006284754273817343,-0.00567856610866796,0.00023414644237027373,-0.0075599980551566,-0.0059686102997018094,-0.0059686102997018094,-0.005000447747960162,-0.006636975559288556,-0.0060056366882764,-0.00592027031880389,-0.00619004747524144
2023-06-26,-0.004606789280247145,0.0017571316797319802,0.0014063913695589307,-0.0040856683674502,-0.004598646070093779,-0.004598646070093776,-0.001363794923991078,-0.004615861766781501,-0.004599599792726726,-0.004625792571928087,-0.004020985001918344
2023-06-27,0.008171862840462485,0.006201109976044021,-0.0004669269024028318,0.0109632335676312,0.00794170250659793,0.007941702506597927,0.004811143340744324,0.008428288315232502,0.007968658598296242,0.008513074996911977,0.007608346842326318
2023-06-28,0.00016632341896148704,0.00138053348049873,0.0020875667597838256,0.0005044556740987,0.00011439203771723087,0.00011439203771723,0.00021364974808811785,0.0002241810387668978,0.00012047417642174036,0.000535444574714348,6.503671405138798e-05
2023-06-29,0.00011497939652804561,-0.00190712323950456,-0.005829309723766513,0.0039412051602167,0.00012055559213474982,0.00012055559213474862,-0.0007239394561277845,0.00010876686380422622,0.00011990251504897034,0.0014105696833560596,0.00014450247530467953
2023-06-30,0.01149125390871775,0.00857122322509337,0.006544651518619996,0.0118008424545741,0.011394076792983559,0.011394076792983559,0.009622980631142176,0.011599520557538249,0.01140545805576992,0.010642876619313662,0.011270726039815177
2023-07-03,0.0012393756820137172,0.0013681093052250602,-0.0017967303330540863,0.0011503707012059,0.0012778275844225794,0.0012778275844225798,0.00019189131008385407,0.0011965357748696575,0.0012733241454941416,0.0015910861623631462,0.0011416851266895485
2023-07-05,-0.0027640533894640633,-0.0051403742854869055,-0.00586278839583951,-0.0014871681691336,-0.0026317776012436873,-0.002631777601243689,-0.004290311011062857,-0.0029114240559271606,-0.0026472695768455,-0.0025098459297628424,-0.0030710234715216654
2023-07-06,-0.007507257427319052,-0.011237881025656201,-0.00908981919709716,-0.0078305738939552,-0.007259540349853121,-0.007259540349853124,-0.008307503578179085,-0.007783243163572042,-0.007288552665499739,-0.007142752713503785,-0.00764139522165168
2023-07-07,0.0012504228294406912,0.0020545463379403796,0.0016751042444482153,-0.0025248080420355,0.0012498966330205506,0.0012498966330205528,0.002579663337431281,0.0012510090736670132,0.0012499582604900358,0.0015526518379796153,0.0016770949252993797
2023-07-10,0.0014101077264964475,0.00403362074291448,0.0037663114919898413,0.0025311988332057,0.001374906273506342,0.0013749062735063419,0.0021608157565673673,0.0014493262536163058,0.0013790290238464315,0.0028036101371089004,0.0014730462380427947
2023-07-11,0.0055079134171580335,0.007070585751636001,0.004444651459028856,0.0063685424322008,0.00541712848048282,0.005417128480482821,0.0055193606045441145,0.005609058432452491,0.005427761099217561,0.005544298178337094,0.005576993136055305
2023-07-12,0.012270860613467369,0.01216751949351759,0.01145896887297128,0.0080458263372142,0.01217486297666256,0.012174862976662561,0.0125184637263476,0.012377813185099276,0.012186106100345437,0.011355799720341555,0.012429441208292237
2023-07-13,0.009553654737999856,0.009504069565355482,0.007425517384807805,0.0079370772357243,0.009289470360002269,0.009289470360002269,0.008240089265747227,0.009847986969003308,0.009320411305381483,0.008496982919001672,0.009251068572179097
2023-07-14,-0.0018142663231044188,-0.00455869451232714,-0.005298677314684041,-0.0006229565074751,-0.001771625342841521,-0.0017716253428415223,-0.002845166547412018,-0.0018617733519002977,-0.0017766194013518334,-0.0021833238853464494,-0.001985908183204911
2023-07-17,0.0039029550741081806,0.00215559254829536,0.0012400278204254267,0.0034722161018971,0.00393639358748834,0.003936393587488338,0.0020194403046914213,0.0038657006674728605,0.003932477310440095,0.0051285719113920705,0.003520789686488609
2023-07-18,0.00868541358718909,0.00413075978162864,0.0043815430438205625,0.0074305064891337,0.008770936909539558,0.008770936909539558,0.007828222608748832,0.00859013062435444,0.008760920524522582,0.009354865989334632,0.008705049485847067
2023-07-19,0.0005801067751238657,0.0035527118591606004,0.0029136202369300394,0.0022237159825646,0.0005922427377913408,0.0005922427377913412,0.0009605637569326449,0.0005665858962802073,0.0005908213889558646,0.0010696774776963428,0.0005802090425112981
2023-07-20,-0.010937962510172308,-0.008603534115838581,-0.0066583999079209,-0.0066343559373435,-0.0109369735808461,-0.010936973580846096,-0.007453169079505219,-0.010939064292863225,-0.010937089403017337,-0.011298900410579304,-0.010231077861128977
2023-07-21,-0.0015279006509241059,-0.00011445971222245996,0.000376399730503595,0.0,-0.0016159658675838299,-0.0016159658675838295,-0.0006838790659575546,-0.0014297857211552616,-0.001605651779070611,-0.002136968631234456,-0.001417906072183105
2023-07-24,0.0003235005941675847,0.00164712878291979,-0.0016600307783258298,0.0044672010849957,0.00029156565419378983,0.0002915656541937905,-0.0005554268663764206,0.00035907984454072056,0.0002953058345969887,0.0007817488179194497,0.0001328922923041095
2023-07-25,0.004553634756553509,0.0011918198376705401,0.000498159617449856,0.0027300666081853,0.004631112847458209,0.004631112847458209,0.0031031008063338245,0.004467315120537495,0.004622038709929949,0.004512423242298815,0.004406976009221123
2023-07-26,0.000745136992475195,0.0031728187236641303,0.0038314535141100847,0.0001538501878926,0.0007826681798069209,0.0007826681798069228,0.0021384951140023074,0.0007033228693870522,0.0007782725738818096,0.0013020209704251889,0.001020191153719705
2023-07-27,-0.007415359560212633,-0.011649966638094571,-0.011155708756289219,-0.0066299091748966,-0.00764720784859825,-0.007647207848598254,-0.008571691006433714,-0.007157053507098872,-0.007620054065768337,-0.008710606045117543,-0.007643699152391166
2023-07-28,0.011498915153983748,0.009439583750830382,0.006479669883994408,0.0097901235311175,0.011512923430734389,0.01151292343073439,0.008747979400242922,0.011483308298726888,0.011511282798804966,0.012090179168922393,0.011078161411912948
2023-07-31,0.001520985602315934,0.00304153206549512,0.0019207795859874643,0.0019042112484137,0.0015629000784823312,0.0015629000784823308,0.0016176093438389938,0.0014742879838764774,0.0015579911072271333,0.002696755552803084,0.0015529538852961393
2023-08-01,-0.004911314075267556,-0.007908690076945411,-0.008583887508150914,-0.0028616480756876,-0.0051767964778208836,-0.005620584169751995,-0.007006587582728183,-0.004911315220756204,-0.004843442184021187,-0.004758916406993171,-0.0057926648819330954
2023-08-02,-0.01716656997786672,-0.01213186852102447,-0.006919929394603677,-0.0139109407780017,-0.01733545861318145,-0.01761777750490033,-0.01465513171432102,-0.017166570706577976,-0.016433739827335175,-0.014100237188594522,-0.014880961050691695
2023-08-03,-0.0024589756436428226,-0.005674856893521741,-0.005379232833220872,-0.0028658001450105,-0.0024573867546616368,-0.0024547307241040033,-0.0020557004019452958,-0.002458975636787173,-0.002324355404652468,-0.0018785150852871958,-0.0019128239080510388
2023-08-04,-0.0026408053290263404,0.0024580273787549304,0.006927192972191862,-0.0045227453496192,-0.002480254840576577,-0.002211874224677858,-0.0007609524906340349,-0.0026408046362920564,-0.002564663890179765,-0.002228405208400468,-0.0016259973019988935
2023-08-07,0.0069271703137393555,0.0020372738577630303,-0.00042231086402488545,0.008728704463734,0.007188409827243784,0.007625104989048519,0.005959272000293588,0.0069271714409210264,0.00638437081598207,0.004727679789252955,0.005812829546383681
2023-08-08,-0.006322148491483343,-0.002939474988758,0.00021447471278602566,-0.004348725702132,-0.006314344438341771,-0.006301298968291415,-0.00606273503869529,-0.00632214845781085,-0.0063369357115358365,-0.006381706156740847,-0.006336844721598732
2023-08-09,-0.00697773410446993,-0.00214107358510678,-0.0009455229368392148,-0.0066853112121182,-0.006724553095568972,-0.0063013287518824766,-0.005395560309268961,-0.006977733012058647,-0.007177739578013419,-0.007705528142737042,-0.006680220073528779
2023-08-10,0.0005694057937938344,-0.00325280381552387,-0.0041279441717576625,0.0003589467786604,0.0008622031765967671,0.0013516513414011454,0.0012157536801031183,0.0005694070571396374,0.00032856511561622434,-0.0003133426958565268,0.0008229086491401687
2023-08-11,-0.003095302858661871,-0.0036424473406947303,-0.003702626036851497,-0.0005832301787873,-0.0033692764539654993,-0.0038272582574315223,-0.0031030977018216815,-0.003095304040787846,-0.0027742741047282115,-0.0018573802131822944,-0.0029347740703789494
2023-08-14,0.003809512774290415,-0.0008041183643050902,-0.0013365191428081125,0.0055202502884978,0.0037186152904204236,0.0035666685542863567,0.0018358886170380092,0.0038095123820910295,0.0038695665398785174,0.004020204647145153,0.003593494882449709
2023-08-15,-0.011806379298978558,-0.00864389559032978,-0.005101764701129956,-0.0116489011522294,-0.011778745183464074,-0.011732551235297334,-0.009751380710675599,-0.011806379179744414,-0.011264510717376948,-0.009458743548146045,-0.009504518687316166
2023-08-16,-0.009487880799101928,-0.00815998526034606,-0.005254526649528284,-0.0073381573956728,-0.009352061275696596,-0.009125021621725071,-0.007979283010316893,-0.00948788021307543,-0.009330306470741491,-0.008737887666574115,-0.008272125001124342
2023-08-17,-0.009375201530601257,-0.00529203592996034,-0.002742717777221864,-0.0076200887379572,-0.009218276587039172,-0.008955956531773557,-0.006906478039952282,-0.009375200853510268,-0.009039098715465922,-0.007845415980687312,-0.007340795910973802
2023-08-18,0.0008962006061907488,0.0011527972578655198,0.001931988125043383,0.0004814463108948,0.0007134592810575855,0.00040798385172102677,0.00012340625515976374,0.0008961998177086782,0.0008717277819906724,0.0006945777410565118,4.4016608532253905e-05
2023-08-21,0.007200070540692027,-0.00047231538772685985,-0.0021715692605510707,0.0065061582555341,0.007374084825100986,0.0076649718929373695,0.006469115886739376,0.007200071291519151,0.007178063413348541,0.007196971727422032,0.007769551350120024
2023-08-22,-0.0022168498987902296,0.00046785480149309994,0.0009347526374282708,-0.0027084869843014,-0.0021789816251376703,-0.0021156799765159363,-0.0013068309185690174,-0.002216849735398316,-0.002016714991518835,-0.00133519922564005,-0.0012504909479368201
2023-08-23,0.012375296516738726,0.013993650604202532,0.01182888347208794,0.01113781125554,0.01238200247353759,0.012393212335514638,0.01169415253521688,0.012375296545673212,0.012338115499228596,0.012218741275213631,0.01222688867827559
2023-08-24,-0.01608071137036074,-0.00844040173255312,-0.004733847175230534,-0.0138592140718145,-0.016076727278289366,-0.016070067360314428,-0.01224777953522544,-0.0160807113531704,-0.015336583082487969,-0.012874678834112759,-0.013008121375493911
2023-08-25,0.006621413050304325,0.0029791925929683804,0.0010692132808204238,0.0070498712118054,0.006704661780451083,0.006843822649317352,0.005194911924034613,0.006621413409501299,0.006194281823107392,0.004826196211777584,0.0052308938934977935
2023-08-28,0.008038789017168558,0.00623144857764011,0.004137628353057429,0.0063413039300805,0.008093279204188087,0.008184366500738506,0.007004516584879808,0.008038789252279771,0.007626470425603792,0.006292202278542672,0.00660975029555763
2023-08-29,0.016169838342638847,0.012275297125664632,0.00913962659512349,0.0144548319768871,0.016117747077079893,0.016030669883677087,0.01423969680751246,0.016169838117878362,0.01601514825736966,0.015476364400067034,0.015277132510029351
2023-08-30,0.0035828988571054658,0.0013215821224683301,0.00021614555372429412,0.0041188704183181,0.0034376235166392747,0.0031947772585825002,0.0027827593797290573,0.003582898230279538,0.0037245045923470135,0.004116081062594247,0.0035210691586062834
2023-08-31,-0.0006530775461448013,-0.00173030742263874,-2.990798567378197e-05,-0.0014633605697969,-0.0007253306480898823,-0.0008461109221821715,-0.0013386155958864411,-0.0006530778578984507,-0.0005432823056518423,-0.00021839752362230128,-0.0005443214532084219
2023-09-01,0.0025628052083475315,-0.00027426563542967035,-0.0034462848298744773,0.0018650284896026,0.0025199412704094938,0.002435799899710128,0.0021952877198081313,0.00259502113228888,0.00257356289668293,0.002293155212935005,0.0012181383933855781
2023-09-05,-0.006919516252194064,-0.00878844772615615,-0.006953151039255352,-0.0043218443613685,-0.006876804761652042,-0.0067929626432723916,-0.006553305855042263,-0.006951617598848507,-0.006873812051899275,-0.006279219753094385,-0.005298620320138616
2023-09-06,-0.005839317007396148,-0.00346777059214863,-0.002885756485189303,-0.0067224429339429,-0.0058336985409963476,-0.005822669562165925,-0.0057911440032339615,-0.00584353976654778,-0.005922823593869624,-0.006344659014064387,-0.006071934751664381
2023-09-07,-0.005680748274206466,-0.0016954475151458204,0.0017652176588761484,-0.0030702312651044,-0.005658624258613625,-0.005615195094451285,-0.005491055888526922,-0.005697376368541762,-0.005510941479380531,-0.004386654745683468,-0.004113347738111598
2023-09-08,0.00013881814357418815,0.00025688673185510994,0.00042941053170274143,0.0015061261901749,0.0001415949614030861,0.00014704581985300073,0.00016262671468783457,0.0001367311269285362,0.0002038482363520644,0.0005891640904408756,0.0005532744059808133
2023-09-11,0.008023572762660226,0.0034671701199805102,0.0009925606116637895,0.0065765753018796,0.008051074137805776,0.008105058991092207,0.008259370890668945,0.00800290312163816,0.007734279193650003,0.006336751650198537,0.0074798883194239895
2023-09-12,-0.005968642572021801,-0.00234675462030759,-0.001616817911511473,-0.0054855707359185,-0.005979332079128463,-0.006000315447043832,-0.006060294925831286,-0.005960608491055732,-0.0060143532401661925,-0.006354607313801327,-0.00654499672883513
2023-09-13,-0.0004585917040210749,-0.0016038509919257102,0.0003353318554365868,0.0011659670580213,-0.00044665399281704557,-0.0004232204159680729,-0.0003562371875751847,-0.00046756391737064846,-0.0004222773474762745,-0.00012459557800957415,0.00011168226468667394
2023-09-14,0.010498480982435856,0.005806729857214929,0.0008118332364199926,0.0086224779216608,0.010495277082236656,0.010488987866468964,0.010471010586308348,0.010500888988095126,0.010040215313770435,0.007454896328483792,0.008111627888967944
2023-09-15,-0.011327684137311283,-0.00535836407124007,-0.0012394519719671968,-0.0120484571706382,-0.01129935538388047,-0.011243746397433217,-0.011084792027645743,-0.01134897562404307,-0.010991069399159142,-0.00888570611536341,-0.008727113740821222
2023-09-18,-0.0015552629956705226,-0.0004246551112394001,0.0018555428139616472,0.0005865031653229,-0.001544431877227514,-0.0015231705280411723,-0.0014623964593760146,-0.001563403509695722,-0.001210029689923135,0.0008044801504308089,0.0005174491177537502
2023-09-19,-0.0018931903987140658,-0.00330277266485265,-0.0025572195852884864,-0.002073686452973,-0.0018768646135419057,-0.0018448173027205265,-0.001753212322654453,-0.001905460625825472,-0.00194728990470636,-0.0021198014585782684,-0.001630071129194231
2023-09-20,-0.009597518653679072,-0.00357801586395643,-0.0010005039604730143,-0.0091935474900844,-0.00957122082485751,-0.009519598517857587,-0.009372039790385875,-0.009617283726462693,-0.009468529634679179,-0.008539094948151894,-0.008097254431173298
2023-09-21,-0.016876114342935893,-0.01687710721107158,-0.009914148143293316,-0.0165282898513929,-0.016879916827049722,-0.016887381055508213,-0.016908717026659095,-0.016873256450150205,-0.016541085538398545,-0.014699823506860176,-0.015331580423210516
2023-09-22,-0.0009270892243665725,0.0022029090352363905,0.003884073437890466,-0.0022485015294771,-0.0009163401807474788,-0.0008952399434075178,-0.0008349264016039752,-0.0009351680521255978,-0.0008358368489531251,-0.000240714252816516,-0.00012197764810356767
2023-09-25,0.0027349225898470413,-0.00431734477368813,-0.0063497153979770755,0.0042050627961618,0.0027042221589185333,0.0026439575993925327,0.002471695601971301,0.0027579965955342703,0.0026895132534820185,0.002191980813151693,0.0015073022932132233
2023-09-26,-0.014069978043216795,-0.010243496319402651,-0.005237504849820444,-0.0146911808147859,-0.014070237710688868,-0.014070747434668445,-0.014072204444751081,-0.014069782880851115,-0.013892095597928082,-0.012900508540281776,-0.013192525192492723
2023-09-27,0.0023658313152322536,-0.0021620720689291503,-0.005456705475720091,0.0003991290167313,0.0023270835495976957,0.0022510221733251273,0.002033606088210171,0.002394953582821955,0.00196369530070383,-0.0005904352000826838,-0.0009009340387588005
2023-09-28,0.007693336197670828,0.004616366331194991,0.0014741621801823608,0.0057973975909042,0.007690349854417545,0.007684487700196594,0.007667731145378389,0.00769558069063481,0.007217108030215319,0.004533178899367121,0.005224119738873344
2023-09-29,-0.002043500583476364,-0.00177137254733679,-0.00317559497762532,-0.0024269434552449,-0.0020371689767750326,-0.00202474011250807,-0.0019892130796857286,-0.002048259328699715,-0.002305409893378376,-0.003718136369498576,-0.00314136984187345
2023-10-02,-0.0035700119101905107,-0.008970343239729681,-0.00874692130165769,-0.0003976351599567,-0.003568453371051045,-0.0035653939783355684,-0.0035566489198101754,-0.003571183285962136,-0.003419281548298658,-0.0025649224287616584,-0.0027684760722524503
2023-10-03,-0.015170343925978793,-0.01372475443760851,-0.008983942400453774,-0.0133860227905664,-0.015155468859903959,-0.01512626929241231,-0.015042804386014413,-0.015181523813323295,-0.01481394054197904,-0.012704910667774906,-0.012910084800425473
2023-10-04,0.0067124072151711015,0.00614914576265005,0.005155336388301959,0.0072819115884572,0.00671696498428557,0.006725911827694538,0.006751485749222618,0.006708981660959388,0.00664659109499094,0.00631514856040823,0.006533294326707987
2023-10-05,0.000874392579834532,0.0009415676905214501,0.0005808063795240007,-0.0003767868945653,0.0009020461548704041,0.0009563297746259832,0.0011114956771049868,0.000853608547547311,0.0005096320697739128,-0.001308244112019178,-4.018156199614919e-05
2023-10-06,0.012721033471163122,0.0050698433797207905,0.0006694723921363483,0.0118727775303668,0.012725989352016614,0.012735717683758748,0.012763525434626867,0.012717308701850765,0.012511134788823354,0.011378010814590434,0.01183732034080132
2023-10-09,0.00434831888017925,0.00889898600681366,0.011747265107865086,0.0064022717515641,0.004323363933573732,0.004274377687462785,0.00413435395431661,0.0043670746618567425,0.005047340870172622,0.008753835971610476,0.0070156750883760355
2023-10-10,0.008223800937827694,0.005029879998163671,0.0010601776594722971,0.0052048394199699,0.008232130735833435,0.00824848202448229,0.008295221031042986,0.008217540380540879,0.007673690196599785,0.004666946152102441,0.005755759197103192
2023-10-11,0.0038376081999568407,0.007715006197648361,0.005870846132049915,0.0040963293718752,0.0038578975201625657,0.0038977252003709498,0.004011569818158115,0.003822359036487207,0.003963050681631159,0.004824944403115424,0.005124208575758434
2023-10-12,-0.0091226495152674,-0.011646609503528811,-0.008105941826490989,-0.0060964572702508,-0.009073456285294337,-0.008976890593988847,-0.00870086436899888,-0.009159622444761935,-0.008901050682057758,-0.007272423235301338,-0.006414292558019298
2023-10-13,-0.008779830671080107,0.0020652501475919003,0.009199445619729647,-0.0049809478562525,-0.008783061920684619,-0.00878940482299071,-0.008807535562338821,-0.008777402109998177,-0.0072898180141546835,0.0010077114887126126,-0.0014643967195440174
2023-10-16,0.01128067383518883,0.00308212629773361,-0.003254849576531625,0.0105214961405404,0.01125018872067654,0.011190346824565664,0.011019292980737505,0.011303586012130922,0.01082266281940137,0.008022051412145882,0.008005161412847382
2023-10-17,0.0013993553029470725,-0.002257366605943713,-0.004959237720028071,-4.589630894502594e-05,0.0013629062986692572,0.0012913573620084236,0.001086839767596376,0.0014267498543121242,0.0014219518450513434,0.0012586344691577812,0.00032290907538468495
2023-10-18,-0.015542829632106158,-0.010791703941363952,-0.00358662665017817,-0.0133251642841117,-0.015531874743758068,-0.015510370435805786,-0.01544890188662602,-0.0155510631698254,-0.01438761784082853,-0.007847592044292674,-0.009432074112089347
2023-10-19,-0.010432696048823274,-0.009370488640564101,-0.0028540023283877285,-0.008786305077294,-0.010408295151180205,-0.010360396496209436,-0.010223481565710436,-0.010451035415208742,-0.009655914272397752,-0.005122983619994739,-0.005768052375997175
2023-10-20,-0.012552404669548524,-0.004964945550726551,0.0015013865865321234,-0.0122881256189253,-0.012538631559301516,-0.012511595117230984,-0.012434313352444767,-0.01256275634262146,-0.012123387117179162,-0.009617488783493191,-0.009966445295702358
2023-10-23,-0.0012013334107784858,0.00040762493651558,0.0029272939528805766,-0.0017330797828243,-0.0011695438011126733,-0.00110714119743342,-0.0009287677514376053,-0.0012252260276584246,-0.001329740947228092,-0.0017944958891876433,-0.000803858747395773
2023-10-24,0.008080064489585825,0.00777946020071104,0.003601899261785048,0.0075393164938624,0.008069649511974326,0.008049205042002823,0.00799076596501944,0.008087892238101788,0.007863959537458063,0.006574065270026032,0.0066640362270390645
2023-10-25,-0.016428299790146136,-0.013308335803925011,-0.00654528417915144,-0.0143521175434954,-0.01639605334560574,-0.0163327539808173,-0.0161518172063728,-0.016452535757597222,-0.015997928279698446,-0.013337719358145626,-0.013232987274434505
2023-10-26,-0.010197466072793272,0.0010351450097947305,0.003127949159287749,-0.0119746138187043,-0.01023118143770604,-0.01029736427469808,-0.010486543251279363,-0.010172126085756737,-0.009902179497994868,-0.008520537404026278,-0.009826637767430667
2023-10-27,-0.0029170459420535173,-0.0024424939594299803,0.0017142722653393785,-0.004532814510393,-0.0028869559334152974,-0.002827889625162526,-0.0026590527445821644,-0.002939661163060152,-0.00236969722045595,0.0009268152138738128,0.0007905142280381312
2023-10-30,0.010594309175851756,0.004175930014208179,-0.0008473212480868698,0.011955796396436,0.010619161261113827,0.010667945591702173,0.010807392163553083,0.010575630703291816,0.009947326111482826,0.006530702891081264,0.008182771542404321
2023-10-31,0.0057907489573182265,0.0020767929481781302,-0.0015752431633800324,0.0062801674417629,0.005773359474582231,0.005739224138830416,0.005641650686614031,0.005803818644336067,0.00545336477472321,0.0034306021181374374,0.003543191209354435
2023-11-01,0.010167335284920566,0.010294506381728023,0.009026195451496685,0.0106648450871131,0.010593848413554569,0.010915663764435929,0.010915663764435951,0.010167337472838298,0.010167335437203048,0.00858863208053318,0.009617120567657301
2023-11-02,0.01663772671588957,0.01789864132632257,0.009846933472013927,0.0191642651619667,0.017218358383153342,0.01765646021681032,0.017656460216810367,0.016637729694401186,0.016637726923198592,0.016320932460925357,0.016803074365395063
2023-11-03,0.00938880724619307,0.01260213336527814,0.006678194044180748,0.0091235275685825,0.009624780261460013,0.009802828095415085,0.009802828095415123,0.009388808456682229,0.009388807330444943,0.011550698379999749,0.010599071024275715
2023-11-06,-0.0005376236392816567,-0.00460881197806489,-0.004864683195428211,0.0023002720213085,-0.0004436655240427767,-0.0003727716598360975,-0.0003727716598361046,-0.0005376231572973473,-0.0005376236057347839,-0.0019680975845325095,-0.0011991148754427704
2023-11-07,0.0015712719802924888,0.00169582789461298,0.003067459823530379,0.0028461911355184,0.0015062843575271844,0.0014572494903235965,0.0014572494903235958,0.0015712716469203818,0.0015712719570892444,0.002130043346698204,0.0018139073344064136
2023-11-08,-0.0014916744326487217,0.00021829037865382043,0.00048651075483421705,0.000732339436186,-0.0011976706360309949,-0.0009758370543262463,-0.0009758370543262373,-0.001491672924474443,-0.0014916743276774192,-0.003686547453949871,-0.002423180262705876
2023-11-09,-0.004047776154379172,-0.0095294945833972,-0.006188958853887655,-0.0077987571396322,-0.004187915167160128,-0.004293653730741354,-0.004293653730741391,-0.004047776873261154,-0.00404777620441441,-0.00622250734277525,-0.005211064285913845
2023-11-10,0.010769024870576162,0.00710177722186256,0.0015970915156858882,0.0156049344989286,0.011292328693355065,0.011687175163578669,0.011687175163578712,0.010769027555008647,0.010769025057416804,0.010656943714549401,0.011004593922127805
2023-11-13,0.00029362821553875686,-0.0006860275107999291,0.0011006086538194611,-0.0009532525822033,0.00019295086661877381,0.00011698716422991462,0.00011698716422990182,0.00029362769908630504,0.00029362817959287534,0.00015801236583938224,0.00016987278172251924
2023-11-14,0.019844286658473004,0.026577001033303654,0.015393853020061271,0.0194007709739088,0.020408772451857345,0.020834691799867487,0.02083469179986757,0.019844289554159792,0.019844286860017216,0.02333025230992267,0.02189827837383251
2023-11-15,6.807668839521212e-05,-0.0015307086308046403,-0.004135394433447293,0.0021170859089065,0.00010497877021531875,0.0001328223595726462,0.0001328223595726538,6.807687769469517e-05,6.807670157073784e-05,0.000518203426234677,0.0003132529242467205
2023-11-16,0.002254981175195023,0.00129550134601798,0.006905215365993735,0.0012230217291855,0.0018479563809048183,0.0015408454898252198,0.001540845489825178,0.0022549790872481807,0.002254981029870725,0.0006711281559167413,0.0012378855581505499
2023-11-17,0.003681837875185994,0.0037344397653819097,0.0021268594284861698,0.0012438928869547,0.004145221672722707,0.004494856911090666,0.0044948569110906875,0.0036818402522420797,0.003681838040632809,0.0026468887320215736,0.0034235034248300536
2023-11-20,0.0066046933406331155,0.0059146999129965905,0.0026149820874221043,0.007697555105977,0.0067876998616243165,0.006925783085357633,0.006925783085357648,0.006604694279415956,0.006604693405973847,0.006523353840398555,0.006666044946095166
2023-11-21,-0.0016073666056421446,-0.0026115467642096497,0.0020780062395061067,-0.0021795631798496,-0.0021056898356189594,-0.002481687792870468,-0.0024816877928705086,-0.0016073691619297266,-0.0016073667835637062,-0.001930594318845178,-0.0020462466306037774
2023-11-22,0.0022750562620763803,0.00224533408107772,0.0007157755696073535,0.0038608341978543,0.0025000613242673977,0.0026698335497344038,0.0026698335497344237,0.002275057416302417,0.002275056342412293,0.002395120934810759,0.0024603064864528713
2023-11-24,0.002428023443267528,9.932442265640057e-06,-0.0014107662249928962,0.0006155380449754,0.0025107193201474205,0.002573115529895461,0.0025731155298954617,0.0024280238674790405,0.002428023472793325,0.0020920372399768623,0.002306425586641452
2023-11-27,-0.0005555196654481185,0.0029269405261432204,0.005594142274143442,-0.0018010380546071,-0.0009011903514211843,-0.0011620079573225514,-0.001162007957322568,-0.0005555214386620549,-0.0005555197888665734,0.00025221222142185907,-0.00034499975220784616
2023-11-28,0.003277046750450214,0.00387188736201565,0.005605923098653319,0.0009901426080394,0.0028338930021197225,0.0024995218668861494,0.0024995218668861213,0.0032770444771698143,0.0032770465922263734,0.00361850255743351,0.0032005858300311525
2023-11-29,0.0002315234593516188,0.0034245835565474506,0.004247373745745281,-0.000703363307513,0.000251697662348035,0.0002669196280512722,0.00026691962805127956,0.0002315235628407931,0.0002315234665546174,0.0007070001118399873,0.0004800316680152828
2023-11-30,-0.00043707246866502274,-0.00121680864097244,-0.003525927557880927,0.0039374269417988,-0.00032368912780110666,-0.00023813842097740435,-0.00023813842097738808,-0.00043707188703365077,-0.00043707242818258763,5.620902301503507e-05,-0.0001277584676283595
2023-12-01,0.00886205034798794,0.013495870698231022,0.011438359031695407,0.005915794115564,0.008862050347987958,0.008862050347987952,0.008862050347987937,0.00886205034798794,0.008862050347987946,0.009750825869163923,0.00886205034798797
2023-12-04,-0.0116227433361866,-0.0049968029247770005,-0.008544036453375287,-0.0052493463584705,-0.011622743336186521,-0.01162274333618659,-0.011622743336186604,-0.011622743336186599,-0.011622743336186589,-0.010744922822374454,-0.011622743336186512
2023-12-05,-0.0007977928500283696,0.0005329016864472598,0.003315550917915309,-0.0001970564017446,-0.0007977928500283802,-0.0007977928500283713,-0.000797792850028367,-0.0007977928500283669,-0.0007977928500283666,-0.0012626886384009793,-0.0007977928500283871
2023-12-06,-0.001533989978576861,0.00120325512684285,0.00283877790364522,-0.0040298406757013,-0.0015339899785768686,-0.0015339899785768638,-0.0015339899785768649,-0.0015339899785768597,-0.0015339899785768605,-0.0017632452522721117,-0.0015339899785768657
2023-12-07,0.00745820437323098,0.0035925458605190197,0.0011284944513285944,0.0076303572286302,0.007458204373230982,0.00745820437323098,0.007458204373230984,0.007458204373230978,0.007458204373230979,0.007572246230430981,0.007458204373230984
2023-12-08,-0.0010736667009090906,-0.00199794276003232,-0.005941901577067624,0.0042991790503712,-0.0010736667009090491,-0.0010736667009090936,-0.0010736667009090947,-0.0010736667009090934,-0.0010736667009090895,-0.0008558988270869418,-0.0010736667009090396
2023-12-11,0.0006627813198482897,0.0012294796860278898,-0.001728780531718248,0.0038895997602053,0.0006627813198483291,0.0006627813198482897,0.0006627813198482875,0.0006627813198482884,0.0006627813198482931,0.0006450750885510295,0.0006627813198483291
2023-12-12,0.00377337986217603,0.00231839249359462,0.0028059194774379837,0.004567280789175,0.003773379862176027,0.003773379862176029,0.0037733798621760323,0.0037733798621760305,0.0037733798621760297,0.0036410579068017713,0.0037733798621760266
2023-12-13,0.01617770858688962,0.02008186399764958,0.016826153626733602,0.0137901994519642,0.016177708586889643,0.01617770858688964,0.01617770858688962,0.01617770858688962,0.01617770858688963,0.017092811767283604,0.01617770858688965
2023-12-14,0.0031995147657717495,0.013184677615259351,0.008075256355650175,0.0032092307768687,0.0031995147657718137,0.0031995147657717673,0.0031995147657717456,0.003199514765771751,0.0031995147657717642,0.004169915795424722,0.003199514765771823
2023-12-15,-0.002766103105557759,-0.00453158706800408,-0.003489695965414927,-0.0016465957025069,-0.002766103105557767,-0.0027661031055577615,-0.002766103105557753,-0.0027661031055577576,-0.0027661031055577594,-0.002703458203252642,-0.0027661031055577706
2023-12-18,0.0051829072833072904,0.00021560704509988014,-0.00022457861889105854,0.005625222474846,0.005182907283307269,0.005182907283307288,0.005182907283307293,0.005182907283307288,0.005182907283307285,0.005084860052957057,0.005182907283307269
2023-12-19,0.006246760754573829,0.00704955367352272,0.003723978356097661,0.00608094610465,0.006246760754573845,0.006246760754573831,0.0062467607545738275,0.0062467607545738275,0.006246760754573831,0.006765280670578697,0.006246760754573857
2023-12-20,-0.01125807772791991,-0.00796785067345284,-0.0014012535886991492,-0.0138573279178745,-0.011258077727919931,-0.011258077727919912,-0.01125807772791991,-0.011258077727919905,-0.01125807772791991,-0.011707459897811447,-0.011258077727919938
2023-12-21,0.010076022755367248,0.00808196848426533,0.003298956538867902,0.009481744484687,0.010076022755367267,0.010076022755367245,0.010076022755367243,0.010076022755367245,0.010076022755367247,0.01011490341323354,0.010076022755367276
2023-12-22,0.0024759028263987804,0.0010078975187860402,0.0002805327760427882,0.0020099297352613,0.0024759028263987765,0.002475902826398783,0.0024759028263987817,0.0024759028263987796,0.002475902826398779,0.0028736072543522548,0.0024759028263987817
2023-12-26,0.005844444226716611,0.00563567508146341,0.0033562253573897723,0.004222401727856,0.005844444226716613,0.005844444226716613,0.0058444442267166115,0.00584444422671661,0.005844444226716611,0.00624565707412866,0.005844444226716617
2023-12-27,0.0030472993116153397,0.006274726437365721,0.006739749532543788,0.0018081010939752,0.0030472993116153453,0.003047299311615341,0.0030472993116153375,0.003047299311615341,0.0030472993116153427,0.002961845163617888,0.003047299311615347
2023-12-28,-0.0020421292177556396,-0.00112032184942994,-0.00304826804866137,0.0003777122460775,-0.002042129217755618,-0.002042129217755635,-0.002042129217755639,-0.00204212921775564,-0.002042129217755636,-0.002097090448780759,-0.0020421292177556253
2023-12-29,-0.0025306007806970704,-0.00515929214749143,-0.002458573882587614,-0.0028950522615728,-0.0025306007806970964,-0.002530600780697081,-0.002530600780697074,-0.0025306007806970713,-0.0025306007806970773,-0.003355571057362132,-0.0025306007806971016
2024-01-02,-0.008576483079696879,-0.006131365041578561,-0.005144163836989532,-0.0055961857993478,-0.008576483079696877,-0.008576483079696868,-0.008576483079696879,-0.008576483079696879,-0.008576483079696873,-0.008328794733869745,-0.008576483079696884
2024-01-03,-0.00887708317907528,-0.00864096996312812,-0.0031592146926222122,-0.0081667466063014,-0.008877083179075311,-0.008877083179075294,-0.008877083179075282,-0.00887708317907528,-0.008877083179075285,-0.00978582146737765,-0.008877083179075318
2024-01-04,-0.0019790596826437306,-0.0038932405179243207,-0.0035813550579344455,-0.0032212094305863,-0.0019790596826437384,-0.0019790596826437345,-0.0019790596826437345,-0.001979059682643732,-0.0019790596826437354,-0.0021810156719803612,-0.0019790596826437376
2024-01-05,0.0008817064646243501,-0.00176173423604414,-0.001921036041865058,0.0013698033841005,0.0008817064646243406,0.0008817064646243471,0.0008817064646243503,0.0008817064646243487,0.0008817064646243465,0.00071013495717875,0.0008817064646243393
2024-01-08,0.00920340978547423,0.00937539254278585,0.0037364492681530703,0.0142759174450461,0.009203409785474289,0.009203409785474235,0.009203409785474228,0.009203409785474227,0.009203409785474237,0.009552526455771797,0.009203409785474296
2024-01-09,-0.0006604451125235588,-0.004304041334042451,-0.000547653549815873,-0.001517128019625,-0.0006604451125235924,-0.0006604451125235586,-0.0006604451125235512,-0.0006604451125235568,-0.000660445112523562,-0.0006608310260688251,-0.0006604451125235986
2024-01-10,0.0036896422953410692,0.00085052958186576,-0.0004922026684691251,0.0056555316311188,0.003689642295341076,0.0036896422953410653,0.003689642295341067,0.0036896422953410666,0.0036896422953410666,0.0034097812227917765,0.0036896422953410783
2024-01-11,0.0010706354479464203,0.0007461123642556401,0.0039004854044514554,-0.0004406730105988,0.0010706354479463975,0.0010706354479464142,0.0010706354479464214,0.0010706354479464218,0.0010706354479464168,0.0007047783286202372,0.0010706354479463947
2024-01-12,0.00371460487185623,0.0026008181060174,0.003960057081267676,0.0006927820257085,0.0037146048718562094,0.0037146048718562303,0.00371460487185623,0.0037146048718562303,0.0037146048718562277,0.003439344939409207,0.0037146048718562042
2024-01-16,-0.005655585382337733,-0.010985553214912357,-0.009438949944840258,-0.0036713066602894,-0.005655585382337752,-0.005655585382337729,-0.005655585382337722,-0.005655585382337732,-0.005655585382337733,-0.005446021790584637,-0.005655585382337762
2024-01-17,-0.00761300978334996,-0.00789421668014773,-0.005468893088340244,-0.0055586950577101,-0.007613009783349965,-0.007613009783349965,-0.007613009783349958,-0.007613009783349958,-0.007613009783349962,-0.00750113910377531,-0.00761300978334996
2024-01-18,0.010285063328561762,0.0035499838335556902,0.002156071595503663,0.0088928774904879,0.010285063328561734,0.010285063328561751,0.010285063328561762,0.010285063328561756,0.010285063328561751,0.010143657150388436,0.010285063328561737
2024-01-19,0.010816225631101822,0.007400351021937521,0.0027169115534262703,0.0124661487997979,0.01081622563110183,0.010816225631101828,0.01081622563110183,0.010816225631101819,0.010816225631101824,0.01116250749934166,0.010816225631101828
2024-01-22,0.00020379803139231967,0.0032985661668255197,0.0010524470946620607,0.0021143216898256,0.00020379803139235946,0.00020379803139232444,0.00020379803139231685,0.00020379803139231956,0.00020379803139232444,0.0010697592536871182,0.00020379803139237626
2024-01-23,0.003006336571255481,-0.0007065296239226002,-0.0005963889827846845,0.0029164785165516,0.0030063365712554536,0.003006336571255478,0.003006336571255486,0.0030063365712554796,0.0030063365712554757,0.0030030946337250976,0.0030063365712554506
2024-01-24,0.0002759657044793993,-0.0015970584536824702,-0.002395081512371315,0.0010931331410748,0.0002759657044794058,0.0002759657044793841,0.00027596570447939233,0.0002759657044793971,0.0002759657044793932,-0.00047331216926164207,0.0002759657044794075
2024-01-25,0.00347085608269366,0.00533501269974641,0.004895510681135362,0.0054389067003464,0.0034708560826936736,0.003470856082693667,0.0034708560826936605,0.0034708560826936605,0.003470856082693664,0.003730224664511914,0.0034708560826936753
2024-01-26,-0.0019351436649200108,-0.001203734461485242,-0.0014287425916991647,-0.0012702697862604,-0.0019351436649200063,-0.0019351436649200156,-0.0019351436649200167,-0.0019351436649200121,-0.0019351436649200128,-0.0021423215721743036,-0.0019351436649200013
2024-01-29,0.00815171854367426,0.00773339558008681,0.00570569466955079,0.0079192427898919,0.008151718543674266,0.008151718543674264,0.008151718543674262,0.008151718543674259,0.00815171854367426,0.008704086853532663,0.008151718543674276
2024-01-30,-0.0019472781114876503,-0.00196010799077868,0.0012879219063640659,-0.0007733641236991,-0.0019472781114876748,-0.0019472781114876552,-0.0019472781114876505,-0.0019472781114876492,-0.0019472781114876522,-0.002288994595342778,-0.0019472781114876737
2024-01-31,-0.01149773422242187,-0.0060387741045131805,0.000977094949394361,-0.0163173235454753,-0.011497734222421896,-0.011497734222421875,-0.011497734222421877,-0.011497734222421865,-0.01149773422242187,-0.01241791526578961,-0.011497734222421906
2024-02-01,0.011565730625900661,0.01197020630360231,0.008605356830649547,0.0130881135274982,0.011565730625900661,0.011565730625900668,0.011565730625900661,0.011565730625900666,0.011565730625900668,0.011565730625900657,0.011565730625900657
2024-02-02,0.004600328023136242,-0.00546972308997929,-0.007814260016284585,0.0105273602566877,0.004600328023136246,0.004600328023136232,0.0046003280231362445,0.004600328023136232,0.004600328023136221,0.00460032802313625,0.004600328023136228
2024-02-05,-0.003670378465689922,-0.0087683335841268,-0.00751997972536402,-0.0036411959321578,-0.0036703784656899234,-0.0036703784656899395,-0.0036703784656899243,-0.0036703784656899312,-0.0036703784656899447,-0.0036703784656899217,-0.003670378465689925
2024-02-06,0.0024515546036031344,0.00782501215189507,0.005809963859935988,0.0029032539728739,0.0024515546036031318,0.0024515546036031465,0.002451554603603135,0.0024515546036031413,0.0024515546036031565,0.0024515546036031287,0.0024515546036031383
2024-02-07,0.005456497685498246,0.00057822759265186,-0.0004744675696957942,0.0083404963133724,0.005456497685498248,0.005456497685498242,0.005456497685498248,0.005456497685498243,0.0054564976854982366,0.00545649768549825,0.005456497685498238
2024-02-08,0.0002445171266599591,0.0003188260361441001,-0.002927126992151895,0.0004416873593218,0.00024451712665996136,0.0002445171266599694,0.00024451712665996174,0.0002445171266599567,0.00024451712665996895,0.00024451712665995973,0.00024451712665995756
2024-02-09,0.0038704277175726203,0.00322224812126808,-0.0008320108214410103,0.0057793986720151,0.003870427717572619,0.003870427717572625,0.0038704277175726186,0.003870427717572621,0.0038704277175726307,0.003870427717572617,0.0038704277175726203
2024-02-12,-0.0019164417421661272,0.002320884100802448,4.2146854656685103e-05,-0.000439018184975,-0.0019164417421661296,-0.0019164417421661186,-0.001916441742166128,-0.0019164417421661235,-0.0019164417421661099,-0.0019164417421661311,-0.0019164417421661203
2024-02-13,-0.014485528701105005,-0.017822768592648412,-0.012348495956623308,-0.0137729894706707,-0.014485528701105,-0.014485528701105019,-0.014485528701105001,-0.014485528701105008,-0.014485528701105022,-0.014485528701104996,-0.014485528701105005
2024-02-14,0.006934247112939794,0.00894658015889072,0.004318398293965204,0.0090876668650854,0.00693424711293979,0.006934247112939803,0.00693424711293979,0.006934247112939799,0.006934247112939814,0.0069342471129397835,0.006934247112939799
2024-02-15,0.006112235675669714,0.009422679611835912,0.00469254896900698,0.0068997302180955,0.006112235675669712,0.006112235675669731,0.0061122356756697135,0.006112235675669715,0.006112235675669736,0.006112235675669703,0.0061122356756697195
2024-02-16,-0.002957563896577988,-0.00417202870663035,-0.0019479367072747045,-0.0049800362058063,-0.0029575638965779914,-0.002957563896578002,-0.0029575638965779905,-0.002957563896577993,-0.002957563896578005,-0.002957563896577994,-0.002957563896577986
2024-02-20,-0.0016893223502228965,-0.0011062110974094997,0.0023708673572167245,-0.0055054446149716,-0.0016893223502229,-0.0016893223502229065,-0.0016893223502229004,-0.0016893223502228996,-0.0016893223502229084,-0.0016893223502229028,-0.001689322350222894
2024-02-21,-0.0008341771069189498,-0.0012466726616853266,-0.0015041495136133803,0.0009059460883917,-0.0008341771069189491,-0.0008341771069189463,-0.0008341771069189487,-0.000834177106918952,-0.0008341771069189476,-0.0008341771069189526,-0.0008341771069189487
2024-02-22,0.01624441488644355,0.00878813838886238,0.0037145558227135106,0.0206954883937733,0.016244414886443546,0.016244414886443542,0.016244414886443542,0.016244414886443546,0.01624441488644354,0.016244414886443546,0.01624441488644354
2024-02-23,0.0011483055068729103,0.0026933135663309796,0.0035941898082296557,0.0006895960021768,0.0011483055068729096,0.0011483055068729083,0.0011483055068729105,0.0011483055068729122,0.0011483055068729066,0.0011483055068729113,0.001148305506872911
2024-02-26,-0.0020668813520887093,-0.0024550754233573203,-0.0025067793442410833,-0.0036624553660885,-0.0020668813520887115,-0.0020668813520887163,-0.002066881352088712,-0.0020668813520887124,-0.002066881352088716,-0.00206688135208871,-0.0020668813520887085
2024-02-27,0.0012318525557066813,0.0012576653858227,-0.0009486613572439215,0.0018576860509953,0.0012318525557066798,0.001231852555706684,0.0012318525557066795,0.0012318525557066785,0.001231852555706686,0.001231852555706677,0.0012318525557066832
2024-02-28,-0.0020320015006106535,-0.001195987081117369,0.0006349867516073195,-0.0013216408439921,-0.002032001500610647,-0.002032001500610645,-0.002032001500610647,-0.0020320015006106504,-0.0020320015006106504,-0.002032001500610644,-0.002032001500610656
2024-02-29,0.0054539938741911195,0.0045875401822066805,0.0025142778575223406,0.0035949059518203,0.005453993874191121,0.005453993874191121,0.0054539938741911195,0.0054539938741911195,0.0054539938741911195,0.0054539938741911195,0.005453993874191114
2024-03-01,0.013977647926786477,0.01047259867740151,0.009168743526642249,0.0093882694091638,0.013977647926786473,0.013977647926786468,0.013977647926786477,0.013977647926786487,0.013977647926786452,0.013977647926786477,0.013977647926786477
2024-03-04,0.00320395366880534,0.00070814088321523,0.002082936164266201,-0.0010723377084645,0.003203953668805342,0.0032039536688053356,0.0032039536688053434,0.0032039536688053616,0.003203953668805311,0.0032039536688053564,0.0032039536688053443
2024-03-05,-0.006757065738091827,-0.0028468281302587405,0.003150720129709764,-0.0099941302687588,-0.006757065738091804,-0.0067570657380918425,-0.006757065738091819,-0.00675706573809183,-0.0067570657380918425,-0.00675706573809182,-0.006757065738091813
2024-03-06,0.007054534739043959,0.006931733150584899,0.004709566538488708,0.0050672532385653,0.007054534739043954,0.007054534739043949,0.007054534739043952,0.007054534739043939,0.007054534739043961,0.007054534739043945,0.007054534739043956
2024-03-07,0.010420042298033352,0.00601129274187393,0.004153243191855469,0.0099263899135297,0.010420042298033354,0.010420042298033349,0.010420042298033363,0.010420042298033356,0.010420042298033337,0.010420042298033345,0.01042004229803336
2024-03-08,-0.00392229657526801,-0.0004991217853315,0.0016508946393657626,-0.0060021481127923,-0.003922296575268016,-0.003922296575268014,-0.003922296575268022,-0.003922296575268021,-0.003922296575268005,-0.003922296575268006,-0.003922296575268016
2024-03-11,-0.001389160764206918,-0.0020526637605408704,7.387420422228443e-07,-0.0008599241494925,-0.0013891607642069126,-0.0013891607642069184,-0.0013891607642069136,-0.001389160764206901,-0.0013891607642069312,-0.0013891607642069074,-0.001389160764206916
2024-03-12,0.005045050261654089,0.0013934459166475804,-0.0026877652888230015,0.0107574730892541,0.005045050261654084,0.005045050261654101,0.005045050261654095,0.005045050261654084,0.005045050261654093,0.005045050261654077,0.005045050261654087
2024-03-13,-0.0006612894615919121,-0.0014486914921331103,0.00024616809469261405,-0.0015675294192366,-0.000661289461591909,-0.0006612894615919238,-0.0006612894615919105,-0.0006612894615919116,-0.0006612894615919255,-0.000661289461591914,-0.0006612894615919071
2024-03-14,-0.0033321057510821124,-0.008408632151285211,-0.005891486169431573,-0.0019768828095096,-0.0033321057510821003,-0.003332105751082109,-0.0033321057510820925,-0.0033321057510820816,-0.00333210575108215,-0.0033321057510820986,-0.003332105751082099
2024-03-15,-0.006546294952200258,-0.0029756248929182104,-0.0022574022065993565,-0.0068665853834095,-0.006546294952200259,-0.006546294952200264,-0.006546294952200266,-0.006546294952200284,-0.006546294952200242,-0.006546294952200269,-0.006546294952200261
2024-03-18,0.005099516630277464,0.0007428227756454699,0.0003292348510541428,0.0059432170729913,0.005099516630277469,0.005099516630277472,0.005099516630277476,0.005099516630277491,0.0050995166302774415,0.005099516630277477,0.005099516630277471
2024-03-19,0.0022471388881509934,0.0016220416845926901,0.0020074527861286447,0.0055570276248468,0.002247138888151,0.0022471388881509973,0.0022471388881510007,0.0022471388881510007,0.0022471388881509925,0.0022471388881509973,0.0022471388881509986
2024-03-20,0.010968532759908247,0.008520861677275459,0.005644886732871524,0.0092494034755241,0.010968532759908233,0.010968532759908237,0.01096853275990824,0.01096853275990824,0.010968532759908245,0.010968532759908233,0.010968532759908242
2024-03-21,0.002049424004037669,0.0030172556577522,0.0007153506708451067,0.0033047919211888,0.002049424004037658,0.0020494240040376723,0.0020494240040376584,0.002049424004037665,0.0020494240040376897,0.002049424004037665,0.002049424004037659
2024-03-22,-0.0028449073946450352,-0.0026470405595486603,0.00017176033781260132,-0.0018959331363979,-0.0028449073946450157,-0.0028449073946450296,-0.0028449073946450183,-0.0028449073946450213,-0.002844907394645047,-0.0028449073946450252,-0.0028449073946450226
2024-03-25,-0.0011727614656186697,-0.0019506431197270602,-0.0014584528029683744,-0.0027628335835779,-0.0011727614656186717,-0.001172761465618679,-0.0011727614656186715,-0.001172761465618668,-0.0011727614656186765,-0.0011727614656186723,-0.0011727614656186695
2024-03-26,-0.00044193693358853285,-0.00033088928218528014,0.0008197222557052174,-0.0018469115905791,-0.00044193693358852705,-0.00044193693358853924,-0.0004419369335885296,-0.0004419369335885334,-0.0004419369335885413,-0.0004419369335885325,-0.0004419369335885278
2024-03-27,0.0063185341222505575,0.00950463881667961,0.006028573960297063,0.0084038644148027,0.006318534122250543,0.006318534122250563,0.006318534122250539,0.00631853412225054,0.006318534122250592,0.006318534122250553,0.006318534122250543
2024-03-28,0.0030346303537965983,0.0019821737213842603,0.0023822692565933752,-0.0001913984058758,0.003034630353796595,0.0030346303537965922,0.0030346303537965944,0.003034630353796611,0.0030346303537965853,0.0030346303537966074,0.003034630353796596
2024-04-01,0.0027499568513670862,-0.00554147520376016,-0.003514919965289045,-0.0017395124451953,0.0027499568513670884,0.002749956851367075,0.0024709229694590933,0.002749956851367097,0.0027499568513670927,0.0027499568513670867,0.002749956851367094
2024-04-02,-0.0007690536377009741,-0.00442052288316575,0.0014482744621622456,-0.0063582554924755,-0.0007690536377009771,-0.0007690536377009914,-0.00048340777344533245,-0.0007690536377009697,-0.0007690536377009732,-0.000769053637700978,-0.0007690536377009767
2024-04-03,0.004191802809860097,0.00276522409755214,0.0026275577168553286,0.0010985354129677,0.004191802809860099,0.004191802809860094,0.003935870247420201,0.004191802809860098,0.0041918028098601,0.004191802809860096,0.0041918028098601005
2024-04-04,-0.010825797118974294,-0.00501446391322746,-0.001659688689196401,-0.0122060308496583,-0.010825797118974294,-0.010825797118974292,-0.010127475442310976,-0.010825797118974297,-0.010825797118974294,-0.010825797118974294,-0.0108257971189743
2024-04-05,0.012121024619949614,0.00282899277290932,0.0018804047209029047,0.0104468572290741,0.012121024619949607,0.012121024619949601,0.011550870872253377,0.01212102461994962,0.012121024619949608,0.012121024619949614,0.012121024619949617
2024-04-08,0.0026188073307819343,0.0032309447954138636,0.001066713946854334,0.0005593746272674,0.0026188073307819295,0.002618807330781933,0.0021998371707875304,0.0026188073307819317,0.002618807330781929,0.0026188073307819347,0.0026188073307819317
2024-04-09,0.0030933218893466905,0.00526523821386502,0.0044375378453840215,0.0011566714639772,0.00309332188934668,0.0030933218893466887,0.0033325730639713657,0.0030933218893466853,0.0030933218893466788,0.0030933218893466874,0.00309332188934668
2024-04-10,-0.009784862063197503,-0.017219839269889632,-0.012335456568151323,-0.0100131055461155,-0.009784862063197487,-0.009784862063197512,-0.009788256553463671,-0.009784862063197487,-0.009784862063197484,-0.009784862063197498,-0.009784862063197487
2024-04-11,0.013152692320294444,0.005382886483158961,0.00446245468518762,0.0075469243605557,0.013152692320294439,0.01315269232029443,0.012914230831510966,0.013152692320294451,0.013152692320294439,0.01315269232029444,0.013152692320294446
2024-04-12,-0.014512881322215836,-0.009996416636362061,-0.003968113396247421,-0.0138030285273439,-0.014512881322215836,-0.014512881322215836,-0.013329888738110737,-0.014512881322215839,-0.014512881322215834,-0.014512881322215839,-0.014512881322215843
2024-04-15,-0.00337578004700526,-0.008423921674833211,-0.0031547607714810426,-0.0125281667030781,-0.0033757800470052583,-0.0033757800470052804,-0.0035746350817874952,-0.0033757800470052544,-0.0033757800470052505,-0.0033757800470052618,-0.0033757800470052544
2024-04-16,-0.0011395818962695562,-0.005518433319257524,-0.0028593212372719067,-0.0018237255045222,-0.0011395818962695562,-0.0011395818962695622,-0.0007933706106320406,-0.0011395818962695514,-0.001139581896269555,-0.0011395818962695596,-0.0011395818962695544
2024-04-17,-0.007580745935238088,-0.0020572528372714703,0.0011372501670408185,-0.0059182996426675,-0.00758074593523808,-0.007580745935238085,-0.007249158388396803,-0.007580745935238092,-0.0075807459352380795,-0.007580745935238088,-0.007580745935238089
2024-04-18,-0.0015798826133328787,-0.0014292280249507201,-0.0009561484987492145,-0.0020578310250617,-0.0015798826133328824,-0.0015798826133328785,-0.0016222897392706294,-0.0015798826133328779,-0.0015798826133328811,-0.0015798826133328779,-0.00157988261333288
2024-04-19,-0.007846339399547844,-0.0017555153024366,3.3495705419480184e-05,-0.0087282102962049,-0.007846339399547845,-0.007846339399547842,-0.007793031224547637,-0.007846339399547849,-0.007846339399547842,-0.007846339399547842,-0.007846339399547847
2024-04-22,-0.0004617628644229717,0.0038030422308701203,-0.002784488105892184,0.0092091336741859,-0.00046176286442296127,-0.0004617628644229439,-0.0011364285411898426,-0.0004617628644229717,-0.00046176286442296474,-0.0004617628644229604,-0.00046176286442296214
2024-04-23,0.008389990481320386,0.00727177562578057,0.002359155667993533,0.011866574121826,0.00838999048132039,0.008389990481320397,0.007830827054855733,0.008389990481320388,0.008389990481320388,0.00838999048132039,0.008389990481320395
2024-04-24,0.0001232113286584604,-0.001404391344325,-0.0023584817847968047,-0.0004746523967652,0.00012321132865845692,0.00012321132865845898,5.792067516288278e-05,0.00012321132865846201,0.00012321132865845768,0.00012321132865846234,0.00012321132865845865
2024-04-25,-0.0012628964606163616,-0.0030647177985368306,-0.0011174954162652096,-0.0037987743464786,-0.0012628964606163648,-0.0012628964606163674,-0.0012156045653377706,-0.0012628964606163588,-0.0012628964606163622,-0.0012628964606163622,-0.0012628964606163624
2024-04-26,0.009245918256374714,0.00695792403019976,0.0045216117490511475,0.0094738286239011,0.009245918256374719,0.009245918256374719,0.008938578815032523,0.009245918256374717,0.009245918256374715,0.009245918256374714,0.00924591825637472
2024-04-29,0.002055944642446926,0.005404591844933771,0.0030128382898026505,0.0035414271189135,0.0020559446424469234,0.0020559446424469343,0.0020673667204606757,0.0020559446424469226,0.0020559446424469213,0.002055944642446927,0.0020559446424469226
2024-04-30,-0.01765530891748918,-0.013717458801183371,-0.01017270675463978,-0.0158411657216268,-0.017655308917489176,-0.017655308917489176,-0.01719113662067374,-0.017655308917489183,-0.017655308917489173,-0.017655308917489176,-0.017655308917489183
2024-05-01,-0.0006447062986792795,0.0015319985786004001,0.004045886715909532,-0.0032472125854742,-0.0006447062986792798,-0.0006447062986792802,-0.0006447062986792789,-0.0006447062986792743,-0.0006447062986792819,-0.0006447062986792793,-0.0006447062986792778
2024-05-02,0.0070578220777275935,0.010598512637874721,0.0051893996909446955,0.0093533876144047,0.007057822077727584,0.007057822077727585,0.007057822077727582,0.007057822077727576,0.007057822077727588,0.007057822077727588,0.007057822077727583
2024-05-03,0.010507057985437877,0.008996660853062641,0.005668154935948787,0.0123953333127717,0.010507057985437879,0.010507057985437877,0.010507057985437879,0.010507057985437876,0.010507057985437879,0.010507057985437877,0.010507057985437877
2024-05-06,0.010223848275059639,0.00609519962469028,0.00477068081907081,0.0103269800683087,0.010223848275059646,0.010223848275059646,0.01022384827505965,0.010223848275059642,0.010223848275059644,0.010223848275059642,0.010223848275059646
2024-05-07,-0.0007371294586156161,0.0014531384303526202,-0.00024692650611343297,0.0011033626167931,-0.000737129458615619,-0.000737129458615617,-0.0007371294586156184,-0.0007371294586156194,-0.0007371294586156149,-0.0007371294586156105,-0.0007371294586156188
2024-05-08,-0.0011434507591713099,-0.0029927411185119135,-0.0022148985903575127,9.648176106846762e-05,-0.00114345075917131,-0.0011434507591713099,-0.0011434507591713107,-0.0011434507591713114,-0.0011434507591713105,-0.001143450759171316,-0.0011434507591713107
2024-05-09,0.007883158074205445,0.007467492872181021,0.005727894246808114,0.0057620475429822,0.007883158074205449,0.007883158074205452,0.007883158074205452,0.007883158074205445,0.007883158074205452,0.00788315807420546,0.00788315807420545
2024-05-10,0.0037147212529271834,-0.00065934611557011,0.00012023884535849441,0.0012881686230803,0.0037147212529271873,0.0037147212529271886,0.0037147212529271886,0.0037147212529271847,0.003714721252927187,0.003714721252927184,0.0037147212529271877
2024-05-13,-0.0026281971280739,0.00082485191137617,-0.0015457864962157176,0.0001340667611553,-0.002628197128073906,-0.0026281971280739088,-0.0026281971280739088,-0.0026281971280739083,-0.002628197128073906,-0.0026281971280739044,-0.002628197128073908
2024-05-14,0.006591607162700938,0.006184821315217211,0.0044704478577742785,0.0045883432664608,0.006591607162700939,0.006591607162700941,0.006591607162700941,0.006591607162700937,0.0065916071627009415,0.006591607162700942,0.006591607162700941
2024-05-15,0.013318117428573762,0.01185672304789777,0.00989360601385254,0.0123830064617302,0.013318117428573768,0.013318117428573766,0.013318117428573771,0.013318117428573766,0.013318117428573766,0.01331811742857377,0.013318117428573768
2024-05-16,-0.00293254412915286,-0.0023688868780946705,-0.002050731566056989,-0.0020575211449046,-0.002932544129152858,-0.0029325441291528625,-0.00293254412915286,-0.0029325441291528586,-0.0029325441291528625,-0.0029325441291528595,-0.00293254412915286
2024-05-17,0.005578724878629631,0.0013681475644031801,0.002382960962408278,0.0014375433930624,0.005578724878629635,0.005578724878629639,0.005578724878629638,0.005578724878629634,0.005578724878629636,0.005578724878629634,0.005578724878629638
2024-05-20,0.0037180860140880413,6.260078649121981e-05,0.00023549397835046372,0.0011520539555727,0.003718086014088047,0.0037180860140880465,0.0037180860140880482,0.0037180860140880474,0.0037180860140880448,0.003718086014088041,0.0037180860140880465
2024-05-21,0.0007227118951194666,0.00032646430744722994,0.0009383629961724779,0.0024525849346481,0.0007227118951194698,0.0007227118951194677,0.0007227118951194705,0.0007227118951194716,0.0007227118951194673,0.0007227118951194683,0.0007227118951194688
2024-05-22,-0.007379178078552876,-0.005315345726748741,-0.005378517066531398,-0.002879278396777,-0.007379178078552876,-0.007379178078552883,-0.00737917807855288,-0.007379178078552875,-0.007379178078552882,-0.007379178078552882,-0.0073791780785528805
2024-05-23,-0.010031594823209028,-0.00965307033293121,-0.008058979812175753,-0.007304279476561,-0.010031594823209039,-0.010031594823209037,-0.01003159482320904,-0.010031594823209037,-0.010031594823209035,-0.010031594823209047,-0.010031594823209039
2024-05-24,0.0059209692193857594,0.004678889751838691,0.0024047431697594153,0.0066163943999355,0.005920969219385758,0.005920969219385761,0.0059209692193857594,0.005920969219385756,0.005920969219385762,0.005920969219385756,0.0059209692193857594
2024-05-28,0.004459968607526316,-0.0020652151850755703,-0.001170752452075452,0.0006989883256873,0.004459968607526325,0.004459968607526325,0.004459968607526326,0.004459968607526323,0.004459968607526323,0.004459968607526319,0.004459968607526325
2024-05-29,-0.008586322742430206,-0.0100867719277121,-0.006798406794140954,-0.0070026289583889,-0.0085863227424302,-0.008586322742430206,-0.008586322742430201,-0.008586322742430194,-0.008586322742430208,-0.008586322742430203,-0.008586322742430203
2024-05-30,-0.003794862738916993,0.0035083246494815802,0.0027544991664930595,-0.0066336971513156,-0.0037948627389170087,-0.0037948627389169983,-0.003794862738917006,-0.0037948627389170052,-0.003794862738916994,-0.00379486273891699,-0.0037948627389170026
2024-05-31,0.0013726642196770869,0.00442596798660436,0.0020867956828752397,0.0091080931642824,0.001372664219677081,0.0013726642196770877,0.0013726642196770825,0.0013726642196770782,0.0013726642196770916,0.0013726642196770962,0.001372664219677083
2024-06-03,0.00481405475742209,0.0050170399147254205,0.006651136668427107,0.0008152404198553,0.004814054757422089,0.0048140547574220885,0.004814054757422091,0.004814054757422092,0.004814054757422087,0.004814054757422083,0.00481405475742209
2024-06-04,-0.001659647730144809,-0.0004443790699591001,0.0002513200003416491,0.0011180087046489,-0.0016596477301448083,-0.0016596477301448098,-0.0016596477301448075,-0.001659647730144806,-0.0016596477301448079,-0.0016596477301448033,-0.0016596477301448098
2024-06-05,0.013868185952646248,0.00954086517036861,0.007065342200925877,0.0118850612509848,0.013868185952646257,0.013868185952646252,0.013868185952646259,0.013868185952646253,0.01386818595264625,0.013868185952646245,0.013868185952646255
2024-06-06,0.0024502586275113735,0.0007582979199820413,0.0015534261636941833,-1.864024675468645e-05,0.002450258627511373,0.002450258627511375,0.002450258627511374,0.002450258627511371,0.0024502586275113748,0.0024502586275113735,0.002450258627511374
2024-06-07,-0.012418432964784534,-0.011894892980849382,-0.01439464865374218,-0.0012157418997532,-0.012418432964784534,-0.012418432964784539,-0.01241843296478454,-0.012418432964784539,-0.012418432964784537,-0.012418432964784537,-0.01241843296478454
2024-06-10,0.00481522168522529,0.00174342021544204,0.0014513963602339815,0.0030895364591947,0.004815221685225298,0.004815221685225295,0.004815221685225298,0.0048152216852252955,0.004815221685225293,0.004815221685225297,0.004815221685225298
2024-06-11,0.0025020378301215456,0.0010344695724085098,0.0036284542577232895,0.0024084565353283,0.002502037830121561,0.0025020378301215465,0.00250203783012156,0.0025020378301215665,0.0025020378301215435,0.0025020378301215504,0.0025020378301215556
2024-06-12,0.008370312240111692,0.008931199699307581,0.005694746928345457,0.0082132270813644,0.008370312240111689,0.008370312240111692,0.00837031224011169,0.008370312240111687,0.008370312240111692,0.00837031224011169,0.00837031224011169
2024-06-13,-0.001642796128080377,0.0004006001053570101,0.00175772620573144,0.002013393833566,-0.0016427961280803649,-0.001642796128080382,-0.0016427961280803683,-0.00164279612808036,-0.0016427961280803829,-0.0016427961280803694,-0.0016427961280803722
2024-06-14,0.00451933816191485,0.0004322879537356696,0.003912746814411844,0.0006085012219712,0.004519338161914869,0.004519338161914855,0.004519338161914869,0.0045193381619148725,0.004519338161914851,0.00451933816191486,0.004519338161914865
2024-06-17,0.004903401595689026,0.00105858891773067,-0.002570922700426711,0.0079587117504431,0.004903401595689029,0.0049034015956890276,0.004903401595689028,0.0049034015956890215,0.0049034015956890276,0.0049034015956890215,0.004903401595689026
2024-06-18,0.002453865125994335,0.0043852569546513,0.004390122796339135,0.0025408350120808,0.0024538651259943312,0.0024538651259943317,0.0024538651259943312,0.002453865125994331,0.0024538651259943317,0.0024538651259943317,0.002453865125994332
2024-06-20,0.0006816984361080057,-0.0018543325383966601,0.0005251904089529458,-0.0027165584241195,0.0006816984361080062,0.0006816984361080109,0.0006816984361080083,0.000681698436108007,0.0006816984361080088,0.000681698436108007,0.0006816984361080101
2024-06-21,-0.006554621812236894,-0.002477472130737,-0.003588364533699848,-0.0013407223559952,-0.006554621812236895,-0.006554621812236901,-0.0065546218122368985,-0.006554621812236895,-0.006554621812236899,-0.006554621812236892,-0.006554621812236899
2024-06-24,-0.0024079249446175882,0.00152685419575213,0.0010048402029120178,-0.0032506251621496,-0.0024079249446176,-0.002407924944617589,-0.0024079249446175978,-0.0024079249446175995,-0.002407924944617587,-0.0024079249446175882,-0.0024079249446175947
2024-06-25,0.0033391112675548464,-0.0002997851355455203,-0.0005704882478635878,0.0038508693264691,0.003339111267554848,0.0033391112675548477,0.0033391112675548486,0.0033391112675548473,0.003339111267554847,0.0033391112675548364,0.0033391112675548455
2024-06-26,-0.0025108656016986255,-0.0046916332440673,-0.005409156419062043,0.0012482710843422,-0.002510865601698618,-0.002510865601698625,-0.0025108656016986216,-0.0025108656016986216,-0.002510865601698625,-0.002510865601698622,-0.002510865601698623
2024-06-27,0.0047251715459647224,0.00449975280751197,0.0039652402868865805,0.0015764614739341,0.0047251715459647285,0.004725171545964727,0.00472517154596473,0.00472517154596473,0.004725171545964726,0.004725171545964733,0.004725171545964729
2024-06-28,-0.0025949018494699685,-0.0024231243730032707,-0.003895742931492109,-0.0039351790968482,-0.002594901849469972,-0.0025949018494699685,-0.0025949018494699737,-0.0025949018494699754,-0.0025949018494699667,-0.0025949018494699624,-0.0025949018494699706
2024-07-01,0.0033370254418499876,-0.0033789999415480003,-0.0030600885627432056,0.0020580237323681,0.003337025441849986,0.003337025441849985,0.003337025441849984,0.003337025441849973,0.003337025441849953,0.0033370254418499824,0.003337025441849984
2024-07-02,0.005397055389698973,0.004875094655305902,0.004108876186820693,0.0067297768709877,0.005397055389698974,0.005397055389698976,0.0053970553896989775,0.005397055389698976,0.005397055389698981,0.005397055389698973,0.005397055389698976
2024-07-03,0.008365918301458445,0.00762153104050102,0.008015366622240198,0.004462520213184,0.008365918301458442,0.008365918301458438,0.008365918301458435,0.008365918301458442,0.008365918301458447,0.008365918301458438,0.008365918301458438
2024-07-05,0.009570241709615498,0.005752745596226591,0.007077008259123566,0.0057665976484717,0.009570241709615497,0.009570241709615495,0.009570241709615495,0.009570241709615493,0.009570241709615495,0.009570241709615492,0.009570241709615497
2024-07-08,-0.0031604220507337227,-9.956214256529337e-05,-0.0023899268213330095,0.0011538714567145,-0.0031604220507337214,-0.0031604220507337162,-0.0031604220507337145,-0.0031604220507337162,-0.0031604220507337067,-0.003160422050733718,-0.003160422050733719
2024-07-09,0.0006582200414613639,-0.0008597360163996802,-0.0002514341716303946,0.0009722846551516,0.000658220041461365,0.000658220041461368,0.000658220041461369,0.0006582200414613647,0.0006582200414613649,0.0006582200414613649,0.0006582200414613687
2024-07-10,0.008605805426410266,0.00674882160791929,0.003415599842259485,0.0098953951660731,0.008605805426410264,0.00860580542641026,0.008605805426410259,0.008605805426410255,0.008605805426410245,0.008605805426410262,0.008605805426410259
2024-07-11,-0.0035600477898261413,0.008201121591844891,0.006455336251133358,-0.0086225655986736,-0.0035600477898261344,-0.0035600477898261366,-0.0035600477898261335,-0.0035600477898261153,-0.0035600477898261183,-0.0035600477898261257,-0.0035600477898261335
2024-07-12,0.004531985817867738,0.0055614218719128,0.002667369142492049,0.0063075140458899,0.004531985817867736,0.004531985817867733,0.0045319858178677315,0.004531985817867732,0.004531985817867727,0.004531985817867736,0.0045319858178677315
2024-07-15,0.0017169223901900563,-0.0005124726925832704,-0.0021368074313861266,0.0027499531948973,0.0017169223901900602,0.001716922390190073,0.0017169223901900813,0.0017169223901900678,0.0017169223901900485,0.0017169223901900654,0.0017169223901900696
2024-07-16,0.008353995390784626,0.010746904327631241,0.008390771857436516,0.0059302274475943,0.008353995390784628,0.008353995390784639,0.008353995390784644,0.008353995390784647,0.00835399539078464,0.008353995390784632,0.008353995390784632
2024-07-17,-0.014934968610138329,-0.0071675240327920805,-0.003359217919935371,-0.0140210175339318,-0.014934968610138325,-0.014934968610138336,-0.014934968610138339,-0.014934968610138322,-0.014934968610138315,-0.014934968610138322,-0.014934968610138329
2024-07-18,-0.006629448290049934,-0.00810415374230606,-0.00503599206034341,-0.0076848664044614,-0.006629448290049933,-0.006629448290049935,-0.006629448290049935,-0.006629448290049938,-0.006629448290049933,-0.006629448290049934,-0.006629448290049932
2024-07-19,-0.010644991530800545,-0.0068912223082779915,-0.007270038533847499,-0.0066406410306124,-0.010644991530800545,-0.010644991530800547,-0.010644991530800549,-0.010644991530800545,-0.01064499153080054,-0.010644991530800542,-0.010644991530800545
2024-07-22,0.008713265033562831,0.006636997736770561,0.001453085128931682,0.0103098544358584,0.008713265033562831,0.008713265033562833,0.008713265033562831,0.008713265033562824,0.00871326503356281,0.008713265033562833,0.00871326503356283
2024-07-23,-0.0010328721765201657,-0.00075509429634944,4.561003248654196e-05,-0.0015685071166898,-0.0010328721765201642,-0.0010328721765201572,-0.0010328721765201527,-0.0010328721765201546,-0.001032872176520162,-0.0010328721765201616,-0.0010328721765201598
2024-07-24,-0.01987489307875078,-0.014451128632482508,-0.007053961791556176,-0.0226624215995225,-0.019874893078750778,-0.019874893078750788,-0.01987489307875079,-0.019874893078750774,-0.019874893078750774,-0.01987489307875078,-0.01987489307875078
2024-07-25,-0.010198448313614616,-0.0018636854008249096,-0.0023593568873171203,-0.0052104238954299,-0.010198448313614616,-0.01019844831361461,-0.010198448313614609,-0.010198448313614598,-0.010198448313614585,-0.010198448313614609,-0.010198448313614616
2024-07-26,0.010872383906298324,0.01071579030240119,0.007380657392137692,0.0111996693166822,0.010872383906298324,0.010872383906298324,0.010872383906298322,0.010872383906298322,0.010872383906298315,0.010872383906298324,0.010872383906298324
2024-07-29,-8.330947607421542e-05,-0.0003312036426235598,0.0007373187424014594,0.000587801972935,-8.330947607421331e-05,-8.33094760742135e-05,-8.330947607421369e-05,-8.330947607421301e-05,-8.330947607420013e-05,-8.330947607421377e-05,-8.330947607420862e-05
2024-07-30,-0.0024160375837221134,0.0007306884158084799,0.0020677749819033786,-0.005066440981766,-0.0024160375837221117,-0.0024160375837221186,-0.0024160375837221177,-0.0024160375837221086,-0.002416037583722111,-0.0024160375837221104,-0.0024160375837221143
2024-07-31,0.020601048343780095,0.012560372007874842,0.01114520021070782,0.0162543846999003,0.02060104834378009,0.02060104834378009,0.020601048343780095,0.020601048343780085,0.02060104834378008,0.020601048343780085,0.020601048343780085
2024-08-01,-0.015198090075547784,-0.00920373859227433,-0.0013095596112522529,-0.0141606462056065,-0.015198090075547788,-0.01519809007554779,-0.015198090075547788,-0.01519809007554778,-0.01519809007554778,-0.015198090075547786,-0.01519809007554778
2024-08-02,-0.014849685788489119,-0.0053693900858531995,0.0038903651060073242,-0.0186183692821012,-0.014849685788489119,-0.014849685788489114,-0.014849685788489116,-0.014849685788489105,-0.014849685788489112,-0.0148496857884891,-0.014849685788489109
2024-08-05,-0.02367137381962413,-0.01787941636327909,-0.008598912197129485,-0.0291239238927524,-0.02367137381962413,-0.023671373819624128,-0.023671373819624128,-0.023671373819624118,-0.023671373819624128,-0.023671373819624118,-0.023671373819624128
2024-08-06,0.003404776503877952,0.00110162817773016,-0.00475882393827276,0.0092196083662043,0.003404776503877952,0.003404776503877947,0.003404776503877949,0.003404776503877945,0.00340477650387795,0.0034047765038779402,0.0034047765038779498
2024-08-07,-0.004980901243974463,-0.00411830609424308,-0.003164421786682011,-0.0066839849466299,-0.004980901243974463,-0.004980901243974458,-0.004980901243974461,-0.00498090124397446,-0.004980901243974468,-0.004980901243974458,-0.004980901243974459
2024-08-08,0.022494177043097262,0.013430116465760162,0.00689771808241086,0.0231173611259181,0.022494177043097262,0.022494177043097252,0.02249417704309726,0.02249417704309725,0.022494177043097252,0.022494177043097245,0.022494177043097252
2024-08-09,0.004015312486599471,0.00430743770426883,0.004165612395973521,0.0044095748682844,0.004015312486599471,0.00401531248659947,0.004015312486599471,0.004015312486599471,0.004015312486599471,0.0040153124865994734,0.004015312486599472
2024-08-12,0.005856701963819561,0.00144092866856336,0.005330539680789682,0.0005255223572662,0.005856701963819556,0.005856701963819556,0.0058567019638195595,0.005856701963819559,0.005856701963819554,0.005856701963819552,0.005856701963819556
2024-08-13,0.01363820209994051,0.01116503430987835,0.005934802845138859,0.0164457285100965,0.013638202099940513,0.013638202099940508,0.013638202099940511,0.013638202099940506,0.013638202099940513,0.013638202099940513,0.01363820209994051
2024-08-14,-0.0010342547889378509,0.00020809585226863017,0.00014371898314529817,0.0031546643108888,-0.0010342547889378485,-0.0010342547889378487,-0.0010342547889378496,-0.0010342547889378487,-0.0010342547889378492,-0.0010342547889378413,-0.0010342547889378479
2024-08-15,0.014878890485151602,0.007656283196344959,0.0007828464607314711,0.0171401630927878,0.014878890485151602,0.014878890485151595,0.0148788904851516,0.014878890485151591,0.014878890485151598,0.014878890485151591,0.014878890485151591
2024-08-16,0.008325413464517881,0.00536085059868153,0.007132925161470726,0.0022419936504336,0.008325413464517876,0.00832541346451788,0.00832541346451788,0.008325413464517878,0.008325413464517876,0.00832541346451787,0.00832541346451788
2024-08-19,0.00753778391234307,0.007178075231216551,0.0025744823942383597,0.0095614311837217,0.007537783912343072,0.007537783912343071,0.00753778391234307,0.007537783912343067,0.007537783912343069,0.007537783912343074,0.007537783912343071
2024-08-20,-0.0003238832113442794,-0.0009161942205454797,0.002117080689072774,-0.0016260605567995,-0.000323883211344281,-0.0003238832113442806,-0.0003238832113442795,-0.000323883211344278,-0.00032388321134428047,-0.00032388321134427884,-0.0003238832113442794
2024-08-21,0.0029553664500259792,0.00431742722243648,0.0016812846848576134,0.0034365713820496,0.00295536645002598,0.0029553664500259827,0.0029553664500259805,0.0029553664500259792,0.002955366450025981,0.0029553664500259836,0.002955366450025982
2024-08-22,-0.01129025086689154,-0.00784479876780742,-0.006866659994196191,-0.0078485134264936,-0.01129025086689154,-0.011290250866891538,-0.01129025086689154,-0.011290250866891536,-0.011290250866891538,-0.011290250866891536,-0.011290250866891536
2024-08-23,0.01173928260418023,0.013888316235550362,0.007883449085150353,0.0106252735932128,0.011739282604180229,0.011739282604180234,0.01173928260418023,0.011739282604180227,0.011739282604180234,0.01173928260418023,0.011739282604180236
2024-08-26,-0.0031175663116751796,-0.00269305502987112,-0.0008504349097660033,-0.0023838081109496,-0.003117566311675182,-0.0031175663116751787,-0.0031175663116751796,-0.003117566311675179,-0.0031175663116751787,-0.0031175663116751818,-0.003117566311675179
2024-08-27,0.0025810096692686895,0.000383153481777,0.00046664035931592634,0.0013730708321384,0.0025810096692686878,0.0025810096692686886,0.00258100966926869,0.0025810096692686886,0.002581009669268685,0.0025810096692686878,0.00258100966926869
2024-08-28,-0.007603919054296941,-0.0048340355987793,-0.0033710236331443164,-0.0058050745530676,-0.00760391905429694,-0.007603919054296937,-0.007603919054296939,-0.0076039190542969365,-0.007603919054296939,-0.007603919054296935,-0.007603919054296938
2024-08-29,0.0015166112278337499,0.0005374344960291035,9.518606032185985e-05,8.941710010823556e-05,0.0015166112278337484,0.0015166112278337516,0.0015166112278337503,0.001516611227833749,0.0015166112278337486,0.0015166112278337477,0.0015166112278337497
2024-08-30,0.004458740851425321,0.00165161351146632,-0.001980276804775461,0.0095459606443275,0.004458740851425323,0.004458740851425317,0.00445874085142532,0.004458740851425317,0.00445874085142532,0.004458740851425315,0.004458740851425318
2024-09-03,-0.01815768327024508,-0.00960134323377201,-0.0018814400890718747,-0.0205788074318561,-0.018157683270245084,-0.018157683270245074,-0.018157683270245077,-0.01815768327024507,-0.018157683270245077,-0.018157683270245067,-0.01815768327024507
2024-09-04,-0.0016521030965746387,0.0017420738555963399,0.0034565979279838855,-0.0020470569595183,-0.0016521030965746379,-0.0016521030965746387,-0.0016521030965746396,-0.0016521030965746363,-0.0016521030965746346,-0.001652103096574634,-0.0016521030965746372
2024-09-05,0.0020747421459658497,0.0013184676287500401,0.0036831233811767125,-0.0024320674546598,0.002074742145965848,0.0020747421459658497,0.00207474214596585,0.0020747421459658497,0.0020747421459658484,0.002074742145965848,0.0020747421459658497
2024-09-06,-0.017187213931296116,-0.01072417941610986,-0.0045329361210964,-0.0168302039682303,-0.01718721393129612,-0.017187213931296116,-0.01718721393129612,-0.017187213931296113,-0.017187213931296113,-0.017187213931296116,-0.017187213931296116
2024-09-09,0.00948104144177642,0.006858533950228941,0.003947447923205618,0.0111963691351513,0.00948104144177642,0.009481041441776418,0.00948104144177642,0.009481041441776417,0.009481041441776417,0.00948104144177642,0.00948104144177642
2024-09-10,0.004904176164929724,0.0036921287046268302,0.0034154648089703863,0.0043555718181662,0.004904176164929722,0.004904176164929717,0.004904176164929721,0.004904176164929721,0.004904176164929725,0.004904176164929717,0.0049041761649297215
2024-09-11,0.00971363592844847,0.0043673575730078604,0.0013718305728082042,0.0102589634290251,0.009713635928448473,0.009713635928448466,0.009713635928448469,0.009713635928448466,0.009713635928448467,0.009713635928448466,0.009713635928448464
2024-09-12,0.011559990519766262,0.0062360230962025705,0.00458981233564573,0.0084232353454931,0.011559990519766257,0.011559990519766259,0.01155999051976626,0.011559990519766253,0.011559990519766255,0.011559990519766248,0.011559990519766257
2024-09-13,0.006127524307306533,0.006951318005710261,0.0045628254430893096,0.0052227832478459,0.0061275243073065306,0.006127524307306531,0.0061275243073065306,0.006127524307306528,0.006127524307306537,0.006127524307306526,0.006127524307306531
2024-09-16,-9.795623726451165e-05,0.003149026954567437,0.002472996242654101,0.0014768156945352,-9.79562372645104e-05,-9.79562372645059e-05,-9.795623726450997e-05,-9.795623726450943e-05,-9.795623726450948e-05,-9.795623726450092e-05,-9.795623726450612e-05
2024-09-17,-0.0019378699453457095,-0.001429092139535371,-0.0015653239009248998,0.0004085115603775,-0.0019378699453457071,-0.0019378699453457113,-0.0019378699453457102,-0.0019378699453457097,-0.0019378699453457067,-0.001937869945345711,-0.0019378699453457137
2024-09-18,-0.0048198180662726905,-0.0043586062768407405,-0.004757557027035215,-0.0029656037238378,-0.0048198180662726905,-0.0048198180662726905,-0.0048198180662726905,-0.0048198180662726905,-0.00481981806627269,-0.004819818066272692,-0.0048198180662726905
2024-09-19,0.01934301718909362,0.01164360249924861,0.006751883743070222,0.0170643788325934,0.01934301718909362,0.01934301718909362,0.01934301718909362,0.019343017189093613,0.019343017189093613,0.019343017189093606,0.019343017189093613
2024-09-20,0.0017366108912786325,-0.0020785542482796605,0.002506062260816948,-0.0017286027009622,0.0017366108912786277,0.0017366108912786255,0.0017366108912786297,0.0017366108912786294,0.001736610891278628,0.0017366108912786173,0.001736610891278626
2024-09-23,0.002503810628582441,0.0020760218112478,0.0005626553136220686,0.0024987947776549,0.0025038106285824395,0.0025038106285824395,0.00250381062858244,0.0025038106285824387,0.0025038106285824382,0.0025038106285824382,0.0025038106285824426
2024-09-24,0.0070896213515114605,0.006734204476078431,0.0060161712035098165,0.0028612684971582,0.00708962135151146,0.00708962135151146,0.00708962135151146,0.007089621351511457,0.007089621351511456,0.0070896213515114544,0.007089621351511459
2024-09-25,-0.00133983549654835,-0.00557690700269969,-0.004150783488129744,-0.0022055740216547,-0.0013398354965483516,-0.0013398354965483538,-0.0013398354965483503,-0.0013398354965483512,-0.0013398354965483545,-0.0013398354965483568,-0.0013398354965483538
2024-09-26,0.007172480318441696,0.007312786564332101,0.0033799886828957634,0.0039645816717264,0.0071724803184416985,0.007172480318441702,0.0071724803184417,0.007172480318441697,0.00717248031844169,0.0071724803184417055,0.0071724803184416985
2024-09-27,-0.005087019114507949,-0.0001704625994724097,0.00041820442938453567,-0.0014502904118117,-0.0050870191145079464,-0.005087019114507948,-0.005087019114507949,-0.005087019114507946,-0.005087019114507941,-0.005087019114507943,-0.005087019114507947
2024-09-30,-0.0007295907858778791,-0.00204067568220747,-0.0035817559151276566,0.0040074162160512,-0.0007295907858778787,-0.0007295907858778813,-0.0007295907858778801,-0.0007295907858778807,-0.0007295907858778768,-0.000729590785877881,-0.0007295907858778797
2024-10-01,-0.0044613012851789004,-0.0017001519535053498,0.0038923014566501937,-0.008958604559465,-0.004211414931425171,-0.0020165525255162187,0.000814429874934905,-0.004461301285178911,-0.004461301285178912,-0.0044613012851789195,-0.0044613012851789065
2024-10-02,0.0004068140372523555,0.00013136329582114016,-0.0006000471911193009,0.0004220737679345,0.00038865095758489375,-3.1130702456756264e-05,-0.0007372177531846285,0.0004068140372523593,0.0004068140372523594,0.0004068140372523588,0.0004068140372523602
2024-10-03,-0.0019096457988969466,-0.00612810568154229,-0.004370368368194682,-0.0018281781869303,-0.0018149541257266493,-0.00194312875023737,-0.002813258751462506,-0.0019096457988969408,-0.0019096457988969444,-0.0019096457988969466,-0.001909645798896944
2024-10-04,0.006281696654306926,0.0015846089514557405,-0.00332141858467256,0.0090875353626902,0.005931272082406352,0.003122731499532839,-0.0001857620702007363,0.006281696654306939,0.006281696654306938,0.0062816966543069435,0.0062816966543069366
2024-10-07,-0.007499220968492017,-0.00533641585663467,-0.004278243558945304,-0.0090405918901448,-0.00745525067125088,-0.006721261491433025,-0.005570162444680977,-0.00749922096849202,-0.00749922096849202,-0.007499220968492021,-0.007499220968492018
2024-10-08,0.0049477664040893515,-0.00020597914745210978,-0.0004840317577873341,0.0094576621192834,0.005002383936733025,0.003918933523307385,0.0014571148801485348,0.0049477664040893585,0.004947766404089357,0.00494776640408936,0.004947766404089352
2024-10-09,0.002828974788146661,-0.00039612902447291995,-0.002175186542760014,0.006926374276988,0.0027388468482198174,0.001487817156252935,-0.0003967867465601194,0.002828974788146669,0.0028289747881466683,0.0028289747881466718,0.0028289747881466666
2024-10-10,0.001215193196506858,-0.0014338885189683203,0.001095900381044834,-0.0017500368840644,0.0012404188739438898,0.0013972999916635755,0.0015309675692074705,0.0012151931965068588,0.001215193196506858,0.0012151931965068536,0.0012151931965068575
2024-10-11,0.006052390700152547,0.0058503656231892,0.0035662141262730847,0.0059882343579582,0.005943492421477733,0.005545191463086471,0.005418809704539804,0.006052390700152553,0.006052390700152552,0.006052390700152549,0.006052390700152555
2024-10-14,0.004773721718177035,0.002620328959850442,0.00010325683261543096,0.0081783478892527,0.0046676876322109834,0.0035003256860084023,0.0018823320346182373,0.00477372171817704,0.00477372171817704,0.004773721718177042,0.0047737217181770385
2024-10-15,-0.006960238249340129,-0.00204726184357127,0.0018031352287126196,-0.0077696031506094,-0.006469179161902143,-0.0035535234178516177,-0.0008171525767300487,-0.006960238249340136,-0.006960238249340141,-0.006960238249340146,-0.006960238249340134
2024-10-16,0.0030997610411965517,0.00561560538258704,0.003433826566867773,0.0043463065741016,0.0030765237762144203,0.0031399826355685946,0.0034441679743319213,0.0030997610411965526,0.0030997610411965517,0.0030997610411965526,0.003099761041196555
2024-10-17,0.0020422992062917923,-0.00337377579311018,-0.0025217812308620012,8.589743781750592e-05,0.00192216807879445,0.0010903890063408306,0.00013590770080483557,0.0020422992062917996,0.002042299206291799,0.002042299206291795,0.0020422992062917988
2024-10-18,0.0069816381099659045,0.00437558413642494,0.003269710655113769,0.0038465483694205,0.0068547996808139885,0.006046673059935144,0.005178871509861714,0.006981638109965907,0.0069816381099659115,0.006981638109965905,0.00698163810996591
2024-10-21,-0.0011598133557449025,-0.008943392478957791,-0.005934962344778531,-0.0016422800212634,-0.0010665454461515837,-0.0016580058552370955,-0.0034626651820024628,-0.0011598133557448932,-0.001159813355744897,-0.001159813355744901,-0.0011598133557448988
2024-10-22,0.002835711436261487,0.00010929418461687841,0.0018950160449192912,-0.0005311797270139,0.0029427812113416536,0.00304999259996098,0.00261825338543224,0.0028357114362614895,0.0028357114362614873,0.0028357114362614804,0.0028357114362614895
2024-10-23,-0.01195957711500684,-0.006272104029544021,-0.005869165836870198,-0.0091373667567458,-0.011784401190959725,-0.010185376384663167,-0.00812197828114397,-0.011959577115006847,-0.011959577115006847,-0.011959577115006847,-0.011959577115006843
2024-10-24,0.005954032262462777,0.00380725314148424,0.0034971581649118387,0.0021628025973028,0.005876413985235545,0.005156534992619425,0.004227044761418581,0.005954032262462779,0.0059540322624627795,0.005954032262462777,0.005954032262462777
2024-10-25,0.002004730061866503,-0.0019835578223499303,-0.0010069503974716979,-0.0003452972949489,0.002030963430499275,0.0013774154640234355,-8.470183684441848e-05,0.002004730061866509,0.0020047300618665064,0.0020047300618665047,0.0020047300618665047
2024-10-28,0.0017889308915539095,0.002932537104596666,-0.00032117946705517307,0.0030914298610738,0.0015553608661641773,0.0007185622368042534,0.0005377824609983544,0.0017889308915539112,0.001788930891553912,0.001788930891553916,0.0017889308915539125
2024-10-29,0.006276289118129701,0.0008146079151021499,0.0029750214681723143,0.0016182722129041,0.006367270980261827,0.005808793755452049,0.004154605071326888,0.006276289118129708,0.006276289118129705,0.0062762891181297,0.006276289118129703
2024-10-30,-0.002171183602650127,-0.00180699321265437,-0.0004406316288566072,-0.0030252091843017,-0.0020580612201956654,-0.0012277882066838094,-0.0002773316725976893,-0.002171183602650129,-0.0021711836026501305,-0.0021711836026501352,-0.0021711836026501266
2024-10-31,-0.018717059373465544,-0.010742244573738072,-0.007158684245355302,-0.0196031936526449,-0.01859002905266032,-0.01609937461021593,-0.011978813497437077,-0.018717059373465558,-0.018717059373465558,-0.018717059373465555,-0.018717059373465558
2024-11-01,0.002421258852936642,-0.0020505572768243,-0.0036955599522835838,0.0042204792652209,0.0022335551209748125,0.001901068060661171,0.0014925413181971125,0.002457071547124771,0.002457071547124763,0.002457071547124769,0.002457071547124766
2024-11-04,-0.0009960665694060077,0.0047024334655033605,0.004060991666665145,-0.0021537837601104,-0.0008877603127240762,-0.0006959131473993499,-0.00045296040438025907,-0.001016730723542262,-0.0010167307235422623,-0.0010167307235422682,-0.0010167307235422634
2024-11-05,0.009082939504251514,0.00933931531890929,0.004327976975530098,0.0120917042511228,0.008860430019346159,0.008466290149270852,0.00802761494019648,0.009125392917689748,0.009125392917689738,0.00912539291768974,0.009125392917689745
2024-11-06,0.005065541925807441,-0.0016626959182423889,-0.00991508384754223,0.0248655958256533,0.00516395143505736,0.005338268099384862,0.00498388485515,0.005046766008977648,0.005046766008977571,0.00504676600897757,0.005046766008977587
2024-11-07,0.01335132610959264,0.01176910676362039,0.01146673946018558,0.0077321673675725,0.013182710364455504,0.012884034611782457,0.012571612340532176,0.013383496935674692,0.013383496935674706,0.013383496935674711,0.013383496935674706
2024-11-08,-0.0016916713607883543,8.056204150274997e-05,-0.00019303916157648537,0.004331607062928,-0.0013145271319207068,-0.0006464766107091269,-0.00015578487624966962,-0.0017636281130174259,-0.0017636281130174424,-0.001763628113017454,-0.0017636281130174415
2024-11-11,-0.006918949803380816,-0.00299729241431917,-0.006735725334512329,0.0009529899591387,-0.006990156181949551,-0.007116286862668873,-0.007234459518074931,-0.006905364073181013,-0.006905364073181021,-0.006905364073181027,-0.006905364073181024
2024-11-12,-0.0058654420857628675,-0.01127531166984127,-0.007686544729793259,-0.003106336041269,-0.00557506744464107,-0.005060715333432912,-0.004749557220454795,-0.005920843745142752,-0.005920843745142753,-0.005920843745142755,-0.005920843745142757
2024-11-13,-0.0038327831792391766,-0.00415142809786209,-0.0037324724511284347,0.0004857686482722,-0.003708061214108073,-0.00348713625374866,-0.003320683762189733,-0.003856579347536415,-0.0038565793475364048,-0.003856579347536411,-0.0038565793475364113
2024-11-14,-0.0045994283988060256,-0.00365366969822681,-0.0018120669454921635,-0.0064302064604335,-0.004650924270147428,-0.004742140948162514,-0.004719927582926175,-0.0045896033096987235,-0.004589603309698708,-0.004589603309698707,-0.004589603309698713
2024-11-15,-0.011865452152044025,-0.0058174550343961,-0.001915075466813619,-0.0128086408250809,-0.011769813197866966,-0.011600404127554675,-0.011168780269116545,-0.01188369946435167,-0.01188369946435165,-0.011883699464351655,-0.011883699464351659
2024-11-18,0.009549693045754343,0.00620120381775606,0.006443579050533087,0.0040973037869487,0.009474168753408065,0.009340389580868299,0.009184489067498521,0.009564102606807293,0.00956410260680729,0.009564102606807299,0.009564102606807297
2024-11-19,0.005734918869126972,0.0039166060262832295,0.0037321265716724855,0.0036556867915835,0.00581594837615158,0.005959479153657673,0.006001613923583067,0.005719458947659479,0.005719458947659466,0.0057194589476594684,0.005719458947659472
2024-11-20,0.0013527914079211867,-0.0005515021812671601,7.408497618537004e-05,0.0003387221816493,0.0013815701464787314,0.0014325470667696906,0.0014573093177878969,0.0013473006051954828,0.0013473006051954754,0.0013473006051954782,0.0013473006051954793
2024-11-21,0.005213828214410467,0.0035562866956137603,0.0019823516487687816,0.0053682472463352,0.005195086281469514,0.005161887952789508,0.005085261699587182,0.005217404057607063,0.005217404057607045,0.005217404057607048,0.005217404057607053
2024-11-22,0.005652397193036084,0.00498349073264209,0.0037478487122284336,0.0030996042973512,0.005575766739090147,0.00544002817866469,0.005330499617533958,0.005667017802780933,0.0056670178027809145,0.005667017802780919,0.005667017802780924
2024-11-25,-0.006804468066049056,0.005962434314423461,0.0009969223467736882,0.0033918955160623,-0.006671306245242107,-0.006435431433999079,-0.006148692488798471,-0.00682987450584781,-0.006829874505847806,-0.006829874505847823,-0.006829874505847816
2024-11-26,0.0031979827796637305,-0.00092935332652053,-0.00040929917721301614,0.0052213812267118,0.003284446437502815,0.0034376029417364654,0.0034515468465152526,0.003181486056320967,0.003181486056320966,0.003181486056320967,0.0031814860563209673
2024-11-27,-0.002068600533925416,0.00205389693029417,0.002424332857481708,-0.0030298813060565,-0.0021015372548683253,-0.002159879374165703,-0.0020494374513923027,-0.0020623164142525717,-0.0020623164142525643,-0.0020623164142525665,-0.002062316414252566
2024-11-29,0.008380362599849957,0.00586755680537355,0.00595396543347024,0.006211945721408,0.00816466460206633,0.007782590189112192,0.0074505420482660345,0.00842151642428849,0.008421516424288495,0.008421516424288504,0.008421516424288497
2024-12-02,0.001443382491356724,-5.337232259881332e-05,-0.0010711363521569192,0.0017923275603184,0.001375539030399,0.0012553652189378414,0.001028931453802221,0.0014563265979791575,0.0014563265979791584,0.001456326597979161,0.0014563265979791566
2024-12-03,0.0021927877675163854,-0.00138919588698397,-0.0013232567151351378,0.000464151901707,0.0019912137929895537,0.0016341578222548257,0.0013028197928048428,0.0022312468169479647,0.0022312468169479746,0.0022312468169479807,0.002231246816947974
2024-12-04,0.006570894767939537,0.00451394505611366,0.004225162232048848,0.0062094061952344,0.006643018009516567,0.00677077276602356,0.006752774890778591,0.006557134106031233,0.0065571341060312255,0.006557134106031228,0.006557134106031229
2024-12-05,-0.0030775597119564084,-0.00126923849257844,-0.0017037349173866275,-0.0016456369760092,-0.003195710808668442,-0.0034049965293519607,-0.003520768954870697,-0.003055017224120325,-0.0030550172241203062,-0.003055017224120307,-0.0030550172241203123
2024-12-06,0.003367091391794548,0.00185126006375044,0.0019094773873285927,0.0018956944029322,0.0034447071348071285,0.003582190976809587,0.0036065634015774073,0.0033522827950786434,0.0033522827950786386,0.0033522827950786386,0.003352282795078639
2024-12-09,-0.0009805371297636244,-5.261669165372031e-05,0.00048629918355741616,-0.0051496725423149,-0.001047655194338605,-0.0011665440824349428,-0.0011963695791880299,-0.0009677314242190471,-0.000967731424219043,-0.0009677314242190398,-0.0009677314242190417
2024-12-10,0.0011272522661387794,-0.00453028574845007,0.0008157438708388627,-0.0031090937334795,0.001297577636843562,0.0015992817170479075,0.001836028169443159,0.0010947552542265725,0.0010947552542265595,0.0010947552542265658,0.001094755254226565
2024-12-11,0.01113864857601364,0.0032621278760149803,0.0016401430489109184,0.0077306362096705,0.01091980730772583,0.01053216509513989,0.009987732356347187,0.011180402116739863,0.011180402116739856,0.011180402116739867,0.011180402116739863
2024-12-12,-0.008735737185626894,-0.00762000911783149,-0.006980471834858879,-0.0051526396434558,-0.008618480862352007,-0.008410780089323259,-0.008228214446113566,-0.008758108956306035,-0.008758108956306023,-0.008758108956306031,-0.008758108956306031
2024-12-13,-0.001677399370846043,-0.0036701237489187803,-0.005726810644286141,-0.000198721237085,-0.0017221485658033787,-0.0018014145885257827,-0.002015906301312137,-0.0016688615052563652,-0.0016688615052563595,-0.0016688615052563608,-0.0016688615052563634
2024-12-16,0.006012567227245011,0.0019304565724378997,0.0013926028910958693,0.0042701599621859,0.006098037690237071,0.006249434909071573,0.006177720413231711,0.005996259999246618,0.005996259999246604,0.005996259999246606,0.005996259999246609
2024-12-17,-0.0038601952823694306,-0.003007503244393121,-0.0014891822520928107,-0.0041199910568426,-0.0038227186878933674,-0.003756334910662731,-0.0036524516172500875,-0.0038673455814239987,-0.003867345581423987,-0.003867345581423989,-0.003867345581423992
2024-12-18,-0.027897090964195063,-0.025103844814577232,-0.015362535637569496,-0.0298035611594255,-0.027499929853430333,-0.02679642263591843,-0.025929945073673643,-0.02797286681188109,-0.02797286681188106,-0.02797286681188107,-0.027972866811881082
2024-12-19,-0.001325541217019274,-0.00481689251532512,-0.002580052488223833,-0.0003071527492615,-0.0013575546107729558,-0.0014142612040227288,-0.0014558697780236041,-0.0013194332623801142,-0.001319433262380117,-0.0013194332623801112,-0.0013194332623801157
2024-12-20,0.009103637494073325,0.0071964382457924605,0.006425656156322604,0.0120111199864305,0.009256645484720653,0.009527674603231586,0.009657194353452013,0.009074444529606832,0.009074444529606818,0.009074444529606816,0.009074444529606825
2024-12-23,0.003909713664191525,0.0008339660401935999,-0.0021673359955418922,0.0059882082012892,0.003650841279508722,0.003192290363765234,0.002682614854878325,0.003959104890724409,0.003959104890724418,0.00395910489072442,0.003959104890724417
2024-12-24,0.00834352642898016,0.00567464449795628,0.0032071561390725188,0.0111149932829843,0.008271916636145646,0.008145071371747501,0.007887695751372383,0.008357189128090374,0.008357189128090366,0.008357189128090367,0.008357189128090371
2024-12-26,0.002298109360703534,0.002142636629802793,0.0018611263058500001,6.648855168323031e-05,0.0022038789937101236,0.002036965009707469,0.0019358292479300457,0.0023160879234156344,0.0023160879234156275,0.00231608792341563,0.0023160879234156314
2024-12-27,-0.009356502621500286,-0.007622225638383311,-0.005204136344820752,-0.0105263788179079,-0.009383849505951235,-0.009432290126309726,-0.009330179835568993,-0.009351285007553023,-0.009351285007553006,-0.009351285007553008,-0.009351285007553013
2024-12-30,-0.008971217912288148,-0.0036940662076120397,0.0004323346626723891,-0.0114115851769064,-0.008677309122827725,-0.008156696834586658,-0.007538679756208621,-0.009027293864993707,-0.0090272938649937,-0.009027293864993709,-0.009027293864993707
2024-12-31,-0.0017780293318000713,-0.0008956927719847001,-0.0005788878382028298,-0.0036380299989984,-0.0018214143791821474,-0.0018982640332346713,-0.0018681043539901085,-0.0017697517370075092,-0.0017697517370075092,-0.001769751737007509,-0.0017697517370075075
2025-01-02,0.0024264478228484885,-3.6990684336472455e-05,0.0027773089236626035,-0.0024571239965799,0.0025205136730470637,0.0026871362419301882,0.002838406721447327,0.0024085006489084834,0.0024085006489084717,0.0024085006489084773,0.0024085006489084782
2025-01-03,0.006712244034052534,0.00555800926662783,-0.0007935327888825585,0.0125034045605449,0.006570387671677272,0.006319111874334417,0.005909046455076088,0.006739309337822949,0.00673930933782294,0.006739309337822939,0.006739309337822943
2025-01-06,0.005710533158436831,0.0008663424705026898,-0.0003741348578693465,0.0057606153829374,0.00546262962978672,0.0050235082834992895,0.004549531991467987,0.005757831596069959,0.005757831596069962,0.005757831596069971,0.005757831596069963
2025-01-07,-0.00715001190314847,-0.0069360940442048,-0.003375846129000941,-0.0113039411607376,-0.007239057936483098,-0.007396788704787914,-0.0073396992020686724,-0.007133022478765978,-0.007133022478765972,-0.007133022478765967,-0.007133022478765972
2025-01-08,0.0019431728731362779,0.00033414996808008,0.002187244165879447,0.0014609058966514,0.0020215180860030826,0.0021602940668718515,0.002279736120143839,0.0019282250981497162,0.0019282250981497188,0.0019282250981497188,0.0019282250981497188
2025-01-10,-0.007903182356826497,-0.011967231629055202,-0.004626968655611297,-0.015267427998534,-0.007715593682426669,-0.007383310428133045,-0.007037903301129259,-0.007938973098753807,-0.00793897309875381,-0.007938973098753804,-0.00793897309875381
2025-01-13,-0.0037594269370870726,-0.00119651932218206,-0.003624441370375825,0.0015504777948436,-0.003734710624781718,-0.0036909296411309998,-0.0036408760431840934,-0.0037641426543762136,-0.0037641426543762128,-0.0037641426543762197,-0.0037641426543762145
2025-01-14,0.002048728306545819,0.004087894295986589,0.0022404750723956294,0.0013759502770052,0.0019712393692242476,0.0018339801431683839,0.0017520370899557903,0.002063512709531617,0.00206351270953161,0.00206351270953161,0.002063512709531614
2025-01-15,0.01587332358867834,0.01396684561539204,0.011468030582107094,0.0181898155799979,0.01582007060323711,0.01572574147937142,0.015498529329776753,0.01588348392412975,0.015883483924129735,0.015883483924129742,0.015883483924129742
2025-01-16,-0.00010514855518067964,0.0032214895171701705,0.0025106121280963267,-0.0019229973708283,-0.00016989338108597176,-0.000284578457460199,-0.0002465398898998483,-9.279564868183232e-05,-9.279564868182452e-05,-9.279564868182755e-05,-9.279564868182474e-05
2025-01-17,0.0068738463233710785,0.004054405778476881,0.0010353153139713083,0.0100399012704042,0.006795938889904382,0.006657938365039007,0.006352870857492127,0.00688871057279523,0.006888710572795226,0.006888710572795228,0.006888710572795227
2025-01-21,0.011093966014957702,0.01174326728201883,0.007863401003517718,0.0091534804439163,0.010696048544618985,0.009991201557414345,0.009454290155028893,0.011169886171304148,0.011169886171304147,0.011169886171304154,0.011169886171304155
2025-01-22,0.0068318315394554074,-0.0012968599139157,0.0002187056355108986,0.0056216412754821,0.006824988402274353,0.006812866882148632,0.006607509929932072,0.006833137167087793,0.006833137167087786,0.006833137167087796,0.006833137167087791
2025-01-23,0.0026209972570997125,0.00168520547023267,-0.0006515925298332183,0.0054578532443905,0.002366119092522997,0.0019146432971696966,0.0015309379593745759,0.002669626411500715,0.0026696264115007202,0.002669626411500722,0.0026696264115007207
2025-01-24,-0.00016296975697939389,0.00189483594601988,0.0024293640549670325,-0.0029191634446454,-0.0002463026891683323,-0.00039391361496735077,-0.0004009842007510439,-0.0001470703564448977,-0.0001470703564448888,-0.00014707035644488772,-0.0001470703564448899
2025-01-27,-0.016070140897816602,-0.004285669069986021,-0.000977453084033784,-0.0141453562224046,-0.015916767841972802,-0.015645092069009527,-0.014995044335480288,-0.016099403514431763,-0.016099403514431735,-0.016099403514431752,-0.01609940351443175
2025-01-28,0.009488524251981253,0.0025182506949019004,0.0030161519848290897,0.0085922117415293,0.009520895949476152,0.009578237220344604,0.009431589342771527,0.00948234793523668,0.009482347935236666,0.009482347935236675,0.009482347935236675
2025-01-29,-0.003077746517974044,-0.00301222910391527,-0.0022070226595282323,-0.0044828649258257,-0.003102693521401148,-0.0031468831373795835,-0.0031696244480778745,-0.003072986786266492,-0.003072986786266491,-0.003072986786266489,-0.0030729867862664927
2025-01-30,0.008492142988653377,0.00837356802607741,0.006076550067042284,0.005367082820435,0.008283082562886571,0.007912765544334918,0.007620556125248462,0.008532030406002908,0.008532030406002904,0.008532030406002911,0.008532030406002911
2025-01-31,-0.002342111350640442,-0.0048110149160669104,-0.0022219527407216205,-0.00532191162803,-0.002158543642130299,-0.0018333828840934692,-0.0016025282338159139,-0.002377134917508181,-0.0023771349175081818,-0.0023771349175081826,-0.0023771349175081826
2025-02-03,-0.003936174650482651,-0.00317557423727047,0.0006280136883882329,-0.0067294502496014,-0.0036419364342034485,-0.003120740619180987,-0.0026359929991466857,-0.003992313455758029,-0.003992313455758029,-0.003992313455758033,-0.00399231345575803
2025-02-04,0.009770485961983186,0.00804967646881659,0.005154750404998369,0.0067082652362124,0.009554400583111525,0.009171639986681789,0.00877219351267354,0.009811713696302451,0.009811713696302442,0.00981171369630245,0.00981171369630245
2025-02-05,0.005394904477310757,0.00761973825167275,0.005666405668937879,0.0040546293842407,0.005302375879790832,0.00513847630750848,0.005037311731227227,0.005412558353086183,0.005412558353086183,0.005412558353086181,0.005412558353086186
2025-02-06,0.0022618035669157988,0.00107459362176744,-0.0008359158163249896,0.0034754233443936,0.002121728979671092,0.001873609311240046,0.0016141037499989503,0.0022885289191722016,0.002288528919172209,0.0022885289191722103,0.002288528919172208
2025-02-07,-0.006912694005806887,-0.00593418438090945,-0.0032265827274529976,-0.009153411562772,-0.006767591526402338,-0.006510565753301297,-0.0062075721996299295,-0.006940378648336592,-0.006940378648336589,-0.006940378648336591,-0.0069403786483365915
2025-02-10,0.011397080950449612,0.005577129683506521,0.005177910844130261,0.0067912242845193,0.011231680838728528,0.010938701064981295,0.010571277679072648,0.011428638253854494,0.011428638253854487,0.011428638253854498,0.011428638253854494
2025-02-11,-0.0011404161403106008,-0.0017079230558434,-0.0022952149428840446,0.0007604384781254,-0.0013134028009123455,-0.001619820929394972,-0.0018417793401170422,-0.0011074113709860715,-0.0011074113709860583,-0.001107411370986058,-0.0011074113709860613
2025-02-12,-0.0001514947387234964,-0.0036671884163881107,-0.0036880501748712408,-0.0032214850727226,-0.00040242471009874995,-0.0008469069143423468,-0.0012608908424859649,-0.00010361887480981593,-0.00010361887480980596,-0.00010361887480979945,-0.00010361887480980693
2025-02-13,0.01163329291288739,0.01064570071465452,0.008480141891190278,0.0105575013882512,0.01152352985977867,0.011329102213201082,0.011101520629147023,0.01165423501464026,0.011654235014640257,0.011654235014640262,0.011654235014640262
2025-02-14,-0.0030577102535840218,0.0006546120242801692,-0.0005378821879016939,-4.907515727980982e-05,-0.00299318333052388,-0.0028788842340961504,-0.002797050438800166,-0.003070021585587392,-0.003070021585587384,-0.0030700215855873902,-0.0030700215855873924
2025-02-18,0.007192539238322993,0.00240215428007331,0.001476409742340215,0.0029356937266653,0.006895678119447775,0.00636983625309474,0.005895706119179182,0.007249178476954564,0.0072491784769545585,0.007249178476954569,0.007249178476954567
2025-02-19,-2.0128629874850636e-05,-0.00079293778075956,0.0010408263994854483,0.0023550205989428,0.00026154553934594385,0.0007604861598209549,0.0011349187407715244,-7.38702938128333e-05,-7.387029381284013e-05,-7.38702938128437e-05,-7.387029381283991e-05
2025-02-20,-0.001912913046967811,0.0009347611825024101,0.0012378965006919515,-0.0041602448320542,-0.0019745896322535704,-0.0020838398124045747,-0.0020816291698128953,-0.0019011455415254932,-0.0019011455415254754,-0.0019011455415254772,-0.0019011455415254806
2025-02-21,-0.0122012372188527,-0.00650106727397585,0.0001154653699144782,-0.0171042078114819,-0.011914766843481979,-0.011407330512949529,-0.01070288106065769,-0.012255893968827177,-0.01225589396882715,-0.012255893968827158,-0.012255893968827161
2025-02-24,-0.0033264463383106107,-0.0022563495398971603,0.0013571563110775517,-0.0045503033897763,-0.0032615056362635406,-0.003146473596715574,-0.0028857719365258157,-0.003338836616748166,-0.0033388366167481564,-0.0033388366167481586,-0.003338836616748159
2025-02-25,-0.008325595592271492,0.0020264005717722296,0.0010888914624217923,-0.0049732863742056,-0.008353985597673454,-0.008404273939517985,-0.0081782893503415,-0.008320178957392517,-0.008320178957392491,-0.008320178957392503,-0.008320178957392503
2025-02-26,0.0014741736483339075,0.00235525220835781,0.00226031128072798,0.0005047975617609,0.0015074866162487703,0.0015664951967206174,0.0016129929213692762,0.001467817743099821,0.001467817743099819,0.0014678177430998201,0.0014678177430998197
2025-02-27,-0.01877570679501902,-0.01134288242497807,-0.007973784644509216,-0.0159619111900132,-0.018536136568961588,-0.018111776331858228,-0.01746740993673407,-0.018821415290810252,-0.01882141529081023,-0.018821415290810245,-0.018821415290810245
2025-02-28,0.007763509768841596,0.00547985143228521,0.0032217563324646115,0.0156055966610777,0.007843802517069814,0.007986028244517426,0.007956029327631103,0.0077481904163291815,0.007748190416329173,0.007748190416329168,0.007748190416329173
2025-03-03,-0.006796784172253118,-0.00351884728108113,0.002130979199687845,-0.0175199776663043,-0.0069717442159701526,-0.0072816578761825766,-0.007177207300212816,-0.006763402893813507,-0.006763402893813464,-0.006763402893813463,-0.006763402893813474
2025-03-04,-0.0018844862256909636,-0.003959864122947371,-0.0013360185871865177,-0.0118368679920383,-0.0019530928883350492,-0.0020746185891937752,-0.0021632771172902607,-0.0018713965049759942,-0.0018713965049759864,-0.0018713965049759799,-0.0018713965049759872
2025-03-05,0.01001573937395424,0.00839443324752653,0.0005261948500593677,0.0107478396111659,0.009319301705843167,0.008085674060075165,0.006964133541992326,0.010148615310774843,0.010148615310774853,0.010148615310774864,0.010148615310774859
2025-03-06,-0.01608887400077024,-0.011486924003632083,-0.004950235981465057,-0.0177511567212489,-0.01585780560374376,-0.015448504993384321,-0.014810210145700768,-0.01613296040093267,-0.016132960400932667,-0.016132960400932667,-0.016132960400932674
2025-03-07,0.005032625575986667,0.00320753329826203,0.00024781879233120723,0.0056049942419491,0.004756507072005199,0.004267407421574866,0.003806816764792366,0.005085307253859652,0.005085307253859658,0.005085307253859662,0.005085307253859659
2025-03-10,-0.02446353644238282,-0.01355229418715038,-0.0034882589928617973,-0.0266357243658869,-0.02374114141293187,-0.022461534464167657,-0.020959865245215287,-0.024601364880860593,-0.02460136488086058,-0.024601364880860597,-0.024601364880860593
2025-03-11,-3.3160028150332286e-05,-0.002310749317356978,-0.00128387989655655,-0.0083127804347996,-3.742832965059463e-05,-4.498894127786472e-05,-6.558452019036945e-05,-3.23456630083388e-05,-3.2345663008350074e-05,-3.234566300834205e-05,-3.234566300834357e-05
2025-03-12,0.006952624670580462,0.0020359517000642802,0.00014287326923572753,0.0053065996254335,0.006713005417493262,0.006288558336868814,0.0058024500675370365,0.006998342520421311,0.006998342520421311,0.006998342520421319,0.006998342520421315
2025-03-13,-0.0046860116550655065,-0.004298868329838371,0.004029875443578608,-0.0133306570120635,-0.004433796901589505,-0.003987038911886764,-0.0033854544283506544,-0.004734132647341828,-0.004734132647341826,-0.004734132647341821,-0.004734132647341826
2025-03-14,0.015306301110135579,0.011683291250728442,0.0025287668534034764,0.0206559061352682,0.014789831579001001,0.013874988627538415,0.012866074985862041,0.015404840255749213,0.015404840255749206,0.015404840255749213,0.015404840255749213
2025-03-17,0.006958633612406927,0.00854575189160348,0.0038190966152969645,0.0077112264864067,0.00671322413803222,0.006278520608937996,0.005895093892851476,0.007005456200134901,0.0070054562001349,0.007005456200134902,0.0070054562001349045
2025-03-18,-0.004861177630258975,-0.0030731551845973007,0.0019209399841788395,-0.010808379622018,-0.004830894434885248,-0.004777252610604622,-0.004505861816627686,-0.004866955473904519,-0.00486695547390451,-0.004866955473904509,-0.004866955473904511
2025-03-19,0.008809839832393807,0.00646749645807013,0.005215185351920649,0.0108908459950212,0.00881243329911276,0.008817027209507578,0.008688314805928733,0.008809345015218253,0.008809345015218236,0.00880934501521824,0.008809345015218241
2025-03-20,-0.003060583006378949,-0.0031553218473033603,-0.0010566793492911711,-0.0028916989401738,-0.002828038581541313,-0.0024161234246156326,-0.002058904775098476,-0.0031049510233854376,-0.0031049510233854384,-0.003104951023385442,-0.00310495102338544
2025-03-21,-0.0019206483576230675,-0.004090633257506481,-0.0025868589660396,0.0003298919546212,-0.0017945243211347573,-0.0015711158162073384,-0.0014640613644382769,-0.0019447120323370407,-0.0019447120323370407,-0.0019447120323370414,-0.001944712032337044
2025-03-24,0.010582572906636912,0.0059681020704918306,-0.0013258240085868116,0.0179084877516009,0.010448583180241503,0.010211241867014454,0.009686475214208814,0.010608137305626753,0.010608137305626725,0.010608137305626725,0.010608137305626736
2025-03-25,0.004285966328360811,9.303790137466974e-05,0.0020005918419194377,0.0024037137188281,0.004196016489510259,0.004036684774671543,0.0038712392277811206,0.004303128193164218,0.004303128193164224,0.00430312819316423,0.004303128193164224
2025-03-26,-0.010597413088960736,-0.0069385224637000305,-0.004010117612613995,-0.0119381220337538,-0.010346048147326928,-0.009900795463023717,-0.00937626215372547,-0.010645371942470257,-0.010645371942470254,-0.01064537194247026,-0.010645371942470259
2025-03-27,0.0017187968680259604,-1.1085285428249917e-05,0.0021599808945413634,-0.0026558447361686,0.001647519514007504,0.0015212631116609105,0.0014928994903736065,0.001732396139896161,0.0017323961398961639,0.0017323961398961701,0.001732396139896167
2025-03-28,-0.012529166606853138,-0.0060306560585555394,0.002290773060201299,-0.0201382145402168,-0.012128498482848846,-0.011418779153780525,-0.010470617474914103,-0.012605611570658204,-0.01260561157065819,-0.012605611570658195,-0.012605611570658199
2025-03-31,0.005477934000123133,0.002979828008899418,0.0054984109120806155,0.0067128006251988,0.00575678547047194,0.006250726132553544,0.00664267783957321,0.005424730889417047,0.005424730889417038,0.005424730889417038,0.0054247308894170435
2025-04-01,0.0019013135783614932,0.00298747934234512,0.0022694811868411648,0.0028244427432113,0.0017695227386754803,0.0016145413925303083,0.0016423861248868337,0.0023570355880393077,0.002819028618387903,0.0028190286183878994,0.0021012524757437014
2025-04-02,0.0042191111406647335,0.00419300302842513,0.001781396084125861,0.0063284086265045,0.0035840789024575315,0.0028373036379200182,0.0024611785776344447,0.004586899240473851,0.0049356678678754255,0.004935667867875427,0.003634741496882832
2025-04-03,-0.030014637818581335,-0.023454153787440837,-0.006115283167257329,-0.0492808010899953,-0.024758754881918,-0.018578024021791786,-0.013748036415235872,-0.03247009858843763,-0.034752291847633766,-0.03475229184763377,-0.02467975956320507
2025-04-04,-0.05001773598693,-0.034106895468334716,-0.015385610481959374,-0.058542934883767,-0.042568792854628994,-0.03380910159862481,-0.02455775945402415,-0.050083553330653965,-0.04981185105012828,-0.04981185105012831,-0.03956618123006054
2025-04-07,-0.012343462794962463,-0.01790440323220666,-0.01612390198335827,-0.0017812495904099,-0.012430372008418199,-0.012532574231479222,-0.012552476887552854,-0.010528614514173818,-0.008668845527517089,-0.008668845527517082,-0.010929503422443945
2025-04-08,-0.0067639265044895265,-0.013546161498255292,-0.007064274516648944,-0.015662754316898,-0.006147967106874035,-0.005423620789603486,-0.0057397040382731156,-0.007787062761630398,-0.008809698798614629,-0.00880969879861462,-0.00676131458342826
2025-04-09,0.07989975472039951,0.05726179767875894,0.029938732560861065,0.1050192533240781,0.06861699191337933,0.05534886539155198,0.04398611173418682,0.08332517834059815,0.0863289398221283,0.08632893982212833,0.06688474571524206
2025-04-10,-0.01727390978693361,-0.02145340458570592,-0.008797358986851004,-0.0438189546994144,-0.014527944768097493,-0.011298787832836762,-0.009418604028536334,-0.018952164411465626,-0.020550543396657735,-0.020550543396657732,-0.014821428605116552
2025-04-11,0.0198923198316028,0.013819927841396282,0.006361148944490818,0.0178428937611165,0.01683644856743022,0.013242853047936598,0.009644574992944363,0.019575533604232108,0.0191110233350247,0.019111023335024707,0.015313581014038014
2025-04-14,0.004855684757386567,0.008442830060481831,0.004878974727801459,0.0097012740210569,0.004767586378187015,0.00466398584199132,0.004272504871796824,0.004587642821771352,0.00430836891089917,0.004308368910899168,0.004504476382747844
2025-04-15,0.003048605330772572,0.00277926445626121,0.00316683918894623,-0.002800792432763,0.002806032610171391,0.0025207757749820753,0.0021986296684057462,0.002519921227876177,0.001965949110518681,0.0019659491105186826,0.002258825483853099
2025-04-16,-0.0025948873207467383,-0.0031472965696872,0.005713573424305228,-0.022228078391931,-0.00024873940069217474,0.0025102469077941496,0.004729462450023505,-0.004493872408369821,-0.006337138082829619,-0.006337138082829625,-0.0008932600619585883
2025-04-17,0.001625019297417965,0.00254366707054608,-0.0015933349592972927,0.0014268350248789,0.0007020043985236427,-0.0003834281426472676,-0.0017488804445910506,0.0009137295714319952,0.00014124021593594268,0.00014124021593595027,-0.0002791780787453333
2025-04-21,-0.0031074515330923825,-0.00978155952503174,-0.0016577372396918118,-0.023802707123928,-0.002049386810747982,-0.0008051403944296003,-0.000495028479408819,-0.004472807382130996,-0.00582674253921517,-0.005826742539215167,-0.002770959780831342
2025-04-22,0.012613344900986787,0.012788642795459711,0.002362944371904912,0.0260177597421915,0.010087946644596408,0.007118168408331894,0.0042149354418750395,0.01310392314907409,0.013492684657350679,0.013492684657350686,0.009466436607381125
2025-04-23,0.002017344216879252,0.0061610530136332504,-0.0006340631432775014,0.0154953629188225,0.0006709373922922893,-0.0009123890430629462,-0.0017873899936131045,0.00335102527080008,0.004659298826142027,0.0046592988261420255,0.0012473071920504801
2025-04-24,0.01832747566302616,0.01385740097524524,0.01126042276702971,0.0210490309818542,0.016638815124446135,0.014653010549546815,0.013361895416001158,0.01941430362444082,0.020453486257397967,0.020453486257397964,0.016865665215232924
2025-04-25,0.0017228096710587108,0.00250477867140881,0.0013575612174890601,0.0072253113119784,0.0012932731684616476,0.0007881535484728099,0.0005733413000257359,0.0022092737585091425,0.002689274811393172,0.0026892748113931707,0.001528784470695418
2025-04-28,0.005925872322761951,0.00458403362599892,0.00502615840716783,0.000381385166646,0.006009338165590478,0.006107491041453303,0.005863203514640822,0.005446250592498621,0.004957512992302649,0.004957512992302647,0.005637532652545871
2025-04-29,0.0005104558766741642,0.00333438492856185,0.0007007292672679505,0.0062993888365849,0.00042065766229732815,0.0003150581515465711,0.00023156316262935367,0.0008281175908033326,0.0011502446696325162,0.0011502446696325136,0.0006527389440069455
2025-04-30,-0.0024158941285887816,-0.0019850644550107404,-0.0023221619760967344,0.0003968300492129,-0.0021679008006188234,-0.0018762695014263263,-0.002088114220471525,-0.002355083306557751,-0.0022813388051602865,-0.0022813388051602856,-0.0020145955788647457
2025-05-01,-0.0029319688732818484,-0.0007486351873985097,-0.00622729548863149,0.007086979683865,-0.004272151332353,-0.005602202319097942,-0.00680193310603756,-0.0028459050458236206,-0.0015426598201629814,-0.0005059571200955555,-0.005369625268590174
2025-05-02,0.0071912986804362885,0.009401241455068272,0.0008579599081526152,0.0148441348660788,0.0046099001983101635,0.0028893711486096675,0.0010297272495229863,0.008742834971703636,0.009763525349815661,0.011348460821516176,0.004497861377548146
2025-05-05,0.006507908802328178,0.0008803946546632998,0.005496824276445608,-0.0057344333777002,0.006379886480476697,0.006517029867315232,0.006985359257524147,0.006478550185827327,0.005930589889356496,0.005634488452694797,0.006661375840581421
2025-05-06,0.005216618340737059,-0.0005667761806533302,0.006515400044202484,-0.0083582167585227,0.005961117092105757,0.006748388816214414,0.00786938180830639,0.004761995737299338,0.0038137316173143,0.00298167021102384,0.006396286639221062
2025-05-07,-0.002802121401720046,-0.0008392212630948602,-0.00203246786624175,0.0042054163343341,-0.002344885184947266,-0.002220988092219333,-0.002449646315634383,-0.00290277735989511,-0.002501286148899567,-0.002395201969137224,-0.002545661350822263
2025-05-08,-0.004125166475037171,-0.0015433111597090898,-0.007504096398457855,0.006967762571935,-0.005390182923229613,-0.006508644562892569,-0.00783407777609725,-0.0036637042272839654,-0.0022646603841494596,-0.001069908525460871,-0.006213487213420158
2025-05-09,0.002561700209653771,0.00236451944930403,0.0019245769239842599,-0.0012742213508586,0.0022045359512059444,0.0019766925829852846,0.0020675129088871076,0.0025710193245899694,0.002216510355120087,0.002088477681476501,0.002312688167819437
2025-05-12,0.0060420969798232,0.009655403346598389,-0.0032561382952403456,0.0330473233643318,0.002860812436862414,-7.128170446569603e-05,-0.0037248769840879563,0.007353542058648865,0.011041820979768514,0.014190877001627893,0.0007917419781729646
2025-05-13,0.00637775615170293,0.00160929406064188,0.0019061535099464046,0.0066040745563442,0.00467393016830123,0.0032595032880284574,0.0025552659644092804,0.006173222101314991,0.007135429874836211,0.007958468789811548,0.0034706680231128564
2025-05-14,-0.0057179520724594405,-0.004514228449116361,-0.006919081751002819,0.0012779771742328,-0.0065070064367415085,-0.0074474454404497995,-0.008175988741032236,-0.005857690768693711,-0.005138403371700709,-0.004615456226735968,-0.007293100892277828
2025-05-15,0.0081118050416595,0.007971485799358571,0.008338622560984763,0.0048844963194318,0.008412762295656661,0.008872383294181666,0.009154273213655965,0.008413387580468721,0.007921232298813757,0.007675940915898502,0.009036514943784497
2025-05-16,-0.0014052394643287842,0.00258206560372253,-0.0013418596735065677,0.0063339384423992,-0.0014174771712336946,-0.0014189524994592325,-0.001880273822579795,-0.0010031836868573797,-0.0005678220734209715,-0.0001904268596358016,-0.0013598491935078003
2025-05-19,0.005228732435973452,0.0019301863643288253,0.003045307446808285,0.0010938196429841,0.004437829208279358,0.004050523268799551,0.003944138548181337,0.005590897662034715,0.005316271670424771,0.005431393157065694,0.004666935632463506
2025-05-20,0.004572616269345469,-6.347854099084983e-05,0.0026666305491554777,-0.0033621536762168,0.004165729086918123,0.003943133188734946,0.004043510981937643,0.004670960595909186,0.004207235210693137,0.004054928936760689,0.004394027084853142
2025-05-21,-0.005533279270110269,-0.012168574834910722,-0.005958607836766124,-0.0168507753465551,-0.005793388017609721,-0.006060997109810945,-0.005474498109132638,-0.006050732248020661,-0.006965454677306641,-0.007598264072610562,-0.005758132268225255
2025-05-22,-0.0014030326852801644,-9.292020112588214e-05,0.0005345001641167543,0.0003948142769429,-0.0012079893885719956,-0.0009332750732400424,-0.0004398451361807701,-0.00174480587523302,-0.0018365556289351849,-0.0020354721496057358,-0.0013395423860318345
2025-05-23,0.003913119389845511,0.00144955392126558,0.0054342891170802874,-0.0068260628286078,0.004681374041319925,0.005368229309041197,0.006208076619349347,0.003661393946748547,0.0026761841684442866,0.0018823338485493943,0.005279791447612228
2025-05-27,0.006304058732634838,0.01095028447481475,0.002568815112594054,0.0207907938195246,0.0046189291357387665,0.0034445877971902936,0.0021518653796464885,0.007051201448609548,0.008351657486196786,0.00966394288215387,0.003983293072191697
2025-05-28,-0.00439578405136887,-0.004962974984618191,-0.003008768591512655,-0.0057853470402028,-0.0038522050160936646,-0.003505785979704661,-0.0031570520148423726,-0.004847511499061537,-0.004720108100746563,-0.0048981657181117605,-0.004116642828155187
2025-05-29,0.0040560051453702155,0.0049859316436589906,0.004610544135760193,0.0039472312408577,0.004349765988330307,0.004631788055384389,0.004709173680445317,0.0041787203647556375,0.004073037746874546,0.003993039466068092,0.004595155539231834
2025-05-30,-0.001796926455375348,-0.00176909485398919,-0.0004583279513260015,-0.0011184011499958,-0.0014958205211929071,-0.001172794628245541,-0.0007372826880276583,-0.0019630957241230347,-0.0023196164078705603,-0.0026351665939305055,-0.0013208771587358632
2025-06-02,0.011387927787093736,0.0046990553996575,0.005240469611180852,0.0056329212955719,0.00970681074527162,0.008467053397940598,0.0075335942120178445,0.011992599290830925,0.012365515401569303,0.013103392272483343,0.009473271431124074
2025-06-03,-0.0008584475319712696,0.0011361810213640798,-0.0013434517435558975,0.0057026616946334,-0.0008701333932508402,-0.0011150556410313107,-0.0016993868557699057,-0.00093751536479175,8.274314584932755e-05,0.0006416486237879077,-0.0015381557854538177
2025-06-04,0.004667331763828113,0.0056699163602741505,0.006412819055527841,-0.0002685124039024,0.004625060271099203,0.004742134703822034,0.0055253718969146375,0.004113761140189151,0.0035977428278371705,0.003137434323198345,0.004505449237408669
2025-06-05,-0.004845511806169229,-0.00185982041624908,-0.0033161387679013256,-0.0048328596233543,-0.004548667014843609,-0.004202689200063595,-0.003985400317270364,-0.0046807033487088374,-0.005064266642513639,-0.005289986043544625,-0.004106241383005828
2025-06-06,-0.0013048014484836343,0.0007658836403989695,-0.005829211960643201,0.0102691353391384,-0.002621074510872636,-0.0037814289338156466,-0.005533080357929303,-0.0002653718429858629,0.0010224879021970802,0.002346370858837058,-0.0029613716473818018
2025-06-09,0.0022772921856048438,0.00295964312161581,0.0030351824382350125,0.0009011253788435,0.0023614620707227627,0.002515779487498877,0.0027354813786309223,0.0021517432674137923,0.0021651302121590433,0.0021164073107229984,0.002296882060221003
2025-06-10,0.003065549790593953,0.00428491670132284,0.002283003669873585,0.0056697183904659,0.0028354550573856684,0.002584624786734497,0.002226007500288068,0.0031422239364882936,0.0035846738020758073,0.003906839183803292,0.0025681882602603913
2025-06-11,0.0009811027270144163,0.0002568438586800001,0.003273644972764172,-0.002852077644658,0.0017032032226219835,0.0022675335903441876,0.002920217394683246,0.0005845313557292413,0.00012243130373537918,-0.0004097616910949622,0.001873697247780606
2025-06-12,0.006529385896549494,0.00508764384417236,0.006382028656638986,0.0039743787144976,0.0065380428006884634,0.006748739223749435,0.0069357327425508914,0.006713912666948518,0.006472886355399753,0.00639198802952273,0.006844490897938999
2025-06-13,-0.0030214762100010803,-0.008665525547192842,-0.0020629567002460264,-0.0111800597851331,-0.0019003510316020723,-0.001196507212841559,-0.0006247040717637586,-0.0034793029921298835,-0.0038785201368416815,-0.0044736125105186795,-0.001719693814741067
2025-06-16,0.0005896742302522449,0.0023040570325057403,-0.0028754121005598273,0.0095142398426133,-0.0009467930596571824,-0.0023062419925366463,-0.0035633161676621177,0.0009671680669983305,0.0020707417414182463,0.003124626907657858,-0.0017520080793845042
2025-06-17,-0.003974216152267559,-0.0036769223083239393,0.0009309286145184336,-0.0085452740961776,-0.002099633710036151,-0.0007263398848846177,0.0005758226113017122,-0.004896653867448275,-0.005534239831202708,-0.006561706588917934,-0.0019038751848331904
2025-06-18,-0.0013601764935290894,0.0007649062881772502,-0.0008447276507526149,-0.0001506095231623,-0.0014181306513758817,-0.0014051578187247527,-0.0013089792624895007,-0.0013560195588144168,-0.001481016914710877,-0.001539415858106585,-0.0013535364952525215
2025-06-20,-0.002442591175575766,-0.00247439804549246,-0.00022195042189396578,-0.0023484742531844,-0.0013576372938080125,-0.0006044152163506698,-0.0002449578241468837,-0.002725683447571274,-0.0026745430114580174,-0.0029506303980751814,-0.0012960678185562628
2025-06-23,0.006435143463608101,0.007544180005266071,0.00411287514867518,0.0098773818972228,0.005884062560271798,0.0052541555717731305,0.004455489589920963,0.006763655083254624,0.007236821389001896,0.0077198157230362816,0.005676853208046671
2025-06-24,0.002904637203231347,0.00795341212046517,0.001469882143716724,0.0110473928288654,0.0013671750004987438,0.00021471192828558796,-0.0005096165523177731,0.0031757427932339434,0.00370916836057483,0.004404726261289207,0.0008305994257920282
2025-06-25,0.0011756421675576786,-0.0033699615997115698,0.0005700935874552869,0.0005601809583832,0.0013091305366046378,0.0011223942158339376,0.0009141334514984566,0.0008854899833805694,0.0012253463531138702,0.001300967072101069,0.0008965621526947809
2025-06-26,0.005140058426085405,0.006150445886203641,0.003211029117803568,0.0078239121695418,0.004201397025433024,0.0035081576006464692,0.0030467436504603013,0.005425504154391981,0.005576455261893958,0.00593935421403561,0.0040634913790959515
2025-06-27,-0.003431012839302766,-0.00124437604415903,-0.004980191755933664,0.0049684231504596,-0.004292772826059383,-0.004846226231288694,-0.005543698351267091,-0.0027152969034108902,-0.00252289413143686,-0.002015960149785414,-0.004094954319412076
2025-06-30,0.006801697849313204,0.00541300847679474,0.006323430089518928,0.0047810784904758,0.006776673123686543,0.006784706244416136,0.0068460573937379815,0.006625948227312636,0.006914675039509637,0.007028787559323588,0.006479377854472503
2025-07-01,-0.0001736345268143276,0.0019777969032241803,0.0016507819457304517,-0.0003236142841347,0.0007757886971883569,0.0017666945033348639,0.002119686439889486,-0.00027266911920028735,3.582699108816345e-05,-0.00011685978940484919,0.001806503271950989
2025-07-02,0.004969085950446083,0.0031843118576281105,0.0013222946081377744,0.0045332655788041,0.0036431784821345215,0.002650459692162371,0.0018928752012969496,0.004739908811193093,0.004832022919108728,0.005399224365415932,0.0026579898567078344
2025-07-03,0.002767498628521385,0.0013227897386966204,-0.0017351428357397654,0.0078814002435436,0.001079991491377729,-0.00048249054909899026,-0.0016830549886878746,0.002145344444254718,0.0023932971171004174,0.0032920110835746898,-0.0005739787198029301
2025-07-07,-0.004884454965706386,-0.008146305961846751,-0.004351284153009806,-0.0074519719210669,-0.003982943864613386,-0.0036184450035590993,-0.0035657727929163247,-0.004944839164706312,-0.005036652744112276,-0.005354416692341454,-0.003782784025223823
2025-07-08,-0.0028071761723127246,0.0002994097297048102,-0.0032289490107033766,-0.0005477352950125,-0.003559987519291298,-0.0038938292434665353,-0.0040668264605167054,-0.0024575218812377983,-0.0024998325288193663,-0.002394848757808717,-0.00355207322927588
2025-07-09,0.00588907462526749,0.005642922794892911,0.005028842087232796,0.0059966560783442,0.005522769427109197,0.005325099253168754,0.00527572091530799,0.005941860724215933,0.005920836491706495,0.0060151855773638244,0.005372818323922746
2025-07-10,0.0009142461528789149,0.00173999097724435,0.0008987555954087158,0.002820258275139,0.0011557727530116728,0.0013104787659510846,0.0011287533165768241,0.0006729109183064819,0.0009088369383840448,0.0010156274556707683,0.0013029882938821776
2025-07-11,0.0003706384237135234,-0.004723089281934441,-0.0019483069428866682,-0.0035154084840562,0.0003550774199730404,-2.447096158137796e-05,-0.0006690914338892145,5.9437782181209634e-05,6.878228703985031e-05,0.0001931058833422889,-0.00022060340548920324
2025-07-14,0.00047069454844609314,0.0013712974044233002,-0.000596808036976207,0.0019081841138897,-3.9262041617421184e-05,-0.0005261071741092922,-0.0007872223894759065,0.0003271135909850252,0.00033623435828650206,0.0005639482917752074,-0.0005768206518658703
2025-07-15,-0.0030049427102525283,-0.0059570071700819505,-0.0034347677140289233,-0.0042732121893562,-0.0033163002177656713,-0.0038895954231612244,-0.004004604533830875,-0.0032878145329268763,-0.0034433339778592404,-0.0032991536974243544,-0.004226398930425461
2025-07-16,0.003139823679591725,0.00434204885506332,0.0030367690554582473,0.0033431741923299,0.003324940652285081,0.00346612586533752,0.003285374073010968,0.0031617159843442925,0.003249175544523469,0.0032155302266121894,0.003572256763762103
2025-07-17,0.0035386456381562327,0.00342317128621142,0.001374821160217879,0.0061197367392109,0.002415401311746328,0.001552056540828767,0.0011244767433249033,0.003224647494176316,0.0033340036637019214,0.0038719344803297357,0.001470009490421113
2025-07-18,0.0003441890093617462,-0.0002994292904719601,0.0017005417877466577,-0.0007324327901533,0.0010637618444122485,0.0014639374528009352,0.0017627268292424911,0.0003264761241154443,0.00025445186897225076,-9.94433752380937e-06,0.0013270119459652533
2025-07-21,0.0072395766384383674,0.00506461896427732,0.0059107293973518354,0.0018961434921311,0.006851111435431471,0.006667700389153945,0.0065561259988882155,0.007437550486109058,0.007277248473200613,0.007267225721545664,0.006703011252992802
2025-07-22,0.0018586221780061282,0.004733653317460311,0.003546482360539968,0.0001429991465198,0.0027316946377769946,0.0036859807868793943,0.0040257508769745015,0.002173897198360106,0.002260309730857217,0.001887250959306645,0.003926326714715094
2025-07-23,0.0010655329177199347,0.004218319624130251,-0.0023112419819102375,0.0085076742860805,-0.001284458106297512,-0.0021578461033818783,-0.0029841852239623767,0.0015560287195635686,0.001926234999873323,0.002685769485362948,-0.001229703686944246
2025-07-24,-0.0016408132348831414,-0.0038472632127784403,-0.0023160991827433056,0.0003310296510905,-0.0017449875544517633,-0.0021859257005752922,-0.002381021085440362,-0.0020476969363254385,-0.002032412349254845,-0.001840516445722733,-0.0024736795713846097
2025-07-25,-0.0008142041793004546,0.0008808246106033303,0.00029818907667725984,0.0042243381524911,-0.0005638279229337741,-0.0005191892368803879,-0.00033158154923752824,-0.0011137110470472934,-0.0009866457974987632,-0.0009066435303760777,-0.0006782826657020828
2025-07-28,-0.002150600477596855,-0.00542513325697433,-0.002918503984882202,-0.0002511658677887,-0.002040959612567635,-0.0026826227468901838,-0.0029392142390837084,-0.0029411707558760283,-0.002943623905697099,-0.0026886566258308778,-0.0033093316383029014
2025-07-29,3.43864653218368e-05,0.0036703177756730403,0.004127113316037184,-0.0026375650574512,0.001347417075726495,0.002343301099193563,0.003462677848771582,0.0002757280343434587,8.082728896729942e-06,-0.000632455110520147,0.0021369906038496687
2025-07-30,-0.005786080364468412,-0.00633078086688444,-0.006186697120548541,-0.0012592724779846,-0.006170302772985681,-0.0067754758102452515,-0.006915541765648746,-0.006115734499160876,-0.0061235571363414286,-0.005876112416671052,-0.006988867808755428
2025-07-31,-0.0011458885620583565,-0.00410231996856327,0.0008574480667739015,-0.0037512610547767,0.00021325872112523258,0.0009304122128012589,0.0013451558700029896,-0.0013687054894327753,-0.001406837094101735,-0.00179532711021594,0.0005910211917813485
2025-08-01,-0.004291065941083396,-0.0014073174058050902,0.007296034663404003,-0.0163904176213074,7.964162309364664e-05,0.0038484274518566664,0.006987739967136917,-0.003430642148281785,-0.0028398204861172626,-0.004999610250808177,0.004279921301194414
2025-08-04,0.012573471493532419,0.01015761839157263,0.0049310907017350815,0.0151997641600734,0.009971008972646238,0.0078623190292916,0.006102050474374516,0.012294756364579305,0.012047225016501161,0.01317126580364251,0.007763685651076933
2025-08-05,-0.003358907981809989,0.0004431202052786301,-0.0005352953980849626,-0.0050700241167128,-0.0026782156307506642,-0.0018643506400715859,-0.0010878168398140169,-0.00314024945539684,-0.002952648745301459,-0.003327957351208336,-0.0016811704399278184
2025-08-06,0.005727202216285788,0.0013541316756684203,0.0006783591791059779,0.0076598577404451,0.0037999783180187076,0.002164353960422765,0.0009521177864477416,0.005559937807382578,0.005314411852642599,0.0060924453199980005,0.00202298639298303
2025-08-07,0.003707061613849161,0.00245250307465039,0.0013720831821715448,-0.0008376363499652,0.002738849779647546,0.002216078306026828,0.0019509181640248049,0.004004700684061618,0.004063685441638522,0.0041940314302224046,0.002411966280404111
2025-08-08,0.005260859057811635,0.0006335513748096,-0.00047951065028423287,0.0077975540698609,0.0034748563638610664,0.0019925072460764406,0.0006218522506865207,0.005049063869020365,0.004890408629992588,0.00568299906108068,0.0019397103440161642
2025-08-11,-0.005987401989031032,-0.00301853677994581,-0.0027594519895530255,-0.0019775980053369,-0.005377502323795427,-0.004918971320970447,-0.004449851654576585,-0.006017875962252943,-0.006013232331229832,-0.006213867425025657,-0.004976491550026294
2025-08-12,0.007291611676460877,0.00777118660482581,0.002203220831071153,0.0106460788455169,0.005170665945297172,0.0036293363019883683,0.0023819457545929115,0.007165673017054624,0.007053537580168478,0.007914614391255804,0.003664297252260435
2025-08-13,0.0025715730918733667,0.007094016013288251,0.0042863726656814025,0.0034231323860203,0.00280799793559297,0.0032607367851480154,0.003648639325451354,0.0026525984251819894,0.0028015479620825414,0.0026955273702481434,0.0034183895076097624
2025-08-14,-0.0022631323587407556,-0.005330305948628849,-0.003747102326736194,9.310926376882024e-05,-0.002719352731192547,-0.003034114209184361,-0.0033963374527376773,-0.0023158782032054164,-0.002311916751806939,-0.0020954005807266815,-0.0029953810230571682
2025-08-15,-0.0016516348456365767,-0.00085912240755064,-0.0011881168517314162,-0.0023412933863844,-0.0017623738245243804,-0.0014334206113041452,-0.0011891078277161083,-0.0013980236102894895,-0.0011636132455848853,-0.0012566317799636826,-0.0011177475940353954
2025-08-18,-0.0007547120271094194,-0.00079374633118032,-0.0009519828126141746,-0.0002177125565093,-0.0008119448588979268,-0.0009164828623841931,-0.0010931202390709613,-0.0007924542527509586,-0.000809278520290273,-0.0007617083259790303,-0.0009327447537894986
2025-08-19,-0.007207976533363537,-0.0013109800375127505,-0.0010645196310798664,-0.0054251010281531,-0.005198015427813382,-0.0032387877175265468,-0.001950397338285544,-0.006914287039457333,-0.006478164723587419,-0.007328936073695662,-0.0028624567050627345
2025-08-20,0.0007106839860392914,0.00071600394356223,0.0021356417830694164,-0.0026569843521784,0.0014747257139738625,0.0023528050443211304,0.0029070493014711467,0.0009645624517692806,0.0012272731997445235,0.000816680952327703,0.0026310724727784795
2025-08-21,-0.00409342466485616,-0.0032799546119165503,-0.003452510825982345,-0.0040119061273539,-0.0037271418261747772,-0.003553398468737783,-0.0034957644575522406,-0.004144332495364458,-0.0041613061987454195,-0.004260973310270531,-0.0036090133207575
2025-08-22,0.013475608928940251,0.015585642549609941,0.009415243566398439,0.0153567359418211,0.011845488130445208,0.010715741952642742,0.009837839158318047,0.013309147391449495,0.013227368675379467,0.013949609800276088,0.010732727062293852
2025-08-25,-0.0036678151629336484,-0.005237704574511941,-0.002797195547115114,-0.0044010204560761,-0.0030028039850016194,-0.002917884617144829,-0.002799870238011732,-0.003894051779613079,-0.004101395273933266,-0.004229485185014849,-0.0032474914451638406
2025-08-26,0.004716120364855727,0.0020207170315721,0.0030319526696258423,0.0041870652141338,0.004736532784180595,0.004483873033336453,0.004090418622607461,0.004532145270265542,0.004420689561613971,0.0045305874364966435,0.004334201783950473
2025-08-27,0.001724908295302201,0.00118754125900472,0.0012085806374302435,0.0022784527526664,0.001978116693459131,0.0019573459976530336,0.0017772315459387577,0.0015777616272467047,0.00150567136410031,0.0015108437812935856,0.0018366675437897178
2025-08-28,0.005465964183269103,0.00337278169368225,0.003358422753714319,0.0035415153417788,0.004929237491449045,0.004404893494810509,0.0040135667962316905,0.005451019949503783,0.005356116401503975,0.005536971999350937,0.0043421589944996
2025-08-29,-0.0027012605075168346,-0.00291124594336405,-0.0005348800372227672,-0.0059638290232071,-0.0011882662596411932,3.028982097592306e-05,0.0006296277154360942,-0.0026163745115068467,-0.002392680173838614,-0.002953643945978772,0.00018088177194956344
2025-09-02,0.0017153005562465756,-0.0038546608313817605,0.001646786787778599,-0.0074102526816088,0.002690944882153934,0.0033465159227405172,0.0038772088159568377,0.0017128870554955823,0.0017290216158263967,0.0013718526204403681,0.0032801788554983474
2025-09-03,0.006585847847433855,0.004643747451864881,0.0054147438385329285,0.0054195461630077,0.006162694495706922,0.005718694660089642,0.005639102052268879,0.006437733430653337,0.006265596993442447,0.0064902455010126545,0.005524692397359215
2025-09-04,0.004484736822745036,0.0056000166399292495,0.0037152438988973698,0.0083575134123226,0.0038092369523908412,0.0033397966296569116,0.0031219839519353015,0.004390253297746818,0.004317111666698067,0.004624557949682652,0.003291907360107232
2025-09-05,0.004036149296922734,0.007131350997395531,0.006115275331334621,-0.0028963839692857,0.0044594441088087605,0.004954992300416959,0.005800247815410298,0.004382817034712834,0.0044462265851329,0.00401642949717806,0.005032002687603223
2025-09-08,0.006272219540896851,0.00539747061017286,0.005023727139643934,0.0024567686612921,0.005718014394421145,0.005514066359215449,0.005495578581607462,0.006510414203814523,0.006587181063177624,0.006619116002272173,0.005683473781087368
2025-09-09,0.0005769396624846808,-0.0012974571315508801,-0.0011214405343235325,0.0023117892883861,1.460066964052687e-05,-0.0006079236873559271,-0.0011170565204589719,0.0003317731809909051,0.00016687391003246323,0.0005281171482368258,-0.000786582140538215
2025-09-10,0.0021668451594367864,0.00213860617904901,0.003146456806494533,0.0028909001882666,0.0025884321755865426,0.0028930427501794725,0.003050923979154212,0.0020699452448733223,0.0020901931800470365,0.0020214722225126176,0.0028653128867598934
2025-09-11,0.004398477379164775,0.00874067274171961,0.00345542496458776,0.0083101004333074,0.003444123248034516,0.0030424731120301,0.0027613282497652436,0.004359609703736403,0.004436672311629161,0.004852645002571215,0.0031996884561916765
2025-09-12,0.001474282965354126,-0.00222887604304535,-0.0010773492352606833,-0.0003346304407475,0.0006715672282299355,-0.0001894730961653595,-0.0006353029766403928,0.0013243234978534172,0.0010774045141265026,0.0014199516918180243,-0.00043216833059479527
2025-09-15,0.007701020016743023,0.004795518642061181,0.004660933829767888,0.0053239632981088,0.006639570768756252,0.005842675077193088,0.005397715474040932,0.007682781876811538,0.007576521689798578,0.007952439052148357,0.005803867379587159
2025-09-16,-0.000172325289328845,-6.842179748061989e-05,0.0003925676542024492,-0.0013767915798059,0.000168867396229446,0.00028780043809821206,0.00031361497978737594,-0.00018265115004455044,-0.00021319861953733523,-0.0003424502054822825,0.00022638314549981332
2025-09-17,-0.0035813468778520324,-0.00155952538893355,-0.0027642214281132556,-0.0012423635595048,-0.003521436691333717,-0.003526109939919743,-0.0035450981382904464,-0.0036715393647630003,-0.0037038157969821665,-0.00366095261000042,-0.003582850497120012
2025-09-18,0.0029327318586562373,0.0022521725072782903,-0.001761959674949866,0.0046724054804268,0.0011286825764968648,-0.00034997060013531255,-0.001387568619169849,0.0027812182686687385,0.0025637594798576997,0.00329201468028792,-0.00047035227460244706
2025-09-19,0.006485741241260136,-0.0001011326622928398,0.0024714653272331875,0.0049528684508932,0.005813928831730954,0.0049048656034158524,0.004127404139452246,0.006134630593168049,0.005859234281964449,0.006313256531304739,0.0045960253491444366
2025-09-22,0.008465249033253672,0.00346219467562697,0.003262749765250153,0.0047311420769642,0.007332074437788223,0.006366299804816175,0.005484204295396329,0.008317853904930488,0.008201369069198628,0.008709851430985483,0.006312590480519017
2025-09-23,-0.002355863848366064,0.0005599896095240601,0.0014076412222242386,-0.005443562434851,-0.0010113166217688206,0.00012757789485197282,0.0010625438393518573,-0.00211830582763227,-0.0019475503508806823,-0.0025927686901973685,0.00024383440573261318
2025-09-24,-0.005150583517538188,-0.00544756648124828,-0.004478920204946902,-0.0031816642308674,-0.004898677387390683,-0.004852299736658336,-0.004931860890565103,-0.005221528999640762,-0.005259394174435335,-0.00530649403367852,-0.004923203942728668
2025-09-25,-0.001892615716127398,-0.0034246857571217904,-0.0013184307618937367,-0.0046134675645117,-0.0013948525397294662,-0.0011137520909696506,-0.0008029524971791598,-0.0019294540075050154,-0.0019714852313176038,-0.002140766112665645,-0.00121348266585844
2025-09-26,0.005043048482798783,0.0039816551844245205,0.002251312492428037,0.005729127602591,0.004087998455454977,0.00359053544770938,0.0031741501502524833,0.005003301849031286,0.005049638247507675,0.005456115410566482,0.003716597912715734
2025-09-29,0.007521096753933566,0.00528691068325842,0.0059967562493722405,0.0028103535347194,0.007270261040886924,0.007073760831655987,0.00702792063025551,0.007555103088221198,0.0075177749878174846,0.007570025697135865,0.007055165518075215
2025-09-30,0.004696941019155675,0.00242503985124359,0.0020545706466888547,0.0037668347553583,0.004102041196941613,0.0036862613332171897,0.003191796706473041,0.004639759870021357,0.004648669550259949,0.0049224703961707585,0.003743898150958448
2025-10-01,0.0033072053453236166,0.0039581290697334095,0.0033420592627752812,0.0034074798459751,0.003001066686960613,0.0029171446751823037,0.0031561506094892515,0.0034513423589139667,0.0035475403335406127,0.003572890344558411,0.0029072314493385006
2025-10-02,0.00010860877902828497,0.00146481972369079,0.000458934371814808,0.0011518247966859,-0.00010564155807633353,-0.00021943764063560062,0.00020762564070916434,0.0002263163653296557,0.00023739127890100601,0.000293349655201158,-0.0002269743359114785
2025-10-03,0.0019928298964927327,0.0021177215280253343,0.0006427237973879942,-1.4805406382656372e-05,0.0016729950326497425,0.0016697954370481739,0.0008563646387632941,0.002015763968960539,0.0022298396218152247,0.002272122075934278,0.0016899823205218502
2025-10-06,0.007056021714702442,0.00173698541968541,0.0025389130057248783,0.0035862719664676,0.006131546727948162,0.005424456448325348,0.0031455832636348765,0.007277292187111163,0.007420722646009338,0.007859163215411417,0.005535496861171453
2025-10-07,-0.0001262869022210317,-0.0024476024896942497,0.0014258655501784292,-0.0037075138893177,0.0008852602864534234,0.001464663038304948,0.00171668722141947,-0.0003649465932748679,-0.0006226884783272187,-0.0010052264087347797,0.0013734627015060702
2025-10-08,0.008235264468299934,0.00498476454832022,0.004134407446029058,0.0059630552695713,0.007348000112220066,0.006555117326063926,0.004567362014866733,0.008490756637799524,0.008584910922921171,0.009007376635470386,0.006672776425969352
2025-10-09,-0.007220545244573075,-0.0056460983087385196,-0.005132892010909994,-0.0028969747249332,-0.006865664341427379,-0.006805573878615084,-0.005476526697708314,-0.007273804420834446,-0.00743162126566096,-0.0075282650237884444,-0.006820559987001285
2025-10-10,-0.008771200892250811,-0.012449905472302649,-0.0012578890039742349,-0.0270278621788456,-0.005037239550992565,-0.0024449124279392236,-0.0003358058303309595,-0.009295534027747096,-0.009968333325916786,-0.012007827528452086,-0.0029308828459492656
2025-10-13,0.01495395727159797,0.013553221381233311,0.009379605579115621,0.0153441181351683,0.013317784293227712,0.012195160038015256,0.009549081544510937,0.015191314809015864,0.015418439568427499,0.016368596280257258,0.01238960487165722
2025-10-14,0.0018862354080451172,0.00284268195216516,0.0026792328496713404,-0.0012216462876413,0.0024107292387140883,0.002954434321595397,0.0030692593299100034,0.00172731028378153,0.0017403220995773775,0.0014312651803578599,0.0028805582077000296
2025-10-15,0.0073847913409177835,0.00710497199712138,0.004207746405420543,0.0044395299096053,0.006599332578685404,0.00611974048142273,0.004411596696262557,0.007553474850390636,0.007701358332853445,0.008065163747091646,0.006192091625655204
2025-10-16,0.0058810600719905425,0.0015012652974447896,0.005636821931928063,-0.0068103196002219,0.006360725017233594,0.006806431075767211,0.0061152143288680984,0.0061213595269365845,0.006074923417630635,0.0054689554021132274,0.006648921256295586
2025-10-17,-0.003466605672741637,-0.00103058948497651,-0.003641845620016155,0.0056763925284679,-0.0041653016644105844,-0.004754431190262189,-0.004159806635963366,-0.003406501977873488,-0.003295003890889589,-0.0028596516073953852,-0.004630030564316547
2025-10-20,0.016298458780608868,0.011912255732971291,0.010524755622136806,0.0104005002629232,0.01527921840557832,0.014624091167689807,0.011440367035284903,0.0164378349533228,0.016622961963780575,0.01718065569477993,0.014744204306669798
2025-10-21,-0.019364544231636627,-0.008359735163223494,-0.011968471624566716,-1.494287878323064e-05,-0.018834222349399632,-0.01871049001595731,-0.013815613449617998,-0.019523835407693965,-0.019713006792785454,-0.019824060600151187,-0.01871362849159516
2025-10-22,-0.00265002547042805,-0.00258244468593865,-0.0006013016819942354,-0.005198916065879,-0.0019179455689703193,-0.0012680507102059667,-0.0006507518589945445,-0.002833405224607963,-0.0029016359845638945,-0.0032861135729545547,-0.001368703908815438
2025-10-23,0.0035075099310146506,0.00324897834592778,0.0007227677857719083,0.0059299627059643,0.0024208324142604076,0.001756169454233518,0.0007189139677073039,0.003672325730759281,0.0038775852149209,0.0044478648426106385,0.0018730584084164369
2025-10-24,0.0029774295265366972,0.00418496703099941,0.0018081265431764983,0.0081725546944804,0.002328367217233703,0.0017862443005026076,0.0015889385561093992,0.0030274528574796037,0.003080149825623215,0.0035385074177092628,0.0018919166509511298
2025-10-27,-0.0023437266883153253,0.00311581818514504,-0.002372996259768091,0.0117976644927846,-0.0037893283361887997,-0.004808801016407149,-0.0034769042906114354,-0.0020729320381606808,-0.0018704127584689531,-0.0010921864111526555,-0.0046440037693804646
2025-10-28,-0.00031000653740372063,-0.0018959096442831788,-0.0005891109255810916,0.0026560160190798,-0.0007035563750834129,-0.001108960543748115,-0.0007890881832024603,-0.00013894196248233522,-0.00015155120876918313,3.192496710634381e-05,-0.0010671192566950676
2025-10-29,-0.002266054323968447,-0.00551998201072599,-0.004126593614828918,0.000480370638686,-0.0030000581565492795,-0.0035959378792037575,-0.0042871152565900576,-0.0021515918147205207,-0.0020970993569716114,-0.001631390017706012,-0.0034957423782696014
2025-10-30,0.0001924903614307005,-0.0037339495884527295,-0.0005603588265765068,-0.0109980976142601,0.0011534325227978855,0.0017177255655416793,0.0003314408517918349,8.966874033704449e-05,-1.3315432525492707e-05,-0.0006339198716939754,0.0016255770187952347
2025-10-31,-0.00021806256558202624,-2.652868774253011e-05,-0.0015822060699884294,0.0032800407429689,-0.0004691134207641254,-0.001043348926883458,-0.0015898310775530635,-0.0001619679242345533,-0.00018406468572574523,6.449462486292704e-06,-0.0009242269909787221
2025-11-03,0.0015206111149917018,0.00048745472785621005,-0.00010115866241715255,0.001876830272683,0.001094188174308702,0.0006147261292042206,-0.00013207991492167987,0.001671379154226164,0.0017105415439461818,0.001894245932519923,0.0006891343063924172
2025-11-04,-0.011444716483970597,-0.00890203128310362,-0.00520953905529668,-0.011853547360019,-0.009510374497596185,-0.008087119652946737,-0.005479241623361809,-0.011923483712612492,-0.012230917662989931,-0.013124379266451774,-0.008302415518459191
2025-11-05,0.004583572768797746,0.0033606355584645804,0.0007526158584488331,0.003465385201129,0.0033685678822376977,0.002677416479735734,0.0010009557842903232,0.004847677052201446,0.005113149086570383,0.00563664241766539,0.002782483165740075
2025-11-06,-0.004669950186821486,-0.00433944935732936,0.0007198429219260961,-0.0107293638692375,-0.002786675841398585,-0.001264166165508576,0.0006515501587759422,-0.0050236098590735415,-0.0052629126975984415,-0.006304037362760008,-0.001524679827882554
2025-11-07,0.0020433875963363785,0.0021837403896390103,0.0008049368881926216,0.000984565078659,0.0020750831769568807,0.002008534687919013,0.0011303713692872224,0.001982246669507422,0.0020575456843104504,0.002021349314485135,0.0020569005290360064
2025-11-10,0.015753143100443772,0.01016024727098849,0.008296073923139448,0.0156042786271433,0.013716907596289709,0.012288947985380282,0.008915975153980158,0.01610572712478832,0.01643485322810845,0.017517603873136986,0.012534419832654478
2025-11-11,0.0027235664145402686,0.0035708589881473804,0.0033238390772765206,0.0022892675445638,0.002918767537007177,0.0032249084045562295,0.0033777287355252067,0.002608308562379882,0.0026839345022961693,0.0025543794365996556,0.00319748374596852
2025-11-12,0.005288565490037124,0.00130795117964599,0.00295241070761072,0.0005564804700675,0.005064322750545423,0.004938028226321035,0.00350585692911727,0.005369475636842163,0.005489195184066281,0.005486897734955545,0.004963214373230534
2025-11-13,-0.011052345651099013,-0.01238860669004401,-0.0072372371849385156,-0.0165939949204372,-0.009593874923833196,-0.008575465459752676,-0.007298917175045633,-0.01123536950390232,-0.01146336345072144,-0.012314646583354936,-0.008765221011344936
2025-11-14,-0.00594121023897986,-0.00247725932608065,-0.004778112882341273,-0.0001637328001578,-0.006064244569331302,-0.006273329924199478,-0.0053404235486204455,-0.005922908575811452,-0.005934252085329935,-0.005833143933775864,-0.006231769751622197
2025-11-17,-0.007730319011046555,-0.007804916664008161,-0.0036687014670944967,-0.0093164382503988,-0.006455413281557716,-0.005666315052015318,-0.0038622037957076255,-0.007910266826593543,-0.008250528591031455,-0.008838570824591524,-0.005828494086536214
2025-11-18,-0.0021424872109966106,-0.0022379914525256597,0.0003565378047701972,-0.0083975533437948,-0.0005894652477587245,0.0003469745506808885,0.0006215616119255565,-0.002502726732148466,-0.002849713173795823,-0.003490557323918348,0.00020273259599479042
2025-11-19,0.0019977005617208637,-0.0005742546801265662,0.0007397079561219879,0.0038631766432766,0.001685071358729512,0.0013782028284865214,0.0009249696694314499,0.0019891379770403074,0.00196751650508992,0.0022662629267383005,0.0014396823308790024
2025-11-20,-0.007653707323833296,-0.0081794480233693,-0.002078515071085628,-0.015242227316648,-0.005230297671343585,-0.0035402499467193905,-0.0019332010981279238,-0.008179642143570708,-0.00860330330976792,-0.009756578583286424,-0.003810796595377635
2025-11-21,0.005051360798386965,0.008560118119473862,0.0035742085858560617,0.009961232480063,0.004219350775974086,0.003763206246224144,0.003573098487705608,0.005155050827612178,0.005433962068615126,0.005775791248741901,0.0038680416748315895
2025-11-24,0.012521900202921139,0.009968466906995672,0.007649133393777355,0.0147184187399795,0.01103994188670169,0.009853264978083255,0.007994507212580736,0.012805476264543576,0.012862901720455185,0.013801014193869266,0.010028482589278404
2025-11-25,0.004726657691618556,0.00697147889085833,0.0033592339296958087,0.00940602095773,0.004061674791162606,0.003667992842888346,0.0033113883037454253,0.004741792013693609,0.004966541579872322,0.005305488461026292,0.003775916356738059
2025-11-26,0.006362240233642925,0.00638773285687951,0.004246307809144676,0.006903490619724,0.0054213303699275975,0.004999814934945008,0.004339507086488996,0.006564146874755381,0.006794274855381244,0.00717610280625087,0.0050568633988930575
2025-11-28,0.006093011555353562,0.00318159447622383,0.0023826809089943835,0.0054584342293309,0.005217367678658123,0.004556472732280586,0.0028491141107301853,0.006251522724859506,0.006395272902232191,0.00685316200566678,0.004673064484225344
2025-12-01,-0.0016348526485061444,-0.00560310413663778,-0.003469144187672749,-0.0045655603534408,-0.001804357053406723,-0.0020296892678016367,-0.0030951248707749325,-0.0016561810068914452,-0.0017287533975474567,-0.0017349724006569896,-0.002069952656831322
2025-12-02,0.0008400010787857814,0.0003518421667608899,-0.00017592682925905508,0.0018523675040678,0.00015719576165844178,-0.0008238593043610246,-0.0005059493646350991,0.0007222308963137087,0.00031319836753025015,0.00013694286091177235,-0.0010649323280441944
2025-12-03,0.0014113477674875669,0.00389632071193507,0.0019537190951394168,0.0034627490803595,0.0014456417838408834,0.001542301971422623,0.0017999638851098991,0.0014378384769135172,0.0015339965494501726,0.0016413540562638155,0.0016053623416565127
2025-12-04,-0.0009594320576240942,-9.643012393010001e-05,-0.0011765795345517111,0.0007310498015529,-0.0009359908597638838,-0.000806346344160573,-0.0011437746185163585,-0.0009137203560369494,-0.0007335314529130841,-0.00048229817908555155,-0.0006948844894819223
2025-12-05,0.00023586604280855894,-0.0001228835401767099,-0.0007149796328796657,0.0018994848443159,-0.00015489871668649378,-0.0006345696158262933,-0.0008604843461865522,0.00020397669403668633,0.0001127708644054681,0.00022537792264939012,-0.0006845998288364885
2025-12-08,-0.0022827454677885727,-0.0027600659662073003,-0.0023782868921675086,-0.003004209105806,-0.00234006205124797,-0.00246092105680894,-0.0023889953678599357,-0.002309351317769614,-0.0024028981000878964,-0.0024898998982056256,-0.002522561579755334
2025-12-09,0.0013855138034320385,-9.362432319192e-05,-0.00019602620339707836,-0.0008631180942337,0.0011474001408691456,0.000804404212740816,8.273770907090794e-05,0.0013440644511465,0.0012036787393770955,0.0011532108107371467,0.000719395323720096
2025-12-10,0.004121841866465698,0.006619848797700631,0.004725004215865872,0.0066322352527572,0.004264750056677508,0.004554852062900487,0.004555395585048347,0.004183299221615657,0.0044186473929551644,0.004682553276205542,0.0046964582214363915
2025-12-11,0.002495726777471819,0.0024468846147737,0.0018675426553277806,0.0023269460314641,0.0028469374643019995,0.0035155814579369295,0.002341931347624763,0.002627524463500916,0.0030679761470422764,0.003388417530703949,0.0038159481809847016
2025-12-12,-0.00590522419375742,-0.00761234387089441,-0.004197391058655041,-0.0107519862782626,-0.004775117076423188,-0.0032516045915766097,-0.0036469236315216707,-0.005753822560065215,-0.005282998891263137,-0.005361926305434105,-0.002960374257643523
2025-12-15,-0.0011138568373022224,-0.0004190555507319299,0.0004683269072756912,-0.0015108986814164,-0.0005983569585874262,7.630782999970095e-05,0.0004456465106743972,-0.0010536037947484768,-0.0008438485011073621,-0.0008259743804527876,0.00018733879684733814
2025-12-16,0.0012689413136843515,-0.0013002357036402102,0.0008466081878323127,-0.0027322851452302,0.0010759032105986748,0.0005991619585985746,0.0009410398397910716,0.0011490716905805474,0.0007189728161787492,0.00026764575970830197,0.00031661946990284306
2025-12-17,-0.004071820091271553,-0.00453793588268663,-0.0015078730830747702,-0.0110035939834002,-0.0027248385305208983,-0.0010696694701442424,-0.0009460303514311785,-0.00396114744143763,-0.003604344137245611,-0.0038496906575615467,-0.0008953590520164565
2025-12-18,0.005309803632514361,0.005062702105151541,0.003450922807633606,0.0075512627097522,0.0043815679429885755,0.0031257859373796234,0.0030843488030931803,0.005183529852752897,0.00476843918891735,0.004749228460023105,0.0028818308509169794
2025-12-19,0.004392335314485634,0.0035737526359294705,0.0008632936869540775,0.009063506223587,0.0033106050737868676,0.0021183247809337447,0.0007704082770985609,0.004362920893056886,0.004273320453744186,0.00467925364765537,0.0021255939411102607
2025-12-22,0.008625095307653034,0.00548886768809343,0.004825131504982336,0.0062298940067844,0.008400411437888469,0.008301811689069698,0.005721867692184497,0.008683702998516792,0.008908057124863965,0.009320222000834646,0.008463583747970476
2025-12-23,0.0056857157538874065,0.00298158404759813,0.0034523397043309586,0.0045704023396588,0.005467029062098483,0.005271473284377099,0.003860926442930122,0.0056995171301065,0.005772341259240035,0.006013420601409485,0.0053218454286138315
2025-12-24,0.0007726590228622716,0.0027217926748000004,0.0020628455077043354,0.0035176743962448,0.0008555592044332118,0.0009658873590608615,0.0017742182160398775,0.0007831440293167805,0.0008371338173386963,0.0009046696081186532,0.0009857125150060859
2025-12-26,0.0037539289913702998,0.0013724406170771517,0.0022426024137444174,-0.0001014096654521,0.003750758631643894,0.0037455808295983124,0.002638686811012337,0.003753111817334224,0.003735904754567906,0.0036835422008155154,0.003743792013055581
2025-12-29,-0.01439413615658658,-0.005502118163460991,-0.007094639793274433,-0.0035636535074947,-0.013978013881177843,-0.013535908140826608,-0.00891170892850316,-0.014390004153884018,-0.0143841491079358,-0.014582468626795991,-0.013556492518339933
2025-12-30,-0.0009099588974749671,-0.0007101358174804801,-0.0007357636069198477,-0.0012211244085722,-0.0007946711764729207,-0.000623118027037622,-0.0007505970683547654,-0.0008875089107232032,-0.0008117242056199275,-0.0007791793490260534,-0.0005760619946778682
2025-12-31,-0.0061319292559330225,-0.00607443263154512,-0.004989943418035082,-0.0074089416209803,-0.005860802458113315,-0.005571119130868058,-0.005100337301638105,-0.006128530629440425,-0.006134373640695201,-0.006303224645928993,-0.005582781716302764
2026-01-02,0.0008278503328270519,0.00517368695085606,0.0013299599727528415,0.0018329931020035,0.0010919882536924214,0.0015676690981436332,0.0010892529857967216,0.000915165583256358,0.0012285873468891267,0.0015027771939077452,0.0017643303924731008
2026-01-05,0.011819061210601866,0.00922888143742559,0.00773393349592288,0.0066601172923599,0.011464589721759288,0.011075132314111103,0.008537069271398235,0.011809960905659495,0.01178113197780941,0.011911651278468624,0.011078847821176558
2026-01-06,0.00621159242131484,0.00522592886483923,0.0029207136980488237,0.0059472480516442,0.005575794944544353,0.004841751390524886,0.0032790085902847667,0.006179858001264997,0.006088686982482411,0.0063093018668832195,0.004810251142130283
2026-01-07,-0.002310872888074326,-0.0026733381850687003,-0.0016043783468353706,-0.0032234122811981,-0.0025107752076037517,-0.0029586111546497425,-0.0018935009502028988,-0.002415093095308334,-0.0027979542123613126,-0.0032073654622326174,-0.0032018919878544464
2026-01-08,-0.0009823619310495235,0.0009211430162084102,-0.0008567501929513374,-0.0001015273142732,-0.0005666679767250311,0.000159163194942572,-0.0005724452353881884,-0.0008548402983271131,-0.00040626529542300285,-5.1336805852559403e-05,0.0004441655289166048
2026-01-09,0.00614242638079873,0.00584630673404651,0.00418440581885702,0.0066133829968886,0.005626431622770262,0.004961994304853073,0.004264470467732234,0.006086837588454687,0.0059333779235221425,0.006075505309724328,0.004862550268394818
2026-01-12,0.0056280313494842995,0.00420388203691512,0.0029063766804891377,0.0015704330006638,0.005544688189085433,0.0055218126773240025,0.0034885684076837874,0.005655719072244493,0.005756622335800807,0.00592332396354339,0.0055965490806469155
2026-01-13,-0.0006650555866925931,-0.00079205003873315,0.00021146902013026425,-0.0019995067653818,-0.0004760696851773171,-0.00034755704748458405,0.00026421060298259687,-0.0006945610161324246,-0.0007898753331823723,-0.0009692651323046245,-0.000434618265232334
2026-01-14,4.987090988961551e-05,0.00295621791770688,0.0021111938337060113,-0.0049151644595419,0.0010724377603029,0.002332175298413943,0.002389125819764358,0.0001352818289809682,0.0004267747564192692,0.0003016149048737887,0.002467954092133406
2026-01-15,-0.001138132421684679,0.00178679369844102,-0.0013563501216497672,0.0027232083854802,-0.0014589636010492535,-0.0017926927011261173,-0.0016566041824115016,-0.0011382199515304998,-0.001121385670605851,-0.0009186747214447717,-0.0017691497649933228
2026-01-16,-0.0029486231876939936,-0.0006881569563926199,-0.0029969485718517727,-0.000837905189162,-0.003067547884943431,-0.0031699492923120383,-0.0031338899276670464,-0.0029394051240611138,-0.002891095816087515,-0.002743325126052348,-0.003138315041560758
2026-01-20,0.0018613350642680696,-0.0082270673664993,-0.001451111624766741,-0.0203568000114973,0.0027817174973162086,0.0036321054665887104,0.0005612214901614385,0.001815127788042322,0.0016049332136081132,0.0008319886554948022,0.0034495199605276
2026-01-21,0.010323204806729692,0.01065498361781224,0.007743182160708051,0.0115411092816613,0.009799598280976105,0.009218877798568854,0.007934374394723031,0.010307402558866495,0.010308160420533528,0.010672253651963549,0.00921852257745677
2026-01-22,0.008185357898835816,0.00461997603499869,0.004803592276820059,0.0052232576727144,0.00778296423458193,0.0073019727954420745,0.005419754623952567,0.008158144360878163,0.00809674733834876,0.008281240605740646,0.007264382689729248
2026-01-23,0.005610172239881895,0.00176731561866606,0.0031548767017888215,0.0003627351889736,0.005339485583080717,0.004922452900452897,0.0035873962267001856,0.005551278631948581,0.005332285210482557,0.005161906771208395,0.0047966583064720765
2026-01-26,0.006621828086319869,0.00333893229060695,0.004231831426161084,0.0050781427356856,0.006443873913599346,0.006335485185185173,0.00476298875785621,0.006655091868099731,0.006767445166082396,0.006971243324224525,0.006431036397621201
2026-01-27,0.010095668999296866,0.00675367025941463,0.004616100798810766,0.0039842543077575,0.00928131622564847,0.008245937779785491,0.005257075594618635,0.010013690639157835,0.009737862005652693,0.009797418618943225,0.008103239535890164
2026-01-28,0.012355170247200375,0.0017954373054678203,0.005586129331303502,-0.0001006645803248,0.011927697821474735,0.011335100348558984,0.007310868025505653,0.012290816672695817,0.012061230623145,0.011967800938437956,0.011207396039573369
2026-01-29,-0.0008511969847700766,0.00121500214517429,0.0004339341006793565,-0.0019843771548337,-0.0003104940119873119,0.0004183034708373286,0.0005236010613213419,-0.0007788155008143237,-0.0005421044862045283,-0.0005392306263275058,0.0005575021559161935
2026-01-30,-0.03489665615782,-0.01695926899565199,-0.018284063172429282,-0.0029825725147667,-0.03385640252939109,-0.03236655491411524,-0.022268368705567698,-0.03471931292916606,-0.03411290150249373,-0.03388630227336762,-0.0320044300541547
2026-02-02,-0.01009239398924562,-0.00249721035348561,-0.006239546240695321,0.0049714005252141,-0.010628552962681285,-0.011214648731722156,-0.00803892137635688,-0.010104864155498421,-0.010124961908998937,-0.009855524317951834,-0.011205822984827054
2026-02-03,0.013972006151689286,0.00495453604346674,0.009080473354683061,-0.0084554733901278,0.01519649271990472,0.016705111325167776,0.01170493203376363,0.014074338532411964,0.014409161141731205,0.014208880885864358,0.0168678399517011
2026-02-04,-0.005972044024951486,-0.0031416339110088894,-0.0017114372136654676,-0.0048438537259933,-0.004471436560530517,-0.0023485339730219988,-0.0015984196947928257,-0.005727622615815216,-0.004900805754894203,-0.004649756472574703,-0.0018543928342289065
2026-02-05,-0.011666535046672855,-0.0070241386173415105,-0.004028329736858118,-0.0124892840603242,-0.010467436937140655,-0.00931035761019466,-0.005040648520214028,-0.011705384211220473,-0.011879657060071838,-0.012710343907810047,-0.009495362667148358
2026-02-06,0.017337882833736235,0.017298764973781893,0.009850831088408533,0.0191847864768199,0.01605665446431706,0.014825824360486408,0.010577919595512707,0.017381781701223918,0.01756846045862802,0.01843831066994412,0.015029416505582757
2026-02-09,0.010426900244490528,0.0069884296525575505,0.005486610311815958,0.0048218155635777,0.009856478454796216,0.00917873904032147,0.006324673171917268,0.01039010351577796,0.010266667956676995,0.01038597172463939,0.009129861275631196
2026-02-10,-0.003280437969773311,0.0015651412796686302,-0.00011781822916317878,-0.0026371459581814,-0.002785988975624961,-0.002228707393478511,-0.0006340241625382229,-0.0032616516211940562,-0.0032320804096269656,-0.0035009281713924353,-0.0022188032069711556
2026-02-11,0.0033288803051717795,0.0017043810269963698,0.0009037763577764212,-0.0002311221436644,0.002981029090192668,0.0024898062987152086,0.0011375454279750603,0.003272604156903641,0.0031028879687595027,0.003118629653020812,0.002376207982003451
2026-02-12,-0.016072799235575568,-0.00868978139805172,-0.005938434138851127,-0.0154488596978862,-0.014403434413417326,-0.012645163831193722,-0.007294317168592871,-0.01606288034896048,-0.01607774515388535,-0.016953971227401124,-0.012744228876376787
2026-02-13,0.009370620049838525,0.007313976553652171,0.006451632743473469,0.000704499103119,0.009376546529252672,0.009287625211276303,0.007386155615813926,0.009329334396139286,0.009174115740035453,0.008961548794021675,0.009184948894827398
2026-02-17,-0.009534427207183345,-0.00224951972440362,-0.004536151015963658,0.0016134830190519,-0.009300002088074463,-0.008924118616195624,-0.00583117241259274,-0.009477032788328399,-0.009262004588454048,-0.009077230946434135,-0.008799351119054359
2026-02-18,0.008827879846795637,0.00264602950921384,0.003910429927420603,0.0050377075505767,0.008229712203646591,0.007555052010224536,0.004814670559769114,0.008804944418948198,0.008749226422549675,0.009006148003049204,0.007542554340330714
2026-02-19,-0.0002702196628645752,-0.00059738082457786,0.0003532036582457513,-0.0026374337311135,5.165886680069535e-05,0.0004071147814552466,0.0005171117530984727,-0.00026117090905839716,-0.00023650037303810014,-0.0003666817055543531,0.00040568534226546714
2026-02-20,0.00923113670591457,0.006969023713900973,0.004869696076479484,0.0072319395813822,0.008599326912155121,0.007949278503577063,0.005378673065809885,0.009234073768621391,0.00924458194613414,0.009539062346080585,0.008003341408778173
2026-02-23,0.004604292171115135,-0.0017611890755354705,0.0034648653457869504,-0.0102113660387662,0.005457987032216779,0.0063204291410540354,0.004769120479376491,0.0045934211956439475,0.0045039710809403645,0.0038979061800931553,0.006230287079993504
2026-02-24,-0.00032728096829852957,0.00364446791422652,-0.0006507556136169088,0.0072684752701983,-0.0011201947058170764,-0.0020311525659354626,-0.0014406598109733594,-0.000364912145986621,-0.0004852773665931366,-0.0002493227313220788,-0.0020656196985154958
2026-02-25,0.004127146242434838,0.00420332098361381,0.0013040139726302068,0.0084383063005384,0.003001868968153748,0.001634847941791714,0.000962785384597321,0.004041514537408368,0.0037651558180387414,0.003990984267672663,0.0015061287988285368
2026-02-26,-0.0007537617784209088,1.1026320558580032e-05,0.0010856484815526936,-0.0055544455792071,0.00027168704214127056,0.0015828402597974764,0.0015584354875077728,-0.0006473265808409198,-0.0003161427899527067,-0.00047382866906344216,0.0017704689398670883
2026-02-27,0.0037314869202301247,-0.0004452082593518499,0.002169102875373384,-0.0048019408586112,0.003825173913528934,0.0038002342384836543,0.0027785134407264673,0.00367836825728132,0.0034268698589543056,0.002933231007713053,0.0036617560859419237
2026-03-02,0.0024956555648321405,-0.0029938296271633897,-0.001027388121352542,0.0005686124327104,0.00218951125312746,0.001876816806616085,3.017581382918971e-05,0.0024980719384462323,0.0025488946640357174,0.0028440639145663896,0.0019054726048674106
2026-03-03,-0.017752978499273143,-0.01715195286249859,-0.010607489443657614,-0.0088143395203591,-0.017074166603148967,-0.016365607940049612,-0.011537728764498267,-0.017751726253783986,-0.01774992908615899,-0.018056136746393364,-0.01641277750246189
2026-03-04,0.0069586642733552185,0.0060476682726121,0.0027127353102401135,0.0070552657674944,0.005762961997821749,0.004194784582251509,0.002750905097792684,0.006817477871481854,0.006378733312041645,0.006516611662047419,0.003933708420800704
2026-03-05,-0.0059841938138177585,-0.01068030460419633,-0.005816825801256399,-0.0055754918733769,-0.006153339871099301,-0.0064677353297625,-0.00570787065717011,-0.006044356038007972,-0.006267276130489485,-0.006486374633326316,-0.0066041912112264085
2026-03-06,-0.0011862364661589294,-0.006800950710480971,-0.001562252988140609,-0.0131071287304198,-0.00042187397409290325,0.00036322786218968535,-0.0006615331033733248,-0.0011903653529779677,-0.0012569960520437576,-0.0017978642220148984,0.00029639718027544345
2026-03-09,0.005173857587660624,0.00779164622348515,0.004577454596871038,0.0087599607229029,0.004542475007564916,0.0036964777808611475,0.004057351139830213,0.005091518963072071,0.004850616620982298,0.004954204689351463,0.003539337234828925
2026-03-10,0.0022269993152283173,-0.0007279749160873851,-0.0014428867636547358,-0.0016071058958396,0.001756136342243842,0.0012440940336586248,-0.0009047111956508279,0.002217209734737381,0.0021396734645179336,0.0021566431987614016,0.00125472222453354
2026-03-11,-0.0026033444389381723,-0.00423641139571677,-0.004637545522590771,-0.0012551345486657,-0.0031198943939943274,-0.003638273515432831,-0.004629234277574338,-0.0025952627571194068,-0.002607915877768627,-0.0024878209153519136,-0.003580006531288424
2026-03-12,-0.013458089982784603,-0.013862117159986153,-0.009600258956894358,-0.0151849662710031,-0.01268822251678101,-0.01189559902378373,-0.009774915201024642,-0.013461437799153934,-0.013517683390217158,-0.014030884147195081,-0.011960903187765671
2026-03-13,-0.006523807470323944,-0.00504182914362026,-0.004910053654424432,-0.0056601357526089,-0.006381856081909887,-0.006242148764441045,-0.005220348381153974,-0.006527221030529859,-0.006578896698568061,-0.006795834837478599,-0.006261114356512979
2026-03-16,0.005424750245229943,0.01018648789874732,0.005366152166263787,0.0101768650104565,0.00500674020759597,0.004578586020182165,0.004687093749663991,0.005427528261863421,0.0054492523164864125,0.005689165144487402,0.004616421774013172
2026-03-17,0.0015251052567385461,0.00349546654065226,0.002471255717002279,0.0026305449911054,0.001467554244892525,0.001269778926386465,0.0021481809964156943,0.0014652074291347393,0.0013072075751057264,0.0012641568846449938,0.0011257134235562963
2026-03-18,-0.016375672829618017,-0.014334098327907881,-0.011575005553758353,-0.0139536445152571,-0.015880921449773586,-0.015456258027952533,-0.012382297027158689,-0.01641460704611342,-0.016573431008077233,-0.017035464679072465,-0.015589312126618371
2026-03-19,-0.013538123101656179,-0.0034629364774263803,-0.005973973833324951,-0.0024642882753442,-0.013067827777297062,-0.012617411692997212,-0.0078089700701554285,-0.013554835983264167,-0.013559340714043671,-0.0136490376577274,-0.0126936270203653
2026-03-20,-0.018824418778471283,-0.02211774302673327,-0.015191057281478447,-0.0143357879308126,-0.018280001540578114,-0.01753845104744908,-0.015492594014509357,-0.01874817640766597,-0.018533105616640542,-0.018639177591171993,-0.017389966550091278
2026-03-23,-0.001365747745647411,0.00990763650478291,0.0021101045529337294,0.0104999912254764,-0.001693197241516484,-0.0020393898476268628,0.000382115303566554,-0.0013682595894358072,-0.0013233430217240798,-0.00099943341870788,-0.0020213602127654956
2026-03-24,-0.0033184056762135612,-0.00407146294981675,-0.0025297165813994065,-0.0033568144771775,-0.0028847371339800337,-0.002282342015528164,-0.002247743185232492,-0.0032525947518608524,-0.0030077778509291003,-0.002875464661073266,-0.00215148767287826
2026-03-25,0.013123035056848736,0.010269530675566371,0.009127132936135174,0.0055726882440485,0.012905870861195816,0.012652966753231265,0.009979172545973131,0.013111247997436746,0.013049840019485446,0.013026630835488844,0.01263986041444291
2026-03-26,-0.02257056676939713,-0.017702984430023883,-0.015361822790640758,-0.017858729983344,-0.02137260065454313,-0.01994606601401758,-0.016171886515818603,-0.02249190489211146,-0.0222302793855621,-0.02248365723040011,-0.01983998964583758
2026-03-27,0.0031049223269816106,-0.00489574782074293,0.0012486994790148341,-0.0170518941574252,0.0042086398881131725,0.0053218175033379524,0.002945630968910413,0.0030900646967850455,0.002982143320185639,0.0022322153768202686,0.005203287269981766
2026-03-30,-0.0005153317421925762,-3.077572912426013e-05,0.0032264303470009195,-0.0033433906874337,0.0004909251219170512,0.0016399025462595918,0.0031503497177756703,-0.00047065171357859236,-0.0003393609559372791,-0.000689178518489281,0.00167602556599288
2026-03-31,0.024793294996197174,0.022833312297435692,0.015627071504982902,0.0290678657847571,0.02298128041427191,0.021107157827277373,0.01630703132261827,0.024797463113823172,0.024907858112803962,0.02606868639124318,0.021251671287246532
2026-04-01,0.008859215917647795,0.006948258250622801,0.004022491488619581,0.0075344914103034,0.008052458960788137,0.006430498271444592,0.0046950763586598625,0.00885920634428218,0.009091845901786442,0.009352210847008085,0.006827833318903152
2026-04-02,-0.004716557030897336,-0.0001313492964829903,5.030504579136511e-05,0.0009004595313388,-0.00456539650924294,-0.0031275375451011223,-0.0009492301661339288,-0.004716556185320087,-0.004678186191063688,-0.004755608437796081,-0.0036220234678999144
2026-04-06,0.00024813987109351967,0.0020737652810593203,-0.0006208828841789592,0.0047268450837638,-0.00028672536975167545,-0.0007011634957432903,-0.0008008259683157356,0.00024813361582370344,0.00023718396945659028,0.000557837950467432,-0.000673089918622048
2026-04-07,0.0037560224421204487,0.0019531067155708602,0.002370545701815352,0.0004400005646272,0.003859634325162072,0.0034824920988442798,0.0027763036747825787,0.003756024159852599,0.00376493528804627,0.0036714278529675556,0.0036412521032429673
2026-04-08,0.01394648872394006,0.02123528289326304,0.009020819100212334,0.0254696365121909,0.012175807858392763,0.010185471445531865,0.00888342712667146,0.013946468798451966,0.013924885179933344,0.014934012439964946,0.010498483361254288
2026-04-09,0.004847389625814331,0.00253559409023091,0.0022078066502473318,0.0057690176991855,0.004387872800238328,0.003498875816195361,0.0025405112918319255,0.004847384501809796,0.004833026443938976,0.00510066790281108,0.003720252697079539
2026-04-10,-0.001003164743998129,-0.00012111590124442003,-0.0017503881799089947,-0.0006617754265585,-0.001248073110758067,-0.0015698255771628943,-0.0017445831544942924,-0.0010031670015691707,-0.000863444045224799,-0.0008804364287889378,-0.001528626661488704
2026-04-13,0.0036434941035796433,0.00579017183765056,0.0038504279461883534,0.0097724472464817,0.003164176037109013,0.0030963394099697457,0.0034739165245863467,0.003643488212810292,0.00357658349526955,0.003930830207758378,0.00301640754584239
2026-04-14,0.013573157687665918,0.011506204476382679,0.007856070128425359,0.0121848772098407,0.012581404993690853,0.01057230378251622,0.008487999068240448,0.013573146894982666,0.013882746622158944,0.014132552418813574,0.011050526540469457
2026-04-15,0.00044838347586221433,0.00039845506584153007,-0.00018886514545300956,0.0078909692270439,-0.0005602436262988758,-0.0010323351045461125,-0.0005885987717797674,0.0004483717555890084,0.0007515264747172154,0.0010533354826578463,-0.0011251263510791258
2026-04-16,0.0006136244232916917,0.0006080076568718399,-0.0016069898476856863,0.0024573476469376,6.497942464715585e-05,-0.0008006002274751299,-0.0014828698360724467,0.000613619649591296,0.0007257834857805636,0.0008591604795699009,-0.0006403431473964033
2026-04-17,0.010773706629711432,0.01279857809856536,0.008199892372663524,0.012085686101644,0.010269953397147126,0.009328904837109332,0.00833818613208053,0.010773701103818863,0.010751608760684442,0.01104634622006086,0.009558241852475191
2026-04-20,-0.0038456770627950643,-0.0016889710615400567,-0.0018549819934891324,-0.0019997351150194,-0.0036642997746720997,-0.00301193572377178,-0.0021849823872307278,-0.0038456754437311102,-0.003916607740544178,-0.003931461981125998,-0.0032002298416792837
2026-04-21,-0.012138689044466756,-0.01170121429427013,-0.007680248870670951,-0.0065468928485394,-0.012155653307377237,-0.010862172458524737,-0.00862341652608258,-0.012138689463596955,-0.01190638878921467,-0.01210016761616854,-0.011369762121876159
2026-04-22,0.009444334556481478,0.006541649413989501,0.00507261801802794,0.0101267120951189,0.008432894593650275,0.006833909100464803,0.005447706514416124,0.009444323204809226,0.009798239380996051,0.010034858823855198,0.007153995373522336
2026-04-23,-0.005222512805241959,-0.0042321422169568,-0.003495403428776061,-0.0038807408683984,-0.0049963251622282346,-0.00444471555076282,-0.0037896316572193847,-0.005222509864794201,-0.005317809595843539,-0.005375753917925283,-0.004593552862005638
2026-04-24,0.006859691850203229,0.00662156001533319,0.0034228872139499284,0.0077493092372316,0.005670076663841518,0.004221214471896269,0.0034896917319237656,0.006859679447026652,0.0076114530824113544,0.007532755499352306,0.004392516237233204
2026-04-27,-0.0023674175279556654,-0.00246814335847283,-0.0021961592728547844,0.0017227878375636,-0.002576008115162181,-0.0025857105386602377,-0.0023932099293799457,-0.0023674195760583325,-0.002512921418273657,-0.002276838101942743,-0.0026251026618547544
2026-04-28,-0.008576173900166767,-0.00497612867515063,-0.003571470911270007,-0.0048659922671194,-0.007915589709717558,-0.006221996411552771,-0.004322259399504539,-0.008576167303939735,-0.008900517929900091,-0.008928366992587899,-0.0066553932898119885
2026-04-29,-0.0037444576117007314,-0.005225432124458191,-0.004651304512695027,-0.0001545093249859,-0.0044990441354035805,-0.0050261986061436465,-0.0048640683744153364,-0.0037444654567014993,-0.0033504120033586307,-0.003324955833846153,-0.0050579619740439485
2026-04-30,0.009189964065265706,0.01176887825261291,0.005162130215155536,0.0099496335275648,0.008664816869003064,0.007334520282302256,0.0056984501466694785,0.009189958688990188,0.009028597531836331,0.009444556040950597,0.007711552520373218
2026-05-01,0.002758360613698263,0.0019133006036693703,0.001392562254564434,0.0027690952923506,0.001713394721654209,0.001113525332979612,0.0012309234592560976,0.002608297849064895,0.0028222211916449583,0.0022834018632446975,0.0010739595844215587
2026-05-04,-0.008179119500102196,-0.00655109260963434,-0.005610798679576395,-0.0036633921467564,-0.00839313287075701,-0.007108663358050942,-0.006008802626066378,-0.008209852979839172,-0.008138161367047748,-0.008273847572898615,-0.007350524566359162
2026-05-05,0.0081276028984606,0.00938633871439001,0.004733244342525332,0.0080222287239424,0.0067691667168821145,0.00538142982876959,0.0048472682590862855,0.007932524101594887,0.00792291370446576,0.007483896858301649,0.005451847714891339
2026-05-06,0.0187704190907358,0.01705612138246002,0.010232387761392446,0.013899399692774,0.016902267734001452,0.013106682799976054,0.011023990882724712,0.018502142432636697,0.018493695034828825,0.017885615793946315,0.013472078067306653
2026-05-07,-0.0012265918024394061,-0.0069451334712590795,-0.0028961397533930986,-0.0030660824190705,-0.0014464414485679444,-0.002238201909167817,-0.00266359451594009,-0.001258163402960441,-0.0011812139656896027,-0.001323601616364485,-0.002154778556664886
2026-05-08,0.009605543607652655,0.00882547669037952,0.004838790481586895,0.0082560970111682,0.007146453989340832,0.005092338761833187,0.004847992917541159,0.009252405012972548,0.009690679980638888,0.008481888248427098,0.005101142804410944
2026-05-11,0.0013358153335443488,-0.00027264416019781,-0.0011888540217907292,0.0022775630423874,0.0005950272545839672,-0.0003484032079256098,-0.0008792348694484394,0.0012294341511702627,0.0010717218082938428,0.0009708657477551649,-0.00028357166907895
2026-05-12,-0.004127100106950506,-0.007334097390092811,-0.003122898124992817,-0.0015149526145865,-0.0035241283911297706,-0.0029481274014676656,-0.003008039167534754,-0.004040510101132435,-0.004385563795523165,-0.003873271002555972,-0.0029562011875513155
2026-05-13,0.002340683478005993,0.00287494578663596,0.0007883203038580091,0.0055948378146111,0.0010920243942153596,0.000573209024376492,0.0007118803131884238,0.002161369267250599,0.0021829900917995516,0.0017517768076369044,0.00048440642610702856
2026-05-14,0.0015412369561992696,0.0006813168509586501,0.0007015511241070958,0.0078943149045545,0.0006257895377187852,0.000414408946466726,0.00042834303317345094,0.0014097737462135903,0.0011012376214134011,0.0010798657607997042,0.00031361591885451916
2026-05-15,-0.015341523868410749,-0.01694633292711431,-0.010527182184776551,-0.0120293437567962,-0.01449850109441819,-0.01216606805767529,-0.010795025013907384,-0.015220461229833376,-0.015213419916382392,-0.014941952308752598,-0.012408959093968348
2026-05-18,-0.00042323392902699484,0.0007794491897205201,-0.0005814406166887512,-0.0007035093177317,3.4799214734610806e-05,-9.458143655636522e-05,-0.00044747136061798357,-0.00035745788756009903,-0.000495528959570359,-0.00021909337148607645,-2.8526317203591536e-05
2026-05-19,-0.009020714417403826,-0.00707714295469592,-0.006479587589599954,-0.0066607880874933,-0.008747523809153671,-0.007643736910081291,-0.006819105869732901,-0.008981482765674315,-0.008870098831264588,-0.008881267589058349,-0.007810036970329198
2026-05-20,0.012258747811138773,0.01396033673849795,0.008952075279317287,0.0102489945825634,0.011100477909095168,0.009621341905454894,0.009071136155761075,0.012092413976689607,0.012237504379235969,0.011723887559650977,0.009716250807170458
2026-05-21,0.0008376947576871722,0.0034715801292461903,0.0013138852194668849,0.0019830877010671,0.0006879371565474651,0.0009524761094180834,0.0011490583235674225,0.0008161887546463229,0.0007695659242054212,0.0007625708241921855,0.000908974740564126
2026-05-22,-7.5093356564528806e-06,0.0014791115779743099,0.0010872931551223215,0.0039315490768039,-0.000408014615090575,0.0001418578435336889,0.0006421350706150915,-6.502406406981727e-05,-0.00015215514228911274,-0.00020498865942824348,5.733458444218522e-06
2026-05-26,0.006823790639780835,0.011069855339690541,0.004276045355725352,0.0066386413521875,0.00522849942823632,0.004062884987834407,0.004132234697906684,0.006594698177125044,0.00697173502527944,0.006103303999521529,0.0040146579431798
2026-05-27,-0.0042217461883759235,-0.00176041288760333,-0.0009744670391141785,-0.000173242164746,-0.004037242718893462,-0.00253279345482857,-0.0015113028744436758,-0.004195250490357657,-0.004215243848531664,-0.004136262350232168,-0.0027443476317121833
2026-05-28,0.007085864767576731,0.0039298218045206,0.004384147960179217,0.0055165786009099,0.006364927627203775,0.005168758985366752,0.00456416310259167,0.006982334287553484,0.006998209787861679,0.0067461579958995686,0.00527603401711226
2026-05-29,0.004934252757287326,0.0005648246303103199,0.002478798306429858,0.0024914048034492,0.00463626400621925,0.003532649999131861,0.0028348907663652704,0.004891459957871211,0.004897147869077558,0.004793760167171887,0.003671256513792775
2026-06-01,-0.001558954598196533,-0.00103474821516661,-0.0014742895960739735,0.0027231134609038,-0.003345699044275059,-0.0023840459350065574,-0.0019088148956091584,-0.00206789854380389,-0.0023761317984164684,-0.0028055179145479283,-0.002505189696717865
2026-06-02,0.0023786953122187067,0.004006914495338463,0.0008108723141193363,0.0013579397972762,0.0015715179145257138,0.0008910918218358037,0.000785054385036789,0.00217814717638636,0.00213185745624428,0.001859984341437532,0.0009428557523715554
2026-06-03,-0.006544841692063758,-0.006464865307390341,-0.0045759099611766855,-0.0070171823204998,-0.0061024280017187155,-0.005204477424072837,-0.004815979736166823,-0.0062941010994594345,-0.005922281260665041,-0.0060765056873667055,-0.005381733781060142
2026-06-04,0.0023836375180985615,0.00421298210696477,0.0029691586879403635,0.0037786857621391,0.0035671989502195495,0.0034774128816031052,0.0031907876471410856,0.002648091874672418,0.002535171329709691,0.0030895024756493754,0.0035906467672023722
2026-06-05,-0.03176650834538771,-0.02462585856700835,-0.01400573059213814,-0.0258093712489256,-0.024898841958971872,-0.01703276428818016,-0.0153489142469081,-0.03070482655773542,-0.030464980647748396,-0.027947417242279185,-0.017813881074287795
2026-06-08,0.005110867641633685,0.0032340092624036,-4.10730256301629e-05,0.0022641726087715,0.0026199586183868794,0.0005534323213207678,0.0003287444123646241,0.004808006564246981,0.004994872653925486,0.0038442341381764835,0.0006655923440801834
2026-06-09,-0.007518252570156427,0.0008654809688969302,-0.00045389650568502453,-0.0029354505508077,-0.006027116967202922,-0.002238286043024536,-0.001312321981475851,-0.007629852386866283,-0.007942206806507236,-0.007058821916772064,-0.0026136477787460704
2026-06-10,-0.02197757959560694,-0.01241497144548041,-0.00956032899778819,-0.0157655625080272,-0.01936664032033361,-0.01289212288292934,-0.01101242840368839,-0.021760206017819837,-0.021601594358524025,-0.020682280786139304,-0.013665042650926067
2026-06-11,0.024120199683506673,0.02144746237252507,0.012855871047465401,0.0169968478867479,0.019838611313001103,0.014625098654871743,0.013512634225940165,0.02347077479765309,0.0234529374942034,0.021769416798628195,0.015088747153246446
2026-06-12,0.002909996243146351,0.00334476136431515,0.0005369043354799289,0.0054082479015293,0.0018415234451824786,0.0009593996561492064,0.0007601076656720937,0.002805971360054526,0.002679062334386394,0.002355435631280863,0.0010960005904660781
2026-06-15,0.020781391506867322,0.011601768119901611,0.007370157748937291,0.0176339698937533,0.01636662617720691,0.009989538825135782,0.008515607636291759,0.02030135468534009,0.020248825528286708,0.018530032612086956,0.010681480554335432
2026-06-16,-0.0049517606661813336,-0.0032961600973946104,0.0002695664137676732,-0.0059615628442341,-0.002010869661600179,-0.00012222369563754596,-3.2947874596903765e-06,-0.004716241030260486,-0.004894532331239186,-0.0035579775759353757,-0.00024563913791144406
2026-06-17,-0.013420691657200026,-0.009090420004585901,-0.008016720517577286,-0.0124878708850514,-0.013120134151361791,-0.010027979848933801,-0.009027097038864085,-0.013577580986755409,-0.013546532003882807,-0.013439290900666541,-0.010464524131897877
2026-06-18,0.008863759635798607,0.01006649582529568,0.004200816942634198,0.0103969924419595,0.0054603454207883505,0.003943155339048833,0.004010508152178234,0.008361223166502315,0.008412384360559091,0.007022057998275165,0.004011469293753393
2026-06-22,-0.0037466266442904165,8.272703762214993e-05,-0.003798785362928235,-0.0031469796939627,-0.004301004927762298,-0.0038574846169317197,-0.0036925181763070225,-0.0039804852088476264,-0.004138036502011831,-0.004213521779781591,-0.003917123782357517
2026-06-23,-0.018719688228361203,-0.013605313055784512,-0.004798994787384662,-0.0145219540104916,-0.012772880800937294,-0.006888430095984789,-0.005702792399787628,-0.017615321220963213,-0.017262618990117537,-0.015223055453975263,-0.007461400651173112
2026-06-24,-0.008926245647988903,-0.0006231480141980991,0.00046191107881893615,-0.0004635170636431,-0.0076405868571107335,-0.002677050747067787,-0.0011791424377623834,-0.008908201717199304,-0.00895536065030714,-0.00838666382888543,-0.0032259354533124875
2026-06-25,0.005478170397430483,0.00489370097034128,0.001857351710794683,0.0014456352254532,0.004301378674826655,0.0025730036581833654,0.002208643772400227,0.005306845569908128,0.0053930212227749985,0.004853445129274994,0.0026993478059366793
2026-06-26,-0.001545999367988431,-0.0006000070786520097,0.0003115970502666934,-0.0072313736168696,0.0006661979134609654,0.0008167152346820541,0.0005531865207132005,-0.0013703553249229555,-0.0013660123215208683,-0.0004740737318690274,0.0008172776128766053
2026-06-29,0.005920296166230694,0.00352934395692336,0.003102184649223281,0.0164748623801593,0.003356675216860134,0.0026446816436037036,0.0028821866840623806,0.006104082329946851,0.006366314238630644,0.005075111429235958,0.0027403026704749247
2026-06-30,0.0052843195099306385,0.00076995878434876,-0.002039104857600352,0.007786800986842,0.0022186033095916665,-0.0008189068742716844,-0.0013627667157787328,0.005024255091830921,0.005017220640664415,0.0037916244311476184,-0.00048136242674148714
2026-07-01,-0.002787237553492653,-0.005807040424305141,-0.0014805744056703017,-0.0013525044380584,-0.0007952133863366682,-0.0006752000656660007,-0.0008624722821703774,-0.0026807217004894235,-0.0027689169693580432,-0.0017551110828555076,-0.0005547621682970213
2026-07-02,0.002127967108278285,0.0012122515659088303,0.0025858307394390503,-0.0013140694806872,0.004214627712791945,0.0037460014841699764,0.0032986408481710285,0.002097435194205159,0.001680829581107283,0.00299155262531687,0.0039074962676235335
2026-07-06,0.009493171060088519,0.006924411593664101,0.0033495074120906696,0.0087274090930398,0.007022488638842528,0.004234914808345383,0.004025075287766503,0.00937730546931662,0.00907553002322062,0.008321105675181678,0.0045720609650777445
2026-07-07,-0.01035275030740589,-0.0095160949117072,-0.006751811448495206,-0.0047518996712316,-0.008193314396291096,-0.006772236831190834,-0.0066489950784710625,-0.010276955031065186,-0.010424756510272266,-0.00939081489645241,-0.006771632768414835
2026-07-08,-0.0029335407150369378,-0.0039860729111336,-0.0028898622994830325,-0.0030894297130047,-0.0036327412959879157,-0.0032640570167544215,-0.003125439892709246,-0.0029740192973418747,-0.002913155911311697,-0.003320829076126411,-0.003368897872339922
2026-07-09,0.009417829606159642,0.006864975380462121,0.0038482354640725887,0.0084652500025792,0.007418221161156135,0.004543822184782085,0.0043493316221107645,0.009471555378121043,0.009683462981010912,0.008805398780031757,0.004863226633299473
2026-07-10,0.0008728418514649769,0.00047941695155759,-0.0002913373057712689,0.0043101596888019,0.0003487960635542008,-0.0003110375539758215,-0.00026854667324370567,0.0008800242741798202,0.0007733585209009854,0.0006578286591700559,-0.00015783057437718804
2026-07-13,-0.015499562586159745,-0.011660718136163711,-0.007364470393290734,-0.0076561748505409,-0.012549372612316426,-0.008646948079874997,-0.00815389721024812,-0.015361618282740548,-0.015216492019999008,-0.014192132524798534,-0.0089916746575296
2026-07-14,0.008346301999808023,0.006079393076391481,0.0038656268755219536,0.0035506416973014,0.006786836636521422,0.004640454372561069,0.004379779045486712,0.008288061472985863,0.008311855708804671,0.007701266616239204,0.00481276740572244
2026-07-15,0.0012055102722552794,0.00219690628508143,0.0028692506872127106,0.003963635929681,0.0019616480106113047,0.002806965817230491,0.002877002239979507,0.0011998810891294246,0.0009987393707487147,0.0014455734332729075,0.0027829282724648433
2026-07-16,-0.011501787377946378,-0.0050543797384766005,-0.003756220097406212,-0.005418617756386,-0.008841287351668713,-0.0050391428444010854,-0.004609550381032821,-0.011456629929672122,-0.011520168997549466,-0.010488267205731042,-0.005394143620514687
2026-07-17,-0.0032537235937763155,-0.0034341974596197406,-0.0005198627776797762,-0.0098971560178722,-0.001172280078637794,-0.000442175418901771,-0.0006887196264725145,-0.0032507603410363065,-0.00316016517997085,-0.002317523703926064,-0.0005872344051799919
2026-07-20,-0.0013851854049210842,-0.0031597148478372406,-0.0031856190233426813,-0.001614378247181,-0.002100083528082928,-0.002800795992236811,-0.0028304363956409883,-0.001412307163391084,-0.0014449504165668311,-0.0017116650132057917,-0.0027265261409895507
2026-07-21,0.012364765560470517,0.00959064965846086,0.0022163529508796424,0.0083413092985977,0.008785244533000204,0.0038258222020051908,0.0033426190673410453,0.012279472975886713,0.012113201198615774,0.010899807886364028,0.0043812986755715775
2026-07-22,0.001553469904757037,-0.0019162990264282903,-0.00042373580983361657,-0.0011627413779321,0.0017349490020656835,0.0004396913116783156,0.00013325687767685882,0.0015572242489317357,0.0014522451477005376,0.0017082577495314743,0.0006182444284460343
2026-07-23,-0.014107547558784381,-0.008921356320546681,-0.007111067193564116,-0.0123492872725757,-0.011907812557510191,-0.008327422038363199,-0.00797977371698408,-0.014195285568637295,-0.014393060422006318,-0.013497384318126682,-0.008740079829966505
2026-07-24,-0.00177764345812996,-0.00028856077119464025,0.0009005058275846691,0.001016012364791,0.0002182709636624309,0.0009299898553471641,0.000904244070833851,-0.0017048283212758924,-0.0017987712400661928,-0.0008341987260237771,0.000978295764031409
2026-07-27,0.0022491198559177034,0.00285144977297027,0.0027975838341687083,0.0002165755636849,0.002768917762127588,0.00280341092700278,0.0026844588905952068,0.0021948305566940477,0.002027040306855972,0.0023780862074039687,0.0028031183642261903
2026-07-28,-0.005412692759861292,-0.0023857713187078805,0.0012737333745531073,0.002394780651586,-0.003072155416490795,5.426871716077554e-05,0.0004506886939185381,-0.005328032426942926,-0.005396719229269719,-0.0044504498178891015,-0.00017497716393774726
2026-07-29,-0.00853805937570335,-0.010243309082671181,-0.007108990249088672,-0.015387473482586,-0.006474637327723394,-0.0060287523484013365,-0.006306217559739801,-0.008525133069007897,-0.008405526455780108,-0.0075725732214904345,-0.006136543026363489
2026-07-30,0.01763671019821814,0.01390750466202706,0.0062121693154137975,0.0167657994960119,0.012641466734863945,0.007604423531679325,0.00731819093561611,0.017552761317598753,0.01743127441219619,0.01553723792540309,0.00815587219638127
2026-07-31,-0.0013069636470357112,-0.0020669040529794703,-0.0015984764147856925,0.0071998096750542,-0.002383054978285544,-0.0018584364184135675,-0.0015130419858445838,-0.0013233564105306443,-0.0015648040014388748,-0.0019153003991811872,-0.0018130125267212588
2026-08-03,0.008338103219817164,0.006679822485688071,0.005068631509304978,0.0142430065673475,0.006599018798958112,0.005170058506247527,0.005271042092887639,0.008433818389418729,0.008525069335084953,0.007778762500354477,0.005414105075147858
2026-08-04,0.015613968318730156,0.013241243452670231,0.008581635516598443,0.0180290027159586,0.011742235101013108,0.008799232979126046,0.00883217843841443,0.01565434454943812,0.015888447978280196,0.014133844265776794,0.00909753305522747
2026-08-05,0.010022246396943251,0.00233091903035914,0.004116367611678659,-0.0019966020100066,0.010503719770363,0.006410019577008078,0.005431309168764053,0.009992142107091609,0.009797695133090253,0.010441045145007037,0.006888008115233365
2026-08-06,-0.0021459322100169783,-0.004368598754342025,-0.0029602974763259433,-0.001597813044932,-0.0020451034975367353,-0.0025514279779423415,-0.002629268913928198,-0.002093344370182818,-0.0020548645366041634,-0.001986784165608914,-0.0024574982779322634
2026-08-07,0.011598399204648295,0.00831821485292479,0.005197609393475315,0.0061153484724176,0.009975390606333333,0.006476252224458979,0.006005777548446321,0.011608905874265064,0.011699952587011734,0.011121439122454965,0.006844038804602612
2026-08-10,0.0014219528351695119,-0.004225178350856211,-0.002533574422727201,-0.0002974167367322,0.0010401588321933182,-0.0012743885323971066,-0.001623503795320987,0.0014526404721554244,0.0013887580664593076,0.0014274525634678503,-0.0009476424714243577
2026-08-11,-0.002487549746841535,-0.00068444058241466,-0.0006051222846888902,-0.0031952597501651,-0.001986781486317761,-0.0010255706123679796,-0.0009399522377789387,-0.0025402421314784773,-0.0025938804277777948,-0.002404349438634428,-0.0011639317599320945
2026-08-12,0.005746049781780268,0.005580965559985891,0.0022027827161729594,0.0025046624297864,0.004491281092957599,0.0028938526312151996,0.002696249809060941,0.005678042683288433,0.005596124613300819,0.005168596830930748,0.0030339867686981835
2026-08-13,0.0006973709750420047,0.0038101626101338,0.0027749576835171593,0.0069774556519524,0.00014783281112855005,0.0016057794727923353,0.0020555867907059984,0.0007547579768852489,0.0009453498861929375,0.00046197093398423535,0.0014416901104180866
2026-08-14,0.0005134102640222621,-0.00042459227203947027,-0.002277732239487411,-0.0019797115463531,0.0001056868328337724,-0.0014384706858430862,-0.0016730254721358637,0.0005100915754010805,0.0005016732257882397,0.00042233348234176527,-0.0012578257217896781
2026-08-17,0.001156223513904997,-0.0013965340363187,-0.002430640701595137,-0.0047273666413644,0.0004885193246810655,-0.0013267519979712926,-0.001655764736178783,0.0010627251353799503,0.0009524308465220918,0.000821915320049823,-0.0011703492349840643
2026-08-18,-0.011118831172667742,-0.009126343230710121,-0.002409924672993327,-0.0067557570742746,-0.007962357130765981,-0.0038710812060217255,-0.003469552256767678,-0.011012684153541138,-0.010850770135850724,-0.009763832867242948,-0.004301401405461821
2026-08-19,0.012904750002527271,0.009738728757063362,0.009070382404103405,0.0020978374173614,0.01297286584856628,0.010209876182909394,0.009456225164388377,0.012804837927115115,0.012510224373666818,0.012932490250415898,0.01048752098905344
2026-08-20,-0.0034264001045980763,-0.0037895797792336905,-0.00477280851942877,-0.0083998933674405,-0.003538743190784013,-0.004148728307044181,-0.004354221942504722,-0.003537276153369463,-0.003703192631658292,-0.0036199197696629567,-0.004134236170118887
2026-08-21,0.0076359076066554125,0.004282487713157311,0.0017716800284890328,0.0040912604472485,0.006411342641378395,0.0032926612730662637,0.002825492074829101,0.0076022486339956345,0.007394474753713247,0.007193337857113471,0.0036874062886323453
2026-08-24,-0.0005347182306903655,-0.00118657762592518,0.0018887612671764195,-0.0029384110198065,0.0011876252846439689,0.0018394955213837257,0.0016930794622021267,-0.0004885134164218515,-0.00045053012339511334,0.00028687570043013665,0.0017750116493367488
2026-08-25,0.004560898897256934,0.006566840349823091,0.005320991660336097,0.0031959376727799,0.004223185312035916,0.00475542598726019,0.0048177548067934554,0.004476916055098171,0.004381602727305567,0.004238983697302428,0.004636754037911082
2026-08-26,-0.004871037290902725,-0.0033052428681656903,-0.002553611339741056,0.0002220155779071,-0.004942859909227663,-0.003346809457053369,-0.0029919371862466987,-0.004857014834220492,-0.004847261943100511,-0.004991131552261519,-0.0035117707525051363
2026-08-27,0.005591655921830218,0.0017259273822617502,0.0012717717907477534,0.0065527861112515,0.0036806566125198626,0.0017536777639140654,0.0016975226035196595,0.005636218104102704,0.005778693717619436,0.004931440684359615,0.0019702527763027825
2026-08-28,-0.012597593359575736,-0.00793146962302815,-0.006383491104937123,-0.0022694852229377,-0.011732396008679586,-0.008118059603714783,-0.007437793975588899,-0.012592527166163233,-0.012714123247792804,-0.012466088850912639,-0.008449406176437519
2026-08-31,-0.0014056218247210663,-0.0029197899165434,-0.0018421390213545085,-0.0029895208500099,-0.001580923381705301,-0.0016775626447302961,-0.001687629339778941,-0.001389664450151405,-0.0012344487564442997,-0.001423941444517049,-0.0017165686723193648
2026-09-01,-0.013172131696298401,-0.00862858488087348,-0.0070994949938057664,-0.006870423805438,-0.011949632958126967,-0.008807798324541436,-0.008300959568484322,-0.013220001157757911,-0.013441114545405487,-0.013538336670038304,-0.009113379495199345
2026-09-02,0.006457493088196367,0.00424604346921325,0.0031335734576922107,0.004436902672253,0.006042064806107969,0.004155619250682932,0.0038956344228170225,0.006497523473726575,0.006456723433305693,0.006450781605059494,0.004387801730618546
