date,strategy,asset,weight
2018-02-01,Combined Robust Max Sharpe λ=0.50 γ=0.10,EEM,0.0
2018-02-01,Combined Robust Max Sharpe λ=0.50 γ=0.10,EFA,0.0
2018-02-01,Combined Robust Max Sharpe λ=0.50 γ=0.10,GLD,0.07346689308072946
2018-02-01,Combined Robust Max Sharpe λ=0.50 γ=0.10,IEF,0.25575452938728466
2018-02-01,Combined Robust Max Sharpe λ=0.50 γ=0.10,IWM,7.188060906364111e-14
2018-02-01,Combined Robust Max Sharpe λ=0.50 γ=0.10,LQD,0.2999999999998308
2018-02-01,Combined Robust Max Sharpe λ=0.50 γ=0.10,QQQ,0.1648165683281672
2018-02-01,Combined Robust Max Sharpe λ=0.50 γ=0.10,SPY,0.20596200920391597
2018-02-01,Combined Robust Max Sharpe λ=0.50 γ=0.10,TLT,0.0
2018-02-01,Combined Robust Max Sharpe λ=0.50 γ=0.10,VNQ,0.0
2018-02-01,Equal Weight,EEM,0.1
2018-02-01,Equal Weight,EFA,0.1
2018-02-01,Equal Weight,GLD,0.1
2018-02-01,Equal Weight,IEF,0.1
2018-02-01,Equal Weight,IWM,0.1
2018-02-01,Equal Weight,LQD,0.1
2018-02-01,Equal Weight,QQQ,0.1
2018-02-01,Equal Weight,SPY,0.1
2018-02-01,Equal Weight,TLT,0.1
2018-02-01,Equal Weight,VNQ,0.1
2018-02-01,Maximum Sharpe,EEM,0.0
2018-02-01,Maximum Sharpe,EFA,0.0
2018-02-01,Maximum Sharpe,GLD,0.09999999999999738
2018-02-01,Maximum Sharpe,IEF,3.1232135880734207e-16
2018-02-01,Maximum Sharpe,IWM,3.3719121562784033e-17
2018-02-01,Maximum Sharpe,LQD,0.30000000000000077
2018-02-01,Maximum Sharpe,QQQ,0.30000000000000077
2018-02-01,Maximum Sharpe,SPY,0.30000000000000077
2018-02-01,Maximum Sharpe,TLT,0.0
2018-02-01,Maximum Sharpe,VNQ,0.0
2018-02-01,Minimum Variance,EEM,0.0
2018-02-01,Minimum Variance,EFA,4.082694562485254e-17
2018-02-01,Minimum Variance,GLD,0.10947089780373141
2018-02-01,Minimum Variance,IEF,0.29999999999999993
2018-02-01,Minimum Variance,IWM,0.0005672238452241581
2018-02-01,Minimum Variance,LQD,0.3
2018-02-01,Minimum Variance,QQQ,0.0
2018-02-01,Minimum Variance,SPY,0.2818082240597662
2018-02-01,Minimum Variance,TLT,0.00815365429127839
2018-02-01,Minimum Variance,VNQ,0.0
2018-02-01,SPY,EEM,0.0
2018-02-01,SPY,EFA,0.0
2018-02-01,SPY,GLD,0.0
2018-02-01,SPY,IEF,0.0
2018-02-01,SPY,IWM,0.0
2018-02-01,SPY,LQD,0.0
2018-02-01,SPY,QQQ,0.0
2018-02-01,SPY,SPY,1.0
2018-02-01,SPY,TLT,0.0
2018-02-01,SPY,VNQ,0.0
2018-02-01,Shrunk Max Sharpe λ=0.25,EEM,0.0
2018-02-01,Shrunk Max Sharpe λ=0.25,EFA,0.0
2018-02-01,Shrunk Max Sharpe λ=0.25,GLD,0.11603456012008041
2018-02-01,Shrunk Max Sharpe λ=0.25,IEF,0.042881186618977524
2018-02-01,Shrunk Max Sharpe λ=0.25,IWM,0.0
2018-02-01,Shrunk Max Sharpe λ=0.25,LQD,0.2999999999999986
2018-02-01,Shrunk Max Sharpe λ=0.25,QQQ,0.29999999999999893
2018-02-01,Shrunk Max Sharpe λ=0.25,SPY,0.2410842532609446
2018-02-01,Shrunk Max Sharpe λ=0.25,TLT,0.0
2018-02-01,Shrunk Max Sharpe λ=0.25,VNQ,0.0
2018-02-01,Shrunk Max Sharpe λ=0.50,EEM,0.0
2018-02-01,Shrunk Max Sharpe λ=0.50,EFA,0.0
2018-02-01,Shrunk Max Sharpe λ=0.50,GLD,0.052339285291707095
2018-02-01,Shrunk Max Sharpe λ=0.50,IEF,0.28000691734457456
2018-02-01,Shrunk Max Sharpe λ=0.50,IWM,0.0
2018-02-01,Shrunk Max Sharpe λ=0.50,LQD,0.29999999999999005
2018-02-01,Shrunk Max Sharpe λ=0.50,QQQ,0.1588346827152811
2018-02-01,Shrunk Max Sharpe λ=0.50,SPY,0.20881911464844718
2018-02-01,Shrunk Max Sharpe λ=0.50,TLT,0.0
2018-02-01,Shrunk Max Sharpe λ=0.50,VNQ,0.0
2018-02-01,Shrunk Max Sharpe λ=0.75,EEM,0.0
2018-02-01,Shrunk Max Sharpe λ=0.75,EFA,0.0
2018-02-01,Shrunk Max Sharpe λ=0.75,GLD,0.08370867029029691
2018-02-01,Shrunk Max Sharpe λ=0.75,IEF,0.30000000000000077
2018-02-01,Shrunk Max Sharpe λ=0.75,IWM,1.561219262027444e-16
2018-02-01,Shrunk Max Sharpe λ=0.75,LQD,0.30000000000000077
2018-02-01,Shrunk Max Sharpe λ=0.75,QQQ,0.016291329709700608
2018-02-01,Shrunk Max Sharpe λ=0.75,SPY,0.30000000000000077
2018-02-01,Shrunk Max Sharpe λ=0.75,TLT,0.0
2018-02-01,Shrunk Max Sharpe λ=0.75,VNQ,0.0
2018-02-01,Turnover-Aware Max Sharpe γ=0.05,EEM,5.605457409406951e-16
2018-02-01,Turnover-Aware Max Sharpe γ=0.05,EFA,2.0239926444056216e-16
2018-02-01,Turnover-Aware Max Sharpe γ=0.05,GLD,0.10000000000000006
2018-02-01,Turnover-Aware Max Sharpe γ=0.05,IEF,0.0
2018-02-01,Turnover-Aware Max Sharpe γ=0.05,IWM,8.153200337090992e-17
2018-02-01,Turnover-Aware Max Sharpe γ=0.05,LQD,0.29999999999999866
2018-02-01,Turnover-Aware Max Sharpe γ=0.05,QQQ,0.29999999999999993
2018-02-01,Turnover-Aware Max Sharpe γ=0.05,SPY,0.29999999999999966
2018-02-01,Turnover-Aware Max Sharpe γ=0.05,TLT,6.245004513516505e-16
2018-02-01,Turnover-Aware Max Sharpe γ=0.05,VNQ,3.183331998677691e-16
2018-02-01,Turnover-Aware Max Sharpe γ=0.10,EEM,0.0
2018-02-01,Turnover-Aware Max Sharpe γ=0.10,EFA,0.0
2018-02-01,Turnover-Aware Max Sharpe γ=0.10,GLD,0.09999999999999742
2018-02-01,Turnover-Aware Max Sharpe γ=0.10,IEF,0.0
2018-02-01,Turnover-Aware Max Sharpe γ=0.10,IWM,0.0
2018-02-01,Turnover-Aware Max Sharpe γ=0.10,LQD,0.3000000000000009
2018-02-01,Turnover-Aware Max Sharpe γ=0.10,QQQ,0.3000000000000009
2018-02-01,Turnover-Aware Max Sharpe γ=0.10,SPY,0.3000000000000009
2018-02-01,Turnover-Aware Max Sharpe γ=0.10,TLT,0.0
2018-02-01,Turnover-Aware Max Sharpe γ=0.10,VNQ,0.0
2018-02-01,Turnover-Aware Max Sharpe γ=0.25,EEM,0.0
2018-02-01,Turnover-Aware Max Sharpe γ=0.25,EFA,0.0
2018-02-01,Turnover-Aware Max Sharpe γ=0.25,GLD,0.1000000000000004
2018-02-01,Turnover-Aware Max Sharpe γ=0.25,IEF,0.10000000000000119
2018-02-01,Turnover-Aware Max Sharpe γ=0.25,IWM,0.0270813097132171
2018-02-01,Turnover-Aware Max Sharpe γ=0.25,LQD,0.10000000000000055
2018-02-01,Turnover-Aware Max Sharpe γ=0.25,QQQ,0.3
2018-02-01,Turnover-Aware Max Sharpe γ=0.25,SPY,0.30000000000000004
2018-02-01,Turnover-Aware Max Sharpe γ=0.25,TLT,0.07291869028678087
2018-02-01,Turnover-Aware Max Sharpe γ=0.25,VNQ,0.0
2018-03-01,Combined Robust Max Sharpe λ=0.50 γ=0.10,EEM,4.2082523330062685e-15
2018-03-01,Combined Robust Max Sharpe λ=0.50 γ=0.10,EFA,3.9619649932900754e-15
2018-03-01,Combined Robust Max Sharpe λ=0.50 γ=0.10,GLD,0.08261197795988254
2018-03-01,Combined Robust Max Sharpe λ=0.50 γ=0.10,IEF,0.2557545293872813
2018-03-01,Combined Robust Max Sharpe λ=0.50 γ=0.10,IWM,4.90027990360681e-15
2018-03-01,Combined Robust Max Sharpe λ=0.50 γ=0.10,LQD,0.29999999999999055
2018-03-01,Combined Robust Max Sharpe λ=0.50 γ=0.10,QQQ,0.2161952137700587
2018-03-01,Combined Robust Max Sharpe λ=0.50 γ=0.10,SPY,0.14543827888276603
2018-03-01,Combined Robust Max Sharpe λ=0.50 γ=0.10,TLT,3.566998126852069e-15
2018-03-01,Combined Robust Max Sharpe λ=0.50 γ=0.10,VNQ,4.13655280985443e-15
2018-03-01,Equal Weight,EEM,0.1
2018-03-01,Equal Weight,EFA,0.1
2018-03-01,Equal Weight,GLD,0.1
2018-03-01,Equal Weight,IEF,0.1
2018-03-01,Equal Weight,IWM,0.1
2018-03-01,Equal Weight,LQD,0.1
2018-03-01,Equal Weight,QQQ,0.1
2018-03-01,Equal Weight,SPY,0.1
2018-03-01,Equal Weight,TLT,0.1
2018-03-01,Equal Weight,VNQ,0.1
2018-03-01,Maximum Sharpe,EEM,2.189426093839255e-16
2018-03-01,Maximum Sharpe,EFA,2.604688858050747e-16
2018-03-01,Maximum Sharpe,GLD,0.17942949718857423
2018-03-01,Maximum Sharpe,IEF,4.594495228560621e-17
2018-03-01,Maximum Sharpe,IWM,3.404231065300581e-17
2018-03-01,Maximum Sharpe,LQD,0.2324349585483988
2018-03-01,Maximum Sharpe,QQQ,0.29999999999999954
2018-03-01,Maximum Sharpe,SPY,0.28813554426302673
2018-03-01,Maximum Sharpe,TLT,4.8140580719134604e-17
2018-03-01,Maximum Sharpe,VNQ,1.30739065497726e-16
2018-03-01,Minimum Variance,EEM,1.4484426054783933e-17
2018-03-01,Minimum Variance,EFA,0.0
2018-03-01,Minimum Variance,GLD,0.1156944538229474
2018-03-01,Minimum Variance,IEF,0.3
2018-03-01,Minimum Variance,IWM,0.018838579181402783
2018-03-01,Minimum Variance,LQD,0.3
2018-03-01,Minimum Variance,QQQ,0.0
2018-03-01,Minimum Variance,SPY,0.2463868288957763
2018-03-01,Minimum Variance,TLT,0.01908013809987353
2018-03-01,Minimum Variance,VNQ,1.561735508097186e-17
2018-03-01,SPY,EEM,0.0
2018-03-01,SPY,EFA,0.0
2018-03-01,SPY,GLD,0.0
2018-03-01,SPY,IEF,0.0
2018-03-01,SPY,IWM,0.0
2018-03-01,SPY,LQD,0.0
2018-03-01,SPY,QQQ,0.0
2018-03-01,SPY,SPY,1.0
2018-03-01,SPY,TLT,0.0
2018-03-01,SPY,VNQ,0.0
2018-03-01,Shrunk Max Sharpe λ=0.25,EEM,0.0
2018-03-01,Shrunk Max Sharpe λ=0.25,EFA,0.0
2018-03-01,Shrunk Max Sharpe λ=0.25,GLD,0.16678352086757695
2018-03-01,Shrunk Max Sharpe λ=0.25,IEF,0.04489363872497222
2018-03-01,Shrunk Max Sharpe λ=0.25,IWM,0.0
2018-03-01,Shrunk Max Sharpe λ=0.25,LQD,0.2999999999999999
2018-03-01,Shrunk Max Sharpe λ=0.25,QQQ,0.2999999999999999
2018-03-01,Shrunk Max Sharpe λ=0.25,SPY,0.1883228404074508
2018-03-01,Shrunk Max Sharpe λ=0.25,TLT,0.0
2018-03-01,Shrunk Max Sharpe λ=0.25,VNQ,2.097541685792424e-16
2018-03-01,Shrunk Max Sharpe λ=0.50,EEM,2.5073615811184432e-14
2018-03-01,Shrunk Max Sharpe λ=0.50,EFA,1.914382741439249e-14
2018-03-01,Shrunk Max Sharpe λ=0.50,GLD,0.09358217641454267
2018-03-01,Shrunk Max Sharpe λ=0.50,IEF,0.2623900281177083
2018-03-01,Shrunk Max Sharpe λ=0.50,IWM,1.7029675471596955e-14
2018-03-01,Shrunk Max Sharpe λ=0.50,LQD,0.2999999999998383
2018-03-01,Shrunk Max Sharpe λ=0.50,QQQ,0.29999999999997123
2018-03-01,Shrunk Max Sharpe λ=0.50,SPY,0.04402779546776061
2018-03-01,Shrunk Max Sharpe λ=0.50,TLT,9.379323809554172e-14
2018-03-01,Shrunk Max Sharpe λ=0.50,VNQ,2.3887819923724087e-14
2018-03-01,Shrunk Max Sharpe λ=0.75,EEM,0.0
2018-03-01,Shrunk Max Sharpe λ=0.75,EFA,0.0
2018-03-01,Shrunk Max Sharpe λ=0.75,GLD,0.10158353185196674
2018-03-01,Shrunk Max Sharpe λ=0.75,IEF,0.2999999999999999
2018-03-01,Shrunk Max Sharpe λ=0.75,IWM,3.054000899820569e-16
2018-03-01,Shrunk Max Sharpe λ=0.75,LQD,0.2999999999999999
2018-03-01,Shrunk Max Sharpe λ=0.75,QQQ,0.06700999764903735
2018-03-01,Shrunk Max Sharpe λ=0.75,SPY,0.23140647049899604
2018-03-01,Shrunk Max Sharpe λ=0.75,TLT,0.0
2018-03-01,Shrunk Max Sharpe λ=0.75,VNQ,0.0
2018-03-01,Turnover-Aware Max Sharpe γ=0.05,EEM,1.9359876930388702e-15
2018-03-01,Turnover-Aware Max Sharpe γ=0.05,EFA,1.7074873548049811e-15
2018-03-01,Turnover-Aware Max Sharpe γ=0.05,GLD,0.1515289524276593
2018-03-01,Turnover-Aware Max Sharpe γ=0.05,IEF,3.530659007152626e-16
2018-03-01,Turnover-Aware Max Sharpe γ=0.05,IWM,2.4026258531127036e-15
2018-03-01,Turnover-Aware Max Sharpe γ=0.05,LQD,0.2710588283745485
2018-03-01,Turnover-Aware Max Sharpe γ=0.05,QQQ,0.2999999999999986
2018-03-01,Turnover-Aware Max Sharpe γ=0.05,SPY,0.2774122191977857
2018-03-01,Turnover-Aware Max Sharpe γ=0.05,TLT,0.0
2018-03-01,Turnover-Aware Max Sharpe γ=0.05,VNQ,1.6343575265719768e-15
2018-03-01,Turnover-Aware Max Sharpe γ=0.10,EEM,0.0
2018-03-01,Turnover-Aware Max Sharpe γ=0.10,EFA,0.0
2018-03-01,Turnover-Aware Max Sharpe γ=0.10,GLD,0.12721321543014724
2018-03-01,Turnover-Aware Max Sharpe γ=0.10,IEF,1.8426319529466474e-16
2018-03-01,Turnover-Aware Max Sharpe γ=0.10,IWM,0.0
2018-03-01,Turnover-Aware Max Sharpe γ=0.10,LQD,0.30000000000000027
2018-03-01,Turnover-Aware Max Sharpe γ=0.10,QQQ,0.30000000000000027
2018-03-01,Turnover-Aware Max Sharpe γ=0.10,SPY,0.27278678456985206
2018-03-01,Turnover-Aware Max Sharpe γ=0.10,TLT,0.0
2018-03-01,Turnover-Aware Max Sharpe γ=0.10,VNQ,0.0
2018-03-01,Turnover-Aware Max Sharpe γ=0.25,EEM,3.747623813823969e-15
2018-03-01,Turnover-Aware Max Sharpe γ=0.25,EFA,2.731202492145617e-15
2018-03-01,Turnover-Aware Max Sharpe γ=0.25,GLD,0.12708130971321635
2018-03-01,Turnover-Aware Max Sharpe γ=0.25,IEF,0.09999999999999894
2018-03-01,Turnover-Aware Max Sharpe γ=0.25,IWM,5.388051116383961e-15
2018-03-01,Turnover-Aware Max Sharpe γ=0.25,LQD,0.09999999999999881
2018-03-01,Turnover-Aware Max Sharpe γ=0.25,QQQ,0.29999999999999677
2018-03-01,Turnover-Aware Max Sharpe γ=0.25,SPY,0.29999999999999566
2018-03-01,Turnover-Aware Max Sharpe γ=0.25,TLT,0.07291869028677804
2018-03-01,Turnover-Aware Max Sharpe γ=0.25,VNQ,3.472474234723549e-15
2018-05-01,Combined Robust Max Sharpe λ=0.50 γ=0.10,EEM,2.635639423517755e-14
2018-05-01,Combined Robust Max Sharpe λ=0.50 γ=0.10,EFA,1.888560003195465e-14
2018-05-01,Combined Robust Max Sharpe λ=0.50 γ=0.10,GLD,0.10962232967011461
2018-05-01,Combined Robust Max Sharpe λ=0.50 γ=0.10,IEF,0.25575452938721066
2018-05-01,Combined Robust Max Sharpe λ=0.50 γ=0.10,IWM,2.0132944100557042e-14
2018-05-01,Combined Robust Max Sharpe λ=0.50 γ=0.10,LQD,0.2999999999999291
2018-05-01,Combined Robust Max Sharpe λ=0.50 γ=0.10,QQQ,0.2161952137700441
2018-05-01,Combined Robust Max Sharpe λ=0.50 γ=0.10,SPY,0.11842792717256648
2018-05-01,Combined Robust Max Sharpe λ=0.50 γ=0.10,TLT,4.4726025151458553e-14
2018-05-01,Combined Robust Max Sharpe λ=0.50 γ=0.10,VNQ,2.502257874444056e-14
2018-05-01,Equal Weight,EEM,0.1
2018-05-01,Equal Weight,EFA,0.1
2018-05-01,Equal Weight,GLD,0.1
2018-05-01,Equal Weight,IEF,0.1
2018-05-01,Equal Weight,IWM,0.1
2018-05-01,Equal Weight,LQD,0.1
2018-05-01,Equal Weight,QQQ,0.1
2018-05-01,Equal Weight,SPY,0.1
2018-05-01,Equal Weight,TLT,0.1
2018-05-01,Equal Weight,VNQ,0.1
2018-05-01,Maximum Sharpe,EEM,0.0
2018-05-01,Maximum Sharpe,EFA,3.0911680344683007e-16
2018-05-01,Maximum Sharpe,GLD,0.24626094617301808
2018-05-01,Maximum Sharpe,IEF,3.975219083015977e-17
2018-05-01,Maximum Sharpe,IWM,0.011529806972656296
2018-05-01,Maximum Sharpe,LQD,0.0
2018-05-01,Maximum Sharpe,QQQ,0.29999999999999993
2018-05-01,Maximum Sharpe,SPY,0.29999999999999927
2018-05-01,Maximum Sharpe,TLT,0.1422092468543259
2018-05-01,Maximum Sharpe,VNQ,2.1450841719075585e-16
2018-05-01,Minimum Variance,EEM,1.7200759335814936e-18
2018-05-01,Minimum Variance,EFA,0.027677704568762607
2018-05-01,Minimum Variance,GLD,0.11751418149759656
2018-05-01,Minimum Variance,IEF,0.3
2018-05-01,Minimum Variance,IWM,0.03490048131332359
2018-05-01,Minimum Variance,LQD,0.30000000000000004
2018-05-01,Minimum Variance,QQQ,0.0
2018-05-01,Minimum Variance,SPY,0.1892272859218967
2018-05-01,Minimum Variance,TLT,0.03068034669842071
2018-05-01,Minimum Variance,VNQ,5.5321871551001065e-17
2018-05-01,SPY,EEM,0.0
2018-05-01,SPY,EFA,0.0
2018-05-01,SPY,GLD,0.0
2018-05-01,SPY,IEF,0.0
2018-05-01,SPY,IWM,0.0
2018-05-01,SPY,LQD,0.0
2018-05-01,SPY,QQQ,0.0
2018-05-01,SPY,SPY,1.0
2018-05-01,SPY,TLT,0.0
2018-05-01,SPY,VNQ,0.0
2018-05-01,Shrunk Max Sharpe λ=0.25,EEM,3.240933626613829e-16
2018-05-01,Shrunk Max Sharpe λ=0.25,EFA,3.8419456588601445e-16
2018-05-01,Shrunk Max Sharpe λ=0.25,GLD,0.19770710040407694
2018-05-01,Shrunk Max Sharpe λ=0.25,IEF,0.0
2018-05-01,Shrunk Max Sharpe λ=0.25,IWM,0.0
2018-05-01,Shrunk Max Sharpe λ=0.25,LQD,0.299999999999995
2018-05-01,Shrunk Max Sharpe λ=0.25,QQQ,0.2999999999999998
2018-05-01,Shrunk Max Sharpe λ=0.25,SPY,0.15852472177337779
2018-05-01,Shrunk Max Sharpe λ=0.25,TLT,0.043768177822549784
2018-05-01,Shrunk Max Sharpe λ=0.25,VNQ,6.17877071214209e-17
2018-05-01,Shrunk Max Sharpe λ=0.50,EEM,0.0
2018-05-01,Shrunk Max Sharpe λ=0.50,EFA,2.890317015487449e-16
2018-05-01,Shrunk Max Sharpe λ=0.50,GLD,0.11407262951175368
2018-05-01,Shrunk Max Sharpe λ=0.50,IEF,0.2707851944742398
2018-05-01,Shrunk Max Sharpe λ=0.50,IWM,0.018198048207403863
2018-05-01,Shrunk Max Sharpe λ=0.50,LQD,0.29999999999999966
2018-05-01,Shrunk Max Sharpe λ=0.50,QQQ,0.24508864981086104
2018-05-01,Shrunk Max Sharpe λ=0.50,SPY,0.051855477995741556
2018-05-01,Shrunk Max Sharpe λ=0.50,TLT,0.0
2018-05-01,Shrunk Max Sharpe λ=0.50,VNQ,9.2620189609822e-17
2018-05-01,Shrunk Max Sharpe λ=0.75,EEM,0.0
2018-05-01,Shrunk Max Sharpe λ=0.75,EFA,0.0
2018-05-01,Shrunk Max Sharpe λ=0.75,GLD,0.11698675953598041
2018-05-01,Shrunk Max Sharpe λ=0.75,IEF,0.29999999999999993
2018-05-01,Shrunk Max Sharpe λ=0.75,IWM,0.017182555430369895
2018-05-01,Shrunk Max Sharpe λ=0.75,LQD,0.29999999999999993
2018-05-01,Shrunk Max Sharpe λ=0.75,QQQ,0.005858909637860266
2018-05-01,Shrunk Max Sharpe λ=0.75,SPY,0.2599717753957892
2018-05-01,Shrunk Max Sharpe λ=0.75,TLT,1.2964412192651905e-16
2018-05-01,Shrunk Max Sharpe λ=0.75,VNQ,1.6125681337815265e-16
2018-05-01,Turnover-Aware Max Sharpe γ=0.05,EEM,0.0
2018-05-01,Turnover-Aware Max Sharpe γ=0.05,EFA,0.0
2018-05-01,Turnover-Aware Max Sharpe γ=0.05,GLD,0.2150541115855444
2018-05-01,Turnover-Aware Max Sharpe γ=0.05,IEF,0.0
2018-05-01,Turnover-Aware Max Sharpe γ=0.05,IWM,5.118001490349484e-17
2018-05-01,Turnover-Aware Max Sharpe γ=0.05,LQD,0.15015384785561606
2018-05-01,Turnover-Aware Max Sharpe γ=0.05,QQQ,0.2999999999999999
2018-05-01,Turnover-Aware Max Sharpe γ=0.05,SPY,0.27741221919778625
2018-05-01,Turnover-Aware Max Sharpe γ=0.05,TLT,0.05737982136105349
2018-05-01,Turnover-Aware Max Sharpe γ=0.05,VNQ,4.53126654324383e-17
2018-05-01,Turnover-Aware Max Sharpe γ=0.10,EEM,3.9948641497561726e-16
2018-05-01,Turnover-Aware Max Sharpe γ=0.10,EFA,6.896001257464008e-16
2018-05-01,Turnover-Aware Max Sharpe γ=0.10,GLD,0.184633978100535
2018-05-01,Turnover-Aware Max Sharpe γ=0.10,IEF,1.1461012487857644e-16
2018-05-01,Turnover-Aware Max Sharpe γ=0.10,IWM,3.433684503126638e-17
2018-05-01,Turnover-Aware Max Sharpe γ=0.10,LQD,0.26388994286145345
2018-05-01,Turnover-Aware Max Sharpe γ=0.10,QQQ,0.2999999999999996
2018-05-01,Turnover-Aware Max Sharpe γ=0.10,SPY,0.2514760790380095
2018-05-01,Turnover-Aware Max Sharpe γ=0.10,TLT,7.806235670191623e-16
2018-05-01,Turnover-Aware Max Sharpe γ=0.10,VNQ,3.489952385441309e-16
2018-05-01,Turnover-Aware Max Sharpe γ=0.25,EEM,1.3028337710686573e-15
2018-05-01,Turnover-Aware Max Sharpe γ=0.25,EFA,6.684599771182896e-16
2018-05-01,Turnover-Aware Max Sharpe γ=0.25,GLD,0.15860780545571104
2018-05-01,Turnover-Aware Max Sharpe γ=0.25,IEF,0.06847350425750938
2018-05-01,Turnover-Aware Max Sharpe γ=0.25,IWM,6.3907772885830455e-15
2018-05-01,Turnover-Aware Max Sharpe γ=0.25,LQD,0.09999999999999878
2018-05-01,Turnover-Aware Max Sharpe γ=0.25,QQQ,0.2999999999999987
2018-05-01,Turnover-Aware Max Sharpe γ=0.25,SPY,0.29999999999999494
2018-05-01,Turnover-Aware Max Sharpe γ=0.25,TLT,0.07291869028677786
2018-05-01,Turnover-Aware Max Sharpe γ=0.25,VNQ,9.107642777789531e-16
2018-06-01,Combined Robust Max Sharpe λ=0.50 γ=0.10,EEM,1.7731671811562256e-15
2018-06-01,Combined Robust Max Sharpe λ=0.50 γ=0.10,EFA,1.42952663344869e-15
2018-06-01,Combined Robust Max Sharpe λ=0.50 γ=0.10,GLD,0.0946515692983904
2018-06-01,Combined Robust Max Sharpe λ=0.50 γ=0.10,IEF,0.2999999999999947
2018-06-01,Combined Robust Max Sharpe λ=0.50 γ=0.10,IWM,0.010599315888536584
2018-06-01,Combined Robust Max Sharpe λ=0.50 γ=0.10,LQD,0.29999999999999677
2018-06-01,Combined Robust Max Sharpe λ=0.50 γ=0.10,QQQ,0.21619521377004491
2018-06-01,Combined Robust Max Sharpe λ=0.50 γ=0.10,SPY,0.07855390104302788
2018-06-01,Combined Robust Max Sharpe λ=0.50 γ=0.10,TLT,3.066494792454408e-15
2018-06-01,Combined Robust Max Sharpe λ=0.50 γ=0.10,VNQ,2.3203566204562814e-15
2018-06-01,Equal Weight,EEM,0.1
2018-06-01,Equal Weight,EFA,0.1
2018-06-01,Equal Weight,GLD,0.1
2018-06-01,Equal Weight,IEF,0.1
2018-06-01,Equal Weight,IWM,0.1
2018-06-01,Equal Weight,LQD,0.1
2018-06-01,Equal Weight,QQQ,0.1
2018-06-01,Equal Weight,SPY,0.1
2018-06-01,Equal Weight,TLT,0.1
2018-06-01,Equal Weight,VNQ,0.1
2018-06-01,Maximum Sharpe,EEM,2.0201909329934212e-16
2018-06-01,Maximum Sharpe,EFA,3.9380732100824295e-16
2018-06-01,Maximum Sharpe,GLD,0.1360192881576189
2018-06-01,Maximum Sharpe,IEF,0.0
2018-06-01,Maximum Sharpe,IWM,0.09921207274223644
2018-06-01,Maximum Sharpe,LQD,3.6491377529143584e-16
2018-06-01,Maximum Sharpe,QQQ,0.2999999999999999
2018-06-01,Maximum Sharpe,SPY,0.19152466285196817
2018-06-01,Maximum Sharpe,TLT,0.2732439762481756
2018-06-01,Maximum Sharpe,VNQ,0.0
2018-06-01,Minimum Variance,EEM,0.0
2018-06-01,Minimum Variance,EFA,0.0437529679692153
2018-06-01,Minimum Variance,GLD,0.10974911395475856
2018-06-01,Minimum Variance,IEF,0.30000000000000004
2018-06-01,Minimum Variance,IWM,0.030825552409006713
2018-06-01,Minimum Variance,LQD,0.3
2018-06-01,Minimum Variance,QQQ,7.95709194732545e-18
2018-06-01,Minimum Variance,SPY,0.17764076637523907
2018-06-01,Minimum Variance,TLT,0.03803159929178047
2018-06-01,Minimum Variance,VNQ,2.9560705406284994e-17
2018-06-01,SPY,EEM,0.0
2018-06-01,SPY,EFA,0.0
2018-06-01,SPY,GLD,0.0
2018-06-01,SPY,IEF,0.0
2018-06-01,SPY,IWM,0.0
2018-06-01,SPY,LQD,0.0
2018-06-01,SPY,QQQ,0.0
2018-06-01,SPY,SPY,1.0
2018-06-01,SPY,TLT,0.0
2018-06-01,SPY,VNQ,0.0
2018-06-01,Shrunk Max Sharpe λ=0.25,EEM,0.0
2018-06-01,Shrunk Max Sharpe λ=0.25,EFA,0.0
2018-06-01,Shrunk Max Sharpe λ=0.25,GLD,0.12640331665096127
2018-06-01,Shrunk Max Sharpe λ=0.25,IEF,0.0
2018-06-01,Shrunk Max Sharpe λ=0.25,IWM,0.0815569409924576
2018-06-01,Shrunk Max Sharpe λ=0.25,LQD,0.3000000000000004
2018-06-01,Shrunk Max Sharpe λ=0.25,QQQ,0.3000000000000004
2018-06-01,Shrunk Max Sharpe λ=0.25,SPY,0.05119991098904788
2018-06-01,Shrunk Max Sharpe λ=0.25,TLT,0.1408398313675325
2018-06-01,Shrunk Max Sharpe λ=0.25,VNQ,0.0
2018-06-01,Shrunk Max Sharpe λ=0.50,EEM,1.386898135306579e-19
2018-06-01,Shrunk Max Sharpe λ=0.50,EFA,0.0
2018-06-01,Shrunk Max Sharpe λ=0.50,GLD,0.09783398625569051
2018-06-01,Shrunk Max Sharpe λ=0.50,IEF,0.3
2018-06-01,Shrunk Max Sharpe λ=0.50,IWM,0.06251293555205403
2018-06-01,Shrunk Max Sharpe λ=0.50,LQD,0.29999999999999993
2018-06-01,Shrunk Max Sharpe λ=0.50,QQQ,0.23509324059721645
2018-06-01,Shrunk Max Sharpe λ=0.50,SPY,0.004559837595039023
2018-06-01,Shrunk Max Sharpe λ=0.50,TLT,0.0
2018-06-01,Shrunk Max Sharpe λ=0.50,VNQ,2.2031334665383337e-16
2018-06-01,Shrunk Max Sharpe λ=0.75,EEM,0.0
2018-06-01,Shrunk Max Sharpe λ=0.75,EFA,7.256409953102916e-17
2018-06-01,Shrunk Max Sharpe λ=0.75,GLD,0.10146139342083108
2018-06-01,Shrunk Max Sharpe λ=0.75,IEF,0.2999999999999995
2018-06-01,Shrunk Max Sharpe λ=0.75,IWM,0.03566150529590587
2018-06-01,Shrunk Max Sharpe λ=0.75,LQD,0.2999999999999996
2018-06-01,Shrunk Max Sharpe λ=0.75,QQQ,0.006322067514335643
2018-06-01,Shrunk Max Sharpe λ=0.75,SPY,0.23669468686956371
2018-06-01,Shrunk Max Sharpe λ=0.75,TLT,0.019860346899364324
2018-06-01,Shrunk Max Sharpe λ=0.75,VNQ,1.3580969369902784e-16
2018-06-01,Turnover-Aware Max Sharpe γ=0.05,EEM,5.069262933515362e-16
2018-06-01,Turnover-Aware Max Sharpe γ=0.05,EFA,1.3327301047135437e-16
2018-06-01,Turnover-Aware Max Sharpe γ=0.05,GLD,0.14523846118019929
2018-06-01,Turnover-Aware Max Sharpe γ=0.05,IEF,5.205275192140574e-17
2018-06-01,Turnover-Aware Max Sharpe γ=0.05,IWM,0.034881170097710176
2018-06-01,Turnover-Aware Max Sharpe γ=0.05,LQD,0.07849011287740684
2018-06-01,Turnover-Aware Max Sharpe γ=0.05,QQQ,0.2999999999999997
2018-06-01,Turnover-Aware Max Sharpe γ=0.05,SPY,0.23550822726517798
2018-06-01,Turnover-Aware Max Sharpe γ=0.05,TLT,0.20588202857950516
2018-06-01,Turnover-Aware Max Sharpe γ=0.05,VNQ,2.0421621969109805e-16
2018-06-01,Turnover-Aware Max Sharpe γ=0.10,EEM,5.966882822492969e-16
2018-06-01,Turnover-Aware Max Sharpe γ=0.10,EFA,1.2805918707658056e-16
2018-06-01,Turnover-Aware Max Sharpe γ=0.10,GLD,0.13927932829257675
2018-06-01,Turnover-Aware Max Sharpe γ=0.10,IEF,0.0
2018-06-01,Turnover-Aware Max Sharpe γ=0.10,IWM,1.6718103735863134e-16
2018-06-01,Turnover-Aware Max Sharpe γ=0.10,LQD,0.2638899428614482
2018-06-01,Turnover-Aware Max Sharpe γ=0.10,QQQ,0.29999999999999966
2018-06-01,Turnover-Aware Max Sharpe γ=0.10,SPY,0.20688241400230142
2018-06-01,Turnover-Aware Max Sharpe γ=0.10,TLT,0.08994831484367308
2018-06-01,Turnover-Aware Max Sharpe γ=0.10,VNQ,1.489923257316897e-17
2018-06-01,Turnover-Aware Max Sharpe γ=0.25,EEM,0.0
2018-06-01,Turnover-Aware Max Sharpe γ=0.25,EFA,0.0
2018-06-01,Turnover-Aware Max Sharpe γ=0.25,GLD,0.15860780545571163
2018-06-01,Turnover-Aware Max Sharpe γ=0.25,IEF,0.03405569534123769
2018-06-01,Turnover-Aware Max Sharpe γ=0.25,IWM,6.558069207487454e-15
2018-06-01,Turnover-Aware Max Sharpe γ=0.25,LQD,0.09999999999999912
2018-06-01,Turnover-Aware Max Sharpe γ=0.25,QQQ,0.2999999999999994
2018-06-01,Turnover-Aware Max Sharpe γ=0.25,SPY,0.29999999999999516
2018-06-01,Turnover-Aware Max Sharpe γ=0.25,TLT,0.10733649920305054
2018-06-01,Turnover-Aware Max Sharpe γ=0.25,VNQ,0.0
2018-08-01,Combined Robust Max Sharpe λ=0.50 γ=0.10,EEM,6.862277478040661e-17
2018-08-01,Combined Robust Max Sharpe λ=0.50 γ=0.10,EFA,1.0678113703252965e-16
2018-08-01,Combined Robust Max Sharpe λ=0.50 γ=0.10,GLD,0.09978298762045523
2018-08-01,Combined Robust Max Sharpe λ=0.50 γ=0.10,IEF,0.299999999999999
2018-08-01,Combined Robust Max Sharpe λ=0.50 γ=0.10,IWM,0.028127223856225004
2018-08-01,Combined Robust Max Sharpe λ=0.50 γ=0.10,LQD,0.2999999999999994
2018-08-01,Combined Robust Max Sharpe λ=0.50 γ=0.10,QQQ,0.16260551930261474
2018-08-01,Combined Robust Max Sharpe λ=0.50 γ=0.10,SPY,0.10948426922070242
2018-08-01,Combined Robust Max Sharpe λ=0.50 γ=0.10,TLT,3.791657171264522e-15
2018-08-01,Combined Robust Max Sharpe λ=0.50 γ=0.10,VNQ,1.6592887067814967e-16
2018-08-01,Equal Weight,EEM,0.1
2018-08-01,Equal Weight,EFA,0.1
2018-08-01,Equal Weight,GLD,0.1
2018-08-01,Equal Weight,IEF,0.1
2018-08-01,Equal Weight,IWM,0.1
2018-08-01,Equal Weight,LQD,0.1
2018-08-01,Equal Weight,QQQ,0.1
2018-08-01,Equal Weight,SPY,0.1
2018-08-01,Equal Weight,TLT,0.1
2018-08-01,Equal Weight,VNQ,0.1
2018-08-01,Maximum Sharpe,EEM,0.0
2018-08-01,Maximum Sharpe,EFA,0.0
2018-08-01,Maximum Sharpe,GLD,0.14542119521231747
2018-08-01,Maximum Sharpe,IEF,0.0
2018-08-01,Maximum Sharpe,IWM,0.011248286199025492
2018-08-01,Maximum Sharpe,LQD,0.30000000000000027
2018-08-01,Maximum Sharpe,QQQ,0.30000000000000027
2018-08-01,Maximum Sharpe,SPY,0.1792556010492045
2018-08-01,Maximum Sharpe,TLT,0.06407491753945195
2018-08-01,Maximum Sharpe,VNQ,0.0
2018-08-01,Minimum Variance,EEM,6.980963902848702e-18
2018-08-01,Minimum Variance,EFA,0.03763049372692602
2018-08-01,Minimum Variance,GLD,0.10047284715275219
2018-08-01,Minimum Variance,IEF,0.3
2018-08-01,Minimum Variance,IWM,0.030134012446637413
2018-08-01,Minimum Variance,LQD,0.30000000000000004
2018-08-01,Minimum Variance,QQQ,1.4790920327923835e-18
2018-08-01,Minimum Variance,SPY,0.18025377699828282
2018-08-01,Minimum Variance,TLT,0.051508869675401595
2018-08-01,Minimum Variance,VNQ,2.303582172209028e-17
2018-08-01,SPY,EEM,0.0
2018-08-01,SPY,EFA,0.0
2018-08-01,SPY,GLD,0.0
2018-08-01,SPY,IEF,0.0
2018-08-01,SPY,IWM,0.0
2018-08-01,SPY,LQD,0.0
2018-08-01,SPY,QQQ,0.0
2018-08-01,SPY,SPY,1.0
2018-08-01,SPY,TLT,0.0
2018-08-01,SPY,VNQ,0.0
2018-08-01,Shrunk Max Sharpe λ=0.25,EEM,4.566248924079887e-18
2018-08-01,Shrunk Max Sharpe λ=0.25,EFA,1.8576582287011763e-16
2018-08-01,Shrunk Max Sharpe λ=0.25,GLD,0.15222822371506778
2018-08-01,Shrunk Max Sharpe λ=0.25,IEF,1.5186110787261085e-16
2018-08-01,Shrunk Max Sharpe λ=0.25,IWM,0.025183224296966185
2018-08-01,Shrunk Max Sharpe λ=0.25,LQD,0.2999999999999991
2018-08-01,Shrunk Max Sharpe λ=0.25,QQQ,0.29999999999999954
2018-08-01,Shrunk Max Sharpe λ=0.25,SPY,0.11379465422302718
2018-08-01,Shrunk Max Sharpe λ=0.25,TLT,0.10879389776493967
2018-08-01,Shrunk Max Sharpe λ=0.25,VNQ,2.572763659622571e-16
2018-08-01,Shrunk Max Sharpe λ=0.50,EEM,1.4351331280362278e-16
2018-08-01,Shrunk Max Sharpe λ=0.50,EFA,0.0
2018-08-01,Shrunk Max Sharpe λ=0.50,GLD,0.09655288151921095
2018-08-01,Shrunk Max Sharpe λ=0.50,IEF,0.2999999999999997
2018-08-01,Shrunk Max Sharpe λ=0.50,IWM,0.022642622734856184
2018-08-01,Shrunk Max Sharpe λ=0.50,LQD,0.29999999999999993
2018-08-01,Shrunk Max Sharpe λ=0.50,QQQ,0.0940294362775102
2018-08-01,Shrunk Max Sharpe λ=0.50,SPY,0.1867750594684226
2018-08-01,Shrunk Max Sharpe λ=0.50,TLT,1.5386660825542187e-16
2018-08-01,Shrunk Max Sharpe λ=0.50,VNQ,7.013625794945502e-17
2018-08-01,Shrunk Max Sharpe λ=0.75,EEM,0.0
2018-08-01,Shrunk Max Sharpe λ=0.75,EFA,0.0
2018-08-01,Shrunk Max Sharpe λ=0.75,GLD,0.09970347935876463
2018-08-01,Shrunk Max Sharpe λ=0.75,IEF,0.29999999999999993
2018-08-01,Shrunk Max Sharpe λ=0.75,IWM,0.023879738666822033
2018-08-01,Shrunk Max Sharpe λ=0.75,LQD,0.3
2018-08-01,Shrunk Max Sharpe λ=0.75,QQQ,4.3482804514608764e-16
2018-08-01,Shrunk Max Sharpe λ=0.75,SPY,0.250239033594585
2018-08-01,Shrunk Max Sharpe λ=0.75,TLT,0.026177748379827868
2018-08-01,Shrunk Max Sharpe λ=0.75,VNQ,1.6224974804009475e-16
2018-08-01,Turnover-Aware Max Sharpe γ=0.05,EEM,0.0
2018-08-01,Turnover-Aware Max Sharpe γ=0.05,EFA,0.0
2018-08-01,Turnover-Aware Max Sharpe γ=0.05,GLD,0.1483480743836747
2018-08-01,Turnover-Aware Max Sharpe γ=0.05,IEF,0.0
2018-08-01,Turnover-Aware Max Sharpe γ=0.05,IWM,0.03488117009771034
2018-08-01,Turnover-Aware Max Sharpe γ=0.05,LQD,0.09707305895082166
2018-08-01,Turnover-Aware Max Sharpe γ=0.05,QQQ,0.29999999999999966
2018-08-01,Turnover-Aware Max Sharpe γ=0.05,SPY,0.2355082272651781
2018-08-01,Turnover-Aware Max Sharpe γ=0.05,TLT,0.1841894693026155
2018-08-01,Turnover-Aware Max Sharpe γ=0.05,VNQ,0.0
2018-08-01,Turnover-Aware Max Sharpe γ=0.10,EEM,1.3126777182643795e-15
2018-08-01,Turnover-Aware Max Sharpe γ=0.10,EFA,5.926784739081407e-16
2018-08-01,Turnover-Aware Max Sharpe γ=0.10,GLD,0.13927932829257614
2018-08-01,Turnover-Aware Max Sharpe γ=0.10,IEF,2.699040289102458e-16
2018-08-01,Turnover-Aware Max Sharpe γ=0.10,IWM,8.853019348542702e-16
2018-08-01,Turnover-Aware Max Sharpe γ=0.10,LQD,0.2638899428614471
2018-08-01,Turnover-Aware Max Sharpe γ=0.10,QQQ,0.2999999999999988
2018-08-01,Turnover-Aware Max Sharpe γ=0.10,SPY,0.20688241400230095
2018-08-01,Turnover-Aware Max Sharpe γ=0.10,TLT,0.08994831484367341
2018-08-01,Turnover-Aware Max Sharpe γ=0.10,VNQ,5.478396448938516e-16
2018-08-01,Turnover-Aware Max Sharpe γ=0.25,EEM,2.967400491468092e-16
2018-08-01,Turnover-Aware Max Sharpe γ=0.25,EFA,1.2096928313568754e-16
2018-08-01,Turnover-Aware Max Sharpe γ=0.25,GLD,0.15860780545571207
2018-08-01,Turnover-Aware Max Sharpe γ=0.25,IEF,0.034055695341235655
2018-08-01,Turnover-Aware Max Sharpe γ=0.25,IWM,6.721094812679697e-15
2018-08-01,Turnover-Aware Max Sharpe γ=0.25,LQD,0.09999999999999949
2018-08-01,Turnover-Aware Max Sharpe γ=0.25,QQQ,0.3
2018-08-01,Turnover-Aware Max Sharpe γ=0.25,SPY,0.29999999999999494
2018-08-01,Turnover-Aware Max Sharpe γ=0.25,TLT,0.1073364992030507
2018-08-01,Turnover-Aware Max Sharpe γ=0.25,VNQ,0.0
2018-10-01,Combined Robust Max Sharpe λ=0.50 γ=0.10,EEM,0.0
2018-10-01,Combined Robust Max Sharpe λ=0.50 γ=0.10,EFA,0.0
2018-10-01,Combined Robust Max Sharpe λ=0.50 γ=0.10,GLD,0.0673664101620518
2018-10-01,Combined Robust Max Sharpe λ=0.50 γ=0.10,IEF,0.3
2018-10-01,Combined Robust Max Sharpe λ=0.50 γ=0.10,IWM,0.028127223856227943
2018-10-01,Combined Robust Max Sharpe λ=0.50 γ=0.10,LQD,0.3
2018-10-01,Combined Robust Max Sharpe λ=0.50 γ=0.10,QQQ,0.07931772587735361
2018-10-01,Combined Robust Max Sharpe λ=0.50 γ=0.10,SPY,0.2251886401043668
2018-10-01,Combined Robust Max Sharpe λ=0.50 γ=0.10,TLT,0.0
2018-10-01,Combined Robust Max Sharpe λ=0.50 γ=0.10,VNQ,0.0
2018-10-01,Equal Weight,EEM,0.1
2018-10-01,Equal Weight,EFA,0.1
2018-10-01,Equal Weight,GLD,0.1
2018-10-01,Equal Weight,IEF,0.1
2018-10-01,Equal Weight,IWM,0.1
2018-10-01,Equal Weight,LQD,0.1
2018-10-01,Equal Weight,QQQ,0.1
2018-10-01,Equal Weight,SPY,0.1
2018-10-01,Equal Weight,TLT,0.1
2018-10-01,Equal Weight,VNQ,0.1
2018-10-01,Maximum Sharpe,EEM,0.0
2018-10-01,Maximum Sharpe,EFA,4.8961004832812273e-17
2018-10-01,Maximum Sharpe,GLD,0.08486050993840641
2018-10-01,Maximum Sharpe,IEF,2.554622180016853e-17
2018-10-01,Maximum Sharpe,IWM,0.005203811666172369
2018-10-01,Maximum Sharpe,LQD,0.2569660378081112
2018-10-01,Maximum Sharpe,QQQ,0.29999999999999993
2018-10-01,Maximum Sharpe,SPY,0.29999999999999977
2018-10-01,Maximum Sharpe,TLT,0.05296964058731032
2018-10-01,Maximum Sharpe,VNQ,0.0
2018-10-01,Minimum Variance,EEM,0.0
2018-10-01,Minimum Variance,EFA,0.011056537859857182
2018-10-01,Minimum Variance,GLD,0.09703740662751364
2018-10-01,Minimum Variance,IEF,0.3
2018-10-01,Minimum Variance,IWM,0.016526138123536146
2018-10-01,Minimum Variance,LQD,0.3
2018-10-01,Minimum Variance,QQQ,0.0
2018-10-01,Minimum Variance,SPY,0.23582141155377714
2018-10-01,Minimum Variance,TLT,0.0395585058353159
2018-10-01,Minimum Variance,VNQ,1.5848687365846137e-18
2018-10-01,SPY,EEM,0.0
2018-10-01,SPY,EFA,0.0
2018-10-01,SPY,GLD,0.0
2018-10-01,SPY,IEF,0.0
2018-10-01,SPY,IWM,0.0
2018-10-01,SPY,LQD,0.0
2018-10-01,SPY,QQQ,0.0
2018-10-01,SPY,SPY,1.0
2018-10-01,SPY,TLT,0.0
2018-10-01,SPY,VNQ,0.0
2018-10-01,Shrunk Max Sharpe λ=0.25,EEM,5.663626232716634e-16
2018-10-01,Shrunk Max Sharpe λ=0.25,EFA,0.0
2018-10-01,Shrunk Max Sharpe λ=0.25,GLD,0.08928285730696377
2018-10-01,Shrunk Max Sharpe λ=0.25,IEF,0.07214229349176317
2018-10-01,Shrunk Max Sharpe λ=0.25,IWM,2.603218084076929e-16
2018-10-01,Shrunk Max Sharpe λ=0.25,LQD,0.29999999999999954
2018-10-01,Shrunk Max Sharpe λ=0.25,QQQ,0.23556151720793994
2018-10-01,Shrunk Max Sharpe λ=0.25,SPY,0.25926988819503466
2018-10-01,Shrunk Max Sharpe λ=0.25,TLT,0.04374344379829808
2018-10-01,Shrunk Max Sharpe λ=0.25,VNQ,7.396105858408111e-17
2018-10-01,Shrunk Max Sharpe λ=0.50,EEM,0.0
2018-10-01,Shrunk Max Sharpe λ=0.50,EFA,0.0
2018-10-01,Shrunk Max Sharpe λ=0.50,GLD,0.05983502086891549
2018-10-01,Shrunk Max Sharpe λ=0.50,IEF,0.29999999999999954
2018-10-01,Shrunk Max Sharpe λ=0.50,IWM,0.0016465654124432998
2018-10-01,Shrunk Max Sharpe λ=0.50,LQD,0.29999999999999954
2018-10-01,Shrunk Max Sharpe λ=0.50,QQQ,0.03851841371864267
2018-10-01,Shrunk Max Sharpe λ=0.50,SPY,0.29999999999999954
2018-10-01,Shrunk Max Sharpe λ=0.50,TLT,0.0
2018-10-01,Shrunk Max Sharpe λ=0.50,VNQ,0.0
2018-10-01,Shrunk Max Sharpe λ=0.75,EEM,0.0
2018-10-01,Shrunk Max Sharpe λ=0.75,EFA,2.8008937601022005e-16
2018-10-01,Shrunk Max Sharpe λ=0.75,GLD,0.0868822442737536
2018-10-01,Shrunk Max Sharpe λ=0.75,IEF,0.29999999999999943
2018-10-01,Shrunk Max Sharpe λ=0.75,IWM,0.005132189383779433
2018-10-01,Shrunk Max Sharpe λ=0.75,LQD,0.2999999999999981
2018-10-01,Shrunk Max Sharpe λ=0.75,QQQ,9.10997866129948e-16
2018-10-01,Shrunk Max Sharpe λ=0.75,SPY,0.29483068824250297
2018-10-01,Shrunk Max Sharpe λ=0.75,TLT,0.013154878099964792
2018-10-01,Shrunk Max Sharpe λ=0.75,VNQ,4.943158674191115e-16
2018-10-01,Turnover-Aware Max Sharpe γ=0.05,EEM,0.0
2018-10-01,Turnover-Aware Max Sharpe γ=0.05,EFA,0.0
2018-10-01,Turnover-Aware Max Sharpe γ=0.05,GLD,0.10278266534754996
2018-10-01,Turnover-Aware Max Sharpe γ=0.05,IEF,1.3554386171044443e-16
2018-10-01,Turnover-Aware Max Sharpe γ=0.05,IWM,0.037837629137807936
2018-10-01,Turnover-Aware Max Sharpe γ=0.05,LQD,0.1318920695261881
2018-10-01,Turnover-Aware Max Sharpe γ=0.05,QQQ,0.30000000000000004
2018-10-01,Turnover-Aware Max Sharpe γ=0.05,SPY,0.30000000000000004
2018-10-01,Turnover-Aware Max Sharpe γ=0.05,TLT,0.12748763598845383
2018-10-01,Turnover-Aware Max Sharpe γ=0.05,VNQ,0.0
2018-10-01,Turnover-Aware Max Sharpe γ=0.10,EEM,4.736481492567278e-17
2018-10-01,Turnover-Aware Max Sharpe γ=0.10,EFA,0.0
2018-10-01,Turnover-Aware Max Sharpe γ=0.10,GLD,0.08816743731022884
2018-10-01,Turnover-Aware Max Sharpe γ=0.10,IEF,0.0
2018-10-01,Turnover-Aware Max Sharpe γ=0.10,IWM,9.56837381141322e-16
2018-10-01,Turnover-Aware Max Sharpe γ=0.10,LQD,0.26388994286144596
2018-10-01,Turnover-Aware Max Sharpe γ=0.10,QQQ,0.2999999999999995
2018-10-01,Turnover-Aware Max Sharpe γ=0.10,SPY,0.2932525252266333
2018-10-01,Turnover-Aware Max Sharpe γ=0.10,TLT,0.05469009460169141
2018-10-01,Turnover-Aware Max Sharpe γ=0.10,VNQ,0.0
2018-10-01,Turnover-Aware Max Sharpe γ=0.25,EEM,0.0
2018-10-01,Turnover-Aware Max Sharpe γ=0.25,EFA,2.939101943214077e-16
2018-10-01,Turnover-Aware Max Sharpe γ=0.25,GLD,0.14426162430314557
2018-10-01,Turnover-Aware Max Sharpe γ=0.25,IEF,0.027276681415094556
2018-10-01,Turnover-Aware Max Sharpe γ=0.25,IWM,0.021125195078709712
2018-10-01,Turnover-Aware Max Sharpe γ=0.25,LQD,0.09999999999999959
2018-10-01,Turnover-Aware Max Sharpe γ=0.25,QQQ,0.29999999999999954
2018-10-01,Turnover-Aware Max Sharpe γ=0.25,SPY,0.2999999999999996
2018-10-01,Turnover-Aware Max Sharpe γ=0.25,TLT,0.10733649920305095
2018-10-01,Turnover-Aware Max Sharpe γ=0.25,VNQ,0.0
2018-11-01,Combined Robust Max Sharpe λ=0.50 γ=0.10,EEM,5.140702361717374e-16
2018-11-01,Combined Robust Max Sharpe λ=0.50 γ=0.10,EFA,7.096960133273102e-16
2018-11-01,Combined Robust Max Sharpe λ=0.50 γ=0.10,GLD,0.06736641016205241
2018-11-01,Combined Robust Max Sharpe λ=0.50 γ=0.10,IEF,0.29999999999999827
2018-11-01,Combined Robust Max Sharpe λ=0.50 γ=0.10,IWM,0.028127223856227856
2018-11-01,Combined Robust Max Sharpe λ=0.50 γ=0.10,LQD,0.29999999999999954
2018-11-01,Combined Robust Max Sharpe λ=0.50 γ=0.10,QQQ,0.0793177258773538
2018-11-01,Combined Robust Max Sharpe λ=0.50 γ=0.10,SPY,0.22518864010436535
2018-11-01,Combined Robust Max Sharpe λ=0.50 γ=0.10,TLT,1.299194480134344e-15
2018-11-01,Combined Robust Max Sharpe λ=0.50 γ=0.10,VNQ,1.8728035441772416e-16
2018-11-01,Equal Weight,EEM,0.1
2018-11-01,Equal Weight,EFA,0.1
2018-11-01,Equal Weight,GLD,0.1
2018-11-01,Equal Weight,IEF,0.1
2018-11-01,Equal Weight,IWM,0.1
2018-11-01,Equal Weight,LQD,0.1
2018-11-01,Equal Weight,QQQ,0.1
2018-11-01,Equal Weight,SPY,0.1
2018-11-01,Equal Weight,TLT,0.1
2018-11-01,Equal Weight,VNQ,0.1
2018-11-01,Maximum Sharpe,EEM,2.852445001605162e-16
2018-11-01,Maximum Sharpe,EFA,5.085194186069388e-16
2018-11-01,Maximum Sharpe,GLD,0.1571370562970564
2018-11-01,Maximum Sharpe,IEF,0.0
2018-11-01,Maximum Sharpe,IWM,0.0070867446427876485
2018-11-01,Maximum Sharpe,LQD,0.23577619906015523
2018-11-01,Maximum Sharpe,QQQ,0.2999999999999998
2018-11-01,Maximum Sharpe,SPY,0.2999999999999999
2018-11-01,Maximum Sharpe,TLT,2.1536043185190066e-16
2018-11-01,Maximum Sharpe,VNQ,9.184458540093671e-18
2018-11-01,Minimum Variance,EEM,3.597030484876708e-18
2018-11-01,Minimum Variance,EFA,0.023288301984270104
2018-11-01,Minimum Variance,GLD,0.10634341736406465
2018-11-01,Minimum Variance,IEF,0.29999999999999993
2018-11-01,Minimum Variance,IWM,0.01776464915237543
2018-11-01,Minimum Variance,LQD,0.29999999999999993
2018-11-01,Minimum Variance,QQQ,2.7980228381895897e-17
2018-11-01,Minimum Variance,SPY,0.21389086802421803
2018-11-01,Minimum Variance,TLT,0.03871276347507175
2018-11-01,Minimum Variance,VNQ,5.301477537252156e-17
2018-11-01,SPY,EEM,0.0
2018-11-01,SPY,EFA,0.0
2018-11-01,SPY,GLD,0.0
2018-11-01,SPY,IEF,0.0
2018-11-01,SPY,IWM,0.0
2018-11-01,SPY,LQD,0.0
2018-11-01,SPY,QQQ,0.0
2018-11-01,SPY,SPY,1.0
2018-11-01,SPY,TLT,0.0
2018-11-01,SPY,VNQ,0.0
2018-11-01,Shrunk Max Sharpe λ=0.25,EEM,0.0
2018-11-01,Shrunk Max Sharpe λ=0.25,EFA,0.0
2018-11-01,Shrunk Max Sharpe λ=0.25,GLD,0.15885915943606033
2018-11-01,Shrunk Max Sharpe λ=0.25,IEF,9.267809532384582e-17
2018-11-01,Shrunk Max Sharpe λ=0.25,IWM,0.0
2018-11-01,Shrunk Max Sharpe λ=0.25,LQD,0.3000000000000016
2018-11-01,Shrunk Max Sharpe λ=0.25,QQQ,0.3000000000000016
2018-11-01,Shrunk Max Sharpe λ=0.25,SPY,0.2411408405639363
2018-11-01,Shrunk Max Sharpe λ=0.25,TLT,0.0
2018-11-01,Shrunk Max Sharpe λ=0.25,VNQ,0.0
2018-11-01,Shrunk Max Sharpe λ=0.50,EEM,0.0
2018-11-01,Shrunk Max Sharpe λ=0.50,EFA,0.0
2018-11-01,Shrunk Max Sharpe λ=0.50,GLD,0.06220580057741031
2018-11-01,Shrunk Max Sharpe λ=0.50,IEF,0.3000000000000113
2018-11-01,Shrunk Max Sharpe λ=0.50,IWM,0.0
2018-11-01,Shrunk Max Sharpe λ=0.50,LQD,0.3000000000000113
2018-11-01,Shrunk Max Sharpe λ=0.50,QQQ,0.06756147231694086
2018-11-01,Shrunk Max Sharpe λ=0.50,SPY,0.2702327271056261
2018-11-01,Shrunk Max Sharpe λ=0.50,TLT,0.0
2018-11-01,Shrunk Max Sharpe λ=0.50,VNQ,0.0
2018-11-01,Shrunk Max Sharpe λ=0.75,EEM,3.232232872631722e-16
2018-11-01,Shrunk Max Sharpe λ=0.75,EFA,3.023277914403002e-16
2018-11-01,Shrunk Max Sharpe λ=0.75,GLD,0.10252813988769732
2018-11-01,Shrunk Max Sharpe λ=0.75,IEF,0.29999999999999927
2018-11-01,Shrunk Max Sharpe λ=0.75,IWM,1.5047104676607553e-16
2018-11-01,Shrunk Max Sharpe λ=0.75,LQD,0.29999999999999905
2018-11-01,Shrunk Max Sharpe λ=0.75,QQQ,1.705804312937261e-16
2018-11-01,Shrunk Max Sharpe λ=0.75,SPY,0.2974718601123024
2018-11-01,Shrunk Max Sharpe λ=0.75,TLT,7.236334798157315e-16
2018-11-01,Shrunk Max Sharpe λ=0.75,VNQ,3.314791222379306e-16
2018-11-01,Turnover-Aware Max Sharpe γ=0.05,EEM,0.0
2018-11-01,Turnover-Aware Max Sharpe γ=0.05,EFA,0.0
2018-11-01,Turnover-Aware Max Sharpe γ=0.05,GLD,0.16264387042695824
2018-11-01,Turnover-Aware Max Sharpe γ=0.05,IEF,0.0
2018-11-01,Turnover-Aware Max Sharpe γ=0.05,IWM,0.037837629137807735
2018-11-01,Turnover-Aware Max Sharpe γ=0.05,LQD,0.16715070656985617
2018-11-01,Turnover-Aware Max Sharpe γ=0.05,QQQ,0.2999999999999999
2018-11-01,Turnover-Aware Max Sharpe γ=0.05,SPY,0.2999999999999999
2018-11-01,Turnover-Aware Max Sharpe γ=0.05,TLT,0.032367793865377914
2018-11-01,Turnover-Aware Max Sharpe γ=0.05,VNQ,1.707888099704891e-16
2018-11-01,Turnover-Aware Max Sharpe γ=0.10,EEM,2.5205645543909286e-17
2018-11-01,Turnover-Aware Max Sharpe γ=0.10,EFA,0.0
2018-11-01,Turnover-Aware Max Sharpe γ=0.10,GLD,0.12709874480990746
2018-11-01,Turnover-Aware Max Sharpe γ=0.10,IEF,8.5832184753384e-17
2018-11-01,Turnover-Aware Max Sharpe γ=0.10,IWM,7.097869490339814e-16
2018-11-01,Turnover-Aware Max Sharpe γ=0.10,LQD,0.2638899428614466
2018-11-01,Turnover-Aware Max Sharpe γ=0.10,QQQ,0.29999999999999977
2018-11-01,Turnover-Aware Max Sharpe γ=0.10,SPY,0.3
2018-11-01,Turnover-Aware Max Sharpe γ=0.10,TLT,0.009011312328645346
2018-11-01,Turnover-Aware Max Sharpe γ=0.10,VNQ,0.0
2018-11-01,Turnover-Aware Max Sharpe γ=0.25,EEM,0.0
2018-11-01,Turnover-Aware Max Sharpe γ=0.25,EFA,1.7389664471900515e-16
2018-11-01,Turnover-Aware Max Sharpe γ=0.25,GLD,0.1442616243031454
2018-11-01,Turnover-Aware Max Sharpe γ=0.25,IEF,0.02727668141509462
2018-11-01,Turnover-Aware Max Sharpe γ=0.25,IWM,0.021125195078709375
2018-11-01,Turnover-Aware Max Sharpe γ=0.25,LQD,0.0999999999999999
2018-11-01,Turnover-Aware Max Sharpe γ=0.25,QQQ,0.2999999999999998
2018-11-01,Turnover-Aware Max Sharpe γ=0.25,SPY,0.29999999999999954
2018-11-01,Turnover-Aware Max Sharpe γ=0.25,TLT,0.10733649920305117
2018-11-01,Turnover-Aware Max Sharpe γ=0.25,VNQ,0.0
2019-02-01,Combined Robust Max Sharpe λ=0.50 γ=0.10,EEM,0.0
2019-02-01,Combined Robust Max Sharpe λ=0.50 γ=0.10,EFA,0.0
2019-02-01,Combined Robust Max Sharpe λ=0.50 γ=0.10,GLD,0.11579128247197701
2019-02-01,Combined Robust Max Sharpe λ=0.50 γ=0.10,IEF,0.2999999999999962
2019-02-01,Combined Robust Max Sharpe λ=0.50 γ=0.10,IWM,0.038378133754885746
2019-02-01,Combined Robust Max Sharpe λ=0.50 γ=0.10,LQD,0.2999999999999962
2019-02-01,Combined Robust Max Sharpe λ=0.50 γ=0.10,QQQ,0.0
2019-02-01,Combined Robust Max Sharpe λ=0.50 γ=0.10,SPY,0.2458305837731448
2019-02-01,Combined Robust Max Sharpe λ=0.50 γ=0.10,TLT,0.0
2019-02-01,Combined Robust Max Sharpe λ=0.50 γ=0.10,VNQ,0.0
2019-02-01,Equal Weight,EEM,0.1
2019-02-01,Equal Weight,EFA,0.1
2019-02-01,Equal Weight,GLD,0.1
2019-02-01,Equal Weight,IEF,0.1
2019-02-01,Equal Weight,IWM,0.1
2019-02-01,Equal Weight,LQD,0.1
2019-02-01,Equal Weight,QQQ,0.1
2019-02-01,Equal Weight,SPY,0.1
2019-02-01,Equal Weight,TLT,0.1
2019-02-01,Equal Weight,VNQ,0.1
2019-02-01,Maximum Sharpe,EEM,0.0
2019-02-01,Maximum Sharpe,EFA,0.0
2019-02-01,Maximum Sharpe,GLD,0.23148448889836504
2019-02-01,Maximum Sharpe,IEF,0.0
2019-02-01,Maximum Sharpe,IWM,0.07335575617981004
2019-02-01,Maximum Sharpe,LQD,0.30000000000000043
2019-02-01,Maximum Sharpe,QQQ,0.22516806736400446
2019-02-01,Maximum Sharpe,SPY,0.16999168755781996
2019-02-01,Maximum Sharpe,TLT,0.0
2019-02-01,Maximum Sharpe,VNQ,3.593405579654799e-17
2019-02-01,Minimum Variance,EEM,0.0
2019-02-01,Minimum Variance,EFA,0.051326880890255264
2019-02-01,Minimum Variance,GLD,0.10473813258967492
2019-02-01,Minimum Variance,IEF,0.29999999999999993
2019-02-01,Minimum Variance,IWM,0.027551652970808353
2019-02-01,Minimum Variance,LQD,0.29999999999999993
2019-02-01,Minimum Variance,QQQ,0.0
2019-02-01,Minimum Variance,SPY,0.16023284230639792
2019-02-01,Minimum Variance,TLT,0.05615049124286363
2019-02-01,Minimum Variance,VNQ,0.0
2019-02-01,SPY,EEM,0.0
2019-02-01,SPY,EFA,0.0
2019-02-01,SPY,GLD,0.0
2019-02-01,SPY,IEF,0.0
2019-02-01,SPY,IWM,0.0
2019-02-01,SPY,LQD,0.0
2019-02-01,SPY,QQQ,0.0
2019-02-01,SPY,SPY,1.0
2019-02-01,SPY,TLT,0.0
2019-02-01,SPY,VNQ,0.0
2019-02-01,Shrunk Max Sharpe λ=0.25,EEM,9.126340391697228e-17
2019-02-01,Shrunk Max Sharpe λ=0.25,EFA,0.0
2019-02-01,Shrunk Max Sharpe λ=0.25,GLD,0.14223648138110262
2019-02-01,Shrunk Max Sharpe λ=0.25,IEF,0.21014910252554828
2019-02-01,Shrunk Max Sharpe λ=0.25,IWM,0.04967744117467095
2019-02-01,Shrunk Max Sharpe λ=0.25,LQD,0.29999999999999993
2019-02-01,Shrunk Max Sharpe λ=0.25,QQQ,0.04076651775106534
2019-02-01,Shrunk Max Sharpe λ=0.25,SPY,0.2571704571676127
2019-02-01,Shrunk Max Sharpe λ=0.25,TLT,0.0
2019-02-01,Shrunk Max Sharpe λ=0.25,VNQ,0.0
2019-02-01,Shrunk Max Sharpe λ=0.50,EEM,1.604722699699881e-16
2019-02-01,Shrunk Max Sharpe λ=0.50,EFA,2.4860914440227886e-17
2019-02-01,Shrunk Max Sharpe λ=0.50,GLD,0.11579127839279199
2019-02-01,Shrunk Max Sharpe λ=0.50,IEF,0.2999999999999998
2019-02-01,Shrunk Max Sharpe λ=0.50,IWM,0.03837812793251151
2019-02-01,Shrunk Max Sharpe λ=0.50,LQD,0.29999999999999993
2019-02-01,Shrunk Max Sharpe λ=0.50,QQQ,1.7780008243820526e-17
2019-02-01,Shrunk Max Sharpe λ=0.50,SPY,0.24583059367469634
2019-02-01,Shrunk Max Sharpe λ=0.50,TLT,2.0771765859743445e-16
2019-02-01,Shrunk Max Sharpe λ=0.50,VNQ,0.0
2019-02-01,Shrunk Max Sharpe λ=0.75,EEM,1.3447539780541628e-16
2019-02-01,Shrunk Max Sharpe λ=0.75,EFA,4.13133557841472e-17
2019-02-01,Shrunk Max Sharpe λ=0.75,GLD,0.12054543614896863
2019-02-01,Shrunk Max Sharpe λ=0.75,IEF,0.2999999999999989
2019-02-01,Shrunk Max Sharpe λ=0.75,IWM,0.032448447517039784
2019-02-01,Shrunk Max Sharpe λ=0.75,LQD,0.29999999999999877
2019-02-01,Shrunk Max Sharpe λ=0.75,QQQ,1.05442502612305e-15
2019-02-01,Shrunk Max Sharpe λ=0.75,SPY,0.22571889819181434
2019-02-01,Shrunk Max Sharpe λ=0.75,TLT,0.021287218142178033
2019-02-01,Shrunk Max Sharpe λ=0.75,VNQ,3.7090569569769775e-16
2019-02-01,Turnover-Aware Max Sharpe γ=0.05,EEM,7.476460474648618e-17
2019-02-01,Turnover-Aware Max Sharpe γ=0.05,EFA,0.0
2019-02-01,Turnover-Aware Max Sharpe γ=0.05,GLD,0.22184555638133463
2019-02-01,Turnover-Aware Max Sharpe γ=0.05,IEF,1.3035619601978349e-17
2019-02-01,Turnover-Aware Max Sharpe γ=0.05,IWM,0.037837629137807374
2019-02-01,Turnover-Aware Max Sharpe γ=0.05,LQD,0.2999999999999987
2019-02-01,Turnover-Aware Max Sharpe γ=0.05,QQQ,0.21812508720941537
2019-02-01,Turnover-Aware Max Sharpe γ=0.05,SPY,0.2221917272714437
2019-02-01,Turnover-Aware Max Sharpe γ=0.05,TLT,5.505202013804194e-17
2019-02-01,Turnover-Aware Max Sharpe γ=0.05,VNQ,2.0724780887911544e-16
2019-02-01,Turnover-Aware Max Sharpe γ=0.10,EEM,0.0
2019-02-01,Turnover-Aware Max Sharpe γ=0.10,EFA,0.0
2019-02-01,Turnover-Aware Max Sharpe γ=0.10,GLD,0.211263823254641
2019-02-01,Turnover-Aware Max Sharpe γ=0.10,IEF,0.0
2019-02-01,Turnover-Aware Max Sharpe γ=0.10,IWM,1.0511983002809955e-15
2019-02-01,Turnover-Aware Max Sharpe γ=0.10,LQD,0.3
2019-02-01,Turnover-Aware Max Sharpe γ=0.10,QQQ,0.21381273429588468
2019-02-01,Turnover-Aware Max Sharpe γ=0.10,SPY,0.2749234424494733
2019-02-01,Turnover-Aware Max Sharpe γ=0.10,TLT,1.0362466305139435e-16
2019-02-01,Turnover-Aware Max Sharpe γ=0.10,VNQ,0.0
2019-02-01,Turnover-Aware Max Sharpe γ=0.25,EEM,5.658008841050177e-17
2019-02-01,Turnover-Aware Max Sharpe γ=0.25,EFA,0.0
2019-02-01,Turnover-Aware Max Sharpe γ=0.25,GLD,0.18950875752466112
2019-02-01,Turnover-Aware Max Sharpe γ=0.25,IEF,1.2133522527566292e-16
2019-02-01,Turnover-Aware Max Sharpe γ=0.25,IWM,0.02112519507870943
2019-02-01,Turnover-Aware Max Sharpe γ=0.25,LQD,0.10000000000000005
2019-02-01,Turnover-Aware Max Sharpe γ=0.25,QQQ,0.28202954819357845
2019-02-01,Turnover-Aware Max Sharpe γ=0.25,SPY,0.2999999999999996
2019-02-01,Turnover-Aware Max Sharpe γ=0.25,TLT,0.10733649920305106
2019-02-01,Turnover-Aware Max Sharpe γ=0.25,VNQ,0.0
2019-03-01,Combined Robust Max Sharpe λ=0.50 γ=0.10,EEM,7.517914472748923e-16
2019-03-01,Combined Robust Max Sharpe λ=0.50 γ=0.10,EFA,6.846046573803971e-16
2019-03-01,Combined Robust Max Sharpe λ=0.50 γ=0.10,GLD,0.09697643100958687
2019-03-01,Combined Robust Max Sharpe λ=0.50 γ=0.10,IEF,0.29999999999999905
2019-03-01,Combined Robust Max Sharpe λ=0.50 γ=0.10,IWM,0.05624010624056639
2019-03-01,Combined Robust Max Sharpe λ=0.50 γ=0.10,LQD,0.29999999999999727
2019-03-01,Combined Robust Max Sharpe λ=0.50 γ=0.10,QQQ,7.436392249618658e-16
2019-03-01,Combined Robust Max Sharpe λ=0.50 γ=0.10,SPY,0.24678346274984594
2019-03-01,Combined Robust Max Sharpe λ=0.50 γ=0.10,TLT,1.0356242805022331e-15
2019-03-01,Combined Robust Max Sharpe λ=0.50 γ=0.10,VNQ,1.3292220261654804e-15
2019-03-01,Equal Weight,EEM,0.1
2019-03-01,Equal Weight,EFA,0.1
2019-03-01,Equal Weight,GLD,0.1
2019-03-01,Equal Weight,IEF,0.1
2019-03-01,Equal Weight,IWM,0.1
2019-03-01,Equal Weight,LQD,0.1
2019-03-01,Equal Weight,QQQ,0.1
2019-03-01,Equal Weight,SPY,0.1
2019-03-01,Equal Weight,TLT,0.1
2019-03-01,Equal Weight,VNQ,0.1
2019-03-01,Maximum Sharpe,EEM,6.292458964408968e-17
2019-03-01,Maximum Sharpe,EFA,8.767056907667454e-17
2019-03-01,Maximum Sharpe,GLD,0.10840742980790109
2019-03-01,Maximum Sharpe,IEF,0.0
2019-03-01,Maximum Sharpe,IWM,0.16704025010079745
2019-03-01,Maximum Sharpe,LQD,0.2999999999999998
2019-03-01,Maximum Sharpe,QQQ,0.29999999999999993
2019-03-01,Maximum Sharpe,SPY,0.12455232009130161
2019-03-01,Maximum Sharpe,TLT,1.7270254504170478e-17
2019-03-01,Maximum Sharpe,VNQ,0.0
2019-03-01,Minimum Variance,EEM,8.58654687139044e-18
2019-03-01,Minimum Variance,EFA,0.0466086681226699
2019-03-01,Minimum Variance,GLD,0.11027870682709232
2019-03-01,Minimum Variance,IEF,0.29999999999999993
2019-03-01,Minimum Variance,IWM,0.026974794244207612
2019-03-01,Minimum Variance,LQD,0.29999999999999993
2019-03-01,Minimum Variance,QQQ,7.941362656960493e-18
2019-03-01,Minimum Variance,SPY,0.16310151082221264
2019-03-01,Minimum Variance,TLT,0.05303631998381759
2019-03-01,Minimum Variance,VNQ,2.0792109050727062e-17
2019-03-01,SPY,EEM,0.0
2019-03-01,SPY,EFA,0.0
2019-03-01,SPY,GLD,0.0
2019-03-01,SPY,IEF,0.0
2019-03-01,SPY,IWM,0.0
2019-03-01,SPY,LQD,0.0
2019-03-01,SPY,QQQ,0.0
2019-03-01,SPY,SPY,1.0
2019-03-01,SPY,TLT,0.0
2019-03-01,SPY,VNQ,0.0
2019-03-01,Shrunk Max Sharpe λ=0.25,EEM,1.5079444116001463e-16
2019-03-01,Shrunk Max Sharpe λ=0.25,EFA,0.0
2019-03-01,Shrunk Max Sharpe λ=0.25,GLD,0.06280540145979108
2019-03-01,Shrunk Max Sharpe λ=0.25,IEF,0.256278353063062
2019-03-01,Shrunk Max Sharpe λ=0.25,IWM,0.09316877157837716
2019-03-01,Shrunk Max Sharpe λ=0.25,LQD,0.29999999999999954
2019-03-01,Shrunk Max Sharpe λ=0.25,QQQ,0.07432638481079579
2019-03-01,Shrunk Max Sharpe λ=0.25,SPY,0.21342108908797405
2019-03-01,Shrunk Max Sharpe λ=0.25,TLT,5.834512480790912e-17
2019-03-01,Shrunk Max Sharpe λ=0.25,VNQ,0.0
2019-03-01,Shrunk Max Sharpe λ=0.50,EEM,1.3133187257527145e-16
2019-03-01,Shrunk Max Sharpe λ=0.50,EFA,0.0
2019-03-01,Shrunk Max Sharpe λ=0.50,GLD,0.09152838907531682
2019-03-01,Shrunk Max Sharpe λ=0.50,IEF,0.2999999999999999
2019-03-01,Shrunk Max Sharpe λ=0.50,IWM,0.05500989665533892
2019-03-01,Shrunk Max Sharpe λ=0.50,LQD,0.2999999999999998
2019-03-01,Shrunk Max Sharpe λ=0.50,QQQ,2.4165738507371446e-16
2019-03-01,Shrunk Max Sharpe λ=0.50,SPY,0.2534617142693438
2019-03-01,Shrunk Max Sharpe λ=0.50,TLT,1.8058441258184475e-16
2019-03-01,Shrunk Max Sharpe λ=0.50,VNQ,2.0128253890863867e-16
2019-03-01,Shrunk Max Sharpe λ=0.75,EEM,0.0
2019-03-01,Shrunk Max Sharpe λ=0.75,EFA,1.0471816301562329e-16
2019-03-01,Shrunk Max Sharpe λ=0.75,GLD,0.11083636210059616
2019-03-01,Shrunk Max Sharpe λ=0.75,IEF,0.3000000000000009
2019-03-01,Shrunk Max Sharpe λ=0.75,IWM,0.0394581388677367
2019-03-01,Shrunk Max Sharpe λ=0.75,LQD,0.3000000000000009
2019-03-01,Shrunk Max Sharpe λ=0.75,QQQ,0.0
2019-03-01,Shrunk Max Sharpe λ=0.75,SPY,0.22561623293912272
2019-03-01,Shrunk Max Sharpe λ=0.75,TLT,0.024089266092542513
2019-03-01,Shrunk Max Sharpe λ=0.75,VNQ,0.0
2019-03-01,Turnover-Aware Max Sharpe γ=0.05,EEM,0.0
2019-03-01,Turnover-Aware Max Sharpe γ=0.05,EFA,1.8527803048347884e-17
2019-03-01,Turnover-Aware Max Sharpe γ=0.05,GLD,0.11100104849485039
2019-03-01,Turnover-Aware Max Sharpe γ=0.05,IEF,0.0
2019-03-01,Turnover-Aware Max Sharpe γ=0.05,IWM,0.11291152813238639
2019-03-01,Turnover-Aware Max Sharpe γ=0.05,LQD,0.29999999999999993
2019-03-01,Turnover-Aware Max Sharpe γ=0.05,QQQ,0.25389569610131957
2019-03-01,Turnover-Aware Max Sharpe γ=0.05,SPY,0.2221917272714437
2019-03-01,Turnover-Aware Max Sharpe γ=0.05,TLT,0.0
2019-03-01,Turnover-Aware Max Sharpe γ=0.05,VNQ,0.0
2019-03-01,Turnover-Aware Max Sharpe γ=0.10,EEM,6.714907898306427e-17
2019-03-01,Turnover-Aware Max Sharpe γ=0.10,EFA,6.97701020647812e-17
2019-03-01,Turnover-Aware Max Sharpe γ=0.10,GLD,0.11917310877313862
2019-03-01,Turnover-Aware Max Sharpe γ=0.10,IEF,3.4494974865250064e-17
2019-03-01,Turnover-Aware Max Sharpe γ=0.10,IWM,0.08960714707475102
2019-03-01,Turnover-Aware Max Sharpe γ=0.10,LQD,0.30000000000000004
2019-03-01,Turnover-Aware Max Sharpe γ=0.10,QQQ,0.21629630170263694
2019-03-01,Turnover-Aware Max Sharpe γ=0.10,SPY,0.27492344244947325
2019-03-01,Turnover-Aware Max Sharpe γ=0.10,TLT,0.0
2019-03-01,Turnover-Aware Max Sharpe γ=0.10,VNQ,2.1161076734033923e-17
2019-03-01,Turnover-Aware Max Sharpe γ=0.25,EEM,0.0
2019-03-01,Turnover-Aware Max Sharpe γ=0.25,EFA,0.0
2019-03-01,Turnover-Aware Max Sharpe γ=0.25,GLD,0.17717859263638994
2019-03-01,Turnover-Aware Max Sharpe γ=0.25,IEF,0.0
2019-03-01,Turnover-Aware Max Sharpe γ=0.25,IWM,0.06632969576960115
2019-03-01,Turnover-Aware Max Sharpe γ=0.25,LQD,0.10000000000000009
2019-03-01,Turnover-Aware Max Sharpe γ=0.25,QQQ,0.2820295481935783
2019-03-01,Turnover-Aware Max Sharpe γ=0.25,SPY,0.2999999999999995
2019-03-01,Turnover-Aware Max Sharpe γ=0.25,TLT,0.07446216340043091
2019-03-01,Turnover-Aware Max Sharpe γ=0.25,VNQ,1.9389972979236898e-16
2019-04-01,Combined Robust Max Sharpe λ=0.50 γ=0.10,EEM,0.0
2019-04-01,Combined Robust Max Sharpe λ=0.50 γ=0.10,EFA,0.0
2019-04-01,Combined Robust Max Sharpe λ=0.50 γ=0.10,GLD,0.09477585968316526
2019-04-01,Combined Robust Max Sharpe λ=0.50 γ=0.10,IEF,0.30000000000000004
2019-04-01,Combined Robust Max Sharpe λ=0.50 γ=0.10,IWM,0.052514687957460116
2019-04-01,Combined Robust Max Sharpe λ=0.50 γ=0.10,LQD,0.30000000000000004
2019-04-01,Combined Robust Max Sharpe λ=0.50 γ=0.10,QQQ,4.9867161166613745e-17
2019-04-01,Combined Robust Max Sharpe λ=0.50 γ=0.10,SPY,0.25000742471917686
2019-04-01,Combined Robust Max Sharpe λ=0.50 γ=0.10,TLT,0.0027020276401976007
2019-04-01,Combined Robust Max Sharpe λ=0.50 γ=0.10,VNQ,0.0
2019-04-01,Equal Weight,EEM,0.1
2019-04-01,Equal Weight,EFA,0.1
2019-04-01,Equal Weight,GLD,0.1
2019-04-01,Equal Weight,IEF,0.1
2019-04-01,Equal Weight,IWM,0.1
2019-04-01,Equal Weight,LQD,0.1
2019-04-01,Equal Weight,QQQ,0.1
2019-04-01,Equal Weight,SPY,0.1
2019-04-01,Equal Weight,TLT,0.1
2019-04-01,Equal Weight,VNQ,0.1
2019-04-01,Maximum Sharpe,EEM,6.802448761981158e-17
2019-04-01,Maximum Sharpe,EFA,0.0
2019-04-01,Maximum Sharpe,GLD,0.02896256329100353
2019-04-01,Maximum Sharpe,IEF,0.0
2019-04-01,Maximum Sharpe,IWM,0.0
2019-04-01,Maximum Sharpe,LQD,0.2999999999999998
2019-04-01,Maximum Sharpe,QQQ,0.2999999999999999
2019-04-01,Maximum Sharpe,SPY,0.25798135502479475
2019-04-01,Maximum Sharpe,TLT,0.11305608168420209
2019-04-01,Maximum Sharpe,VNQ,0.0
2019-04-01,Minimum Variance,EEM,0.0
2019-04-01,Minimum Variance,EFA,0.04953291132973468
2019-04-01,Minimum Variance,GLD,0.11751064930829352
2019-04-01,Minimum Variance,IEF,0.30000000000000004
2019-04-01,Minimum Variance,IWM,0.04321551164027953
2019-04-01,Minimum Variance,LQD,0.30000000000000004
2019-04-01,Minimum Variance,QQQ,1.1773135888974185e-17
2019-04-01,Minimum Variance,SPY,0.14176843656554977
2019-04-01,Minimum Variance,TLT,0.04797249115614257
2019-04-01,Minimum Variance,VNQ,0.0
2019-04-01,SPY,EEM,0.0
2019-04-01,SPY,EFA,0.0
2019-04-01,SPY,GLD,0.0
2019-04-01,SPY,IEF,0.0
2019-04-01,SPY,IWM,0.0
2019-04-01,SPY,LQD,0.0
2019-04-01,SPY,QQQ,0.0
2019-04-01,SPY,SPY,1.0
2019-04-01,SPY,TLT,0.0
2019-04-01,SPY,VNQ,0.0
2019-04-01,Shrunk Max Sharpe λ=0.25,EEM,0.0
2019-04-01,Shrunk Max Sharpe λ=0.25,EFA,0.0
2019-04-01,Shrunk Max Sharpe λ=0.25,GLD,0.03711868112815967
2019-04-01,Shrunk Max Sharpe λ=0.25,IEF,0.2999999999999996
2019-04-01,Shrunk Max Sharpe λ=0.25,IWM,0.019108251104649174
2019-04-01,Shrunk Max Sharpe λ=0.25,LQD,0.2999999999999996
2019-04-01,Shrunk Max Sharpe λ=0.25,QQQ,0.17192136422751242
2019-04-01,Shrunk Max Sharpe λ=0.25,SPY,0.1718517035396797
2019-04-01,Shrunk Max Sharpe λ=0.25,TLT,0.0
2019-04-01,Shrunk Max Sharpe λ=0.25,VNQ,0.0
2019-04-01,Shrunk Max Sharpe λ=0.50,EEM,0.0
2019-04-01,Shrunk Max Sharpe λ=0.50,EFA,0.0
2019-04-01,Shrunk Max Sharpe λ=0.50,GLD,0.07978724572697958
2019-04-01,Shrunk Max Sharpe λ=0.50,IEF,0.2999999999999997
2019-04-01,Shrunk Max Sharpe λ=0.50,IWM,0.022111095578794683
2019-04-01,Shrunk Max Sharpe λ=0.50,LQD,0.29999999999999993
2019-04-01,Shrunk Max Sharpe λ=0.50,QQQ,9.679272543450557e-17
2019-04-01,Shrunk Max Sharpe λ=0.50,SPY,0.2865372381609255
2019-04-01,Shrunk Max Sharpe λ=0.50,TLT,0.011564420533300288
2019-04-01,Shrunk Max Sharpe λ=0.50,VNQ,1.1814627415160597e-16
2019-04-01,Shrunk Max Sharpe λ=0.75,EEM,5.883754572946362e-16
2019-04-01,Shrunk Max Sharpe λ=0.75,EFA,5.222163650460116e-16
2019-04-01,Shrunk Max Sharpe λ=0.75,GLD,0.10560625800206376
2019-04-01,Shrunk Max Sharpe λ=0.75,IEF,0.2999999999999987
2019-04-01,Shrunk Max Sharpe λ=0.75,IWM,0.036319266842037005
2019-04-01,Shrunk Max Sharpe λ=0.75,LQD,0.2999999999999975
2019-04-01,Shrunk Max Sharpe λ=0.75,QQQ,1.3321280117239863e-15
2019-04-01,Shrunk Max Sharpe λ=0.75,SPY,0.22637454672380125
2019-04-01,Shrunk Max Sharpe λ=0.75,TLT,0.03169992843209849
2019-04-01,Shrunk Max Sharpe λ=0.75,VNQ,7.534131925376733e-16
2019-04-01,Turnover-Aware Max Sharpe γ=0.05,EEM,1.1874413685769895e-16
2019-04-01,Turnover-Aware Max Sharpe γ=0.05,EFA,9.920391626230515e-17
2019-04-01,Turnover-Aware Max Sharpe γ=0.05,GLD,0.054722212830815124
2019-04-01,Turnover-Aware Max Sharpe γ=0.05,IEF,0.0
2019-04-01,Turnover-Aware Max Sharpe γ=0.05,IWM,0.029418280641615824
2019-04-01,Turnover-Aware Max Sharpe γ=0.05,LQD,0.29999999999999993
2019-04-01,Turnover-Aware Max Sharpe γ=0.05,QQQ,0.2999999999999997
2019-04-01,Turnover-Aware Max Sharpe γ=0.05,SPY,0.22219172727144348
2019-04-01,Turnover-Aware Max Sharpe γ=0.05,TLT,0.09366777925612559
2019-04-01,Turnover-Aware Max Sharpe γ=0.05,VNQ,1.0501314303121222e-16
2019-04-01,Turnover-Aware Max Sharpe γ=0.10,EEM,0.0
2019-04-01,Turnover-Aware Max Sharpe γ=0.10,EFA,1.733587108856356e-16
2019-04-01,Turnover-Aware Max Sharpe γ=0.10,GLD,0.07127145147716682
2019-04-01,Turnover-Aware Max Sharpe γ=0.10,IEF,0.0
2019-04-01,Turnover-Aware Max Sharpe γ=0.10,IWM,1.2685412444300748e-16
2019-04-01,Turnover-Aware Max Sharpe γ=0.10,LQD,0.2999999999999999
2019-04-01,Turnover-Aware Max Sharpe γ=0.10,QQQ,0.2999999999999999
2019-04-01,Turnover-Aware Max Sharpe γ=0.10,SPY,0.27492344244947314
2019-04-01,Turnover-Aware Max Sharpe γ=0.10,TLT,0.053805106073359886
2019-04-01,Turnover-Aware Max Sharpe γ=0.10,VNQ,0.0
2019-04-01,Turnover-Aware Max Sharpe γ=0.25,EEM,0.0
2019-04-01,Turnover-Aware Max Sharpe γ=0.25,EFA,1.0810462926211866e-16
2019-04-01,Turnover-Aware Max Sharpe γ=0.25,GLD,0.16575448805623866
2019-04-01,Turnover-Aware Max Sharpe γ=0.25,IEF,4.836591674373386e-18
2019-04-01,Turnover-Aware Max Sharpe γ=0.25,IWM,0.06632969576960117
2019-04-01,Turnover-Aware Max Sharpe γ=0.25,LQD,0.0999999999999999
2019-04-01,Turnover-Aware Max Sharpe γ=0.25,QQQ,0.2934536527737296
2019-04-01,Turnover-Aware Max Sharpe γ=0.25,SPY,0.29999999999999954
2019-04-01,Turnover-Aware Max Sharpe γ=0.25,TLT,0.07446216340043081
2019-04-01,Turnover-Aware Max Sharpe γ=0.25,VNQ,1.58699772166195e-16
2019-05-01,Combined Robust Max Sharpe λ=0.50 γ=0.10,EEM,0.0
2019-05-01,Combined Robust Max Sharpe λ=0.50 γ=0.10,EFA,0.0
2019-05-01,Combined Robust Max Sharpe λ=0.50 γ=0.10,GLD,0.06417669694854285
2019-05-01,Combined Robust Max Sharpe λ=0.50 γ=0.10,IEF,0.3000000000000005
2019-05-01,Combined Robust Max Sharpe λ=0.50 γ=0.10,IWM,0.023158049297968386
2019-05-01,Combined Robust Max Sharpe λ=0.50 γ=0.10,LQD,0.3000000000000005
2019-05-01,Combined Robust Max Sharpe λ=0.50 γ=0.10,QQQ,0.047689688180720405
2019-05-01,Combined Robust Max Sharpe λ=0.50 γ=0.10,SPY,0.2500074247191821
2019-05-01,Combined Robust Max Sharpe λ=0.50 γ=0.10,TLT,0.014968140853585365
2019-05-01,Combined Robust Max Sharpe λ=0.50 γ=0.10,VNQ,0.0
2019-05-01,Equal Weight,EEM,0.1
2019-05-01,Equal Weight,EFA,0.1
2019-05-01,Equal Weight,GLD,0.1
2019-05-01,Equal Weight,IEF,0.1
2019-05-01,Equal Weight,IWM,0.1
2019-05-01,Equal Weight,LQD,0.1
2019-05-01,Equal Weight,QQQ,0.1
2019-05-01,Equal Weight,SPY,0.1
2019-05-01,Equal Weight,TLT,0.1
2019-05-01,Equal Weight,VNQ,0.1
2019-05-01,Maximum Sharpe,EEM,5.5499647387988023e-17
2019-05-01,Maximum Sharpe,EFA,0.0
2019-05-01,Maximum Sharpe,GLD,1.113744874740528e-16
2019-05-01,Maximum Sharpe,IEF,7.770189751780767e-17
2019-05-01,Maximum Sharpe,IWM,1.8940438735010379e-16
2019-05-01,Maximum Sharpe,LQD,0.29999999999999954
2019-05-01,Maximum Sharpe,QQQ,0.3
2019-05-01,Maximum Sharpe,SPY,0.29314479502257285
2019-05-01,Maximum Sharpe,TLT,0.10685520497742718
2019-05-01,Maximum Sharpe,VNQ,7.019861188454258e-17
2019-05-01,Minimum Variance,EEM,2.8885729214812443e-18
2019-05-01,Minimum Variance,EFA,0.05257024115120185
2019-05-01,Minimum Variance,GLD,0.11888144920724553
2019-05-01,Minimum Variance,IEF,0.30000000000000004
2019-05-01,Minimum Variance,IWM,0.04062795919976765
2019-05-01,Minimum Variance,LQD,0.29999999999999993
2019-05-01,Minimum Variance,QQQ,8.486959404105734e-18
2019-05-01,Minimum Variance,SPY,0.1410933768524317
2019-05-01,Minimum Variance,TLT,0.04682697358935338
2019-05-01,Minimum Variance,VNQ,0.0
2019-05-01,SPY,EEM,0.0
2019-05-01,SPY,EFA,0.0
2019-05-01,SPY,GLD,0.0
2019-05-01,SPY,IEF,0.0
2019-05-01,SPY,IWM,0.0
2019-05-01,SPY,LQD,0.0
2019-05-01,SPY,QQQ,0.0
2019-05-01,SPY,SPY,1.0
2019-05-01,SPY,TLT,0.0
2019-05-01,SPY,VNQ,0.0
2019-05-01,Shrunk Max Sharpe λ=0.25,EEM,4.2118646472949086e-16
2019-05-01,Shrunk Max Sharpe λ=0.25,EFA,9.522864995143764e-17
2019-05-01,Shrunk Max Sharpe λ=0.25,GLD,0.0
2019-05-01,Shrunk Max Sharpe λ=0.25,IEF,0.299999999999998
2019-05-01,Shrunk Max Sharpe λ=0.25,IWM,0.0
2019-05-01,Shrunk Max Sharpe λ=0.25,LQD,0.2999999999999996
2019-05-01,Shrunk Max Sharpe λ=0.25,QQQ,0.29999999999999993
2019-05-01,Shrunk Max Sharpe λ=0.25,SPY,0.10000000000000038
2019-05-01,Shrunk Max Sharpe λ=0.25,TLT,1.5274240205975786e-15
2019-05-01,Shrunk Max Sharpe λ=0.25,VNQ,9.905415044862838e-17
2019-05-01,Shrunk Max Sharpe λ=0.50,EEM,0.0
2019-05-01,Shrunk Max Sharpe λ=0.50,EFA,0.0
2019-05-01,Shrunk Max Sharpe λ=0.50,GLD,0.04652353093227365
2019-05-01,Shrunk Max Sharpe λ=0.50,IEF,0.29999999999999927
2019-05-01,Shrunk Max Sharpe λ=0.50,IWM,0.0
2019-05-01,Shrunk Max Sharpe λ=0.50,LQD,0.2999999999999992
2019-05-01,Shrunk Max Sharpe λ=0.50,QQQ,0.04287370417956189
2019-05-01,Shrunk Max Sharpe λ=0.50,SPY,0.2848694383215348
2019-05-01,Shrunk Max Sharpe λ=0.50,TLT,0.025733326566630677
2019-05-01,Shrunk Max Sharpe λ=0.50,VNQ,4.0515646055637675e-16
2019-05-01,Shrunk Max Sharpe λ=0.75,EEM,0.0
2019-05-01,Shrunk Max Sharpe λ=0.75,EFA,0.0
2019-05-01,Shrunk Max Sharpe λ=0.75,GLD,0.0930371080839743
2019-05-01,Shrunk Max Sharpe λ=0.75,IEF,0.30000000000000004
2019-05-01,Shrunk Max Sharpe λ=0.75,IWM,0.020708763757750385
2019-05-01,Shrunk Max Sharpe λ=0.75,LQD,0.30000000000000004
2019-05-01,Shrunk Max Sharpe λ=0.75,QQQ,0.0
2019-05-01,Shrunk Max Sharpe λ=0.75,SPY,0.25000320039117746
2019-05-01,Shrunk Max Sharpe λ=0.75,TLT,0.03625092776709785
2019-05-01,Shrunk Max Sharpe λ=0.75,VNQ,0.0
2019-05-01,Turnover-Aware Max Sharpe γ=0.05,EEM,0.0
2019-05-01,Turnover-Aware Max Sharpe γ=0.05,EFA,2.7740236191719844e-16
2019-05-01,Turnover-Aware Max Sharpe γ=0.05,GLD,0.0
2019-05-01,Turnover-Aware Max Sharpe γ=0.05,IEF,2.583420061046203e-16
2019-05-01,Turnover-Aware Max Sharpe γ=0.05,IWM,0.0
2019-05-01,Turnover-Aware Max Sharpe γ=0.05,LQD,0.2999999999999999
2019-05-01,Turnover-Aware Max Sharpe γ=0.05,QQQ,0.3
2019-05-01,Turnover-Aware Max Sharpe γ=0.05,SPY,0.29314480609387233
2019-05-01,Turnover-Aware Max Sharpe γ=0.05,TLT,0.1068551939061274
2019-05-01,Turnover-Aware Max Sharpe γ=0.05,VNQ,0.0
2019-05-01,Turnover-Aware Max Sharpe γ=0.10,EEM,2.633186332105596e-16
2019-05-01,Turnover-Aware Max Sharpe γ=0.10,EFA,5.153821114107915e-17
2019-05-01,Turnover-Aware Max Sharpe γ=0.10,GLD,0.0
2019-05-01,Turnover-Aware Max Sharpe γ=0.10,IEF,2.2943283097713823e-16
2019-05-01,Turnover-Aware Max Sharpe γ=0.10,IWM,0.0
2019-05-01,Turnover-Aware Max Sharpe γ=0.10,LQD,0.29999999999999977
2019-05-01,Turnover-Aware Max Sharpe γ=0.10,QQQ,0.2999999999999999
2019-05-01,Turnover-Aware Max Sharpe γ=0.10,SPY,0.29314476490492325
2019-05-01,Turnover-Aware Max Sharpe γ=0.10,TLT,0.10685523509507673
2019-05-01,Turnover-Aware Max Sharpe γ=0.10,VNQ,2.883123797317985e-17
2019-05-01,Turnover-Aware Max Sharpe γ=0.25,EEM,0.0
2019-05-01,Turnover-Aware Max Sharpe γ=0.25,EFA,2.0936302795854136e-17
2019-05-01,Turnover-Aware Max Sharpe γ=0.25,GLD,0.0601354596062398
2019-05-01,Turnover-Aware Max Sharpe γ=0.25,IEF,1.7364200313225607e-16
2019-05-01,Turnover-Aware Max Sharpe γ=0.25,IWM,0.06632969576960113
2019-05-01,Turnover-Aware Max Sharpe γ=0.25,LQD,0.14243617004589054
2019-05-01,Turnover-Aware Max Sharpe γ=0.25,QQQ,0.3
2019-05-01,Turnover-Aware Max Sharpe γ=0.25,SPY,0.29999999999999954
2019-05-01,Turnover-Aware Max Sharpe γ=0.25,TLT,0.13109867457826876
2019-05-01,Turnover-Aware Max Sharpe γ=0.25,VNQ,9.939056178070677e-17
2019-07-01,Combined Robust Max Sharpe λ=0.50 γ=0.10,EEM,1.7094953258308172e-14
2019-07-01,Combined Robust Max Sharpe λ=0.50 γ=0.10,EFA,1.2817291714901115e-14
2019-07-01,Combined Robust Max Sharpe λ=0.50 γ=0.10,GLD,0.08058820588487786
2019-07-01,Combined Robust Max Sharpe λ=0.50 γ=0.10,IEF,0.2999999999999673
2019-07-01,Combined Robust Max Sharpe λ=0.50 γ=0.10,IWM,0.009420345859083225
2019-07-01,Combined Robust Max Sharpe λ=0.50 γ=0.10,LQD,0.29999999999996724
2019-07-01,Combined Robust Max Sharpe λ=0.50 γ=0.10,QQQ,0.045015882683300694
2019-07-01,Combined Robust Max Sharpe λ=0.50 γ=0.10,SPY,0.25000742471913956
2019-07-01,Combined Robust Max Sharpe λ=0.50 γ=0.10,TLT,0.014968140853614859
2019-07-01,Combined Robust Max Sharpe λ=0.50 γ=0.10,VNQ,1.9396048084776723e-14
2019-07-01,Equal Weight,EEM,0.1
2019-07-01,Equal Weight,EFA,0.1
2019-07-01,Equal Weight,GLD,0.1
2019-07-01,Equal Weight,IEF,0.1
2019-07-01,Equal Weight,IWM,0.1
2019-07-01,Equal Weight,LQD,0.1
2019-07-01,Equal Weight,QQQ,0.1
2019-07-01,Equal Weight,SPY,0.1
2019-07-01,Equal Weight,TLT,0.1
2019-07-01,Equal Weight,VNQ,0.1
2019-07-01,Maximum Sharpe,EEM,6.83971704900269e-17
2019-07-01,Maximum Sharpe,EFA,0.0
2019-07-01,Maximum Sharpe,GLD,0.017169116769914325
2019-07-01,Maximum Sharpe,IEF,0.18253964834182917
2019-07-01,Maximum Sharpe,IWM,1.7440285847751604e-16
2019-07-01,Maximum Sharpe,LQD,0.29999999999999977
2019-07-01,Maximum Sharpe,QQQ,0.29999999999999993
2019-07-01,Maximum Sharpe,SPY,0.2002912348882557
2019-07-01,Maximum Sharpe,TLT,9.921374252153857e-16
2019-07-01,Maximum Sharpe,VNQ,2.4280897308094484e-17
2019-07-01,Minimum Variance,EEM,9.5338706156805e-18
2019-07-01,Minimum Variance,EFA,0.05562375796808221
2019-07-01,Minimum Variance,GLD,0.12137574615637396
2019-07-01,Minimum Variance,IEF,0.3
2019-07-01,Minimum Variance,IWM,0.036454928225399454
2019-07-01,Minimum Variance,LQD,0.29999999999999993
2019-07-01,Minimum Variance,QQQ,0.0
2019-07-01,Minimum Variance,SPY,0.13764981624534406
2019-07-01,Minimum Variance,TLT,0.04889575140480048
2019-07-01,Minimum Variance,VNQ,0.0
2019-07-01,SPY,EEM,0.0
2019-07-01,SPY,EFA,0.0
2019-07-01,SPY,GLD,0.0
2019-07-01,SPY,IEF,0.0
2019-07-01,SPY,IWM,0.0
2019-07-01,SPY,LQD,0.0
2019-07-01,SPY,QQQ,0.0
2019-07-01,SPY,SPY,1.0
2019-07-01,SPY,TLT,0.0
2019-07-01,SPY,VNQ,0.0
2019-07-01,Shrunk Max Sharpe λ=0.25,EEM,0.0
2019-07-01,Shrunk Max Sharpe λ=0.25,EFA,0.0
2019-07-01,Shrunk Max Sharpe λ=0.25,GLD,0.034993620560543975
2019-07-01,Shrunk Max Sharpe λ=0.25,IEF,0.29999999999999943
2019-07-01,Shrunk Max Sharpe λ=0.25,IWM,2.967358318528551e-16
2019-07-01,Shrunk Max Sharpe λ=0.25,LQD,0.29999999999999927
2019-07-01,Shrunk Max Sharpe λ=0.25,QQQ,0.208556821437138
2019-07-01,Shrunk Max Sharpe λ=0.25,SPY,0.15644955800231838
2019-07-01,Shrunk Max Sharpe λ=0.25,TLT,0.0
2019-07-01,Shrunk Max Sharpe λ=0.25,VNQ,4.944825988315647e-16
2019-07-01,Shrunk Max Sharpe λ=0.50,EEM,2.2668844939410724e-15
2019-07-01,Shrunk Max Sharpe λ=0.50,EFA,7.403268516540839e-16
2019-07-01,Shrunk Max Sharpe λ=0.50,GLD,0.09085706765606208
2019-07-01,Shrunk Max Sharpe λ=0.50,IEF,0.2999999999999968
2019-07-01,Shrunk Max Sharpe λ=0.50,IWM,0.0
2019-07-01,Shrunk Max Sharpe λ=0.50,LQD,0.2999999999999965
2019-07-01,Shrunk Max Sharpe λ=0.50,QQQ,0.008693356180383114
2019-07-01,Shrunk Max Sharpe λ=0.50,SPY,0.2999999999999948
2019-07-01,Shrunk Max Sharpe λ=0.50,TLT,0.0004495761635611811
2019-07-01,Shrunk Max Sharpe λ=0.50,VNQ,2.3101759506866284e-15
2019-07-01,Shrunk Max Sharpe λ=0.75,EEM,0.0
2019-07-01,Shrunk Max Sharpe λ=0.75,EFA,0.008237882016259709
2019-07-01,Shrunk Max Sharpe λ=0.75,GLD,0.11324111626564819
2019-07-01,Shrunk Max Sharpe λ=0.75,IEF,0.2999999999999997
2019-07-01,Shrunk Max Sharpe λ=0.75,IWM,0.012286977662308572
2019-07-01,Shrunk Max Sharpe λ=0.75,LQD,0.2999999999999999
2019-07-01,Shrunk Max Sharpe λ=0.75,QQQ,6.980382527628976e-16
2019-07-01,Shrunk Max Sharpe λ=0.75,SPY,0.23954184228424658
2019-07-01,Shrunk Max Sharpe λ=0.75,TLT,0.02669218177153671
2019-07-01,Shrunk Max Sharpe λ=0.75,VNQ,0.0
2019-07-01,Turnover-Aware Max Sharpe γ=0.05,EEM,0.0
2019-07-01,Turnover-Aware Max Sharpe γ=0.05,EFA,0.0
2019-07-01,Turnover-Aware Max Sharpe γ=0.05,GLD,0.01691798491820712
2019-07-01,Turnover-Aware Max Sharpe γ=0.05,IEF,1.9822001623094018e-16
2019-07-01,Turnover-Aware Max Sharpe γ=0.05,IWM,0.0
2019-07-01,Turnover-Aware Max Sharpe γ=0.05,LQD,0.29999999999999993
2019-07-01,Turnover-Aware Max Sharpe γ=0.05,QQQ,0.29999999999999993
2019-07-01,Turnover-Aware Max Sharpe γ=0.05,SPY,0.29114660802525694
2019-07-01,Turnover-Aware Max Sharpe γ=0.05,TLT,0.09193540705653594
2019-07-01,Turnover-Aware Max Sharpe γ=0.05,VNQ,0.0
2019-07-01,Turnover-Aware Max Sharpe γ=0.10,EEM,0.0
2019-07-01,Turnover-Aware Max Sharpe γ=0.10,EFA,0.0
2019-07-01,Turnover-Aware Max Sharpe γ=0.10,GLD,2.674821290433e-16
2019-07-01,Turnover-Aware Max Sharpe γ=0.10,IEF,2.775444646339579e-16
2019-07-01,Turnover-Aware Max Sharpe γ=0.10,IWM,0.0
2019-07-01,Turnover-Aware Max Sharpe γ=0.10,LQD,0.29999999999999993
2019-07-01,Turnover-Aware Max Sharpe γ=0.10,QQQ,0.29999999999999993
2019-07-01,Turnover-Aware Max Sharpe γ=0.10,SPY,0.293144764904923
2019-07-01,Turnover-Aware Max Sharpe γ=0.10,TLT,0.10685523509507662
2019-07-01,Turnover-Aware Max Sharpe γ=0.10,VNQ,0.0
2019-07-01,Turnover-Aware Max Sharpe γ=0.25,EEM,0.0
2019-07-01,Turnover-Aware Max Sharpe γ=0.25,EFA,0.0
2019-07-01,Turnover-Aware Max Sharpe γ=0.25,GLD,0.06013545960623982
2019-07-01,Turnover-Aware Max Sharpe γ=0.25,IEF,2.309128482878979e-16
2019-07-01,Turnover-Aware Max Sharpe γ=0.25,IWM,0.006589041836754303
2019-07-01,Turnover-Aware Max Sharpe γ=0.25,LQD,0.2021768239787372
2019-07-01,Turnover-Aware Max Sharpe γ=0.25,QQQ,0.29999999999999993
2019-07-01,Turnover-Aware Max Sharpe γ=0.25,SPY,0.2999999999999995
2019-07-01,Turnover-Aware Max Sharpe γ=0.25,TLT,0.13109867457826896
2019-07-01,Turnover-Aware Max Sharpe γ=0.25,VNQ,0.0
2019-08-01,Combined Robust Max Sharpe λ=0.50 γ=0.10,EEM,0.0
2019-08-01,Combined Robust Max Sharpe λ=0.50 γ=0.10,EFA,0.0
2019-08-01,Combined Robust Max Sharpe λ=0.50 γ=0.10,GLD,0.08057782017017392
2019-08-01,Combined Robust Max Sharpe λ=0.50 γ=0.10,IEF,0.30000000000000904
2019-08-01,Combined Robust Max Sharpe λ=0.50 γ=0.10,IWM,0.0
2019-08-01,Combined Robust Max Sharpe λ=0.50 γ=0.10,LQD,0.30000000000000904
2019-08-01,Combined Robust Max Sharpe λ=0.50 γ=0.10,QQQ,0.04501588268324319
2019-08-01,Combined Robust Max Sharpe λ=0.50 γ=0.10,SPY,0.2719458284798811
2019-08-01,Combined Robust Max Sharpe λ=0.50 γ=0.10,TLT,0.0024604686666837346
2019-08-01,Combined Robust Max Sharpe λ=0.50 γ=0.10,VNQ,0.0
2019-08-01,Equal Weight,EEM,0.1
2019-08-01,Equal Weight,EFA,0.1
2019-08-01,Equal Weight,GLD,0.1
2019-08-01,Equal Weight,IEF,0.1
2019-08-01,Equal Weight,IWM,0.1
2019-08-01,Equal Weight,LQD,0.1
2019-08-01,Equal Weight,QQQ,0.1
2019-08-01,Equal Weight,SPY,0.1
2019-08-01,Equal Weight,TLT,0.1
2019-08-01,Equal Weight,VNQ,0.1
2019-08-01,Maximum Sharpe,EEM,7.445318902084432e-16
2019-08-01,Maximum Sharpe,EFA,1.516336422423015e-16
2019-08-01,Maximum Sharpe,GLD,0.0
2019-08-01,Maximum Sharpe,IEF,0.15003246004538826
2019-08-01,Maximum Sharpe,IWM,1.08314866457247e-15
2019-08-01,Maximum Sharpe,LQD,0.29999999999999866
2019-08-01,Maximum Sharpe,QQQ,0.29999999999999993
2019-08-01,Maximum Sharpe,SPY,0.24996753995460544
2019-08-01,Maximum Sharpe,TLT,5.529067152789616e-15
2019-08-01,Maximum Sharpe,VNQ,1.8452559416013398e-16
2019-08-01,Minimum Variance,EEM,0.0
2019-08-01,Minimum Variance,EFA,0.049857495345136595
2019-08-01,Minimum Variance,GLD,0.11580148265620235
2019-08-01,Minimum Variance,IEF,0.29999999999999993
2019-08-01,Minimum Variance,IWM,0.038498567427608134
2019-08-01,Minimum Variance,LQD,0.3
2019-08-01,Minimum Variance,QQQ,1.078357941815565e-17
2019-08-01,Minimum Variance,SPY,0.13924384809528711
2019-08-01,Minimum Variance,TLT,0.05659860647576594
2019-08-01,Minimum Variance,VNQ,0.0
2019-08-01,SPY,EEM,0.0
2019-08-01,SPY,EFA,0.0
2019-08-01,SPY,GLD,0.0
2019-08-01,SPY,IEF,0.0
2019-08-01,SPY,IWM,0.0
2019-08-01,SPY,LQD,0.0
2019-08-01,SPY,QQQ,0.0
2019-08-01,SPY,SPY,1.0
2019-08-01,SPY,TLT,0.0
2019-08-01,SPY,VNQ,0.0
2019-08-01,Shrunk Max Sharpe λ=0.25,EEM,0.0
2019-08-01,Shrunk Max Sharpe λ=0.25,EFA,1.4907742914233226e-17
2019-08-01,Shrunk Max Sharpe λ=0.25,GLD,2.8135787893695156e-05
2019-08-01,Shrunk Max Sharpe λ=0.25,IEF,0.2999999999999997
2019-08-01,Shrunk Max Sharpe λ=0.25,IWM,2.4067884952473057e-17
2019-08-01,Shrunk Max Sharpe λ=0.25,LQD,0.2999999999999995
2019-08-01,Shrunk Max Sharpe λ=0.25,QQQ,0.24030908014371533
2019-08-01,Shrunk Max Sharpe λ=0.25,SPY,0.15966278406839143
2019-08-01,Shrunk Max Sharpe λ=0.25,TLT,2.3824965755018264e-16
2019-08-01,Shrunk Max Sharpe λ=0.25,VNQ,0.0
2019-08-01,Shrunk Max Sharpe λ=0.50,EEM,3.187778785150366e-14
2019-08-01,Shrunk Max Sharpe λ=0.50,EFA,2.4963746665185173e-14
2019-08-01,Shrunk Max Sharpe λ=0.50,GLD,0.0735102337057345
2019-08-01,Shrunk Max Sharpe λ=0.50,IEF,0.2999999999998331
2019-08-01,Shrunk Max Sharpe λ=0.50,IWM,2.6303319494199664e-14
2019-08-01,Shrunk Max Sharpe λ=0.50,LQD,0.29999999999987015
2019-08-01,Shrunk Max Sharpe λ=0.50,QQQ,0.02648976629432571
2019-08-01,Shrunk Max Sharpe λ=0.50,SPY,0.2999999999998863
2019-08-01,Shrunk Max Sharpe λ=0.50,TLT,2.3737792229434397e-13
2019-08-01,Shrunk Max Sharpe λ=0.50,VNQ,2.9730617199459295e-14
2019-08-01,Shrunk Max Sharpe λ=0.75,EEM,0.0
2019-08-01,Shrunk Max Sharpe λ=0.75,EFA,0.0
2019-08-01,Shrunk Max Sharpe λ=0.75,GLD,0.10334019905806142
2019-08-01,Shrunk Max Sharpe λ=0.75,IEF,0.3000000000000002
2019-08-01,Shrunk Max Sharpe λ=0.75,IWM,0.0
2019-08-01,Shrunk Max Sharpe λ=0.75,LQD,0.3000000000000002
2019-08-01,Shrunk Max Sharpe λ=0.75,QQQ,0.0
2019-08-01,Shrunk Max Sharpe λ=0.75,SPY,0.2674717249562614
2019-08-01,Shrunk Max Sharpe λ=0.75,TLT,0.029188075985676812
2019-08-01,Shrunk Max Sharpe λ=0.75,VNQ,0.0
2019-08-01,Turnover-Aware Max Sharpe γ=0.05,EEM,0.0
2019-08-01,Turnover-Aware Max Sharpe γ=0.05,EFA,1.762396410433669e-16
2019-08-01,Turnover-Aware Max Sharpe γ=0.05,GLD,0.006067561281298731
2019-08-01,Turnover-Aware Max Sharpe γ=0.05,IEF,0.09818801294038731
2019-08-01,Turnover-Aware Max Sharpe γ=0.05,IWM,0.0
2019-08-01,Turnover-Aware Max Sharpe γ=0.05,LQD,0.29999999999999993
2019-08-01,Turnover-Aware Max Sharpe γ=0.05,QQQ,0.29999999999999993
2019-08-01,Turnover-Aware Max Sharpe γ=0.05,SPY,0.2911466080252569
2019-08-01,Turnover-Aware Max Sharpe γ=0.05,TLT,0.00459781775305673
2019-08-01,Turnover-Aware Max Sharpe γ=0.05,VNQ,2.495246690345928e-16
2019-08-01,Turnover-Aware Max Sharpe γ=0.10,EEM,3.139093929574962e-16
2019-08-01,Turnover-Aware Max Sharpe γ=0.10,EFA,0.0
2019-08-01,Turnover-Aware Max Sharpe γ=0.10,GLD,7.987314186792199e-16
2019-08-01,Turnover-Aware Max Sharpe γ=0.10,IEF,0.0
2019-08-01,Turnover-Aware Max Sharpe γ=0.10,IWM,0.0
2019-08-01,Turnover-Aware Max Sharpe γ=0.10,LQD,0.2999999999999997
2019-08-01,Turnover-Aware Max Sharpe γ=0.10,QQQ,0.29999999999999954
2019-08-01,Turnover-Aware Max Sharpe γ=0.10,SPY,0.2999999999999997
2019-08-01,Turnover-Aware Max Sharpe γ=0.10,TLT,0.09999999999999962
2019-08-01,Turnover-Aware Max Sharpe γ=0.10,VNQ,2.7750526773162786e-16
2019-08-01,Turnover-Aware Max Sharpe γ=0.25,EEM,0.0
2019-08-01,Turnover-Aware Max Sharpe γ=0.25,EFA,0.0
2019-08-01,Turnover-Aware Max Sharpe γ=0.25,GLD,0.06013545960623967
2019-08-01,Turnover-Aware Max Sharpe γ=0.25,IEF,0.0
2019-08-01,Turnover-Aware Max Sharpe γ=0.25,IWM,0.0
2019-08-01,Turnover-Aware Max Sharpe γ=0.25,LQD,0.20876586581549234
2019-08-01,Turnover-Aware Max Sharpe γ=0.25,QQQ,0.29999999999999966
2019-08-01,Turnover-Aware Max Sharpe γ=0.25,SPY,0.2999999999999992
2019-08-01,Turnover-Aware Max Sharpe γ=0.25,TLT,0.13109867457826915
2019-08-01,Turnover-Aware Max Sharpe γ=0.25,VNQ,0.0
2019-10-01,Combined Robust Max Sharpe λ=0.50 γ=0.10,EEM,6.649087920873024e-17
2019-10-01,Combined Robust Max Sharpe λ=0.50 γ=0.10,EFA,0.0
2019-10-01,Combined Robust Max Sharpe λ=0.50 γ=0.10,GLD,0.0805778201701739
2019-10-01,Combined Robust Max Sharpe λ=0.50 γ=0.10,IEF,0.2999999999999999
2019-10-01,Combined Robust Max Sharpe λ=0.50 γ=0.10,IWM,7.251916850902662e-17
2019-10-01,Combined Robust Max Sharpe λ=0.50 γ=0.10,LQD,0.2999999999999999
2019-10-01,Combined Robust Max Sharpe λ=0.50 γ=0.10,QQQ,0.0
2019-10-01,Combined Robust Max Sharpe λ=0.50 γ=0.10,SPY,0.2899485561652831
2019-10-01,Combined Robust Max Sharpe λ=0.50 γ=0.10,TLT,0.029473623664543223
2019-10-01,Combined Robust Max Sharpe λ=0.50 γ=0.10,VNQ,0.0
2019-10-01,Equal Weight,EEM,0.1
2019-10-01,Equal Weight,EFA,0.1
2019-10-01,Equal Weight,GLD,0.1
2019-10-01,Equal Weight,IEF,0.1
2019-10-01,Equal Weight,IWM,0.1
2019-10-01,Equal Weight,LQD,0.1
2019-10-01,Equal Weight,QQQ,0.1
2019-10-01,Equal Weight,SPY,0.1
2019-10-01,Equal Weight,TLT,0.1
2019-10-01,Equal Weight,VNQ,0.1
2019-10-01,Maximum Sharpe,EEM,2.2515051486772763e-16
2019-10-01,Maximum Sharpe,EFA,4.394409669212576e-16
2019-10-01,Maximum Sharpe,GLD,0.03550265076492226
2019-10-01,Maximum Sharpe,IEF,0.0
2019-10-01,Maximum Sharpe,IWM,7.079042688880164e-16
2019-10-01,Maximum Sharpe,LQD,0.2999999999999982
2019-10-01,Maximum Sharpe,QQQ,0.170198961113201
2019-10-01,Maximum Sharpe,SPY,0.2999999999999976
2019-10-01,Maximum Sharpe,TLT,0.1942983881218794
2019-10-01,Maximum Sharpe,VNQ,0.0
2019-10-01,Minimum Variance,EEM,2.179222590586701e-18
2019-10-01,Minimum Variance,EFA,0.08157656020120231
2019-10-01,Minimum Variance,GLD,0.09625567745708796
2019-10-01,Minimum Variance,IEF,0.3
2019-10-01,Minimum Variance,IWM,0.060206461865385974
2019-10-01,Minimum Variance,LQD,0.3
2019-10-01,Minimum Variance,QQQ,0.0
2019-10-01,Minimum Variance,SPY,0.10105386018634577
2019-10-01,Minimum Variance,TLT,0.060907440289978014
2019-10-01,Minimum Variance,VNQ,0.0
2019-10-01,SPY,EEM,0.0
2019-10-01,SPY,EFA,0.0
2019-10-01,SPY,GLD,0.0
2019-10-01,SPY,IEF,0.0
2019-10-01,SPY,IWM,0.0
2019-10-01,SPY,LQD,0.0
2019-10-01,SPY,QQQ,0.0
2019-10-01,SPY,SPY,1.0
2019-10-01,SPY,TLT,0.0
2019-10-01,SPY,VNQ,0.0
2019-10-01,Shrunk Max Sharpe λ=0.25,EEM,1.4539315609960559e-15
2019-10-01,Shrunk Max Sharpe λ=0.25,EFA,7.773541615501072e-16
2019-10-01,Shrunk Max Sharpe λ=0.25,GLD,0.04248062304815566
2019-10-01,Shrunk Max Sharpe λ=0.25,IEF,0.2999999999999932
2019-10-01,Shrunk Max Sharpe λ=0.25,IWM,0.0
2019-10-01,Shrunk Max Sharpe λ=0.25,LQD,0.2999999999999948
2019-10-01,Shrunk Max Sharpe λ=0.25,QQQ,0.02846051085564395
2019-10-01,Shrunk Max Sharpe λ=0.25,SPY,0.29999999999999444
2019-10-01,Shrunk Max Sharpe λ=0.25,TLT,0.02905886609621497
2019-10-01,Shrunk Max Sharpe λ=0.25,VNQ,6.735270669269767e-16
2019-10-01,Shrunk Max Sharpe λ=0.50,EEM,1.6388378738167155e-16
2019-10-01,Shrunk Max Sharpe λ=0.50,EFA,0.0
2019-10-01,Shrunk Max Sharpe λ=0.50,GLD,0.06963971796016273
2019-10-01,Shrunk Max Sharpe λ=0.50,IEF,0.29999999999999966
2019-10-01,Shrunk Max Sharpe λ=0.50,IWM,1.9103679248719928e-16
2019-10-01,Shrunk Max Sharpe λ=0.50,LQD,0.2999999999999997
2019-10-01,Shrunk Max Sharpe λ=0.50,QQQ,0.0
2019-10-01,Shrunk Max Sharpe λ=0.50,SPY,0.2926219744991078
2019-10-01,Shrunk Max Sharpe λ=0.50,TLT,0.037738307540729904
2019-10-01,Shrunk Max Sharpe λ=0.50,VNQ,0.0
2019-10-01,Shrunk Max Sharpe λ=0.75,EEM,0.0
2019-10-01,Shrunk Max Sharpe λ=0.75,EFA,6.126900122705864e-16
2019-10-01,Shrunk Max Sharpe λ=0.75,GLD,0.09510381771872842
2019-10-01,Shrunk Max Sharpe λ=0.75,IEF,0.29999999999999877
2019-10-01,Shrunk Max Sharpe λ=0.75,IWM,5.434563934234326e-16
2019-10-01,Shrunk Max Sharpe λ=0.75,LQD,0.29999999999999866
2019-10-01,Shrunk Max Sharpe λ=0.75,QQQ,9.100047373817509e-16
2019-10-01,Shrunk Max Sharpe λ=0.75,SPY,0.2584489276984252
2019-10-01,Shrunk Max Sharpe λ=0.75,TLT,0.046447254582846736
2019-10-01,Shrunk Max Sharpe λ=0.75,VNQ,2.0641555277509813e-16
2019-10-01,Turnover-Aware Max Sharpe γ=0.05,EEM,0.0
2019-10-01,Turnover-Aware Max Sharpe γ=0.05,EFA,0.0
2019-10-01,Turnover-Aware Max Sharpe γ=0.05,GLD,0.02673438232801841
2019-10-01,Turnover-Aware Max Sharpe γ=0.05,IEF,0.0298569425106922
2019-10-01,Turnover-Aware Max Sharpe γ=0.05,IWM,0.0
2019-10-01,Turnover-Aware Max Sharpe γ=0.05,LQD,0.30000000000000004
2019-10-01,Turnover-Aware Max Sharpe γ=0.05,QQQ,0.1781005221938572
2019-10-01,Turnover-Aware Max Sharpe γ=0.05,SPY,0.29114660802525766
2019-10-01,Turnover-Aware Max Sharpe γ=0.05,TLT,0.17416154494217453
2019-10-01,Turnover-Aware Max Sharpe γ=0.05,VNQ,3.093405226379047e-17
2019-10-01,Turnover-Aware Max Sharpe γ=0.10,EEM,1.107507468873468e-15
2019-10-01,Turnover-Aware Max Sharpe γ=0.10,EFA,4.861958223933713e-16
2019-10-01,Turnover-Aware Max Sharpe γ=0.10,GLD,0.022217096072592753
2019-10-01,Turnover-Aware Max Sharpe γ=0.10,IEF,0.0
2019-10-01,Turnover-Aware Max Sharpe γ=0.10,IWM,7.881214904603585e-16
2019-10-01,Turnover-Aware Max Sharpe γ=0.10,LQD,0.2999999999999989
2019-10-01,Turnover-Aware Max Sharpe γ=0.10,QQQ,0.1892817250407814
2019-10-01,Turnover-Aware Max Sharpe γ=0.10,SPY,0.29999999999999655
2019-10-01,Turnover-Aware Max Sharpe γ=0.10,TLT,0.18850117888662776
2019-10-01,Turnover-Aware Max Sharpe γ=0.10,VNQ,3.165910412464272e-16
2019-10-01,Turnover-Aware Max Sharpe γ=0.25,EEM,0.0
2019-10-01,Turnover-Aware Max Sharpe γ=0.25,EFA,0.0
2019-10-01,Turnover-Aware Max Sharpe γ=0.25,GLD,0.06013545960623897
2019-10-01,Turnover-Aware Max Sharpe γ=0.25,IEF,0.0
2019-10-01,Turnover-Aware Max Sharpe γ=0.25,IWM,0.0
2019-10-01,Turnover-Aware Max Sharpe γ=0.25,LQD,0.20876586581549259
2019-10-01,Turnover-Aware Max Sharpe γ=0.25,QQQ,0.2496929988487492
2019-10-01,Turnover-Aware Max Sharpe γ=0.25,SPY,0.29999999999999843
2019-10-01,Turnover-Aware Max Sharpe γ=0.25,TLT,0.18140567572952068
2019-10-01,Turnover-Aware Max Sharpe γ=0.25,VNQ,0.0
2019-11-01,Combined Robust Max Sharpe λ=0.50 γ=0.10,EEM,1.216314834254563e-15
2019-11-01,Combined Robust Max Sharpe λ=0.50 γ=0.10,EFA,1.1894424503102683e-15
2019-11-01,Combined Robust Max Sharpe λ=0.50 γ=0.10,GLD,0.09347379756588085
2019-11-01,Combined Robust Max Sharpe λ=0.50 γ=0.10,IEF,0.299999999999999
2019-11-01,Combined Robust Max Sharpe λ=0.50 γ=0.10,IWM,1.7973105736130184e-15
2019-11-01,Combined Robust Max Sharpe λ=0.50 γ=0.10,LQD,0.29999999999999766
2019-11-01,Combined Robust Max Sharpe λ=0.50 γ=0.10,QQQ,4.2509707605853294e-16
2019-11-01,Combined Robust Max Sharpe λ=0.50 γ=0.10,SPY,0.277052578769572
2019-11-01,Combined Robust Max Sharpe λ=0.50 γ=0.10,TLT,0.029473623664545597
2019-11-01,Combined Robust Max Sharpe λ=0.50 γ=0.10,VNQ,2.327131586123442e-16
2019-11-01,Equal Weight,EEM,0.1
2019-11-01,Equal Weight,EFA,0.1
2019-11-01,Equal Weight,GLD,0.1
2019-11-01,Equal Weight,IEF,0.1
2019-11-01,Equal Weight,IWM,0.1
2019-11-01,Equal Weight,LQD,0.1
2019-11-01,Equal Weight,QQQ,0.1
2019-11-01,Equal Weight,SPY,0.1
2019-11-01,Equal Weight,TLT,0.1
2019-11-01,Equal Weight,VNQ,0.1
2019-11-01,Maximum Sharpe,EEM,0.0
2019-11-01,Maximum Sharpe,EFA,0.0
2019-11-01,Maximum Sharpe,GLD,0.10302874110045361
2019-11-01,Maximum Sharpe,IEF,0.0
2019-11-01,Maximum Sharpe,IWM,1.7048265151515804e-16
2019-11-01,Maximum Sharpe,LQD,0.3000000000000001
2019-11-01,Maximum Sharpe,QQQ,0.13745348587075124
2019-11-01,Maximum Sharpe,SPY,0.2750558744597039
2019-11-01,Maximum Sharpe,TLT,0.1844618985690909
2019-11-01,Maximum Sharpe,VNQ,2.879315500978939e-17
2019-11-01,Minimum Variance,EEM,1.611206742645335e-18
2019-11-01,Minimum Variance,EFA,0.08068092446312165
2019-11-01,Minimum Variance,GLD,0.10459359239543495
2019-11-01,Minimum Variance,IEF,0.30000000000000004
2019-11-01,Minimum Variance,IWM,0.07084285077322926
2019-11-01,Minimum Variance,LQD,0.30000000000000004
2019-11-01,Minimum Variance,QQQ,3.7870037844834914e-18
2019-11-01,Minimum Variance,SPY,0.08912529038721
2019-11-01,Minimum Variance,TLT,0.05475734198100417
2019-11-01,Minimum Variance,VNQ,0.0
2019-11-01,SPY,EEM,0.0
2019-11-01,SPY,EFA,0.0
2019-11-01,SPY,GLD,0.0
2019-11-01,SPY,IEF,0.0
2019-11-01,SPY,IWM,0.0
2019-11-01,SPY,LQD,0.0
2019-11-01,SPY,QQQ,0.0
2019-11-01,SPY,SPY,1.0
2019-11-01,SPY,TLT,0.0
2019-11-01,SPY,VNQ,0.0
2019-11-01,Shrunk Max Sharpe λ=0.25,EEM,8.291330031769598e-16
2019-11-01,Shrunk Max Sharpe λ=0.25,EFA,3.311632612972566e-17
2019-11-01,Shrunk Max Sharpe λ=0.25,GLD,0.07900111346018932
2019-11-01,Shrunk Max Sharpe λ=0.25,IEF,0.29999999999999943
2019-11-01,Shrunk Max Sharpe λ=0.25,IWM,0.0
2019-11-01,Shrunk Max Sharpe λ=0.25,LQD,0.29999999999999977
2019-11-01,Shrunk Max Sharpe λ=0.25,QQQ,0.0009022267172766661
2019-11-01,Shrunk Max Sharpe λ=0.25,SPY,0.2999999999999995
2019-11-01,Shrunk Max Sharpe λ=0.25,TLT,0.020096659822534464
2019-11-01,Shrunk Max Sharpe λ=0.25,VNQ,0.0
2019-11-01,Shrunk Max Sharpe λ=0.50,EEM,6.613962993991051e-16
2019-11-01,Shrunk Max Sharpe λ=0.50,EFA,0.0
2019-11-01,Shrunk Max Sharpe λ=0.50,GLD,0.09740112208640014
2019-11-01,Shrunk Max Sharpe λ=0.50,IEF,0.2999999999999999
2019-11-01,Shrunk Max Sharpe λ=0.50,IWM,1.148783678026391e-16
2019-11-01,Shrunk Max Sharpe λ=0.50,LQD,0.2999999999999999
2019-11-01,Shrunk Max Sharpe λ=0.50,QQQ,1.5585984630433931e-16
2019-11-01,Shrunk Max Sharpe λ=0.50,SPY,0.27259088824788763
2019-11-01,Shrunk Max Sharpe λ=0.50,TLT,0.030007989665711575
2019-11-01,Shrunk Max Sharpe λ=0.50,VNQ,0.0
2019-11-01,Shrunk Max Sharpe λ=0.75,EEM,0.0
2019-11-01,Shrunk Max Sharpe λ=0.75,EFA,0.007097176176321839
2019-11-01,Shrunk Max Sharpe λ=0.75,GLD,0.11001439427764431
2019-11-01,Shrunk Max Sharpe λ=0.75,IEF,0.3000000000000076
2019-11-01,Shrunk Max Sharpe λ=0.75,IWM,0.035327497160003246
2019-11-01,Shrunk Max Sharpe λ=0.75,LQD,0.3000000000000076
2019-11-01,Shrunk Max Sharpe λ=0.75,QQQ,0.0
2019-11-01,Shrunk Max Sharpe λ=0.75,SPY,0.20503690437700473
2019-11-01,Shrunk Max Sharpe λ=0.75,TLT,0.04252402800901078
2019-11-01,Shrunk Max Sharpe λ=0.75,VNQ,0.0
2019-11-01,Turnover-Aware Max Sharpe γ=0.05,EEM,0.0
2019-11-01,Turnover-Aware Max Sharpe γ=0.05,EFA,1.0995254051317549e-16
2019-11-01,Turnover-Aware Max Sharpe γ=0.05,GLD,0.09874159989579144
2019-11-01,Turnover-Aware Max Sharpe γ=0.05,IEF,8.763730562471855e-17
2019-11-01,Turnover-Aware Max Sharpe γ=0.05,IWM,1.8991213653542868e-16
2019-11-01,Turnover-Aware Max Sharpe γ=0.05,LQD,0.2999999999999989
2019-11-01,Turnover-Aware Max Sharpe γ=0.05,QQQ,0.13572437337904103
2019-11-01,Turnover-Aware Max Sharpe γ=0.05,SPY,0.28315077450675463
2019-11-01,Turnover-Aware Max Sharpe γ=0.05,TLT,0.18238325221841334
2019-11-01,Turnover-Aware Max Sharpe γ=0.05,VNQ,2.8216749342764754e-16
2019-11-01,Turnover-Aware Max Sharpe γ=0.10,EEM,0.0
2019-11-01,Turnover-Aware Max Sharpe γ=0.10,EFA,0.0
2019-11-01,Turnover-Aware Max Sharpe γ=0.10,GLD,0.08727618102470676
2019-11-01,Turnover-Aware Max Sharpe γ=0.10,IEF,0.0
2019-11-01,Turnover-Aware Max Sharpe γ=0.10,IWM,0.0
2019-11-01,Turnover-Aware Max Sharpe γ=0.10,LQD,0.3000000000000001
2019-11-01,Turnover-Aware Max Sharpe γ=0.10,QQQ,0.13469938719570074
2019-11-01,Turnover-Aware Max Sharpe γ=0.10,SPY,0.2895232528929684
2019-11-01,Turnover-Aware Max Sharpe γ=0.10,TLT,0.1885011788866238
2019-11-01,Turnover-Aware Max Sharpe γ=0.10,VNQ,2.257729181372212e-16
2019-11-01,Turnover-Aware Max Sharpe γ=0.25,EEM,2.6976143334011493e-16
2019-11-01,Turnover-Aware Max Sharpe γ=0.25,EFA,1.3905667743437566e-16
2019-11-01,Turnover-Aware Max Sharpe γ=0.25,GLD,0.09054189726165135
2019-11-01,Turnover-Aware Max Sharpe γ=0.25,IEF,2.6949260172664744e-17
2019-11-01,Turnover-Aware Max Sharpe γ=0.25,IWM,2.823393365321884e-16
2019-11-01,Turnover-Aware Max Sharpe γ=0.25,LQD,0.20876586581549256
2019-11-01,Turnover-Aware Max Sharpe γ=0.25,QQQ,0.1776348579686922
2019-11-01,Turnover-Aware Max Sharpe γ=0.25,SPY,0.29999999999999755
2019-11-01,Turnover-Aware Max Sharpe γ=0.25,TLT,0.22305737895416555
2019-11-01,Turnover-Aware Max Sharpe γ=0.25,VNQ,6.200473231048341e-19
2020-04-01,Combined Robust Max Sharpe λ=0.50 γ=0.10,EEM,7.374334706641108e-17
2020-04-01,Combined Robust Max Sharpe λ=0.50 γ=0.10,EFA,3.045702759465439e-16
2020-04-01,Combined Robust Max Sharpe λ=0.50 γ=0.10,GLD,0.14924161585524173
2020-04-01,Combined Robust Max Sharpe λ=0.50 γ=0.10,IEF,0.29999999999999993
2020-04-01,Combined Robust Max Sharpe λ=0.50 γ=0.10,IWM,2.26083869602701e-18
2020-04-01,Combined Robust Max Sharpe λ=0.50 γ=0.10,LQD,0.0
2020-04-01,Combined Robust Max Sharpe λ=0.50 γ=0.10,QQQ,0.2507583841447577
2020-04-01,Combined Robust Max Sharpe λ=0.50 γ=0.10,SPY,4.3583745731380125e-17
2020-04-01,Combined Robust Max Sharpe λ=0.50 γ=0.10,TLT,0.29999999999999993
2020-04-01,Combined Robust Max Sharpe λ=0.50 γ=0.10,VNQ,1.2380062346411062e-16
2020-04-01,Equal Weight,EEM,0.1
2020-04-01,Equal Weight,EFA,0.1
2020-04-01,Equal Weight,GLD,0.1
2020-04-01,Equal Weight,IEF,0.1
2020-04-01,Equal Weight,IWM,0.1
2020-04-01,Equal Weight,LQD,0.1
2020-04-01,Equal Weight,QQQ,0.1
2020-04-01,Equal Weight,SPY,0.1
2020-04-01,Equal Weight,TLT,0.1
2020-04-01,Equal Weight,VNQ,0.1
2020-04-01,Maximum Sharpe,EEM,0.0
2020-04-01,Maximum Sharpe,EFA,0.0
2020-04-01,Maximum Sharpe,GLD,0.1325339285045269
2020-04-01,Maximum Sharpe,IEF,0.2999999999999418
2020-04-01,Maximum Sharpe,IWM,0.0
2020-04-01,Maximum Sharpe,LQD,0.0
2020-04-01,Maximum Sharpe,QQQ,0.26746607149555185
2020-04-01,Maximum Sharpe,SPY,0.0
2020-04-01,Maximum Sharpe,TLT,0.29999999999997956
2020-04-01,Maximum Sharpe,VNQ,0.0
2020-04-01,Minimum Variance,EEM,0.0
2020-04-01,Minimum Variance,EFA,0.0
2020-04-01,Minimum Variance,GLD,0.17470084930764473
2020-04-01,Minimum Variance,IEF,0.29999999999999993
2020-04-01,Minimum Variance,IWM,0.0
2020-04-01,Minimum Variance,LQD,0.21881674499926476
2020-04-01,Minimum Variance,QQQ,1.917633913215515e-17
2020-04-01,Minimum Variance,SPY,0.1798136252182074
2020-04-01,Minimum Variance,TLT,0.1266687804748831
2020-04-01,Minimum Variance,VNQ,0.0
2020-04-01,SPY,EEM,0.0
2020-04-01,SPY,EFA,0.0
2020-04-01,SPY,GLD,0.0
2020-04-01,SPY,IEF,0.0
2020-04-01,SPY,IWM,0.0
2020-04-01,SPY,LQD,0.0
2020-04-01,SPY,QQQ,0.0
2020-04-01,SPY,SPY,1.0
2020-04-01,SPY,TLT,0.0
2020-04-01,SPY,VNQ,0.0
2020-04-01,Shrunk Max Sharpe λ=0.25,EEM,0.0
2020-04-01,Shrunk Max Sharpe λ=0.25,EFA,0.0
2020-04-01,Shrunk Max Sharpe λ=0.25,GLD,0.13939300079235012
2020-04-01,Shrunk Max Sharpe λ=0.25,IEF,0.29999999999997673
2020-04-01,Shrunk Max Sharpe λ=0.25,IWM,0.0
2020-04-01,Shrunk Max Sharpe λ=0.25,LQD,0.0
2020-04-01,Shrunk Max Sharpe λ=0.25,QQQ,0.2606069992076964
2020-04-01,Shrunk Max Sharpe λ=0.25,SPY,0.0
2020-04-01,Shrunk Max Sharpe λ=0.25,TLT,0.29999999999997673
2020-04-01,Shrunk Max Sharpe λ=0.25,VNQ,0.0
2020-04-01,Shrunk Max Sharpe λ=0.50,EEM,2.8833477841226747e-16
2020-04-01,Shrunk Max Sharpe λ=0.50,EFA,1.3220586592181258e-16
2020-04-01,Shrunk Max Sharpe λ=0.50,GLD,0.14924161392747454
2020-04-01,Shrunk Max Sharpe λ=0.50,IEF,0.2999999999999989
2020-04-01,Shrunk Max Sharpe λ=0.50,IWM,0.0
2020-04-01,Shrunk Max Sharpe λ=0.50,LQD,5.899219307956304e-16
2020-04-01,Shrunk Max Sharpe λ=0.50,QQQ,0.2507583860725254
2020-04-01,Shrunk Max Sharpe λ=0.50,SPY,2.3796195067626873e-16
2020-04-01,Shrunk Max Sharpe λ=0.50,TLT,0.30000000000000004
2020-04-01,Shrunk Max Sharpe λ=0.50,VNQ,0.0
2020-04-01,Shrunk Max Sharpe λ=0.75,EEM,1.7839311237521494e-17
2020-04-01,Shrunk Max Sharpe λ=0.75,EFA,1.6240734932516257e-16
2020-04-01,Shrunk Max Sharpe λ=0.75,GLD,0.16094578432513681
2020-04-01,Shrunk Max Sharpe λ=0.75,IEF,0.2999999999999999
2020-04-01,Shrunk Max Sharpe λ=0.75,IWM,6.976206877247267e-17
2020-04-01,Shrunk Max Sharpe λ=0.75,LQD,0.00468554416078242
2020-04-01,Shrunk Max Sharpe λ=0.75,QQQ,0.2343686715140807
2020-04-01,Shrunk Max Sharpe λ=0.75,SPY,0.0
2020-04-01,Shrunk Max Sharpe λ=0.75,TLT,0.3000000000000001
2020-04-01,Shrunk Max Sharpe λ=0.75,VNQ,0.0
2020-04-01,Turnover-Aware Max Sharpe γ=0.05,EEM,1.2028160500150094e-14
2020-04-01,Turnover-Aware Max Sharpe γ=0.05,EFA,9.418763061183846e-15
2020-04-01,Turnover-Aware Max Sharpe γ=0.05,GLD,0.13253409073313108
2020-04-01,Turnover-Aware Max Sharpe γ=0.05,IEF,0.3000000000000011
2020-04-01,Turnover-Aware Max Sharpe γ=0.05,IWM,1.150370784444845e-14
2020-04-01,Turnover-Aware Max Sharpe γ=0.05,LQD,0.0
2020-04-01,Turnover-Aware Max Sharpe γ=0.05,QQQ,0.26746590926683905
2020-04-01,Turnover-Aware Max Sharpe γ=0.05,SPY,5.735724583230252e-16
2020-04-01,Turnover-Aware Max Sharpe γ=0.05,TLT,0.2999999999999831
2020-04-01,Turnover-Aware Max Sharpe γ=0.05,VNQ,1.2077036007896276e-14
2020-04-01,Turnover-Aware Max Sharpe γ=0.10,EEM,9.352678159899782e-14
2020-04-01,Turnover-Aware Max Sharpe γ=0.10,EFA,8.295648435013203e-14
2020-04-01,Turnover-Aware Max Sharpe γ=0.10,GLD,0.1325339531218178
2020-04-01,Turnover-Aware Max Sharpe γ=0.10,IEF,0.29999999999998456
2020-04-01,Turnover-Aware Max Sharpe γ=0.10,IWM,9.59664201192083e-14
2020-04-01,Turnover-Aware Max Sharpe γ=0.10,LQD,0.0
2020-04-01,Turnover-Aware Max Sharpe γ=0.10,QQQ,0.26746604687800535
2020-04-01,Turnover-Aware Max Sharpe γ=0.10,SPY,0.0
2020-04-01,Turnover-Aware Max Sharpe γ=0.10,TLT,0.2999999999998298
2020-04-01,Turnover-Aware Max Sharpe γ=0.10,VNQ,9.014917904214711e-14
2020-04-01,Turnover-Aware Max Sharpe γ=0.25,EEM,0.0
2020-04-01,Turnover-Aware Max Sharpe γ=0.25,EFA,0.0
2020-04-01,Turnover-Aware Max Sharpe γ=0.25,GLD,0.13253396234648618
2020-04-01,Turnover-Aware Max Sharpe γ=0.25,IEF,0.2999999999996345
2020-04-01,Turnover-Aware Max Sharpe γ=0.25,IWM,0.0
2020-04-01,Turnover-Aware Max Sharpe γ=0.25,LQD,1.6706051066783972e-13
2020-04-01,Turnover-Aware Max Sharpe γ=0.25,QQQ,0.26746603765359833
2020-04-01,Turnover-Aware Max Sharpe γ=0.25,SPY,2.0757916070814873e-13
2020-04-01,Turnover-Aware Max Sharpe γ=0.25,TLT,0.2999999999999066
2020-04-01,Turnover-Aware Max Sharpe γ=0.25,VNQ,0.0
2020-05-01,Combined Robust Max Sharpe λ=0.50 γ=0.10,EEM,0.0
2020-05-01,Combined Robust Max Sharpe λ=0.50 γ=0.10,EFA,0.0
2020-05-01,Combined Robust Max Sharpe λ=0.50 γ=0.10,GLD,0.14924161585524104
2020-05-01,Combined Robust Max Sharpe λ=0.50 γ=0.10,IEF,0.2999999999999997
2020-05-01,Combined Robust Max Sharpe λ=0.50 γ=0.10,IWM,0.0
2020-05-01,Combined Robust Max Sharpe λ=0.50 γ=0.10,LQD,4.2098828067906244e-16
2020-05-01,Combined Robust Max Sharpe λ=0.50 γ=0.10,QQQ,0.25075838414475937
2020-05-01,Combined Robust Max Sharpe λ=0.50 γ=0.10,SPY,0.0
2020-05-01,Combined Robust Max Sharpe λ=0.50 γ=0.10,TLT,0.2999999999999995
2020-05-01,Combined Robust Max Sharpe λ=0.50 γ=0.10,VNQ,6.609156716617931e-17
2020-05-01,Equal Weight,EEM,0.1
2020-05-01,Equal Weight,EFA,0.1
2020-05-01,Equal Weight,GLD,0.1
2020-05-01,Equal Weight,IEF,0.1
2020-05-01,Equal Weight,IWM,0.1
2020-05-01,Equal Weight,LQD,0.1
2020-05-01,Equal Weight,QQQ,0.1
2020-05-01,Equal Weight,SPY,0.1
2020-05-01,Equal Weight,TLT,0.1
2020-05-01,Equal Weight,VNQ,0.1
2020-05-01,Maximum Sharpe,EEM,0.0
2020-05-01,Maximum Sharpe,EFA,0.0
2020-05-01,Maximum Sharpe,GLD,0.13013967627948586
2020-05-01,Maximum Sharpe,IEF,0.2999999999999589
2020-05-01,Maximum Sharpe,IWM,0.0
2020-05-01,Maximum Sharpe,LQD,0.0
2020-05-01,Maximum Sharpe,QQQ,0.26986032372059643
2020-05-01,Maximum Sharpe,SPY,0.0
2020-05-01,Maximum Sharpe,TLT,0.2999999999999589
2020-05-01,Maximum Sharpe,VNQ,0.0
2020-05-01,Minimum Variance,EEM,0.0
2020-05-01,Minimum Variance,EFA,0.0
2020-05-01,Minimum Variance,GLD,0.17361539092892544
2020-05-01,Minimum Variance,IEF,0.2999999999999999
2020-05-01,Minimum Variance,IWM,0.0
2020-05-01,Minimum Variance,LQD,0.1916641702151913
2020-05-01,Minimum Variance,QQQ,0.0
2020-05-01,Minimum Variance,SPY,0.17852580648333644
2020-05-01,Minimum Variance,TLT,0.156194632372547
2020-05-01,Minimum Variance,VNQ,1.005116564526665e-17
2020-05-01,SPY,EEM,0.0
2020-05-01,SPY,EFA,0.0
2020-05-01,SPY,GLD,0.0
2020-05-01,SPY,IEF,0.0
2020-05-01,SPY,IWM,0.0
2020-05-01,SPY,LQD,0.0
2020-05-01,SPY,QQQ,0.0
2020-05-01,SPY,SPY,1.0
2020-05-01,SPY,TLT,0.0
2020-05-01,SPY,VNQ,0.0
2020-05-01,Shrunk Max Sharpe λ=0.25,EEM,0.0
2020-05-01,Shrunk Max Sharpe λ=0.25,EFA,0.0
2020-05-01,Shrunk Max Sharpe λ=0.25,GLD,0.14102967371482222
2020-05-01,Shrunk Max Sharpe λ=0.25,IEF,0.2999999999999959
2020-05-01,Shrunk Max Sharpe λ=0.25,IWM,0.0
2020-05-01,Shrunk Max Sharpe λ=0.25,LQD,0.0
2020-05-01,Shrunk Max Sharpe λ=0.25,QQQ,0.25897032628518607
2020-05-01,Shrunk Max Sharpe λ=0.25,SPY,0.0
2020-05-01,Shrunk Max Sharpe λ=0.25,TLT,0.2999999999999959
2020-05-01,Shrunk Max Sharpe λ=0.25,VNQ,0.0
2020-05-01,Shrunk Max Sharpe λ=0.50,EEM,0.0
2020-05-01,Shrunk Max Sharpe λ=0.50,EFA,3.8847744835837734e-18
2020-05-01,Shrunk Max Sharpe λ=0.50,GLD,0.15494020359260793
2020-05-01,Shrunk Max Sharpe λ=0.50,IEF,0.2999999999999999
2020-05-01,Shrunk Max Sharpe λ=0.50,IWM,0.0
2020-05-01,Shrunk Max Sharpe λ=0.50,LQD,0.0
2020-05-01,Shrunk Max Sharpe λ=0.50,QQQ,0.24505979640739212
2020-05-01,Shrunk Max Sharpe λ=0.50,SPY,2.328948818317083e-16
2020-05-01,Shrunk Max Sharpe λ=0.50,TLT,0.2999999999999998
2020-05-01,Shrunk Max Sharpe λ=0.50,VNQ,1.044511905828156e-16
2020-05-01,Shrunk Max Sharpe λ=0.75,EEM,0.0
2020-05-01,Shrunk Max Sharpe λ=0.75,EFA,0.0
2020-05-01,Shrunk Max Sharpe λ=0.75,GLD,0.16677534449014864
2020-05-01,Shrunk Max Sharpe λ=0.75,IEF,0.2999999999999997
2020-05-01,Shrunk Max Sharpe λ=0.75,IWM,0.0
2020-05-01,Shrunk Max Sharpe λ=0.75,LQD,0.07039829318536243
2020-05-01,Shrunk Max Sharpe λ=0.75,QQQ,0.18997297570575
2020-05-01,Shrunk Max Sharpe λ=0.75,SPY,0.020352761350202093
2020-05-01,Shrunk Max Sharpe λ=0.75,TLT,0.25250062526853717
2020-05-01,Shrunk Max Sharpe λ=0.75,VNQ,0.0
2020-05-01,Turnover-Aware Max Sharpe γ=0.05,EEM,3.7747582837255366e-16
2020-05-01,Turnover-Aware Max Sharpe γ=0.05,EFA,1.1546319456101873e-15
2020-05-01,Turnover-Aware Max Sharpe γ=0.05,GLD,0.13253409073316055
2020-05-01,Turnover-Aware Max Sharpe γ=0.05,IEF,0.29999999999999827
2020-05-01,Turnover-Aware Max Sharpe γ=0.05,IWM,1.7097434579227395e-15
2020-05-01,Turnover-Aware Max Sharpe γ=0.05,LQD,0.0
2020-05-01,Turnover-Aware Max Sharpe γ=0.05,QQQ,0.26746590926683916
2020-05-01,Turnover-Aware Max Sharpe γ=0.05,SPY,4.44089209850576e-17
2020-05-01,Turnover-Aware Max Sharpe γ=0.05,TLT,0.2999999999999982
2020-05-01,Turnover-Aware Max Sharpe γ=0.05,VNQ,3.774758283725663e-16
2020-05-01,Turnover-Aware Max Sharpe γ=0.10,EEM,0.0
2020-05-01,Turnover-Aware Max Sharpe γ=0.10,EFA,0.0
2020-05-01,Turnover-Aware Max Sharpe γ=0.10,GLD,0.132533953121818
2020-05-01,Turnover-Aware Max Sharpe γ=0.10,IEF,0.2999999999999999
2020-05-01,Turnover-Aware Max Sharpe γ=0.10,IWM,0.0
2020-05-01,Turnover-Aware Max Sharpe γ=0.10,LQD,3.8302694764813426e-16
2020-05-01,Turnover-Aware Max Sharpe γ=0.10,QQQ,0.26746604687818176
2020-05-01,Turnover-Aware Max Sharpe γ=0.10,SPY,1.0547119149185784e-16
2020-05-01,Turnover-Aware Max Sharpe γ=0.10,TLT,0.2999999999999999
2020-05-01,Turnover-Aware Max Sharpe γ=0.10,VNQ,0.0
2020-05-01,Turnover-Aware Max Sharpe γ=0.25,EEM,2.972130212405501e-14
2020-05-01,Turnover-Aware Max Sharpe γ=0.25,EFA,2.2543176650084445e-14
2020-05-01,Turnover-Aware Max Sharpe γ=0.25,GLD,0.13253396234647682
2020-05-01,Turnover-Aware Max Sharpe γ=0.25,IEF,0.2999999999999578
2020-05-01,Turnover-Aware Max Sharpe γ=0.25,IWM,2.277340847969617e-14
2020-05-01,Turnover-Aware Max Sharpe γ=0.25,LQD,8.347144238360364e-15
2020-05-01,Turnover-Aware Max Sharpe γ=0.25,QQQ,0.2674660376534844
2020-05-01,Turnover-Aware Max Sharpe γ=0.25,SPY,1.2040003288132316e-14
2020-05-01,Turnover-Aware Max Sharpe γ=0.25,TLT,0.2999999999999652
2020-05-01,Turnover-Aware Max Sharpe γ=0.25,VNQ,2.054818697133411e-14
2020-06-01,Combined Robust Max Sharpe λ=0.50 γ=0.10,EEM,1.4533098406032953e-16
2020-06-01,Combined Robust Max Sharpe λ=0.50 γ=0.10,EFA,1.2737968678173114e-16
2020-06-01,Combined Robust Max Sharpe λ=0.50 γ=0.10,GLD,0.14927736709705697
2020-06-01,Combined Robust Max Sharpe λ=0.50 γ=0.10,IEF,0.2999999999999994
2020-06-01,Combined Robust Max Sharpe λ=0.50 γ=0.10,IWM,0.0
2020-06-01,Combined Robust Max Sharpe λ=0.50 γ=0.10,LQD,0.0
2020-06-01,Combined Robust Max Sharpe λ=0.50 γ=0.10,QQQ,0.2507226329029438
2020-06-01,Combined Robust Max Sharpe λ=0.50 γ=0.10,SPY,7.561880350016242e-17
2020-06-01,Combined Robust Max Sharpe λ=0.50 γ=0.10,TLT,0.29999999999999943
2020-06-01,Combined Robust Max Sharpe λ=0.50 γ=0.10,VNQ,0.0
2020-06-01,Equal Weight,EEM,0.1
2020-06-01,Equal Weight,EFA,0.1
2020-06-01,Equal Weight,GLD,0.1
2020-06-01,Equal Weight,IEF,0.1
2020-06-01,Equal Weight,IWM,0.1
2020-06-01,Equal Weight,LQD,0.1
2020-06-01,Equal Weight,QQQ,0.1
2020-06-01,Equal Weight,SPY,0.1
2020-06-01,Equal Weight,TLT,0.1
2020-06-01,Equal Weight,VNQ,0.1
2020-06-01,Maximum Sharpe,EEM,9.45106930332274e-16
2020-06-01,Maximum Sharpe,EFA,2.2203757547998403e-15
2020-06-01,Maximum Sharpe,GLD,0.12878405354430042
2020-06-01,Maximum Sharpe,IEF,0.29999999999999877
2020-06-01,Maximum Sharpe,IWM,1.2566601802633202e-16
2020-06-01,Maximum Sharpe,LQD,0.0
2020-06-01,Maximum Sharpe,QQQ,0.2712159464556966
2020-06-01,Maximum Sharpe,SPY,0.0
2020-06-01,Maximum Sharpe,TLT,0.29999999999999954
2020-06-01,Maximum Sharpe,VNQ,1.5937827909209108e-15
2020-06-01,Minimum Variance,EEM,0.0
2020-06-01,Minimum Variance,EFA,0.005493903397767288
2020-06-01,Minimum Variance,GLD,0.17497355827141545
2020-06-01,Minimum Variance,IEF,0.29999999999999993
2020-06-01,Minimum Variance,IWM,0.0
2020-06-01,Minimum Variance,LQD,0.19458831822547398
2020-06-01,Minimum Variance,QQQ,1.0612613722557451e-17
2020-06-01,Minimum Variance,SPY,0.17147488624159368
2020-06-01,Minimum Variance,TLT,0.15346933386374972
2020-06-01,Minimum Variance,VNQ,9.914422786715627e-18
2020-06-01,SPY,EEM,0.0
2020-06-01,SPY,EFA,0.0
2020-06-01,SPY,GLD,0.0
2020-06-01,SPY,IEF,0.0
2020-06-01,SPY,IWM,0.0
2020-06-01,SPY,LQD,0.0
2020-06-01,SPY,QQQ,0.0
2020-06-01,SPY,SPY,1.0
2020-06-01,SPY,TLT,0.0
2020-06-01,SPY,VNQ,0.0
2020-06-01,Shrunk Max Sharpe λ=0.25,EEM,1.0049930719473011e-16
2020-06-01,Shrunk Max Sharpe λ=0.25,EFA,0.0
2020-06-01,Shrunk Max Sharpe λ=0.25,GLD,0.14410898671025218
2020-06-01,Shrunk Max Sharpe λ=0.25,IEF,0.29999999999999966
2020-06-01,Shrunk Max Sharpe λ=0.25,IWM,0.0
2020-06-01,Shrunk Max Sharpe λ=0.25,LQD,0.0
2020-06-01,Shrunk Max Sharpe λ=0.25,QQQ,0.2587327103637393
2020-06-01,Shrunk Max Sharpe λ=0.25,SPY,0.0
2020-06-01,Shrunk Max Sharpe λ=0.25,TLT,0.2971583029260088
2020-06-01,Shrunk Max Sharpe λ=0.25,VNQ,0.0
2020-06-01,Shrunk Max Sharpe λ=0.50,EEM,0.0
2020-06-01,Shrunk Max Sharpe λ=0.50,EFA,0.0
2020-06-01,Shrunk Max Sharpe λ=0.50,GLD,0.171308611256645
2020-06-01,Shrunk Max Sharpe λ=0.50,IEF,0.2999999999999997
2020-06-01,Shrunk Max Sharpe λ=0.50,IWM,0.0
2020-06-01,Shrunk Max Sharpe λ=0.50,LQD,0.0
2020-06-01,Shrunk Max Sharpe λ=0.50,QQQ,0.24283234241864832
2020-06-01,Shrunk Max Sharpe λ=0.50,SPY,2.949022743435096e-16
2020-06-01,Shrunk Max Sharpe λ=0.50,TLT,0.28585904632470666
2020-06-01,Shrunk Max Sharpe λ=0.50,VNQ,0.0
2020-06-01,Shrunk Max Sharpe λ=0.75,EEM,0.0
2020-06-01,Shrunk Max Sharpe λ=0.75,EFA,0.0
2020-06-01,Shrunk Max Sharpe λ=0.75,GLD,0.17889239163879758
2020-06-01,Shrunk Max Sharpe λ=0.75,IEF,0.29999999999999966
2020-06-01,Shrunk Max Sharpe λ=0.75,IWM,0.0
2020-06-01,Shrunk Max Sharpe λ=0.75,LQD,0.09523361388539146
2020-06-01,Shrunk Max Sharpe λ=0.75,QQQ,0.1608648307576216
2020-06-01,Shrunk Max Sharpe λ=0.75,SPY,0.0428773535308973
2020-06-01,Shrunk Max Sharpe λ=0.75,TLT,0.22213181018729233
2020-06-01,Shrunk Max Sharpe λ=0.75,VNQ,0.0
2020-06-01,Turnover-Aware Max Sharpe γ=0.05,EEM,9.137477215727428e-14
2020-06-01,Turnover-Aware Max Sharpe γ=0.05,EFA,7.348323144064749e-14
2020-06-01,Turnover-Aware Max Sharpe γ=0.05,GLD,0.13163965725076804
2020-06-01,Turnover-Aware Max Sharpe γ=0.05,IEF,0.3000000000000448
2020-06-01,Turnover-Aware Max Sharpe γ=0.05,IWM,7.039273554959621e-14
2020-06-01,Turnover-Aware Max Sharpe γ=0.05,LQD,3.907034655711562e-14
2020-06-01,Turnover-Aware Max Sharpe γ=0.05,QQQ,0.2683603427488703
2020-06-01,Turnover-Aware Max Sharpe γ=0.05,SPY,5.007067498061453e-14
2020-06-01,Turnover-Aware Max Sharpe γ=0.05,TLT,0.2999999999999228
2020-06-01,Turnover-Aware Max Sharpe γ=0.05,VNQ,6.972875569153997e-14
2020-06-01,Turnover-Aware Max Sharpe γ=0.10,EEM,0.0
2020-06-01,Turnover-Aware Max Sharpe γ=0.10,EFA,0.0
2020-06-01,Turnover-Aware Max Sharpe γ=0.10,GLD,0.13253395312196212
2020-06-01,Turnover-Aware Max Sharpe γ=0.10,IEF,0.2999999999998649
2020-06-01,Turnover-Aware Max Sharpe γ=0.10,IWM,0.0
2020-06-01,Turnover-Aware Max Sharpe γ=0.10,LQD,0.0
2020-06-01,Turnover-Aware Max Sharpe γ=0.10,QQQ,0.26746604687824954
2020-06-01,Turnover-Aware Max Sharpe γ=0.10,SPY,0.0
2020-06-01,Turnover-Aware Max Sharpe γ=0.10,TLT,0.2999999999999234
2020-06-01,Turnover-Aware Max Sharpe γ=0.10,VNQ,0.0
2020-06-01,Turnover-Aware Max Sharpe γ=0.25,EEM,0.0
2020-06-01,Turnover-Aware Max Sharpe γ=0.25,EFA,0.0
2020-06-01,Turnover-Aware Max Sharpe γ=0.25,GLD,0.13253396234649661
2020-06-01,Turnover-Aware Max Sharpe γ=0.25,IEF,0.29999999999997523
2020-06-01,Turnover-Aware Max Sharpe γ=0.25,IWM,0.0
2020-06-01,Turnover-Aware Max Sharpe γ=0.25,LQD,0.0
2020-06-01,Turnover-Aware Max Sharpe γ=0.25,QQQ,0.26746603765355303
2020-06-01,Turnover-Aware Max Sharpe γ=0.25,SPY,0.0
2020-06-01,Turnover-Aware Max Sharpe γ=0.25,TLT,0.29999999999997523
2020-06-01,Turnover-Aware Max Sharpe γ=0.25,VNQ,0.0
2020-07-01,Combined Robust Max Sharpe λ=0.50 γ=0.10,EEM,0.0
2020-07-01,Combined Robust Max Sharpe λ=0.50 γ=0.10,EFA,0.0
2020-07-01,Combined Robust Max Sharpe λ=0.50 γ=0.10,GLD,0.1634252645025876
2020-07-01,Combined Robust Max Sharpe λ=0.50 γ=0.10,IEF,0.2999999999999997
2020-07-01,Combined Robust Max Sharpe λ=0.50 γ=0.10,IWM,0.0
2020-07-01,Combined Robust Max Sharpe λ=0.50 γ=0.10,LQD,1.985373112452864e-16
2020-07-01,Combined Robust Max Sharpe λ=0.50 γ=0.10,QQQ,0.25049745259092665
2020-07-01,Combined Robust Max Sharpe λ=0.50 γ=0.10,SPY,6.880633359007311e-16
2020-07-01,Combined Robust Max Sharpe λ=0.50 γ=0.10,TLT,0.286077282906485
2020-07-01,Combined Robust Max Sharpe λ=0.50 γ=0.10,VNQ,0.0
2020-07-01,Equal Weight,EEM,0.1
2020-07-01,Equal Weight,EFA,0.1
2020-07-01,Equal Weight,GLD,0.1
2020-07-01,Equal Weight,IEF,0.1
2020-07-01,Equal Weight,IWM,0.1
2020-07-01,Equal Weight,LQD,0.1
2020-07-01,Equal Weight,QQQ,0.1
2020-07-01,Equal Weight,SPY,0.1
2020-07-01,Equal Weight,TLT,0.1
2020-07-01,Equal Weight,VNQ,0.1
2020-07-01,Maximum Sharpe,EEM,7.766696491143553e-15
2020-07-01,Maximum Sharpe,EFA,6.114815890004469e-15
2020-07-01,Maximum Sharpe,GLD,0.15325509870030418
2020-07-01,Maximum Sharpe,IEF,0.29999999999999194
2020-07-01,Maximum Sharpe,IWM,4.063094630635497e-15
2020-07-01,Maximum Sharpe,LQD,5.1497276113919535e-15
2020-07-01,Maximum Sharpe,QQQ,0.27184811339391346
2020-07-01,Maximum Sharpe,SPY,3.263552016711527e-15
2020-07-01,Maximum Sharpe,TLT,0.2748967879057578
2020-07-01,Maximum Sharpe,VNQ,6.2142959347661406e-15
2020-07-01,Minimum Variance,EEM,0.0
2020-07-01,Minimum Variance,EFA,0.013334359591087001
2020-07-01,Minimum Variance,GLD,0.17064450125204178
2020-07-01,Minimum Variance,IEF,0.29999999999999993
2020-07-01,Minimum Variance,IWM,1.8102951063396403e-18
2020-07-01,Minimum Variance,LQD,0.19152434358416937
2020-07-01,Minimum Variance,QQQ,0.0
2020-07-01,Minimum Variance,SPY,0.16396407940354965
2020-07-01,Minimum Variance,TLT,0.16053271616915216
2020-07-01,Minimum Variance,VNQ,0.0
2020-07-01,SPY,EEM,0.0
2020-07-01,SPY,EFA,0.0
2020-07-01,SPY,GLD,0.0
2020-07-01,SPY,IEF,0.0
2020-07-01,SPY,IWM,0.0
2020-07-01,SPY,LQD,0.0
2020-07-01,SPY,QQQ,0.0
2020-07-01,SPY,SPY,1.0
2020-07-01,SPY,TLT,0.0
2020-07-01,SPY,VNQ,0.0
2020-07-01,Shrunk Max Sharpe λ=0.25,EEM,0.0
2020-07-01,Shrunk Max Sharpe λ=0.25,EFA,0.0
2020-07-01,Shrunk Max Sharpe λ=0.25,GLD,0.1693379606381084
2020-07-01,Shrunk Max Sharpe λ=0.25,IEF,0.29999999999999893
2020-07-01,Shrunk Max Sharpe λ=0.25,IWM,0.0
2020-07-01,Shrunk Max Sharpe λ=0.25,LQD,0.0
2020-07-01,Shrunk Max Sharpe λ=0.25,QQQ,0.2587844257243026
2020-07-01,Shrunk Max Sharpe λ=0.25,SPY,2.251673543854755e-16
2020-07-01,Shrunk Max Sharpe λ=0.25,TLT,0.27187761363758994
2020-07-01,Shrunk Max Sharpe λ=0.25,VNQ,0.0
2020-07-01,Shrunk Max Sharpe λ=0.50,EEM,0.0
2020-07-01,Shrunk Max Sharpe λ=0.50,EFA,0.0
2020-07-01,Shrunk Max Sharpe λ=0.50,GLD,0.18863412652000064
2020-07-01,Shrunk Max Sharpe λ=0.50,IEF,0.29999999999999943
2020-07-01,Shrunk Max Sharpe λ=0.50,IWM,2.9831419968475185e-16
2020-07-01,Shrunk Max Sharpe λ=0.50,LQD,3.719397607893819e-16
2020-07-01,Shrunk Max Sharpe λ=0.50,QQQ,0.2431106343645345
2020-07-01,Shrunk Max Sharpe λ=0.50,SPY,1.7844249546446561e-16
2020-07-01,Shrunk Max Sharpe λ=0.50,TLT,0.2682552391154645
2020-07-01,Shrunk Max Sharpe λ=0.50,VNQ,1.0133565977502432e-16
2020-07-01,Shrunk Max Sharpe λ=0.75,EEM,1.6933809982243535e-16
2020-07-01,Shrunk Max Sharpe λ=0.75,EFA,1.012743390018505e-16
2020-07-01,Shrunk Max Sharpe λ=0.75,GLD,0.18505197136892412
2020-07-01,Shrunk Max Sharpe λ=0.75,IEF,0.29999999999999993
2020-07-01,Shrunk Max Sharpe λ=0.75,IWM,0.0
2020-07-01,Shrunk Max Sharpe λ=0.75,LQD,0.11819361718696218
2020-07-01,Shrunk Max Sharpe λ=0.75,QQQ,0.19259837550891876
2020-07-01,Shrunk Max Sharpe λ=0.75,SPY,1.1106388907526854e-16
2020-07-01,Shrunk Max Sharpe λ=0.75,TLT,0.20415603593519463
2020-07-01,Shrunk Max Sharpe λ=0.75,VNQ,7.926217485804671e-17
2020-07-01,Turnover-Aware Max Sharpe γ=0.05,EEM,6.074395442206643e-15
2020-07-01,Turnover-Aware Max Sharpe γ=0.05,EFA,2.7077803846862845e-15
2020-07-01,Turnover-Aware Max Sharpe γ=0.05,GLD,0.1456948430751444
2020-07-01,Turnover-Aware Max Sharpe γ=0.05,IEF,0.30000000000000043
2020-07-01,Turnover-Aware Max Sharpe γ=0.05,IWM,8.063078260808898e-16
2020-07-01,Turnover-Aware Max Sharpe γ=0.05,LQD,1.1089212152677897e-15
2020-07-01,Turnover-Aware Max Sharpe γ=0.05,QQQ,0.27244793808577966
2020-07-01,Turnover-Aware Max Sharpe γ=0.05,SPY,3.7366911813888e-15
2020-07-01,Turnover-Aware Max Sharpe γ=0.05,TLT,0.28185721883905684
2020-07-01,Turnover-Aware Max Sharpe γ=0.05,VNQ,4.3743512850813256e-15
2020-07-01,Turnover-Aware Max Sharpe γ=0.10,EEM,2.2378320515543383e-15
2020-07-01,Turnover-Aware Max Sharpe γ=0.10,EFA,1.7033167511841264e-15
2020-07-01,Turnover-Aware Max Sharpe γ=0.10,GLD,0.13805769747790678
2020-07-01,Turnover-Aware Max Sharpe γ=0.10,IEF,0.2999999999999978
2020-07-01,Turnover-Aware Max Sharpe γ=0.10,IWM,1.1931628544725502e-15
2020-07-01,Turnover-Aware Max Sharpe γ=0.10,LQD,0.0
2020-07-01,Turnover-Aware Max Sharpe γ=0.10,QQQ,0.2730851505381125
2020-07-01,Turnover-Aware Max Sharpe γ=0.10,SPY,3.2534325689797284e-16
2020-07-01,Turnover-Aware Max Sharpe γ=0.10,TLT,0.28885715198397655
2020-07-01,Turnover-Aware Max Sharpe γ=0.10,VNQ,9.276848299853217e-16
2020-07-01,Turnover-Aware Max Sharpe γ=0.25,EEM,0.0
2020-07-01,Turnover-Aware Max Sharpe γ=0.25,EFA,0.0
2020-07-01,Turnover-Aware Max Sharpe γ=0.25,GLD,0.13253396234658246
2020-07-01,Turnover-Aware Max Sharpe γ=0.25,IEF,0.2999999999998031
2020-07-01,Turnover-Aware Max Sharpe γ=0.25,IWM,0.0
2020-07-01,Turnover-Aware Max Sharpe γ=0.25,LQD,0.0
2020-07-01,Turnover-Aware Max Sharpe γ=0.25,QQQ,0.26982036448119456
2020-07-01,Turnover-Aware Max Sharpe γ=0.25,SPY,0.0
2020-07-01,Turnover-Aware Max Sharpe γ=0.25,TLT,0.29764567317241986
2020-07-01,Turnover-Aware Max Sharpe γ=0.25,VNQ,0.0
2020-09-01,Combined Robust Max Sharpe λ=0.50 γ=0.10,EEM,0.0
2020-09-01,Combined Robust Max Sharpe λ=0.50 γ=0.10,EFA,3.9242539147573314e-17
2020-09-01,Combined Robust Max Sharpe λ=0.50 γ=0.10,GLD,0.16601874613942272
2020-09-01,Combined Robust Max Sharpe λ=0.50 γ=0.10,IEF,0.2999999999999999
2020-09-01,Combined Robust Max Sharpe λ=0.50 γ=0.10,IWM,0.0
2020-09-01,Combined Robust Max Sharpe λ=0.50 γ=0.10,LQD,3.533773427773751e-16
2020-09-01,Combined Robust Max Sharpe λ=0.50 γ=0.10,QQQ,0.25361909118798165
2020-09-01,Combined Robust Max Sharpe λ=0.50 γ=0.10,SPY,6.448721101435758e-17
2020-09-01,Combined Robust Max Sharpe λ=0.50 γ=0.10,TLT,0.2803621626725952
2020-09-01,Combined Robust Max Sharpe λ=0.50 γ=0.10,VNQ,0.0
2020-09-01,Equal Weight,EEM,0.1
2020-09-01,Equal Weight,EFA,0.1
2020-09-01,Equal Weight,GLD,0.1
2020-09-01,Equal Weight,IEF,0.1
2020-09-01,Equal Weight,IWM,0.1
2020-09-01,Equal Weight,LQD,0.1
2020-09-01,Equal Weight,QQQ,0.1
2020-09-01,Equal Weight,SPY,0.1
2020-09-01,Equal Weight,TLT,0.1
2020-09-01,Equal Weight,VNQ,0.1
2020-09-01,Maximum Sharpe,EEM,6.644133628808163e-14
2020-09-01,Maximum Sharpe,EFA,4.741157247121531e-14
2020-09-01,Maximum Sharpe,GLD,0.1572305907883113
2020-09-01,Maximum Sharpe,IEF,0.2999999999997779
2020-09-01,Maximum Sharpe,IWM,4.3190034332028094e-14
2020-09-01,Maximum Sharpe,LQD,3.2075758543501934e-14
2020-09-01,Maximum Sharpe,QQQ,0.2884392841620746
2020-09-01,Maximum Sharpe,SPY,3.540576942525171e-14
2020-09-01,Maximum Sharpe,TLT,0.25433012504956587
2020-09-01,Maximum Sharpe,VNQ,4.584058048703685e-14
2020-09-01,Minimum Variance,EEM,4.478985510746047e-18
2020-09-01,Minimum Variance,EFA,0.032288420273076386
2020-09-01,Minimum Variance,GLD,0.1435847002175513
2020-09-01,Minimum Variance,IEF,0.3
2020-09-01,Minimum Variance,IWM,2.0719539397807254e-17
2020-09-01,Minimum Variance,LQD,0.20200970135581978
2020-09-01,Minimum Variance,QQQ,0.0
2020-09-01,Minimum Variance,SPY,0.1511711651382101
2020-09-01,Minimum Variance,TLT,0.1709460130153425
2020-09-01,Minimum Variance,VNQ,1.7352957418191468e-17
2020-09-01,SPY,EEM,0.0
2020-09-01,SPY,EFA,0.0
2020-09-01,SPY,GLD,0.0
2020-09-01,SPY,IEF,0.0
2020-09-01,SPY,IWM,0.0
2020-09-01,SPY,LQD,0.0
2020-09-01,SPY,QQQ,0.0
2020-09-01,SPY,SPY,1.0
2020-09-01,SPY,TLT,0.0
2020-09-01,SPY,VNQ,0.0
2020-09-01,Shrunk Max Sharpe λ=0.25,EEM,1.4858312122737406e-16
2020-09-01,Shrunk Max Sharpe λ=0.25,EFA,6.788148480354143e-16
2020-09-01,Shrunk Max Sharpe λ=0.25,GLD,0.16861512441034923
2020-09-01,Shrunk Max Sharpe λ=0.25,IEF,0.2999999999999982
2020-09-01,Shrunk Max Sharpe λ=0.25,IWM,7.247011126379472e-16
2020-09-01,Shrunk Max Sharpe λ=0.25,LQD,7.124914749640774e-16
2020-09-01,Shrunk Max Sharpe λ=0.25,QQQ,0.271786948618954
2020-09-01,Shrunk Max Sharpe λ=0.25,SPY,4.3036393963357267e-16
2020-09-01,Shrunk Max Sharpe λ=0.25,TLT,0.2595979269706953
2020-09-01,Shrunk Max Sharpe λ=0.25,VNQ,6.395248457022668e-16
2020-09-01,Shrunk Max Sharpe λ=0.50,EEM,0.0
2020-09-01,Shrunk Max Sharpe λ=0.50,EFA,0.0
2020-09-01,Shrunk Max Sharpe λ=0.50,GLD,0.1810154405751008
2020-09-01,Shrunk Max Sharpe λ=0.50,IEF,0.29999999999999993
2020-09-01,Shrunk Max Sharpe λ=0.50,IWM,2.4047048673529737e-16
2020-09-01,Shrunk Max Sharpe λ=0.50,LQD,0.0032187583251354745
2020-09-01,Shrunk Max Sharpe λ=0.50,QQQ,0.25180018204615967
2020-09-01,Shrunk Max Sharpe λ=0.50,SPY,6.045268671067005e-16
2020-09-01,Shrunk Max Sharpe λ=0.50,TLT,0.2639656190536034
2020-09-01,Shrunk Max Sharpe λ=0.50,VNQ,0.0
2020-09-01,Shrunk Max Sharpe λ=0.75,EEM,1.6191294993303726e-16
2020-09-01,Shrunk Max Sharpe λ=0.75,EFA,7.74049433994234e-17
2020-09-01,Shrunk Max Sharpe λ=0.75,GLD,0.16591215805169374
2020-09-01,Shrunk Max Sharpe λ=0.75,IEF,0.2999999999999999
2020-09-01,Shrunk Max Sharpe λ=0.75,IWM,0.0
2020-09-01,Shrunk Max Sharpe λ=0.75,LQD,0.12525240928964124
2020-09-01,Shrunk Max Sharpe λ=0.75,QQQ,0.14974566752875526
2020-09-01,Shrunk Max Sharpe λ=0.75,SPY,0.05286123879917939
2020-09-01,Shrunk Max Sharpe λ=0.75,TLT,0.2062285263307303
2020-09-01,Shrunk Max Sharpe λ=0.75,VNQ,0.0
2020-09-01,Turnover-Aware Max Sharpe γ=0.05,EEM,0.0
2020-09-01,Turnover-Aware Max Sharpe γ=0.05,EFA,0.0
2020-09-01,Turnover-Aware Max Sharpe γ=0.05,GLD,0.1502223236864162
2020-09-01,Turnover-Aware Max Sharpe γ=0.05,IEF,0.3000000000000576
2020-09-01,Turnover-Aware Max Sharpe γ=0.05,IWM,0.0
2020-09-01,Turnover-Aware Max Sharpe γ=0.05,LQD,0.0
2020-09-01,Turnover-Aware Max Sharpe γ=0.05,QQQ,0.28879492657431866
2020-09-01,Turnover-Aware Max Sharpe γ=0.05,SPY,0.0
2020-09-01,Turnover-Aware Max Sharpe γ=0.05,TLT,0.26098274973920754
2020-09-01,Turnover-Aware Max Sharpe γ=0.05,VNQ,0.0
2020-09-01,Turnover-Aware Max Sharpe γ=0.10,EEM,1.1129984747330347e-15
2020-09-01,Turnover-Aware Max Sharpe γ=0.10,EFA,5.578869631619608e-16
2020-09-01,Turnover-Aware Max Sharpe γ=0.10,GLD,0.1431988473794516
2020-09-01,Turnover-Aware Max Sharpe γ=0.10,IEF,0.2999999999999985
2020-09-01,Turnover-Aware Max Sharpe γ=0.10,IWM,0.0
2020-09-01,Turnover-Aware Max Sharpe γ=0.10,LQD,0.0
2020-09-01,Turnover-Aware Max Sharpe γ=0.10,QQQ,0.289187634614168
2020-09-01,Turnover-Aware Max Sharpe γ=0.10,SPY,2.525756311229158e-16
2020-09-01,Turnover-Aware Max Sharpe γ=0.10,TLT,0.2676135180063795
2020-09-01,Turnover-Aware Max Sharpe γ=0.10,VNQ,4.468646603668615e-16
2020-09-01,Turnover-Aware Max Sharpe γ=0.25,EEM,2.6645352591469082e-15
2020-09-01,Turnover-Aware Max Sharpe γ=0.25,EFA,7.771561173556325e-16
2020-09-01,Turnover-Aware Max Sharpe γ=0.25,GLD,0.13253396234658132
2020-09-01,Turnover-Aware Max Sharpe γ=0.25,IEF,0.2999999999998018
2020-09-01,Turnover-Aware Max Sharpe γ=0.25,IWM,1.443289932221906e-15
2020-09-01,Turnover-Aware Max Sharpe γ=0.25,LQD,0.0
2020-09-01,Turnover-Aware Max Sharpe γ=0.25,QQQ,0.28728385280932345
2020-09-01,Turnover-Aware Max Sharpe γ=0.25,SPY,4.996003610046906e-16
2020-09-01,Turnover-Aware Max Sharpe γ=0.25,TLT,0.2801821848442865
2020-09-01,Turnover-Aware Max Sharpe γ=0.25,VNQ,1.8873791417861105e-15
2020-10-01,Combined Robust Max Sharpe λ=0.50 γ=0.10,EEM,0.0
2020-10-01,Combined Robust Max Sharpe λ=0.50 γ=0.10,EFA,0.0
2020-10-01,Combined Robust Max Sharpe λ=0.50 γ=0.10,GLD,0.17394847189279763
2020-10-01,Combined Robust Max Sharpe λ=0.50 γ=0.10,IEF,0.2999999999999997
2020-10-01,Combined Robust Max Sharpe λ=0.50 γ=0.10,IWM,0.0
2020-10-01,Combined Robust Max Sharpe λ=0.50 γ=0.10,LQD,4.1085495427705173e-16
2020-10-01,Combined Robust Max Sharpe λ=0.50 γ=0.10,QQQ,0.24567495814445509
2020-10-01,Combined Robust Max Sharpe λ=0.50 γ=0.10,SPY,3.7898717929288983e-17
2020-10-01,Combined Robust Max Sharpe λ=0.50 γ=0.10,TLT,0.2803765699627469
2020-10-01,Combined Robust Max Sharpe λ=0.50 γ=0.10,VNQ,1.729853310281229e-16
2020-10-01,Equal Weight,EEM,0.1
2020-10-01,Equal Weight,EFA,0.1
2020-10-01,Equal Weight,GLD,0.1
2020-10-01,Equal Weight,IEF,0.1
2020-10-01,Equal Weight,IWM,0.1
2020-10-01,Equal Weight,LQD,0.1
2020-10-01,Equal Weight,QQQ,0.1
2020-10-01,Equal Weight,SPY,0.1
2020-10-01,Equal Weight,TLT,0.1
2020-10-01,Equal Weight,VNQ,0.1
2020-10-01,Maximum Sharpe,EEM,0.0
2020-10-01,Maximum Sharpe,EFA,0.0
2020-10-01,Maximum Sharpe,GLD,0.1525856167410294
2020-10-01,Maximum Sharpe,IEF,0.2999999999999991
2020-10-01,Maximum Sharpe,IWM,0.0
2020-10-01,Maximum Sharpe,LQD,1.0930298624800155e-15
2020-10-01,Maximum Sharpe,QQQ,0.2704002451277527
2020-10-01,Maximum Sharpe,SPY,0.0
2020-10-01,Maximum Sharpe,TLT,0.2770141381312177
2020-10-01,Maximum Sharpe,VNQ,0.0
2020-10-01,Minimum Variance,EEM,0.0
2020-10-01,Minimum Variance,EFA,0.04514733076791632
2020-10-01,Minimum Variance,GLD,0.14494460893857264
2020-10-01,Minimum Variance,IEF,0.29999999999999993
2020-10-01,Minimum Variance,IWM,0.0
2020-10-01,Minimum Variance,LQD,0.20736364000627366
2020-10-01,Minimum Variance,QQQ,0.0
2020-10-01,Minimum Variance,SPY,0.1326588080886456
2020-10-01,Minimum Variance,TLT,0.169885612198592
2020-10-01,Minimum Variance,VNQ,9.20903228703822e-18
2020-10-01,SPY,EEM,0.0
2020-10-01,SPY,EFA,0.0
2020-10-01,SPY,GLD,0.0
2020-10-01,SPY,IEF,0.0
2020-10-01,SPY,IWM,0.0
2020-10-01,SPY,LQD,0.0
2020-10-01,SPY,QQQ,0.0
2020-10-01,SPY,SPY,1.0
2020-10-01,SPY,TLT,0.0
2020-10-01,SPY,VNQ,0.0
2020-10-01,Shrunk Max Sharpe λ=0.25,EEM,0.0
2020-10-01,Shrunk Max Sharpe λ=0.25,EFA,0.0
2020-10-01,Shrunk Max Sharpe λ=0.25,GLD,0.16551009063029537
2020-10-01,Shrunk Max Sharpe λ=0.25,IEF,0.2999999999999986
2020-10-01,Shrunk Max Sharpe λ=0.25,IWM,0.0
2020-10-01,Shrunk Max Sharpe λ=0.25,LQD,0.0
2020-10-01,Shrunk Max Sharpe λ=0.25,QQQ,0.25636736913166863
2020-10-01,Shrunk Max Sharpe λ=0.25,SPY,2.158418903593889e-16
2020-10-01,Shrunk Max Sharpe λ=0.25,TLT,0.278122540238037
2020-10-01,Shrunk Max Sharpe λ=0.25,VNQ,0.0
2020-10-01,Shrunk Max Sharpe λ=0.50,EEM,0.0
2020-10-01,Shrunk Max Sharpe λ=0.50,EFA,5.276484298389173e-16
2020-10-01,Shrunk Max Sharpe λ=0.50,GLD,0.18088895486319514
2020-10-01,Shrunk Max Sharpe λ=0.50,IEF,0.2999999999999997
2020-10-01,Shrunk Max Sharpe λ=0.50,IWM,3.477823155266046e-16
2020-10-01,Shrunk Max Sharpe λ=0.50,LQD,0.0
2020-10-01,Shrunk Max Sharpe λ=0.50,QQQ,0.2396697277233731
2020-10-01,Shrunk Max Sharpe λ=0.50,SPY,0.0
2020-10-01,Shrunk Max Sharpe λ=0.50,TLT,0.2794413174134307
2020-10-01,Shrunk Max Sharpe λ=0.50,VNQ,5.357817529600517e-16
2020-10-01,Shrunk Max Sharpe λ=0.75,EEM,0.0
2020-10-01,Shrunk Max Sharpe λ=0.75,EFA,0.0
2020-10-01,Shrunk Max Sharpe λ=0.75,GLD,0.16866008509698183
2020-10-01,Shrunk Max Sharpe λ=0.75,IEF,0.3
2020-10-01,Shrunk Max Sharpe λ=0.75,IWM,0.0
2020-10-01,Shrunk Max Sharpe λ=0.75,LQD,0.12586742842127194
2020-10-01,Shrunk Max Sharpe λ=0.75,QQQ,0.14755687393115335
2020-10-01,Shrunk Max Sharpe λ=0.75,SPY,0.04419799325590298
2020-10-01,Shrunk Max Sharpe λ=0.75,TLT,0.21371761929469005
2020-10-01,Shrunk Max Sharpe λ=0.75,VNQ,0.0
2020-10-01,Turnover-Aware Max Sharpe γ=0.05,EEM,0.0
2020-10-01,Turnover-Aware Max Sharpe γ=0.05,EFA,4.9960036710095396e-17
2020-10-01,Turnover-Aware Max Sharpe γ=0.05,GLD,0.1502223236864169
2020-10-01,Turnover-Aware Max Sharpe γ=0.05,IEF,0.299999999999999
2020-10-01,Turnover-Aware Max Sharpe γ=0.05,IWM,0.0
2020-10-01,Turnover-Aware Max Sharpe γ=0.05,LQD,6.605826996699208e-16
2020-10-01,Turnover-Aware Max Sharpe γ=0.05,QQQ,0.2728810113722895
2020-10-01,Turnover-Aware Max Sharpe γ=0.05,SPY,0.0
2020-10-01,Turnover-Aware Max Sharpe γ=0.05,TLT,0.27689666494129356
2020-10-01,Turnover-Aware Max Sharpe γ=0.05,VNQ,2.720046410511925e-16
2020-10-01,Turnover-Aware Max Sharpe γ=0.10,EEM,0.0
2020-10-01,Turnover-Aware Max Sharpe γ=0.10,EFA,0.0
2020-10-01,Turnover-Aware Max Sharpe γ=0.10,GLD,0.14634276402422383
2020-10-01,Turnover-Aware Max Sharpe γ=0.10,IEF,0.30000000000002286
2020-10-01,Turnover-Aware Max Sharpe γ=0.10,IWM,0.0
2020-10-01,Turnover-Aware Max Sharpe γ=0.10,LQD,0.0
2020-10-01,Turnover-Aware Max Sharpe γ=0.10,QQQ,0.2758564024229248
2020-10-01,Turnover-Aware Max Sharpe γ=0.10,SPY,0.0
2020-10-01,Turnover-Aware Max Sharpe γ=0.10,TLT,0.2778008335528285
2020-10-01,Turnover-Aware Max Sharpe γ=0.10,VNQ,0.0
2020-10-01,Turnover-Aware Max Sharpe γ=0.25,EEM,0.0
2020-10-01,Turnover-Aware Max Sharpe γ=0.25,EFA,0.0
2020-10-01,Turnover-Aware Max Sharpe γ=0.25,GLD,0.13532626301918962
2020-10-01,Turnover-Aware Max Sharpe γ=0.25,IEF,0.299999999999659
2020-10-01,Turnover-Aware Max Sharpe γ=0.25,IWM,0.0
2020-10-01,Turnover-Aware Max Sharpe γ=0.25,LQD,0.0
2020-10-01,Turnover-Aware Max Sharpe γ=0.25,QQQ,0.28449155213695204
2020-10-01,Turnover-Aware Max Sharpe γ=0.25,SPY,0.0
2020-10-01,Turnover-Aware Max Sharpe γ=0.25,TLT,0.2801821848441993
2020-10-01,Turnover-Aware Max Sharpe γ=0.25,VNQ,0.0
2020-12-01,Combined Robust Max Sharpe λ=0.50 γ=0.10,EEM,0.0
2020-12-01,Combined Robust Max Sharpe λ=0.50 γ=0.10,EFA,2.673027888382661e-16
2020-12-01,Combined Robust Max Sharpe λ=0.50 γ=0.10,GLD,0.15636417211070006
2020-12-01,Combined Robust Max Sharpe λ=0.50 γ=0.10,IEF,0.2999999999999997
2020-12-01,Combined Robust Max Sharpe λ=0.50 γ=0.10,IWM,8.02412721817538e-17
2020-12-01,Combined Robust Max Sharpe λ=0.50 γ=0.10,LQD,0.030579666317587878
2020-12-01,Combined Robust Max Sharpe λ=0.50 γ=0.10,QQQ,0.23568568320730024
2020-12-01,Combined Robust Max Sharpe λ=0.50 γ=0.10,SPY,0.0
2020-12-01,Combined Robust Max Sharpe λ=0.50 γ=0.10,TLT,0.27737047836441164
2020-12-01,Combined Robust Max Sharpe λ=0.50 γ=0.10,VNQ,2.1126749051441007e-16
2020-12-01,Equal Weight,EEM,0.1
2020-12-01,Equal Weight,EFA,0.1
2020-12-01,Equal Weight,GLD,0.1
2020-12-01,Equal Weight,IEF,0.1
2020-12-01,Equal Weight,IWM,0.1
2020-12-01,Equal Weight,LQD,0.1
2020-12-01,Equal Weight,QQQ,0.1
2020-12-01,Equal Weight,SPY,0.1
2020-12-01,Equal Weight,TLT,0.1
2020-12-01,Equal Weight,VNQ,0.1
2020-12-01,Maximum Sharpe,EEM,3.8473753429109084e-15
2020-12-01,Maximum Sharpe,EFA,2.210404658697971e-15
2020-12-01,Maximum Sharpe,GLD,0.1109119434903315
2020-12-01,Maximum Sharpe,IEF,0.3000000000000009
2020-12-01,Maximum Sharpe,IWM,1.1300965960321061e-15
2020-12-01,Maximum Sharpe,LQD,9.725919390744361e-16
2020-12-01,Maximum Sharpe,QQQ,0.2896694734762649
2020-12-01,Maximum Sharpe,SPY,8.642306249081556e-16
2020-12-01,Maximum Sharpe,TLT,0.2994185830333926
2020-12-01,Maximum Sharpe,VNQ,1.1290560864183778e-15
2020-12-01,Minimum Variance,EEM,0.0
2020-12-01,Minimum Variance,EFA,0.06251684438205808
2020-12-01,Minimum Variance,GLD,0.1383264488195977
2020-12-01,Minimum Variance,IEF,0.29999999999999993
2020-12-01,Minimum Variance,IWM,0.0
2020-12-01,Minimum Variance,LQD,0.2206031640341571
2020-12-01,Minimum Variance,QQQ,0.0
2020-12-01,Minimum Variance,SPY,0.11284756958024995
2020-12-01,Minimum Variance,TLT,0.16570597318393715
2020-12-01,Minimum Variance,VNQ,2.117161883063671e-17
2020-12-01,SPY,EEM,0.0
2020-12-01,SPY,EFA,0.0
2020-12-01,SPY,GLD,0.0
2020-12-01,SPY,IEF,0.0
2020-12-01,SPY,IWM,0.0
2020-12-01,SPY,LQD,0.0
2020-12-01,SPY,QQQ,0.0
2020-12-01,SPY,SPY,1.0
2020-12-01,SPY,TLT,0.0
2020-12-01,SPY,VNQ,0.0
2020-12-01,Shrunk Max Sharpe λ=0.25,EEM,0.0
2020-12-01,Shrunk Max Sharpe λ=0.25,EFA,0.0
2020-12-01,Shrunk Max Sharpe λ=0.25,GLD,0.13529628957954215
2020-12-01,Shrunk Max Sharpe λ=0.25,IEF,0.2999999999999999
2020-12-01,Shrunk Max Sharpe λ=0.25,IWM,0.0
2020-12-01,Shrunk Max Sharpe λ=0.25,LQD,0.0
2020-12-01,Shrunk Max Sharpe λ=0.25,QQQ,0.26796876988356266
2020-12-01,Shrunk Max Sharpe λ=0.25,SPY,1.2455842912397845e-16
2020-12-01,Shrunk Max Sharpe λ=0.25,TLT,0.29673494053689503
2020-12-01,Shrunk Max Sharpe λ=0.25,VNQ,2.768707487347392e-16
2020-12-01,Shrunk Max Sharpe λ=0.50,EEM,0.0
2020-12-01,Shrunk Max Sharpe λ=0.50,EFA,0.0
2020-12-01,Shrunk Max Sharpe λ=0.50,GLD,0.14465090493131114
2020-12-01,Shrunk Max Sharpe λ=0.50,IEF,0.2999999999999999
2020-12-01,Shrunk Max Sharpe λ=0.50,IWM,2.5706932221431134e-16
2020-12-01,Shrunk Max Sharpe λ=0.50,LQD,0.0922555440901863
2020-12-01,Shrunk Max Sharpe λ=0.50,QQQ,0.21881362754091357
2020-12-01,Shrunk Max Sharpe λ=0.50,SPY,2.19702132976569e-18
2020-12-01,Shrunk Max Sharpe λ=0.50,TLT,0.24427992343758853
2020-12-01,Shrunk Max Sharpe λ=0.50,VNQ,2.26757138121416e-16
2020-12-01,Shrunk Max Sharpe λ=0.75,EEM,0.0
2020-12-01,Shrunk Max Sharpe λ=0.75,EFA,0.0
2020-12-01,Shrunk Max Sharpe λ=0.75,GLD,0.14758910919685295
2020-12-01,Shrunk Max Sharpe λ=0.75,IEF,0.3
2020-12-01,Shrunk Max Sharpe λ=0.75,IWM,0.0
2020-12-01,Shrunk Max Sharpe λ=0.75,LQD,0.16934969401495806
2020-12-01,Shrunk Max Sharpe λ=0.75,QQQ,0.08844972035584879
2020-12-01,Shrunk Max Sharpe λ=0.75,SPY,0.09719169473398215
2020-12-01,Shrunk Max Sharpe λ=0.75,TLT,0.19741978169835814
2020-12-01,Shrunk Max Sharpe λ=0.75,VNQ,0.0
2020-12-01,Turnover-Aware Max Sharpe γ=0.05,EEM,0.0
2020-12-01,Turnover-Aware Max Sharpe γ=0.05,EFA,0.0
2020-12-01,Turnover-Aware Max Sharpe γ=0.05,GLD,0.12241730111783346
2020-12-01,Turnover-Aware Max Sharpe γ=0.05,IEF,0.29999999999985016
2020-12-01,Turnover-Aware Max Sharpe γ=0.05,IWM,0.0
2020-12-01,Turnover-Aware Max Sharpe γ=0.05,LQD,0.0
2020-12-01,Turnover-Aware Max Sharpe γ=0.05,QQQ,0.28605414022339054
2020-12-01,Turnover-Aware Max Sharpe γ=0.05,SPY,0.0
2020-12-01,Turnover-Aware Max Sharpe γ=0.05,TLT,0.2915285586589259
2020-12-01,Turnover-Aware Max Sharpe γ=0.05,VNQ,0.0
2020-12-01,Turnover-Aware Max Sharpe γ=0.10,EEM,1.148485947533523e-13
2020-12-01,Turnover-Aware Max Sharpe γ=0.10,EFA,8.892787117640744e-14
2020-12-01,Turnover-Aware Max Sharpe γ=0.10,GLD,0.13367785114885175
2020-12-01,Turnover-Aware Max Sharpe γ=0.10,IEF,0.30000000000004945
2020-12-01,Turnover-Aware Max Sharpe γ=0.10,IWM,7.886913674864945e-14
2020-12-01,Turnover-Aware Max Sharpe γ=0.10,LQD,7.288740288873017e-14
2020-12-01,Turnover-Aware Max Sharpe γ=0.10,QQQ,0.2825709498155786
2020-12-01,Turnover-Aware Max Sharpe γ=0.10,SPY,8.015993371008367e-14
2020-12-01,Turnover-Aware Max Sharpe γ=0.10,TLT,0.2837511990350012
2020-12-01,Turnover-Aware Max Sharpe γ=0.10,VNQ,8.334669741515797e-14
2020-12-01,Turnover-Aware Max Sharpe γ=0.25,EEM,1.0133004166645618e-13
2020-12-01,Turnover-Aware Max Sharpe γ=0.25,EFA,8.065463136975873e-14
2020-12-01,Turnover-Aware Max Sharpe γ=0.25,GLD,0.13532626301916448
2020-12-01,Turnover-Aware Max Sharpe γ=0.25,IEF,0.29999999999949284
2020-12-01,Turnover-Aware Max Sharpe γ=0.25,IWM,6.490393876075934e-14
2020-12-01,Turnover-Aware Max Sharpe γ=0.25,LQD,6.638992890028028e-14
2020-12-01,Turnover-Aware Max Sharpe γ=0.25,QQQ,0.28449155213681604
2020-12-01,Turnover-Aware Max Sharpe γ=0.25,SPY,6.442969623351097e-14
2020-12-01,Turnover-Aware Max Sharpe γ=0.25,TLT,0.2801821848440718
2020-12-01,Turnover-Aware Max Sharpe γ=0.25,VNQ,7.705168832228469e-14
2021-02-01,Combined Robust Max Sharpe λ=0.50 γ=0.10,EEM,0.0
2021-02-01,Combined Robust Max Sharpe λ=0.50 γ=0.10,EFA,1.1885107603577743e-16
2021-02-01,Combined Robust Max Sharpe λ=0.50 γ=0.10,GLD,0.15493431566561258
2021-02-01,Combined Robust Max Sharpe λ=0.50 γ=0.10,IEF,0.3
2021-02-01,Combined Robust Max Sharpe λ=0.50 γ=0.10,IWM,0.00540312502932096
2021-02-01,Combined Robust Max Sharpe λ=0.50 γ=0.10,LQD,0.04467469347332865
2021-02-01,Combined Robust Max Sharpe λ=0.50 γ=0.10,QQQ,0.22579850297210535
2021-02-01,Combined Robust Max Sharpe λ=0.50 γ=0.10,SPY,3.2036957568016267e-16
2021-02-01,Combined Robust Max Sharpe λ=0.50 γ=0.10,TLT,0.2691893628596321
2021-02-01,Combined Robust Max Sharpe λ=0.50 γ=0.10,VNQ,0.0
2021-02-01,Equal Weight,EEM,0.1
2021-02-01,Equal Weight,EFA,0.1
2021-02-01,Equal Weight,GLD,0.1
2021-02-01,Equal Weight,IEF,0.1
2021-02-01,Equal Weight,IWM,0.1
2021-02-01,Equal Weight,LQD,0.1
2021-02-01,Equal Weight,QQQ,0.1
2021-02-01,Equal Weight,SPY,0.1
2021-02-01,Equal Weight,TLT,0.1
2021-02-01,Equal Weight,VNQ,0.1
2021-02-01,Maximum Sharpe,EEM,3.842677340965223e-15
2021-02-01,Maximum Sharpe,EFA,2.454079309567571e-15
2021-02-01,Maximum Sharpe,GLD,0.11712276973091117
2021-02-01,Maximum Sharpe,IEF,0.2999999999999993
2021-02-01,Maximum Sharpe,IWM,4.2306881407668585e-16
2021-02-01,Maximum Sharpe,LQD,5.428078071007219e-16
2021-02-01,Maximum Sharpe,QQQ,0.2905581028573328
2021-02-01,Maximum Sharpe,SPY,1.6789239605972757e-15
2021-02-01,Maximum Sharpe,TLT,0.29231912741174687
2021-02-01,Maximum Sharpe,VNQ,9.805160221620555e-16
2021-02-01,Minimum Variance,EEM,2.9915442215265816e-18
2021-02-01,Minimum Variance,EFA,0.07326050150935491
2021-02-01,Minimum Variance,GLD,0.1294549167419141
2021-02-01,Minimum Variance,IEF,0.3000000000000001
2021-02-01,Minimum Variance,IWM,2.3819951976042334e-17
2021-02-01,Minimum Variance,LQD,0.22313379750486842
2021-02-01,Minimum Variance,QQQ,9.965539162610532e-18
2021-02-01,Minimum Variance,SPY,0.1043342037966951
2021-02-01,Minimum Variance,TLT,0.16981658044716746
2021-02-01,Minimum Variance,VNQ,0.0
2021-02-01,SPY,EEM,0.0
2021-02-01,SPY,EFA,0.0
2021-02-01,SPY,GLD,0.0
2021-02-01,SPY,IEF,0.0
2021-02-01,SPY,IWM,0.0
2021-02-01,SPY,LQD,0.0
2021-02-01,SPY,QQQ,0.0
2021-02-01,SPY,SPY,1.0
2021-02-01,SPY,TLT,0.0
2021-02-01,SPY,VNQ,0.0
2021-02-01,Shrunk Max Sharpe λ=0.25,EEM,0.0
2021-02-01,Shrunk Max Sharpe λ=0.25,EFA,6.858948566948967e-17
2021-02-01,Shrunk Max Sharpe λ=0.25,GLD,0.13969247946749128
2021-02-01,Shrunk Max Sharpe λ=0.25,IEF,0.29999999999999993
2021-02-01,Shrunk Max Sharpe λ=0.25,IWM,0.0
2021-02-01,Shrunk Max Sharpe λ=0.25,LQD,0.0
2021-02-01,Shrunk Max Sharpe λ=0.25,QQQ,0.2675902897603071
2021-02-01,Shrunk Max Sharpe λ=0.25,SPY,4.646782488234221e-16
2021-02-01,Shrunk Max Sharpe λ=0.25,TLT,0.2927172307722012
2021-02-01,Shrunk Max Sharpe λ=0.25,VNQ,1.0930454286903665e-16
2021-02-01,Shrunk Max Sharpe λ=0.50,EEM,2.1723635349045002e-16
2021-02-01,Shrunk Max Sharpe λ=0.50,EFA,0.0
2021-02-01,Shrunk Max Sharpe λ=0.50,GLD,0.14303510033082023
2021-02-01,Shrunk Max Sharpe λ=0.50,IEF,0.2999999999999998
2021-02-01,Shrunk Max Sharpe λ=0.50,IWM,0.012328610297356752
2021-02-01,Shrunk Max Sharpe λ=0.50,LQD,0.10329902423418169
2021-02-01,Shrunk Max Sharpe λ=0.50,QQQ,0.20359077239631052
2021-02-01,Shrunk Max Sharpe λ=0.50,SPY,0.0
2021-02-01,Shrunk Max Sharpe λ=0.50,TLT,0.23774649274133072
2021-02-01,Shrunk Max Sharpe λ=0.50,VNQ,0.0
2021-02-01,Shrunk Max Sharpe λ=0.75,EEM,4.7531506465771804e-17
2021-02-01,Shrunk Max Sharpe λ=0.75,EFA,0.0
2021-02-01,Shrunk Max Sharpe λ=0.75,GLD,0.14335286359804242
2021-02-01,Shrunk Max Sharpe λ=0.75,IEF,0.2999999999999998
2021-02-01,Shrunk Max Sharpe λ=0.75,IWM,0.009137036929421718
2021-02-01,Shrunk Max Sharpe λ=0.75,LQD,0.18279903642089984
2021-02-01,Shrunk Max Sharpe λ=0.75,QQQ,0.08466038919025308
2021-02-01,Shrunk Max Sharpe λ=0.75,SPY,0.08705531820329661
2021-02-01,Shrunk Max Sharpe λ=0.75,TLT,0.19299535565808648
2021-02-01,Shrunk Max Sharpe λ=0.75,VNQ,6.222269649547388e-17
2021-02-01,Turnover-Aware Max Sharpe γ=0.05,EEM,0.0
2021-02-01,Turnover-Aware Max Sharpe γ=0.05,EFA,0.0
2021-02-01,Turnover-Aware Max Sharpe γ=0.05,GLD,0.12140396530318456
2021-02-01,Turnover-Aware Max Sharpe γ=0.05,IEF,0.29999999999998844
2021-02-01,Turnover-Aware Max Sharpe γ=0.05,IWM,0.0
2021-02-01,Turnover-Aware Max Sharpe γ=0.05,LQD,0.0
2021-02-01,Turnover-Aware Max Sharpe γ=0.05,QQQ,0.287067476037933
2021-02-01,Turnover-Aware Max Sharpe γ=0.05,SPY,0.0
2021-02-01,Turnover-Aware Max Sharpe γ=0.05,TLT,0.291528558658894
2021-02-01,Turnover-Aware Max Sharpe γ=0.05,VNQ,0.0
2021-02-01,Turnover-Aware Max Sharpe γ=0.10,EEM,9.88121281044963e-15
2021-02-01,Turnover-Aware Max Sharpe γ=0.10,EFA,6.2464877355285635e-15
2021-02-01,Turnover-Aware Max Sharpe γ=0.10,GLD,0.13284167049390583
2021-02-01,Turnover-Aware Max Sharpe γ=0.10,IEF,0.2999999999999806
2021-02-01,Turnover-Aware Max Sharpe γ=0.10,IWM,1.4010584111723946e-15
2021-02-01,Turnover-Aware Max Sharpe γ=0.10,LQD,4.262911504995682e-15
2021-02-01,Turnover-Aware Max Sharpe γ=0.10,QQQ,0.2834071304710844
2021-02-01,Turnover-Aware Max Sharpe γ=0.10,SPY,5.565601592577469e-15
2021-02-01,Turnover-Aware Max Sharpe γ=0.10,TLT,0.2837511990349983
2021-02-01,Turnover-Aware Max Sharpe γ=0.10,VNQ,3.4740659169777662e-15
2021-02-01,Turnover-Aware Max Sharpe γ=0.25,EEM,8.812136334944359e-14
2021-02-01,Turnover-Aware Max Sharpe γ=0.25,EFA,6.27951929226253e-14
2021-02-01,Turnover-Aware Max Sharpe γ=0.25,GLD,0.13532626301915202
2021-02-01,Turnover-Aware Max Sharpe γ=0.25,IEF,0.299999999999345
2021-02-01,Turnover-Aware Max Sharpe γ=0.25,IWM,1.4580606086223334e-14
2021-02-01,Turnover-Aware Max Sharpe γ=0.25,LQD,0.0
2021-02-01,Turnover-Aware Max Sharpe γ=0.25,QQQ,0.28449155213673283
2021-02-01,Turnover-Aware Max Sharpe γ=0.25,SPY,5.0942266298368927e-14
2021-02-01,Turnover-Aware Max Sharpe γ=0.25,TLT,0.28018218484451496
2021-02-01,Turnover-Aware Max Sharpe γ=0.25,VNQ,3.8644972197606016e-14
2021-03-01,Combined Robust Max Sharpe λ=0.50 γ=0.10,EEM,2.0932295619625307e-19
2021-03-01,Combined Robust Max Sharpe λ=0.50 γ=0.10,EFA,7.74994630726568e-17
2021-03-01,Combined Robust Max Sharpe λ=0.50 γ=0.10,GLD,0.1418373417561914
2021-03-01,Combined Robust Max Sharpe λ=0.50 γ=0.10,IEF,0.30000000000000004
2021-03-01,Combined Robust Max Sharpe λ=0.50 γ=0.10,IWM,0.03681786830616029
2021-03-01,Combined Robust Max Sharpe λ=0.50 γ=0.10,LQD,0.053059275270368786
2021-03-01,Combined Robust Max Sharpe λ=0.50 γ=0.10,QQQ,0.2028545362310738
2021-03-01,Combined Robust Max Sharpe λ=0.50 γ=0.10,SPY,1.4910157065353545e-16
2021-03-01,Combined Robust Max Sharpe λ=0.50 γ=0.10,TLT,0.26543097843620533
2021-03-01,Combined Robust Max Sharpe λ=0.50 γ=0.10,VNQ,2.654141667841298e-16
2021-03-01,Equal Weight,EEM,0.1
2021-03-01,Equal Weight,EFA,0.1
2021-03-01,Equal Weight,GLD,0.1
2021-03-01,Equal Weight,IEF,0.1
2021-03-01,Equal Weight,IWM,0.1
2021-03-01,Equal Weight,LQD,0.1
2021-03-01,Equal Weight,QQQ,0.1
2021-03-01,Equal Weight,SPY,0.1
2021-03-01,Equal Weight,TLT,0.1
2021-03-01,Equal Weight,VNQ,0.1
2021-03-01,Maximum Sharpe,EEM,0.0
2021-03-01,Maximum Sharpe,EFA,0.0
2021-03-01,Maximum Sharpe,GLD,0.09350819018852503
2021-03-01,Maximum Sharpe,IEF,0.3000000000000002
2021-03-01,Maximum Sharpe,IWM,0.010465841129464462
2021-03-01,Maximum Sharpe,LQD,1.33234466016045e-15
2021-03-01,Maximum Sharpe,QQQ,0.3000000000000002
2021-03-01,Maximum Sharpe,SPY,0.0
2021-03-01,Maximum Sharpe,TLT,0.2960259686820087
2021-03-01,Maximum Sharpe,VNQ,3.187779576150696e-19
2021-03-01,Minimum Variance,EEM,5.448096911940215e-18
2021-03-01,Minimum Variance,EFA,0.08786222468959305
2021-03-01,Minimum Variance,GLD,0.12949276350946856
2021-03-01,Minimum Variance,IEF,0.30000000000000004
2021-03-01,Minimum Variance,IWM,8.916208217636693e-18
2021-03-01,Minimum Variance,LQD,0.21069633112191946
2021-03-01,Minimum Variance,QQQ,1.028527671177814e-17
2021-03-01,Minimum Variance,SPY,0.09899441566536012
2021-03-01,Minimum Variance,TLT,0.17295426501365882
2021-03-01,Minimum Variance,VNQ,0.0
2021-03-01,SPY,EEM,0.0
2021-03-01,SPY,EFA,0.0
2021-03-01,SPY,GLD,0.0
2021-03-01,SPY,IEF,0.0
2021-03-01,SPY,IWM,0.0
2021-03-01,SPY,LQD,0.0
2021-03-01,SPY,QQQ,0.0
2021-03-01,SPY,SPY,1.0
2021-03-01,SPY,TLT,0.0
2021-03-01,SPY,VNQ,0.0
2021-03-01,Shrunk Max Sharpe λ=0.25,EEM,2.921025820750745e-16
2021-03-01,Shrunk Max Sharpe λ=0.25,EFA,1.8464965827962163e-16
2021-03-01,Shrunk Max Sharpe λ=0.25,GLD,0.11902039440030533
2021-03-01,Shrunk Max Sharpe λ=0.25,IEF,0.2999999999999998
2021-03-01,Shrunk Max Sharpe λ=0.25,IWM,0.03097524416791489
2021-03-01,Shrunk Max Sharpe λ=0.25,LQD,6.741888284553865e-17
2021-03-01,Shrunk Max Sharpe λ=0.25,QQQ,0.2544799068864764
2021-03-01,Shrunk Max Sharpe λ=0.25,SPY,0.0
2021-03-01,Shrunk Max Sharpe λ=0.25,TLT,0.29552445454530296
2021-03-01,Shrunk Max Sharpe λ=0.25,VNQ,0.0
2021-03-01,Shrunk Max Sharpe λ=0.50,EEM,5.628320964068577e-17
2021-03-01,Shrunk Max Sharpe λ=0.50,EFA,0.0
2021-03-01,Shrunk Max Sharpe λ=0.50,GLD,0.13099372507844076
2021-03-01,Shrunk Max Sharpe λ=0.50,IEF,0.30000000000000004
2021-03-01,Shrunk Max Sharpe λ=0.50,IWM,0.04248385818911746
2021-03-01,Shrunk Max Sharpe λ=0.50,LQD,0.10879830262418172
2021-03-01,Shrunk Max Sharpe λ=0.50,QQQ,0.18232976729478545
2021-03-01,Shrunk Max Sharpe λ=0.50,SPY,0.0
2021-03-01,Shrunk Max Sharpe λ=0.50,TLT,0.23539434681347454
2021-03-01,Shrunk Max Sharpe λ=0.50,VNQ,4.355001112370455e-18
2021-03-01,Shrunk Max Sharpe λ=0.75,EEM,0.0
2021-03-01,Shrunk Max Sharpe λ=0.75,EFA,0.0
2021-03-01,Shrunk Max Sharpe λ=0.75,GLD,0.13825590276624827
2021-03-01,Shrunk Max Sharpe λ=0.75,IEF,0.30000000000000016
2021-03-01,Shrunk Max Sharpe λ=0.75,IWM,0.0
2021-03-01,Shrunk Max Sharpe λ=0.75,LQD,0.16416806835206732
2021-03-01,Shrunk Max Sharpe λ=0.75,QQQ,0.023704833470960668
2021-03-01,Shrunk Max Sharpe λ=0.75,SPY,0.17503065435502252
2021-03-01,Shrunk Max Sharpe λ=0.75,TLT,0.19884054105570106
2021-03-01,Shrunk Max Sharpe λ=0.75,VNQ,0.0
2021-03-01,Turnover-Aware Max Sharpe γ=0.05,EEM,7.504001506957074e-16
2021-03-01,Turnover-Aware Max Sharpe γ=0.05,EFA,7.572495859981893e-16
2021-03-01,Turnover-Aware Max Sharpe γ=0.05,GLD,0.10128035764077176
2021-03-01,Turnover-Aware Max Sharpe γ=0.05,IEF,0.29999999999999766
2021-03-01,Turnover-Aware Max Sharpe γ=0.05,IWM,0.007191083700334505
2021-03-01,Turnover-Aware Max Sharpe γ=0.05,LQD,3.923543106121741e-16
2021-03-01,Turnover-Aware Max Sharpe γ=0.05,QQQ,0.29999999999999843
2021-03-01,Turnover-Aware Max Sharpe γ=0.05,SPY,3.2888770589535587e-16
2021-03-01,Turnover-Aware Max Sharpe γ=0.05,TLT,0.29152855865889504
2021-03-01,Turnover-Aware Max Sharpe γ=0.05,VNQ,2.5059773159182594e-16
2021-03-01,Turnover-Aware Max Sharpe γ=0.10,EEM,9.705100722754936e-16
2021-03-01,Turnover-Aware Max Sharpe γ=0.10,EFA,1.5135120192237909e-15
2021-03-01,Turnover-Aware Max Sharpe γ=0.10,GLD,0.11238854572240581
2021-03-01,Turnover-Aware Max Sharpe γ=0.10,IEF,0.2999999999999984
2021-03-01,Turnover-Aware Max Sharpe γ=0.10,IWM,0.003860255242596166
2021-03-01,Turnover-Aware Max Sharpe γ=0.10,LQD,6.231029656777047e-16
2021-03-01,Turnover-Aware Max Sharpe γ=0.10,QQQ,0.2999999999999983
2021-03-01,Turnover-Aware Max Sharpe γ=0.10,SPY,5.550191412037651e-16
2021-03-01,Turnover-Aware Max Sharpe γ=0.10,TLT,0.2837511990349978
2021-03-01,Turnover-Aware Max Sharpe γ=0.10,VNQ,0.0
2021-03-01,Turnover-Aware Max Sharpe γ=0.25,EEM,0.0
2021-03-01,Turnover-Aware Max Sharpe γ=0.25,EFA,0.0
2021-03-01,Turnover-Aware Max Sharpe γ=0.25,GLD,0.124250115353217
2021-03-01,Turnover-Aware Max Sharpe γ=0.25,IEF,0.2999999999999996
2021-03-01,Turnover-Aware Max Sharpe γ=0.25,IWM,1.4847145173574426e-14
2021-03-01,Turnover-Aware Max Sharpe γ=0.25,LQD,0.0
2021-03-01,Turnover-Aware Max Sharpe γ=0.25,QQQ,0.2955676998022543
2021-03-01,Turnover-Aware Max Sharpe γ=0.25,SPY,0.0
2021-03-01,Turnover-Aware Max Sharpe γ=0.25,TLT,0.2801821848445142
2021-03-01,Turnover-Aware Max Sharpe γ=0.25,VNQ,0.0
2021-04-01,Combined Robust Max Sharpe λ=0.50 γ=0.10,EEM,0.0
2021-04-01,Combined Robust Max Sharpe λ=0.50 γ=0.10,EFA,0.0
2021-04-01,Combined Robust Max Sharpe λ=0.50 γ=0.10,GLD,0.1418373417561913
2021-04-01,Combined Robust Max Sharpe λ=0.50 γ=0.10,IEF,0.2999999999999999
2021-04-01,Combined Robust Max Sharpe λ=0.50 γ=0.10,IWM,0.028489253665657206
2021-04-01,Combined Robust Max Sharpe λ=0.50 γ=0.10,LQD,0.066517527523402
2021-04-01,Combined Robust Max Sharpe λ=0.50 γ=0.10,QQQ,0.20285453623107413
2021-04-01,Combined Robust Max Sharpe λ=0.50 γ=0.10,SPY,0.019593726117002046
2021-04-01,Combined Robust Max Sharpe λ=0.50 γ=0.10,TLT,0.24070761470667346
2021-04-01,Combined Robust Max Sharpe λ=0.50 γ=0.10,VNQ,0.0
2021-04-01,Equal Weight,EEM,0.1
2021-04-01,Equal Weight,EFA,0.1
2021-04-01,Equal Weight,GLD,0.1
2021-04-01,Equal Weight,IEF,0.1
2021-04-01,Equal Weight,IWM,0.1
2021-04-01,Equal Weight,LQD,0.1
2021-04-01,Equal Weight,QQQ,0.1
2021-04-01,Equal Weight,SPY,0.1
2021-04-01,Equal Weight,TLT,0.1
2021-04-01,Equal Weight,VNQ,0.1
2021-04-01,Maximum Sharpe,EEM,0.0
2021-04-01,Maximum Sharpe,EFA,0.0
2021-04-01,Maximum Sharpe,GLD,0.12353773776633029
2021-04-01,Maximum Sharpe,IEF,0.30000000000000004
2021-04-01,Maximum Sharpe,IWM,3.52626099904907e-16
2021-04-01,Maximum Sharpe,LQD,0.0
2021-04-01,Maximum Sharpe,QQQ,0.30000000000000004
2021-04-01,Maximum Sharpe,SPY,0.029442514275669567
2021-04-01,Maximum Sharpe,TLT,0.2470197479579998
2021-04-01,Maximum Sharpe,VNQ,0.0
2021-04-01,Minimum Variance,EEM,0.0
2021-04-01,Minimum Variance,EFA,0.09573115944282488
2021-04-01,Minimum Variance,GLD,0.12710450581627017
2021-04-01,Minimum Variance,IEF,0.30000000000000004
2021-04-01,Minimum Variance,IWM,1.2515202853722177e-18
2021-04-01,Minimum Variance,LQD,0.2164123150314698
2021-04-01,Minimum Variance,QQQ,0.0
2021-04-01,Minimum Variance,SPY,0.09151924967123254
2021-04-01,Minimum Variance,TLT,0.1692327700382026
2021-04-01,Minimum Variance,VNQ,0.0
2021-04-01,SPY,EEM,0.0
2021-04-01,SPY,EFA,0.0
2021-04-01,SPY,GLD,0.0
2021-04-01,SPY,IEF,0.0
2021-04-01,SPY,IWM,0.0
2021-04-01,SPY,LQD,0.0
2021-04-01,SPY,QQQ,0.0
2021-04-01,SPY,SPY,1.0
2021-04-01,SPY,TLT,0.0
2021-04-01,SPY,VNQ,0.0
2021-04-01,Shrunk Max Sharpe λ=0.25,EEM,0.0
2021-04-01,Shrunk Max Sharpe λ=0.25,EFA,0.0
2021-04-01,Shrunk Max Sharpe λ=0.25,GLD,0.1304046710732001
2021-04-01,Shrunk Max Sharpe λ=0.25,IEF,0.30000000000000004
2021-04-01,Shrunk Max Sharpe λ=0.25,IWM,0.0
2021-04-01,Shrunk Max Sharpe λ=0.25,LQD,0.02287115804195971
2021-04-01,Shrunk Max Sharpe λ=0.25,QQQ,0.30000000000000004
2021-04-01,Shrunk Max Sharpe λ=0.25,SPY,1.132237050082255e-16
2021-04-01,Shrunk Max Sharpe λ=0.25,TLT,0.24672417088483983
2021-04-01,Shrunk Max Sharpe λ=0.25,VNQ,1.1780980655161044e-16
2021-04-01,Shrunk Max Sharpe λ=0.50,EEM,8.436114385792265e-17
2021-04-01,Shrunk Max Sharpe λ=0.50,EFA,2.7258537917181457e-17
2021-04-01,Shrunk Max Sharpe λ=0.50,GLD,0.13629018251489208
2021-04-01,Shrunk Max Sharpe λ=0.50,IEF,0.30000000000000004
2021-04-01,Shrunk Max Sharpe λ=0.50,IWM,1.2999496083815476e-16
2021-04-01,Shrunk Max Sharpe λ=0.50,LQD,0.1081573840738679
2021-04-01,Shrunk Max Sharpe λ=0.50,QQQ,0.13915188266534603
2021-04-01,Shrunk Max Sharpe λ=0.50,SPY,0.10532892908793617
2021-04-01,Shrunk Max Sharpe λ=0.50,TLT,0.21107162165795756
2021-04-01,Shrunk Max Sharpe λ=0.50,VNQ,0.0
2021-04-01,Shrunk Max Sharpe λ=0.75,EEM,0.0
2021-04-01,Shrunk Max Sharpe λ=0.75,EFA,7.93547307422013e-17
2021-04-01,Shrunk Max Sharpe λ=0.75,GLD,0.1402729851061021
2021-04-01,Shrunk Max Sharpe λ=0.75,IEF,0.2999999999999998
2021-04-01,Shrunk Max Sharpe λ=0.75,IWM,8.602287981498394e-17
2021-04-01,Shrunk Max Sharpe λ=0.75,LQD,0.16381570342800697
2021-04-01,Shrunk Max Sharpe λ=0.75,QQQ,7.744068513088013e-17
2021-04-01,Shrunk Max Sharpe λ=0.75,SPY,0.20724348891133393
2021-04-01,Shrunk Max Sharpe λ=0.75,TLT,0.1886678225545569
2021-04-01,Shrunk Max Sharpe λ=0.75,VNQ,0.0
2021-04-01,Turnover-Aware Max Sharpe γ=0.05,EEM,3.192092730745552e-16
2021-04-01,Turnover-Aware Max Sharpe γ=0.05,EFA,2.6969963208494344e-16
2021-04-01,Turnover-Aware Max Sharpe γ=0.05,GLD,0.11377696472021757
2021-04-01,Turnover-Aware Max Sharpe γ=0.05,IEF,0.29999999999999954
2021-04-01,Turnover-Aware Max Sharpe γ=0.05,IWM,0.007191083700334955
2021-04-01,Turnover-Aware Max Sharpe γ=0.05,LQD,0.0
2021-04-01,Turnover-Aware Max Sharpe γ=0.05,QQQ,0.29999999999999954
2021-04-01,Turnover-Aware Max Sharpe γ=0.05,SPY,0.021744921750126756
2021-04-01,Turnover-Aware Max Sharpe γ=0.05,TLT,0.2572870298293209
2021-04-01,Turnover-Aware Max Sharpe γ=0.05,VNQ,0.0
2021-04-01,Turnover-Aware Max Sharpe γ=0.10,EEM,0.0
2021-04-01,Turnover-Aware Max Sharpe γ=0.10,EFA,0.0
2021-04-01,Turnover-Aware Max Sharpe γ=0.10,GLD,0.11238854572240604
2021-04-01,Turnover-Aware Max Sharpe γ=0.10,IEF,0.29999999999999954
2021-04-01,Turnover-Aware Max Sharpe γ=0.10,IWM,0.0038602552425960565
2021-04-01,Turnover-Aware Max Sharpe γ=0.10,LQD,2.5576990846009872e-16
2021-04-01,Turnover-Aware Max Sharpe γ=0.10,QQQ,0.29999999999999977
2021-04-01,Turnover-Aware Max Sharpe γ=0.10,SPY,0.022454515050588316
2021-04-01,Turnover-Aware Max Sharpe γ=0.10,TLT,0.26129668398441014
2021-04-01,Turnover-Aware Max Sharpe γ=0.10,VNQ,4.192954886037058e-17
2021-04-01,Turnover-Aware Max Sharpe γ=0.25,EEM,0.0
2021-04-01,Turnover-Aware Max Sharpe γ=0.25,EFA,0.0
2021-04-01,Turnover-Aware Max Sharpe γ=0.25,GLD,0.12425011535321769
2021-04-01,Turnover-Aware Max Sharpe γ=0.25,IEF,0.3000000000000001
2021-04-01,Turnover-Aware Max Sharpe γ=0.25,IWM,1.571981349286812e-14
2021-04-01,Turnover-Aware Max Sharpe γ=0.25,LQD,0.0
2021-04-01,Turnover-Aware Max Sharpe γ=0.25,QQQ,0.3000000000000001
2021-04-01,Turnover-Aware Max Sharpe γ=0.25,SPY,0.01282026527795144
2021-04-01,Turnover-Aware Max Sharpe γ=0.25,TLT,0.26292961936881504
2021-04-01,Turnover-Aware Max Sharpe γ=0.25,VNQ,0.0
2021-06-01,Combined Robust Max Sharpe λ=0.50 γ=0.10,EEM,7.068146206703659e-17
2021-06-01,Combined Robust Max Sharpe λ=0.50 γ=0.10,EFA,0.0
2021-06-01,Combined Robust Max Sharpe λ=0.50 γ=0.10,GLD,0.17228828799515408
2021-06-01,Combined Robust Max Sharpe λ=0.50 γ=0.10,IEF,0.29999999999999993
2021-06-01,Combined Robust Max Sharpe λ=0.50 γ=0.10,IWM,0.0
2021-06-01,Combined Robust Max Sharpe λ=0.50 γ=0.10,LQD,0.07217871600920259
2021-06-01,Combined Robust Max Sharpe λ=0.50 γ=0.10,QQQ,0.09997917454543068
2021-06-01,Combined Robust Max Sharpe λ=0.50 γ=0.10,SPY,0.1385004420543233
2021-06-01,Combined Robust Max Sharpe λ=0.50 γ=0.10,TLT,0.21705337939588912
2021-06-01,Combined Robust Max Sharpe λ=0.50 γ=0.10,VNQ,1.280798706665894e-16
2021-06-01,Equal Weight,EEM,0.1
2021-06-01,Equal Weight,EFA,0.1
2021-06-01,Equal Weight,GLD,0.1
2021-06-01,Equal Weight,IEF,0.1
2021-06-01,Equal Weight,IWM,0.1
2021-06-01,Equal Weight,LQD,0.1
2021-06-01,Equal Weight,QQQ,0.1
2021-06-01,Equal Weight,SPY,0.1
2021-06-01,Equal Weight,TLT,0.1
2021-06-01,Equal Weight,VNQ,0.1
2021-06-01,Maximum Sharpe,EEM,0.0
2021-06-01,Maximum Sharpe,EFA,0.0
2021-06-01,Maximum Sharpe,GLD,0.22432160443935087
2021-06-01,Maximum Sharpe,IEF,0.3
2021-06-01,Maximum Sharpe,IWM,1.0045894138201828e-16
2021-06-01,Maximum Sharpe,LQD,7.648698268602722e-17
2021-06-01,Maximum Sharpe,QQQ,0.2944394412249307
2021-06-01,Maximum Sharpe,SPY,0.0
2021-06-01,Maximum Sharpe,TLT,0.1812389543357179
2021-06-01,Maximum Sharpe,VNQ,4.3192911233104607e-16
2021-06-01,Minimum Variance,EEM,0.0
2021-06-01,Minimum Variance,EFA,0.08279355355880542
2021-06-01,Minimum Variance,GLD,0.1263124863427325
2021-06-01,Minimum Variance,IEF,0.29999999999999993
2021-06-01,Minimum Variance,IWM,0.0
2021-06-01,Minimum Variance,LQD,0.22881831725874333
2021-06-01,Minimum Variance,QQQ,6.991920692412856e-18
2021-06-01,Minimum Variance,SPY,0.09732887836382668
2021-06-01,Minimum Variance,TLT,0.16474676447589215
2021-06-01,Minimum Variance,VNQ,0.0
2021-06-01,SPY,EEM,0.0
2021-06-01,SPY,EFA,0.0
2021-06-01,SPY,GLD,0.0
2021-06-01,SPY,IEF,0.0
2021-06-01,SPY,IWM,0.0
2021-06-01,SPY,LQD,0.0
2021-06-01,SPY,QQQ,0.0
2021-06-01,SPY,SPY,1.0
2021-06-01,SPY,TLT,0.0
2021-06-01,SPY,VNQ,0.0
2021-06-01,Shrunk Max Sharpe λ=0.25,EEM,3.9316756041185815e-16
2021-06-01,Shrunk Max Sharpe λ=0.25,EFA,5.2629297528960453e-17
2021-06-01,Shrunk Max Sharpe λ=0.25,GLD,0.20920573362405176
2021-06-01,Shrunk Max Sharpe λ=0.25,IEF,0.2999999999999993
2021-06-01,Shrunk Max Sharpe λ=0.25,IWM,0.0
2021-06-01,Shrunk Max Sharpe λ=0.25,LQD,0.01709486493280216
2021-06-01,Shrunk Max Sharpe λ=0.25,QQQ,0.1810940797550509
2021-06-01,Shrunk Max Sharpe λ=0.25,SPY,0.0878247523678532
2021-06-01,Shrunk Max Sharpe λ=0.25,TLT,0.20478056932024227
2021-06-01,Shrunk Max Sharpe λ=0.25,VNQ,0.0
2021-06-01,Shrunk Max Sharpe λ=0.50,EEM,1.371801618676004e-16
2021-06-01,Shrunk Max Sharpe λ=0.50,EFA,0.0
2021-06-01,Shrunk Max Sharpe λ=0.50,GLD,0.18138049477233373
2021-06-01,Shrunk Max Sharpe λ=0.50,IEF,0.2999999999999996
2021-06-01,Shrunk Max Sharpe λ=0.50,IWM,0.0
2021-06-01,Shrunk Max Sharpe λ=0.50,LQD,0.09732689546391719
2021-06-01,Shrunk Max Sharpe λ=0.50,QQQ,0.05627383472414219
2021-06-01,Shrunk Max Sharpe λ=0.50,SPY,0.17446005389609562
2021-06-01,Shrunk Max Sharpe λ=0.50,TLT,0.19055872114351147
2021-06-01,Shrunk Max Sharpe λ=0.50,VNQ,0.0
2021-06-01,Shrunk Max Sharpe λ=0.75,EEM,1.339911505603503e-16
2021-06-01,Shrunk Max Sharpe λ=0.75,EFA,2.0986108316284659e-16
2021-06-01,Shrunk Max Sharpe λ=0.75,GLD,0.15788657907685227
2021-06-01,Shrunk Max Sharpe λ=0.75,IEF,0.299999999999999
2021-06-01,Shrunk Max Sharpe λ=0.75,IWM,0.0
2021-06-01,Shrunk Max Sharpe λ=0.75,LQD,0.17148316590497337
2021-06-01,Shrunk Max Sharpe λ=0.75,QQQ,6.823612073842722e-16
2021-06-01,Shrunk Max Sharpe λ=0.75,SPY,0.1960214577500722
2021-06-01,Shrunk Max Sharpe λ=0.75,TLT,0.17460879726810213
2021-06-01,Shrunk Max Sharpe λ=0.75,VNQ,6.411925096699524e-17
2021-06-01,Turnover-Aware Max Sharpe γ=0.05,EEM,3.030522891074234e-16
2021-06-01,Turnover-Aware Max Sharpe γ=0.05,EFA,7.713624621187225e-17
2021-06-01,Turnover-Aware Max Sharpe γ=0.05,GLD,0.21086702064980595
2021-06-01,Turnover-Aware Max Sharpe γ=0.05,IEF,0.2999999999999981
2021-06-01,Turnover-Aware Max Sharpe γ=0.05,IWM,0.0
2021-06-01,Turnover-Aware Max Sharpe γ=0.05,LQD,4.939178713211071e-17
2021-06-01,Turnover-Aware Max Sharpe γ=0.05,QQQ,0.29855350791498964
2021-06-01,Turnover-Aware Max Sharpe γ=0.05,SPY,2.216625421894964e-16
2021-06-01,Turnover-Aware Max Sharpe γ=0.05,TLT,0.19057947143520565
2021-06-01,Turnover-Aware Max Sharpe γ=0.05,VNQ,0.0
2021-06-01,Turnover-Aware Max Sharpe γ=0.10,EEM,3.1321802132746087e-16
2021-06-01,Turnover-Aware Max Sharpe γ=0.10,EFA,0.0
2021-06-01,Turnover-Aware Max Sharpe γ=0.10,GLD,0.20006080176830315
2021-06-01,Turnover-Aware Max Sharpe γ=0.10,IEF,0.2999999999999999
2021-06-01,Turnover-Aware Max Sharpe γ=0.10,IWM,3.6703393210666173e-16
2021-06-01,Turnover-Aware Max Sharpe γ=0.10,LQD,0.0
2021-06-01,Turnover-Aware Max Sharpe γ=0.10,QQQ,0.2999999999999995
2021-06-01,Turnover-Aware Max Sharpe γ=0.10,SPY,0.0
2021-06-01,Turnover-Aware Max Sharpe γ=0.10,TLT,0.19993919823169676
2021-06-01,Turnover-Aware Max Sharpe γ=0.10,VNQ,0.0
2021-06-01,Turnover-Aware Max Sharpe γ=0.25,EEM,4.1087506259722433e-16
2021-06-01,Turnover-Aware Max Sharpe γ=0.25,EFA,6.217768245868237e-16
2021-06-01,Turnover-Aware Max Sharpe γ=0.25,GLD,0.1604960623333373
2021-06-01,Turnover-Aware Max Sharpe γ=0.25,IEF,0.2999999999999977
2021-06-01,Turnover-Aware Max Sharpe γ=0.25,IWM,0.0
2021-06-01,Turnover-Aware Max Sharpe γ=0.25,LQD,0.0
2021-06-01,Turnover-Aware Max Sharpe γ=0.25,QQQ,0.2999999999999994
2021-06-01,Turnover-Aware Max Sharpe γ=0.25,SPY,0.012189003383601706
2021-06-01,Turnover-Aware Max Sharpe γ=0.25,TLT,0.2273149342830628
2021-06-01,Turnover-Aware Max Sharpe γ=0.25,VNQ,2.0252592740226097e-16
2021-07-01,Combined Robust Max Sharpe λ=0.50 γ=0.10,EEM,0.0
2021-07-01,Combined Robust Max Sharpe λ=0.50 γ=0.10,EFA,1.6727848896607998e-16
2021-07-01,Combined Robust Max Sharpe λ=0.50 γ=0.10,GLD,0.1612385745226988
2021-07-01,Combined Robust Max Sharpe λ=0.50 γ=0.10,IEF,0.29999999999999977
2021-07-01,Combined Robust Max Sharpe λ=0.50 γ=0.10,IWM,0.0
2021-07-01,Combined Robust Max Sharpe λ=0.50 γ=0.10,LQD,0.08324915246163014
2021-07-01,Combined Robust Max Sharpe λ=0.50 γ=0.10,QQQ,0.09995845156545828
2021-07-01,Combined Robust Max Sharpe λ=0.50 γ=0.10,SPY,0.13850044205432357
2021-07-01,Combined Robust Max Sharpe λ=0.50 γ=0.10,TLT,0.21705337939588912
2021-07-01,Combined Robust Max Sharpe λ=0.50 γ=0.10,VNQ,0.0
2021-07-01,Equal Weight,EEM,0.1
2021-07-01,Equal Weight,EFA,0.1
2021-07-01,Equal Weight,GLD,0.1
2021-07-01,Equal Weight,IEF,0.1
2021-07-01,Equal Weight,IWM,0.1
2021-07-01,Equal Weight,LQD,0.1
2021-07-01,Equal Weight,QQQ,0.1
2021-07-01,Equal Weight,SPY,0.1
2021-07-01,Equal Weight,TLT,0.1
2021-07-01,Equal Weight,VNQ,0.1
2021-07-01,Maximum Sharpe,EEM,0.0
2021-07-01,Maximum Sharpe,EFA,2.7437280885583398e-17
2021-07-01,Maximum Sharpe,GLD,0.16283286676461828
2021-07-01,Maximum Sharpe,IEF,0.30000000000000004
2021-07-01,Maximum Sharpe,IWM,2.5993891336637087e-17
2021-07-01,Maximum Sharpe,LQD,0.0
2021-07-01,Maximum Sharpe,QQQ,0.30000000000000004
2021-07-01,Maximum Sharpe,SPY,0.004704267329327242
2021-07-01,Maximum Sharpe,TLT,0.23246286590605425
2021-07-01,Maximum Sharpe,VNQ,1.2804770667329182e-16
2021-07-01,Minimum Variance,EEM,1.4673638228610958e-17
2021-07-01,Minimum Variance,EFA,0.08511495031297645
2021-07-01,Minimum Variance,GLD,0.12453628815039268
2021-07-01,Minimum Variance,IEF,0.3
2021-07-01,Minimum Variance,IWM,1.9514726410890744e-18
2021-07-01,Minimum Variance,LQD,0.2322690049239423
2021-07-01,Minimum Variance,QQQ,2.6908233874443604e-18
2021-07-01,Minimum Variance,SPY,0.09490410876783632
2021-07-01,Minimum Variance,TLT,0.1631756478448522
2021-07-01,Minimum Variance,VNQ,0.0
2021-07-01,SPY,EEM,0.0
2021-07-01,SPY,EFA,0.0
2021-07-01,SPY,GLD,0.0
2021-07-01,SPY,IEF,0.0
2021-07-01,SPY,IWM,0.0
2021-07-01,SPY,LQD,0.0
2021-07-01,SPY,QQQ,0.0
2021-07-01,SPY,SPY,1.0
2021-07-01,SPY,TLT,0.0
2021-07-01,SPY,VNQ,0.0
2021-07-01,Shrunk Max Sharpe λ=0.25,EEM,0.0
2021-07-01,Shrunk Max Sharpe λ=0.25,EFA,1.1867859738776814e-16
2021-07-01,Shrunk Max Sharpe λ=0.25,GLD,0.15733814013560563
2021-07-01,Shrunk Max Sharpe λ=0.25,IEF,0.3
2021-07-01,Shrunk Max Sharpe λ=0.25,IWM,1.636620229965397e-16
2021-07-01,Shrunk Max Sharpe λ=0.25,LQD,0.05491553079904805
2021-07-01,Shrunk Max Sharpe λ=0.25,QQQ,0.2223811774191242
2021-07-01,Shrunk Max Sharpe λ=0.25,SPY,0.045373608348664746
2021-07-01,Shrunk Max Sharpe λ=0.25,TLT,0.21999154329755705
2021-07-01,Shrunk Max Sharpe λ=0.25,VNQ,0.0
2021-07-01,Shrunk Max Sharpe λ=0.50,EEM,2.815936909498059e-17
2021-07-01,Shrunk Max Sharpe λ=0.50,EFA,0.0
2021-07-01,Shrunk Max Sharpe λ=0.50,GLD,0.149505441228752
2021-07-01,Shrunk Max Sharpe λ=0.50,IEF,0.29999999999999993
2021-07-01,Shrunk Max Sharpe λ=0.50,IWM,3.6949428310276026e-17
2021-07-01,Shrunk Max Sharpe λ=0.50,LQD,0.12118230339655446
2021-07-01,Shrunk Max Sharpe λ=0.50,QQQ,0.07810714815831409
2021-07-01,Shrunk Max Sharpe λ=0.50,SPY,0.1517238246336718
2021-07-01,Shrunk Max Sharpe λ=0.50,TLT,0.19948128258270764
2021-07-01,Shrunk Max Sharpe λ=0.50,VNQ,0.0
2021-07-01,Shrunk Max Sharpe λ=0.75,EEM,3.476772366286557e-17
2021-07-01,Shrunk Max Sharpe λ=0.75,EFA,0.0
2021-07-01,Shrunk Max Sharpe λ=0.75,GLD,0.1424975941495719
2021-07-01,Shrunk Max Sharpe λ=0.75,IEF,0.30000000000000004
2021-07-01,Shrunk Max Sharpe λ=0.75,IWM,0.0
2021-07-01,Shrunk Max Sharpe λ=0.75,LQD,0.1820921769788595
2021-07-01,Shrunk Max Sharpe λ=0.75,QQQ,1.218429648677372e-16
2021-07-01,Shrunk Max Sharpe λ=0.75,SPY,0.19630921122941467
2021-07-01,Shrunk Max Sharpe λ=0.75,TLT,0.17910101764215383
2021-07-01,Shrunk Max Sharpe λ=0.75,VNQ,0.0
2021-07-01,Turnover-Aware Max Sharpe γ=0.05,EEM,0.0
2021-07-01,Turnover-Aware Max Sharpe γ=0.05,EFA,1.0255329507184342e-16
2021-07-01,Turnover-Aware Max Sharpe γ=0.05,GLD,0.1756277126872528
2021-07-01,Turnover-Aware Max Sharpe γ=0.05,IEF,0.29999999999999993
2021-07-01,Turnover-Aware Max Sharpe γ=0.05,IWM,0.0
2021-07-01,Turnover-Aware Max Sharpe γ=0.05,LQD,0.0
2021-07-01,Turnover-Aware Max Sharpe γ=0.05,QQQ,0.2999999999999999
2021-07-01,Turnover-Aware Max Sharpe γ=0.05,SPY,0.0003243623102237551
2021-07-01,Turnover-Aware Max Sharpe γ=0.05,TLT,0.2240479250025237
2021-07-01,Turnover-Aware Max Sharpe γ=0.05,VNQ,0.0
2021-07-01,Turnover-Aware Max Sharpe γ=0.10,EEM,2.61443492864919e-16
2021-07-01,Turnover-Aware Max Sharpe γ=0.10,EFA,1.6622620819541706e-16
2021-07-01,Turnover-Aware Max Sharpe γ=0.10,GLD,0.18458640081956437
2021-07-01,Turnover-Aware Max Sharpe γ=0.10,IEF,0.2999999999999991
2021-07-01,Turnover-Aware Max Sharpe γ=0.10,IWM,0.0
2021-07-01,Turnover-Aware Max Sharpe γ=0.10,LQD,0.0
2021-07-01,Turnover-Aware Max Sharpe γ=0.10,QQQ,0.2999999999999995
2021-07-01,Turnover-Aware Max Sharpe γ=0.10,SPY,0.0
2021-07-01,Turnover-Aware Max Sharpe γ=0.10,TLT,0.21541359918043648
2021-07-01,Turnover-Aware Max Sharpe γ=0.10,VNQ,0.0
2021-07-01,Turnover-Aware Max Sharpe γ=0.25,EEM,2.237957782938533e-16
2021-07-01,Turnover-Aware Max Sharpe γ=0.25,EFA,6.168135745506177e-17
2021-07-01,Turnover-Aware Max Sharpe γ=0.25,GLD,0.16049606233333732
2021-07-01,Turnover-Aware Max Sharpe γ=0.25,IEF,0.2999999999999999
2021-07-01,Turnover-Aware Max Sharpe γ=0.25,IWM,0.0
2021-07-01,Turnover-Aware Max Sharpe γ=0.25,LQD,2.58071116207077e-16
2021-07-01,Turnover-Aware Max Sharpe γ=0.25,QQQ,0.3
2021-07-01,Turnover-Aware Max Sharpe γ=0.25,SPY,0.012189003383599508
2021-07-01,Turnover-Aware Max Sharpe γ=0.25,TLT,0.22731493428306276
2021-07-01,Turnover-Aware Max Sharpe γ=0.25,VNQ,2.1964463592229203e-17
2021-09-01,Combined Robust Max Sharpe λ=0.50 γ=0.10,EEM,0.0
2021-09-01,Combined Robust Max Sharpe λ=0.50 γ=0.10,EFA,0.0
2021-09-01,Combined Robust Max Sharpe λ=0.50 γ=0.10,GLD,0.1639074557698394
2021-09-01,Combined Robust Max Sharpe λ=0.50 γ=0.10,IEF,0.2999999999999999
2021-09-01,Combined Robust Max Sharpe λ=0.50 γ=0.10,IWM,1.0431908970974842e-16
2021-09-01,Combined Robust Max Sharpe λ=0.50 γ=0.10,LQD,0.08324915246163002
2021-09-01,Combined Robust Max Sharpe λ=0.50 γ=0.10,QQQ,0.09728957031831832
2021-09-01,Combined Robust Max Sharpe λ=0.50 γ=0.10,SPY,0.13850044205432333
2021-09-01,Combined Robust Max Sharpe λ=0.50 γ=0.10,TLT,0.21705337939588895
2021-09-01,Combined Robust Max Sharpe λ=0.50 γ=0.10,VNQ,0.0
2021-09-01,Equal Weight,EEM,0.1
2021-09-01,Equal Weight,EFA,0.1
2021-09-01,Equal Weight,GLD,0.1
2021-09-01,Equal Weight,IEF,0.1
2021-09-01,Equal Weight,IWM,0.1
2021-09-01,Equal Weight,LQD,0.1
2021-09-01,Equal Weight,QQQ,0.1
2021-09-01,Equal Weight,SPY,0.1
2021-09-01,Equal Weight,TLT,0.1
2021-09-01,Equal Weight,VNQ,0.1
2021-09-01,Maximum Sharpe,EEM,0.0
2021-09-01,Maximum Sharpe,EFA,5.578153812387143e-17
2021-09-01,Maximum Sharpe,GLD,0.19905396119133648
2021-09-01,Maximum Sharpe,IEF,0.2999999999999998
2021-09-01,Maximum Sharpe,IWM,4.680682278599939e-17
2021-09-01,Maximum Sharpe,LQD,1.5912659309048887e-16
2021-09-01,Maximum Sharpe,QQQ,0.28868086613775124
2021-09-01,Maximum Sharpe,SPY,0.0
2021-09-01,Maximum Sharpe,TLT,0.21226517267091227
2021-09-01,Maximum Sharpe,VNQ,6.134283498046631e-17
2021-09-01,Minimum Variance,EEM,3.4428433947250102e-18
2021-09-01,Minimum Variance,EFA,0.0923758176335052
2021-09-01,Minimum Variance,GLD,0.12326781354657439
2021-09-01,Minimum Variance,IEF,0.30000000000000004
2021-09-01,Minimum Variance,IWM,3.561398826694237e-18
2021-09-01,Minimum Variance,LQD,0.23389088813174877
2021-09-01,Minimum Variance,QQQ,0.0
2021-09-01,Minimum Variance,SPY,0.09068752981480976
2021-09-01,Minimum Variance,TLT,0.1597779508733619
2021-09-01,Minimum Variance,VNQ,0.0
2021-09-01,SPY,EEM,0.0
2021-09-01,SPY,EFA,0.0
2021-09-01,SPY,GLD,0.0
2021-09-01,SPY,IEF,0.0
2021-09-01,SPY,IWM,0.0
2021-09-01,SPY,LQD,0.0
2021-09-01,SPY,QQQ,0.0
2021-09-01,SPY,SPY,1.0
2021-09-01,SPY,TLT,0.0
2021-09-01,SPY,VNQ,0.0
2021-09-01,Shrunk Max Sharpe λ=0.25,EEM,0.0
2021-09-01,Shrunk Max Sharpe λ=0.25,EFA,6.100519982935023e-17
2021-09-01,Shrunk Max Sharpe λ=0.25,GLD,0.1969390652404078
2021-09-01,Shrunk Max Sharpe λ=0.25,IEF,0.2999999999999993
2021-09-01,Shrunk Max Sharpe λ=0.25,IWM,0.0
2021-09-01,Shrunk Max Sharpe λ=0.25,LQD,0.0017558100257407492
2021-09-01,Shrunk Max Sharpe λ=0.25,QQQ,0.20358220925074588
2021-09-01,Shrunk Max Sharpe λ=0.25,SPY,0.06565497686659925
2021-09-01,Shrunk Max Sharpe λ=0.25,TLT,0.23206793861650699
2021-09-01,Shrunk Max Sharpe λ=0.25,VNQ,5.429571627999839e-17
2021-09-01,Shrunk Max Sharpe λ=0.50,EEM,0.0
2021-09-01,Shrunk Max Sharpe λ=0.50,EFA,5.126766121852958e-17
2021-09-01,Shrunk Max Sharpe λ=0.50,GLD,0.17286483527225732
2021-09-01,Shrunk Max Sharpe λ=0.50,IEF,0.3
2021-09-01,Shrunk Max Sharpe λ=0.50,IWM,8.546266524427725e-17
2021-09-01,Shrunk Max Sharpe λ=0.50,LQD,0.0892211638142616
2021-09-01,Shrunk Max Sharpe λ=0.50,QQQ,0.06837406748833559
2021-09-01,Shrunk Max Sharpe λ=0.50,SPY,0.16379348921167494
2021-09-01,Shrunk Max Sharpe λ=0.50,TLT,0.20574644421347044
2021-09-01,Shrunk Max Sharpe λ=0.50,VNQ,0.0
2021-09-01,Shrunk Max Sharpe λ=0.75,EEM,0.0
2021-09-01,Shrunk Max Sharpe λ=0.75,EFA,0.0
2021-09-01,Shrunk Max Sharpe λ=0.75,GLD,0.15256830622885614
2021-09-01,Shrunk Max Sharpe λ=0.75,IEF,0.30000000000000004
2021-09-01,Shrunk Max Sharpe λ=0.75,IWM,1.3442106590070622e-16
2021-09-01,Shrunk Max Sharpe λ=0.75,LQD,0.169909389832172
2021-09-01,Shrunk Max Sharpe λ=0.75,QQQ,0.0
2021-09-01,Shrunk Max Sharpe λ=0.75,SPY,0.1980239806268814
2021-09-01,Shrunk Max Sharpe λ=0.75,TLT,0.17949832331209037
2021-09-01,Shrunk Max Sharpe λ=0.75,VNQ,0.0
2021-09-01,Turnover-Aware Max Sharpe γ=0.05,EEM,0.0
2021-09-01,Turnover-Aware Max Sharpe γ=0.05,EFA,5.790525425642918e-17
2021-09-01,Turnover-Aware Max Sharpe γ=0.05,GLD,0.18742547695178519
2021-09-01,Turnover-Aware Max Sharpe γ=0.05,IEF,0.29999999999999993
2021-09-01,Turnover-Aware Max Sharpe γ=0.05,IWM,0.0
2021-09-01,Turnover-Aware Max Sharpe γ=0.05,LQD,0.0
2021-09-01,Turnover-Aware Max Sharpe γ=0.05,QQQ,0.2923685034429483
2021-09-01,Turnover-Aware Max Sharpe γ=0.05,SPY,0.0
2021-09-01,Turnover-Aware Max Sharpe γ=0.05,TLT,0.2202060196052661
2021-09-01,Turnover-Aware Max Sharpe γ=0.05,VNQ,3.6684302965455057e-16
2021-09-01,Turnover-Aware Max Sharpe γ=0.10,EEM,6.238063889680227e-16
2021-09-01,Turnover-Aware Max Sharpe γ=0.10,EFA,3.312115752673617e-16
2021-09-01,Turnover-Aware Max Sharpe γ=0.10,GLD,0.18821548374287603
2021-09-01,Turnover-Aware Max Sharpe γ=0.10,IEF,0.2999999999999968
2021-09-01,Turnover-Aware Max Sharpe γ=0.10,IWM,0.0
2021-09-01,Turnover-Aware Max Sharpe γ=0.10,LQD,0.0
2021-09-01,Turnover-Aware Max Sharpe γ=0.10,QQQ,0.2963709170766871
2021-09-01,Turnover-Aware Max Sharpe γ=0.10,SPY,1.034302947735527e-15
2021-09-01,Turnover-Aware Max Sharpe γ=0.10,TLT,0.21541359918043798
2021-09-01,Turnover-Aware Max Sharpe γ=0.10,VNQ,0.0
2021-09-01,Turnover-Aware Max Sharpe γ=0.25,EEM,9.324128310304507e-16
2021-09-01,Turnover-Aware Max Sharpe γ=0.25,EFA,0.0
2021-09-01,Turnover-Aware Max Sharpe γ=0.25,GLD,0.17240971658625504
2021-09-01,Turnover-Aware Max Sharpe γ=0.25,IEF,0.299999999999998
2021-09-01,Turnover-Aware Max Sharpe γ=0.25,IWM,0.0
2021-09-01,Turnover-Aware Max Sharpe γ=0.25,LQD,0.0
2021-09-01,Turnover-Aware Max Sharpe γ=0.25,QQQ,0.3
2021-09-01,Turnover-Aware Max Sharpe γ=0.25,SPY,0.0002753491306823328
2021-09-01,Turnover-Aware Max Sharpe γ=0.25,TLT,0.22731493428306354
2021-09-01,Turnover-Aware Max Sharpe γ=0.25,VNQ,1.6687991384663154e-16
2021-10-01,Combined Robust Max Sharpe λ=0.50 γ=0.10,EEM,0.0
2021-10-01,Combined Robust Max Sharpe λ=0.50 γ=0.10,EFA,1.754097104493214e-16
2021-10-01,Combined Robust Max Sharpe λ=0.50 γ=0.10,GLD,0.1639074557698396
2021-10-01,Combined Robust Max Sharpe λ=0.50 γ=0.10,IEF,0.29999999999999977
2021-10-01,Combined Robust Max Sharpe λ=0.50 γ=0.10,IWM,0.0
2021-10-01,Combined Robust Max Sharpe λ=0.50 γ=0.10,LQD,0.08324915246162978
2021-10-01,Combined Robust Max Sharpe λ=0.50 γ=0.10,QQQ,0.09728957031831843
2021-10-01,Combined Robust Max Sharpe λ=0.50 γ=0.10,SPY,0.13850044205432324
2021-10-01,Combined Robust Max Sharpe λ=0.50 γ=0.10,TLT,0.21705337939588895
2021-10-01,Combined Robust Max Sharpe λ=0.50 γ=0.10,VNQ,4.51229100160631e-17
2021-10-01,Equal Weight,EEM,0.1
2021-10-01,Equal Weight,EFA,0.1
2021-10-01,Equal Weight,GLD,0.1
2021-10-01,Equal Weight,IEF,0.1
2021-10-01,Equal Weight,IWM,0.1
2021-10-01,Equal Weight,LQD,0.1
2021-10-01,Equal Weight,QQQ,0.1
2021-10-01,Equal Weight,SPY,0.1
2021-10-01,Equal Weight,TLT,0.1
2021-10-01,Equal Weight,VNQ,0.1
2021-10-01,Maximum Sharpe,EEM,6.081941700255161e-17
2021-10-01,Maximum Sharpe,EFA,5.077455361384182e-17
2021-10-01,Maximum Sharpe,GLD,0.18764097137246546
2021-10-01,Maximum Sharpe,IEF,0.2999999999999999
2021-10-01,Maximum Sharpe,IWM,0.0
2021-10-01,Maximum Sharpe,LQD,6.4573890693731e-17
2021-10-01,Maximum Sharpe,QQQ,0.2895317578268924
2021-10-01,Maximum Sharpe,SPY,0.0
2021-10-01,Maximum Sharpe,TLT,0.22282727080064194
2021-10-01,Maximum Sharpe,VNQ,2.1097354499138397e-16
2021-10-01,Minimum Variance,EEM,6.878157862914641e-18
2021-10-01,Minimum Variance,EFA,0.09456604634106604
2021-10-01,Minimum Variance,GLD,0.12109357899126606
2021-10-01,Minimum Variance,IEF,0.3
2021-10-01,Minimum Variance,IWM,1.4099925540022222e-17
2021-10-01,Minimum Variance,LQD,0.2419715508773957
2021-10-01,Minimum Variance,QQQ,9.763478950292226e-19
2021-10-01,Minimum Variance,SPY,0.08746918002343716
2021-10-01,Minimum Variance,TLT,0.15489964376683504
2021-10-01,Minimum Variance,VNQ,0.0
2021-10-01,SPY,EEM,0.0
2021-10-01,SPY,EFA,0.0
2021-10-01,SPY,GLD,0.0
2021-10-01,SPY,IEF,0.0
2021-10-01,SPY,IWM,0.0
2021-10-01,SPY,LQD,0.0
2021-10-01,SPY,QQQ,0.0
2021-10-01,SPY,SPY,1.0
2021-10-01,SPY,TLT,0.0
2021-10-01,SPY,VNQ,0.0
2021-10-01,Shrunk Max Sharpe λ=0.25,EEM,0.0
2021-10-01,Shrunk Max Sharpe λ=0.25,EFA,4.314451755053577e-17
2021-10-01,Shrunk Max Sharpe λ=0.25,GLD,0.19226168027113963
2021-10-01,Shrunk Max Sharpe λ=0.25,IEF,0.2999999999999999
2021-10-01,Shrunk Max Sharpe λ=0.25,IWM,0.0
2021-10-01,Shrunk Max Sharpe λ=0.25,LQD,0.006842528368123345
2021-10-01,Shrunk Max Sharpe λ=0.25,QQQ,0.23982207210042636
2021-10-01,Shrunk Max Sharpe λ=0.25,SPY,0.025094033822221983
2021-10-01,Shrunk Max Sharpe λ=0.25,TLT,0.23597968543808873
2021-10-01,Shrunk Max Sharpe λ=0.25,VNQ,0.0
2021-10-01,Shrunk Max Sharpe λ=0.50,EEM,0.0
2021-10-01,Shrunk Max Sharpe λ=0.50,EFA,0.0
2021-10-01,Shrunk Max Sharpe λ=0.50,GLD,0.16962903410637656
2021-10-01,Shrunk Max Sharpe λ=0.50,IEF,0.29999999999999993
2021-10-01,Shrunk Max Sharpe λ=0.50,IWM,0.0
2021-10-01,Shrunk Max Sharpe λ=0.50,LQD,0.09582639061938385
2021-10-01,Shrunk Max Sharpe λ=0.50,QQQ,0.08924305495424326
2021-10-01,Shrunk Max Sharpe λ=0.50,SPY,0.1395624251049028
2021-10-01,Shrunk Max Sharpe λ=0.50,TLT,0.2057390952150935
2021-10-01,Shrunk Max Sharpe λ=0.50,VNQ,0.0
2021-10-01,Shrunk Max Sharpe λ=0.75,EEM,9.82059348306958e-17
2021-10-01,Shrunk Max Sharpe λ=0.75,EFA,4.503045069306819e-17
2021-10-01,Shrunk Max Sharpe λ=0.75,GLD,0.15056167825502262
2021-10-01,Shrunk Max Sharpe λ=0.75,IEF,0.29999999999999977
2021-10-01,Shrunk Max Sharpe λ=0.75,IWM,0.0
2021-10-01,Shrunk Max Sharpe λ=0.75,LQD,0.17534525037356324
2021-10-01,Shrunk Max Sharpe λ=0.75,QQQ,1.1476636198259536e-16
2021-10-01,Shrunk Max Sharpe λ=0.75,SPY,0.19649728275260134
2021-10-01,Shrunk Max Sharpe λ=0.75,TLT,0.17759578861881273
2021-10-01,Shrunk Max Sharpe λ=0.75,VNQ,0.0
2021-10-01,Turnover-Aware Max Sharpe γ=0.05,EEM,5.632922615821661e-17
2021-10-01,Turnover-Aware Max Sharpe γ=0.05,EFA,3.109149797873381e-16
2021-10-01,Turnover-Aware Max Sharpe γ=0.05,GLD,0.18742547695178516
2021-10-01,Turnover-Aware Max Sharpe γ=0.05,IEF,0.29999999999999954
2021-10-01,Turnover-Aware Max Sharpe γ=0.05,IWM,0.0
2021-10-01,Turnover-Aware Max Sharpe γ=0.05,LQD,0.0
2021-10-01,Turnover-Aware Max Sharpe γ=0.05,QQQ,0.2923685034429479
2021-10-01,Turnover-Aware Max Sharpe γ=0.05,SPY,3.6728255078501374e-16
2021-10-01,Turnover-Aware Max Sharpe γ=0.05,TLT,0.2202060196052665
2021-10-01,Turnover-Aware Max Sharpe γ=0.05,VNQ,0.0
2021-10-01,Turnover-Aware Max Sharpe γ=0.10,EEM,0.0
2021-10-01,Turnover-Aware Max Sharpe γ=0.10,EFA,1.3112398443377275e-16
2021-10-01,Turnover-Aware Max Sharpe γ=0.10,GLD,0.1882154837428759
2021-10-01,Turnover-Aware Max Sharpe γ=0.10,IEF,0.3
2021-10-01,Turnover-Aware Max Sharpe γ=0.10,IWM,2.0204846481532648e-16
2021-10-01,Turnover-Aware Max Sharpe γ=0.10,LQD,1.164875782518868e-16
2021-10-01,Turnover-Aware Max Sharpe γ=0.10,QQQ,0.2951175230996773
2021-10-01,Turnover-Aware Max Sharpe γ=0.10,SPY,4.326892079525105e-16
2021-10-01,Turnover-Aware Max Sharpe γ=0.10,TLT,0.21666699315744603
2021-10-01,Turnover-Aware Max Sharpe γ=0.10,VNQ,0.0
2021-10-01,Turnover-Aware Max Sharpe γ=0.25,EEM,0.0
2021-10-01,Turnover-Aware Max Sharpe γ=0.25,EFA,0.0
2021-10-01,Turnover-Aware Max Sharpe γ=0.25,GLD,0.17268506571693565
2021-10-01,Turnover-Aware Max Sharpe γ=0.25,IEF,0.30000000000000027
2021-10-01,Turnover-Aware Max Sharpe γ=0.25,IWM,4.0024659527892915e-16
2021-10-01,Turnover-Aware Max Sharpe γ=0.25,LQD,6.091011689221664e-16
2021-10-01,Turnover-Aware Max Sharpe γ=0.25,QQQ,0.30000000000000027
2021-10-01,Turnover-Aware Max Sharpe γ=0.25,SPY,0.0
2021-10-01,Turnover-Aware Max Sharpe γ=0.25,TLT,0.2273149342830629
2021-10-01,Turnover-Aware Max Sharpe γ=0.25,VNQ,0.0
2021-11-01,Combined Robust Max Sharpe λ=0.50 γ=0.10,EEM,0.0
2021-11-01,Combined Robust Max Sharpe λ=0.50 γ=0.10,EFA,0.0
2021-11-01,Combined Robust Max Sharpe λ=0.50 γ=0.10,GLD,0.15068322489159858
2021-11-01,Combined Robust Max Sharpe λ=0.50 γ=0.10,IEF,0.29999999999999966
2021-11-01,Combined Robust Max Sharpe λ=0.50 γ=0.10,IWM,8.561045898713708e-17
2021-11-01,Combined Robust Max Sharpe λ=0.50 γ=0.10,LQD,0.08324915246162974
2021-11-01,Combined Robust Max Sharpe λ=0.50 γ=0.10,QQQ,0.09728957031831845
2021-11-01,Combined Robust Max Sharpe λ=0.50 γ=0.10,SPY,0.14830105686859682
2021-11-01,Combined Robust Max Sharpe λ=0.50 γ=0.10,TLT,0.22047699545985672
2021-11-01,Combined Robust Max Sharpe λ=0.50 γ=0.10,VNQ,5.039800459752736e-18
2021-11-01,Equal Weight,EEM,0.1
2021-11-01,Equal Weight,EFA,0.1
2021-11-01,Equal Weight,GLD,0.1
2021-11-01,Equal Weight,IEF,0.1
2021-11-01,Equal Weight,IWM,0.1
2021-11-01,Equal Weight,LQD,0.1
2021-11-01,Equal Weight,QQQ,0.1
2021-11-01,Equal Weight,SPY,0.1
2021-11-01,Equal Weight,TLT,0.1
2021-11-01,Equal Weight,VNQ,0.1
2021-11-01,Maximum Sharpe,EEM,3.4767390671696293e-16
2021-11-01,Maximum Sharpe,EFA,0.0
2021-11-01,Maximum Sharpe,GLD,0.11773738179211911
2021-11-01,Maximum Sharpe,IEF,0.2999999999999998
2021-11-01,Maximum Sharpe,IWM,0.0
2021-11-01,Maximum Sharpe,LQD,8.763307551745048e-17
2021-11-01,Maximum Sharpe,QQQ,0.2999999999999999
2021-11-01,Maximum Sharpe,SPY,0.01685927449465347
2021-11-01,Maximum Sharpe,TLT,0.26540334371322727
2021-11-01,Maximum Sharpe,VNQ,4.026330376459904e-17
2021-11-01,Minimum Variance,EEM,6.049397457811607e-18
2021-11-01,Minimum Variance,EFA,0.09741132129705536
2021-11-01,Minimum Variance,GLD,0.12008847271748704
2021-11-01,Minimum Variance,IEF,0.3
2021-11-01,Minimum Variance,IWM,8.17565738570649e-18
2021-11-01,Minimum Variance,LQD,0.2367780522485615
2021-11-01,Minimum Variance,QQQ,0.0
2021-11-01,Minimum Variance,SPY,0.08869382938413535
2021-11-01,Minimum Variance,TLT,0.15702832435276076
2021-11-01,Minimum Variance,VNQ,0.0
2021-11-01,SPY,EEM,0.0
2021-11-01,SPY,EFA,0.0
2021-11-01,SPY,GLD,0.0
2021-11-01,SPY,IEF,0.0
2021-11-01,SPY,IWM,0.0
2021-11-01,SPY,LQD,0.0
2021-11-01,SPY,QQQ,0.0
2021-11-01,SPY,SPY,1.0
2021-11-01,SPY,TLT,0.0
2021-11-01,SPY,VNQ,0.0
2021-11-01,Shrunk Max Sharpe λ=0.25,EEM,2.1261574704165682e-16
2021-11-01,Shrunk Max Sharpe λ=0.25,EFA,5.583466881420295e-17
2021-11-01,Shrunk Max Sharpe λ=0.25,GLD,0.13142404569723284
2021-11-01,Shrunk Max Sharpe λ=0.25,IEF,0.29999999999999943
2021-11-01,Shrunk Max Sharpe λ=0.25,IWM,0.0
2021-11-01,Shrunk Max Sharpe λ=0.25,LQD,1.3196898073766557e-16
2021-11-01,Shrunk Max Sharpe λ=0.25,QQQ,0.22278523593915348
2021-11-01,Shrunk Max Sharpe λ=0.25,SPY,0.07495640088707442
2021-11-01,Shrunk Max Sharpe λ=0.25,TLT,0.2708343174765395
2021-11-01,Shrunk Max Sharpe λ=0.25,VNQ,0.0
2021-11-01,Shrunk Max Sharpe λ=0.50,EEM,5.762527369120222e-17
2021-11-01,Shrunk Max Sharpe λ=0.50,EFA,7.826818277708506e-17
2021-11-01,Shrunk Max Sharpe λ=0.50,GLD,0.13740806736819483
2021-11-01,Shrunk Max Sharpe λ=0.50,IEF,0.2999999999999999
2021-11-01,Shrunk Max Sharpe λ=0.50,IWM,0.0
2021-11-01,Shrunk Max Sharpe λ=0.50,LQD,0.06129257749526645
2021-11-01,Shrunk Max Sharpe λ=0.50,QQQ,0.07390732666198174
2021-11-01,Shrunk Max Sharpe λ=0.50,SPY,0.18489195946275985
2021-11-01,Shrunk Max Sharpe λ=0.50,TLT,0.24250006901179716
2021-11-01,Shrunk Max Sharpe λ=0.50,VNQ,4.6617659989568745e-18
2021-11-01,Shrunk Max Sharpe λ=0.75,EEM,0.0
2021-11-01,Shrunk Max Sharpe λ=0.75,EFA,0.01224260131723899
2021-11-01,Shrunk Max Sharpe λ=0.75,GLD,0.13396824096104548
2021-11-01,Shrunk Max Sharpe λ=0.75,IEF,0.2999999999999998
2021-11-01,Shrunk Max Sharpe λ=0.75,IWM,0.0
2021-11-01,Shrunk Max Sharpe λ=0.75,LQD,0.15874016383827397
2021-11-01,Shrunk Max Sharpe λ=0.75,QQQ,9.349329016546009e-17
2021-11-01,Shrunk Max Sharpe λ=0.75,SPY,0.20045558450727288
2021-11-01,Shrunk Max Sharpe λ=0.75,TLT,0.1945934093761685
2021-11-01,Shrunk Max Sharpe λ=0.75,VNQ,2.2927495953701903e-16
2021-11-01,Turnover-Aware Max Sharpe γ=0.05,EEM,1.4983970751887161e-16
2021-11-01,Turnover-Aware Max Sharpe γ=0.05,EFA,3.8822544417844173e-16
2021-11-01,Turnover-Aware Max Sharpe γ=0.05,GLD,0.12882224363493147
2021-11-01,Turnover-Aware Max Sharpe γ=0.05,IEF,0.30000000000000004
2021-11-01,Turnover-Aware Max Sharpe γ=0.05,IWM,4.8664876991090597e-17
2021-11-01,Turnover-Aware Max Sharpe γ=0.05,LQD,0.0
2021-11-01,Turnover-Aware Max Sharpe γ=0.05,QQQ,0.3
2021-11-01,Turnover-Aware Max Sharpe γ=0.05,SPY,0.012918152726198756
2021-11-01,Turnover-Aware Max Sharpe γ=0.05,TLT,0.2582596036388692
2021-11-01,Turnover-Aware Max Sharpe γ=0.05,VNQ,0.0
2021-11-01,Turnover-Aware Max Sharpe γ=0.10,EEM,1.7405798180174362e-16
2021-11-01,Turnover-Aware Max Sharpe γ=0.10,EFA,0.0
2021-11-01,Turnover-Aware Max Sharpe γ=0.10,GLD,0.1398406533919016
2021-11-01,Turnover-Aware Max Sharpe γ=0.10,IEF,0.2999999999999995
2021-11-01,Turnover-Aware Max Sharpe γ=0.10,IWM,0.0
2021-11-01,Turnover-Aware Max Sharpe γ=0.10,LQD,0.0
2021-11-01,Turnover-Aware Max Sharpe γ=0.10,QQQ,0.2999999999999997
2021-11-01,Turnover-Aware Max Sharpe γ=0.10,SPY,0.009039292859037335
2021-11-01,Turnover-Aware Max Sharpe γ=0.10,TLT,0.25112005374906143
2021-11-01,Turnover-Aware Max Sharpe γ=0.10,VNQ,1.210700346358309e-16
2021-11-01,Turnover-Aware Max Sharpe γ=0.25,EEM,0.0
2021-11-01,Turnover-Aware Max Sharpe γ=0.25,EFA,0.0
2021-11-01,Turnover-Aware Max Sharpe γ=0.25,GLD,0.17053533669976575
2021-11-01,Turnover-Aware Max Sharpe γ=0.25,IEF,0.3000000000000002
2021-11-01,Turnover-Aware Max Sharpe γ=0.25,IWM,2.1899356914117976e-16
2021-11-01,Turnover-Aware Max Sharpe γ=0.25,LQD,0.0
2021-11-01,Turnover-Aware Max Sharpe γ=0.25,QQQ,0.29999999999999993
2021-11-01,Turnover-Aware Max Sharpe γ=0.25,SPY,1.579496179098817e-16
2021-11-01,Turnover-Aware Max Sharpe γ=0.25,TLT,0.22946466330023355
2021-11-01,Turnover-Aware Max Sharpe γ=0.25,VNQ,1.8877571052451546e-16
2021-12-01,Combined Robust Max Sharpe λ=0.50 γ=0.10,EEM,1.8184148831551413e-17
2021-12-01,Combined Robust Max Sharpe λ=0.50 γ=0.10,EFA,0.0
2021-12-01,Combined Robust Max Sharpe λ=0.50 γ=0.10,GLD,0.142126265297156
2021-12-01,Combined Robust Max Sharpe λ=0.50 γ=0.10,IEF,0.29999999999999993
2021-12-01,Combined Robust Max Sharpe λ=0.50 γ=0.10,IWM,8.704849949749721e-17
2021-12-01,Combined Robust Max Sharpe λ=0.50 γ=0.10,LQD,0.08324915246162976
2021-12-01,Combined Robust Max Sharpe λ=0.50 γ=0.10,QQQ,0.10584652991276072
2021-12-01,Combined Robust Max Sharpe λ=0.50 γ=0.10,SPY,0.1483010568685966
2021-12-01,Combined Robust Max Sharpe λ=0.50 γ=0.10,TLT,0.2204769954598567
2021-12-01,Combined Robust Max Sharpe λ=0.50 γ=0.10,VNQ,0.0
2021-12-01,Equal Weight,EEM,0.1
2021-12-01,Equal Weight,EFA,0.1
2021-12-01,Equal Weight,GLD,0.1
2021-12-01,Equal Weight,IEF,0.1
2021-12-01,Equal Weight,IWM,0.1
2021-12-01,Equal Weight,LQD,0.1
2021-12-01,Equal Weight,QQQ,0.1
2021-12-01,Equal Weight,SPY,0.1
2021-12-01,Equal Weight,TLT,0.1
2021-12-01,Equal Weight,VNQ,0.1
2021-12-01,Maximum Sharpe,EEM,3.0023529980527184e-16
2021-12-01,Maximum Sharpe,EFA,0.0
2021-12-01,Maximum Sharpe,GLD,0.11393764007028347
2021-12-01,Maximum Sharpe,IEF,0.29999999999999977
2021-12-01,Maximum Sharpe,IWM,0.0
2021-12-01,Maximum Sharpe,LQD,0.0
2021-12-01,Maximum Sharpe,QQQ,0.2999999999999999
2021-12-01,Maximum Sharpe,SPY,0.017279014265781576
2021-12-01,Maximum Sharpe,TLT,0.2687833456639349
2021-12-01,Maximum Sharpe,VNQ,7.546861204133154e-17
2021-12-01,Minimum Variance,EEM,0.0
2021-12-01,Minimum Variance,EFA,0.098724025350475
2021-12-01,Minimum Variance,GLD,0.12203344046908138
2021-12-01,Minimum Variance,IEF,0.29999999999999993
2021-12-01,Minimum Variance,IWM,0.0
2021-12-01,Minimum Variance,LQD,0.2354577515368128
2021-12-01,Minimum Variance,QQQ,7.706686498463287e-18
2021-12-01,Minimum Variance,SPY,0.09174091695030781
2021-12-01,Minimum Variance,TLT,0.1520438656933231
2021-12-01,Minimum Variance,VNQ,3.4037539313779186e-17
2021-12-01,SPY,EEM,0.0
2021-12-01,SPY,EFA,0.0
2021-12-01,SPY,GLD,0.0
2021-12-01,SPY,IEF,0.0
2021-12-01,SPY,IWM,0.0
2021-12-01,SPY,LQD,0.0
2021-12-01,SPY,QQQ,0.0
2021-12-01,SPY,SPY,1.0
2021-12-01,SPY,TLT,0.0
2021-12-01,SPY,VNQ,0.0
2021-12-01,Shrunk Max Sharpe λ=0.25,EEM,0.0
2021-12-01,Shrunk Max Sharpe λ=0.25,EFA,0.0
2021-12-01,Shrunk Max Sharpe λ=0.25,GLD,0.12643083550985326
2021-12-01,Shrunk Max Sharpe λ=0.25,IEF,0.2999999999999999
2021-12-01,Shrunk Max Sharpe λ=0.25,IWM,1.987672722486682e-16
2021-12-01,Shrunk Max Sharpe λ=0.25,LQD,0.0
2021-12-01,Shrunk Max Sharpe λ=0.25,QQQ,0.2999999999999997
2021-12-01,Shrunk Max Sharpe λ=0.25,SPY,0.0020040524907353127
2021-12-01,Shrunk Max Sharpe λ=0.25,TLT,0.2715651119994114
2021-12-01,Shrunk Max Sharpe λ=0.25,VNQ,2.858564401755002e-16
2021-12-01,Shrunk Max Sharpe λ=0.50,EEM,0.0
2021-12-01,Shrunk Max Sharpe λ=0.50,EFA,0.0
2021-12-01,Shrunk Max Sharpe λ=0.50,GLD,0.13395719671031509
2021-12-01,Shrunk Max Sharpe λ=0.50,IEF,0.30000000000000004
2021-12-01,Shrunk Max Sharpe λ=0.50,IWM,5.1349371061192146e-17
2021-12-01,Shrunk Max Sharpe λ=0.50,LQD,0.06457715065380883
2021-12-01,Shrunk Max Sharpe λ=0.50,QQQ,0.1399272186811457
2021-12-01,Shrunk Max Sharpe λ=0.50,SPY,0.12225131654770921
2021-12-01,Shrunk Max Sharpe λ=0.50,TLT,0.2392871174070212
2021-12-01,Shrunk Max Sharpe λ=0.50,VNQ,0.0
2021-12-01,Shrunk Max Sharpe λ=0.75,EEM,0.0
2021-12-01,Shrunk Max Sharpe λ=0.75,EFA,2.7369740908768394e-17
2021-12-01,Shrunk Max Sharpe λ=0.75,GLD,0.13570996410500152
2021-12-01,Shrunk Max Sharpe λ=0.75,IEF,0.30000000000000004
2021-12-01,Shrunk Max Sharpe λ=0.75,IWM,0.0
2021-12-01,Shrunk Max Sharpe λ=0.75,LQD,0.15505923935820348
2021-12-01,Shrunk Max Sharpe λ=0.75,QQQ,0.0
2021-12-01,Shrunk Max Sharpe λ=0.75,SPY,0.21644986182657142
2021-12-01,Shrunk Max Sharpe λ=0.75,TLT,0.19278093471022342
2021-12-01,Shrunk Max Sharpe λ=0.75,VNQ,0.0
2021-12-01,Turnover-Aware Max Sharpe γ=0.05,EEM,0.0
2021-12-01,Turnover-Aware Max Sharpe γ=0.05,EFA,0.0
2021-12-01,Turnover-Aware Max Sharpe γ=0.05,GLD,0.12472525654953813
2021-12-01,Turnover-Aware Max Sharpe γ=0.05,IEF,0.29999999999999993
2021-12-01,Turnover-Aware Max Sharpe γ=0.05,IWM,7.177740090281729e-17
2021-12-01,Turnover-Aware Max Sharpe γ=0.05,LQD,2.6717438383471687e-16
2021-12-01,Turnover-Aware Max Sharpe γ=0.05,QQQ,0.30000000000000004
2021-12-01,Turnover-Aware Max Sharpe γ=0.05,SPY,0.013390137721193235
2021-12-01,Turnover-Aware Max Sharpe γ=0.05,TLT,0.2618846057292683
2021-12-01,Turnover-Aware Max Sharpe γ=0.05,VNQ,1.022948999593091e-17
2021-12-01,Turnover-Aware Max Sharpe γ=0.10,EEM,0.0
2021-12-01,Turnover-Aware Max Sharpe γ=0.10,EFA,0.0
2021-12-01,Turnover-Aware Max Sharpe γ=0.10,GLD,0.13543763254725008
2021-12-01,Turnover-Aware Max Sharpe γ=0.10,IEF,0.2999999999999996
2021-12-01,Turnover-Aware Max Sharpe γ=0.10,IWM,0.0
2021-12-01,Turnover-Aware Max Sharpe γ=0.10,LQD,0.0
2021-12-01,Turnover-Aware Max Sharpe γ=0.10,QQQ,0.29999999999999993
2021-12-01,Turnover-Aware Max Sharpe γ=0.10,SPY,0.009559712149691174
2021-12-01,Turnover-Aware Max Sharpe γ=0.10,TLT,0.25500265530305904
2021-12-01,Turnover-Aware Max Sharpe γ=0.10,VNQ,1.9563193419126918e-16
2021-12-01,Turnover-Aware Max Sharpe γ=0.25,EEM,2.347645247937511e-16
2021-12-01,Turnover-Aware Max Sharpe γ=0.25,EFA,2.284128779025821e-16
2021-12-01,Turnover-Aware Max Sharpe γ=0.25,GLD,0.1657582720309905
2021-12-01,Turnover-Aware Max Sharpe γ=0.25,IEF,0.29999999999999993
2021-12-01,Turnover-Aware Max Sharpe γ=0.25,IWM,0.0
2021-12-01,Turnover-Aware Max Sharpe γ=0.25,LQD,1.6698708760537282e-16
2021-12-01,Turnover-Aware Max Sharpe γ=0.25,QQQ,0.29999999999999927
2021-12-01,Turnover-Aware Max Sharpe γ=0.25,SPY,5.295922792941299e-16
2021-12-01,Turnover-Aware Max Sharpe γ=0.25,TLT,0.23424172796900927
2021-12-01,Turnover-Aware Max Sharpe γ=0.25,VNQ,0.0
2022-02-01,Combined Robust Max Sharpe λ=0.50 γ=0.10,EEM,0.0
2022-02-01,Combined Robust Max Sharpe λ=0.50 γ=0.10,EFA,0.0
2022-02-01,Combined Robust Max Sharpe λ=0.50 γ=0.10,GLD,0.14212626529715588
2022-02-01,Combined Robust Max Sharpe λ=0.50 γ=0.10,IEF,0.29999999999999993
2022-02-01,Combined Robust Max Sharpe λ=0.50 γ=0.10,IWM,3.022018902155089e-17
2022-02-01,Combined Robust Max Sharpe λ=0.50 γ=0.10,LQD,0.05027272671406252
2022-02-01,Combined Robust Max Sharpe λ=0.50 γ=0.10,QQQ,0.11047781065092155
2022-02-01,Combined Robust Max Sharpe λ=0.50 γ=0.10,SPY,0.1766462018780033
2022-02-01,Combined Robust Max Sharpe λ=0.50 γ=0.10,TLT,0.22047699545985663
2022-02-01,Combined Robust Max Sharpe λ=0.50 γ=0.10,VNQ,3.527520015160011e-17
2022-02-01,Equal Weight,EEM,0.1
2022-02-01,Equal Weight,EFA,0.1
2022-02-01,Equal Weight,GLD,0.1
2022-02-01,Equal Weight,IEF,0.1
2022-02-01,Equal Weight,IWM,0.1
2022-02-01,Equal Weight,LQD,0.1
2022-02-01,Equal Weight,QQQ,0.1
2022-02-01,Equal Weight,SPY,0.1
2022-02-01,Equal Weight,TLT,0.1
2022-02-01,Equal Weight,VNQ,0.1
2022-02-01,Maximum Sharpe,EEM,8.643783995602187e-16
2022-02-01,Maximum Sharpe,EFA,5.063514357882072e-16
2022-02-01,Maximum Sharpe,GLD,0.12284889137019206
2022-02-01,Maximum Sharpe,IEF,0.19822205865678014
2022-02-01,Maximum Sharpe,IWM,0.0
2022-02-01,Maximum Sharpe,LQD,4.4367543966322595e-17
2022-02-01,Maximum Sharpe,QQQ,0.2999999999999995
2022-02-01,Maximum Sharpe,SPY,0.09402467700770964
2022-02-01,Maximum Sharpe,TLT,0.28490437296531734
2022-02-01,Maximum Sharpe,VNQ,0.0
2022-02-01,Minimum Variance,EEM,1.4105557513335898e-18
2022-02-01,Minimum Variance,EFA,0.09954545397650538
2022-02-01,Minimum Variance,GLD,0.12257063965469021
2022-02-01,Minimum Variance,IEF,0.3
2022-02-01,Minimum Variance,IWM,6.934945253489307e-18
2022-02-01,Minimum Variance,LQD,0.23970693827513126
2022-02-01,Minimum Variance,QQQ,1.9334679530358042e-17
2022-02-01,Minimum Variance,SPY,0.09278828103637579
2022-02-01,Minimum Variance,TLT,0.14538868705729732
2022-02-01,Minimum Variance,VNQ,1.1099270310437988e-17
2022-02-01,SPY,EEM,0.0
2022-02-01,SPY,EFA,0.0
2022-02-01,SPY,GLD,0.0
2022-02-01,SPY,IEF,0.0
2022-02-01,SPY,IWM,0.0
2022-02-01,SPY,LQD,0.0
2022-02-01,SPY,QQQ,0.0
2022-02-01,SPY,SPY,1.0
2022-02-01,SPY,TLT,0.0
2022-02-01,SPY,VNQ,0.0
2022-02-01,Shrunk Max Sharpe λ=0.25,EEM,0.0
2022-02-01,Shrunk Max Sharpe λ=0.25,EFA,0.0
2022-02-01,Shrunk Max Sharpe λ=0.25,GLD,0.12273793213811689
2022-02-01,Shrunk Max Sharpe λ=0.25,IEF,0.29999999999999977
2022-02-01,Shrunk Max Sharpe λ=0.25,IWM,2.530850743200683e-16
2022-02-01,Shrunk Max Sharpe λ=0.25,LQD,0.0
2022-02-01,Shrunk Max Sharpe λ=0.25,QQQ,0.28489750451605533
2022-02-01,Shrunk Max Sharpe λ=0.25,SPY,0.054496940284708285
2022-02-01,Shrunk Max Sharpe λ=0.25,TLT,0.23786762306111955
2022-02-01,Shrunk Max Sharpe λ=0.25,VNQ,2.523439923160508e-18
2022-02-01,Shrunk Max Sharpe λ=0.50,EEM,7.542643369342461e-17
2022-02-01,Shrunk Max Sharpe λ=0.50,EFA,3.672870725192881e-17
2022-02-01,Shrunk Max Sharpe λ=0.50,GLD,0.140349884997276
2022-02-01,Shrunk Max Sharpe λ=0.50,IEF,0.3
2022-02-01,Shrunk Max Sharpe λ=0.50,IWM,4.360326165514666e-18
2022-02-01,Shrunk Max Sharpe λ=0.50,LQD,2.1688562585839666e-17
2022-02-01,Shrunk Max Sharpe λ=0.50,QQQ,0.1045342464675901
2022-02-01,Shrunk Max Sharpe λ=0.50,SPY,0.20353950311771699
2022-02-01,Shrunk Max Sharpe λ=0.50,TLT,0.25157636541741696
2022-02-01,Shrunk Max Sharpe λ=0.50,VNQ,5.0233451727488335e-17
2022-02-01,Shrunk Max Sharpe λ=0.75,EEM,0.0
2022-02-01,Shrunk Max Sharpe λ=0.75,EFA,0.0
2022-02-01,Shrunk Max Sharpe λ=0.75,GLD,0.13935934314958295
2022-02-01,Shrunk Max Sharpe λ=0.75,IEF,0.29999999999999993
2022-02-01,Shrunk Max Sharpe λ=0.75,IWM,1.7519005894159342e-16
2022-02-01,Shrunk Max Sharpe λ=0.75,LQD,0.12360525112288938
2022-02-01,Shrunk Max Sharpe λ=0.75,QQQ,0.0
2022-02-01,Shrunk Max Sharpe λ=0.75,SPY,0.23955999840940548
2022-02-01,Shrunk Max Sharpe λ=0.75,TLT,0.1974754073181221
2022-02-01,Shrunk Max Sharpe λ=0.75,VNQ,0.0
2022-02-01,Turnover-Aware Max Sharpe γ=0.05,EEM,0.0
2022-02-01,Turnover-Aware Max Sharpe γ=0.05,EFA,5.851969680941829e-18
2022-02-01,Turnover-Aware Max Sharpe γ=0.05,GLD,0.11520213736168307
2022-02-01,Turnover-Aware Max Sharpe γ=0.05,IEF,0.2889944681564522
2022-02-01,Turnover-Aware Max Sharpe γ=0.05,IWM,3.1674621300545356e-16
2022-02-01,Turnover-Aware Max Sharpe γ=0.05,LQD,0.0
2022-02-01,Turnover-Aware Max Sharpe γ=0.05,QQQ,0.2999999999999998
2022-02-01,Turnover-Aware Max Sharpe γ=0.05,SPY,0.06430649000937456
2022-02-01,Turnover-Aware Max Sharpe γ=0.05,TLT,0.23149690447249
2022-02-01,Turnover-Aware Max Sharpe γ=0.05,VNQ,3.986254463986048e-19
2022-02-01,Turnover-Aware Max Sharpe γ=0.10,EEM,5.16658438153315e-16
2022-02-01,Turnover-Aware Max Sharpe γ=0.10,EFA,4.335294472367222e-16
2022-02-01,Turnover-Aware Max Sharpe γ=0.10,GLD,0.11888105202350278
2022-02-01,Turnover-Aware Max Sharpe γ=0.10,IEF,0.2999999999999987
2022-02-01,Turnover-Aware Max Sharpe γ=0.10,IWM,0.0
2022-02-01,Turnover-Aware Max Sharpe γ=0.10,LQD,4.691084451312336e-16
2022-02-01,Turnover-Aware Max Sharpe γ=0.10,QQQ,0.2999999999999998
2022-02-01,Turnover-Aware Max Sharpe γ=0.10,SPY,0.056033496096445874
2022-02-01,Turnover-Aware Max Sharpe γ=0.10,TLT,0.22508545188005144
2022-02-01,Turnover-Aware Max Sharpe γ=0.10,VNQ,0.0
2022-02-01,Turnover-Aware Max Sharpe γ=0.25,EEM,1.339091314474746e-15
2022-02-01,Turnover-Aware Max Sharpe γ=0.25,EFA,8.128378886957408e-17
2022-02-01,Turnover-Aware Max Sharpe γ=0.25,GLD,0.13443981720609727
2022-02-01,Turnover-Aware Max Sharpe γ=0.25,IEF,0.2999999999999994
2022-02-01,Turnover-Aware Max Sharpe γ=0.25,IWM,2.243149580475754e-16
2022-02-01,Turnover-Aware Max Sharpe γ=0.25,LQD,7.851079324167105e-16
2022-02-01,Turnover-Aware Max Sharpe γ=0.25,QQQ,0.2999999999999987
2022-02-01,Turnover-Aware Max Sharpe γ=0.25,SPY,0.040352189414388125
2022-02-01,Turnover-Aware Max Sharpe γ=0.25,TLT,0.22520799337951414
2022-02-01,Turnover-Aware Max Sharpe γ=0.25,VNQ,1.71743680108392e-17
2022-03-01,Combined Robust Max Sharpe λ=0.50 γ=0.10,EEM,6.286489671815036e-17
2022-03-01,Combined Robust Max Sharpe λ=0.50 γ=0.10,EFA,0.0
2022-03-01,Combined Robust Max Sharpe λ=0.50 γ=0.10,GLD,0.18547672273844526
2022-03-01,Combined Robust Max Sharpe λ=0.50 γ=0.10,IEF,0.2999999999999999
2022-03-01,Combined Robust Max Sharpe λ=0.50 γ=0.10,IWM,0.0
2022-03-01,Combined Robust Max Sharpe λ=0.50 γ=0.10,LQD,0.006922269272773202
2022-03-01,Combined Robust Max Sharpe λ=0.50 γ=0.10,QQQ,0.11047781065092153
2022-03-01,Combined Robust Max Sharpe λ=0.50 γ=0.10,SPY,0.17664620187800337
2022-03-01,Combined Robust Max Sharpe λ=0.50 γ=0.10,TLT,0.2204769954598567
2022-03-01,Combined Robust Max Sharpe λ=0.50 γ=0.10,VNQ,7.059653503339684e-17
2022-03-01,Equal Weight,EEM,0.1
2022-03-01,Equal Weight,EFA,0.1
2022-03-01,Equal Weight,GLD,0.1
2022-03-01,Equal Weight,IEF,0.1
2022-03-01,Equal Weight,IWM,0.1
2022-03-01,Equal Weight,LQD,0.1
2022-03-01,Equal Weight,QQQ,0.1
2022-03-01,Equal Weight,SPY,0.1
2022-03-01,Equal Weight,TLT,0.1
2022-03-01,Equal Weight,VNQ,0.1
2022-03-01,Maximum Sharpe,EEM,0.0
2022-03-01,Maximum Sharpe,EFA,0.0
2022-03-01,Maximum Sharpe,GLD,0.2656590902271254
2022-03-01,Maximum Sharpe,IEF,0.06359873551916526
2022-03-01,Maximum Sharpe,IWM,0.0
2022-03-01,Maximum Sharpe,LQD,9.524698545744718e-17
2022-03-01,Maximum Sharpe,QQQ,0.2999999999999999
2022-03-01,Maximum Sharpe,SPY,0.07074217425370934
2022-03-01,Maximum Sharpe,TLT,0.2999999999999999
2022-03-01,Maximum Sharpe,VNQ,0.0
2022-03-01,Minimum Variance,EEM,5.9230785571906624e-18
2022-03-01,Minimum Variance,EFA,0.11013966626270255
2022-03-01,Minimum Variance,GLD,0.13028369230326833
2022-03-01,Minimum Variance,IEF,0.30000000000000004
2022-03-01,Minimum Variance,IWM,1.8825325325565382e-17
2022-03-01,Minimum Variance,LQD,0.2371949769588035
2022-03-01,Minimum Variance,QQQ,0.0
2022-03-01,Minimum Variance,SPY,0.08179231660814003
2022-03-01,Minimum Variance,TLT,0.14058934786708557
2022-03-01,Minimum Variance,VNQ,0.0
2022-03-01,SPY,EEM,0.0
2022-03-01,SPY,EFA,0.0
2022-03-01,SPY,GLD,0.0
2022-03-01,SPY,IEF,0.0
2022-03-01,SPY,IWM,0.0
2022-03-01,SPY,LQD,0.0
2022-03-01,SPY,QQQ,0.0
2022-03-01,SPY,SPY,1.0
2022-03-01,SPY,TLT,0.0
2022-03-01,SPY,VNQ,0.0
2022-03-01,Shrunk Max Sharpe λ=0.25,EEM,6.6847821468996e-17
2022-03-01,Shrunk Max Sharpe λ=0.25,EFA,0.0
2022-03-01,Shrunk Max Sharpe λ=0.25,GLD,0.20600585389312456
2022-03-01,Shrunk Max Sharpe λ=0.25,IEF,0.3000000000000001
2022-03-01,Shrunk Max Sharpe λ=0.25,IWM,7.316680275759767e-17
2022-03-01,Shrunk Max Sharpe λ=0.25,LQD,0.0
2022-03-01,Shrunk Max Sharpe λ=0.25,QQQ,0.2690927574610156
2022-03-01,Shrunk Max Sharpe λ=0.25,SPY,0.030989523401089878
2022-03-01,Shrunk Max Sharpe λ=0.25,TLT,0.1939118652447698
2022-03-01,Shrunk Max Sharpe λ=0.25,VNQ,0.0
2022-03-01,Shrunk Max Sharpe λ=0.50,EEM,0.0
2022-03-01,Shrunk Max Sharpe λ=0.50,EFA,2.7277397229674538e-17
2022-03-01,Shrunk Max Sharpe λ=0.50,GLD,0.1940372049029069
2022-03-01,Shrunk Max Sharpe λ=0.50,IEF,0.30000000000000004
2022-03-01,Shrunk Max Sharpe λ=0.50,IWM,0.0
2022-03-01,Shrunk Max Sharpe λ=0.50,LQD,0.0
2022-03-01,Shrunk Max Sharpe λ=0.50,QQQ,0.0992442814715576
2022-03-01,Shrunk Max Sharpe λ=0.50,SPY,0.18481599770898735
2022-03-01,Shrunk Max Sharpe λ=0.50,TLT,0.2219025159165481
2022-03-01,Shrunk Max Sharpe λ=0.50,VNQ,0.0
2022-03-01,Shrunk Max Sharpe λ=0.75,EEM,3.344189311256807e-17
2022-03-01,Shrunk Max Sharpe λ=0.75,EFA,0.0
2022-03-01,Shrunk Max Sharpe λ=0.75,GLD,0.17031016483524555
2022-03-01,Shrunk Max Sharpe λ=0.75,IEF,0.30000000000000004
2022-03-01,Shrunk Max Sharpe λ=0.75,IWM,1.9846069295672333e-17
2022-03-01,Shrunk Max Sharpe λ=0.75,LQD,0.106437801266384
2022-03-01,Shrunk Max Sharpe λ=0.75,QQQ,0.0
2022-03-01,Shrunk Max Sharpe λ=0.75,SPY,0.2337294164919322
2022-03-01,Shrunk Max Sharpe λ=0.75,TLT,0.1895226174064382
2022-03-01,Shrunk Max Sharpe λ=0.75,VNQ,0.0
2022-03-01,Turnover-Aware Max Sharpe γ=0.05,EEM,1.3172449676666835e-16
2022-03-01,Turnover-Aware Max Sharpe γ=0.05,EFA,0.0
2022-03-01,Turnover-Aware Max Sharpe γ=0.05,GLD,0.221537720958249
2022-03-01,Turnover-Aware Max Sharpe γ=0.05,IEF,0.2026338261300373
2022-03-01,Turnover-Aware Max Sharpe γ=0.05,IWM,9.175111035544387e-18
2022-03-01,Turnover-Aware Max Sharpe γ=0.05,LQD,0.0
2022-03-01,Turnover-Aware Max Sharpe γ=0.05,QQQ,0.29999999999999977
2022-03-01,Turnover-Aware Max Sharpe γ=0.05,SPY,0.04433154843922338
2022-03-01,Turnover-Aware Max Sharpe γ=0.05,TLT,0.23149690447249027
2022-03-01,Turnover-Aware Max Sharpe γ=0.05,VNQ,5.868027751785257e-17
2022-03-01,Turnover-Aware Max Sharpe γ=0.10,EEM,0.0
2022-03-01,Turnover-Aware Max Sharpe γ=0.10,EFA,0.0
2022-03-01,Turnover-Aware Max Sharpe γ=0.10,GLD,0.19782943987959486
2022-03-01,Turnover-Aware Max Sharpe γ=0.10,IEF,0.23463305332724127
2022-03-01,Turnover-Aware Max Sharpe γ=0.10,IWM,0.0
2022-03-01,Turnover-Aware Max Sharpe γ=0.10,LQD,0.0
2022-03-01,Turnover-Aware Max Sharpe γ=0.10,QQQ,0.2999999999999997
2022-03-01,Turnover-Aware Max Sharpe γ=0.10,SPY,0.042452054913114025
2022-03-01,Turnover-Aware Max Sharpe γ=0.10,TLT,0.22508545188005005
2022-03-01,Turnover-Aware Max Sharpe γ=0.10,VNQ,0.0
2022-03-01,Turnover-Aware Max Sharpe γ=0.25,EEM,9.25187749436456e-16
2022-03-01,Turnover-Aware Max Sharpe γ=0.25,EFA,6.170435060463515e-17
2022-03-01,Turnover-Aware Max Sharpe γ=0.25,GLD,0.14422382884919108
2022-03-01,Turnover-Aware Max Sharpe γ=0.25,IEF,0.29999999999999505
2022-03-01,Turnover-Aware Max Sharpe γ=0.25,IWM,6.08642439969337e-16
2022-03-01,Turnover-Aware Max Sharpe γ=0.25,LQD,3.746284444418751e-16
2022-03-01,Turnover-Aware Max Sharpe γ=0.25,QQQ,0.2999999999999985
2022-03-01,Turnover-Aware Max Sharpe γ=0.25,SPY,0.040352189414387785
2022-03-01,Turnover-Aware Max Sharpe γ=0.25,TLT,0.2154239817364254
2022-03-01,Turnover-Aware Max Sharpe γ=0.25,VNQ,3.7440875080769144e-16
2022-04-01,Combined Robust Max Sharpe λ=0.50 γ=0.10,EEM,1.4400610799907412e-16
2022-04-01,Combined Robust Max Sharpe λ=0.50 γ=0.10,EFA,0.0
2022-04-01,Combined Robust Max Sharpe λ=0.50 γ=0.10,GLD,0.23658450583340584
2022-04-01,Combined Robust Max Sharpe λ=0.50 γ=0.10,IEF,0.29999999999999954
2022-04-01,Combined Robust Max Sharpe λ=0.50 γ=0.10,IWM,0.0
2022-04-01,Combined Robust Max Sharpe λ=0.50 γ=0.10,LQD,2.1627213735291094e-16
2022-04-01,Combined Robust Max Sharpe λ=0.50 γ=0.10,QQQ,0.11047781065092152
2022-04-01,Combined Robust Max Sharpe λ=0.50 γ=0.10,SPY,0.17664620187800345
2022-04-01,Combined Robust Max Sharpe λ=0.50 γ=0.10,TLT,0.17629148163766933
2022-04-01,Combined Robust Max Sharpe λ=0.50 γ=0.10,VNQ,7.643316222864188e-17
2022-04-01,Equal Weight,EEM,0.1
2022-04-01,Equal Weight,EFA,0.1
2022-04-01,Equal Weight,GLD,0.1
2022-04-01,Equal Weight,IEF,0.1
2022-04-01,Equal Weight,IWM,0.1
2022-04-01,Equal Weight,LQD,0.1
2022-04-01,Equal Weight,QQQ,0.1
2022-04-01,Equal Weight,SPY,0.1
2022-04-01,Equal Weight,TLT,0.1
2022-04-01,Equal Weight,VNQ,0.1
2022-04-01,Maximum Sharpe,EEM,0.0
2022-04-01,Maximum Sharpe,EFA,0.0
2022-04-01,Maximum Sharpe,GLD,0.2999999999999993
2022-04-01,Maximum Sharpe,IEF,7.353100161330266e-16
2022-04-01,Maximum Sharpe,IWM,8.532148078571108e-18
2022-04-01,Maximum Sharpe,LQD,0.0
2022-04-01,Maximum Sharpe,QQQ,0.2999999999999996
2022-04-01,Maximum Sharpe,SPY,0.13061427594841907
2022-04-01,Maximum Sharpe,TLT,0.2693857240515814
2022-04-01,Maximum Sharpe,VNQ,0.0
2022-04-01,Minimum Variance,EEM,0.0
2022-04-01,Minimum Variance,EFA,0.1081427318904969
2022-04-01,Minimum Variance,GLD,0.14333781565084663
2022-04-01,Minimum Variance,IEF,0.30000000000000004
2022-04-01,Minimum Variance,IWM,0.0
2022-04-01,Minimum Variance,LQD,0.23922823803402288
2022-04-01,Minimum Variance,QQQ,0.0
2022-04-01,Minimum Variance,SPY,0.08095235493620902
2022-04-01,Minimum Variance,TLT,0.12833885948842463
2022-04-01,Minimum Variance,VNQ,0.0
2022-04-01,SPY,EEM,0.0
2022-04-01,SPY,EFA,0.0
2022-04-01,SPY,GLD,0.0
2022-04-01,SPY,IEF,0.0
2022-04-01,SPY,IWM,0.0
2022-04-01,SPY,LQD,0.0
2022-04-01,SPY,QQQ,0.0
2022-04-01,SPY,SPY,1.0
2022-04-01,SPY,TLT,0.0
2022-04-01,SPY,VNQ,0.0
2022-04-01,Shrunk Max Sharpe λ=0.25,EEM,0.0
2022-04-01,Shrunk Max Sharpe λ=0.25,EFA,0.0
2022-04-01,Shrunk Max Sharpe λ=0.25,GLD,0.30000000000000054
2022-04-01,Shrunk Max Sharpe λ=0.25,IEF,0.30000000000000054
2022-04-01,Shrunk Max Sharpe λ=0.25,IWM,8.75434615475135e-17
2022-04-01,Shrunk Max Sharpe λ=0.25,LQD,0.0
2022-04-01,Shrunk Max Sharpe λ=0.25,QQQ,0.30000000000000054
2022-04-01,Shrunk Max Sharpe λ=0.25,SPY,0.004332425868255413
2022-04-01,Shrunk Max Sharpe λ=0.25,TLT,0.09566757413174241
2022-04-01,Shrunk Max Sharpe λ=0.25,VNQ,3.2175140356864383e-16
2022-04-01,Shrunk Max Sharpe λ=0.50,EEM,5.403734292017453e-17
2022-04-01,Shrunk Max Sharpe λ=0.50,EFA,0.0
2022-04-01,Shrunk Max Sharpe λ=0.50,GLD,0.25581237668818174
2022-04-01,Shrunk Max Sharpe λ=0.50,IEF,0.2999999999999999
2022-04-01,Shrunk Max Sharpe λ=0.50,IWM,0.0
2022-04-01,Shrunk Max Sharpe λ=0.50,LQD,2.81711005292087e-17
2022-04-01,Shrunk Max Sharpe λ=0.50,QQQ,0.11015335250463022
2022-04-01,Shrunk Max Sharpe λ=0.50,SPY,0.1753427333641126
2022-04-01,Shrunk Max Sharpe λ=0.50,TLT,0.15869153744307532
2022-04-01,Shrunk Max Sharpe λ=0.50,VNQ,0.0
2022-04-01,Shrunk Max Sharpe λ=0.75,EEM,1.4621877189031286e-17
2022-04-01,Shrunk Max Sharpe λ=0.75,EFA,0.0
2022-04-01,Shrunk Max Sharpe λ=0.75,GLD,0.20617940739741245
2022-04-01,Shrunk Max Sharpe λ=0.75,IEF,0.29999999999999977
2022-04-01,Shrunk Max Sharpe λ=0.75,IWM,8.696860117060669e-18
2022-04-01,Shrunk Max Sharpe λ=0.75,LQD,0.08089101171034274
2022-04-01,Shrunk Max Sharpe λ=0.75,QQQ,2.1142731189528023e-17
2022-04-01,Shrunk Max Sharpe λ=0.75,SPY,0.24317651101578341
2022-04-01,Shrunk Max Sharpe λ=0.75,TLT,0.16975306987646138
2022-04-01,Shrunk Max Sharpe λ=0.75,VNQ,1.4079495097129854e-16
2022-04-01,Turnover-Aware Max Sharpe γ=0.05,EEM,2.6115648284556464e-16
2022-04-01,Turnover-Aware Max Sharpe γ=0.05,EFA,1.5529007977970146e-16
2022-04-01,Turnover-Aware Max Sharpe γ=0.05,GLD,0.2999999999999999
2022-04-01,Turnover-Aware Max Sharpe γ=0.05,IEF,0.058227716115994685
2022-04-01,Turnover-Aware Max Sharpe γ=0.05,IWM,6.641732342976688e-16
2022-04-01,Turnover-Aware Max Sharpe γ=0.05,LQD,2.72885852021201e-16
2022-04-01,Turnover-Aware Max Sharpe γ=0.05,QQQ,0.3
2022-04-01,Turnover-Aware Max Sharpe γ=0.05,SPY,0.1102753794115131
2022-04-01,Turnover-Aware Max Sharpe γ=0.05,TLT,0.2314969044724908
2022-04-01,Turnover-Aware Max Sharpe γ=0.05,VNQ,1.8348827782047752e-16
2022-04-01,Turnover-Aware Max Sharpe γ=0.10,EEM,9.41722841877417e-16
2022-04-01,Turnover-Aware Max Sharpe γ=0.10,EFA,2.067734392427822e-16
2022-04-01,Turnover-Aware Max Sharpe γ=0.10,GLD,0.29999999999999927
2022-04-01,Turnover-Aware Max Sharpe γ=0.10,IEF,0.07923044229381672
2022-04-01,Turnover-Aware Max Sharpe γ=0.10,IWM,1.8647548943769065e-16
2022-04-01,Turnover-Aware Max Sharpe γ=0.10,LQD,1.4235015199332865e-16
2022-04-01,Turnover-Aware Max Sharpe γ=0.10,QQQ,0.29999999999999954
2022-04-01,Turnover-Aware Max Sharpe γ=0.10,SPY,0.09568410582613146
2022-04-01,Turnover-Aware Max Sharpe γ=0.10,TLT,0.2250854518800517
2022-04-01,Turnover-Aware Max Sharpe γ=0.10,VNQ,0.0
2022-04-01,Turnover-Aware Max Sharpe γ=0.25,EEM,6.626866753303306e-16
2022-04-01,Turnover-Aware Max Sharpe γ=0.25,EFA,0.0
2022-04-01,Turnover-Aware Max Sharpe γ=0.25,GLD,0.29999999999999943
2022-04-01,Turnover-Aware Max Sharpe γ=0.25,IEF,0.17832440828490786
2022-04-01,Turnover-Aware Max Sharpe γ=0.25,IWM,0.0
2022-04-01,Turnover-Aware Max Sharpe γ=0.25,LQD,0.0
2022-04-01,Turnover-Aware Max Sharpe γ=0.25,QQQ,0.29999999999999993
2022-04-01,Turnover-Aware Max Sharpe γ=0.25,SPY,0.047297055990043656
2022-04-01,Turnover-Aware Max Sharpe γ=0.25,TLT,0.1743785357250485
2022-04-01,Turnover-Aware Max Sharpe γ=0.25,VNQ,0.0
2022-06-01,Combined Robust Max Sharpe λ=0.50 γ=0.10,EEM,1.4180106835341506e-16
2022-06-01,Combined Robust Max Sharpe λ=0.50 γ=0.10,EFA,2.2315766979388274e-17
2022-06-01,Combined Robust Max Sharpe λ=0.50 γ=0.10,GLD,0.2999999999999998
2022-06-01,Combined Robust Max Sharpe λ=0.50 γ=0.10,IEF,0.2999999999999999
2022-06-01,Combined Robust Max Sharpe λ=0.50 γ=0.10,IWM,1.3493816632812673e-16
2022-06-01,Combined Robust Max Sharpe λ=0.50 γ=0.10,LQD,0.0
2022-06-01,Combined Robust Max Sharpe λ=0.50 γ=0.10,QQQ,0.11047781065092149
2022-06-01,Combined Robust Max Sharpe λ=0.50 γ=0.10,SPY,0.1892323894013661
2022-06-01,Combined Robust Max Sharpe λ=0.50 γ=0.10,TLT,0.10028979994771238
2022-06-01,Combined Robust Max Sharpe λ=0.50 γ=0.10,VNQ,0.0
2022-06-01,Equal Weight,EEM,0.1
2022-06-01,Equal Weight,EFA,0.1
2022-06-01,Equal Weight,GLD,0.1
2022-06-01,Equal Weight,IEF,0.1
2022-06-01,Equal Weight,IWM,0.1
2022-06-01,Equal Weight,LQD,0.1
2022-06-01,Equal Weight,QQQ,0.1
2022-06-01,Equal Weight,SPY,0.1
2022-06-01,Equal Weight,TLT,0.1
2022-06-01,Equal Weight,VNQ,0.1
2022-06-01,Maximum Sharpe,EEM,0.0
2022-06-01,Maximum Sharpe,EFA,0.0
2022-06-01,Maximum Sharpe,GLD,0.2999999999999991
2022-06-01,Maximum Sharpe,IEF,0.06990930809932035
2022-06-01,Maximum Sharpe,IWM,0.0
2022-06-01,Maximum Sharpe,LQD,0.0
2022-06-01,Maximum Sharpe,QQQ,0.2999999999999991
2022-06-01,Maximum Sharpe,SPY,0.23140449142846184
2022-06-01,Maximum Sharpe,TLT,0.0986862004722196
2022-06-01,Maximum Sharpe,VNQ,0.0
2022-06-01,Minimum Variance,EEM,1.6871791614839763e-18
2022-06-01,Minimum Variance,EFA,0.1114674408180171
2022-06-01,Minimum Variance,GLD,0.16053948933025436
2022-06-01,Minimum Variance,IEF,0.3
2022-06-01,Minimum Variance,IWM,0.0
2022-06-01,Minimum Variance,LQD,0.2602875928899715
2022-06-01,Minimum Variance,QQQ,0.0
2022-06-01,Minimum Variance,SPY,0.06382825521393727
2022-06-01,Minimum Variance,TLT,0.10387722174781973
2022-06-01,Minimum Variance,VNQ,0.0
2022-06-01,SPY,EEM,0.0
2022-06-01,SPY,EFA,0.0
2022-06-01,SPY,GLD,0.0
2022-06-01,SPY,IEF,0.0
2022-06-01,SPY,IWM,0.0
2022-06-01,SPY,LQD,0.0
2022-06-01,SPY,QQQ,0.0
2022-06-01,SPY,SPY,1.0
2022-06-01,SPY,TLT,0.0
2022-06-01,SPY,VNQ,0.0
2022-06-01,Shrunk Max Sharpe λ=0.25,EEM,5.749016973459018e-16
2022-06-01,Shrunk Max Sharpe λ=0.25,EFA,1.1449714706127858e-17
2022-06-01,Shrunk Max Sharpe λ=0.25,GLD,0.2999999999999994
2022-06-01,Shrunk Max Sharpe λ=0.25,IEF,0.2999999999999999
2022-06-01,Shrunk Max Sharpe λ=0.25,IWM,1.160812363314626e-16
2022-06-01,Shrunk Max Sharpe λ=0.25,LQD,1.9829462447198997e-16
2022-06-01,Shrunk Max Sharpe λ=0.25,QQQ,0.2999999999999996
2022-06-01,Shrunk Max Sharpe λ=0.25,SPY,0.0781830900704125
2022-06-01,Shrunk Max Sharpe λ=0.25,TLT,0.021816909929587056
2022-06-01,Shrunk Max Sharpe λ=0.25,VNQ,5.822021351722522e-16
2022-06-01,Shrunk Max Sharpe λ=0.50,EEM,0.0
2022-06-01,Shrunk Max Sharpe λ=0.50,EFA,0.0
2022-06-01,Shrunk Max Sharpe λ=0.50,GLD,0.3
2022-06-01,Shrunk Max Sharpe λ=0.50,IEF,0.3
2022-06-01,Shrunk Max Sharpe λ=0.50,IWM,0.0
2022-06-01,Shrunk Max Sharpe λ=0.50,LQD,1.708917057981386e-16
2022-06-01,Shrunk Max Sharpe λ=0.50,QQQ,0.09981833873032225
2022-06-01,Shrunk Max Sharpe λ=0.50,SPY,0.21090736004532137
2022-06-01,Shrunk Max Sharpe λ=0.50,TLT,0.0892743012243562
2022-06-01,Shrunk Max Sharpe λ=0.50,VNQ,9.536676708682982e-17
2022-06-01,Shrunk Max Sharpe λ=0.75,EEM,4.726883763542701e-17
2022-06-01,Shrunk Max Sharpe λ=0.75,EFA,2.8884973669656685e-17
2022-06-01,Shrunk Max Sharpe λ=0.75,GLD,0.2604070063969508
2022-06-01,Shrunk Max Sharpe λ=0.75,IEF,0.29999999999999966
2022-06-01,Shrunk Max Sharpe λ=0.75,IWM,0.0
2022-06-01,Shrunk Max Sharpe λ=0.75,LQD,0.08574473647981738
2022-06-01,Shrunk Max Sharpe λ=0.75,QQQ,3.1302107927905236e-17
2022-06-01,Shrunk Max Sharpe λ=0.75,SPY,0.23847898016698824
2022-06-01,Shrunk Max Sharpe λ=0.75,TLT,0.11536927695624379
2022-06-01,Shrunk Max Sharpe λ=0.75,VNQ,1.4094417685154644e-17
2022-06-01,Turnover-Aware Max Sharpe γ=0.05,EEM,0.0
2022-06-01,Turnover-Aware Max Sharpe γ=0.05,EFA,0.0
2022-06-01,Turnover-Aware Max Sharpe γ=0.05,GLD,0.29999999999999966
2022-06-01,Turnover-Aware Max Sharpe γ=0.05,IEF,0.058227716115995816
2022-06-01,Turnover-Aware Max Sharpe γ=0.05,IWM,0.0
2022-06-01,Turnover-Aware Max Sharpe γ=0.05,LQD,0.0
2022-06-01,Turnover-Aware Max Sharpe γ=0.05,QQQ,0.29999999999999966
2022-06-01,Turnover-Aware Max Sharpe γ=0.05,SPY,0.22031536315019587
2022-06-01,Turnover-Aware Max Sharpe γ=0.05,TLT,0.12145692073380893
2022-06-01,Turnover-Aware Max Sharpe γ=0.05,VNQ,0.0
2022-06-01,Turnover-Aware Max Sharpe γ=0.10,EEM,1.9429882841021966e-15
2022-06-01,Turnover-Aware Max Sharpe γ=0.10,EFA,1.5891492900344152e-15
2022-06-01,Turnover-Aware Max Sharpe γ=0.10,GLD,0.2999999999999969
2022-06-01,Turnover-Aware Max Sharpe γ=0.10,IEF,0.07923044229381629
2022-06-01,Turnover-Aware Max Sharpe γ=0.10,IWM,1.6492291506408354e-15
2022-06-01,Turnover-Aware Max Sharpe γ=0.10,LQD,5.7880029419378475e-16
2022-06-01,Turnover-Aware Max Sharpe γ=0.10,QQQ,0.29999999999999855
2022-06-01,Turnover-Aware Max Sharpe γ=0.10,SPY,0.1985305762710126
2022-06-01,Turnover-Aware Max Sharpe γ=0.10,TLT,0.12223898143516834
2022-06-01,Turnover-Aware Max Sharpe γ=0.10,VNQ,1.626191017381719e-15
2022-06-01,Turnover-Aware Max Sharpe γ=0.25,EEM,1.0469234013405518e-15
2022-06-01,Turnover-Aware Max Sharpe γ=0.25,EFA,2.1961513220000004e-16
2022-06-01,Turnover-Aware Max Sharpe γ=0.25,GLD,0.29999999999999993
2022-06-01,Turnover-Aware Max Sharpe γ=0.25,IEF,0.17832440828490717
2022-06-01,Turnover-Aware Max Sharpe γ=0.25,IWM,5.137356312182387e-16
2022-06-01,Turnover-Aware Max Sharpe γ=0.25,LQD,5.9095718325936555e-16
2022-06-01,Turnover-Aware Max Sharpe γ=0.25,QQQ,0.29999999999999843
2022-06-01,Turnover-Aware Max Sharpe γ=0.25,SPY,0.13106310052249737
2022-06-01,Turnover-Aware Max Sharpe γ=0.25,TLT,0.09061249119259362
2022-06-01,Turnover-Aware Max Sharpe γ=0.25,VNQ,1.1408602627409344e-15
2022-07-01,Combined Robust Max Sharpe λ=0.50 γ=0.10,EEM,7.689937955856151e-17
2022-07-01,Combined Robust Max Sharpe λ=0.50 γ=0.10,EFA,8.866515476027436e-17
2022-07-01,Combined Robust Max Sharpe λ=0.50 γ=0.10,GLD,0.3000000000000003
2022-07-01,Combined Robust Max Sharpe λ=0.50 γ=0.10,IEF,0.3000000000000003
2022-07-01,Combined Robust Max Sharpe λ=0.50 γ=0.10,IWM,0.0
2022-07-01,Combined Robust Max Sharpe λ=0.50 γ=0.10,LQD,9.13434302836513e-18
2022-07-01,Combined Robust Max Sharpe λ=0.50 γ=0.10,QQQ,0.15218229608466746
2022-07-01,Combined Robust Max Sharpe λ=0.50 γ=0.10,SPY,0.18923238940136577
2022-07-01,Combined Robust Max Sharpe λ=0.50 γ=0.10,TLT,0.058585314513966036
2022-07-01,Combined Robust Max Sharpe λ=0.50 γ=0.10,VNQ,0.0
2022-07-01,Equal Weight,EEM,0.1
2022-07-01,Equal Weight,EFA,0.1
2022-07-01,Equal Weight,GLD,0.1
2022-07-01,Equal Weight,IEF,0.1
2022-07-01,Equal Weight,IWM,0.1
2022-07-01,Equal Weight,LQD,0.1
2022-07-01,Equal Weight,QQQ,0.1
2022-07-01,Equal Weight,SPY,0.1
2022-07-01,Equal Weight,TLT,0.1
2022-07-01,Equal Weight,VNQ,0.1
2022-07-01,Maximum Sharpe,EEM,0.0
2022-07-01,Maximum Sharpe,EFA,0.0
2022-07-01,Maximum Sharpe,GLD,0.29999999999999977
2022-07-01,Maximum Sharpe,IEF,6.036837696399285e-16
2022-07-01,Maximum Sharpe,IWM,8.268320422763435e-17
2022-07-01,Maximum Sharpe,LQD,9.812725598811315e-17
2022-07-01,Maximum Sharpe,QQQ,0.29999999999999977
2022-07-01,Maximum Sharpe,SPY,0.29999999999999977
2022-07-01,Maximum Sharpe,TLT,0.09999999999999971
2022-07-01,Maximum Sharpe,VNQ,0.0
2022-07-01,Minimum Variance,EEM,0.0
2022-07-01,Minimum Variance,EFA,0.11171005487272848
2022-07-01,Minimum Variance,GLD,0.17147850422516164
2022-07-01,Minimum Variance,IEF,0.29999999999999993
2022-07-01,Minimum Variance,IWM,0.0
2022-07-01,Minimum Variance,LQD,0.2771853735168472
2022-07-01,Minimum Variance,QQQ,1.2828450306310439e-17
2022-07-01,Minimum Variance,SPY,0.05265171745759025
2022-07-01,Minimum Variance,TLT,0.08697434992767258
2022-07-01,Minimum Variance,VNQ,5.47521636226819e-18
2022-07-01,SPY,EEM,0.0
2022-07-01,SPY,EFA,0.0
2022-07-01,SPY,GLD,0.0
2022-07-01,SPY,IEF,0.0
2022-07-01,SPY,IWM,0.0
2022-07-01,SPY,LQD,0.0
2022-07-01,SPY,QQQ,0.0
2022-07-01,SPY,SPY,1.0
2022-07-01,SPY,TLT,0.0
2022-07-01,SPY,VNQ,0.0
2022-07-01,Shrunk Max Sharpe λ=0.25,EEM,4.458587296195475e-16
2022-07-01,Shrunk Max Sharpe λ=0.25,EFA,6.015546799400025e-16
2022-07-01,Shrunk Max Sharpe λ=0.25,GLD,0.29999999999999927
2022-07-01,Shrunk Max Sharpe λ=0.25,IEF,0.2643939493911553
2022-07-01,Shrunk Max Sharpe λ=0.25,IWM,4.47953146849637e-16
2022-07-01,Shrunk Max Sharpe λ=0.25,LQD,1.2147485495989433e-16
2022-07-01,Shrunk Max Sharpe λ=0.25,QQQ,0.2999999999999997
2022-07-01,Shrunk Max Sharpe λ=0.25,SPY,0.13560605060884046
2022-07-01,Shrunk Max Sharpe λ=0.25,TLT,2.6677507629803057e-15
2022-07-01,Shrunk Max Sharpe λ=0.25,VNQ,1.1647599396782653e-15
2022-07-01,Shrunk Max Sharpe λ=0.50,EEM,0.0
2022-07-01,Shrunk Max Sharpe λ=0.50,EFA,0.0
2022-07-01,Shrunk Max Sharpe λ=0.50,GLD,0.29999999999999977
2022-07-01,Shrunk Max Sharpe λ=0.50,IEF,0.29999999999999943
2022-07-01,Shrunk Max Sharpe λ=0.50,IWM,0.0
2022-07-01,Shrunk Max Sharpe λ=0.50,LQD,0.0
2022-07-01,Shrunk Max Sharpe λ=0.50,QQQ,0.29999999999999977
2022-07-01,Shrunk Max Sharpe λ=0.50,SPY,0.0548312832596555
2022-07-01,Shrunk Max Sharpe λ=0.50,TLT,0.04516871674034548
2022-07-01,Shrunk Max Sharpe λ=0.50,VNQ,0.0
2022-07-01,Shrunk Max Sharpe λ=0.75,EEM,0.0
2022-07-01,Shrunk Max Sharpe λ=0.75,EFA,0.0
2022-07-01,Shrunk Max Sharpe λ=0.75,GLD,0.29999999999999977
2022-07-01,Shrunk Max Sharpe λ=0.75,IEF,0.29999999999999977
2022-07-01,Shrunk Max Sharpe λ=0.75,IWM,0.0
2022-07-01,Shrunk Max Sharpe λ=0.75,LQD,0.0
2022-07-01,Shrunk Max Sharpe λ=0.75,QQQ,0.027897767879583434
2022-07-01,Shrunk Max Sharpe λ=0.75,SPY,0.24881525501510424
2022-07-01,Shrunk Max Sharpe λ=0.75,TLT,0.12328697710531261
2022-07-01,Shrunk Max Sharpe λ=0.75,VNQ,0.0
2022-07-01,Turnover-Aware Max Sharpe γ=0.05,EEM,2.857753513945191e-16
2022-07-01,Turnover-Aware Max Sharpe γ=0.05,EFA,1.7528269751524125e-16
2022-07-01,Turnover-Aware Max Sharpe γ=0.05,GLD,0.3
2022-07-01,Turnover-Aware Max Sharpe γ=0.05,IEF,0.026285400461826293
2022-07-01,Turnover-Aware Max Sharpe γ=0.05,IWM,1.8186764649893683e-16
2022-07-01,Turnover-Aware Max Sharpe γ=0.05,LQD,5.2112168896118316e-17
2022-07-01,Turnover-Aware Max Sharpe γ=0.05,QQQ,0.29999999999999993
2022-07-01,Turnover-Aware Max Sharpe γ=0.05,SPY,0.2741227977872888
2022-07-01,Turnover-Aware Max Sharpe γ=0.05,TLT,0.09959180175088356
2022-07-01,Turnover-Aware Max Sharpe γ=0.05,VNQ,7.536934777604186e-16
2022-07-01,Turnover-Aware Max Sharpe γ=0.10,EEM,0.0
2022-07-01,Turnover-Aware Max Sharpe γ=0.10,EFA,0.0
2022-07-01,Turnover-Aware Max Sharpe γ=0.10,GLD,0.29999999999999805
2022-07-01,Turnover-Aware Max Sharpe γ=0.10,IEF,0.07923044229383282
2022-07-01,Turnover-Aware Max Sharpe γ=0.10,IWM,0.0
2022-07-01,Turnover-Aware Max Sharpe γ=0.10,LQD,0.0
2022-07-01,Turnover-Aware Max Sharpe γ=0.10,QQQ,0.29999999999999805
2022-07-01,Turnover-Aware Max Sharpe γ=0.10,SPY,0.22989639082611538
2022-07-01,Turnover-Aware Max Sharpe γ=0.10,TLT,0.09087316688005566
2022-07-01,Turnover-Aware Max Sharpe γ=0.10,VNQ,0.0
2022-07-01,Turnover-Aware Max Sharpe γ=0.25,EEM,2.5286054025040633e-15
2022-07-01,Turnover-Aware Max Sharpe γ=0.25,EFA,2.0500035112895493e-15
2022-07-01,Turnover-Aware Max Sharpe γ=0.25,GLD,0.2999999999999941
2022-07-01,Turnover-Aware Max Sharpe γ=0.25,IEF,0.17832440828490487
2022-07-01,Turnover-Aware Max Sharpe γ=0.25,IWM,2.0400936086201708e-15
2022-07-01,Turnover-Aware Max Sharpe γ=0.25,LQD,1.9971890218706982e-15
2022-07-01,Turnover-Aware Max Sharpe γ=0.25,QQQ,0.2999999999999969
2022-07-01,Turnover-Aware Max Sharpe γ=0.25,SPY,0.14487176533476412
2022-07-01,Turnover-Aware Max Sharpe γ=0.25,TLT,0.07680382638032819
2022-07-01,Turnover-Aware Max Sharpe γ=0.25,VNQ,3.128552204294344e-15
2022-08-01,Combined Robust Max Sharpe λ=0.50 γ=0.10,EEM,2.702874708257557e-15
2022-08-01,Combined Robust Max Sharpe λ=0.50 γ=0.10,EFA,2.0949683915463907e-15
2022-08-01,Combined Robust Max Sharpe λ=0.50 γ=0.10,GLD,0.2999999999999969
2022-08-01,Combined Robust Max Sharpe λ=0.50 γ=0.10,IEF,0.2999999999999925
2022-08-01,Combined Robust Max Sharpe λ=0.50 γ=0.10,IWM,2.065305257545321e-15
2022-08-01,Combined Robust Max Sharpe λ=0.50 γ=0.10,LQD,1.5418441571862874e-15
2022-08-01,Combined Robust Max Sharpe λ=0.50 γ=0.10,QQQ,0.15218229608466888
2022-08-01,Combined Robust Max Sharpe λ=0.50 γ=0.10,SPY,0.18923238940136386
2022-08-01,Combined Robust Max Sharpe λ=0.50 γ=0.10,TLT,0.058585314513968076
2022-08-01,Combined Robust Max Sharpe λ=0.50 γ=0.10,VNQ,1.3514192750740947e-15
2022-08-01,Equal Weight,EEM,0.1
2022-08-01,Equal Weight,EFA,0.1
2022-08-01,Equal Weight,GLD,0.1
2022-08-01,Equal Weight,IEF,0.1
2022-08-01,Equal Weight,IWM,0.1
2022-08-01,Equal Weight,LQD,0.1
2022-08-01,Equal Weight,QQQ,0.1
2022-08-01,Equal Weight,SPY,0.1
2022-08-01,Equal Weight,TLT,0.1
2022-08-01,Equal Weight,VNQ,0.1
2022-08-01,Maximum Sharpe,EEM,0.0
2022-08-01,Maximum Sharpe,EFA,0.0
2022-08-01,Maximum Sharpe,GLD,0.29999999999999805
2022-08-01,Maximum Sharpe,IEF,0.015342574133744322
2022-08-01,Maximum Sharpe,IWM,0.0
2022-08-01,Maximum Sharpe,LQD,0.0
2022-08-01,Maximum Sharpe,QQQ,0.29999999999999805
2022-08-01,Maximum Sharpe,SPY,0.2891275311507669
2022-08-01,Maximum Sharpe,TLT,0.0955298947154926
2022-08-01,Maximum Sharpe,VNQ,0.0
2022-08-01,Minimum Variance,EEM,0.0
2022-08-01,Minimum Variance,EFA,0.11000758477391494
2022-08-01,Minimum Variance,GLD,0.1780342419354218
2022-08-01,Minimum Variance,IEF,0.2999999999999998
2022-08-01,Minimum Variance,IWM,0.0
2022-08-01,Minimum Variance,LQD,0.2739564902926001
2022-08-01,Minimum Variance,QQQ,2.1090253259042412e-17
2022-08-01,Minimum Variance,SPY,0.05269623262100031
2022-08-01,Minimum Variance,TLT,0.0853054503770629
2022-08-01,Minimum Variance,VNQ,2.6278364614159454e-17
2022-08-01,SPY,EEM,0.0
2022-08-01,SPY,EFA,0.0
2022-08-01,SPY,GLD,0.0
2022-08-01,SPY,IEF,0.0
2022-08-01,SPY,IWM,0.0
2022-08-01,SPY,LQD,0.0
2022-08-01,SPY,QQQ,0.0
2022-08-01,SPY,SPY,1.0
2022-08-01,SPY,TLT,0.0
2022-08-01,SPY,VNQ,0.0
2022-08-01,Shrunk Max Sharpe λ=0.25,EEM,0.0
2022-08-01,Shrunk Max Sharpe λ=0.25,EFA,0.0
2022-08-01,Shrunk Max Sharpe λ=0.25,GLD,0.2999999999999996
2022-08-01,Shrunk Max Sharpe λ=0.25,IEF,0.2999999999999994
2022-08-01,Shrunk Max Sharpe λ=0.25,IWM,0.0
2022-08-01,Shrunk Max Sharpe λ=0.25,LQD,2.042028179492576e-16
2022-08-01,Shrunk Max Sharpe λ=0.25,QQQ,0.2999999999999996
2022-08-01,Shrunk Max Sharpe λ=0.25,SPY,0.10000000000000109
2022-08-01,Shrunk Max Sharpe λ=0.25,TLT,0.0
2022-08-01,Shrunk Max Sharpe λ=0.25,VNQ,0.0
2022-08-01,Shrunk Max Sharpe λ=0.50,EEM,2.230201315245793e-16
2022-08-01,Shrunk Max Sharpe λ=0.50,EFA,1.6075045376932053e-17
2022-08-01,Shrunk Max Sharpe λ=0.50,GLD,0.2999999999999998
2022-08-01,Shrunk Max Sharpe λ=0.50,IEF,0.2999999999999973
2022-08-01,Shrunk Max Sharpe λ=0.50,IWM,0.0
2022-08-01,Shrunk Max Sharpe λ=0.50,LQD,3.1208687697925096e-16
2022-08-01,Shrunk Max Sharpe λ=0.50,QQQ,0.248406823917577
2022-08-01,Shrunk Max Sharpe λ=0.50,SPY,0.08109247160777966
2022-08-01,Shrunk Max Sharpe λ=0.50,TLT,0.07050070447464547
2022-08-01,Shrunk Max Sharpe λ=0.50,VNQ,0.0
2022-08-01,Shrunk Max Sharpe λ=0.75,EEM,6.504453541817032e-18
2022-08-01,Shrunk Max Sharpe λ=0.75,EFA,3.0197912631070524e-17
2022-08-01,Shrunk Max Sharpe λ=0.75,GLD,0.2731791803351608
2022-08-01,Shrunk Max Sharpe λ=0.75,IEF,0.3
2022-08-01,Shrunk Max Sharpe λ=0.75,IWM,0.0
2022-08-01,Shrunk Max Sharpe λ=0.75,LQD,0.041554939111638864
2022-08-01,Shrunk Max Sharpe λ=0.75,QQQ,2.885051623517522e-17
2022-08-01,Shrunk Max Sharpe λ=0.75,SPY,0.2575033112806261
2022-08-01,Shrunk Max Sharpe λ=0.75,TLT,0.12776256927257426
2022-08-01,Shrunk Max Sharpe λ=0.75,VNQ,0.0
2022-08-01,Turnover-Aware Max Sharpe γ=0.05,EEM,6.666008455742381e-16
2022-08-01,Turnover-Aware Max Sharpe γ=0.05,EFA,0.0
2022-08-01,Turnover-Aware Max Sharpe γ=0.05,GLD,0.29999999999999943
2022-08-01,Turnover-Aware Max Sharpe γ=0.05,IEF,0.02628540046182612
2022-08-01,Turnover-Aware Max Sharpe γ=0.05,IWM,0.0
2022-08-01,Turnover-Aware Max Sharpe γ=0.05,LQD,0.0
2022-08-01,Turnover-Aware Max Sharpe γ=0.05,QQQ,0.2999999999999996
2022-08-01,Turnover-Aware Max Sharpe γ=0.05,SPY,0.2741227977872903
2022-08-01,Turnover-Aware Max Sharpe γ=0.05,TLT,0.09959180175088372
2022-08-01,Turnover-Aware Max Sharpe γ=0.05,VNQ,3.157071399746348e-16
2022-08-01,Turnover-Aware Max Sharpe γ=0.10,EEM,1.1813214434541324e-15
2022-08-01,Turnover-Aware Max Sharpe γ=0.10,EFA,1.2846389176509857e-15
2022-08-01,Turnover-Aware Max Sharpe γ=0.10,GLD,0.2999999999999983
2022-08-01,Turnover-Aware Max Sharpe γ=0.10,IEF,0.07923044229383208
2022-08-01,Turnover-Aware Max Sharpe γ=0.10,IWM,1.1800092622973605e-15
2022-08-01,Turnover-Aware Max Sharpe γ=0.10,LQD,2.340936750755432e-16
2022-08-01,Turnover-Aware Max Sharpe γ=0.10,QQQ,0.29999999999999905
2022-08-01,Turnover-Aware Max Sharpe γ=0.10,SPY,0.22989639082610985
2022-08-01,Turnover-Aware Max Sharpe γ=0.10,TLT,0.09087316688005496
2022-08-01,Turnover-Aware Max Sharpe γ=0.10,VNQ,1.7781638674079594e-15
2022-08-01,Turnover-Aware Max Sharpe γ=0.25,EEM,0.0
2022-08-01,Turnover-Aware Max Sharpe γ=0.25,EFA,0.0
2022-08-01,Turnover-Aware Max Sharpe γ=0.25,GLD,0.29999999999999755
2022-08-01,Turnover-Aware Max Sharpe γ=0.25,IEF,0.17832440828490778
2022-08-01,Turnover-Aware Max Sharpe γ=0.25,IWM,0.0
2022-08-01,Turnover-Aware Max Sharpe γ=0.25,LQD,0.0
2022-08-01,Turnover-Aware Max Sharpe γ=0.25,QQQ,0.29999999999999755
2022-08-01,Turnover-Aware Max Sharpe γ=0.25,SPY,0.14487176533476911
2022-08-01,Turnover-Aware Max Sharpe γ=0.25,TLT,0.0768038263803281
2022-08-01,Turnover-Aware Max Sharpe γ=0.25,VNQ,0.0
2022-09-01,Combined Robust Max Sharpe λ=0.50 γ=0.10,EEM,0.0
2022-09-01,Combined Robust Max Sharpe λ=0.50 γ=0.10,EFA,0.0
2022-09-01,Combined Robust Max Sharpe λ=0.50 γ=0.10,GLD,0.29999999999999694
2022-09-01,Combined Robust Max Sharpe λ=0.50 γ=0.10,IEF,0.24928864398531436
2022-09-01,Combined Robust Max Sharpe λ=0.50 γ=0.10,IWM,0.0
2022-09-01,Combined Robust Max Sharpe λ=0.50 γ=0.10,LQD,0.0
2022-09-01,Combined Robust Max Sharpe λ=0.50 γ=0.10,QQQ,0.2614789666133244
2022-09-01,Combined Robust Max Sharpe λ=0.50 γ=0.10,SPY,0.18923238940136425
2022-09-01,Combined Robust Max Sharpe λ=0.50 γ=0.10,TLT,0.0
2022-09-01,Combined Robust Max Sharpe λ=0.50 γ=0.10,VNQ,9.558410233581022e-18
2022-09-01,Equal Weight,EEM,0.1
2022-09-01,Equal Weight,EFA,0.1
2022-09-01,Equal Weight,GLD,0.1
2022-09-01,Equal Weight,IEF,0.1
2022-09-01,Equal Weight,IWM,0.1
2022-09-01,Equal Weight,LQD,0.1
2022-09-01,Equal Weight,QQQ,0.1
2022-09-01,Equal Weight,SPY,0.1
2022-09-01,Equal Weight,TLT,0.1
2022-09-01,Equal Weight,VNQ,0.1
2022-09-01,Maximum Sharpe,EEM,0.0
2022-09-01,Maximum Sharpe,EFA,0.0
2022-09-01,Maximum Sharpe,GLD,0.30000000000000004
2022-09-01,Maximum Sharpe,IEF,0.01610639225236652
2022-09-01,Maximum Sharpe,IWM,0.08389360774763313
2022-09-01,Maximum Sharpe,LQD,0.0
2022-09-01,Maximum Sharpe,QQQ,0.30000000000000004
2022-09-01,Maximum Sharpe,SPY,0.30000000000000004
2022-09-01,Maximum Sharpe,TLT,1.4588933082617125e-16
2022-09-01,Maximum Sharpe,VNQ,0.0
2022-09-01,Minimum Variance,EEM,0.0023715389694443354
2022-09-01,Minimum Variance,EFA,0.10652855584214468
2022-09-01,Minimum Variance,GLD,0.18922735841887214
2022-09-01,Minimum Variance,IEF,0.29999999999999993
2022-09-01,Minimum Variance,IWM,0.0
2022-09-01,Minimum Variance,LQD,0.27839904162774254
2022-09-01,Minimum Variance,QQQ,0.0
2022-09-01,Minimum Variance,SPY,0.04517468745665884
2022-09-01,Minimum Variance,TLT,0.07829881768513745
2022-09-01,Minimum Variance,VNQ,1.1645008127495039e-17
2022-09-01,SPY,EEM,0.0
2022-09-01,SPY,EFA,0.0
2022-09-01,SPY,GLD,0.0
2022-09-01,SPY,IEF,0.0
2022-09-01,SPY,IWM,0.0
2022-09-01,SPY,LQD,0.0
2022-09-01,SPY,QQQ,0.0
2022-09-01,SPY,SPY,1.0
2022-09-01,SPY,TLT,0.0
2022-09-01,SPY,VNQ,0.0
2022-09-01,Shrunk Max Sharpe λ=0.25,EEM,0.0
2022-09-01,Shrunk Max Sharpe λ=0.25,EFA,1.505729798354506e-16
2022-09-01,Shrunk Max Sharpe λ=0.25,GLD,0.29999999999999993
2022-09-01,Shrunk Max Sharpe λ=0.25,IEF,0.09999999999999973
2022-09-01,Shrunk Max Sharpe λ=0.25,IWM,2.2898349882893854e-16
2022-09-01,Shrunk Max Sharpe λ=0.25,LQD,0.0
2022-09-01,Shrunk Max Sharpe λ=0.25,QQQ,0.2999999999999998
2022-09-01,Shrunk Max Sharpe λ=0.25,SPY,0.29999999999999993
2022-09-01,Shrunk Max Sharpe λ=0.25,TLT,2.1606203688022712e-16
2022-09-01,Shrunk Max Sharpe λ=0.25,VNQ,0.0
2022-09-01,Shrunk Max Sharpe λ=0.50,EEM,0.0
2022-09-01,Shrunk Max Sharpe λ=0.50,EFA,1.0445685198109312e-17
2022-09-01,Shrunk Max Sharpe λ=0.50,GLD,0.2999999999999999
2022-09-01,Shrunk Max Sharpe λ=0.50,IEF,0.20285320061777684
2022-09-01,Shrunk Max Sharpe λ=0.50,IWM,0.0
2022-09-01,Shrunk Max Sharpe λ=0.50,LQD,0.0
2022-09-01,Shrunk Max Sharpe λ=0.50,QQQ,0.2999999999999999
2022-09-01,Shrunk Max Sharpe λ=0.50,SPY,0.1971467993822235
2022-09-01,Shrunk Max Sharpe λ=0.50,TLT,0.0
2022-09-01,Shrunk Max Sharpe λ=0.50,VNQ,0.0
2022-09-01,Shrunk Max Sharpe λ=0.75,EEM,0.0
2022-09-01,Shrunk Max Sharpe λ=0.75,EFA,0.0
2022-09-01,Shrunk Max Sharpe λ=0.75,GLD,0.29999999999999993
2022-09-01,Shrunk Max Sharpe λ=0.75,IEF,0.29999999999999993
2022-09-01,Shrunk Max Sharpe λ=0.75,IWM,3.146731339034596e-17
2022-09-01,Shrunk Max Sharpe λ=0.75,LQD,3.920120627677704e-17
2022-09-01,Shrunk Max Sharpe λ=0.75,QQQ,0.10731950907868891
2022-09-01,Shrunk Max Sharpe λ=0.75,SPY,0.22126621788001608
2022-09-01,Shrunk Max Sharpe λ=0.75,TLT,0.07141427304129498
2022-09-01,Shrunk Max Sharpe λ=0.75,VNQ,0.0
2022-09-01,Turnover-Aware Max Sharpe γ=0.05,EEM,0.0
2022-09-01,Turnover-Aware Max Sharpe γ=0.05,EFA,0.0
2022-09-01,Turnover-Aware Max Sharpe γ=0.05,GLD,0.3000000000000001
2022-09-01,Turnover-Aware Max Sharpe γ=0.05,IEF,0.02628540046182591
2022-09-01,Turnover-Aware Max Sharpe γ=0.05,IWM,0.07371459953817373
2022-09-01,Turnover-Aware Max Sharpe γ=0.05,LQD,0.0
2022-09-01,Turnover-Aware Max Sharpe γ=0.05,QQQ,0.3000000000000001
2022-09-01,Turnover-Aware Max Sharpe γ=0.05,SPY,0.3000000000000001
2022-09-01,Turnover-Aware Max Sharpe γ=0.05,TLT,3.8307646739101864e-17
2022-09-01,Turnover-Aware Max Sharpe γ=0.05,VNQ,6.690240826608151e-17
2022-09-01,Turnover-Aware Max Sharpe γ=0.10,EEM,5.05028900798753e-16
2022-09-01,Turnover-Aware Max Sharpe γ=0.10,EFA,3.654208811463906e-16
2022-09-01,Turnover-Aware Max Sharpe γ=0.10,GLD,0.2999999999999986
2022-09-01,Turnover-Aware Max Sharpe γ=0.10,IEF,0.07923044229383121
2022-09-01,Turnover-Aware Max Sharpe γ=0.10,IWM,0.020769557706169155
2022-09-01,Turnover-Aware Max Sharpe γ=0.10,LQD,9.665523916145573e-17
2022-09-01,Turnover-Aware Max Sharpe γ=0.10,QQQ,0.2999999999999997
2022-09-01,Turnover-Aware Max Sharpe γ=0.10,SPY,0.2999999999999995
2022-09-01,Turnover-Aware Max Sharpe γ=0.10,TLT,2.1883329336487633e-16
2022-09-01,Turnover-Aware Max Sharpe γ=0.10,VNQ,6.703545409024228e-16
2022-09-01,Turnover-Aware Max Sharpe γ=0.25,EEM,0.0
2022-09-01,Turnover-Aware Max Sharpe γ=0.25,EFA,2.6969060358486246e-16
2022-09-01,Turnover-Aware Max Sharpe γ=0.25,GLD,0.29999999999999827
2022-09-01,Turnover-Aware Max Sharpe γ=0.25,IEF,0.10092833102407148
2022-09-01,Turnover-Aware Max Sharpe γ=0.25,IWM,0.0
2022-09-01,Turnover-Aware Max Sharpe γ=0.25,LQD,0.0
2022-09-01,Turnover-Aware Max Sharpe γ=0.25,QQQ,0.3000000000000001
2022-09-01,Turnover-Aware Max Sharpe γ=0.25,SPY,0.2990716689759296
2022-09-01,Turnover-Aware Max Sharpe γ=0.25,TLT,2.263935738988997e-16
2022-09-01,Turnover-Aware Max Sharpe γ=0.25,VNQ,1.0006713946592736e-16
2022-11-01,Combined Robust Max Sharpe λ=0.50 γ=0.10,EEM,9.983296407115199e-17
2022-11-01,Combined Robust Max Sharpe λ=0.50 γ=0.10,EFA,0.0
2022-11-01,Combined Robust Max Sharpe λ=0.50 γ=0.10,GLD,0.29999999999999993
2022-11-01,Combined Robust Max Sharpe λ=0.50 γ=0.10,IEF,0.07109462715137338
2022-11-01,Combined Robust Max Sharpe λ=0.50 γ=0.10,IWM,0.02890537284862677
2022-11-01,Combined Robust Max Sharpe λ=0.50 γ=0.10,LQD,0.0
2022-11-01,Combined Robust Max Sharpe λ=0.50 γ=0.10,QQQ,0.2999999999999999
2022-11-01,Combined Robust Max Sharpe λ=0.50 γ=0.10,SPY,0.3
2022-11-01,Combined Robust Max Sharpe λ=0.50 γ=0.10,TLT,0.0
2022-11-01,Combined Robust Max Sharpe λ=0.50 γ=0.10,VNQ,0.0
2022-11-01,Equal Weight,EEM,0.1
2022-11-01,Equal Weight,EFA,0.1
2022-11-01,Equal Weight,GLD,0.1
2022-11-01,Equal Weight,IEF,0.1
2022-11-01,Equal Weight,IWM,0.1
2022-11-01,Equal Weight,LQD,0.1
2022-11-01,Equal Weight,QQQ,0.1
2022-11-01,Equal Weight,SPY,0.1
2022-11-01,Equal Weight,TLT,0.1
2022-11-01,Equal Weight,VNQ,0.1
2022-11-01,Maximum Sharpe,EEM,0.0
2022-11-01,Maximum Sharpe,EFA,0.0
2022-11-01,Maximum Sharpe,GLD,0.3
2022-11-01,Maximum Sharpe,IEF,1.3122183704408894e-18
2022-11-01,Maximum Sharpe,IWM,0.10000000000000019
2022-11-01,Maximum Sharpe,LQD,0.0
2022-11-01,Maximum Sharpe,QQQ,0.29999999999999993
2022-11-01,Maximum Sharpe,SPY,0.29999999999999977
2022-11-01,Maximum Sharpe,TLT,7.43825921658764e-17
2022-11-01,Maximum Sharpe,VNQ,0.0
2022-11-01,Minimum Variance,EEM,0.013890236094974239
2022-11-01,Minimum Variance,EFA,0.0762751419373812
2022-11-01,Minimum Variance,GLD,0.20410567437742236
2022-11-01,Minimum Variance,IEF,0.3
2022-11-01,Minimum Variance,IWM,6.235520008517635e-19
2022-11-01,Minimum Variance,LQD,0.3
2022-11-01,Minimum Variance,QQQ,0.0
2022-11-01,Minimum Variance,SPY,0.04306817783773704
2022-11-01,Minimum Variance,TLT,0.06266076975248518
2022-11-01,Minimum Variance,VNQ,0.0
2022-11-01,SPY,EEM,0.0
2022-11-01,SPY,EFA,0.0
2022-11-01,SPY,GLD,0.0
2022-11-01,SPY,IEF,0.0
2022-11-01,SPY,IWM,0.0
2022-11-01,SPY,LQD,0.0
2022-11-01,SPY,QQQ,0.0
2022-11-01,SPY,SPY,1.0
2022-11-01,SPY,TLT,0.0
2022-11-01,SPY,VNQ,0.0
2022-11-01,Shrunk Max Sharpe λ=0.25,EEM,0.0
2022-11-01,Shrunk Max Sharpe λ=0.25,EFA,1.1471726187876597e-16
2022-11-01,Shrunk Max Sharpe λ=0.25,GLD,0.3
2022-11-01,Shrunk Max Sharpe λ=0.25,IEF,0.0
2022-11-01,Shrunk Max Sharpe λ=0.25,IWM,0.09999999999999935
2022-11-01,Shrunk Max Sharpe λ=0.25,LQD,2.1415414802638517e-16
2022-11-01,Shrunk Max Sharpe λ=0.25,QQQ,0.30000000000000004
2022-11-01,Shrunk Max Sharpe λ=0.25,SPY,0.30000000000000004
2022-11-01,Shrunk Max Sharpe λ=0.25,TLT,2.4697550949181496e-16
2022-11-01,Shrunk Max Sharpe λ=0.25,VNQ,1.1196807327793378e-16
2022-11-01,Shrunk Max Sharpe λ=0.50,EEM,1.7812336218393078e-16
2022-11-01,Shrunk Max Sharpe λ=0.50,EFA,0.0
2022-11-01,Shrunk Max Sharpe λ=0.50,GLD,0.2999999999999995
2022-11-01,Shrunk Max Sharpe λ=0.50,IEF,0.0
2022-11-01,Shrunk Max Sharpe λ=0.50,IWM,0.10000000000000046
2022-11-01,Shrunk Max Sharpe λ=0.50,LQD,1.478208426155942e-16
2022-11-01,Shrunk Max Sharpe λ=0.50,QQQ,0.2999999999999998
2022-11-01,Shrunk Max Sharpe λ=0.50,SPY,0.29999999999999993
2022-11-01,Shrunk Max Sharpe λ=0.50,TLT,4.875335274220712e-17
2022-11-01,Shrunk Max Sharpe λ=0.50,VNQ,0.0
2022-11-01,Shrunk Max Sharpe λ=0.75,EEM,9.119370851550145e-17
2022-11-01,Shrunk Max Sharpe λ=0.75,EFA,1.9387154974472634e-17
2022-11-01,Shrunk Max Sharpe λ=0.75,GLD,0.2999999999999999
2022-11-01,Shrunk Max Sharpe λ=0.75,IEF,0.0
2022-11-01,Shrunk Max Sharpe λ=0.75,IWM,0.0999999999999999
2022-11-01,Shrunk Max Sharpe λ=0.75,LQD,1.345678194182777e-16
2022-11-01,Shrunk Max Sharpe λ=0.75,QQQ,0.2999999999999999
2022-11-01,Shrunk Max Sharpe λ=0.75,SPY,0.2999999999999998
2022-11-01,Shrunk Max Sharpe λ=0.75,TLT,2.4529983860615007e-16
2022-11-01,Shrunk Max Sharpe λ=0.75,VNQ,4.737471774288704e-17
2022-11-01,Turnover-Aware Max Sharpe γ=0.05,EEM,0.0
2022-11-01,Turnover-Aware Max Sharpe γ=0.05,EFA,0.0
2022-11-01,Turnover-Aware Max Sharpe γ=0.05,GLD,0.29999999999999977
2022-11-01,Turnover-Aware Max Sharpe γ=0.05,IEF,4.3167361968137766e-16
2022-11-01,Turnover-Aware Max Sharpe γ=0.05,IWM,0.10000000000000016
2022-11-01,Turnover-Aware Max Sharpe γ=0.05,LQD,0.0
2022-11-01,Turnover-Aware Max Sharpe γ=0.05,QQQ,0.29999999999999977
2022-11-01,Turnover-Aware Max Sharpe γ=0.05,SPY,0.29999999999999977
2022-11-01,Turnover-Aware Max Sharpe γ=0.05,TLT,0.0
2022-11-01,Turnover-Aware Max Sharpe γ=0.05,VNQ,0.0
2022-11-01,Turnover-Aware Max Sharpe γ=0.10,EEM,1.1257639977169153e-16
2022-11-01,Turnover-Aware Max Sharpe γ=0.10,EFA,8.133715753260621e-17
2022-11-01,Turnover-Aware Max Sharpe γ=0.10,GLD,0.29999999999999977
2022-11-01,Turnover-Aware Max Sharpe γ=0.10,IEF,0.0
2022-11-01,Turnover-Aware Max Sharpe γ=0.10,IWM,0.10000000000000006
2022-11-01,Turnover-Aware Max Sharpe γ=0.10,LQD,1.7144883692828486e-16
2022-11-01,Turnover-Aware Max Sharpe γ=0.10,QQQ,0.29999999999999966
2022-11-01,Turnover-Aware Max Sharpe γ=0.10,SPY,0.2999999999999999
2022-11-01,Turnover-Aware Max Sharpe γ=0.10,TLT,3.3913996418053325e-16
2022-11-01,Turnover-Aware Max Sharpe γ=0.10,VNQ,0.0
2022-11-01,Turnover-Aware Max Sharpe γ=0.25,EEM,5.097489470088273e-16
2022-11-01,Turnover-Aware Max Sharpe γ=0.25,EFA,4.963162838962237e-16
2022-11-01,Turnover-Aware Max Sharpe γ=0.25,GLD,0.29999999999999827
2022-11-01,Turnover-Aware Max Sharpe γ=0.25,IEF,0.056304011992593266
2022-11-01,Turnover-Aware Max Sharpe γ=0.25,IWM,0.043695988007407364
2022-11-01,Turnover-Aware Max Sharpe γ=0.25,LQD,2.2495944474584796e-16
2022-11-01,Turnover-Aware Max Sharpe γ=0.25,QQQ,0.29999999999999954
2022-11-01,Turnover-Aware Max Sharpe γ=0.25,SPY,0.2999999999999996
2022-11-01,Turnover-Aware Max Sharpe γ=0.25,TLT,0.0
2022-11-01,Turnover-Aware Max Sharpe γ=0.25,VNQ,7.073581555881174e-16
2022-12-01,Combined Robust Max Sharpe λ=0.50 γ=0.10,EEM,5.2417344184335734e-17
2022-12-01,Combined Robust Max Sharpe λ=0.50 γ=0.10,EFA,0.0
2022-12-01,Combined Robust Max Sharpe λ=0.50 γ=0.10,GLD,0.29999999999999993
2022-12-01,Combined Robust Max Sharpe λ=0.50 γ=0.10,IEF,0.07109462715137337
2022-12-01,Combined Robust Max Sharpe λ=0.50 γ=0.10,IWM,0.028905372848626754
2022-12-01,Combined Robust Max Sharpe λ=0.50 γ=0.10,LQD,6.958903371931182e-17
2022-12-01,Combined Robust Max Sharpe λ=0.50 γ=0.10,QQQ,0.2999999999999999
2022-12-01,Combined Robust Max Sharpe λ=0.50 γ=0.10,SPY,0.29999999999999993
2022-12-01,Combined Robust Max Sharpe λ=0.50 γ=0.10,TLT,0.0
2022-12-01,Combined Robust Max Sharpe λ=0.50 γ=0.10,VNQ,1.5618119506144621e-16
2022-12-01,Equal Weight,EEM,0.1
2022-12-01,Equal Weight,EFA,0.1
2022-12-01,Equal Weight,GLD,0.1
2022-12-01,Equal Weight,IEF,0.1
2022-12-01,Equal Weight,IWM,0.1
2022-12-01,Equal Weight,LQD,0.1
2022-12-01,Equal Weight,QQQ,0.1
2022-12-01,Equal Weight,SPY,0.1
2022-12-01,Equal Weight,TLT,0.1
2022-12-01,Equal Weight,VNQ,0.1
2022-12-01,Maximum Sharpe,EEM,0.0
2022-12-01,Maximum Sharpe,EFA,7.981946647098541e-17
2022-12-01,Maximum Sharpe,GLD,0.29999999999999993
2022-12-01,Maximum Sharpe,IEF,1.8513988604546812e-16
2022-12-01,Maximum Sharpe,IWM,0.09999999999999971
2022-12-01,Maximum Sharpe,LQD,0.0
2022-12-01,Maximum Sharpe,QQQ,0.30000000000000004
2022-12-01,Maximum Sharpe,SPY,0.29999999999999993
2022-12-01,Maximum Sharpe,TLT,0.0
2022-12-01,Maximum Sharpe,VNQ,1.158693286166284e-16
2022-12-01,Minimum Variance,EEM,0.021602498349202148
2022-12-01,Minimum Variance,EFA,0.05459695075021167
2022-12-01,Minimum Variance,GLD,0.21110506813479957
2022-12-01,Minimum Variance,IEF,0.30000000000000004
2022-12-01,Minimum Variance,IWM,7.854708278864308e-18
2022-12-01,Minimum Variance,LQD,0.3
2022-12-01,Minimum Variance,QQQ,0.0
2022-12-01,Minimum Variance,SPY,0.04932082324748969
2022-12-01,Minimum Variance,TLT,0.06337465951829704
2022-12-01,Minimum Variance,VNQ,0.0
2022-12-01,SPY,EEM,0.0
2022-12-01,SPY,EFA,0.0
2022-12-01,SPY,GLD,0.0
2022-12-01,SPY,IEF,0.0
2022-12-01,SPY,IWM,0.0
2022-12-01,SPY,LQD,0.0
2022-12-01,SPY,QQQ,0.0
2022-12-01,SPY,SPY,1.0
2022-12-01,SPY,TLT,0.0
2022-12-01,SPY,VNQ,0.0
2022-12-01,Shrunk Max Sharpe λ=0.25,EEM,9.265202502885204e-17
2022-12-01,Shrunk Max Sharpe λ=0.25,EFA,1.4698751949551561e-16
2022-12-01,Shrunk Max Sharpe λ=0.25,GLD,0.2999999999999997
2022-12-01,Shrunk Max Sharpe λ=0.25,IEF,0.0999999999999992
2022-12-01,Shrunk Max Sharpe λ=0.25,IWM,9.298117831235684e-16
2022-12-01,Shrunk Max Sharpe λ=0.25,LQD,0.0
2022-12-01,Shrunk Max Sharpe λ=0.25,QQQ,0.2999999999999998
2022-12-01,Shrunk Max Sharpe λ=0.25,SPY,0.29999999999999966
2022-12-01,Shrunk Max Sharpe λ=0.25,TLT,2.101674063991526e-16
2022-12-01,Shrunk Max Sharpe λ=0.25,VNQ,1.6352064835003828e-16
2022-12-01,Shrunk Max Sharpe λ=0.50,EEM,0.0
2022-12-01,Shrunk Max Sharpe λ=0.50,EFA,2.5324413003110117e-17
2022-12-01,Shrunk Max Sharpe λ=0.50,GLD,0.2999999999999998
2022-12-01,Shrunk Max Sharpe λ=0.50,IEF,0.10000000000000034
2022-12-01,Shrunk Max Sharpe λ=0.50,IWM,1.6653345369377346e-16
2022-12-01,Shrunk Max Sharpe λ=0.50,LQD,0.0
2022-12-01,Shrunk Max Sharpe λ=0.50,QQQ,0.29999999999999993
2022-12-01,Shrunk Max Sharpe λ=0.50,SPY,0.29999999999999966
2022-12-01,Shrunk Max Sharpe λ=0.50,TLT,1.1633204714019007e-16
2022-12-01,Shrunk Max Sharpe λ=0.50,VNQ,4.0034534204049796e-17
2022-12-01,Shrunk Max Sharpe λ=0.75,EEM,1.5935298702865763e-16
2022-12-01,Shrunk Max Sharpe λ=0.75,EFA,1.19500978286591e-16
2022-12-01,Shrunk Max Sharpe λ=0.75,GLD,0.29999999999999993
2022-12-01,Shrunk Max Sharpe λ=0.75,IEF,0.2999999999999996
2022-12-01,Shrunk Max Sharpe λ=0.75,IWM,1.4387621236919258e-17
2022-12-01,Shrunk Max Sharpe λ=0.75,LQD,6.24911509650114e-16
2022-12-01,Shrunk Max Sharpe λ=0.75,QQQ,0.0588075375917265
2022-12-01,Shrunk Max Sharpe λ=0.75,SPY,0.2999999999999996
2022-12-01,Shrunk Max Sharpe λ=0.75,TLT,0.04119246240827337
2022-12-01,Shrunk Max Sharpe λ=0.75,VNQ,1.7554514188987821e-16
2022-12-01,Turnover-Aware Max Sharpe γ=0.05,EEM,1.0380957730009512e-16
2022-12-01,Turnover-Aware Max Sharpe γ=0.05,EFA,0.0
2022-12-01,Turnover-Aware Max Sharpe γ=0.05,GLD,0.2999999999999996
2022-12-01,Turnover-Aware Max Sharpe γ=0.05,IEF,7.79983203421489e-16
2022-12-01,Turnover-Aware Max Sharpe γ=0.05,IWM,0.09999999999999983
2022-12-01,Turnover-Aware Max Sharpe γ=0.05,LQD,7.903951704974558e-18
2022-12-01,Turnover-Aware Max Sharpe γ=0.05,QQQ,0.2999999999999998
2022-12-01,Turnover-Aware Max Sharpe γ=0.05,SPY,0.29999999999999993
2022-12-01,Turnover-Aware Max Sharpe γ=0.05,TLT,0.0
2022-12-01,Turnover-Aware Max Sharpe γ=0.05,VNQ,0.0
2022-12-01,Turnover-Aware Max Sharpe γ=0.10,EEM,0.0
2022-12-01,Turnover-Aware Max Sharpe γ=0.10,EFA,0.0
2022-12-01,Turnover-Aware Max Sharpe γ=0.10,GLD,0.2999999999999999
2022-12-01,Turnover-Aware Max Sharpe γ=0.10,IEF,0.0
2022-12-01,Turnover-Aware Max Sharpe γ=0.10,IWM,0.10000000000000024
2022-12-01,Turnover-Aware Max Sharpe γ=0.10,LQD,1.4699884568791255e-16
2022-12-01,Turnover-Aware Max Sharpe γ=0.10,QQQ,0.2999999999999999
2022-12-01,Turnover-Aware Max Sharpe γ=0.10,SPY,0.2999999999999999
2022-12-01,Turnover-Aware Max Sharpe γ=0.10,TLT,1.140057946046843e-16
2022-12-01,Turnover-Aware Max Sharpe γ=0.10,VNQ,0.0
2022-12-01,Turnover-Aware Max Sharpe γ=0.25,EEM,7.06569589793011e-17
2022-12-01,Turnover-Aware Max Sharpe γ=0.25,EFA,5.805802046706964e-16
2022-12-01,Turnover-Aware Max Sharpe γ=0.25,GLD,0.2999999999999993
2022-12-01,Turnover-Aware Max Sharpe γ=0.25,IEF,0.05630401199259368
2022-12-01,Turnover-Aware Max Sharpe γ=0.25,IWM,0.04369598800740686
2022-12-01,Turnover-Aware Max Sharpe γ=0.25,LQD,5.18054771245397e-16
2022-12-01,Turnover-Aware Max Sharpe γ=0.25,QQQ,0.2999999999999993
2022-12-01,Turnover-Aware Max Sharpe γ=0.25,SPY,0.2999999999999993
2022-12-01,Turnover-Aware Max Sharpe γ=0.25,TLT,0.0
2022-12-01,Turnover-Aware Max Sharpe γ=0.25,VNQ,1.8680312728349927e-16
2023-02-01,Combined Robust Max Sharpe λ=0.50 γ=0.10,EEM,0.0
2023-02-01,Combined Robust Max Sharpe λ=0.50 γ=0.10,EFA,4.68375338513738e-17
2023-02-01,Combined Robust Max Sharpe λ=0.50 γ=0.10,GLD,0.2999999999999999
2023-02-01,Combined Robust Max Sharpe λ=0.50 γ=0.10,IEF,0.07109462715137327
2023-02-01,Combined Robust Max Sharpe λ=0.50 γ=0.10,IWM,0.028905372848626452
2023-02-01,Combined Robust Max Sharpe λ=0.50 γ=0.10,LQD,1.6284974859737755e-16
2023-02-01,Combined Robust Max Sharpe λ=0.50 γ=0.10,QQQ,0.2999999999999999
2023-02-01,Combined Robust Max Sharpe λ=0.50 γ=0.10,SPY,0.30000000000000004
2023-02-01,Combined Robust Max Sharpe λ=0.50 γ=0.10,TLT,3.02980186786982e-17
2023-02-01,Combined Robust Max Sharpe λ=0.50 γ=0.10,VNQ,1.7245451648269715e-16
2023-02-01,Equal Weight,EEM,0.1
2023-02-01,Equal Weight,EFA,0.1
2023-02-01,Equal Weight,GLD,0.1
2023-02-01,Equal Weight,IEF,0.1
2023-02-01,Equal Weight,IWM,0.1
2023-02-01,Equal Weight,LQD,0.1
2023-02-01,Equal Weight,QQQ,0.1
2023-02-01,Equal Weight,SPY,0.1
2023-02-01,Equal Weight,TLT,0.1
2023-02-01,Equal Weight,VNQ,0.1
2023-02-01,Maximum Sharpe,EEM,1.4598203671376263e-16
2023-02-01,Maximum Sharpe,EFA,6.350552373748218e-16
2023-02-01,Maximum Sharpe,GLD,0.2999999999999995
2023-02-01,Maximum Sharpe,IEF,0.0
2023-02-01,Maximum Sharpe,IWM,0.09999999999999988
2023-02-01,Maximum Sharpe,LQD,6.037066959961265e-17
2023-02-01,Maximum Sharpe,QQQ,0.2999999999999999
2023-02-01,Maximum Sharpe,SPY,0.3
2023-02-01,Maximum Sharpe,TLT,2.7425977224683122e-17
2023-02-01,Maximum Sharpe,VNQ,0.0
2023-02-01,Minimum Variance,EEM,0.024402282776099547
2023-02-01,Minimum Variance,EFA,0.03661342611690833
2023-02-01,Minimum Variance,GLD,0.22248821664941423
2023-02-01,Minimum Variance,IEF,0.29999999999999993
2023-02-01,Minimum Variance,IWM,0.0
2023-02-01,Minimum Variance,LQD,0.3
2023-02-01,Minimum Variance,QQQ,1.53116077864926e-17
2023-02-01,Minimum Variance,SPY,0.06040137648833282
2023-02-01,Minimum Variance,TLT,0.05609469796924517
2023-02-01,Minimum Variance,VNQ,9.42080599901572e-18
2023-02-01,SPY,EEM,0.0
2023-02-01,SPY,EFA,0.0
2023-02-01,SPY,GLD,0.0
2023-02-01,SPY,IEF,0.0
2023-02-01,SPY,IWM,0.0
2023-02-01,SPY,LQD,0.0
2023-02-01,SPY,QQQ,0.0
2023-02-01,SPY,SPY,1.0
2023-02-01,SPY,TLT,0.0
2023-02-01,SPY,VNQ,0.0
2023-02-01,Shrunk Max Sharpe λ=0.25,EEM,4.3715737482551197e-16
2023-02-01,Shrunk Max Sharpe λ=0.25,EFA,6.651400303178322e-16
2023-02-01,Shrunk Max Sharpe λ=0.25,GLD,0.29999999999999927
2023-02-01,Shrunk Max Sharpe λ=0.25,IEF,1.8703995893384752e-16
2023-02-01,Shrunk Max Sharpe λ=0.25,IWM,0.09999999999999969
2023-02-01,Shrunk Max Sharpe λ=0.25,LQD,6.772487729367982e-17
2023-02-01,Shrunk Max Sharpe λ=0.25,QQQ,0.2999999999999997
2023-02-01,Shrunk Max Sharpe λ=0.25,SPY,0.2999999999999996
2023-02-01,Shrunk Max Sharpe λ=0.25,TLT,0.0
2023-02-01,Shrunk Max Sharpe λ=0.25,VNQ,1.9440927381258662e-16
2023-02-01,Shrunk Max Sharpe λ=0.50,EEM,0.0
2023-02-01,Shrunk Max Sharpe λ=0.50,EFA,0.0
2023-02-01,Shrunk Max Sharpe λ=0.50,GLD,0.29999999999999993
2023-02-01,Shrunk Max Sharpe λ=0.50,IEF,0.11943235980787005
2023-02-01,Shrunk Max Sharpe λ=0.50,IWM,0.0
2023-02-01,Shrunk Max Sharpe λ=0.50,LQD,0.0
2023-02-01,Shrunk Max Sharpe λ=0.50,QQQ,0.28056764019213
2023-02-01,Shrunk Max Sharpe λ=0.50,SPY,0.29999999999999993
2023-02-01,Shrunk Max Sharpe λ=0.50,TLT,5.91750673277362e-17
2023-02-01,Shrunk Max Sharpe λ=0.50,VNQ,0.0
2023-02-01,Shrunk Max Sharpe λ=0.75,EEM,0.0
2023-02-01,Shrunk Max Sharpe λ=0.75,EFA,6.286975710388743e-16
2023-02-01,Shrunk Max Sharpe λ=0.75,GLD,0.2999999999999998
2023-02-01,Shrunk Max Sharpe λ=0.75,IEF,0.2999999999999992
2023-02-01,Shrunk Max Sharpe λ=0.75,IWM,3.5754509144279825e-16
2023-02-01,Shrunk Max Sharpe λ=0.75,LQD,0.0865542438089457
2023-02-01,Shrunk Max Sharpe λ=0.75,QQQ,7.06684859095288e-16
2023-02-01,Shrunk Max Sharpe λ=0.75,SPY,0.29999999999999954
2023-02-01,Shrunk Max Sharpe λ=0.75,TLT,0.013445756191053992
2023-02-01,Shrunk Max Sharpe λ=0.75,VNQ,0.0
2023-02-01,Turnover-Aware Max Sharpe γ=0.05,EEM,9.853632789781817e-17
2023-02-01,Turnover-Aware Max Sharpe γ=0.05,EFA,1.5087241655886499e-16
2023-02-01,Turnover-Aware Max Sharpe γ=0.05,GLD,0.2999999999999996
2023-02-01,Turnover-Aware Max Sharpe γ=0.05,IEF,0.0
2023-02-01,Turnover-Aware Max Sharpe γ=0.05,IWM,0.09999999999999984
2023-02-01,Turnover-Aware Max Sharpe γ=0.05,LQD,1.5765632484766024e-16
2023-02-01,Turnover-Aware Max Sharpe γ=0.05,QQQ,0.2999999999999999
2023-02-01,Turnover-Aware Max Sharpe γ=0.05,SPY,0.2999999999999999
2023-02-01,Turnover-Aware Max Sharpe γ=0.05,TLT,0.0
2023-02-01,Turnover-Aware Max Sharpe γ=0.05,VNQ,3.695878556967993e-16
2023-02-01,Turnover-Aware Max Sharpe γ=0.10,EEM,0.0
2023-02-01,Turnover-Aware Max Sharpe γ=0.10,EFA,0.0
2023-02-01,Turnover-Aware Max Sharpe γ=0.10,GLD,0.30000000000000004
2023-02-01,Turnover-Aware Max Sharpe γ=0.10,IEF,7.165796861662171e-17
2023-02-01,Turnover-Aware Max Sharpe γ=0.10,IWM,0.10000000000000007
2023-02-01,Turnover-Aware Max Sharpe γ=0.10,LQD,0.0
2023-02-01,Turnover-Aware Max Sharpe γ=0.10,QQQ,0.3
2023-02-01,Turnover-Aware Max Sharpe γ=0.10,SPY,0.2999999999999998
2023-02-01,Turnover-Aware Max Sharpe γ=0.10,TLT,0.0
2023-02-01,Turnover-Aware Max Sharpe γ=0.10,VNQ,1.223768476371895e-16
2023-02-01,Turnover-Aware Max Sharpe γ=0.25,EEM,0.0
2023-02-01,Turnover-Aware Max Sharpe γ=0.25,EFA,4.1753938510185446e-16
2023-02-01,Turnover-Aware Max Sharpe γ=0.25,GLD,0.29999999999999993
2023-02-01,Turnover-Aware Max Sharpe γ=0.25,IEF,0.05630401199259412
2023-02-01,Turnover-Aware Max Sharpe γ=0.25,IWM,0.04369598800740649
2023-02-01,Turnover-Aware Max Sharpe γ=0.25,LQD,4.4453254583661203e-17
2023-02-01,Turnover-Aware Max Sharpe γ=0.25,QQQ,0.29999999999999993
2023-02-01,Turnover-Aware Max Sharpe γ=0.25,SPY,0.2999999999999992
2023-02-01,Turnover-Aware Max Sharpe γ=0.25,TLT,0.0
2023-02-01,Turnover-Aware Max Sharpe γ=0.25,VNQ,0.0
2023-03-01,Combined Robust Max Sharpe λ=0.50 γ=0.10,EEM,8.817275571827437e-17
2023-03-01,Combined Robust Max Sharpe λ=0.50 γ=0.10,EFA,1.2891865718173454e-16
2023-03-01,Combined Robust Max Sharpe λ=0.50 γ=0.10,GLD,0.3
2023-03-01,Combined Robust Max Sharpe λ=0.50 γ=0.10,IEF,0.0710946271513734
2023-03-01,Combined Robust Max Sharpe λ=0.50 γ=0.10,IWM,0.028905372848626525
2023-03-01,Combined Robust Max Sharpe λ=0.50 γ=0.10,LQD,0.0
2023-03-01,Combined Robust Max Sharpe λ=0.50 γ=0.10,QQQ,0.30000000000000004
2023-03-01,Combined Robust Max Sharpe λ=0.50 γ=0.10,SPY,0.29999999999999993
2023-03-01,Combined Robust Max Sharpe λ=0.50 γ=0.10,TLT,0.0
2023-03-01,Combined Robust Max Sharpe λ=0.50 γ=0.10,VNQ,0.0
2023-03-01,Equal Weight,EEM,0.1
2023-03-01,Equal Weight,EFA,0.1
2023-03-01,Equal Weight,GLD,0.1
2023-03-01,Equal Weight,IEF,0.1
2023-03-01,Equal Weight,IWM,0.1
2023-03-01,Equal Weight,LQD,0.1
2023-03-01,Equal Weight,QQQ,0.1
2023-03-01,Equal Weight,SPY,0.1
2023-03-01,Equal Weight,TLT,0.1
2023-03-01,Equal Weight,VNQ,0.1
2023-03-01,Maximum Sharpe,EEM,0.0
2023-03-01,Maximum Sharpe,EFA,5.015711385619658e-16
2023-03-01,Maximum Sharpe,GLD,0.2999999999999996
2023-03-01,Maximum Sharpe,IEF,4.71104127997567e-16
2023-03-01,Maximum Sharpe,IWM,0.0999999999999992
2023-03-01,Maximum Sharpe,LQD,3.7323505100489247e-16
2023-03-01,Maximum Sharpe,QQQ,0.29999999999999993
2023-03-01,Maximum Sharpe,SPY,0.2999999999999998
2023-03-01,Maximum Sharpe,TLT,0.0
2023-03-01,Maximum Sharpe,VNQ,0.0
2023-03-01,Minimum Variance,EEM,0.016601710773868836
2023-03-01,Minimum Variance,EFA,0.03749075810739846
2023-03-01,Minimum Variance,GLD,0.22795788529290414
2023-03-01,Minimum Variance,IEF,0.3
2023-03-01,Minimum Variance,IWM,0.0
2023-03-01,Minimum Variance,LQD,0.3
2023-03-01,Minimum Variance,QQQ,0.0
2023-03-01,Minimum Variance,SPY,0.06540781355236493
2023-03-01,Minimum Variance,TLT,0.05254183227346363
2023-03-01,Minimum Variance,VNQ,0.0
2023-03-01,SPY,EEM,0.0
2023-03-01,SPY,EFA,0.0
2023-03-01,SPY,GLD,0.0
2023-03-01,SPY,IEF,0.0
2023-03-01,SPY,IWM,0.0
2023-03-01,SPY,LQD,0.0
2023-03-01,SPY,QQQ,0.0
2023-03-01,SPY,SPY,1.0
2023-03-01,SPY,TLT,0.0
2023-03-01,SPY,VNQ,0.0
2023-03-01,Shrunk Max Sharpe λ=0.25,EEM,0.0
2023-03-01,Shrunk Max Sharpe λ=0.25,EFA,8.745723570578448e-18
2023-03-01,Shrunk Max Sharpe λ=0.25,GLD,0.3000000000000001
2023-03-01,Shrunk Max Sharpe λ=0.25,IEF,3.2875920034158046e-19
2023-03-01,Shrunk Max Sharpe λ=0.25,IWM,0.09999999999999981
2023-03-01,Shrunk Max Sharpe λ=0.25,LQD,0.0
2023-03-01,Shrunk Max Sharpe λ=0.25,QQQ,0.3000000000000001
2023-03-01,Shrunk Max Sharpe λ=0.25,SPY,0.3
2023-03-01,Shrunk Max Sharpe λ=0.25,TLT,0.0
2023-03-01,Shrunk Max Sharpe λ=0.25,VNQ,0.0
2023-03-01,Shrunk Max Sharpe λ=0.50,EEM,0.0
2023-03-01,Shrunk Max Sharpe λ=0.50,EFA,0.0
2023-03-01,Shrunk Max Sharpe λ=0.50,GLD,0.29999999999999993
2023-03-01,Shrunk Max Sharpe λ=0.50,IEF,0.0
2023-03-01,Shrunk Max Sharpe λ=0.50,IWM,0.10000000000000031
2023-03-01,Shrunk Max Sharpe λ=0.50,LQD,0.0
2023-03-01,Shrunk Max Sharpe λ=0.50,QQQ,0.2999999999999999
2023-03-01,Shrunk Max Sharpe λ=0.50,SPY,0.29999999999999993
2023-03-01,Shrunk Max Sharpe λ=0.50,TLT,0.0
2023-03-01,Shrunk Max Sharpe λ=0.50,VNQ,7.682535637052672e-19
2023-03-01,Shrunk Max Sharpe λ=0.75,EEM,0.0
2023-03-01,Shrunk Max Sharpe λ=0.75,EFA,0.0
2023-03-01,Shrunk Max Sharpe λ=0.75,GLD,0.3
2023-03-01,Shrunk Max Sharpe λ=0.75,IEF,0.3
2023-03-01,Shrunk Max Sharpe λ=0.75,IWM,0.0
2023-03-01,Shrunk Max Sharpe λ=0.75,LQD,0.0
2023-03-01,Shrunk Max Sharpe λ=0.75,QQQ,0.10000000000000003
2023-03-01,Shrunk Max Sharpe λ=0.75,SPY,0.3
2023-03-01,Shrunk Max Sharpe λ=0.75,TLT,0.0
2023-03-01,Shrunk Max Sharpe λ=0.75,VNQ,0.0
2023-03-01,Turnover-Aware Max Sharpe γ=0.05,EEM,3.1324941657703587e-17
2023-03-01,Turnover-Aware Max Sharpe γ=0.05,EFA,0.0
2023-03-01,Turnover-Aware Max Sharpe γ=0.05,GLD,0.29999999999999916
2023-03-01,Turnover-Aware Max Sharpe γ=0.05,IEF,0.0
2023-03-01,Turnover-Aware Max Sharpe γ=0.05,IWM,0.10000000000000071
2023-03-01,Turnover-Aware Max Sharpe γ=0.05,LQD,8.967561172472707e-17
2023-03-01,Turnover-Aware Max Sharpe γ=0.05,QQQ,0.2999999999999999
2023-03-01,Turnover-Aware Max Sharpe γ=0.05,SPY,0.2999999999999999
2023-03-01,Turnover-Aware Max Sharpe γ=0.05,TLT,0.0
2023-03-01,Turnover-Aware Max Sharpe γ=0.05,VNQ,2.6901338113220767e-16
2023-03-01,Turnover-Aware Max Sharpe γ=0.10,EEM,0.0
2023-03-01,Turnover-Aware Max Sharpe γ=0.10,EFA,0.0
2023-03-01,Turnover-Aware Max Sharpe γ=0.10,GLD,0.29999999999999993
2023-03-01,Turnover-Aware Max Sharpe γ=0.10,IEF,1.6487304344311454e-16
2023-03-01,Turnover-Aware Max Sharpe γ=0.10,IWM,0.10000000000000034
2023-03-01,Turnover-Aware Max Sharpe γ=0.10,LQD,0.0
2023-03-01,Turnover-Aware Max Sharpe γ=0.10,QQQ,0.29999999999999977
2023-03-01,Turnover-Aware Max Sharpe γ=0.10,SPY,0.2999999999999997
2023-03-01,Turnover-Aware Max Sharpe γ=0.10,TLT,1.16985635162065e-16
2023-03-01,Turnover-Aware Max Sharpe γ=0.10,VNQ,0.0
2023-03-01,Turnover-Aware Max Sharpe γ=0.25,EEM,0.0
2023-03-01,Turnover-Aware Max Sharpe γ=0.25,EFA,6.138585147013544e-16
2023-03-01,Turnover-Aware Max Sharpe γ=0.25,GLD,0.2999999999999998
2023-03-01,Turnover-Aware Max Sharpe γ=0.25,IEF,9.066005553524387e-18
2023-03-01,Turnover-Aware Max Sharpe γ=0.25,IWM,0.10000000000000116
2023-03-01,Turnover-Aware Max Sharpe γ=0.25,LQD,0.0
2023-03-01,Turnover-Aware Max Sharpe γ=0.25,QQQ,0.2999999999999999
2023-03-01,Turnover-Aware Max Sharpe γ=0.25,SPY,0.2999999999999987
2023-03-01,Turnover-Aware Max Sharpe γ=0.25,TLT,1.3368671334388908e-17
2023-03-01,Turnover-Aware Max Sharpe γ=0.25,VNQ,0.0
2023-05-01,Combined Robust Max Sharpe λ=0.50 γ=0.10,EEM,1.1863093551895949e-17
2023-05-01,Combined Robust Max Sharpe λ=0.50 γ=0.10,EFA,0.1393665876317258
2023-05-01,Combined Robust Max Sharpe λ=0.50 γ=0.10,GLD,0.2999999999999998
2023-05-01,Combined Robust Max Sharpe λ=0.50 γ=0.10,IEF,0.0
2023-05-01,Combined Robust Max Sharpe λ=0.50 γ=0.10,IWM,2.252450446749725e-16
2023-05-01,Combined Robust Max Sharpe λ=0.50 γ=0.10,LQD,5.558548902866347e-17
2023-05-01,Combined Robust Max Sharpe λ=0.50 γ=0.10,QQQ,0.2606334123682741
2023-05-01,Combined Robust Max Sharpe λ=0.50 γ=0.10,SPY,0.29999999999999993
2023-05-01,Combined Robust Max Sharpe λ=0.50 γ=0.10,TLT,4.963717318292595e-17
2023-05-01,Combined Robust Max Sharpe λ=0.50 γ=0.10,VNQ,0.0
2023-05-01,Equal Weight,EEM,0.1
2023-05-01,Equal Weight,EFA,0.1
2023-05-01,Equal Weight,GLD,0.1
2023-05-01,Equal Weight,IEF,0.1
2023-05-01,Equal Weight,IWM,0.1
2023-05-01,Equal Weight,LQD,0.1
2023-05-01,Equal Weight,QQQ,0.1
2023-05-01,Equal Weight,SPY,0.1
2023-05-01,Equal Weight,TLT,0.1
2023-05-01,Equal Weight,VNQ,0.1
2023-05-01,Maximum Sharpe,EEM,2.4450641918723257e-16
2023-05-01,Maximum Sharpe,EFA,0.2999999999999999
2023-05-01,Maximum Sharpe,GLD,0.22624595038450826
2023-05-01,Maximum Sharpe,IEF,5.736354293524858e-17
2023-05-01,Maximum Sharpe,IWM,0.0
2023-05-01,Maximum Sharpe,LQD,0.0
2023-05-01,Maximum Sharpe,QQQ,0.17375404961549135
2023-05-01,Maximum Sharpe,SPY,0.3
2023-05-01,Maximum Sharpe,TLT,0.0
2023-05-01,Maximum Sharpe,VNQ,2.6731654439574926e-16
2023-05-01,Minimum Variance,EEM,0.020692233905304714
2023-05-01,Minimum Variance,EFA,0.1099976741694417
2023-05-01,Minimum Variance,GLD,0.1964401151208871
2023-05-01,Minimum Variance,IEF,0.3
2023-05-01,Minimum Variance,IWM,3.420757675281111e-17
2023-05-01,Minimum Variance,LQD,0.3
2023-05-01,Minimum Variance,QQQ,3.625703666181919e-18
2023-05-01,Minimum Variance,SPY,0.054292770781224055
2023-05-01,Minimum Variance,TLT,0.018577206023142362
2023-05-01,Minimum Variance,VNQ,0.0
2023-05-01,SPY,EEM,0.0
2023-05-01,SPY,EFA,0.0
2023-05-01,SPY,GLD,0.0
2023-05-01,SPY,IEF,0.0
2023-05-01,SPY,IWM,0.0
2023-05-01,SPY,LQD,0.0
2023-05-01,SPY,QQQ,0.0
2023-05-01,SPY,SPY,1.0
2023-05-01,SPY,TLT,0.0
2023-05-01,SPY,VNQ,0.0
2023-05-01,Shrunk Max Sharpe λ=0.25,EEM,1.75485274851614e-16
2023-05-01,Shrunk Max Sharpe λ=0.25,EFA,0.29604865774832634
2023-05-01,Shrunk Max Sharpe λ=0.25,GLD,0.2845573260468575
2023-05-01,Shrunk Max Sharpe λ=0.25,IEF,7.231569540996838e-17
2023-05-01,Shrunk Max Sharpe λ=0.25,IWM,0.0
2023-05-01,Shrunk Max Sharpe λ=0.25,LQD,5.4385771146236e-17
2023-05-01,Shrunk Max Sharpe λ=0.25,QQQ,0.11939401620481603
2023-05-01,Shrunk Max Sharpe λ=0.25,SPY,0.2999999999999999
2023-05-01,Shrunk Max Sharpe λ=0.25,TLT,0.0
2023-05-01,Shrunk Max Sharpe λ=0.25,VNQ,0.0
2023-05-01,Shrunk Max Sharpe λ=0.50,EEM,0.0
2023-05-01,Shrunk Max Sharpe λ=0.50,EFA,0.29999999999999993
2023-05-01,Shrunk Max Sharpe λ=0.50,GLD,0.29999999999999993
2023-05-01,Shrunk Max Sharpe λ=0.50,IEF,9.01158592234101e-17
2023-05-01,Shrunk Max Sharpe λ=0.50,IWM,0.0
2023-05-01,Shrunk Max Sharpe λ=0.50,LQD,0.0
2023-05-01,Shrunk Max Sharpe λ=0.50,QQQ,0.1000000000000002
2023-05-01,Shrunk Max Sharpe λ=0.50,SPY,0.29999999999999993
2023-05-01,Shrunk Max Sharpe λ=0.50,TLT,2.4176422273486883e-18
2023-05-01,Shrunk Max Sharpe λ=0.50,VNQ,0.0
2023-05-01,Shrunk Max Sharpe λ=0.75,EEM,0.0
2023-05-01,Shrunk Max Sharpe λ=0.75,EFA,0.14565723465124414
2023-05-01,Shrunk Max Sharpe λ=0.75,GLD,0.2999999999999999
2023-05-01,Shrunk Max Sharpe λ=0.75,IEF,0.2543427653487562
2023-05-01,Shrunk Max Sharpe λ=0.75,IWM,0.0
2023-05-01,Shrunk Max Sharpe λ=0.75,LQD,0.0
2023-05-01,Shrunk Max Sharpe λ=0.75,QQQ,0.0
2023-05-01,Shrunk Max Sharpe λ=0.75,SPY,0.2999999999999999
2023-05-01,Shrunk Max Sharpe λ=0.75,TLT,0.0
2023-05-01,Shrunk Max Sharpe λ=0.75,VNQ,0.0
2023-05-01,Turnover-Aware Max Sharpe γ=0.05,EEM,0.0
2023-05-01,Turnover-Aware Max Sharpe γ=0.05,EFA,0.20447706747713387
2023-05-01,Turnover-Aware Max Sharpe γ=0.05,GLD,0.2634682457167227
2023-05-01,Turnover-Aware Max Sharpe γ=0.05,IEF,0.0
2023-05-01,Turnover-Aware Max Sharpe γ=0.05,IWM,2.815076289490239e-17
2023-05-01,Turnover-Aware Max Sharpe γ=0.05,LQD,1.7150809357510305e-16
2023-05-01,Turnover-Aware Max Sharpe γ=0.05,QQQ,0.23205468680614322
2023-05-01,Turnover-Aware Max Sharpe γ=0.05,SPY,0.29999999999999993
2023-05-01,Turnover-Aware Max Sharpe γ=0.05,TLT,0.0
2023-05-01,Turnover-Aware Max Sharpe γ=0.05,VNQ,5.699004381011036e-17
2023-05-01,Turnover-Aware Max Sharpe γ=0.10,EEM,0.0
2023-05-01,Turnover-Aware Max Sharpe γ=0.10,EFA,0.10202380197055762
2023-05-01,Turnover-Aware Max Sharpe γ=0.10,GLD,0.29797619802944264
2023-05-01,Turnover-Aware Max Sharpe γ=0.10,IEF,0.0
2023-05-01,Turnover-Aware Max Sharpe γ=0.10,IWM,1.748747826124509e-16
2023-05-01,Turnover-Aware Max Sharpe γ=0.10,LQD,1.7371663616232873e-17
2023-05-01,Turnover-Aware Max Sharpe γ=0.10,QQQ,0.29999999999999966
2023-05-01,Turnover-Aware Max Sharpe γ=0.10,SPY,0.29999999999999993
2023-05-01,Turnover-Aware Max Sharpe γ=0.10,TLT,3.370892415136076e-17
2023-05-01,Turnover-Aware Max Sharpe γ=0.10,VNQ,0.0
2023-05-01,Turnover-Aware Max Sharpe γ=0.25,EEM,0.0
2023-05-01,Turnover-Aware Max Sharpe γ=0.25,EFA,5.776629175002768e-16
2023-05-01,Turnover-Aware Max Sharpe γ=0.25,GLD,0.29999999999999966
2023-05-01,Turnover-Aware Max Sharpe γ=0.25,IEF,4.442809388872579e-17
2023-05-01,Turnover-Aware Max Sharpe γ=0.25,IWM,0.10000000000000127
2023-05-01,Turnover-Aware Max Sharpe γ=0.25,LQD,6.190664034126406e-17
2023-05-01,Turnover-Aware Max Sharpe γ=0.25,QQQ,0.29999999999999966
2023-05-01,Turnover-Aware Max Sharpe γ=0.25,SPY,0.29999999999999816
2023-05-01,Turnover-Aware Max Sharpe γ=0.25,TLT,0.0
2023-05-01,Turnover-Aware Max Sharpe γ=0.25,VNQ,4.593506492574858e-16
2023-06-01,Combined Robust Max Sharpe λ=0.50 γ=0.10,EEM,0.0
2023-06-01,Combined Robust Max Sharpe λ=0.50 γ=0.10,EFA,0.13936658763172582
2023-06-01,Combined Robust Max Sharpe λ=0.50 γ=0.10,GLD,0.30000000000000004
2023-06-01,Combined Robust Max Sharpe λ=0.50 γ=0.10,IEF,8.124138970684846e-17
2023-06-01,Combined Robust Max Sharpe λ=0.50 γ=0.10,IWM,2.9520691107111537e-16
2023-06-01,Combined Robust Max Sharpe λ=0.50 γ=0.10,LQD,5.346425800269998e-18
2023-06-01,Combined Robust Max Sharpe λ=0.50 γ=0.10,QQQ,0.2606334123682738
2023-06-01,Combined Robust Max Sharpe λ=0.50 γ=0.10,SPY,0.30000000000000004
2023-06-01,Combined Robust Max Sharpe λ=0.50 γ=0.10,TLT,3.4897127700283504e-17
2023-06-01,Combined Robust Max Sharpe λ=0.50 γ=0.10,VNQ,0.0
2023-06-01,Equal Weight,EEM,0.1
2023-06-01,Equal Weight,EFA,0.1
2023-06-01,Equal Weight,GLD,0.1
2023-06-01,Equal Weight,IEF,0.1
2023-06-01,Equal Weight,IWM,0.1
2023-06-01,Equal Weight,LQD,0.1
2023-06-01,Equal Weight,QQQ,0.1
2023-06-01,Equal Weight,SPY,0.1
2023-06-01,Equal Weight,TLT,0.1
2023-06-01,Equal Weight,VNQ,0.1
2023-06-01,Maximum Sharpe,EEM,1.5363781397925702e-16
2023-06-01,Maximum Sharpe,EFA,0.11727991366228138
2023-06-01,Maximum Sharpe,GLD,0.2827200863377184
2023-06-01,Maximum Sharpe,IEF,0.0
2023-06-01,Maximum Sharpe,IWM,9.255814013146731e-17
2023-06-01,Maximum Sharpe,LQD,0.0
2023-06-01,Maximum Sharpe,QQQ,0.2999999999999999
2023-06-01,Maximum Sharpe,SPY,0.29999999999999993
2023-06-01,Maximum Sharpe,TLT,1.3295927580754256e-16
2023-06-01,Maximum Sharpe,VNQ,0.0
2023-06-01,Minimum Variance,EEM,0.022560681004457836
2023-06-01,Minimum Variance,EFA,0.11159447747181127
2023-06-01,Minimum Variance,GLD,0.1952706795129127
2023-06-01,Minimum Variance,IEF,0.29999999999999993
2023-06-01,Minimum Variance,IWM,0.0
2023-06-01,Minimum Variance,LQD,0.29999999999999993
2023-06-01,Minimum Variance,QQQ,0.0
2023-06-01,Minimum Variance,SPY,0.05839443891684131
2023-06-01,Minimum Variance,TLT,0.012179723093976972
2023-06-01,Minimum Variance,VNQ,0.0
2023-06-01,SPY,EEM,0.0
2023-06-01,SPY,EFA,0.0
2023-06-01,SPY,GLD,0.0
2023-06-01,SPY,IEF,0.0
2023-06-01,SPY,IWM,0.0
2023-06-01,SPY,LQD,0.0
2023-06-01,SPY,QQQ,0.0
2023-06-01,SPY,SPY,1.0
2023-06-01,SPY,TLT,0.0
2023-06-01,SPY,VNQ,0.0
2023-06-01,Shrunk Max Sharpe λ=0.25,EEM,0.0
2023-06-01,Shrunk Max Sharpe λ=0.25,EFA,0.09999999999999999
2023-06-01,Shrunk Max Sharpe λ=0.25,GLD,0.29999999999999993
2023-06-01,Shrunk Max Sharpe λ=0.25,IEF,5.661893411505108e-17
2023-06-01,Shrunk Max Sharpe λ=0.25,IWM,1.1153763293170876e-16
2023-06-01,Shrunk Max Sharpe λ=0.25,LQD,0.0
2023-06-01,Shrunk Max Sharpe λ=0.25,QQQ,0.29999999999999993
2023-06-01,Shrunk Max Sharpe λ=0.25,SPY,0.29999999999999993
2023-06-01,Shrunk Max Sharpe λ=0.25,TLT,3.3633739036822697e-17
2023-06-01,Shrunk Max Sharpe λ=0.25,VNQ,0.0
2023-06-01,Shrunk Max Sharpe λ=0.50,EEM,1.0082705252944245e-16
2023-06-01,Shrunk Max Sharpe λ=0.50,EFA,0.10000000000000005
2023-06-01,Shrunk Max Sharpe λ=0.50,GLD,0.3
2023-06-01,Shrunk Max Sharpe λ=0.50,IEF,8.196610401018631e-17
2023-06-01,Shrunk Max Sharpe λ=0.50,IWM,7.667320549352715e-17
2023-06-01,Shrunk Max Sharpe λ=0.50,LQD,0.0
2023-06-01,Shrunk Max Sharpe λ=0.50,QQQ,0.2999999999999997
2023-06-01,Shrunk Max Sharpe λ=0.50,SPY,0.3
2023-06-01,Shrunk Max Sharpe λ=0.50,TLT,7.201894688031074e-17
2023-06-01,Shrunk Max Sharpe λ=0.50,VNQ,0.0
2023-06-01,Shrunk Max Sharpe λ=0.75,EEM,0.0
2023-06-01,Shrunk Max Sharpe λ=0.75,EFA,0.20178815671441797
2023-06-01,Shrunk Max Sharpe λ=0.75,GLD,0.29999999999999993
2023-06-01,Shrunk Max Sharpe λ=0.75,IEF,0.10966473943687849
2023-06-01,Shrunk Max Sharpe λ=0.75,IWM,0.0
2023-06-01,Shrunk Max Sharpe λ=0.75,LQD,0.0
2023-06-01,Shrunk Max Sharpe λ=0.75,QQQ,0.08854710384870361
2023-06-01,Shrunk Max Sharpe λ=0.75,SPY,0.29999999999999993
2023-06-01,Shrunk Max Sharpe λ=0.75,TLT,6.48352110702829e-17
2023-06-01,Shrunk Max Sharpe λ=0.75,VNQ,0.0
2023-06-01,Turnover-Aware Max Sharpe γ=0.05,EEM,0.0
2023-06-01,Turnover-Aware Max Sharpe γ=0.05,EFA,0.1365317542832768
2023-06-01,Turnover-Aware Max Sharpe γ=0.05,GLD,0.2634682457167231
2023-06-01,Turnover-Aware Max Sharpe γ=0.05,IEF,1.0804897851466088e-16
2023-06-01,Turnover-Aware Max Sharpe γ=0.05,IWM,4.433439532748946e-17
2023-06-01,Turnover-Aware Max Sharpe γ=0.05,LQD,6.828739229463514e-17
2023-06-01,Turnover-Aware Max Sharpe γ=0.05,QQQ,0.3
2023-06-01,Turnover-Aware Max Sharpe γ=0.05,SPY,0.3
2023-06-01,Turnover-Aware Max Sharpe γ=0.05,TLT,0.0
2023-06-01,Turnover-Aware Max Sharpe γ=0.05,VNQ,9.019536509985092e-17
2023-06-01,Turnover-Aware Max Sharpe γ=0.10,EEM,0.0
2023-06-01,Turnover-Aware Max Sharpe γ=0.10,EFA,0.10202380197055773
2023-06-01,Turnover-Aware Max Sharpe γ=0.10,GLD,0.2979761980294419
2023-06-01,Turnover-Aware Max Sharpe γ=0.10,IEF,0.0
2023-06-01,Turnover-Aware Max Sharpe γ=0.10,IWM,1.4571677198205182e-16
2023-06-01,Turnover-Aware Max Sharpe γ=0.10,LQD,7.543909395491494e-17
2023-06-01,Turnover-Aware Max Sharpe γ=0.10,QQQ,0.30000000000000004
2023-06-01,Turnover-Aware Max Sharpe γ=0.10,SPY,0.30000000000000004
2023-06-01,Turnover-Aware Max Sharpe γ=0.10,TLT,1.7519697831938918e-16
2023-06-01,Turnover-Aware Max Sharpe γ=0.10,VNQ,0.0
2023-06-01,Turnover-Aware Max Sharpe γ=0.25,EEM,0.0
2023-06-01,Turnover-Aware Max Sharpe γ=0.25,EFA,0.0
2023-06-01,Turnover-Aware Max Sharpe γ=0.25,GLD,0.29999999999999905
2023-06-01,Turnover-Aware Max Sharpe γ=0.25,IEF,0.0
2023-06-01,Turnover-Aware Max Sharpe γ=0.25,IWM,0.10000000000000112
2023-06-01,Turnover-Aware Max Sharpe γ=0.25,LQD,0.0
2023-06-01,Turnover-Aware Max Sharpe γ=0.25,QQQ,0.29999999999999954
2023-06-01,Turnover-Aware Max Sharpe γ=0.25,SPY,0.29999999999999954
2023-06-01,Turnover-Aware Max Sharpe γ=0.25,TLT,8.042429199149337e-17
2023-06-01,Turnover-Aware Max Sharpe γ=0.25,VNQ,7.190864149555193e-16
2023-08-01,Combined Robust Max Sharpe λ=0.50 γ=0.10,EEM,6.081805638578134e-17
2023-08-01,Combined Robust Max Sharpe λ=0.50 γ=0.10,EFA,0.13936658763172588
2023-08-01,Combined Robust Max Sharpe λ=0.50 γ=0.10,GLD,0.22336949383232405
2023-08-01,Combined Robust Max Sharpe λ=0.50 γ=0.10,IEF,1.2804473092031574e-16
2023-08-01,Combined Robust Max Sharpe λ=0.50 γ=0.10,IWM,0.04247677835206221
2023-08-01,Combined Robust Max Sharpe λ=0.50 γ=0.10,LQD,1.1033393891601599e-16
2023-08-01,Combined Robust Max Sharpe λ=0.50 γ=0.10,QQQ,0.2947871401838877
2023-08-01,Combined Robust Max Sharpe λ=0.50 γ=0.10,SPY,0.2999999999999999
2023-08-01,Combined Robust Max Sharpe λ=0.50 γ=0.10,TLT,0.0
2023-08-01,Combined Robust Max Sharpe λ=0.50 γ=0.10,VNQ,0.0
2023-08-01,Equal Weight,EEM,0.1
2023-08-01,Equal Weight,EFA,0.1
2023-08-01,Equal Weight,GLD,0.1
2023-08-01,Equal Weight,IEF,0.1
2023-08-01,Equal Weight,IWM,0.1
2023-08-01,Equal Weight,LQD,0.1
2023-08-01,Equal Weight,QQQ,0.1
2023-08-01,Equal Weight,SPY,0.1
2023-08-01,Equal Weight,TLT,0.1
2023-08-01,Equal Weight,VNQ,0.1
2023-08-01,Maximum Sharpe,EEM,0.0
2023-08-01,Maximum Sharpe,EFA,0.19279474051163406
2023-08-01,Maximum Sharpe,GLD,0.0
2023-08-01,Maximum Sharpe,IEF,2.5551625298280508e-17
2023-08-01,Maximum Sharpe,IWM,0.2072052594883664
2023-08-01,Maximum Sharpe,LQD,1.700618653941165e-16
2023-08-01,Maximum Sharpe,QQQ,0.2999999999999997
2023-08-01,Maximum Sharpe,SPY,0.2999999999999996
2023-08-01,Maximum Sharpe,TLT,0.0
2023-08-01,Maximum Sharpe,VNQ,0.0
2023-08-01,Minimum Variance,EEM,0.024843728503088615
2023-08-01,Minimum Variance,EFA,0.10121471176937623
2023-08-01,Minimum Variance,GLD,0.19719248521905697
2023-08-01,Minimum Variance,IEF,0.3
2023-08-01,Minimum Variance,IWM,6.064505510583731e-17
2023-08-01,Minimum Variance,LQD,0.3
2023-08-01,Minimum Variance,QQQ,7.457985801970816e-18
2023-08-01,Minimum Variance,SPY,0.07674907450847819
2023-08-01,Minimum Variance,TLT,0.0
2023-08-01,Minimum Variance,VNQ,0.0
2023-08-01,SPY,EEM,0.0
2023-08-01,SPY,EFA,0.0
2023-08-01,SPY,GLD,0.0
2023-08-01,SPY,IEF,0.0
2023-08-01,SPY,IWM,0.0
2023-08-01,SPY,LQD,0.0
2023-08-01,SPY,QQQ,0.0
2023-08-01,SPY,SPY,1.0
2023-08-01,SPY,TLT,0.0
2023-08-01,SPY,VNQ,0.0
2023-08-01,Shrunk Max Sharpe λ=0.25,EEM,1.0441835432264618e-17
2023-08-01,Shrunk Max Sharpe λ=0.25,EFA,0.22635590405682307
2023-08-01,Shrunk Max Sharpe λ=0.25,GLD,1.3222962738403934e-16
2023-08-01,Shrunk Max Sharpe λ=0.25,IEF,1.4171642286345217e-16
2023-08-01,Shrunk Max Sharpe λ=0.25,IWM,0.17364409594317687
2023-08-01,Shrunk Max Sharpe λ=0.25,LQD,1.5694503155052527e-17
2023-08-01,Shrunk Max Sharpe λ=0.25,QQQ,0.29999999999999977
2023-08-01,Shrunk Max Sharpe λ=0.25,SPY,0.29999999999999993
2023-08-01,Shrunk Max Sharpe λ=0.25,TLT,0.0
2023-08-01,Shrunk Max Sharpe λ=0.25,VNQ,1.084213771095006e-16
2023-08-01,Shrunk Max Sharpe λ=0.50,EEM,6.333415061569029e-17
2023-08-01,Shrunk Max Sharpe λ=0.50,EFA,0.282457668863062
2023-08-01,Shrunk Max Sharpe λ=0.50,GLD,4.089078226134367e-18
2023-08-01,Shrunk Max Sharpe λ=0.50,IEF,1.6643808338016408e-16
2023-08-01,Shrunk Max Sharpe λ=0.50,IWM,0.11754233113693782
2023-08-01,Shrunk Max Sharpe λ=0.50,LQD,0.0
2023-08-01,Shrunk Max Sharpe λ=0.50,QQQ,0.3
2023-08-01,Shrunk Max Sharpe λ=0.50,SPY,0.3
2023-08-01,Shrunk Max Sharpe λ=0.50,TLT,0.0
2023-08-01,Shrunk Max Sharpe λ=0.50,VNQ,0.0
2023-08-01,Shrunk Max Sharpe λ=0.75,EEM,0.0
2023-08-01,Shrunk Max Sharpe λ=0.75,EFA,0.2659193658765695
2023-08-01,Shrunk Max Sharpe λ=0.75,GLD,0.21723827200788978
2023-08-01,Shrunk Max Sharpe λ=0.75,IEF,3.651551193197647e-17
2023-08-01,Shrunk Max Sharpe λ=0.75,IWM,0.03192763818209106
2023-08-01,Shrunk Max Sharpe λ=0.75,LQD,5.842397440071998e-17
2023-08-01,Shrunk Max Sharpe λ=0.75,QQQ,0.1849147239334497
2023-08-01,Shrunk Max Sharpe λ=0.75,SPY,0.2999999999999998
2023-08-01,Shrunk Max Sharpe λ=0.75,TLT,1.1395289496932725e-17
2023-08-01,Shrunk Max Sharpe λ=0.75,VNQ,0.0
2023-08-01,Turnover-Aware Max Sharpe γ=0.05,EEM,0.0
2023-08-01,Turnover-Aware Max Sharpe γ=0.05,EFA,0.19279488531946876
2023-08-01,Turnover-Aware Max Sharpe γ=0.05,GLD,1.4993247558742113e-16
2023-08-01,Turnover-Aware Max Sharpe γ=0.05,IEF,1.6164378187054124e-16
2023-08-01,Turnover-Aware Max Sharpe γ=0.05,IWM,0.20720511468053107
2023-08-01,Turnover-Aware Max Sharpe γ=0.05,LQD,0.0
2023-08-01,Turnover-Aware Max Sharpe γ=0.05,QQQ,0.2999999999999998
2023-08-01,Turnover-Aware Max Sharpe γ=0.05,SPY,0.29999999999999993
2023-08-01,Turnover-Aware Max Sharpe γ=0.05,TLT,3.0587518570997857e-17
2023-08-01,Turnover-Aware Max Sharpe γ=0.05,VNQ,0.0
2023-08-01,Turnover-Aware Max Sharpe γ=0.10,EEM,1.2622554460899133e-16
2023-08-01,Turnover-Aware Max Sharpe γ=0.10,EFA,0.14391169873461715
2023-08-01,Turnover-Aware Max Sharpe γ=0.10,GLD,0.055109576582486684
2023-08-01,Turnover-Aware Max Sharpe γ=0.10,IEF,1.0294179459940306e-16
2023-08-01,Turnover-Aware Max Sharpe γ=0.10,IWM,0.20097872468289574
2023-08-01,Turnover-Aware Max Sharpe γ=0.10,LQD,0.0
2023-08-01,Turnover-Aware Max Sharpe γ=0.10,QQQ,0.30000000000000004
2023-08-01,Turnover-Aware Max Sharpe γ=0.10,SPY,0.30000000000000004
2023-08-01,Turnover-Aware Max Sharpe γ=0.10,TLT,0.0
2023-08-01,Turnover-Aware Max Sharpe γ=0.10,VNQ,1.5701236185343408e-16
2023-08-01,Turnover-Aware Max Sharpe γ=0.25,EEM,0.0
2023-08-01,Turnover-Aware Max Sharpe γ=0.25,EFA,8.411519195718159e-16
2023-08-01,Turnover-Aware Max Sharpe γ=0.25,GLD,0.237280926650402
2023-08-01,Turnover-Aware Max Sharpe γ=0.25,IEF,0.0
2023-08-01,Turnover-Aware Max Sharpe γ=0.25,IWM,0.1627190733495962
2023-08-01,Turnover-Aware Max Sharpe γ=0.25,LQD,1.1133260217497508e-16
2023-08-01,Turnover-Aware Max Sharpe γ=0.25,QQQ,0.2999999999999999
2023-08-01,Turnover-Aware Max Sharpe γ=0.25,SPY,0.3
2023-08-01,Turnover-Aware Max Sharpe γ=0.25,TLT,1.6106858141199302e-17
2023-08-01,Turnover-Aware Max Sharpe γ=0.25,VNQ,9.530666938806323e-16
2023-09-01,Combined Robust Max Sharpe λ=0.50 γ=0.10,EEM,0.0
2023-09-01,Combined Robust Max Sharpe λ=0.50 γ=0.10,EFA,0.13936658763172574
2023-09-01,Combined Robust Max Sharpe λ=0.50 γ=0.10,GLD,0.1794339968364364
2023-09-01,Combined Robust Max Sharpe λ=0.50 γ=0.10,IEF,0.0
2023-09-01,Combined Robust Max Sharpe λ=0.50 γ=0.10,IWM,0.08119941553183806
2023-09-01,Combined Robust Max Sharpe λ=0.50 γ=0.10,LQD,0.0
2023-09-01,Combined Robust Max Sharpe λ=0.50 γ=0.10,QQQ,0.29999999999999993
2023-09-01,Combined Robust Max Sharpe λ=0.50 γ=0.10,SPY,0.29999999999999993
2023-09-01,Combined Robust Max Sharpe λ=0.50 γ=0.10,TLT,0.0
2023-09-01,Combined Robust Max Sharpe λ=0.50 γ=0.10,VNQ,0.0
2023-09-01,Equal Weight,EEM,0.1
2023-09-01,Equal Weight,EFA,0.1
2023-09-01,Equal Weight,GLD,0.1
2023-09-01,Equal Weight,IEF,0.1
2023-09-01,Equal Weight,IWM,0.1
2023-09-01,Equal Weight,LQD,0.1
2023-09-01,Equal Weight,QQQ,0.1
2023-09-01,Equal Weight,SPY,0.1
2023-09-01,Equal Weight,TLT,0.1
2023-09-01,Equal Weight,VNQ,0.1
2023-09-01,Maximum Sharpe,EEM,5.2069603861078923e-17
2023-09-01,Maximum Sharpe,EFA,0.19538551645659286
2023-09-01,Maximum Sharpe,GLD,0.0
2023-09-01,Maximum Sharpe,IEF,0.0
2023-09-01,Maximum Sharpe,IWM,0.2046144835434072
2023-09-01,Maximum Sharpe,LQD,0.0
2023-09-01,Maximum Sharpe,QQQ,0.29999999999999993
2023-09-01,Maximum Sharpe,SPY,0.29999999999999993
2023-09-01,Maximum Sharpe,TLT,1.4836796740912784e-16
2023-09-01,Maximum Sharpe,VNQ,0.0
2023-09-01,Minimum Variance,EEM,0.02635752088797763
2023-09-01,Minimum Variance,EFA,0.07940020992598984
2023-09-01,Minimum Variance,GLD,0.2131024484026885
2023-09-01,Minimum Variance,IEF,0.3
2023-09-01,Minimum Variance,IWM,0.0
2023-09-01,Minimum Variance,LQD,0.3
2023-09-01,Minimum Variance,QQQ,1.0821277328678383e-18
2023-09-01,Minimum Variance,SPY,0.08113982078334407
2023-09-01,Minimum Variance,TLT,3.481832644645449e-18
2023-09-01,Minimum Variance,VNQ,1.4947416789588462e-17
2023-09-01,SPY,EEM,0.0
2023-09-01,SPY,EFA,0.0
2023-09-01,SPY,GLD,0.0
2023-09-01,SPY,IEF,0.0
2023-09-01,SPY,IWM,0.0
2023-09-01,SPY,LQD,0.0
2023-09-01,SPY,QQQ,0.0
2023-09-01,SPY,SPY,1.0
2023-09-01,SPY,TLT,0.0
2023-09-01,SPY,VNQ,0.0
2023-09-01,Shrunk Max Sharpe λ=0.25,EEM,0.0
2023-09-01,Shrunk Max Sharpe λ=0.25,EFA,0.1988324035452337
2023-09-01,Shrunk Max Sharpe λ=0.25,GLD,0.0
2023-09-01,Shrunk Max Sharpe λ=0.25,IEF,0.0
2023-09-01,Shrunk Max Sharpe λ=0.25,IWM,0.20116759645476678
2023-09-01,Shrunk Max Sharpe λ=0.25,LQD,1.2575512856072317e-17
2023-09-01,Shrunk Max Sharpe λ=0.25,QQQ,0.29999999999999966
2023-09-01,Shrunk Max Sharpe λ=0.25,SPY,0.2999999999999998
2023-09-01,Shrunk Max Sharpe λ=0.25,TLT,0.0
2023-09-01,Shrunk Max Sharpe λ=0.25,VNQ,9.36157257157678e-17
2023-09-01,Shrunk Max Sharpe λ=0.50,EEM,1.6105020441753024e-17
2023-09-01,Shrunk Max Sharpe λ=0.50,EFA,0.20559859951871998
2023-09-01,Shrunk Max Sharpe λ=0.50,GLD,0.0
2023-09-01,Shrunk Max Sharpe λ=0.50,IEF,0.0
2023-09-01,Shrunk Max Sharpe λ=0.50,IWM,0.1944014004812801
2023-09-01,Shrunk Max Sharpe λ=0.50,LQD,0.0
2023-09-01,Shrunk Max Sharpe λ=0.50,QQQ,0.3
2023-09-01,Shrunk Max Sharpe λ=0.50,SPY,0.3
2023-09-01,Shrunk Max Sharpe λ=0.50,TLT,8.820259413150394e-17
2023-09-01,Shrunk Max Sharpe λ=0.50,VNQ,0.0
2023-09-01,Shrunk Max Sharpe λ=0.75,EEM,1.1910726075266158e-16
2023-09-01,Shrunk Max Sharpe λ=0.75,EFA,0.22493929399162002
2023-09-01,Shrunk Max Sharpe λ=0.75,GLD,0.0
2023-09-01,Shrunk Max Sharpe λ=0.75,IEF,0.0
2023-09-01,Shrunk Max Sharpe λ=0.75,IWM,0.1750607060083804
2023-09-01,Shrunk Max Sharpe λ=0.75,LQD,9.460955092115674e-18
2023-09-01,Shrunk Max Sharpe λ=0.75,QQQ,0.2999999999999995
2023-09-01,Shrunk Max Sharpe λ=0.75,SPY,0.29999999999999977
2023-09-01,Shrunk Max Sharpe λ=0.75,TLT,0.0
2023-09-01,Shrunk Max Sharpe λ=0.75,VNQ,0.0
2023-09-01,Turnover-Aware Max Sharpe γ=0.05,EEM,9.682852085380805e-17
2023-09-01,Turnover-Aware Max Sharpe γ=0.05,EFA,0.19279488531946876
2023-09-01,Turnover-Aware Max Sharpe γ=0.05,GLD,5.103263808029326e-17
2023-09-01,Turnover-Aware Max Sharpe γ=0.05,IEF,0.0
2023-09-01,Turnover-Aware Max Sharpe γ=0.05,IWM,0.2072051146805315
2023-09-01,Turnover-Aware Max Sharpe γ=0.05,LQD,9.607935152522526e-17
2023-09-01,Turnover-Aware Max Sharpe γ=0.05,QQQ,0.2999999999999998
2023-09-01,Turnover-Aware Max Sharpe γ=0.05,SPY,0.29999999999999966
2023-09-01,Turnover-Aware Max Sharpe γ=0.05,TLT,2.99488852362581e-17
2023-09-01,Turnover-Aware Max Sharpe γ=0.05,VNQ,5.958033557735412e-17
2023-09-01,Turnover-Aware Max Sharpe γ=0.10,EEM,5.161448627623243e-18
2023-09-01,Turnover-Aware Max Sharpe γ=0.10,EFA,0.16156119352274315
2023-09-01,Turnover-Aware Max Sharpe γ=0.10,GLD,0.03602812643278947
2023-09-01,Turnover-Aware Max Sharpe γ=0.10,IEF,0.0
2023-09-01,Turnover-Aware Max Sharpe γ=0.10,IWM,0.20241068004446727
2023-09-01,Turnover-Aware Max Sharpe γ=0.10,LQD,0.0
2023-09-01,Turnover-Aware Max Sharpe γ=0.10,QQQ,0.3
2023-09-01,Turnover-Aware Max Sharpe γ=0.10,SPY,0.30000000000000004
2023-09-01,Turnover-Aware Max Sharpe γ=0.10,TLT,1.5791294843146943e-16
2023-09-01,Turnover-Aware Max Sharpe γ=0.10,VNQ,9.509813279370407e-17
2023-09-01,Turnover-Aware Max Sharpe γ=0.25,EEM,1.8951048409271988e-17
2023-09-01,Turnover-Aware Max Sharpe γ=0.25,EFA,6.175615574477435e-16
2023-09-01,Turnover-Aware Max Sharpe γ=0.25,GLD,0.23728092665040199
2023-09-01,Turnover-Aware Max Sharpe γ=0.25,IEF,0.0
2023-09-01,Turnover-Aware Max Sharpe γ=0.25,IWM,0.16271907334959662
2023-09-01,Turnover-Aware Max Sharpe γ=0.25,LQD,1.161357749252253e-16
2023-09-01,Turnover-Aware Max Sharpe γ=0.25,QQQ,0.29999999999999977
2023-09-01,Turnover-Aware Max Sharpe γ=0.25,SPY,0.3000000000000001
2023-09-01,Turnover-Aware Max Sharpe γ=0.25,TLT,0.0
2023-09-01,Turnover-Aware Max Sharpe γ=0.25,VNQ,9.319050690874103e-16
2023-11-01,Combined Robust Max Sharpe λ=0.50 γ=0.10,EEM,0.0
2023-11-01,Combined Robust Max Sharpe λ=0.50 γ=0.10,EFA,0.13936658763172557
2023-11-01,Combined Robust Max Sharpe λ=0.50 γ=0.10,GLD,0.17943399683643693
2023-11-01,Combined Robust Max Sharpe λ=0.50 γ=0.10,IEF,0.0
2023-11-01,Combined Robust Max Sharpe λ=0.50 γ=0.10,IWM,0.08119941553183788
2023-11-01,Combined Robust Max Sharpe λ=0.50 γ=0.10,LQD,3.361819026550245e-18
2023-11-01,Combined Robust Max Sharpe λ=0.50 γ=0.10,QQQ,0.2999999999999999
2023-11-01,Combined Robust Max Sharpe λ=0.50 γ=0.10,SPY,0.2999999999999999
2023-11-01,Combined Robust Max Sharpe λ=0.50 γ=0.10,TLT,0.0
2023-11-01,Combined Robust Max Sharpe λ=0.50 γ=0.10,VNQ,0.0
2023-11-01,Equal Weight,EEM,0.1
2023-11-01,Equal Weight,EFA,0.1
2023-11-01,Equal Weight,GLD,0.1
2023-11-01,Equal Weight,IEF,0.1
2023-11-01,Equal Weight,IWM,0.1
2023-11-01,Equal Weight,LQD,0.1
2023-11-01,Equal Weight,QQQ,0.1
2023-11-01,Equal Weight,SPY,0.1
2023-11-01,Equal Weight,TLT,0.1
2023-11-01,Equal Weight,VNQ,0.1
2023-11-01,Maximum Sharpe,EEM,2.1666762163747868e-16
2023-11-01,Maximum Sharpe,EFA,0.24044302127232822
2023-11-01,Maximum Sharpe,GLD,0.15955697872766772
2023-11-01,Maximum Sharpe,IEF,0.0
2023-11-01,Maximum Sharpe,IWM,3.657948571770497e-15
2023-11-01,Maximum Sharpe,LQD,0.0
2023-11-01,Maximum Sharpe,QQQ,0.3
2023-11-01,Maximum Sharpe,SPY,0.29999999999999966
2023-11-01,Maximum Sharpe,TLT,4.1382167654833554e-16
2023-11-01,Maximum Sharpe,VNQ,5.711453216230125e-17
2023-11-01,Minimum Variance,EEM,0.024511071094060175
2023-11-01,Minimum Variance,EFA,0.06911725864355833
2023-11-01,Minimum Variance,GLD,0.2075586928588357
2023-11-01,Minimum Variance,IEF,0.3
2023-11-01,Minimum Variance,IWM,1.470766333234217e-17
2023-11-01,Minimum Variance,LQD,0.29999999999999993
2023-11-01,Minimum Variance,QQQ,7.061269492342917e-18
2023-11-01,Minimum Variance,SPY,0.09881297740354578
2023-11-01,Minimum Variance,TLT,6.458695364430732e-17
2023-11-01,Minimum Variance,VNQ,0.0
2023-11-01,SPY,EEM,0.0
2023-11-01,SPY,EFA,0.0
2023-11-01,SPY,GLD,0.0
2023-11-01,SPY,IEF,0.0
2023-11-01,SPY,IWM,0.0
2023-11-01,SPY,LQD,0.0
2023-11-01,SPY,QQQ,0.0
2023-11-01,SPY,SPY,1.0
2023-11-01,SPY,TLT,0.0
2023-11-01,SPY,VNQ,0.0
2023-11-01,Shrunk Max Sharpe λ=0.25,EEM,0.0
2023-11-01,Shrunk Max Sharpe λ=0.25,EFA,0.27438778486809584
2023-11-01,Shrunk Max Sharpe λ=0.25,GLD,0.12561221513190474
2023-11-01,Shrunk Max Sharpe λ=0.25,IEF,0.0
2023-11-01,Shrunk Max Sharpe λ=0.25,IWM,0.0
2023-11-01,Shrunk Max Sharpe λ=0.25,LQD,2.0137709803988246e-16
2023-11-01,Shrunk Max Sharpe λ=0.25,QQQ,0.2999999999999997
2023-11-01,Shrunk Max Sharpe λ=0.25,SPY,0.2999999999999996
2023-11-01,Shrunk Max Sharpe λ=0.25,TLT,0.0
2023-11-01,Shrunk Max Sharpe λ=0.25,VNQ,0.0
2023-11-01,Shrunk Max Sharpe λ=0.50,EEM,0.0
2023-11-01,Shrunk Max Sharpe λ=0.50,EFA,0.2999999999999997
2023-11-01,Shrunk Max Sharpe λ=0.50,GLD,0.10000000000000078
2023-11-01,Shrunk Max Sharpe λ=0.50,IEF,0.0
2023-11-01,Shrunk Max Sharpe λ=0.50,IWM,0.0
2023-11-01,Shrunk Max Sharpe λ=0.50,LQD,0.0
2023-11-01,Shrunk Max Sharpe λ=0.50,QQQ,0.2999999999999997
2023-11-01,Shrunk Max Sharpe λ=0.50,SPY,0.2999999999999997
2023-11-01,Shrunk Max Sharpe λ=0.50,TLT,9.175192928451362e-17
2023-11-01,Shrunk Max Sharpe λ=0.50,VNQ,0.0
2023-11-01,Shrunk Max Sharpe λ=0.75,EEM,3.957092666731483e-17
2023-11-01,Shrunk Max Sharpe λ=0.75,EFA,0.30000000000000004
2023-11-01,Shrunk Max Sharpe λ=0.75,GLD,0.0999999999999988
2023-11-01,Shrunk Max Sharpe λ=0.75,IEF,2.648656493622984e-17
2023-11-01,Shrunk Max Sharpe λ=0.75,IWM,1.1934897514720435e-15
2023-11-01,Shrunk Max Sharpe λ=0.75,LQD,0.0
2023-11-01,Shrunk Max Sharpe λ=0.75,QQQ,0.29999999999999954
2023-11-01,Shrunk Max Sharpe λ=0.75,SPY,0.30000000000000004
2023-11-01,Shrunk Max Sharpe λ=0.75,TLT,1.5751559314623123e-16
2023-11-01,Shrunk Max Sharpe λ=0.75,VNQ,3.799309502141347e-16
2023-11-01,Turnover-Aware Max Sharpe γ=0.05,EEM,1.8541029488749903e-16
2023-11-01,Turnover-Aware Max Sharpe γ=0.05,EFA,0.24044319540143883
2023-11-01,Turnover-Aware Max Sharpe γ=0.05,GLD,0.15955680459856125
2023-11-01,Turnover-Aware Max Sharpe γ=0.05,IEF,0.0
2023-11-01,Turnover-Aware Max Sharpe γ=0.05,IWM,1.5774994357483741e-16
2023-11-01,Turnover-Aware Max Sharpe γ=0.05,LQD,3.2011403871067223e-16
2023-11-01,Turnover-Aware Max Sharpe γ=0.05,QQQ,0.2999999999999994
2023-11-01,Turnover-Aware Max Sharpe γ=0.05,SPY,0.29999999999999993
2023-11-01,Turnover-Aware Max Sharpe γ=0.05,TLT,7.815961085467725e-17
2023-11-01,Turnover-Aware Max Sharpe γ=0.05,VNQ,0.0
2023-11-01,Turnover-Aware Max Sharpe γ=0.10,EEM,0.0
2023-11-01,Turnover-Aware Max Sharpe γ=0.10,EFA,0.24044303339198983
2023-11-01,Turnover-Aware Max Sharpe γ=0.10,GLD,0.159556966608011
2023-11-01,Turnover-Aware Max Sharpe γ=0.10,IEF,3.3863730270846424e-16
2023-11-01,Turnover-Aware Max Sharpe γ=0.10,IWM,0.0
2023-11-01,Turnover-Aware Max Sharpe γ=0.10,LQD,0.0
2023-11-01,Turnover-Aware Max Sharpe γ=0.10,QQQ,0.2999999999999994
2023-11-01,Turnover-Aware Max Sharpe γ=0.10,SPY,0.2999999999999993
2023-11-01,Turnover-Aware Max Sharpe γ=0.10,TLT,0.0
2023-11-01,Turnover-Aware Max Sharpe γ=0.10,VNQ,1.7190376703532425e-16
2023-11-01,Turnover-Aware Max Sharpe γ=0.25,EEM,1.003038610592394e-16
2023-11-01,Turnover-Aware Max Sharpe γ=0.25,EFA,5.551115123125784e-16
2023-11-01,Turnover-Aware Max Sharpe γ=0.25,GLD,0.237280926650401
2023-11-01,Turnover-Aware Max Sharpe γ=0.25,IEF,0.0
2023-11-01,Turnover-Aware Max Sharpe γ=0.25,IWM,0.16271907334959765
2023-11-01,Turnover-Aware Max Sharpe γ=0.25,LQD,0.0
2023-11-01,Turnover-Aware Max Sharpe γ=0.25,QQQ,0.2999999999999996
2023-11-01,Turnover-Aware Max Sharpe γ=0.25,SPY,0.30000000000000004
2023-11-01,Turnover-Aware Max Sharpe γ=0.25,TLT,1.1440924302143753e-16
2023-11-01,Turnover-Aware Max Sharpe γ=0.25,VNQ,1.002318641490233e-15
2023-12-01,Combined Robust Max Sharpe λ=0.50 γ=0.10,EEM,3.1054576656996332e-16
2023-12-01,Combined Robust Max Sharpe λ=0.50 γ=0.10,EFA,0.10000000000000107
2023-12-01,Combined Robust Max Sharpe λ=0.50 γ=0.10,GLD,0.29999999999999677
2023-12-01,Combined Robust Max Sharpe λ=0.50 γ=0.10,IEF,0.0
2023-12-01,Combined Robust Max Sharpe λ=0.50 γ=0.10,IWM,1.8035798126213387e-15
2023-12-01,Combined Robust Max Sharpe λ=0.50 γ=0.10,LQD,9.11159709570374e-17
2023-12-01,Combined Robust Max Sharpe λ=0.50 γ=0.10,QQQ,0.2999999999999994
2023-12-01,Combined Robust Max Sharpe λ=0.50 γ=0.10,SPY,0.2999999999999997
2023-12-01,Combined Robust Max Sharpe λ=0.50 γ=0.10,TLT,2.853201073231095e-16
2023-12-01,Combined Robust Max Sharpe λ=0.50 γ=0.10,VNQ,7.307337882111268e-16
2023-12-01,Equal Weight,EEM,0.1
2023-12-01,Equal Weight,EFA,0.1
2023-12-01,Equal Weight,GLD,0.1
2023-12-01,Equal Weight,IEF,0.1
2023-12-01,Equal Weight,IWM,0.1
2023-12-01,Equal Weight,LQD,0.1
2023-12-01,Equal Weight,QQQ,0.1
2023-12-01,Equal Weight,SPY,0.1
2023-12-01,Equal Weight,TLT,0.1
2023-12-01,Equal Weight,VNQ,0.1
2023-12-01,Maximum Sharpe,EEM,0.0
2023-12-01,Maximum Sharpe,EFA,0.09999999999999987
2023-12-01,Maximum Sharpe,GLD,0.30000000000000004
2023-12-01,Maximum Sharpe,IEF,0.0
2023-12-01,Maximum Sharpe,IWM,0.0
2023-12-01,Maximum Sharpe,LQD,0.0
2023-12-01,Maximum Sharpe,QQQ,0.30000000000000004
2023-12-01,Maximum Sharpe,SPY,0.30000000000000004
2023-12-01,Maximum Sharpe,TLT,0.0
2023-12-01,Maximum Sharpe,VNQ,0.0
2023-12-01,Minimum Variance,EEM,0.02869012992800565
2023-12-01,Minimum Variance,EFA,0.0497478380918822
2023-12-01,Minimum Variance,GLD,0.2155767812226946
2023-12-01,Minimum Variance,IEF,0.3
2023-12-01,Minimum Variance,IWM,3.358653422252413e-17
2023-12-01,Minimum Variance,LQD,0.3
2023-12-01,Minimum Variance,QQQ,0.0
2023-12-01,Minimum Variance,SPY,0.10598525075741759
2023-12-01,Minimum Variance,TLT,0.0
2023-12-01,Minimum Variance,VNQ,0.0
2023-12-01,SPY,EEM,0.0
2023-12-01,SPY,EFA,0.0
2023-12-01,SPY,GLD,0.0
2023-12-01,SPY,IEF,0.0
2023-12-01,SPY,IWM,0.0
2023-12-01,SPY,LQD,0.0
2023-12-01,SPY,QQQ,0.0
2023-12-01,SPY,SPY,1.0
2023-12-01,SPY,TLT,0.0
2023-12-01,SPY,VNQ,0.0
2023-12-01,Shrunk Max Sharpe λ=0.25,EEM,4.476898233100149e-16
2023-12-01,Shrunk Max Sharpe λ=0.25,EFA,0.10000000000000069
2023-12-01,Shrunk Max Sharpe λ=0.25,GLD,0.29999999999999694
2023-12-01,Shrunk Max Sharpe λ=0.25,IEF,0.0
2023-12-01,Shrunk Max Sharpe λ=0.25,IWM,1.0400978903560944e-15
2023-12-01,Shrunk Max Sharpe λ=0.25,LQD,0.0
2023-12-01,Shrunk Max Sharpe λ=0.25,QQQ,0.29999999999999977
2023-12-01,Shrunk Max Sharpe λ=0.25,SPY,0.29999999999999943
2023-12-01,Shrunk Max Sharpe λ=0.25,TLT,2.802890078782531e-16
2023-12-01,Shrunk Max Sharpe λ=0.25,VNQ,1.2316536679435328e-15
2023-12-01,Shrunk Max Sharpe λ=0.50,EEM,0.0
2023-12-01,Shrunk Max Sharpe λ=0.50,EFA,0.09999999999999921
2023-12-01,Shrunk Max Sharpe λ=0.50,GLD,0.30000000000000004
2023-12-01,Shrunk Max Sharpe λ=0.50,IEF,0.0
2023-12-01,Shrunk Max Sharpe λ=0.50,IWM,1.3664437065419765e-16
2023-12-01,Shrunk Max Sharpe λ=0.50,LQD,0.0
2023-12-01,Shrunk Max Sharpe λ=0.50,QQQ,0.30000000000000004
2023-12-01,Shrunk Max Sharpe λ=0.50,SPY,0.30000000000000004
2023-12-01,Shrunk Max Sharpe λ=0.50,TLT,7.41943255190326e-17
2023-12-01,Shrunk Max Sharpe λ=0.50,VNQ,5.863365348801609e-16
2023-12-01,Shrunk Max Sharpe λ=0.75,EEM,0.0
2023-12-01,Shrunk Max Sharpe λ=0.75,EFA,0.09999999999999903
2023-12-01,Shrunk Max Sharpe λ=0.75,GLD,0.3000000000000003
2023-12-01,Shrunk Max Sharpe λ=0.75,IEF,0.0
2023-12-01,Shrunk Max Sharpe λ=0.75,IWM,0.0
2023-12-01,Shrunk Max Sharpe λ=0.75,LQD,0.0
2023-12-01,Shrunk Max Sharpe λ=0.75,QQQ,0.3000000000000003
2023-12-01,Shrunk Max Sharpe λ=0.75,SPY,0.3000000000000003
2023-12-01,Shrunk Max Sharpe λ=0.75,TLT,0.0
2023-12-01,Shrunk Max Sharpe λ=0.75,VNQ,0.0
2023-12-01,Turnover-Aware Max Sharpe γ=0.05,EEM,0.0
2023-12-01,Turnover-Aware Max Sharpe γ=0.05,EFA,0.09999999999999973
2023-12-01,Turnover-Aware Max Sharpe γ=0.05,GLD,0.30000000000000004
2023-12-01,Turnover-Aware Max Sharpe γ=0.05,IEF,0.0
2023-12-01,Turnover-Aware Max Sharpe γ=0.05,IWM,0.0
2023-12-01,Turnover-Aware Max Sharpe γ=0.05,LQD,2.750662031963998e-16
2023-12-01,Turnover-Aware Max Sharpe γ=0.05,QQQ,0.30000000000000004
2023-12-01,Turnover-Aware Max Sharpe γ=0.05,SPY,0.2999999999999999
2023-12-01,Turnover-Aware Max Sharpe γ=0.05,TLT,0.0
2023-12-01,Turnover-Aware Max Sharpe γ=0.05,VNQ,0.0
2023-12-01,Turnover-Aware Max Sharpe γ=0.10,EEM,5.826509486138811e-17
2023-12-01,Turnover-Aware Max Sharpe γ=0.10,EFA,0.09999999999999962
2023-12-01,Turnover-Aware Max Sharpe γ=0.10,GLD,0.2999999999999997
2023-12-01,Turnover-Aware Max Sharpe γ=0.10,IEF,0.0
2023-12-01,Turnover-Aware Max Sharpe γ=0.10,IWM,7.577141652987297e-17
2023-12-01,Turnover-Aware Max Sharpe γ=0.10,LQD,0.0
2023-12-01,Turnover-Aware Max Sharpe γ=0.10,QQQ,0.3
2023-12-01,Turnover-Aware Max Sharpe γ=0.10,SPY,0.3
2023-12-01,Turnover-Aware Max Sharpe γ=0.10,TLT,2.2070201858938067e-16
2023-12-01,Turnover-Aware Max Sharpe γ=0.10,VNQ,3.588875819923009e-16
2023-12-01,Turnover-Aware Max Sharpe γ=0.25,EEM,0.0
2023-12-01,Turnover-Aware Max Sharpe γ=0.25,EFA,0.05254218310850679
2023-12-01,Turnover-Aware Max Sharpe γ=0.25,GLD,0.3000000000000031
2023-12-01,Turnover-Aware Max Sharpe γ=0.25,IEF,1.7976156094781475e-16
2023-12-01,Turnover-Aware Max Sharpe γ=0.25,IWM,0.04745781689148318
2023-12-01,Turnover-Aware Max Sharpe γ=0.25,LQD,1.615939806205228e-16
2023-12-01,Turnover-Aware Max Sharpe γ=0.25,QQQ,0.3000000000000031
2023-12-01,Turnover-Aware Max Sharpe γ=0.25,SPY,0.3000000000000031
2023-12-01,Turnover-Aware Max Sharpe γ=0.25,TLT,0.0
2023-12-01,Turnover-Aware Max Sharpe γ=0.25,VNQ,4.084052495518925e-16
2024-02-01,Combined Robust Max Sharpe λ=0.50 γ=0.10,EEM,6.44736347216784e-17
2024-02-01,Combined Robust Max Sharpe λ=0.50 γ=0.10,EFA,0.1000000000000012
2024-02-01,Combined Robust Max Sharpe λ=0.50 γ=0.10,GLD,0.29999999999999927
2024-02-01,Combined Robust Max Sharpe λ=0.50 γ=0.10,IEF,0.0
2024-02-01,Combined Robust Max Sharpe λ=0.50 γ=0.10,IWM,1.408014676646578e-16
2024-02-01,Combined Robust Max Sharpe λ=0.50 γ=0.10,LQD,2.1238876018916622e-16
2024-02-01,Combined Robust Max Sharpe λ=0.50 γ=0.10,QQQ,0.2999999999999994
2024-02-01,Combined Robust Max Sharpe λ=0.50 γ=0.10,SPY,0.2999999999999996
2024-02-01,Combined Robust Max Sharpe λ=0.50 γ=0.10,TLT,7.014143515906821e-17
2024-02-01,Combined Robust Max Sharpe λ=0.50 γ=0.10,VNQ,0.0
2024-02-01,Equal Weight,EEM,0.1
2024-02-01,Equal Weight,EFA,0.1
2024-02-01,Equal Weight,GLD,0.1
2024-02-01,Equal Weight,IEF,0.1
2024-02-01,Equal Weight,IWM,0.1
2024-02-01,Equal Weight,LQD,0.1
2024-02-01,Equal Weight,QQQ,0.1
2024-02-01,Equal Weight,SPY,0.1
2024-02-01,Equal Weight,TLT,0.1
2024-02-01,Equal Weight,VNQ,0.1
2024-02-01,Maximum Sharpe,EEM,7.059956966561156e-17
2024-02-01,Maximum Sharpe,EFA,0.10000000000000048
2024-02-01,Maximum Sharpe,GLD,0.29999999999999993
2024-02-01,Maximum Sharpe,IEF,0.0
2024-02-01,Maximum Sharpe,IWM,4.2843994049982644e-17
2024-02-01,Maximum Sharpe,LQD,4.152402078552982e-17
2024-02-01,Maximum Sharpe,QQQ,0.29999999999999993
2024-02-01,Maximum Sharpe,SPY,0.29999999999999966
2024-02-01,Maximum Sharpe,TLT,0.0
2024-02-01,Maximum Sharpe,VNQ,0.0
2024-02-01,Minimum Variance,EEM,0.037634751687386156
2024-02-01,Minimum Variance,EFA,0.029653564914643896
2024-02-01,Minimum Variance,GLD,0.21681668587846933
2024-02-01,Minimum Variance,IEF,0.3
2024-02-01,Minimum Variance,IWM,1.1703248022841504e-17
2024-02-01,Minimum Variance,LQD,0.29999999999999993
2024-02-01,Minimum Variance,QQQ,0.0
2024-02-01,Minimum Variance,SPY,0.11589499751950068
2024-02-01,Minimum Variance,TLT,0.0
2024-02-01,Minimum Variance,VNQ,2.0867976483643992e-17
2024-02-01,SPY,EEM,0.0
2024-02-01,SPY,EFA,0.0
2024-02-01,SPY,GLD,0.0
2024-02-01,SPY,IEF,0.0
2024-02-01,SPY,IWM,0.0
2024-02-01,SPY,LQD,0.0
2024-02-01,SPY,QQQ,0.0
2024-02-01,SPY,SPY,1.0
2024-02-01,SPY,TLT,0.0
2024-02-01,SPY,VNQ,0.0
2024-02-01,Shrunk Max Sharpe λ=0.25,EEM,0.0
2024-02-01,Shrunk Max Sharpe λ=0.25,EFA,0.0999999999999999
2024-02-01,Shrunk Max Sharpe λ=0.25,GLD,0.29999999999999993
2024-02-01,Shrunk Max Sharpe λ=0.25,IEF,6.668416865615944e-17
2024-02-01,Shrunk Max Sharpe λ=0.25,IWM,0.0
2024-02-01,Shrunk Max Sharpe λ=0.25,LQD,0.0
2024-02-01,Shrunk Max Sharpe λ=0.25,QQQ,0.29999999999999993
2024-02-01,Shrunk Max Sharpe λ=0.25,SPY,0.29999999999999993
2024-02-01,Shrunk Max Sharpe λ=0.25,TLT,0.0
2024-02-01,Shrunk Max Sharpe λ=0.25,VNQ,1.804112415015879e-16
2024-02-01,Shrunk Max Sharpe λ=0.50,EEM,2.108639562903107e-16
2024-02-01,Shrunk Max Sharpe λ=0.50,EFA,0.1
2024-02-01,Shrunk Max Sharpe λ=0.50,GLD,0.2999999999999991
2024-02-01,Shrunk Max Sharpe λ=0.50,IEF,0.0
2024-02-01,Shrunk Max Sharpe λ=0.50,IWM,2.9233189132693427e-16
2024-02-01,Shrunk Max Sharpe λ=0.50,LQD,0.0
2024-02-01,Shrunk Max Sharpe λ=0.50,QQQ,0.2999999999999996
2024-02-01,Shrunk Max Sharpe λ=0.50,SPY,0.2999999999999998
2024-02-01,Shrunk Max Sharpe λ=0.50,TLT,1.8011262977579474e-16
2024-02-01,Shrunk Max Sharpe λ=0.50,VNQ,8.726781471943843e-16
2024-02-01,Shrunk Max Sharpe λ=0.75,EEM,9.286460390860059e-17
2024-02-01,Shrunk Max Sharpe λ=0.75,EFA,0.09999999999999976
2024-02-01,Shrunk Max Sharpe λ=0.75,GLD,0.3
2024-02-01,Shrunk Max Sharpe λ=0.75,IEF,3.5618729201365953e-17
2024-02-01,Shrunk Max Sharpe λ=0.75,IWM,3.3884005725389146e-17
2024-02-01,Shrunk Max Sharpe λ=0.75,LQD,0.0
2024-02-01,Shrunk Max Sharpe λ=0.75,QQQ,0.2999999999999998
2024-02-01,Shrunk Max Sharpe λ=0.75,SPY,0.3
2024-02-01,Shrunk Max Sharpe λ=0.75,TLT,2.023620104816432e-17
2024-02-01,Shrunk Max Sharpe λ=0.75,VNQ,2.220446049250313e-16
2024-02-01,Turnover-Aware Max Sharpe γ=0.05,EEM,2.614116758585455e-16
2024-02-01,Turnover-Aware Max Sharpe γ=0.05,EFA,0.10000000000000041
2024-02-01,Turnover-Aware Max Sharpe γ=0.05,GLD,0.29999999999999916
2024-02-01,Turnover-Aware Max Sharpe γ=0.05,IEF,1.0007507870695735e-16
2024-02-01,Turnover-Aware Max Sharpe γ=0.05,IWM,0.0
2024-02-01,Turnover-Aware Max Sharpe γ=0.05,LQD,5.0301170967192093e-17
2024-02-01,Turnover-Aware Max Sharpe γ=0.05,QQQ,0.2999999999999999
2024-02-01,Turnover-Aware Max Sharpe γ=0.05,SPY,0.2999999999999996
2024-02-01,Turnover-Aware Max Sharpe γ=0.05,TLT,4.69197635639724e-16
2024-02-01,Turnover-Aware Max Sharpe γ=0.05,VNQ,2.195957637034944e-16
2024-02-01,Turnover-Aware Max Sharpe γ=0.10,EEM,5.343467301329731e-16
2024-02-01,Turnover-Aware Max Sharpe γ=0.10,EFA,0.10000000000000053
2024-02-01,Turnover-Aware Max Sharpe γ=0.10,GLD,0.2999999999999981
2024-02-01,Turnover-Aware Max Sharpe γ=0.10,IEF,0.0
2024-02-01,Turnover-Aware Max Sharpe γ=0.10,IWM,4.155128738303633e-16
2024-02-01,Turnover-Aware Max Sharpe γ=0.10,LQD,0.0
2024-02-01,Turnover-Aware Max Sharpe γ=0.10,QQQ,0.29999999999999966
2024-02-01,Turnover-Aware Max Sharpe γ=0.10,SPY,0.29999999999999916
2024-02-01,Turnover-Aware Max Sharpe γ=0.10,TLT,4.58013598991795e-16
2024-02-01,Turnover-Aware Max Sharpe γ=0.10,VNQ,1.0417480486579898e-15
2024-02-01,Turnover-Aware Max Sharpe γ=0.25,EEM,0.0
2024-02-01,Turnover-Aware Max Sharpe γ=0.25,EFA,0.09999999999999923
2024-02-01,Turnover-Aware Max Sharpe γ=0.25,GLD,0.30000000000000004
2024-02-01,Turnover-Aware Max Sharpe γ=0.25,IEF,5.35766569529607e-16
2024-02-01,Turnover-Aware Max Sharpe γ=0.25,IWM,0.0
2024-02-01,Turnover-Aware Max Sharpe γ=0.25,LQD,0.0
2024-02-01,Turnover-Aware Max Sharpe γ=0.25,QQQ,0.30000000000000004
2024-02-01,Turnover-Aware Max Sharpe γ=0.25,SPY,0.30000000000000004
2024-02-01,Turnover-Aware Max Sharpe γ=0.25,TLT,0.0
2024-02-01,Turnover-Aware Max Sharpe γ=0.25,VNQ,0.0
2024-03-01,Combined Robust Max Sharpe λ=0.50 γ=0.10,EEM,5.514749363882003e-17
2024-03-01,Combined Robust Max Sharpe λ=0.50 γ=0.10,EFA,0.10000000000000095
2024-03-01,Combined Robust Max Sharpe λ=0.50 γ=0.10,GLD,0.2999999999999997
2024-03-01,Combined Robust Max Sharpe λ=0.50 γ=0.10,IEF,6.382111101870405e-17
2024-03-01,Combined Robust Max Sharpe λ=0.50 γ=0.10,IWM,2.598448638040831e-16
2024-03-01,Combined Robust Max Sharpe λ=0.50 γ=0.10,LQD,1.3514130215376695e-17
2024-03-01,Combined Robust Max Sharpe λ=0.50 γ=0.10,QQQ,0.2999999999999996
2024-03-01,Combined Robust Max Sharpe λ=0.50 γ=0.10,SPY,0.2999999999999994
2024-03-01,Combined Robust Max Sharpe λ=0.50 γ=0.10,TLT,0.0
2024-03-01,Combined Robust Max Sharpe λ=0.50 γ=0.10,VNQ,0.0
2024-03-01,Equal Weight,EEM,0.1
2024-03-01,Equal Weight,EFA,0.1
2024-03-01,Equal Weight,GLD,0.1
2024-03-01,Equal Weight,IEF,0.1
2024-03-01,Equal Weight,IWM,0.1
2024-03-01,Equal Weight,LQD,0.1
2024-03-01,Equal Weight,QQQ,0.1
2024-03-01,Equal Weight,SPY,0.1
2024-03-01,Equal Weight,TLT,0.1
2024-03-01,Equal Weight,VNQ,0.1
2024-03-01,Maximum Sharpe,EEM,7.753871109192739e-16
2024-03-01,Maximum Sharpe,EFA,0.10000000000000032
2024-03-01,Maximum Sharpe,GLD,0.29999999999999916
2024-03-01,Maximum Sharpe,IEF,0.0
2024-03-01,Maximum Sharpe,IWM,8.465107734343229e-16
2024-03-01,Maximum Sharpe,LQD,1.2313108395199468e-16
2024-03-01,Maximum Sharpe,QQQ,0.29999999999999954
2024-03-01,Maximum Sharpe,SPY,0.2999999999999988
2024-03-01,Maximum Sharpe,TLT,0.0
2024-03-01,Maximum Sharpe,VNQ,4.92661467177413e-16
2024-03-01,Minimum Variance,EEM,0.0409451540133985
2024-03-01,Minimum Variance,EFA,0.010637634971313823
2024-03-01,Minimum Variance,GLD,0.2202148439990103
2024-03-01,Minimum Variance,IEF,0.30000000000000004
2024-03-01,Minimum Variance,IWM,9.596471022146922e-19
2024-03-01,Minimum Variance,LQD,0.30000000000000004
2024-03-01,Minimum Variance,QQQ,0.0
2024-03-01,Minimum Variance,SPY,0.1282023670162774
2024-03-01,Minimum Variance,TLT,1.9912735711114562e-17
2024-03-01,Minimum Variance,VNQ,2.289880029238792e-17
2024-03-01,SPY,EEM,0.0
2024-03-01,SPY,EFA,0.0
2024-03-01,SPY,GLD,0.0
2024-03-01,SPY,IEF,0.0
2024-03-01,SPY,IWM,0.0
2024-03-01,SPY,LQD,0.0
2024-03-01,SPY,QQQ,0.0
2024-03-01,SPY,SPY,1.0
2024-03-01,SPY,TLT,0.0
2024-03-01,SPY,VNQ,0.0
2024-03-01,Shrunk Max Sharpe λ=0.25,EEM,1.018499336730314e-16
2024-03-01,Shrunk Max Sharpe λ=0.25,EFA,0.10000000000000066
2024-03-01,Shrunk Max Sharpe λ=0.25,GLD,0.2999999999999996
2024-03-01,Shrunk Max Sharpe λ=0.25,IEF,3.9399888537866365e-17
2024-03-01,Shrunk Max Sharpe λ=0.25,IWM,7.756380500935611e-17
2024-03-01,Shrunk Max Sharpe λ=0.25,LQD,1.5389163795233563e-16
2024-03-01,Shrunk Max Sharpe λ=0.25,QQQ,0.2999999999999994
2024-03-01,Shrunk Max Sharpe λ=0.25,SPY,0.29999999999999966
2024-03-01,Shrunk Max Sharpe λ=0.25,TLT,3.7940568982932045e-16
2024-03-01,Shrunk Max Sharpe λ=0.25,VNQ,0.0
2024-03-01,Shrunk Max Sharpe λ=0.50,EEM,5.251197075958608e-16
2024-03-01,Shrunk Max Sharpe λ=0.50,EFA,0.09999999999999992
2024-03-01,Shrunk Max Sharpe λ=0.50,GLD,0.2999999999999985
2024-03-01,Shrunk Max Sharpe λ=0.50,IEF,2.990189318326327e-17
2024-03-01,Shrunk Max Sharpe λ=0.50,IWM,3.556589080363764e-16
2024-03-01,Shrunk Max Sharpe λ=0.50,LQD,5.490122538889747e-17
2024-03-01,Shrunk Max Sharpe λ=0.50,QQQ,0.29999999999999977
2024-03-01,Shrunk Max Sharpe λ=0.50,SPY,0.2999999999999996
2024-03-01,Shrunk Max Sharpe λ=0.50,TLT,3.6036107587649695e-17
2024-03-01,Shrunk Max Sharpe λ=0.50,VNQ,1.1466522176206695e-15
2024-03-01,Shrunk Max Sharpe λ=0.75,EEM,0.0
2024-03-01,Shrunk Max Sharpe λ=0.75,EFA,0.10000000000000066
2024-03-01,Shrunk Max Sharpe λ=0.75,GLD,0.29999999999999966
2024-03-01,Shrunk Max Sharpe λ=0.75,IEF,0.0
2024-03-01,Shrunk Max Sharpe λ=0.75,IWM,0.0
2024-03-01,Shrunk Max Sharpe λ=0.75,LQD,0.0
2024-03-01,Shrunk Max Sharpe λ=0.75,QQQ,0.2999999999999998
2024-03-01,Shrunk Max Sharpe λ=0.75,SPY,0.2999999999999999
2024-03-01,Shrunk Max Sharpe λ=0.75,TLT,0.0
2024-03-01,Shrunk Max Sharpe λ=0.75,VNQ,0.0
2024-03-01,Turnover-Aware Max Sharpe γ=0.05,EEM,0.0
2024-03-01,Turnover-Aware Max Sharpe γ=0.05,EFA,0.09999999999999815
2024-03-01,Turnover-Aware Max Sharpe γ=0.05,GLD,0.3000000000000006
2024-03-01,Turnover-Aware Max Sharpe γ=0.05,IEF,0.0
2024-03-01,Turnover-Aware Max Sharpe γ=0.05,IWM,0.0
2024-03-01,Turnover-Aware Max Sharpe γ=0.05,LQD,0.0
2024-03-01,Turnover-Aware Max Sharpe γ=0.05,QQQ,0.3000000000000006
2024-03-01,Turnover-Aware Max Sharpe γ=0.05,SPY,0.3000000000000006
2024-03-01,Turnover-Aware Max Sharpe γ=0.05,TLT,0.0
2024-03-01,Turnover-Aware Max Sharpe γ=0.05,VNQ,0.0
2024-03-01,Turnover-Aware Max Sharpe γ=0.10,EEM,1.6626490024943907e-15
2024-03-01,Turnover-Aware Max Sharpe γ=0.10,EFA,0.10000000000000023
2024-03-01,Turnover-Aware Max Sharpe γ=0.10,GLD,0.29999999999999694
2024-03-01,Turnover-Aware Max Sharpe γ=0.10,IEF,0.0
2024-03-01,Turnover-Aware Max Sharpe γ=0.10,IWM,2.1700556192176066e-15
2024-03-01,Turnover-Aware Max Sharpe γ=0.10,LQD,1.0399995932922958e-16
2024-03-01,Turnover-Aware Max Sharpe γ=0.10,QQQ,0.29999999999999877
2024-03-01,Turnover-Aware Max Sharpe γ=0.10,SPY,0.2999999999999981
2024-03-01,Turnover-Aware Max Sharpe γ=0.10,TLT,5.8191627696084e-16
2024-03-01,Turnover-Aware Max Sharpe γ=0.10,VNQ,1.4051260155412137e-15
2024-03-01,Turnover-Aware Max Sharpe γ=0.25,EEM,2.2204460492503126e-16
2024-03-01,Turnover-Aware Max Sharpe γ=0.25,EFA,0.09999999999999909
2024-03-01,Turnover-Aware Max Sharpe γ=0.25,GLD,0.29999999999999993
2024-03-01,Turnover-Aware Max Sharpe γ=0.25,IEF,2.081668171172168e-16
2024-03-01,Turnover-Aware Max Sharpe γ=0.25,IWM,4.1633363423443364e-17
2024-03-01,Turnover-Aware Max Sharpe γ=0.25,LQD,0.0
2024-03-01,Turnover-Aware Max Sharpe γ=0.25,QQQ,0.29999999999999977
2024-03-01,Turnover-Aware Max Sharpe γ=0.25,SPY,0.2999999999999999
2024-03-01,Turnover-Aware Max Sharpe γ=0.25,TLT,1.9428902930940235e-16
2024-03-01,Turnover-Aware Max Sharpe γ=0.25,VNQ,6.661338147750938e-16
2024-04-01,Combined Robust Max Sharpe λ=0.50 γ=0.10,EEM,2.7755575615628914e-17
2024-04-01,Combined Robust Max Sharpe λ=0.50 γ=0.10,EFA,0.1000000000000002
2024-04-01,Combined Robust Max Sharpe λ=0.50 γ=0.10,GLD,0.2999999999999998
2024-04-01,Combined Robust Max Sharpe λ=0.50 γ=0.10,IEF,1.3877787807814457e-17
2024-04-01,Combined Robust Max Sharpe λ=0.50 γ=0.10,IWM,1.942890293094024e-16
2024-04-01,Combined Robust Max Sharpe λ=0.50 γ=0.10,LQD,0.0
2024-04-01,Combined Robust Max Sharpe λ=0.50 γ=0.10,QQQ,0.2999999999999998
2024-04-01,Combined Robust Max Sharpe λ=0.50 γ=0.10,SPY,0.3
2024-04-01,Combined Robust Max Sharpe λ=0.50 γ=0.10,TLT,0.0
2024-04-01,Combined Robust Max Sharpe λ=0.50 γ=0.10,VNQ,6.938893903907228e-17
2024-04-01,Equal Weight,EEM,0.1
2024-04-01,Equal Weight,EFA,0.1
2024-04-01,Equal Weight,GLD,0.1
2024-04-01,Equal Weight,IEF,0.1
2024-04-01,Equal Weight,IWM,0.1
2024-04-01,Equal Weight,LQD,0.1
2024-04-01,Equal Weight,QQQ,0.1
2024-04-01,Equal Weight,SPY,0.1
2024-04-01,Equal Weight,TLT,0.1
2024-04-01,Equal Weight,VNQ,0.1
2024-04-01,Maximum Sharpe,EEM,6.938893903907227e-17
2024-04-01,Maximum Sharpe,EFA,0.09999999999999948
2024-04-01,Maximum Sharpe,GLD,0.29999999999999993
2024-04-01,Maximum Sharpe,IEF,0.0
2024-04-01,Maximum Sharpe,IWM,2.7755575615628907e-17
2024-04-01,Maximum Sharpe,LQD,1.804112415015879e-16
2024-04-01,Maximum Sharpe,QQQ,0.29999999999999993
2024-04-01,Maximum Sharpe,SPY,0.29999999999999966
2024-04-01,Maximum Sharpe,TLT,1.9428902930940235e-16
2024-04-01,Maximum Sharpe,VNQ,6.245004513516505e-16
2024-04-01,Minimum Variance,EEM,0.05377673363080689
2024-04-01,Minimum Variance,EFA,1.5638740974650383e-17
2024-04-01,Minimum Variance,GLD,0.21617155875017618
2024-04-01,Minimum Variance,IEF,0.3
2024-04-01,Minimum Variance,IWM,0.0
2024-04-01,Minimum Variance,LQD,0.3
2024-04-01,Minimum Variance,QQQ,0.0
2024-04-01,Minimum Variance,SPY,0.13005170761901694
2024-04-01,Minimum Variance,TLT,0.0
2024-04-01,Minimum Variance,VNQ,1.1153253089843085e-17
2024-04-01,SPY,EEM,0.0
2024-04-01,SPY,EFA,0.0
2024-04-01,SPY,GLD,0.0
2024-04-01,SPY,IEF,0.0
2024-04-01,SPY,IWM,0.0
2024-04-01,SPY,LQD,0.0
2024-04-01,SPY,QQQ,0.0
2024-04-01,SPY,SPY,1.0
2024-04-01,SPY,TLT,0.0
2024-04-01,SPY,VNQ,0.0
2024-04-01,Shrunk Max Sharpe λ=0.25,EEM,0.0
2024-04-01,Shrunk Max Sharpe λ=0.25,EFA,0.10000000000000037
2024-04-01,Shrunk Max Sharpe λ=0.25,GLD,0.29999999999999966
2024-04-01,Shrunk Max Sharpe λ=0.25,IEF,0.0
2024-04-01,Shrunk Max Sharpe λ=0.25,IWM,0.0
2024-04-01,Shrunk Max Sharpe λ=0.25,LQD,0.0
2024-04-01,Shrunk Max Sharpe λ=0.25,QQQ,0.2999999999999998
2024-04-01,Shrunk Max Sharpe λ=0.25,SPY,0.2999999999999999
2024-04-01,Shrunk Max Sharpe λ=0.25,TLT,3.4694469519536127e-16
2024-04-01,Shrunk Max Sharpe λ=0.25,VNQ,0.0
2024-04-01,Shrunk Max Sharpe λ=0.50,EEM,4.753500389151201e-16
2024-04-01,Shrunk Max Sharpe λ=0.50,EFA,0.09999999999999942
2024-04-01,Shrunk Max Sharpe λ=0.50,GLD,0.29999999999999916
2024-04-01,Shrunk Max Sharpe λ=0.50,IEF,1.5075063410226521e-16
2024-04-01,Shrunk Max Sharpe λ=0.50,IWM,6.010159610835055e-16
2024-04-01,Shrunk Max Sharpe λ=0.50,LQD,2.3935114751297935e-16
2024-04-01,Shrunk Max Sharpe λ=0.50,QQQ,0.2999999999999996
2024-04-01,Shrunk Max Sharpe λ=0.50,SPY,0.2999999999999999
2024-04-01,Shrunk Max Sharpe λ=0.50,TLT,1.1038982771892997e-16
2024-04-01,Shrunk Max Sharpe λ=0.50,VNQ,4.733534418271285e-16
2024-04-01,Shrunk Max Sharpe λ=0.75,EEM,0.0
2024-04-01,Shrunk Max Sharpe λ=0.75,EFA,0.04175359085681291
2024-04-01,Shrunk Max Sharpe λ=0.75,GLD,0.2999999999999997
2024-04-01,Shrunk Max Sharpe λ=0.75,IEF,0.058246409143187766
2024-04-01,Shrunk Max Sharpe λ=0.75,IWM,0.0
2024-04-01,Shrunk Max Sharpe λ=0.75,LQD,0.0
2024-04-01,Shrunk Max Sharpe λ=0.75,QQQ,0.29999999999999977
2024-04-01,Shrunk Max Sharpe λ=0.75,SPY,0.29999999999999977
2024-04-01,Shrunk Max Sharpe λ=0.75,TLT,0.0
2024-04-01,Shrunk Max Sharpe λ=0.75,VNQ,0.0
2024-04-01,Turnover-Aware Max Sharpe γ=0.05,EEM,1.6653345369377348e-16
2024-04-01,Turnover-Aware Max Sharpe γ=0.05,EFA,0.09999999999999948
2024-04-01,Turnover-Aware Max Sharpe γ=0.05,GLD,0.3
2024-04-01,Turnover-Aware Max Sharpe γ=0.05,IEF,0.0
2024-04-01,Turnover-Aware Max Sharpe γ=0.05,IWM,0.0
2024-04-01,Turnover-Aware Max Sharpe γ=0.05,LQD,1.3877787807814457e-17
2024-04-01,Turnover-Aware Max Sharpe γ=0.05,QQQ,0.3
2024-04-01,Turnover-Aware Max Sharpe γ=0.05,SPY,0.3
2024-04-01,Turnover-Aware Max Sharpe γ=0.05,TLT,0.0
2024-04-01,Turnover-Aware Max Sharpe γ=0.05,VNQ,3.0531133177191805e-16
2024-04-01,Turnover-Aware Max Sharpe γ=0.10,EEM,0.0
2024-04-01,Turnover-Aware Max Sharpe γ=0.10,EFA,0.10000000000000035
2024-04-01,Turnover-Aware Max Sharpe γ=0.10,GLD,0.29999999999999977
2024-04-01,Turnover-Aware Max Sharpe γ=0.10,IEF,4.02455846426619e-16
2024-04-01,Turnover-Aware Max Sharpe γ=0.10,IWM,0.0
2024-04-01,Turnover-Aware Max Sharpe γ=0.10,LQD,0.0
2024-04-01,Turnover-Aware Max Sharpe γ=0.10,QQQ,0.2999999999999997
2024-04-01,Turnover-Aware Max Sharpe γ=0.10,SPY,0.29999999999999977
2024-04-01,Turnover-Aware Max Sharpe γ=0.10,TLT,0.0
2024-04-01,Turnover-Aware Max Sharpe γ=0.10,VNQ,0.0
2024-04-01,Turnover-Aware Max Sharpe γ=0.25,EEM,2.359223927328456e-16
2024-04-01,Turnover-Aware Max Sharpe γ=0.25,EFA,0.09999999999999974
2024-04-01,Turnover-Aware Max Sharpe γ=0.25,GLD,0.29999999999999966
2024-04-01,Turnover-Aware Max Sharpe γ=0.25,IEF,0.0
2024-04-01,Turnover-Aware Max Sharpe γ=0.25,IWM,1.3877787807814448e-17
2024-04-01,Turnover-Aware Max Sharpe γ=0.25,LQD,2.7755575615628895e-17
2024-04-01,Turnover-Aware Max Sharpe γ=0.25,QQQ,0.29999999999999977
2024-04-01,Turnover-Aware Max Sharpe γ=0.25,SPY,0.29999999999999977
2024-04-01,Turnover-Aware Max Sharpe γ=0.25,TLT,0.0
2024-04-01,Turnover-Aware Max Sharpe γ=0.25,VNQ,6.383782391594646e-16
2024-05-01,Combined Robust Max Sharpe λ=0.50 γ=0.10,EEM,1.1102230246251565e-16
2024-05-01,Combined Robust Max Sharpe λ=0.50 γ=0.10,EFA,0.1000000000000002
2024-05-01,Combined Robust Max Sharpe λ=0.50 γ=0.10,GLD,0.2999999999999999
2024-05-01,Combined Robust Max Sharpe λ=0.50 γ=0.10,IEF,1.249000902703301e-16
2024-05-01,Combined Robust Max Sharpe λ=0.50 γ=0.10,IWM,2.7755575615628914e-17
2024-05-01,Combined Robust Max Sharpe λ=0.50 γ=0.10,LQD,1.5265566588595902e-16
2024-05-01,Combined Robust Max Sharpe λ=0.50 γ=0.10,QQQ,0.2999999999999997
2024-05-01,Combined Robust Max Sharpe λ=0.50 γ=0.10,SPY,0.2999999999999998
2024-05-01,Combined Robust Max Sharpe λ=0.50 γ=0.10,TLT,0.0
2024-05-01,Combined Robust Max Sharpe λ=0.50 γ=0.10,VNQ,5.551115123125783e-17
2024-05-01,Equal Weight,EEM,0.1
2024-05-01,Equal Weight,EFA,0.1
2024-05-01,Equal Weight,GLD,0.1
2024-05-01,Equal Weight,IEF,0.1
2024-05-01,Equal Weight,IWM,0.1
2024-05-01,Equal Weight,LQD,0.1
2024-05-01,Equal Weight,QQQ,0.1
2024-05-01,Equal Weight,SPY,0.1
2024-05-01,Equal Weight,TLT,0.1
2024-05-01,Equal Weight,VNQ,0.1
2024-05-01,Maximum Sharpe,EEM,3.7470027081098984e-16
2024-05-01,Maximum Sharpe,EFA,0.10000000000000081
2024-05-01,Maximum Sharpe,GLD,0.2999999999999993
2024-05-01,Maximum Sharpe,IEF,5.689893001203919e-16
2024-05-01,Maximum Sharpe,IWM,0.0
2024-05-01,Maximum Sharpe,LQD,0.0
2024-05-01,Maximum Sharpe,QQQ,0.29999999999999943
2024-05-01,Maximum Sharpe,SPY,0.2999999999999995
2024-05-01,Maximum Sharpe,TLT,0.0
2024-05-01,Maximum Sharpe,VNQ,0.0
2024-05-01,Minimum Variance,EEM,0.054047112368655094
2024-05-01,Minimum Variance,EFA,0.0
2024-05-01,Minimum Variance,GLD,0.2177732562114026
2024-05-01,Minimum Variance,IEF,0.3
2024-05-01,Minimum Variance,IWM,5.4891850127869534e-18
2024-05-01,Minimum Variance,LQD,0.29999999999999993
2024-05-01,Minimum Variance,QQQ,3.742900791486423e-18
2024-05-01,Minimum Variance,SPY,0.1281796314199423
2024-05-01,Minimum Variance,TLT,7.50670005976775e-17
2024-05-01,Minimum Variance,VNQ,6.909489154035523e-17
2024-05-01,SPY,EEM,0.0
2024-05-01,SPY,EFA,0.0
2024-05-01,SPY,GLD,0.0
2024-05-01,SPY,IEF,0.0
2024-05-01,SPY,IWM,0.0
2024-05-01,SPY,LQD,0.0
2024-05-01,SPY,QQQ,0.0
2024-05-01,SPY,SPY,1.0
2024-05-01,SPY,TLT,0.0
2024-05-01,SPY,VNQ,0.0
2024-05-01,Shrunk Max Sharpe λ=0.25,EEM,1.665334536937735e-16
2024-05-01,Shrunk Max Sharpe λ=0.25,EFA,0.09999999999999984
2024-05-01,Shrunk Max Sharpe λ=0.25,GLD,0.29999999999999977
2024-05-01,Shrunk Max Sharpe λ=0.25,IEF,1.387778780781446e-16
2024-05-01,Shrunk Max Sharpe λ=0.25,IWM,0.0
2024-05-01,Shrunk Max Sharpe λ=0.25,LQD,5.551115123125784e-17
2024-05-01,Shrunk Max Sharpe λ=0.25,QQQ,0.2999999999999999
2024-05-01,Shrunk Max Sharpe λ=0.25,SPY,0.30000000000000004
2024-05-01,Shrunk Max Sharpe λ=0.25,TLT,0.0
2024-05-01,Shrunk Max Sharpe λ=0.25,VNQ,9.714451465470121e-17
2024-05-01,Shrunk Max Sharpe λ=0.50,EEM,0.0
2024-05-01,Shrunk Max Sharpe λ=0.50,EFA,0.10000000000000082
2024-05-01,Shrunk Max Sharpe λ=0.50,GLD,0.29999999999999977
2024-05-01,Shrunk Max Sharpe λ=0.50,IEF,1.744832930507814e-17
2024-05-01,Shrunk Max Sharpe λ=0.50,IWM,0.0
2024-05-01,Shrunk Max Sharpe λ=0.50,LQD,0.0
2024-05-01,Shrunk Max Sharpe λ=0.50,QQQ,0.2999999999999996
2024-05-01,Shrunk Max Sharpe λ=0.50,SPY,0.29999999999999977
2024-05-01,Shrunk Max Sharpe λ=0.50,TLT,0.0
2024-05-01,Shrunk Max Sharpe λ=0.50,VNQ,0.0
2024-05-01,Shrunk Max Sharpe λ=0.75,EEM,0.0
2024-05-01,Shrunk Max Sharpe λ=0.75,EFA,0.10000000000000006
2024-05-01,Shrunk Max Sharpe λ=0.75,GLD,0.29999999999999993
2024-05-01,Shrunk Max Sharpe λ=0.75,IEF,0.0
2024-05-01,Shrunk Max Sharpe λ=0.75,IWM,0.0
2024-05-01,Shrunk Max Sharpe λ=0.75,LQD,5.02943818014336e-17
2024-05-01,Shrunk Max Sharpe λ=0.75,QQQ,0.29999999999999993
2024-05-01,Shrunk Max Sharpe λ=0.75,SPY,0.29999999999999993
2024-05-01,Shrunk Max Sharpe λ=0.75,TLT,1.1695080811866494e-16
2024-05-01,Shrunk Max Sharpe λ=0.75,VNQ,5.017462228638092e-17
2024-05-01,Turnover-Aware Max Sharpe γ=0.05,EEM,0.0
2024-05-01,Turnover-Aware Max Sharpe γ=0.05,EFA,0.09999999999999962
2024-05-01,Turnover-Aware Max Sharpe γ=0.05,GLD,0.2999999999999999
2024-05-01,Turnover-Aware Max Sharpe γ=0.05,IEF,4.579669976578769e-16
2024-05-01,Turnover-Aware Max Sharpe γ=0.05,IWM,5.55111512312578e-17
2024-05-01,Turnover-Aware Max Sharpe γ=0.05,LQD,3.747002708109902e-16
2024-05-01,Turnover-Aware Max Sharpe γ=0.05,QQQ,0.2999999999999999
2024-05-01,Turnover-Aware Max Sharpe γ=0.05,SPY,0.29999999999999966
2024-05-01,Turnover-Aware Max Sharpe γ=0.05,TLT,0.0
2024-05-01,Turnover-Aware Max Sharpe γ=0.05,VNQ,0.0
2024-05-01,Turnover-Aware Max Sharpe γ=0.10,EEM,0.0
2024-05-01,Turnover-Aware Max Sharpe γ=0.10,EFA,0.10000000000000099
2024-05-01,Turnover-Aware Max Sharpe γ=0.10,GLD,0.2999999999999996
2024-05-01,Turnover-Aware Max Sharpe γ=0.10,IEF,0.0
2024-05-01,Turnover-Aware Max Sharpe γ=0.10,IWM,0.0
2024-05-01,Turnover-Aware Max Sharpe γ=0.10,LQD,0.0
2024-05-01,Turnover-Aware Max Sharpe γ=0.10,QQQ,0.2999999999999996
2024-05-01,Turnover-Aware Max Sharpe γ=0.10,SPY,0.29999999999999966
2024-05-01,Turnover-Aware Max Sharpe γ=0.10,TLT,0.0
2024-05-01,Turnover-Aware Max Sharpe γ=0.10,VNQ,1.2490009027032996e-16
2024-05-01,Turnover-Aware Max Sharpe γ=0.25,EEM,0.0
2024-05-01,Turnover-Aware Max Sharpe γ=0.25,EFA,0.10000000000000017
2024-05-01,Turnover-Aware Max Sharpe γ=0.25,GLD,0.29999999999999966
2024-05-01,Turnover-Aware Max Sharpe γ=0.25,IEF,0.0
2024-05-01,Turnover-Aware Max Sharpe γ=0.25,IWM,6.938893903907221e-17
2024-05-01,Turnover-Aware Max Sharpe γ=0.25,LQD,0.0
2024-05-01,Turnover-Aware Max Sharpe γ=0.25,QQQ,0.29999999999999966
2024-05-01,Turnover-Aware Max Sharpe γ=0.25,SPY,0.2999999999999996
2024-05-01,Turnover-Aware Max Sharpe γ=0.25,TLT,0.0
2024-05-01,Turnover-Aware Max Sharpe γ=0.25,VNQ,8.049116928532376e-16
2024-07-01,Combined Robust Max Sharpe λ=0.50 γ=0.10,EEM,0.0
2024-07-01,Combined Robust Max Sharpe λ=0.50 γ=0.10,EFA,0.1000000000000001
2024-07-01,Combined Robust Max Sharpe λ=0.50 γ=0.10,GLD,0.2999999999999999
2024-07-01,Combined Robust Max Sharpe λ=0.50 γ=0.10,IEF,0.0
2024-07-01,Combined Robust Max Sharpe λ=0.50 γ=0.10,IWM,0.0
2024-07-01,Combined Robust Max Sharpe λ=0.50 γ=0.10,LQD,1.110223024625156e-16
2024-07-01,Combined Robust Max Sharpe λ=0.50 γ=0.10,QQQ,0.2999999999999998
2024-07-01,Combined Robust Max Sharpe λ=0.50 γ=0.10,SPY,0.2999999999999997
2024-07-01,Combined Robust Max Sharpe λ=0.50 γ=0.10,TLT,0.0
2024-07-01,Combined Robust Max Sharpe λ=0.50 γ=0.10,VNQ,3.8857805861880464e-16
2024-07-01,Equal Weight,EEM,0.1
2024-07-01,Equal Weight,EFA,0.1
2024-07-01,Equal Weight,GLD,0.1
2024-07-01,Equal Weight,IEF,0.1
2024-07-01,Equal Weight,IWM,0.1
2024-07-01,Equal Weight,LQD,0.1
2024-07-01,Equal Weight,QQQ,0.1
2024-07-01,Equal Weight,SPY,0.1
2024-07-01,Equal Weight,TLT,0.1
2024-07-01,Equal Weight,VNQ,0.1
2024-07-01,Maximum Sharpe,EEM,0.0
2024-07-01,Maximum Sharpe,EFA,0.10000000000000114
2024-07-01,Maximum Sharpe,GLD,0.29999999999999966
2024-07-01,Maximum Sharpe,IEF,0.0
2024-07-01,Maximum Sharpe,IWM,0.0
2024-07-01,Maximum Sharpe,LQD,0.0
2024-07-01,Maximum Sharpe,QQQ,0.29999999999999966
2024-07-01,Maximum Sharpe,SPY,0.29999999999999954
2024-07-01,Maximum Sharpe,TLT,2.7755575615628883e-17
2024-07-01,Maximum Sharpe,VNQ,0.0
2024-07-01,Minimum Variance,EEM,0.055676803544099374
2024-07-01,Minimum Variance,EFA,4.917999965002503e-17
2024-07-01,Minimum Variance,GLD,0.21155281419176528
2024-07-01,Minimum Variance,IEF,0.3
2024-07-01,Minimum Variance,IWM,3.926560342120531e-19
2024-07-01,Minimum Variance,LQD,0.30000000000000004
2024-07-01,Minimum Variance,QQQ,0.0
2024-07-01,Minimum Variance,SPY,0.13277038226413534
2024-07-01,Minimum Variance,TLT,0.0
2024-07-01,Minimum Variance,VNQ,0.0
2024-07-01,SPY,EEM,0.0
2024-07-01,SPY,EFA,0.0
2024-07-01,SPY,GLD,0.0
2024-07-01,SPY,IEF,0.0
2024-07-01,SPY,IWM,0.0
2024-07-01,SPY,LQD,0.0
2024-07-01,SPY,QQQ,0.0
2024-07-01,SPY,SPY,1.0
2024-07-01,SPY,TLT,0.0
2024-07-01,SPY,VNQ,0.0
2024-07-01,Shrunk Max Sharpe λ=0.25,EEM,0.0
2024-07-01,Shrunk Max Sharpe λ=0.25,EFA,0.1000000000000009
2024-07-01,Shrunk Max Sharpe λ=0.25,GLD,0.2999999999999997
2024-07-01,Shrunk Max Sharpe λ=0.25,IEF,0.0
2024-07-01,Shrunk Max Sharpe λ=0.25,IWM,0.0
2024-07-01,Shrunk Max Sharpe λ=0.25,LQD,0.0
2024-07-01,Shrunk Max Sharpe λ=0.25,QQQ,0.2999999999999997
2024-07-01,Shrunk Max Sharpe λ=0.25,SPY,0.2999999999999994
2024-07-01,Shrunk Max Sharpe λ=0.25,TLT,0.0
2024-07-01,Shrunk Max Sharpe λ=0.25,VNQ,2.3592239273284557e-16
2024-07-01,Shrunk Max Sharpe λ=0.50,EEM,5.105827827166085e-17
2024-07-01,Shrunk Max Sharpe λ=0.50,EFA,0.10000000000000003
2024-07-01,Shrunk Max Sharpe λ=0.50,GLD,0.2999999999999998
2024-07-01,Shrunk Max Sharpe λ=0.50,IEF,0.0
2024-07-01,Shrunk Max Sharpe λ=0.50,IWM,2.935800165922392e-16
2024-07-01,Shrunk Max Sharpe λ=0.50,LQD,8.764710878592701e-17
2024-07-01,Shrunk Max Sharpe λ=0.50,QQQ,0.2999999999999998
2024-07-01,Shrunk Max Sharpe λ=0.50,SPY,0.29999999999999993
2024-07-01,Shrunk Max Sharpe λ=0.50,TLT,7.386426062423701e-18
2024-07-01,Shrunk Max Sharpe λ=0.50,VNQ,1.1701867432079148e-17
2024-07-01,Shrunk Max Sharpe λ=0.75,EEM,0.0
2024-07-01,Shrunk Max Sharpe λ=0.75,EFA,0.09999999999999964
2024-07-01,Shrunk Max Sharpe λ=0.75,GLD,0.29999999999999993
2024-07-01,Shrunk Max Sharpe λ=0.75,IEF,7.059440734614519e-17
2024-07-01,Shrunk Max Sharpe λ=0.75,IWM,4.718447854656914e-16
2024-07-01,Shrunk Max Sharpe λ=0.75,LQD,4.674915259026531e-18
2024-07-01,Shrunk Max Sharpe λ=0.75,QQQ,0.29999999999999993
2024-07-01,Shrunk Max Sharpe λ=0.75,SPY,0.29999999999999993
2024-07-01,Shrunk Max Sharpe λ=0.75,TLT,0.0
2024-07-01,Shrunk Max Sharpe λ=0.75,VNQ,0.0
2024-07-01,Turnover-Aware Max Sharpe γ=0.05,EEM,4.163336342344335e-17
2024-07-01,Turnover-Aware Max Sharpe γ=0.05,EFA,0.1
2024-07-01,Turnover-Aware Max Sharpe γ=0.05,GLD,0.2999999999999998
2024-07-01,Turnover-Aware Max Sharpe γ=0.05,IEF,0.0
2024-07-01,Turnover-Aware Max Sharpe γ=0.05,IWM,4.163336342344335e-16
2024-07-01,Turnover-Aware Max Sharpe γ=0.05,LQD,3.8857805861880464e-16
2024-07-01,Turnover-Aware Max Sharpe γ=0.05,QQQ,0.2999999999999994
2024-07-01,Turnover-Aware Max Sharpe γ=0.05,SPY,0.2999999999999997
2024-07-01,Turnover-Aware Max Sharpe γ=0.05,TLT,4.0245584642661905e-16
2024-07-01,Turnover-Aware Max Sharpe γ=0.05,VNQ,0.0
2024-07-01,Turnover-Aware Max Sharpe γ=0.10,EEM,4.857225732735061e-16
2024-07-01,Turnover-Aware Max Sharpe γ=0.10,EFA,0.09999999999999941
2024-07-01,Turnover-Aware Max Sharpe γ=0.10,GLD,0.2999999999999993
2024-07-01,Turnover-Aware Max Sharpe γ=0.10,IEF,2.4980018054066027e-16
2024-07-01,Turnover-Aware Max Sharpe γ=0.10,IWM,4.1633363423443376e-17
2024-07-01,Turnover-Aware Max Sharpe γ=0.10,LQD,1.665334536937735e-16
2024-07-01,Turnover-Aware Max Sharpe γ=0.10,QQQ,0.29999999999999943
2024-07-01,Turnover-Aware Max Sharpe γ=0.10,SPY,0.2999999999999993
2024-07-01,Turnover-Aware Max Sharpe γ=0.10,TLT,1.4571677198205182e-15
2024-07-01,Turnover-Aware Max Sharpe γ=0.10,VNQ,2.4980018054066027e-16
2024-07-01,Turnover-Aware Max Sharpe γ=0.25,EEM,0.0
2024-07-01,Turnover-Aware Max Sharpe γ=0.25,EFA,0.1000000000000007
2024-07-01,Turnover-Aware Max Sharpe γ=0.25,GLD,0.2999999999999996
2024-07-01,Turnover-Aware Max Sharpe γ=0.25,IEF,0.0
2024-07-01,Turnover-Aware Max Sharpe γ=0.25,IWM,1.6653345369377326e-16
2024-07-01,Turnover-Aware Max Sharpe γ=0.25,LQD,0.0
2024-07-01,Turnover-Aware Max Sharpe γ=0.25,QQQ,0.2999999999999996
2024-07-01,Turnover-Aware Max Sharpe γ=0.25,SPY,0.29999999999999943
2024-07-01,Turnover-Aware Max Sharpe γ=0.25,TLT,0.0
2024-07-01,Turnover-Aware Max Sharpe γ=0.25,VNQ,3.4694469519536098e-16
2024-08-01,Combined Robust Max Sharpe λ=0.50 γ=0.10,EEM,0.0
2024-08-01,Combined Robust Max Sharpe λ=0.50 γ=0.10,EFA,0.10000000000000019
2024-08-01,Combined Robust Max Sharpe λ=0.50 γ=0.10,GLD,0.29999999999999993
2024-08-01,Combined Robust Max Sharpe λ=0.50 γ=0.10,IEF,0.0
2024-08-01,Combined Robust Max Sharpe λ=0.50 γ=0.10,IWM,0.0
2024-08-01,Combined Robust Max Sharpe λ=0.50 γ=0.10,LQD,0.0
2024-08-01,Combined Robust Max Sharpe λ=0.50 γ=0.10,QQQ,0.2999999999999998
2024-08-01,Combined Robust Max Sharpe λ=0.50 γ=0.10,SPY,0.2999999999999997
2024-08-01,Combined Robust Max Sharpe λ=0.50 γ=0.10,TLT,1.3877787807814457e-16
2024-08-01,Combined Robust Max Sharpe λ=0.50 γ=0.10,VNQ,3.3306690738754696e-16
2024-08-01,Equal Weight,EEM,0.1
2024-08-01,Equal Weight,EFA,0.1
2024-08-01,Equal Weight,GLD,0.1
2024-08-01,Equal Weight,IEF,0.1
2024-08-01,Equal Weight,IWM,0.1
2024-08-01,Equal Weight,LQD,0.1
2024-08-01,Equal Weight,QQQ,0.1
2024-08-01,Equal Weight,SPY,0.1
2024-08-01,Equal Weight,TLT,0.1
2024-08-01,Equal Weight,VNQ,0.1
2024-08-01,Maximum Sharpe,EEM,1.0795755409762699e-17
2024-08-01,Maximum Sharpe,EFA,0.09999999999999976
2024-08-01,Maximum Sharpe,GLD,0.3000000000000001
2024-08-01,Maximum Sharpe,IEF,0.0
2024-08-01,Maximum Sharpe,IWM,2.081668171172169e-17
2024-08-01,Maximum Sharpe,LQD,0.0
2024-08-01,Maximum Sharpe,QQQ,0.30000000000000004
2024-08-01,Maximum Sharpe,SPY,0.3000000000000001
2024-08-01,Maximum Sharpe,TLT,2.111162413750024e-17
2024-08-01,Maximum Sharpe,VNQ,8.747722810744469e-17
2024-08-01,Minimum Variance,EEM,0.05425005965041093
2024-08-01,Minimum Variance,EFA,0.0
2024-08-01,Minimum Variance,GLD,0.21067927960512375
2024-08-01,Minimum Variance,IEF,0.29999999999999993
2024-08-01,Minimum Variance,IWM,0.0
2024-08-01,Minimum Variance,LQD,0.2999999999999998
2024-08-01,Minimum Variance,QQQ,2.5233783979969568e-17
2024-08-01,Minimum Variance,SPY,0.13507066074446542
2024-08-01,Minimum Variance,TLT,7.396877733872856e-17
2024-08-01,Minimum Variance,VNQ,2.3987340027682116e-17
2024-08-01,SPY,EEM,0.0
2024-08-01,SPY,EFA,0.0
2024-08-01,SPY,GLD,0.0
2024-08-01,SPY,IEF,0.0
2024-08-01,SPY,IWM,0.0
2024-08-01,SPY,LQD,0.0
2024-08-01,SPY,QQQ,0.0
2024-08-01,SPY,SPY,1.0
2024-08-01,SPY,TLT,0.0
2024-08-01,SPY,VNQ,0.0
2024-08-01,Shrunk Max Sharpe λ=0.25,EEM,1.1183337880509295e-16
2024-08-01,Shrunk Max Sharpe λ=0.25,EFA,0.09999999999999976
2024-08-01,Shrunk Max Sharpe λ=0.25,GLD,0.29999999999999977
2024-08-01,Shrunk Max Sharpe λ=0.25,IEF,0.0
2024-08-01,Shrunk Max Sharpe λ=0.25,IWM,6.245004513516509e-17
2024-08-01,Shrunk Max Sharpe λ=0.25,LQD,1.9214459374386648e-17
2024-08-01,Shrunk Max Sharpe λ=0.25,QQQ,0.30000000000000004
2024-08-01,Shrunk Max Sharpe λ=0.25,SPY,0.30000000000000016
2024-08-01,Shrunk Max Sharpe λ=0.25,TLT,1.1995578128098767e-16
2024-08-01,Shrunk Max Sharpe λ=0.25,VNQ,1.0929608390164693e-20
2024-08-01,Shrunk Max Sharpe λ=0.50,EEM,0.0
2024-08-01,Shrunk Max Sharpe λ=0.50,EFA,0.10000000000000023
2024-08-01,Shrunk Max Sharpe λ=0.50,GLD,0.29999999999999993
2024-08-01,Shrunk Max Sharpe λ=0.50,IEF,0.0
2024-08-01,Shrunk Max Sharpe λ=0.50,IWM,1.1102230246251565e-16
2024-08-01,Shrunk Max Sharpe λ=0.50,LQD,0.0
2024-08-01,Shrunk Max Sharpe λ=0.50,QQQ,0.29999999999999977
2024-08-01,Shrunk Max Sharpe λ=0.50,SPY,0.2999999999999998
2024-08-01,Shrunk Max Sharpe λ=0.50,TLT,1.172565036199822e-16
2024-08-01,Shrunk Max Sharpe λ=0.50,VNQ,6.965131119044697e-17
2024-08-01,Shrunk Max Sharpe λ=0.75,EEM,0.0
2024-08-01,Shrunk Max Sharpe λ=0.75,EFA,0.1
2024-08-01,Shrunk Max Sharpe λ=0.75,GLD,0.3
2024-08-01,Shrunk Max Sharpe λ=0.75,IEF,1.1698424427396775e-16
2024-08-01,Shrunk Max Sharpe λ=0.75,IWM,0.0
2024-08-01,Shrunk Max Sharpe λ=0.75,LQD,0.0
2024-08-01,Shrunk Max Sharpe λ=0.75,QQQ,0.3
2024-08-01,Shrunk Max Sharpe λ=0.75,SPY,0.3
2024-08-01,Shrunk Max Sharpe λ=0.75,TLT,0.0
2024-08-01,Shrunk Max Sharpe λ=0.75,VNQ,0.0
2024-08-01,Turnover-Aware Max Sharpe γ=0.05,EEM,0.0
2024-08-01,Turnover-Aware Max Sharpe γ=0.05,EFA,0.09999999999999992
2024-08-01,Turnover-Aware Max Sharpe γ=0.05,GLD,0.2999999999999999
2024-08-01,Turnover-Aware Max Sharpe γ=0.05,IEF,4.0161009162901736e-16
2024-08-01,Turnover-Aware Max Sharpe γ=0.05,IWM,0.0
2024-08-01,Turnover-Aware Max Sharpe γ=0.05,LQD,0.0
2024-08-01,Turnover-Aware Max Sharpe γ=0.05,QQQ,0.2999999999999999
2024-08-01,Turnover-Aware Max Sharpe γ=0.05,SPY,0.2999999999999999
2024-08-01,Turnover-Aware Max Sharpe γ=0.05,TLT,2.6813287596886637e-17
2024-08-01,Turnover-Aware Max Sharpe γ=0.05,VNQ,0.0
2024-08-01,Turnover-Aware Max Sharpe γ=0.10,EEM,0.0
2024-08-01,Turnover-Aware Max Sharpe γ=0.10,EFA,0.09999999999999959
2024-08-01,Turnover-Aware Max Sharpe γ=0.10,GLD,0.2999999999999998
2024-08-01,Turnover-Aware Max Sharpe γ=0.10,IEF,0.0
2024-08-01,Turnover-Aware Max Sharpe γ=0.10,IWM,2.498001805406602e-16
2024-08-01,Turnover-Aware Max Sharpe γ=0.10,LQD,1.8041124150158794e-16
2024-08-01,Turnover-Aware Max Sharpe γ=0.10,QQQ,0.29999999999999993
2024-08-01,Turnover-Aware Max Sharpe γ=0.10,SPY,0.3
2024-08-01,Turnover-Aware Max Sharpe γ=0.10,TLT,1.942890293094024e-16
2024-08-01,Turnover-Aware Max Sharpe γ=0.10,VNQ,1.6653345369377348e-16
2024-08-01,Turnover-Aware Max Sharpe γ=0.25,EEM,4.163336342344335e-17
2024-08-01,Turnover-Aware Max Sharpe γ=0.25,EFA,0.10000000000000035
2024-08-01,Turnover-Aware Max Sharpe γ=0.25,GLD,0.29999999999999943
2024-08-01,Turnover-Aware Max Sharpe γ=0.25,IEF,0.0
2024-08-01,Turnover-Aware Max Sharpe γ=0.25,IWM,4.163336342344335e-17
2024-08-01,Turnover-Aware Max Sharpe γ=0.25,LQD,2.77555756156289e-17
2024-08-01,Turnover-Aware Max Sharpe γ=0.25,QQQ,0.2999999999999997
2024-08-01,Turnover-Aware Max Sharpe γ=0.25,SPY,0.2999999999999999
2024-08-01,Turnover-Aware Max Sharpe γ=0.25,TLT,5.412337245047636e-16
2024-08-01,Turnover-Aware Max Sharpe γ=0.25,VNQ,0.0
2024-10-01,Combined Robust Max Sharpe λ=0.50 γ=0.10,EEM,9.71445146547012e-17
2024-10-01,Combined Robust Max Sharpe λ=0.50 γ=0.10,EFA,0.1
2024-10-01,Combined Robust Max Sharpe λ=0.50 γ=0.10,GLD,0.3
2024-10-01,Combined Robust Max Sharpe λ=0.50 γ=0.10,IEF,0.0
2024-10-01,Combined Robust Max Sharpe λ=0.50 γ=0.10,IWM,9.71445146547012e-17
2024-10-01,Combined Robust Max Sharpe λ=0.50 γ=0.10,LQD,0.0
2024-10-01,Combined Robust Max Sharpe λ=0.50 γ=0.10,QQQ,0.2999999999999996
2024-10-01,Combined Robust Max Sharpe λ=0.50 γ=0.10,SPY,0.3
2024-10-01,Combined Robust Max Sharpe λ=0.50 γ=0.10,TLT,0.0
2024-10-01,Combined Robust Max Sharpe λ=0.50 γ=0.10,VNQ,2.914335439641036e-16
2024-10-01,Equal Weight,EEM,0.1
2024-10-01,Equal Weight,EFA,0.1
2024-10-01,Equal Weight,GLD,0.1
2024-10-01,Equal Weight,IEF,0.1
2024-10-01,Equal Weight,IWM,0.1
2024-10-01,Equal Weight,LQD,0.1
2024-10-01,Equal Weight,QQQ,0.1
2024-10-01,Equal Weight,SPY,0.1
2024-10-01,Equal Weight,TLT,0.1
2024-10-01,Equal Weight,VNQ,0.1
2024-10-01,Maximum Sharpe,EEM,4.1633363423443364e-17
2024-10-01,Maximum Sharpe,EFA,0.10000000000000012
2024-10-01,Maximum Sharpe,GLD,0.2999999999999998
2024-10-01,Maximum Sharpe,IEF,3.1918911957973246e-16
2024-10-01,Maximum Sharpe,IWM,6.938893903907227e-17
2024-10-01,Maximum Sharpe,LQD,1.3877787807814454e-17
2024-10-01,Maximum Sharpe,QQQ,0.29999999999999943
2024-10-01,Maximum Sharpe,SPY,0.2999999999999998
2024-10-01,Maximum Sharpe,TLT,3.608224830031758e-16
2024-10-01,Maximum Sharpe,VNQ,0.0
2024-10-01,Minimum Variance,EEM,0.041368061387162834
2024-10-01,Minimum Variance,EFA,0.0
2024-10-01,Minimum Variance,GLD,0.21975580214850404
2024-10-01,Minimum Variance,IEF,0.3
2024-10-01,Minimum Variance,IWM,0.0
2024-10-01,Minimum Variance,LQD,0.29999999999999993
2024-10-01,Minimum Variance,QQQ,0.0
2024-10-01,Minimum Variance,SPY,0.13887613646433333
2024-10-01,Minimum Variance,TLT,6.667877189454475e-17
2024-10-01,Minimum Variance,VNQ,0.0
2024-10-01,SPY,EEM,0.0
2024-10-01,SPY,EFA,0.0
2024-10-01,SPY,GLD,0.0
2024-10-01,SPY,IEF,0.0
2024-10-01,SPY,IWM,0.0
2024-10-01,SPY,LQD,0.0
2024-10-01,SPY,QQQ,0.0
2024-10-01,SPY,SPY,1.0
2024-10-01,SPY,TLT,0.0
2024-10-01,SPY,VNQ,0.0
2024-10-01,Shrunk Max Sharpe λ=0.25,EEM,0.0
2024-10-01,Shrunk Max Sharpe λ=0.25,EFA,0.07739011148097721
2024-10-01,Shrunk Max Sharpe λ=0.25,GLD,0.3000000000000003
2024-10-01,Shrunk Max Sharpe λ=0.25,IEF,0.02260988851902196
2024-10-01,Shrunk Max Sharpe λ=0.25,IWM,0.0
2024-10-01,Shrunk Max Sharpe λ=0.25,LQD,0.0
2024-10-01,Shrunk Max Sharpe λ=0.25,QQQ,0.3000000000000003
2024-10-01,Shrunk Max Sharpe λ=0.25,SPY,0.3000000000000003
2024-10-01,Shrunk Max Sharpe λ=0.25,TLT,1.0274430016499378e-17
2024-10-01,Shrunk Max Sharpe λ=0.25,VNQ,0.0
2024-10-01,Shrunk Max Sharpe λ=0.50,EEM,1.662817158948279e-16
2024-10-01,Shrunk Max Sharpe λ=0.50,EFA,0.017302282909297792
2024-10-01,Shrunk Max Sharpe λ=0.50,GLD,0.2999999999999997
2024-10-01,Shrunk Max Sharpe λ=0.50,IEF,0.16981703811426013
2024-10-01,Shrunk Max Sharpe λ=0.50,IWM,1.6152346281180095e-16
2024-10-01,Shrunk Max Sharpe λ=0.50,LQD,5.835733310236836e-17
2024-10-01,Shrunk Max Sharpe λ=0.50,QQQ,0.21288067897644228
2024-10-01,Shrunk Max Sharpe λ=0.50,SPY,0.29999999999999993
2024-10-01,Shrunk Max Sharpe λ=0.50,TLT,0.0
2024-10-01,Shrunk Max Sharpe λ=0.50,VNQ,0.0
2024-10-01,Shrunk Max Sharpe λ=0.75,EEM,0.0
2024-10-01,Shrunk Max Sharpe λ=0.75,EFA,0.038131933648096444
2024-10-01,Shrunk Max Sharpe λ=0.75,GLD,0.30000000000000077
2024-10-01,Shrunk Max Sharpe λ=0.75,IEF,0.30000000000000077
2024-10-01,Shrunk Max Sharpe λ=0.75,IWM,0.0
2024-10-01,Shrunk Max Sharpe λ=0.75,LQD,0.02176111665602311
2024-10-01,Shrunk Max Sharpe λ=0.75,QQQ,0.04010694969587811
2024-10-01,Shrunk Max Sharpe λ=0.75,SPY,0.30000000000000077
2024-10-01,Shrunk Max Sharpe λ=0.75,TLT,0.0
2024-10-01,Shrunk Max Sharpe λ=0.75,VNQ,0.0
2024-10-01,Turnover-Aware Max Sharpe γ=0.05,EEM,0.0
2024-10-01,Turnover-Aware Max Sharpe γ=0.05,EFA,0.09999999999999984
2024-10-01,Turnover-Aware Max Sharpe γ=0.05,GLD,0.29999999999999993
2024-10-01,Turnover-Aware Max Sharpe γ=0.05,IEF,1.6653345369377346e-16
2024-10-01,Turnover-Aware Max Sharpe γ=0.05,IWM,2.081668171172168e-16
2024-10-01,Turnover-Aware Max Sharpe γ=0.05,LQD,2.7755575615628907e-17
2024-10-01,Turnover-Aware Max Sharpe γ=0.05,QQQ,0.29999999999999993
2024-10-01,Turnover-Aware Max Sharpe γ=0.05,SPY,0.29999999999999993
2024-10-01,Turnover-Aware Max Sharpe γ=0.05,TLT,0.0
2024-10-01,Turnover-Aware Max Sharpe γ=0.05,VNQ,0.0
2024-10-01,Turnover-Aware Max Sharpe γ=0.10,EEM,4.163336342344335e-17
2024-10-01,Turnover-Aware Max Sharpe γ=0.10,EFA,0.10000000000000027
2024-10-01,Turnover-Aware Max Sharpe γ=0.10,GLD,0.2999999999999999
2024-10-01,Turnover-Aware Max Sharpe γ=0.10,IEF,0.0
2024-10-01,Turnover-Aware Max Sharpe γ=0.10,IWM,0.0
2024-10-01,Turnover-Aware Max Sharpe γ=0.10,LQD,0.0
2024-10-01,Turnover-Aware Max Sharpe γ=0.10,QQQ,0.2999999999999999
2024-10-01,Turnover-Aware Max Sharpe γ=0.10,SPY,0.2999999999999999
2024-10-01,Turnover-Aware Max Sharpe γ=0.10,TLT,0.0
2024-10-01,Turnover-Aware Max Sharpe γ=0.10,VNQ,1.8041124150158786e-16
2024-10-01,Turnover-Aware Max Sharpe γ=0.25,EEM,6.938893903907231e-17
2024-10-01,Turnover-Aware Max Sharpe γ=0.25,EFA,0.10000000000000035
2024-10-01,Turnover-Aware Max Sharpe γ=0.25,GLD,0.2999999999999994
2024-10-01,Turnover-Aware Max Sharpe γ=0.25,IEF,1.110223024625157e-16
2024-10-01,Turnover-Aware Max Sharpe γ=0.25,IWM,2.0816681711721693e-16
2024-10-01,Turnover-Aware Max Sharpe γ=0.25,LQD,0.0
2024-10-01,Turnover-Aware Max Sharpe γ=0.25,QQQ,0.2999999999999998
2024-10-01,Turnover-Aware Max Sharpe γ=0.25,SPY,0.3000000000000001
2024-10-01,Turnover-Aware Max Sharpe γ=0.25,TLT,9.714451465470123e-17
2024-10-01,Turnover-Aware Max Sharpe γ=0.25,VNQ,0.0
2024-11-01,Combined Robust Max Sharpe λ=0.50 γ=0.10,EEM,0.0
2024-11-01,Combined Robust Max Sharpe λ=0.50 γ=0.10,EFA,0.09999999999999991
2024-11-01,Combined Robust Max Sharpe λ=0.50 γ=0.10,GLD,0.2999999999999999
2024-11-01,Combined Robust Max Sharpe λ=0.50 γ=0.10,IEF,0.0
2024-11-01,Combined Robust Max Sharpe λ=0.50 γ=0.10,IWM,2.775557561562891e-16
2024-11-01,Combined Robust Max Sharpe λ=0.50 γ=0.10,LQD,0.0
2024-11-01,Combined Robust Max Sharpe λ=0.50 γ=0.10,QQQ,0.2999999999999998
2024-11-01,Combined Robust Max Sharpe λ=0.50 γ=0.10,SPY,0.29999999999999993
2024-11-01,Combined Robust Max Sharpe λ=0.50 γ=0.10,TLT,1.52655665885959e-16
2024-11-01,Combined Robust Max Sharpe λ=0.50 γ=0.10,VNQ,2.081668171172168e-16
2024-11-01,Equal Weight,EEM,0.1
2024-11-01,Equal Weight,EFA,0.1
2024-11-01,Equal Weight,GLD,0.1
2024-11-01,Equal Weight,IEF,0.1
2024-11-01,Equal Weight,IWM,0.1
2024-11-01,Equal Weight,LQD,0.1
2024-11-01,Equal Weight,QQQ,0.1
2024-11-01,Equal Weight,SPY,0.1
2024-11-01,Equal Weight,TLT,0.1
2024-11-01,Equal Weight,VNQ,0.1
2024-11-01,Maximum Sharpe,EEM,0.0
2024-11-01,Maximum Sharpe,EFA,0.09549022817260219
2024-11-01,Maximum Sharpe,GLD,0.29999999999999993
2024-11-01,Maximum Sharpe,IEF,0.004509771827398008
2024-11-01,Maximum Sharpe,IWM,0.0
2024-11-01,Maximum Sharpe,LQD,0.0
2024-11-01,Maximum Sharpe,QQQ,0.29999999999999993
2024-11-01,Maximum Sharpe,SPY,0.29999999999999993
2024-11-01,Maximum Sharpe,TLT,0.0
2024-11-01,Maximum Sharpe,VNQ,0.0
2024-11-01,Minimum Variance,EEM,0.04011124082397347
2024-11-01,Minimum Variance,EFA,6.219568975213384e-17
2024-11-01,Minimum Variance,GLD,0.21993449194179432
2024-11-01,Minimum Variance,IEF,0.3
2024-11-01,Minimum Variance,IWM,0.0
2024-11-01,Minimum Variance,LQD,0.3
2024-11-01,Minimum Variance,QQQ,6.229734195081237e-19
2024-11-01,Minimum Variance,SPY,0.1399542672342321
2024-11-01,Minimum Variance,TLT,7.13864313741825e-17
2024-11-01,Minimum Variance,VNQ,0.0
2024-11-01,SPY,EEM,0.0
2024-11-01,SPY,EFA,0.0
2024-11-01,SPY,GLD,0.0
2024-11-01,SPY,IEF,0.0
2024-11-01,SPY,IWM,0.0
2024-11-01,SPY,LQD,0.0
2024-11-01,SPY,QQQ,0.0
2024-11-01,SPY,SPY,1.0
2024-11-01,SPY,TLT,0.0
2024-11-01,SPY,VNQ,0.0
2024-11-01,Shrunk Max Sharpe λ=0.25,EEM,0.0
2024-11-01,Shrunk Max Sharpe λ=0.25,EFA,0.07185333009807725
2024-11-01,Shrunk Max Sharpe λ=0.25,GLD,0.29999999999999966
2024-11-01,Shrunk Max Sharpe λ=0.25,IEF,0.02814666990192311
2024-11-01,Shrunk Max Sharpe λ=0.25,IWM,1.7299389860277836e-16
2024-11-01,Shrunk Max Sharpe λ=0.25,LQD,9.696044120489751e-17
2024-11-01,Shrunk Max Sharpe λ=0.25,QQQ,0.2999999999999997
2024-11-01,Shrunk Max Sharpe λ=0.25,SPY,0.3
2024-11-01,Shrunk Max Sharpe λ=0.25,TLT,4.542444990224927e-17
2024-11-01,Shrunk Max Sharpe λ=0.25,VNQ,6.640709648997502e-17
2024-11-01,Shrunk Max Sharpe λ=0.50,EEM,8.127297954377892e-17
2024-11-01,Shrunk Max Sharpe λ=0.50,EFA,0.02998435565845222
2024-11-01,Shrunk Max Sharpe λ=0.50,GLD,0.29999999999999977
2024-11-01,Shrunk Max Sharpe λ=0.50,IEF,0.07001564434154763
2024-11-01,Shrunk Max Sharpe λ=0.50,IWM,6.502824467723616e-17
2024-11-01,Shrunk Max Sharpe λ=0.50,LQD,1.5673742996710963e-16
2024-11-01,Shrunk Max Sharpe λ=0.50,QQQ,0.2999999999999998
2024-11-01,Shrunk Max Sharpe λ=0.50,SPY,0.30000000000000004
2024-11-01,Shrunk Max Sharpe λ=0.50,TLT,1.6410884946219684e-16
2024-11-01,Shrunk Max Sharpe λ=0.50,VNQ,1.3789902468487732e-16
2024-11-01,Shrunk Max Sharpe λ=0.75,EEM,0.0
2024-11-01,Shrunk Max Sharpe λ=0.75,EFA,0.0
2024-11-01,Shrunk Max Sharpe λ=0.75,GLD,0.2999999999999997
2024-11-01,Shrunk Max Sharpe λ=0.75,IEF,0.11279344155122653
2024-11-01,Shrunk Max Sharpe λ=0.75,IWM,1.789799600786091e-16
2024-11-01,Shrunk Max Sharpe λ=0.75,LQD,0.0
2024-11-01,Shrunk Max Sharpe λ=0.75,QQQ,0.2872065584487737
2024-11-01,Shrunk Max Sharpe λ=0.75,SPY,0.29999999999999954
2024-11-01,Shrunk Max Sharpe λ=0.75,TLT,0.0
2024-11-01,Shrunk Max Sharpe λ=0.75,VNQ,3.0221477762083955e-16
2024-11-01,Turnover-Aware Max Sharpe γ=0.05,EEM,0.0
2024-11-01,Turnover-Aware Max Sharpe γ=0.05,EFA,0.09999999999999902
2024-11-01,Turnover-Aware Max Sharpe γ=0.05,GLD,0.2999999999999999
2024-11-01,Turnover-Aware Max Sharpe γ=0.05,IEF,4.1633363423443364e-17
2024-11-01,Turnover-Aware Max Sharpe γ=0.05,IWM,1.0269562977782696e-15
2024-11-01,Turnover-Aware Max Sharpe γ=0.05,LQD,0.0
2024-11-01,Turnover-Aware Max Sharpe γ=0.05,QQQ,0.29999999999999993
2024-11-01,Turnover-Aware Max Sharpe γ=0.05,SPY,0.29999999999999993
2024-11-01,Turnover-Aware Max Sharpe γ=0.05,TLT,1.9428902930940235e-16
2024-11-01,Turnover-Aware Max Sharpe γ=0.05,VNQ,0.0
2024-11-01,Turnover-Aware Max Sharpe γ=0.10,EEM,0.0
2024-11-01,Turnover-Aware Max Sharpe γ=0.10,EFA,0.10000000000000002
2024-11-01,Turnover-Aware Max Sharpe γ=0.10,GLD,0.2999999999999995
2024-11-01,Turnover-Aware Max Sharpe γ=0.10,IEF,2.4980018054066007e-16
2024-11-01,Turnover-Aware Max Sharpe γ=0.10,IWM,0.0
2024-11-01,Turnover-Aware Max Sharpe γ=0.10,LQD,3.8857805861880454e-16
2024-11-01,Turnover-Aware Max Sharpe γ=0.10,QQQ,0.29999999999999977
2024-11-01,Turnover-Aware Max Sharpe γ=0.10,SPY,0.29999999999999977
2024-11-01,Turnover-Aware Max Sharpe γ=0.10,TLT,0.0
2024-11-01,Turnover-Aware Max Sharpe γ=0.10,VNQ,2.636779683484745e-16
2024-11-01,Turnover-Aware Max Sharpe γ=0.25,EEM,0.0
2024-11-01,Turnover-Aware Max Sharpe γ=0.25,EFA,0.10000000000000034
2024-11-01,Turnover-Aware Max Sharpe γ=0.25,GLD,0.2999999999999999
2024-11-01,Turnover-Aware Max Sharpe γ=0.25,IEF,5.55111512312578e-17
2024-11-01,Turnover-Aware Max Sharpe γ=0.25,IWM,0.0
2024-11-01,Turnover-Aware Max Sharpe γ=0.25,LQD,8.32667268468867e-17
2024-11-01,Turnover-Aware Max Sharpe γ=0.25,QQQ,0.2999999999999999
2024-11-01,Turnover-Aware Max Sharpe γ=0.25,SPY,0.2999999999999999
2024-11-01,Turnover-Aware Max Sharpe γ=0.25,TLT,0.0
2024-11-01,Turnover-Aware Max Sharpe γ=0.25,VNQ,0.0
2025-04-01,Combined Robust Max Sharpe λ=0.50 γ=0.10,EEM,0.0
2025-04-01,Combined Robust Max Sharpe λ=0.50 γ=0.10,EFA,0.09999999999999973
2025-04-01,Combined Robust Max Sharpe λ=0.50 γ=0.10,GLD,0.3000000000000001
2025-04-01,Combined Robust Max Sharpe λ=0.50 γ=0.10,IEF,0.15783758184000612
2025-04-01,Combined Robust Max Sharpe λ=0.50 γ=0.10,IWM,0.0
2025-04-01,Combined Robust Max Sharpe λ=0.50 γ=0.10,LQD,3.58983495881929e-16
2025-04-01,Combined Robust Max Sharpe λ=0.50 γ=0.10,QQQ,0.14216241815999367
2025-04-01,Combined Robust Max Sharpe λ=0.50 γ=0.10,SPY,0.3000000000000001
2025-04-01,Combined Robust Max Sharpe λ=0.50 γ=0.10,TLT,0.0
2025-04-01,Combined Robust Max Sharpe λ=0.50 γ=0.10,VNQ,0.0
2025-04-01,Equal Weight,EEM,0.1
2025-04-01,Equal Weight,EFA,0.1
2025-04-01,Equal Weight,GLD,0.1
2025-04-01,Equal Weight,IEF,0.1
2025-04-01,Equal Weight,IWM,0.1
2025-04-01,Equal Weight,LQD,0.1
2025-04-01,Equal Weight,QQQ,0.1
2025-04-01,Equal Weight,SPY,0.1
2025-04-01,Equal Weight,TLT,0.1
2025-04-01,Equal Weight,VNQ,0.1
2025-04-01,Maximum Sharpe,EEM,1.3747835425031617e-15
2025-04-01,Maximum Sharpe,EFA,0.2357904521924004
2025-04-01,Maximum Sharpe,GLD,0.29999999999999294
2025-04-01,Maximum Sharpe,IEF,0.004939272116500167
2025-04-01,Maximum Sharpe,IWM,2.2276986845998303e-15
2025-04-01,Maximum Sharpe,LQD,0.0
2025-04-01,Maximum Sharpe,QQQ,0.1592702756911075
2025-04-01,Maximum Sharpe,SPY,0.2999999999999935
2025-04-01,Maximum Sharpe,TLT,1.0646053693246425e-16
2025-04-01,Maximum Sharpe,VNQ,1.7455270529597916e-15
2025-04-01,Minimum Variance,EEM,0.05255387155735992
2025-04-01,Minimum Variance,EFA,1.0241832081696153e-18
2025-04-01,Minimum Variance,GLD,0.2095933762174272
2025-04-01,Minimum Variance,IEF,0.3
2025-04-01,Minimum Variance,IWM,1.084722537986573e-17
2025-04-01,Minimum Variance,LQD,0.3
2025-04-01,Minimum Variance,QQQ,2.67601856750977e-17
2025-04-01,Minimum Variance,SPY,0.13785275222521284
2025-04-01,Minimum Variance,TLT,0.0
2025-04-01,Minimum Variance,VNQ,9.773678287686053e-18
2025-04-01,SPY,EEM,0.0
2025-04-01,SPY,EFA,0.0
2025-04-01,SPY,GLD,0.0
2025-04-01,SPY,IEF,0.0
2025-04-01,SPY,IWM,0.0
2025-04-01,SPY,LQD,0.0
2025-04-01,SPY,QQQ,0.0
2025-04-01,SPY,SPY,1.0
2025-04-01,SPY,TLT,0.0
2025-04-01,SPY,VNQ,0.0
2025-04-01,Shrunk Max Sharpe λ=0.25,EEM,6.357423304998476e-16
2025-04-01,Shrunk Max Sharpe λ=0.25,EFA,0.1789685136236749
2025-04-01,Shrunk Max Sharpe λ=0.25,GLD,0.299999999999999
2025-04-01,Shrunk Max Sharpe λ=0.25,IEF,0.11629838064446767
2025-04-01,Shrunk Max Sharpe λ=0.25,IWM,3.2643272842104763e-16
2025-04-01,Shrunk Max Sharpe λ=0.25,LQD,5.355019081288009e-15
2025-04-01,Shrunk Max Sharpe λ=0.25,QQQ,0.10473310573185216
2025-04-01,Shrunk Max Sharpe λ=0.25,SPY,0.29999999999999866
2025-04-01,Shrunk Max Sharpe λ=0.25,TLT,4.604406888465429e-16
2025-04-01,Shrunk Max Sharpe λ=0.25,VNQ,6.980405014346192e-16
2025-04-01,Shrunk Max Sharpe λ=0.50,EEM,0.0
2025-04-01,Shrunk Max Sharpe λ=0.50,EFA,0.11214794523995447
2025-04-01,Shrunk Max Sharpe λ=0.50,GLD,0.29999999999999993
2025-04-01,Shrunk Max Sharpe λ=0.50,IEF,0.24725271784174457
2025-04-01,Shrunk Max Sharpe λ=0.50,IWM,0.0
2025-04-01,Shrunk Max Sharpe λ=0.50,LQD,0.0
2025-04-01,Shrunk Max Sharpe λ=0.50,QQQ,0.04059933691830113
2025-04-01,Shrunk Max Sharpe λ=0.50,SPY,0.29999999999999993
2025-04-01,Shrunk Max Sharpe λ=0.50,TLT,0.0
2025-04-01,Shrunk Max Sharpe λ=0.50,VNQ,0.0
2025-04-01,Shrunk Max Sharpe λ=0.75,EEM,2.4955832980720804e-15
2025-04-01,Shrunk Max Sharpe λ=0.75,EFA,0.010914392905208027
2025-04-01,Shrunk Max Sharpe λ=0.75,GLD,0.29999999999999666
2025-04-01,Shrunk Max Sharpe λ=0.75,IEF,0.29999999999999777
2025-04-01,Shrunk Max Sharpe λ=0.75,IWM,1.4833935490683028e-15
2025-04-01,Shrunk Max Sharpe λ=0.75,LQD,0.0890856070947947
2025-04-01,Shrunk Max Sharpe λ=0.75,QQQ,7.354302905867936e-16
2025-04-01,Shrunk Max Sharpe λ=0.75,SPY,0.2999999999999956
2025-04-01,Shrunk Max Sharpe λ=0.75,TLT,1.0714190825731747e-15
2025-04-01,Shrunk Max Sharpe λ=0.75,VNQ,1.5565415052138454e-15
2025-04-01,Turnover-Aware Max Sharpe γ=0.05,EEM,1.0856423115338178e-15
2025-04-01,Turnover-Aware Max Sharpe γ=0.05,EFA,0.17007428604000802
2025-04-01,Turnover-Aware Max Sharpe γ=0.05,GLD,0.2999999999999972
2025-04-01,Turnover-Aware Max Sharpe γ=0.05,IEF,8.700184835074493e-17
2025-04-01,Turnover-Aware Max Sharpe γ=0.05,IWM,1.700048209196006e-15
2025-04-01,Turnover-Aware Max Sharpe γ=0.05,LQD,0.0
2025-04-01,Turnover-Aware Max Sharpe γ=0.05,QQQ,0.22992571395999145
2025-04-01,Turnover-Aware Max Sharpe γ=0.05,SPY,0.2999999999999991
2025-04-01,Turnover-Aware Max Sharpe γ=0.05,TLT,1.8395867640506844e-16
2025-04-01,Turnover-Aware Max Sharpe γ=0.05,VNQ,1.0002371058730751e-15
2025-04-01,Turnover-Aware Max Sharpe γ=0.10,EEM,2.9143354396410354e-16
2025-04-01,Turnover-Aware Max Sharpe γ=0.10,EFA,0.09999999999999991
2025-04-01,Turnover-Aware Max Sharpe γ=0.10,GLD,0.29999999999999954
2025-04-01,Turnover-Aware Max Sharpe γ=0.10,IEF,4.163336342344336e-16
2025-04-01,Turnover-Aware Max Sharpe γ=0.10,IWM,0.0
2025-04-01,Turnover-Aware Max Sharpe γ=0.10,LQD,6.938893903907227e-17
2025-04-01,Turnover-Aware Max Sharpe γ=0.10,QQQ,0.29999999999999977
2025-04-01,Turnover-Aware Max Sharpe γ=0.10,SPY,0.2999999999999996
2025-04-01,Turnover-Aware Max Sharpe γ=0.10,TLT,2.359223927328457e-16
2025-04-01,Turnover-Aware Max Sharpe γ=0.10,VNQ,2.359223927328457e-16
2025-04-01,Turnover-Aware Max Sharpe γ=0.25,EEM,1.9428902930940227e-16
2025-04-01,Turnover-Aware Max Sharpe γ=0.25,EFA,0.10000000000000042
2025-04-01,Turnover-Aware Max Sharpe γ=0.25,GLD,0.2999999999999995
2025-04-01,Turnover-Aware Max Sharpe γ=0.25,IEF,0.0
2025-04-01,Turnover-Aware Max Sharpe γ=0.25,IWM,0.0
2025-04-01,Turnover-Aware Max Sharpe γ=0.25,LQD,0.0
2025-04-01,Turnover-Aware Max Sharpe γ=0.25,QQQ,0.29999999999999977
2025-04-01,Turnover-Aware Max Sharpe γ=0.25,SPY,0.2999999999999996
2025-04-01,Turnover-Aware Max Sharpe γ=0.25,TLT,0.0
2025-04-01,Turnover-Aware Max Sharpe γ=0.25,VNQ,1.8041124150158781e-16
2025-05-01,Combined Robust Max Sharpe λ=0.50 γ=0.10,EEM,0.0
2025-05-01,Combined Robust Max Sharpe λ=0.50 γ=0.10,EFA,0.06426226526980652
2025-05-01,Combined Robust Max Sharpe λ=0.50 γ=0.10,GLD,0.3000000000000002
2025-05-01,Combined Robust Max Sharpe λ=0.50 γ=0.10,IEF,0.3000000000000002
2025-05-01,Combined Robust Max Sharpe λ=0.50 γ=0.10,IWM,0.0
2025-05-01,Combined Robust Max Sharpe λ=0.50 γ=0.10,LQD,0.013251237153211913
2025-05-01,Combined Robust Max Sharpe λ=0.50 γ=0.10,QQQ,0.02248649757698086
2025-05-01,Combined Robust Max Sharpe λ=0.50 γ=0.10,SPY,0.3000000000000002
2025-05-01,Combined Robust Max Sharpe λ=0.50 γ=0.10,TLT,0.0
2025-05-01,Combined Robust Max Sharpe λ=0.50 γ=0.10,VNQ,0.0
2025-05-01,Equal Weight,EEM,0.1
2025-05-01,Equal Weight,EFA,0.1
2025-05-01,Equal Weight,GLD,0.1
2025-05-01,Equal Weight,IEF,0.1
2025-05-01,Equal Weight,IWM,0.1
2025-05-01,Equal Weight,LQD,0.1
2025-05-01,Equal Weight,QQQ,0.1
2025-05-01,Equal Weight,SPY,0.1
2025-05-01,Equal Weight,TLT,0.1
2025-05-01,Equal Weight,VNQ,0.1
2025-05-01,Maximum Sharpe,EEM,1.3775310302522207e-17
2025-05-01,Maximum Sharpe,EFA,0.11356299771830418
2025-05-01,Maximum Sharpe,GLD,0.29999999999999866
2025-05-01,Maximum Sharpe,IEF,0.19557330554253483
2025-05-01,Maximum Sharpe,IWM,0.0
2025-05-01,Maximum Sharpe,LQD,0.0
2025-05-01,Maximum Sharpe,QQQ,0.291799389529471
2025-05-01,Maximum Sharpe,SPY,0.09906430720969048
2025-05-01,Maximum Sharpe,TLT,9.072131027619598e-16
2025-05-01,Maximum Sharpe,VNQ,0.0
2025-05-01,Minimum Variance,EEM,0.047300676073772266
2025-05-01,Minimum Variance,EFA,0.0
2025-05-01,Minimum Variance,GLD,0.2281172072263576
2025-05-01,Minimum Variance,IEF,0.3
2025-05-01,Minimum Variance,IWM,0.0
2025-05-01,Minimum Variance,LQD,0.29999999999999993
2025-05-01,Minimum Variance,QQQ,0.0
2025-05-01,Minimum Variance,SPY,0.12458211669987024
2025-05-01,Minimum Variance,TLT,5.025489363372358e-17
2025-05-01,Minimum Variance,VNQ,1.9136569018247793e-17
2025-05-01,SPY,EEM,0.0
2025-05-01,SPY,EFA,0.0
2025-05-01,SPY,GLD,0.0
2025-05-01,SPY,IEF,0.0
2025-05-01,SPY,IWM,0.0
2025-05-01,SPY,LQD,0.0
2025-05-01,SPY,QQQ,0.0
2025-05-01,SPY,SPY,1.0
2025-05-01,SPY,TLT,0.0
2025-05-01,SPY,VNQ,0.0
2025-05-01,Shrunk Max Sharpe λ=0.25,EEM,0.0
2025-05-01,Shrunk Max Sharpe λ=0.25,EFA,0.03730462913682743
2025-05-01,Shrunk Max Sharpe λ=0.25,GLD,0.2999999999999999
2025-05-01,Shrunk Max Sharpe λ=0.25,IEF,0.2999999999999999
2025-05-01,Shrunk Max Sharpe λ=0.25,IWM,6.588883138799104e-17
2025-05-01,Shrunk Max Sharpe λ=0.25,LQD,0.0
2025-05-01,Shrunk Max Sharpe λ=0.25,QQQ,0.1363277099935449
2025-05-01,Shrunk Max Sharpe λ=0.25,SPY,0.22636766086962765
2025-05-01,Shrunk Max Sharpe λ=0.25,TLT,0.0
2025-05-01,Shrunk Max Sharpe λ=0.25,VNQ,2.0620917028931141e-16
2025-05-01,Shrunk Max Sharpe λ=0.50,EEM,0.0
2025-05-01,Shrunk Max Sharpe λ=0.50,EFA,0.0
2025-05-01,Shrunk Max Sharpe λ=0.50,GLD,0.30000000000001154
2025-05-01,Shrunk Max Sharpe λ=0.50,IEF,0.30000000000001154
2025-05-01,Shrunk Max Sharpe λ=0.50,IWM,0.0
2025-05-01,Shrunk Max Sharpe λ=0.50,LQD,0.09026901591911758
2025-05-01,Shrunk Max Sharpe λ=0.50,QQQ,0.009730984080847941
2025-05-01,Shrunk Max Sharpe λ=0.50,SPY,0.30000000000001154
2025-05-01,Shrunk Max Sharpe λ=0.50,TLT,0.0
2025-05-01,Shrunk Max Sharpe λ=0.50,VNQ,0.0
2025-05-01,Shrunk Max Sharpe λ=0.75,EEM,4.0534541120055307e-16
2025-05-01,Shrunk Max Sharpe λ=0.75,EFA,0.0
2025-05-01,Shrunk Max Sharpe λ=0.75,GLD,0.29999999999999943
2025-05-01,Shrunk Max Sharpe λ=0.75,IEF,0.2999999999999997
2025-05-01,Shrunk Max Sharpe λ=0.75,IWM,0.0
2025-05-01,Shrunk Max Sharpe λ=0.75,LQD,0.1979484849367799
2025-05-01,Shrunk Max Sharpe λ=0.75,QQQ,0.0
2025-05-01,Shrunk Max Sharpe λ=0.75,SPY,0.20205151506322025
2025-05-01,Shrunk Max Sharpe λ=0.75,TLT,2.2071226070278314e-16
2025-05-01,Shrunk Max Sharpe λ=0.75,VNQ,0.0
2025-05-01,Turnover-Aware Max Sharpe γ=0.05,EEM,3.000862916650246e-16
2025-05-01,Turnover-Aware Max Sharpe γ=0.05,EFA,0.14282017397104235
2025-05-01,Turnover-Aware Max Sharpe γ=0.05,GLD,0.2999999999999999
2025-05-01,Turnover-Aware Max Sharpe γ=0.05,IEF,0.12947895447883517
2025-05-01,Turnover-Aware Max Sharpe γ=0.05,IWM,2.2803995821514906e-16
2025-05-01,Turnover-Aware Max Sharpe γ=0.05,LQD,1.7153613023933303e-15
2025-05-01,Turnover-Aware Max Sharpe γ=0.05,QQQ,0.22992571395999356
2025-05-01,Turnover-Aware Max Sharpe γ=0.05,SPY,0.19777515759012684
2025-05-01,Turnover-Aware Max Sharpe γ=0.05,TLT,0.0
2025-05-01,Turnover-Aware Max Sharpe γ=0.05,VNQ,4.4810677661831625e-17
2025-05-01,Turnover-Aware Max Sharpe γ=0.10,EEM,4.0771083665722747e-16
2025-05-01,Turnover-Aware Max Sharpe γ=0.10,EFA,0.10000000000000092
2025-05-01,Turnover-Aware Max Sharpe γ=0.10,GLD,0.2999999999999983
2025-05-01,Turnover-Aware Max Sharpe γ=0.10,IEF,0.07352441413690208
2025-05-01,Turnover-Aware Max Sharpe γ=0.10,IWM,8.031098036114399e-16
2025-05-01,Turnover-Aware Max Sharpe γ=0.10,LQD,0.0
2025-05-01,Turnover-Aware Max Sharpe γ=0.10,QQQ,0.2672805399034993
2025-05-01,Turnover-Aware Max Sharpe γ=0.10,SPY,0.2591950459595971
2025-05-01,Turnover-Aware Max Sharpe γ=0.10,TLT,2.643028782997586e-16
2025-05-01,Turnover-Aware Max Sharpe γ=0.10,VNQ,7.962573596632204e-16
2025-05-01,Turnover-Aware Max Sharpe γ=0.25,EEM,0.0
2025-05-01,Turnover-Aware Max Sharpe γ=0.25,EFA,0.1000000000000002
2025-05-01,Turnover-Aware Max Sharpe γ=0.25,GLD,0.29999999999999954
2025-05-01,Turnover-Aware Max Sharpe γ=0.25,IEF,2.7755575615628907e-17
2025-05-01,Turnover-Aware Max Sharpe γ=0.25,IWM,0.0
2025-05-01,Turnover-Aware Max Sharpe γ=0.25,LQD,0.0
2025-05-01,Turnover-Aware Max Sharpe γ=0.25,QQQ,0.29999999999999993
2025-05-01,Turnover-Aware Max Sharpe γ=0.25,SPY,0.29999999999999954
2025-05-01,Turnover-Aware Max Sharpe γ=0.25,TLT,3.608224830031758e-16
2025-05-01,Turnover-Aware Max Sharpe γ=0.25,VNQ,3.608224830031758e-16
2025-07-01,Combined Robust Max Sharpe λ=0.50 γ=0.10,EEM,0.0
2025-07-01,Combined Robust Max Sharpe λ=0.50 γ=0.10,EFA,0.03878664281613656
2025-07-01,Combined Robust Max Sharpe λ=0.50 γ=0.10,GLD,0.3000000000000017
2025-07-01,Combined Robust Max Sharpe λ=0.50 γ=0.10,IEF,0.3000000000000017
2025-07-01,Combined Robust Max Sharpe λ=0.50 γ=0.10,IWM,0.0
2025-07-01,Combined Robust Max Sharpe λ=0.50 γ=0.10,LQD,0.03777042262514096
2025-07-01,Combined Robust Max Sharpe λ=0.50 γ=0.10,QQQ,0.023442934558717245
2025-07-01,Combined Robust Max Sharpe λ=0.50 γ=0.10,SPY,0.3000000000000017
2025-07-01,Combined Robust Max Sharpe λ=0.50 γ=0.10,TLT,0.0
2025-07-01,Combined Robust Max Sharpe λ=0.50 γ=0.10,VNQ,0.0
2025-07-01,Equal Weight,EEM,0.1
2025-07-01,Equal Weight,EFA,0.1
2025-07-01,Equal Weight,GLD,0.1
2025-07-01,Equal Weight,IEF,0.1
2025-07-01,Equal Weight,IWM,0.1
2025-07-01,Equal Weight,LQD,0.1
2025-07-01,Equal Weight,QQQ,0.1
2025-07-01,Equal Weight,SPY,0.1
2025-07-01,Equal Weight,TLT,0.1
2025-07-01,Equal Weight,VNQ,0.1
2025-07-01,Maximum Sharpe,EEM,0.0
2025-07-01,Maximum Sharpe,EFA,0.05666380366257038
2025-07-01,Maximum Sharpe,GLD,0.2999999999999999
2025-07-01,Maximum Sharpe,IEF,0.07544132831716334
2025-07-01,Maximum Sharpe,IWM,0.0
2025-07-01,Maximum Sharpe,LQD,1.5297958748738464e-15
2025-07-01,Maximum Sharpe,QQQ,0.2999999999999993
2025-07-01,Maximum Sharpe,SPY,0.2678948680202655
2025-07-01,Maximum Sharpe,TLT,0.0
2025-07-01,Maximum Sharpe,VNQ,0.0
2025-07-01,Minimum Variance,EEM,0.0443627112445688
2025-07-01,Minimum Variance,EFA,0.0
2025-07-01,Minimum Variance,GLD,0.20297203012080836
2025-07-01,Minimum Variance,IEF,0.30000000000000004
2025-07-01,Minimum Variance,IWM,8.566610901735877e-18
2025-07-01,Minimum Variance,LQD,0.3
2025-07-01,Minimum Variance,QQQ,0.0
2025-07-01,Minimum Variance,SPY,0.15266525863462296
2025-07-01,Minimum Variance,TLT,5.603932749346088e-17
2025-07-01,Minimum Variance,VNQ,1.615396709404314e-17
2025-07-01,SPY,EEM,0.0
2025-07-01,SPY,EFA,0.0
2025-07-01,SPY,GLD,0.0
2025-07-01,SPY,IEF,0.0
2025-07-01,SPY,IWM,0.0
2025-07-01,SPY,LQD,0.0
2025-07-01,SPY,QQQ,0.0
2025-07-01,SPY,SPY,1.0
2025-07-01,SPY,TLT,0.0
2025-07-01,SPY,VNQ,0.0
2025-07-01,Shrunk Max Sharpe λ=0.25,EEM,0.0
2025-07-01,Shrunk Max Sharpe λ=0.25,EFA,9.319801916297237e-17
2025-07-01,Shrunk Max Sharpe λ=0.25,GLD,0.29999999999999916
2025-07-01,Shrunk Max Sharpe λ=0.25,IEF,0.23843562727889947
2025-07-01,Shrunk Max Sharpe λ=0.25,IWM,7.48817590222416e-17
2025-07-01,Shrunk Max Sharpe λ=0.25,LQD,3.613669812319605e-16
2025-07-01,Shrunk Max Sharpe λ=0.25,QQQ,0.1615643727211013
2025-07-01,Shrunk Max Sharpe λ=0.25,SPY,0.29999999999999966
2025-07-01,Shrunk Max Sharpe λ=0.25,TLT,0.0
2025-07-01,Shrunk Max Sharpe λ=0.25,VNQ,0.0
2025-07-01,Shrunk Max Sharpe λ=0.50,EEM,6.787946026807236e-16
2025-07-01,Shrunk Max Sharpe λ=0.50,EFA,3.3443659042022427e-16
2025-07-01,Shrunk Max Sharpe λ=0.50,GLD,0.29999999999999916
2025-07-01,Shrunk Max Sharpe λ=0.50,IEF,0.29999999999999977
2025-07-01,Shrunk Max Sharpe λ=0.50,IWM,6.518653428403772e-16
2025-07-01,Shrunk Max Sharpe λ=0.50,LQD,0.06081030076187247
2025-07-01,Shrunk Max Sharpe λ=0.50,QQQ,0.03918969923812984
2025-07-01,Shrunk Max Sharpe λ=0.50,SPY,0.2999999999999958
2025-07-01,Shrunk Max Sharpe λ=0.50,TLT,7.164909149417096e-16
2025-07-01,Shrunk Max Sharpe λ=0.50,VNQ,6.011590492777626e-16
2025-07-01,Shrunk Max Sharpe λ=0.75,EEM,6.11515335463598e-17
2025-07-01,Shrunk Max Sharpe λ=0.75,EFA,0.0
2025-07-01,Shrunk Max Sharpe λ=0.75,GLD,0.2812075238299853
2025-07-01,Shrunk Max Sharpe λ=0.75,IEF,0.2999999999999989
2025-07-01,Shrunk Max Sharpe λ=0.75,IWM,0.0
2025-07-01,Shrunk Max Sharpe λ=0.75,LQD,0.1972774812996383
2025-07-01,Shrunk Max Sharpe λ=0.75,QQQ,0.0
2025-07-01,Shrunk Max Sharpe λ=0.75,SPY,0.2215149948703775
2025-07-01,Shrunk Max Sharpe λ=0.75,TLT,0.0
2025-07-01,Shrunk Max Sharpe λ=0.75,VNQ,0.0
2025-07-01,Turnover-Aware Max Sharpe γ=0.05,EEM,0.0
2025-07-01,Turnover-Aware Max Sharpe γ=0.05,EFA,0.10372129404952102
2025-07-01,Turnover-Aware Max Sharpe γ=0.05,GLD,0.29999999999999966
2025-07-01,Turnover-Aware Max Sharpe γ=0.05,IEF,0.09850354836035145
2025-07-01,Turnover-Aware Max Sharpe γ=0.05,IWM,1.6692549432172324e-17
2025-07-01,Turnover-Aware Max Sharpe γ=0.05,LQD,2.121389779347442e-15
2025-07-01,Turnover-Aware Max Sharpe γ=0.05,QQQ,0.2999999999999996
2025-07-01,Turnover-Aware Max Sharpe γ=0.05,SPY,0.19777515759012604
2025-07-01,Turnover-Aware Max Sharpe γ=0.05,TLT,0.0
2025-07-01,Turnover-Aware Max Sharpe γ=0.05,VNQ,0.0
2025-07-01,Turnover-Aware Max Sharpe γ=0.10,EEM,0.0
2025-07-01,Turnover-Aware Max Sharpe γ=0.10,EFA,0.10000000000000019
2025-07-01,Turnover-Aware Max Sharpe γ=0.10,GLD,0.2999999999999999
2025-07-01,Turnover-Aware Max Sharpe γ=0.10,IEF,0.07352441413690401
2025-07-01,Turnover-Aware Max Sharpe γ=0.10,IWM,0.0
2025-07-01,Turnover-Aware Max Sharpe γ=0.10,LQD,9.652076632087947e-17
2025-07-01,Turnover-Aware Max Sharpe γ=0.10,QQQ,0.26728053990349937
2025-07-01,Turnover-Aware Max Sharpe γ=0.10,SPY,0.25919504595959647
2025-07-01,Turnover-Aware Max Sharpe γ=0.10,TLT,0.0
2025-07-01,Turnover-Aware Max Sharpe γ=0.10,VNQ,0.0
2025-07-01,Turnover-Aware Max Sharpe γ=0.25,EEM,0.0
2025-07-01,Turnover-Aware Max Sharpe γ=0.25,EFA,0.10000000000000026
2025-07-01,Turnover-Aware Max Sharpe γ=0.25,GLD,0.2999999999999999
2025-07-01,Turnover-Aware Max Sharpe γ=0.25,IEF,0.0
2025-07-01,Turnover-Aware Max Sharpe γ=0.25,IWM,1.387778780781445e-17
2025-07-01,Turnover-Aware Max Sharpe γ=0.25,LQD,0.0
2025-07-01,Turnover-Aware Max Sharpe γ=0.25,QQQ,0.2999999999999999
2025-07-01,Turnover-Aware Max Sharpe γ=0.25,SPY,0.2999999999999993
2025-07-01,Turnover-Aware Max Sharpe γ=0.25,TLT,7.07767178198537e-16
2025-07-01,Turnover-Aware Max Sharpe γ=0.25,VNQ,0.0
2025-08-01,Combined Robust Max Sharpe λ=0.50 γ=0.10,EEM,0.0
2025-08-01,Combined Robust Max Sharpe λ=0.50 γ=0.10,EFA,0.03187695180335814
2025-08-01,Combined Robust Max Sharpe λ=0.50 γ=0.10,GLD,0.3000000000000006
2025-08-01,Combined Robust Max Sharpe λ=0.50 γ=0.10,IEF,0.3000000000000003
2025-08-01,Combined Robust Max Sharpe λ=0.50 γ=0.10,IWM,1.9886476193988847e-16
2025-08-01,Combined Robust Max Sharpe λ=0.50 γ=0.10,LQD,0.03777042262514016
2025-08-01,Combined Robust Max Sharpe λ=0.50 γ=0.10,QQQ,0.030352625571499408
2025-08-01,Combined Robust Max Sharpe λ=0.50 γ=0.10,SPY,0.3000000000000006
2025-08-01,Combined Robust Max Sharpe λ=0.50 γ=0.10,TLT,4.921869177480658e-16
2025-08-01,Combined Robust Max Sharpe λ=0.50 γ=0.10,VNQ,0.0
2025-08-01,Equal Weight,EEM,0.1
2025-08-01,Equal Weight,EFA,0.1
2025-08-01,Equal Weight,GLD,0.1
2025-08-01,Equal Weight,IEF,0.1
2025-08-01,Equal Weight,IWM,0.1
2025-08-01,Equal Weight,LQD,0.1
2025-08-01,Equal Weight,QQQ,0.1
2025-08-01,Equal Weight,SPY,0.1
2025-08-01,Equal Weight,TLT,0.1
2025-08-01,Equal Weight,VNQ,0.1
2025-08-01,Maximum Sharpe,EEM,0.0
2025-08-01,Maximum Sharpe,EFA,0.04989220389825596
2025-08-01,Maximum Sharpe,GLD,0.30000000000000027
2025-08-01,Maximum Sharpe,IEF,0.05010779610174337
2025-08-01,Maximum Sharpe,IWM,0.0
2025-08-01,Maximum Sharpe,LQD,7.048183915962965e-16
2025-08-01,Maximum Sharpe,QQQ,0.29999999999999954
2025-08-01,Maximum Sharpe,SPY,0.30000000000000027
2025-08-01,Maximum Sharpe,TLT,1.0201247075498664e-16
2025-08-01,Maximum Sharpe,VNQ,0.0
2025-08-01,Minimum Variance,EEM,0.03914389164454562
2025-08-01,Minimum Variance,EFA,4.4135676895808415e-17
2025-08-01,Minimum Variance,GLD,0.20130006299872474
2025-08-01,Minimum Variance,IEF,0.2999999999999999
2025-08-01,Minimum Variance,IWM,0.0
2025-08-01,Minimum Variance,LQD,0.2999999999999999
2025-08-01,Minimum Variance,QQQ,0.0
2025-08-01,Minimum Variance,SPY,0.1595560453567298
2025-08-01,Minimum Variance,TLT,2.7383357569775394e-17
2025-08-01,Minimum Variance,VNQ,0.0
2025-08-01,SPY,EEM,0.0
2025-08-01,SPY,EFA,0.0
2025-08-01,SPY,GLD,0.0
2025-08-01,SPY,IEF,0.0
2025-08-01,SPY,IWM,0.0
2025-08-01,SPY,LQD,0.0
2025-08-01,SPY,QQQ,0.0
2025-08-01,SPY,SPY,1.0
2025-08-01,SPY,TLT,0.0
2025-08-01,SPY,VNQ,0.0
2025-08-01,Shrunk Max Sharpe λ=0.25,EEM,7.655088897442863e-17
2025-08-01,Shrunk Max Sharpe λ=0.25,EFA,1.1787347332335101e-15
2025-08-01,Shrunk Max Sharpe λ=0.25,GLD,0.2999999999999985
2025-08-01,Shrunk Max Sharpe λ=0.25,IEF,0.2174326980138278
2025-08-01,Shrunk Max Sharpe λ=0.25,IWM,3.0522624582829933e-16
2025-08-01,Shrunk Max Sharpe λ=0.25,LQD,0.0
2025-08-01,Shrunk Max Sharpe λ=0.25,QQQ,0.1825673019861718
2025-08-01,Shrunk Max Sharpe λ=0.25,SPY,0.2999999999999995
2025-08-01,Shrunk Max Sharpe λ=0.25,TLT,2.1208286264521111e-16
2025-08-01,Shrunk Max Sharpe λ=0.25,VNQ,5.609801290412482e-16
2025-08-01,Shrunk Max Sharpe λ=0.50,EEM,0.0
2025-08-01,Shrunk Max Sharpe λ=0.50,EFA,0.0
2025-08-01,Shrunk Max Sharpe λ=0.50,GLD,0.2999999999999997
2025-08-01,Shrunk Max Sharpe λ=0.50,IEF,0.2999999999999989
2025-08-01,Shrunk Max Sharpe λ=0.50,IWM,2.4228170755373193e-16
2025-08-01,Shrunk Max Sharpe λ=0.50,LQD,0.04171410459354031
2025-08-01,Shrunk Max Sharpe λ=0.50,QQQ,0.05828589540646163
2025-08-01,Shrunk Max Sharpe λ=0.50,SPY,0.299999999999999
2025-08-01,Shrunk Max Sharpe λ=0.50,TLT,1.312092823962678e-16
2025-08-01,Shrunk Max Sharpe λ=0.50,VNQ,1.5072034245426902e-16
2025-08-01,Shrunk Max Sharpe λ=0.75,EEM,0.0
2025-08-01,Shrunk Max Sharpe λ=0.75,EFA,0.0
2025-08-01,Shrunk Max Sharpe λ=0.75,GLD,0.29999999999999893
2025-08-01,Shrunk Max Sharpe λ=0.75,IEF,0.29999999999999893
2025-08-01,Shrunk Max Sharpe λ=0.75,IWM,0.0
2025-08-01,Shrunk Max Sharpe λ=0.75,LQD,0.15835334474769944
2025-08-01,Shrunk Max Sharpe λ=0.75,QQQ,0.0
2025-08-01,Shrunk Max Sharpe λ=0.75,SPY,0.24164665525230278
2025-08-01,Shrunk Max Sharpe λ=0.75,TLT,0.0
2025-08-01,Shrunk Max Sharpe λ=0.75,VNQ,0.0
2025-08-01,Turnover-Aware Max Sharpe γ=0.05,EEM,0.0
2025-08-01,Turnover-Aware Max Sharpe γ=0.05,EFA,0.08001584865075256
2025-08-01,Turnover-Aware Max Sharpe γ=0.05,GLD,0.3000000000000002
2025-08-01,Turnover-Aware Max Sharpe γ=0.05,IEF,0.06608629531893832
2025-08-01,Turnover-Aware Max Sharpe γ=0.05,IWM,0.0
2025-08-01,Turnover-Aware Max Sharpe γ=0.05,LQD,2.4388972167832883e-15
2025-08-01,Turnover-Aware Max Sharpe γ=0.05,QQQ,0.29999999999999954
2025-08-01,Turnover-Aware Max Sharpe γ=0.05,SPY,0.253897856030307
2025-08-01,Turnover-Aware Max Sharpe γ=0.05,TLT,0.0
2025-08-01,Turnover-Aware Max Sharpe γ=0.05,VNQ,0.0
2025-08-01,Turnover-Aware Max Sharpe γ=0.10,EEM,0.0
2025-08-01,Turnover-Aware Max Sharpe γ=0.10,EFA,0.09999999999999971
2025-08-01,Turnover-Aware Max Sharpe γ=0.10,GLD,0.2999999999999999
2025-08-01,Turnover-Aware Max Sharpe γ=0.10,IEF,0.07352441413690533
2025-08-01,Turnover-Aware Max Sharpe γ=0.10,IWM,0.0
2025-08-01,Turnover-Aware Max Sharpe γ=0.10,LQD,2.093875512431367e-16
2025-08-01,Turnover-Aware Max Sharpe γ=0.10,QQQ,0.26728053990349876
2025-08-01,Turnover-Aware Max Sharpe γ=0.10,SPY,0.25919504595959625
2025-08-01,Turnover-Aware Max Sharpe γ=0.10,TLT,0.0
2025-08-01,Turnover-Aware Max Sharpe γ=0.10,VNQ,0.0
2025-08-01,Turnover-Aware Max Sharpe γ=0.25,EEM,0.0
2025-08-01,Turnover-Aware Max Sharpe γ=0.25,EFA,0.10000000000000092
2025-08-01,Turnover-Aware Max Sharpe γ=0.25,GLD,0.29999999999999966
2025-08-01,Turnover-Aware Max Sharpe γ=0.25,IEF,0.0
2025-08-01,Turnover-Aware Max Sharpe γ=0.25,IWM,0.0
2025-08-01,Turnover-Aware Max Sharpe γ=0.25,LQD,0.0
2025-08-01,Turnover-Aware Max Sharpe γ=0.25,QQQ,0.29999999999999966
2025-08-01,Turnover-Aware Max Sharpe γ=0.25,SPY,0.29999999999999966
2025-08-01,Turnover-Aware Max Sharpe γ=0.25,TLT,0.0
2025-08-01,Turnover-Aware Max Sharpe γ=0.25,VNQ,0.0
2025-10-01,Combined Robust Max Sharpe λ=0.50 γ=0.10,EEM,0.0
2025-10-01,Combined Robust Max Sharpe λ=0.50 γ=0.10,EFA,0.0
2025-10-01,Combined Robust Max Sharpe λ=0.50 γ=0.10,GLD,0.2999999999999997
2025-10-01,Combined Robust Max Sharpe λ=0.50 γ=0.10,IEF,0.2999999999999997
2025-10-01,Combined Robust Max Sharpe λ=0.50 γ=0.10,IWM,0.0
2025-10-01,Combined Robust Max Sharpe λ=0.50 γ=0.10,LQD,0.10000000000000071
2025-10-01,Combined Robust Max Sharpe λ=0.50 γ=0.10,QQQ,0.0
2025-10-01,Combined Robust Max Sharpe λ=0.50 γ=0.10,SPY,0.2999999999999997
2025-10-01,Combined Robust Max Sharpe λ=0.50 γ=0.10,TLT,0.0
2025-10-01,Combined Robust Max Sharpe λ=0.50 γ=0.10,VNQ,0.0
2025-10-01,Equal Weight,EEM,0.1
2025-10-01,Equal Weight,EFA,0.1
2025-10-01,Equal Weight,GLD,0.1
2025-10-01,Equal Weight,IEF,0.1
2025-10-01,Equal Weight,IWM,0.1
2025-10-01,Equal Weight,LQD,0.1
2025-10-01,Equal Weight,QQQ,0.1
2025-10-01,Equal Weight,SPY,0.1
2025-10-01,Equal Weight,TLT,0.1
2025-10-01,Equal Weight,VNQ,0.1
2025-10-01,Maximum Sharpe,EEM,7.671540601123884e-16
2025-10-01,Maximum Sharpe,EFA,0.05952208883693541
2025-10-01,Maximum Sharpe,GLD,0.2999999999999989
2025-10-01,Maximum Sharpe,IEF,0.20817939739235752
2025-10-01,Maximum Sharpe,IWM,6.58969619551924e-16
2025-10-01,Maximum Sharpe,LQD,0.018646340805705087
2025-10-01,Maximum Sharpe,QQQ,0.11365217296500382
2025-10-01,Maximum Sharpe,SPY,0.299999999999997
2025-10-01,Maximum Sharpe,TLT,1.0612897237258958e-16
2025-10-01,Maximum Sharpe,VNQ,8.014025933697891e-16
2025-10-01,Minimum Variance,EEM,0.025543233609315225
2025-10-01,Minimum Variance,EFA,1.7905267543060197e-17
2025-10-01,Minimum Variance,GLD,0.1912134297923151
2025-10-01,Minimum Variance,IEF,0.3
2025-10-01,Minimum Variance,IWM,5.925290356121701e-18
2025-10-01,Minimum Variance,LQD,0.3
2025-10-01,Minimum Variance,QQQ,0.0
2025-10-01,Minimum Variance,SPY,0.18324333659836964
2025-10-01,Minimum Variance,TLT,0.0
2025-10-01,Minimum Variance,VNQ,0.0
2025-10-01,SPY,EEM,0.0
2025-10-01,SPY,EFA,0.0
2025-10-01,SPY,GLD,0.0
2025-10-01,SPY,IEF,0.0
2025-10-01,SPY,IWM,0.0
2025-10-01,SPY,LQD,0.0
2025-10-01,SPY,QQQ,0.0
2025-10-01,SPY,SPY,1.0
2025-10-01,SPY,TLT,0.0
2025-10-01,SPY,VNQ,0.0
2025-10-01,Shrunk Max Sharpe λ=0.25,EEM,8.036374720739154e-16
2025-10-01,Shrunk Max Sharpe λ=0.25,EFA,0.013185412003913606
2025-10-01,Shrunk Max Sharpe λ=0.25,GLD,0.29999999999999877
2025-10-01,Shrunk Max Sharpe λ=0.25,IEF,0.29999999999999816
2025-10-01,Shrunk Max Sharpe λ=0.25,IWM,8.001012887988556e-16
2025-10-01,Shrunk Max Sharpe λ=0.25,LQD,0.038107594632371386
2025-10-01,Shrunk Max Sharpe λ=0.25,QQQ,0.04870699336371963
2025-10-01,Shrunk Max Sharpe λ=0.25,SPY,0.2999999999999961
2025-10-01,Shrunk Max Sharpe λ=0.25,TLT,0.0
2025-10-01,Shrunk Max Sharpe λ=0.25,VNQ,8.161424601752034e-16
2025-10-01,Shrunk Max Sharpe λ=0.50,EEM,4.597763525116773e-16
2025-10-01,Shrunk Max Sharpe λ=0.50,EFA,9.06144778146633e-16
2025-10-01,Shrunk Max Sharpe λ=0.50,GLD,0.2999999999999993
2025-10-01,Shrunk Max Sharpe λ=0.50,IEF,0.29999999999999716
2025-10-01,Shrunk Max Sharpe λ=0.50,IWM,1.959259855663432e-16
2025-10-01,Shrunk Max Sharpe λ=0.50,LQD,0.11629702822273345
2025-10-01,Shrunk Max Sharpe λ=0.50,QQQ,2.5845096391916222e-15
2025-10-01,Shrunk Max Sharpe λ=0.50,SPY,0.28370297177726383
2025-10-01,Shrunk Max Sharpe λ=0.50,TLT,8.153254674740834e-16
2025-10-01,Shrunk Max Sharpe λ=0.50,VNQ,1.196969813670509e-15
2025-10-01,Shrunk Max Sharpe λ=0.75,EEM,0.0
2025-10-01,Shrunk Max Sharpe λ=0.75,EFA,2.0379540668395387e-17
2025-10-01,Shrunk Max Sharpe λ=0.75,GLD,0.22431424062533795
2025-10-01,Shrunk Max Sharpe λ=0.75,IEF,0.29999999999999966
2025-10-01,Shrunk Max Sharpe λ=0.75,IWM,0.0
2025-10-01,Shrunk Max Sharpe λ=0.75,LQD,0.2812552257266757
2025-10-01,Shrunk Max Sharpe λ=0.75,QQQ,1.7740556410517828e-16
2025-10-01,Shrunk Max Sharpe λ=0.75,SPY,0.19443053364798638
2025-10-01,Shrunk Max Sharpe λ=0.75,TLT,0.0
2025-10-01,Shrunk Max Sharpe λ=0.75,VNQ,0.0
2025-10-01,Turnover-Aware Max Sharpe γ=0.05,EEM,0.0
2025-10-01,Turnover-Aware Max Sharpe γ=0.05,EFA,0.08001584865075238
2025-10-01,Turnover-Aware Max Sharpe γ=0.05,GLD,0.2999999999999993
2025-10-01,Turnover-Aware Max Sharpe γ=0.05,IEF,0.2101256047656833
2025-10-01,Turnover-Aware Max Sharpe γ=0.05,IWM,0.0
2025-10-01,Turnover-Aware Max Sharpe γ=0.05,LQD,0.0030810242362070816
2025-10-01,Turnover-Aware Max Sharpe γ=0.05,QQQ,0.15287966631704636
2025-10-01,Turnover-Aware Max Sharpe γ=0.05,SPY,0.2538978560303114
2025-10-01,Turnover-Aware Max Sharpe γ=0.05,TLT,1.685097423156013e-16
2025-10-01,Turnover-Aware Max Sharpe γ=0.05,VNQ,0.0
2025-10-01,Turnover-Aware Max Sharpe γ=0.10,EEM,3.9564152266144623e-16
2025-10-01,Turnover-Aware Max Sharpe γ=0.10,EFA,0.09999999999999906
2025-10-01,Turnover-Aware Max Sharpe γ=0.10,GLD,0.299999999999998
2025-10-01,Turnover-Aware Max Sharpe γ=0.10,IEF,0.18756369838049372
2025-10-01,Turnover-Aware Max Sharpe γ=0.10,IWM,3.9230925908845194e-16
2025-10-01,Turnover-Aware Max Sharpe γ=0.10,LQD,0.0
2025-10-01,Turnover-Aware Max Sharpe γ=0.10,QQQ,0.15324125565991192
2025-10-01,Turnover-Aware Max Sharpe γ=0.10,SPY,0.2591950459595962
2025-10-01,Turnover-Aware Max Sharpe γ=0.10,TLT,4.2267493056439573e-16
2025-10-01,Turnover-Aware Max Sharpe γ=0.10,VNQ,6.47966709762435e-17
2025-10-01,Turnover-Aware Max Sharpe γ=0.25,EEM,0.0
2025-10-01,Turnover-Aware Max Sharpe γ=0.25,EFA,0.1000000000000009
2025-10-01,Turnover-Aware Max Sharpe γ=0.25,GLD,0.2999999999999989
2025-10-01,Turnover-Aware Max Sharpe γ=0.25,IEF,0.13009192021526858
2025-10-01,Turnover-Aware Max Sharpe γ=0.25,IWM,1.68188434764775e-17
2025-10-01,Turnover-Aware Max Sharpe γ=0.25,LQD,0.0
2025-10-01,Turnover-Aware Max Sharpe γ=0.25,QQQ,0.16990807978473219
2025-10-01,Turnover-Aware Max Sharpe γ=0.25,SPY,0.2999999999999991
2025-10-01,Turnover-Aware Max Sharpe γ=0.25,TLT,3.0956664556705164e-16
2025-10-01,Turnover-Aware Max Sharpe γ=0.25,VNQ,0.0
2025-12-01,Combined Robust Max Sharpe λ=0.50 γ=0.10,EEM,1.16196404836066e-15
2025-12-01,Combined Robust Max Sharpe λ=0.50 γ=0.10,EFA,6.056125822855088e-16
2025-12-01,Combined Robust Max Sharpe λ=0.50 γ=0.10,GLD,0.2999999999999988
2025-12-01,Combined Robust Max Sharpe λ=0.50 γ=0.10,IEF,0.29999999999999716
2025-12-01,Combined Robust Max Sharpe λ=0.50 γ=0.10,IWM,7.512817624106936e-16
2025-12-01,Combined Robust Max Sharpe λ=0.50 γ=0.10,LQD,0.1000000000000016
2025-12-01,Combined Robust Max Sharpe λ=0.50 γ=0.10,QQQ,1.3739009929736314e-15
2025-12-01,Combined Robust Max Sharpe λ=0.50 γ=0.10,SPY,0.2999999999999957
2025-12-01,Combined Robust Max Sharpe λ=0.50 γ=0.10,TLT,1.396079736258223e-15
2025-12-01,Combined Robust Max Sharpe λ=0.50 γ=0.10,VNQ,1.4484068706473714e-15
2025-12-01,Equal Weight,EEM,0.1
2025-12-01,Equal Weight,EFA,0.1
2025-12-01,Equal Weight,GLD,0.1
2025-12-01,Equal Weight,IEF,0.1
2025-12-01,Equal Weight,IWM,0.1
2025-12-01,Equal Weight,LQD,0.1
2025-12-01,Equal Weight,QQQ,0.1
2025-12-01,Equal Weight,SPY,0.1
2025-12-01,Equal Weight,TLT,0.1
2025-12-01,Equal Weight,VNQ,0.1
2025-12-01,Maximum Sharpe,EEM,1.4984473653728671e-15
2025-12-01,Maximum Sharpe,EFA,1.3378716180836848e-15
2025-12-01,Maximum Sharpe,GLD,0.29999999999999766
2025-12-01,Maximum Sharpe,IEF,0.30000000000000104
2025-12-01,Maximum Sharpe,IWM,1.3669706945896413e-15
2025-12-01,Maximum Sharpe,LQD,0.0075980859308611036
2025-12-01,Maximum Sharpe,QQQ,0.30000000000000104
2025-12-01,Maximum Sharpe,SPY,0.09240191406913392
2025-12-01,Maximum Sharpe,TLT,3.9122764946811564e-16
2025-12-01,Maximum Sharpe,VNQ,6.532533096727068e-16
2025-12-01,Minimum Variance,EEM,0.011938306497819804
2025-12-01,Minimum Variance,EFA,0.011898494297807365
2025-12-01,Minimum Variance,GLD,0.16339796264688697
2025-12-01,Minimum Variance,IEF,0.3
2025-12-01,Minimum Variance,IWM,5.795601520432804e-18
2025-12-01,Minimum Variance,LQD,0.3
2025-12-01,Minimum Variance,QQQ,0.0
2025-12-01,Minimum Variance,SPY,0.2127652365574859
2025-12-01,Minimum Variance,TLT,0.0
2025-12-01,Minimum Variance,VNQ,0.0
2025-12-01,SPY,EEM,0.0
2025-12-01,SPY,EFA,0.0
2025-12-01,SPY,GLD,0.0
2025-12-01,SPY,IEF,0.0
2025-12-01,SPY,IWM,0.0
2025-12-01,SPY,LQD,0.0
2025-12-01,SPY,QQQ,0.0
2025-12-01,SPY,SPY,1.0
2025-12-01,SPY,TLT,0.0
2025-12-01,SPY,VNQ,0.0
2025-12-01,Shrunk Max Sharpe λ=0.25,EEM,0.0
2025-12-01,Shrunk Max Sharpe λ=0.25,EFA,0.0
2025-12-01,Shrunk Max Sharpe λ=0.25,GLD,0.2999999999999997
2025-12-01,Shrunk Max Sharpe λ=0.25,IEF,0.29999999999999966
2025-12-01,Shrunk Max Sharpe λ=0.25,IWM,0.0
2025-12-01,Shrunk Max Sharpe λ=0.25,LQD,0.06559335314491359
2025-12-01,Shrunk Max Sharpe λ=0.25,QQQ,0.19755207413794224
2025-12-01,Shrunk Max Sharpe λ=0.25,SPY,0.13685457271714468
2025-12-01,Shrunk Max Sharpe λ=0.25,TLT,0.0
2025-12-01,Shrunk Max Sharpe λ=0.25,VNQ,0.0
2025-12-01,Shrunk Max Sharpe λ=0.50,EEM,6.022346883726936e-16
2025-12-01,Shrunk Max Sharpe λ=0.50,EFA,8.9878936797439e-16
2025-12-01,Shrunk Max Sharpe λ=0.50,GLD,0.29999999999999916
2025-12-01,Shrunk Max Sharpe λ=0.50,IEF,0.29999999999999777
2025-12-01,Shrunk Max Sharpe λ=0.50,IWM,7.291796851366151e-16
2025-12-01,Shrunk Max Sharpe λ=0.50,LQD,0.11548072867985419
2025-12-01,Shrunk Max Sharpe λ=0.50,QQQ,0.04351985540422681
2025-12-01,Shrunk Max Sharpe λ=0.50,SPY,0.24099941591591778
2025-12-01,Shrunk Max Sharpe λ=0.50,TLT,1.581951046978811e-15
2025-12-01,Shrunk Max Sharpe λ=0.50,VNQ,4.853896470648007e-16
2025-12-01,Shrunk Max Sharpe λ=0.75,EEM,1.9949463333263982e-16
2025-12-01,Shrunk Max Sharpe λ=0.75,EFA,0.0
2025-12-01,Shrunk Max Sharpe λ=0.75,GLD,0.20600431278736436
2025-12-01,Shrunk Max Sharpe λ=0.75,IEF,0.29999999999999977
2025-12-01,Shrunk Max Sharpe λ=0.75,IWM,3.651824222801609e-17
2025-12-01,Shrunk Max Sharpe λ=0.75,LQD,0.2805656724805386
2025-12-01,Shrunk Max Sharpe λ=0.75,QQQ,3.724907311527632e-16
2025-12-01,Shrunk Max Sharpe λ=0.75,SPY,0.2134300147320967
2025-12-01,Shrunk Max Sharpe λ=0.75,TLT,0.0
2025-12-01,Shrunk Max Sharpe λ=0.75,VNQ,0.0
2025-12-01,Turnover-Aware Max Sharpe γ=0.05,EEM,0.0
2025-12-01,Turnover-Aware Max Sharpe γ=0.05,EFA,0.0
2025-12-01,Turnover-Aware Max Sharpe γ=0.05,GLD,0.29999999999999954
2025-12-01,Turnover-Aware Max Sharpe γ=0.05,IEF,0.2999999999999993
2025-12-01,Turnover-Aware Max Sharpe γ=0.05,IWM,0.0
2025-12-01,Turnover-Aware Max Sharpe γ=0.05,LQD,0.0030810242362070382
2025-12-01,Turnover-Aware Max Sharpe γ=0.05,QQQ,0.27936197963821985
2025-12-01,Turnover-Aware Max Sharpe γ=0.05,SPY,0.11755699612557428
2025-12-01,Turnover-Aware Max Sharpe γ=0.05,TLT,0.0
2025-12-01,Turnover-Aware Max Sharpe γ=0.05,VNQ,0.0
2025-12-01,Turnover-Aware Max Sharpe γ=0.10,EEM,0.0
2025-12-01,Turnover-Aware Max Sharpe γ=0.10,EFA,0.0
2025-12-01,Turnover-Aware Max Sharpe γ=0.10,GLD,0.2999999999999992
2025-12-01,Turnover-Aware Max Sharpe γ=0.10,IEF,0.28598365247252155
2025-12-01,Turnover-Aware Max Sharpe γ=0.10,IWM,0.0
2025-12-01,Turnover-Aware Max Sharpe γ=0.10,LQD,0.0
2025-12-01,Turnover-Aware Max Sharpe γ=0.10,QQQ,0.20785527179512978
2025-12-01,Turnover-Aware Max Sharpe γ=0.10,SPY,0.20616107573234896
2025-12-01,Turnover-Aware Max Sharpe γ=0.10,TLT,3.5226881862459835e-16
2025-12-01,Turnover-Aware Max Sharpe γ=0.10,VNQ,2.856269443602482e-16
2025-12-01,Turnover-Aware Max Sharpe γ=0.25,EEM,4.561398491571673e-16
2025-12-01,Turnover-Aware Max Sharpe γ=0.25,EFA,0.0
2025-12-01,Turnover-Aware Max Sharpe γ=0.25,GLD,0.2999999999999991
2025-12-01,Turnover-Aware Max Sharpe γ=0.25,IEF,0.2367798784744989
2025-12-01,Turnover-Aware Max Sharpe γ=0.25,IWM,3.8545259024259495e-16
2025-12-01,Turnover-Aware Max Sharpe γ=0.25,LQD,3.0574295140909996e-16
2025-12-01,Turnover-Aware Max Sharpe γ=0.25,QQQ,0.16990807978473263
2025-12-01,Turnover-Aware Max Sharpe γ=0.25,SPY,0.2933120417407678
2025-12-01,Turnover-Aware Max Sharpe γ=0.25,TLT,2.2219622272812007e-16
2025-12-01,Turnover-Aware Max Sharpe γ=0.25,VNQ,1.7919042673744505e-16
2026-04-01,Combined Robust Max Sharpe λ=0.50 γ=0.10,EEM,0.0
2026-04-01,Combined Robust Max Sharpe λ=0.50 γ=0.10,EFA,0.0
2026-04-01,Combined Robust Max Sharpe λ=0.50 γ=0.10,GLD,0.2678914486896205
2026-04-01,Combined Robust Max Sharpe λ=0.50 γ=0.10,IEF,0.299999999999998
2026-04-01,Combined Robust Max Sharpe λ=0.50 γ=0.10,IWM,0.0
2026-04-01,Combined Robust Max Sharpe λ=0.50 γ=0.10,LQD,0.1321085513103836
2026-04-01,Combined Robust Max Sharpe λ=0.50 γ=0.10,QQQ,0.0
2026-04-01,Combined Robust Max Sharpe λ=0.50 γ=0.10,SPY,0.2999999999999978
2026-04-01,Combined Robust Max Sharpe λ=0.50 γ=0.10,TLT,0.0
2026-04-01,Combined Robust Max Sharpe λ=0.50 γ=0.10,VNQ,0.0
2026-04-01,Equal Weight,EEM,0.1
2026-04-01,Equal Weight,EFA,0.1
2026-04-01,Equal Weight,GLD,0.1
2026-04-01,Equal Weight,IEF,0.1
2026-04-01,Equal Weight,IWM,0.1
2026-04-01,Equal Weight,LQD,0.1
2026-04-01,Equal Weight,QQQ,0.1
2026-04-01,Equal Weight,SPY,0.1
2026-04-01,Equal Weight,TLT,0.1
2026-04-01,Equal Weight,VNQ,0.1
2026-04-01,Maximum Sharpe,EEM,3.621536892414821e-16
2026-04-01,Maximum Sharpe,EFA,0.0
2026-04-01,Maximum Sharpe,GLD,0.29999999999999916
2026-04-01,Maximum Sharpe,IEF,0.27161856662817235
2026-04-01,Maximum Sharpe,IWM,0.0
2026-04-01,Maximum Sharpe,LQD,0.0
2026-04-01,Maximum Sharpe,QQQ,0.12838143337182817
2026-04-01,Maximum Sharpe,SPY,0.2999999999999995
2026-04-01,Maximum Sharpe,TLT,0.0
2026-04-01,Maximum Sharpe,VNQ,3.821287452857983e-16
2026-04-01,Minimum Variance,EEM,1.3581121621055823e-17
2026-04-01,Minimum Variance,EFA,0.0
2026-04-01,Minimum Variance,GLD,0.1209072703146592
2026-04-01,Minimum Variance,IEF,0.29999999999999993
2026-04-01,Minimum Variance,IWM,4.2905459031514e-19
2026-04-01,Minimum Variance,LQD,0.2999999999999999
2026-04-01,Minimum Variance,QQQ,1.7883292548970238e-17
2026-04-01,Minimum Variance,SPY,0.24915226488404477
2026-04-01,Minimum Variance,TLT,0.029940464801296147
2026-04-01,Minimum Variance,VNQ,0.0
2026-04-01,SPY,EEM,0.0
2026-04-01,SPY,EFA,0.0
2026-04-01,SPY,GLD,0.0
2026-04-01,SPY,IEF,0.0
2026-04-01,SPY,IWM,0.0
2026-04-01,SPY,LQD,0.0
2026-04-01,SPY,QQQ,0.0
2026-04-01,SPY,SPY,1.0
2026-04-01,SPY,TLT,0.0
2026-04-01,SPY,VNQ,0.0
2026-04-01,Shrunk Max Sharpe λ=0.25,EEM,6.267835315580847e-17
2026-04-01,Shrunk Max Sharpe λ=0.25,EFA,0.0
2026-04-01,Shrunk Max Sharpe λ=0.25,GLD,0.29999999999999993
2026-04-01,Shrunk Max Sharpe λ=0.25,IEF,0.29999999999999977
2026-04-01,Shrunk Max Sharpe λ=0.25,IWM,0.0
2026-04-01,Shrunk Max Sharpe λ=0.25,LQD,0.03822898567432383
2026-04-01,Shrunk Max Sharpe λ=0.25,QQQ,0.06177101432567659
2026-04-01,Shrunk Max Sharpe λ=0.25,SPY,0.29999999999999966
2026-04-01,Shrunk Max Sharpe λ=0.25,TLT,1.772127617268507e-16
2026-04-01,Shrunk Max Sharpe λ=0.25,VNQ,2.949228820421051e-17
2026-04-01,Shrunk Max Sharpe λ=0.50,EEM,1.6221927248846408e-16
2026-04-01,Shrunk Max Sharpe λ=0.50,EFA,0.0
2026-04-01,Shrunk Max Sharpe λ=0.50,GLD,0.24854470938219247
2026-04-01,Shrunk Max Sharpe λ=0.50,IEF,0.29999999999999905
2026-04-01,Shrunk Max Sharpe λ=0.50,IWM,1.7082945983686674e-18
2026-04-01,Shrunk Max Sharpe λ=0.50,LQD,0.16374294187526017
2026-04-01,Shrunk Max Sharpe λ=0.50,QQQ,4.309522106681872e-16
2026-04-01,Shrunk Max Sharpe λ=0.50,SPY,0.28771234874254714
2026-04-01,Shrunk Max Sharpe λ=0.50,TLT,3.282570502779264e-16
2026-04-01,Shrunk Max Sharpe λ=0.50,VNQ,1.846354241723607e-16
2026-04-01,Shrunk Max Sharpe λ=0.75,EEM,0.0
2026-04-01,Shrunk Max Sharpe λ=0.75,EFA,1.6305440992273302e-16
2026-04-01,Shrunk Max Sharpe λ=0.75,GLD,0.1628049531606266
2026-04-01,Shrunk Max Sharpe λ=0.75,IEF,0.29999999999999927
2026-04-01,Shrunk Max Sharpe λ=0.75,IWM,2.7416317191059834e-17
2026-04-01,Shrunk Max Sharpe λ=0.75,LQD,0.29999999999999916
2026-04-01,Shrunk Max Sharpe λ=0.75,QQQ,1.4207622871661446e-15
2026-04-01,Shrunk Max Sharpe λ=0.75,SPY,0.23719504683937223
2026-04-01,Shrunk Max Sharpe λ=0.75,TLT,6.630039002687186e-16
2026-04-01,Shrunk Max Sharpe λ=0.75,VNQ,5.07618008401385e-16
2026-04-01,Turnover-Aware Max Sharpe γ=0.05,EEM,0.0
2026-04-01,Turnover-Aware Max Sharpe γ=0.05,EFA,0.0
2026-04-01,Turnover-Aware Max Sharpe γ=0.05,GLD,0.3
2026-04-01,Turnover-Aware Max Sharpe γ=0.05,IEF,0.2716192904713641
2026-04-01,Turnover-Aware Max Sharpe γ=0.05,IWM,0.0
2026-04-01,Turnover-Aware Max Sharpe γ=0.05,LQD,1.6132508411181754e-16
2026-04-01,Turnover-Aware Max Sharpe γ=0.05,QQQ,0.1283807095286356
2026-04-01,Turnover-Aware Max Sharpe γ=0.05,SPY,0.3
2026-04-01,Turnover-Aware Max Sharpe γ=0.05,TLT,0.0
2026-04-01,Turnover-Aware Max Sharpe γ=0.05,VNQ,0.0
2026-04-01,Turnover-Aware Max Sharpe γ=0.10,EEM,1.247103409548048e-16
2026-04-01,Turnover-Aware Max Sharpe γ=0.10,EFA,4.2054235619123844e-16
2026-04-01,Turnover-Aware Max Sharpe γ=0.10,GLD,0.29999999999999954
2026-04-01,Turnover-Aware Max Sharpe γ=0.10,IEF,0.28598365247252167
2026-04-01,Turnover-Aware Max Sharpe γ=0.10,IWM,0.0
2026-04-01,Turnover-Aware Max Sharpe γ=0.10,LQD,3.3912167267150795e-16
2026-04-01,Turnover-Aware Max Sharpe γ=0.10,QQQ,0.20172013964945842
2026-04-01,Turnover-Aware Max Sharpe γ=0.10,SPY,0.2122962078780195
2026-04-01,Turnover-Aware Max Sharpe γ=0.10,TLT,0.0
2026-04-01,Turnover-Aware Max Sharpe γ=0.10,VNQ,9.665318830512286e-17
2026-04-01,Turnover-Aware Max Sharpe γ=0.25,EEM,0.0
2026-04-01,Turnover-Aware Max Sharpe γ=0.25,EFA,0.0
2026-04-01,Turnover-Aware Max Sharpe γ=0.25,GLD,0.2999999999999998
2026-04-01,Turnover-Aware Max Sharpe γ=0.25,IEF,0.23677987847449977
2026-04-01,Turnover-Aware Max Sharpe γ=0.25,IWM,1.7806567178480647e-16
2026-04-01,Turnover-Aware Max Sharpe γ=0.25,LQD,2.9274622029421644e-16
2026-04-01,Turnover-Aware Max Sharpe γ=0.25,QQQ,0.1699080797847325
2026-04-01,Turnover-Aware Max Sharpe γ=0.25,SPY,0.2933120417407675
2026-04-01,Turnover-Aware Max Sharpe γ=0.25,TLT,0.0
2026-04-01,Turnover-Aware Max Sharpe γ=0.25,VNQ,0.0
2026-05-01,Combined Robust Max Sharpe λ=0.50 γ=0.10,EEM,2.6591166129061807e-16
2026-05-01,Combined Robust Max Sharpe λ=0.50 γ=0.10,EFA,5.697084218311195e-17
2026-05-01,Combined Robust Max Sharpe λ=0.50 γ=0.10,GLD,0.2295171047748903
2026-05-01,Combined Robust Max Sharpe λ=0.50 γ=0.10,IEF,0.2999999999999993
2026-05-01,Combined Robust Max Sharpe λ=0.50 γ=0.10,IWM,9.354338390074288e-17
2026-05-01,Combined Robust Max Sharpe λ=0.50 γ=0.10,LQD,0.17048289522511056
2026-05-01,Combined Robust Max Sharpe λ=0.50 γ=0.10,QQQ,0.0
2026-05-01,Combined Robust Max Sharpe λ=0.50 γ=0.10,SPY,0.2999999999999991
2026-05-01,Combined Robust Max Sharpe λ=0.50 γ=0.10,TLT,1.6931937353440197e-16
2026-05-01,Combined Robust Max Sharpe λ=0.50 γ=0.10,VNQ,1.5119791904818846e-16
2026-05-01,Equal Weight,EEM,0.1
2026-05-01,Equal Weight,EFA,0.1
2026-05-01,Equal Weight,GLD,0.1
2026-05-01,Equal Weight,IEF,0.1
2026-05-01,Equal Weight,IWM,0.1
2026-05-01,Equal Weight,LQD,0.1
2026-05-01,Equal Weight,QQQ,0.1
2026-05-01,Equal Weight,SPY,0.1
2026-05-01,Equal Weight,TLT,0.1
2026-05-01,Equal Weight,VNQ,0.1
2026-05-01,Maximum Sharpe,EEM,0.0
2026-05-01,Maximum Sharpe,EFA,0.0
2026-05-01,Maximum Sharpe,GLD,0.3
2026-05-01,Maximum Sharpe,IEF,0.17787879658489686
2026-05-01,Maximum Sharpe,IWM,2.2150448510175964e-17
2026-05-01,Maximum Sharpe,LQD,0.0
2026-05-01,Maximum Sharpe,QQQ,0.2221212034151032
2026-05-01,Maximum Sharpe,SPY,0.3
2026-05-01,Maximum Sharpe,TLT,0.0
2026-05-01,Maximum Sharpe,VNQ,0.0
2026-05-01,Minimum Variance,EEM,8.783763189623796e-18
2026-05-01,Minimum Variance,EFA,7.221927615308156e-18
2026-05-01,Minimum Variance,GLD,0.1174277617811364
2026-05-01,Minimum Variance,IEF,0.3
2026-05-01,Minimum Variance,IWM,0.0
2026-05-01,Minimum Variance,LQD,0.3
2026-05-01,Minimum Variance,QQQ,1.366411990184511e-17
2026-05-01,Minimum Variance,SPY,0.2443490611198424
2026-05-01,Minimum Variance,TLT,0.03822317709902128
2026-05-01,Minimum Variance,VNQ,2.7259660417679454e-17
2026-05-01,SPY,EEM,0.0
2026-05-01,SPY,EFA,0.0
2026-05-01,SPY,GLD,0.0
2026-05-01,SPY,IEF,0.0
2026-05-01,SPY,IWM,0.0
2026-05-01,SPY,LQD,0.0
2026-05-01,SPY,QQQ,0.0
2026-05-01,SPY,SPY,1.0
2026-05-01,SPY,TLT,0.0
2026-05-01,SPY,VNQ,0.0
2026-05-01,Shrunk Max Sharpe λ=0.25,EEM,0.0
2026-05-01,Shrunk Max Sharpe λ=0.25,EFA,2.5387399197168126e-16
2026-05-01,Shrunk Max Sharpe λ=0.25,GLD,0.2999999999999999
2026-05-01,Shrunk Max Sharpe λ=0.25,IEF,0.29609771848707944
2026-05-01,Shrunk Max Sharpe λ=0.25,IWM,1.7100667101888873e-16
2026-05-01,Shrunk Max Sharpe λ=0.25,LQD,8.667318762638353e-16
2026-05-01,Shrunk Max Sharpe λ=0.25,QQQ,0.10390228151291923
2026-05-01,Shrunk Max Sharpe λ=0.25,SPY,0.3
2026-05-01,Shrunk Max Sharpe λ=0.25,TLT,1.2082459464628206e-16
2026-05-01,Shrunk Max Sharpe λ=0.25,VNQ,0.0
2026-05-01,Shrunk Max Sharpe λ=0.50,EEM,0.0
2026-05-01,Shrunk Max Sharpe λ=0.50,EFA,1.9951308426932742e-16
2026-05-01,Shrunk Max Sharpe λ=0.50,GLD,0.2151139957473665
2026-05-01,Shrunk Max Sharpe λ=0.50,IEF,0.29999999999999966
2026-05-01,Shrunk Max Sharpe λ=0.50,IWM,6.27211725196614e-17
2026-05-01,Shrunk Max Sharpe λ=0.50,LQD,0.1848860042526338
2026-05-01,Shrunk Max Sharpe λ=0.50,QQQ,0.0
2026-05-01,Shrunk Max Sharpe λ=0.50,SPY,0.2999999999999999
2026-05-01,Shrunk Max Sharpe λ=0.50,TLT,0.0
2026-05-01,Shrunk Max Sharpe λ=0.50,VNQ,0.0
2026-05-01,Shrunk Max Sharpe λ=0.75,EEM,7.083638266893799e-16
2026-05-01,Shrunk Max Sharpe λ=0.75,EFA,0.0
2026-05-01,Shrunk Max Sharpe λ=0.75,GLD,0.15095282433955284
2026-05-01,Shrunk Max Sharpe λ=0.75,IEF,0.2999999999999989
2026-05-01,Shrunk Max Sharpe λ=0.75,IWM,0.0
2026-05-01,Shrunk Max Sharpe λ=0.75,LQD,0.2999999999999989
2026-05-01,Shrunk Max Sharpe λ=0.75,QQQ,0.0
2026-05-01,Shrunk Max Sharpe λ=0.75,SPY,0.2490471756604487
2026-05-01,Shrunk Max Sharpe λ=0.75,TLT,0.0
2026-05-01,Shrunk Max Sharpe λ=0.75,VNQ,0.0
2026-05-01,Turnover-Aware Max Sharpe γ=0.05,EEM,1.347731610297041e-16
2026-05-01,Turnover-Aware Max Sharpe γ=0.05,EFA,2.341660752359889e-16
2026-05-01,Turnover-Aware Max Sharpe γ=0.05,GLD,0.29999999999999977
2026-05-01,Turnover-Aware Max Sharpe γ=0.05,IEF,0.1948556743831913
2026-05-01,Turnover-Aware Max Sharpe γ=0.05,IWM,0.0
2026-05-01,Turnover-Aware Max Sharpe γ=0.05,LQD,0.0
2026-05-01,Turnover-Aware Max Sharpe γ=0.05,QQQ,0.2051443256168085
2026-05-01,Turnover-Aware Max Sharpe γ=0.05,SPY,0.29999999999999993
2026-05-01,Turnover-Aware Max Sharpe γ=0.05,TLT,1.4352877742951733e-16
2026-05-01,Turnover-Aware Max Sharpe γ=0.05,VNQ,6.731448551862703e-17
2026-05-01,Turnover-Aware Max Sharpe γ=0.10,EEM,0.0
2026-05-01,Turnover-Aware Max Sharpe γ=0.10,EFA,2.164702322644953e-16
2026-05-01,Turnover-Aware Max Sharpe γ=0.10,GLD,0.29999999999999966
2026-05-01,Turnover-Aware Max Sharpe γ=0.10,IEF,0.2272581366653707
2026-05-01,Turnover-Aware Max Sharpe γ=0.10,IWM,0.0
2026-05-01,Turnover-Aware Max Sharpe γ=0.10,LQD,0.0
2026-05-01,Turnover-Aware Max Sharpe γ=0.10,QQQ,0.24599193346038564
2026-05-01,Turnover-Aware Max Sharpe γ=0.10,SPY,0.2267499298742435
2026-05-01,Turnover-Aware Max Sharpe γ=0.10,TLT,1.1687012208409124e-17
2026-05-01,Turnover-Aware Max Sharpe γ=0.10,VNQ,1.3084745527682084e-16
2026-05-01,Turnover-Aware Max Sharpe γ=0.25,EEM,8.736704547755904e-17
2026-05-01,Turnover-Aware Max Sharpe γ=0.25,EFA,0.0
2026-05-01,Turnover-Aware Max Sharpe γ=0.25,GLD,0.2999999999999998
2026-05-01,Turnover-Aware Max Sharpe γ=0.25,IEF,0.2367798784744995
2026-05-01,Turnover-Aware Max Sharpe γ=0.25,IWM,1.471249892149365e-16
2026-05-01,Turnover-Aware Max Sharpe γ=0.25,LQD,3.0611488753434786e-16
2026-05-01,Turnover-Aware Max Sharpe γ=0.25,QQQ,0.16990807978473302
2026-05-01,Turnover-Aware Max Sharpe γ=0.25,SPY,0.2933120417407671
2026-05-01,Turnover-Aware Max Sharpe γ=0.25,TLT,0.0
2026-05-01,Turnover-Aware Max Sharpe γ=0.25,VNQ,0.0
2026-06-01,Combined Robust Max Sharpe λ=0.50 γ=0.10,EEM,0.0
2026-06-01,Combined Robust Max Sharpe λ=0.50 γ=0.10,EFA,0.0
2026-06-01,Combined Robust Max Sharpe λ=0.50 γ=0.10,GLD,0.19732228369974625
2026-06-01,Combined Robust Max Sharpe λ=0.50 γ=0.10,IEF,0.2999999999999989
2026-06-01,Combined Robust Max Sharpe λ=0.50 γ=0.10,IWM,0.0
2026-06-01,Combined Robust Max Sharpe λ=0.50 γ=0.10,LQD,0.20267771630025605
2026-06-01,Combined Robust Max Sharpe λ=0.50 γ=0.10,QQQ,0.0
2026-06-01,Combined Robust Max Sharpe λ=0.50 γ=0.10,SPY,0.2999999999999989
2026-06-01,Combined Robust Max Sharpe λ=0.50 γ=0.10,TLT,0.0
2026-06-01,Combined Robust Max Sharpe λ=0.50 γ=0.10,VNQ,0.0
2026-06-01,Equal Weight,EEM,0.1
2026-06-01,Equal Weight,EFA,0.1
2026-06-01,Equal Weight,GLD,0.1
2026-06-01,Equal Weight,IEF,0.1
2026-06-01,Equal Weight,IWM,0.1
2026-06-01,Equal Weight,LQD,0.1
2026-06-01,Equal Weight,QQQ,0.1
2026-06-01,Equal Weight,SPY,0.1
2026-06-01,Equal Weight,TLT,0.1
2026-06-01,Equal Weight,VNQ,0.1
2026-06-01,Maximum Sharpe,EEM,0.04420088160647883
2026-06-01,Maximum Sharpe,EFA,0.0
2026-06-01,Maximum Sharpe,GLD,0.2999999999999999
2026-06-01,Maximum Sharpe,IEF,0.1617176520790656
2026-06-01,Maximum Sharpe,IWM,2.077946825875261e-16
2026-06-01,Maximum Sharpe,LQD,1.0420747121081805e-16
2026-06-01,Maximum Sharpe,QQQ,0.19408146631445536
2026-06-01,Maximum Sharpe,SPY,0.2999999999999997
2026-06-01,Maximum Sharpe,TLT,0.0
2026-06-01,Maximum Sharpe,VNQ,1.3014286044908477e-16
2026-06-01,Minimum Variance,EEM,0.0
2026-06-01,Minimum Variance,EFA,2.1842616796046488e-17
2026-06-01,Minimum Variance,GLD,0.11286022172435381
2026-06-01,Minimum Variance,IEF,0.30000000000000004
2026-06-01,Minimum Variance,IWM,1.0612226760377656e-17
2026-06-01,Minimum Variance,LQD,0.30000000000000004
2026-06-01,Minimum Variance,QQQ,3.5372046940442283e-17
2026-06-01,Minimum Variance,SPY,0.238864159957284
2026-06-01,Minimum Variance,TLT,0.048275618318362176
2026-06-01,Minimum Variance,VNQ,3.691896807744451e-17
2026-06-01,SPY,EEM,0.0
2026-06-01,SPY,EFA,0.0
2026-06-01,SPY,GLD,0.0
2026-06-01,SPY,IEF,0.0
2026-06-01,SPY,IWM,0.0
2026-06-01,SPY,LQD,0.0
2026-06-01,SPY,QQQ,0.0
2026-06-01,SPY,SPY,1.0
2026-06-01,SPY,TLT,0.0
2026-06-01,SPY,VNQ,0.0
2026-06-01,Shrunk Max Sharpe λ=0.25,EEM,0.0
2026-06-01,Shrunk Max Sharpe λ=0.25,EFA,0.0
2026-06-01,Shrunk Max Sharpe λ=0.25,GLD,0.30000000000000004
2026-06-01,Shrunk Max Sharpe λ=0.25,IEF,0.30000000000000004
2026-06-01,Shrunk Max Sharpe λ=0.25,IWM,0.0
2026-06-01,Shrunk Max Sharpe λ=0.25,LQD,0.004823003621116563
2026-06-01,Shrunk Max Sharpe λ=0.25,QQQ,0.0951769963788833
2026-06-01,Shrunk Max Sharpe λ=0.25,SPY,0.30000000000000004
2026-06-01,Shrunk Max Sharpe λ=0.25,TLT,0.0
2026-06-01,Shrunk Max Sharpe λ=0.25,VNQ,1.5995508859925355e-16
2026-06-01,Shrunk Max Sharpe λ=0.50,EEM,6.179818155785847e-16
2026-06-01,Shrunk Max Sharpe λ=0.50,EFA,1.587402663884582e-16
2026-06-01,Shrunk Max Sharpe λ=0.50,GLD,0.18445653517503463
2026-06-01,Shrunk Max Sharpe λ=0.50,IEF,0.2999999999999985
2026-06-01,Shrunk Max Sharpe λ=0.50,IWM,7.608290852433816e-16
2026-06-01,Shrunk Max Sharpe λ=0.50,LQD,0.23554664750217924
2026-06-01,Shrunk Max Sharpe λ=0.50,QQQ,1.647680328798341e-16
2026-06-01,Shrunk Max Sharpe λ=0.50,SPY,0.2799968173227852
2026-06-01,Shrunk Max Sharpe λ=0.50,TLT,7.309056344498105e-16
2026-06-01,Shrunk Max Sharpe λ=0.50,VNQ,1.500736978206001e-16
2026-06-01,Shrunk Max Sharpe λ=0.75,EEM,3.379685163045465e-16
2026-06-01,Shrunk Max Sharpe λ=0.75,EFA,0.0
2026-06-01,Shrunk Max Sharpe λ=0.75,GLD,0.14505654829063142
2026-06-01,Shrunk Max Sharpe λ=0.75,IEF,0.29999999999999977
2026-06-01,Shrunk Max Sharpe λ=0.75,IWM,0.0
2026-06-01,Shrunk Max Sharpe λ=0.75,LQD,0.2999999999999995
2026-06-01,Shrunk Max Sharpe λ=0.75,QQQ,0.0
2026-06-01,Shrunk Max Sharpe λ=0.75,SPY,0.25494345170936866
2026-06-01,Shrunk Max Sharpe λ=0.75,TLT,3.789912399536816e-16
2026-06-01,Shrunk Max Sharpe λ=0.75,VNQ,0.0
2026-06-01,Turnover-Aware Max Sharpe γ=0.05,EEM,0.018756181516976767
2026-06-01,Turnover-Aware Max Sharpe γ=0.05,EFA,0.0
2026-06-01,Turnover-Aware Max Sharpe γ=0.05,GLD,0.2999999999999999
2026-06-01,Turnover-Aware Max Sharpe γ=0.05,IEF,0.17629612420411278
2026-06-01,Turnover-Aware Max Sharpe γ=0.05,IWM,1.2366493321855288e-16
2026-06-01,Turnover-Aware Max Sharpe γ=0.05,LQD,0.0
2026-06-01,Turnover-Aware Max Sharpe γ=0.05,QQQ,0.20494769427891035
2026-06-01,Turnover-Aware Max Sharpe γ=0.05,SPY,0.29999999999999993
2026-06-01,Turnover-Aware Max Sharpe γ=0.05,TLT,2.1489047195549472e-16
2026-06-01,Turnover-Aware Max Sharpe γ=0.05,VNQ,0.0
2026-06-01,Turnover-Aware Max Sharpe γ=0.10,EEM,0.0
2026-06-01,Turnover-Aware Max Sharpe γ=0.10,EFA,3.4094979378984284e-17
2026-06-01,Turnover-Aware Max Sharpe γ=0.10,GLD,0.2999999999999999
2026-06-01,Turnover-Aware Max Sharpe γ=0.10,IEF,0.19632812075959893
2026-06-01,Turnover-Aware Max Sharpe γ=0.10,IWM,0.0
2026-06-01,Turnover-Aware Max Sharpe γ=0.10,LQD,0.0
2026-06-01,Turnover-Aware Max Sharpe γ=0.10,QQQ,0.2459919334603845
2026-06-01,Turnover-Aware Max Sharpe γ=0.10,SPY,0.2576799457800167
2026-06-01,Turnover-Aware Max Sharpe γ=0.10,TLT,0.0
2026-06-01,Turnover-Aware Max Sharpe γ=0.10,VNQ,6.386367398473135e-17
2026-06-01,Turnover-Aware Max Sharpe γ=0.25,EEM,3.330669073875468e-16
2026-06-01,Turnover-Aware Max Sharpe γ=0.25,EFA,0.0
2026-06-01,Turnover-Aware Max Sharpe γ=0.25,GLD,0.29999999999999977
2026-06-01,Turnover-Aware Max Sharpe γ=0.25,IEF,0.23677987847449955
2026-06-01,Turnover-Aware Max Sharpe γ=0.25,IWM,2.916989629678877e-16
2026-06-01,Turnover-Aware Max Sharpe γ=0.25,LQD,2.119248594963422e-16
2026-06-01,Turnover-Aware Max Sharpe γ=0.25,QQQ,0.1699080797847328
2026-06-01,Turnover-Aware Max Sharpe γ=0.25,SPY,0.2933120417407665
2026-06-01,Turnover-Aware Max Sharpe γ=0.25,TLT,2.816624771268218e-17
2026-06-01,Turnover-Aware Max Sharpe γ=0.25,VNQ,4.827523351309696e-16
2026-07-01,Combined Robust Max Sharpe λ=0.50 γ=0.10,EEM,3.4278885982955985e-16
2026-07-01,Combined Robust Max Sharpe λ=0.50 γ=0.10,EFA,7.726653245302879e-16
2026-07-01,Combined Robust Max Sharpe λ=0.50 γ=0.10,GLD,0.17645447047571805
2026-07-01,Combined Robust Max Sharpe λ=0.50 γ=0.10,IEF,0.2999999999999983
2026-07-01,Combined Robust Max Sharpe λ=0.50 γ=0.10,IWM,7.10694388011382e-16
2026-07-01,Combined Robust Max Sharpe λ=0.50 γ=0.10,LQD,0.2431538274679878
2026-07-01,Combined Robust Max Sharpe λ=0.50 γ=0.10,QQQ,6.9266366404549e-16
2026-07-01,Combined Robust Max Sharpe λ=0.50 γ=0.10,SPY,0.28039170205629077
2026-07-01,Combined Robust Max Sharpe λ=0.50 γ=0.10,TLT,1.906086810124518e-15
2026-07-01,Combined Robust Max Sharpe λ=0.50 γ=0.10,VNQ,6.048317896043723e-16
2026-07-01,Equal Weight,EEM,0.1
2026-07-01,Equal Weight,EFA,0.1
2026-07-01,Equal Weight,GLD,0.1
2026-07-01,Equal Weight,IEF,0.1
2026-07-01,Equal Weight,IWM,0.1
2026-07-01,Equal Weight,LQD,0.1
2026-07-01,Equal Weight,QQQ,0.1
2026-07-01,Equal Weight,SPY,0.1
2026-07-01,Equal Weight,TLT,0.1
2026-07-01,Equal Weight,VNQ,0.1
2026-07-01,Maximum Sharpe,EEM,0.026330511019937896
2026-07-01,Maximum Sharpe,EFA,2.7852447157521815e-17
2026-07-01,Maximum Sharpe,GLD,0.29999999999999993
2026-07-01,Maximum Sharpe,IEF,0.1756460034002434
2026-07-01,Maximum Sharpe,IWM,8.11869415998631e-17
2026-07-01,Maximum Sharpe,LQD,0.0
2026-07-01,Maximum Sharpe,QQQ,0.19802348557981864
2026-07-01,Maximum Sharpe,SPY,0.30000000000000004
2026-07-01,Maximum Sharpe,TLT,9.341375372954795e-18
2026-07-01,Maximum Sharpe,VNQ,1.2246828350583721e-17
2026-07-01,Minimum Variance,EEM,5.387488412923248e-18
2026-07-01,Minimum Variance,EFA,0.0
2026-07-01,Minimum Variance,GLD,0.10397549722592424
2026-07-01,Minimum Variance,IEF,0.2999999999999999
2026-07-01,Minimum Variance,IWM,4.131075655463013e-18
2026-07-01,Minimum Variance,LQD,0.2999999999999999
2026-07-01,Minimum Variance,QQQ,0.0
2026-07-01,Minimum Variance,SPY,0.23154619141163657
2026-07-01,Minimum Variance,TLT,0.06447831136243928
2026-07-01,Minimum Variance,VNQ,6.935162570044648e-18
2026-07-01,SPY,EEM,0.0
2026-07-01,SPY,EFA,0.0
2026-07-01,SPY,GLD,0.0
2026-07-01,SPY,IEF,0.0
2026-07-01,SPY,IWM,0.0
2026-07-01,SPY,LQD,0.0
2026-07-01,SPY,QQQ,0.0
2026-07-01,SPY,SPY,1.0
2026-07-01,SPY,TLT,0.0
2026-07-01,SPY,VNQ,0.0
2026-07-01,Shrunk Max Sharpe λ=0.25,EEM,0.0
2026-07-01,Shrunk Max Sharpe λ=0.25,EFA,1.5462675383166601e-16
2026-07-01,Shrunk Max Sharpe λ=0.25,GLD,0.2823961875408999
2026-07-01,Shrunk Max Sharpe λ=0.25,IEF,0.3
2026-07-01,Shrunk Max Sharpe λ=0.25,IWM,0.0
2026-07-01,Shrunk Max Sharpe λ=0.25,LQD,0.03276908540993328
2026-07-01,Shrunk Max Sharpe λ=0.25,QQQ,0.0848347270491668
2026-07-01,Shrunk Max Sharpe λ=0.25,SPY,0.3
2026-07-01,Shrunk Max Sharpe λ=0.25,TLT,0.0
2026-07-01,Shrunk Max Sharpe λ=0.25,VNQ,0.0
2026-07-01,Shrunk Max Sharpe λ=0.50,EEM,6.64923506853189e-17
2026-07-01,Shrunk Max Sharpe λ=0.50,EFA,0.0
2026-07-01,Shrunk Max Sharpe λ=0.50,GLD,0.16388377288949882
2026-07-01,Shrunk Max Sharpe λ=0.50,IEF,0.29999999999999977
2026-07-01,Shrunk Max Sharpe λ=0.50,IWM,0.0
2026-07-01,Shrunk Max Sharpe λ=0.50,LQD,0.2802933490670028
2026-07-01,Shrunk Max Sharpe λ=0.50,QQQ,7.614408717239844e-16
2026-07-01,Shrunk Max Sharpe λ=0.50,SPY,0.2558228780434971
2026-07-01,Shrunk Max Sharpe λ=0.50,TLT,3.9542031722266793e-16
2026-07-01,Shrunk Max Sharpe λ=0.50,VNQ,2.87688339750795e-16
2026-07-01,Shrunk Max Sharpe λ=0.75,EEM,9.381449883261638e-16
2026-07-01,Shrunk Max Sharpe λ=0.75,EFA,6.894530244938928e-16
2026-07-01,Shrunk Max Sharpe λ=0.75,GLD,0.14049478315903505
2026-07-01,Shrunk Max Sharpe λ=0.75,IEF,0.29999999999999966
2026-07-01,Shrunk Max Sharpe λ=0.75,IWM,6.031413844172428e-16
2026-07-01,Shrunk Max Sharpe λ=0.75,LQD,0.2999999999999996
2026-07-01,Shrunk Max Sharpe λ=0.75,QQQ,1.040789849351991e-15
2026-07-01,Shrunk Max Sharpe λ=0.75,SPY,0.25950521684096195
2026-07-01,Shrunk Max Sharpe λ=0.75,TLT,4.677458465190672e-16
2026-07-01,Shrunk Max Sharpe λ=0.75,VNQ,0.0
2026-07-01,Turnover-Aware Max Sharpe γ=0.05,EEM,0.018756181516977277
2026-07-01,Turnover-Aware Max Sharpe γ=0.05,EFA,1.2295886723748887e-16
2026-07-01,Turnover-Aware Max Sharpe γ=0.05,GLD,0.29999999999999993
2026-07-01,Turnover-Aware Max Sharpe γ=0.05,IEF,0.17629612420411261
2026-07-01,Turnover-Aware Max Sharpe γ=0.05,IWM,0.0
2026-07-01,Turnover-Aware Max Sharpe γ=0.05,LQD,3.042790248357879e-17
2026-07-01,Turnover-Aware Max Sharpe γ=0.05,QQQ,0.20494769427891027
2026-07-01,Turnover-Aware Max Sharpe γ=0.05,SPY,0.2999999999999998
2026-07-01,Turnover-Aware Max Sharpe γ=0.05,TLT,2.025911632688931e-17
2026-07-01,Turnover-Aware Max Sharpe γ=0.05,VNQ,0.0
2026-07-01,Turnover-Aware Max Sharpe γ=0.10,EEM,0.0
2026-07-01,Turnover-Aware Max Sharpe γ=0.10,EFA,2.0672744806298296e-17
2026-07-01,Turnover-Aware Max Sharpe γ=0.10,GLD,0.29999999999999993
2026-07-01,Turnover-Aware Max Sharpe γ=0.10,IEF,0.19632812075959913
2026-07-01,Turnover-Aware Max Sharpe γ=0.10,IWM,5.655221528023195e-17
2026-07-01,Turnover-Aware Max Sharpe γ=0.10,LQD,1.8713051268812045e-16
2026-07-01,Turnover-Aware Max Sharpe γ=0.10,QQQ,0.2459919334603843
2026-07-01,Turnover-Aware Max Sharpe γ=0.10,SPY,0.25767994578001635
2026-07-01,Turnover-Aware Max Sharpe γ=0.10,TLT,0.0
2026-07-01,Turnover-Aware Max Sharpe γ=0.10,VNQ,0.0
2026-07-01,Turnover-Aware Max Sharpe γ=0.25,EEM,7.528699885739344e-16
2026-07-01,Turnover-Aware Max Sharpe γ=0.25,EFA,0.0
2026-07-01,Turnover-Aware Max Sharpe γ=0.25,GLD,0.30000000000000004
2026-07-01,Turnover-Aware Max Sharpe γ=0.25,IEF,0.23677987847449888
2026-07-01,Turnover-Aware Max Sharpe γ=0.25,IWM,0.0
2026-07-01,Turnover-Aware Max Sharpe γ=0.25,LQD,5.932843302522982e-17
2026-07-01,Turnover-Aware Max Sharpe γ=0.25,QQQ,0.1699080797847339
2026-07-01,Turnover-Aware Max Sharpe γ=0.25,SPY,0.293312041740766
2026-07-01,Turnover-Aware Max Sharpe γ=0.25,TLT,3.26543588272884e-16
2026-07-01,Turnover-Aware Max Sharpe γ=0.25,VNQ,1.0194712819521368e-16
2026-09-01,Combined Robust Max Sharpe λ=0.50 γ=0.10,EEM,8.929290150900118e-17
2026-09-01,Combined Robust Max Sharpe λ=0.50 γ=0.10,EFA,0.0
2026-09-01,Combined Robust Max Sharpe λ=0.50 γ=0.10,GLD,0.17286910941503725
2026-09-01,Combined Robust Max Sharpe λ=0.50 γ=0.10,IEF,0.2999999999999994
2026-09-01,Combined Robust Max Sharpe λ=0.50 γ=0.10,IWM,3.7780764565730903e-16
2026-09-01,Combined Robust Max Sharpe λ=0.50 γ=0.10,LQD,0.26206087699898406
2026-09-01,Combined Robust Max Sharpe λ=0.50 γ=0.10,QQQ,2.638892070249173e-16
2026-09-01,Combined Robust Max Sharpe λ=0.50 γ=0.10,SPY,0.26507001358597865
2026-09-01,Combined Robust Max Sharpe λ=0.50 γ=0.10,TLT,0.0
2026-09-01,Combined Robust Max Sharpe λ=0.50 γ=0.10,VNQ,0.0
2026-09-01,Equal Weight,EEM,0.1
2026-09-01,Equal Weight,EFA,0.1
2026-09-01,Equal Weight,GLD,0.1
2026-09-01,Equal Weight,IEF,0.1
2026-09-01,Equal Weight,IWM,0.1
2026-09-01,Equal Weight,LQD,0.1
2026-09-01,Equal Weight,QQQ,0.1
2026-09-01,Equal Weight,SPY,0.1
2026-09-01,Equal Weight,TLT,0.1
2026-09-01,Equal Weight,VNQ,0.1
2026-09-01,Maximum Sharpe,EEM,2.7298197024549203e-16
2026-09-01,Maximum Sharpe,EFA,0.01112666989295914
2026-09-01,Maximum Sharpe,GLD,0.3
2026-09-01,Maximum Sharpe,IEF,0.2671169616466615
2026-09-01,Maximum Sharpe,IWM,4.7226898007558015e-17
2026-09-01,Maximum Sharpe,LQD,0.0
2026-09-01,Maximum Sharpe,QQQ,0.121756368460379
2026-09-01,Maximum Sharpe,SPY,0.29999999999999993
2026-09-01,Maximum Sharpe,TLT,6.151751644063885e-17
2026-09-01,Maximum Sharpe,VNQ,3.872296941064552e-17
2026-09-01,Minimum Variance,EEM,0.0
2026-09-01,Minimum Variance,EFA,0.0
2026-09-01,Minimum Variance,GLD,0.09339223528730237
2026-09-01,Minimum Variance,IEF,0.2999999999999999
2026-09-01,Minimum Variance,IWM,3.161334709742646e-18
2026-09-01,Minimum Variance,LQD,0.2999999999999999
2026-09-01,Minimum Variance,QQQ,1.5463751164010706e-16
2026-09-01,Minimum Variance,SPY,0.2264091828365646
2026-09-01,Minimum Variance,TLT,0.08019858187613313
2026-09-01,Minimum Variance,VNQ,3.82755084105914e-17
2026-09-01,SPY,EEM,0.0
2026-09-01,SPY,EFA,0.0
2026-09-01,SPY,GLD,0.0
2026-09-01,SPY,IEF,0.0
2026-09-01,SPY,IWM,0.0
2026-09-01,SPY,LQD,0.0
2026-09-01,SPY,QQQ,0.0
2026-09-01,SPY,SPY,1.0
2026-09-01,SPY,TLT,0.0
2026-09-01,SPY,VNQ,0.0
2026-09-01,Shrunk Max Sharpe λ=0.25,EEM,0.0
2026-09-01,Shrunk Max Sharpe λ=0.25,EFA,1.6490007249902407e-16
2026-09-01,Shrunk Max Sharpe λ=0.25,GLD,0.280940939578407
2026-09-01,Shrunk Max Sharpe λ=0.25,IEF,0.30000000000000004
2026-09-01,Shrunk Max Sharpe λ=0.25,IWM,0.0
2026-09-01,Shrunk Max Sharpe λ=0.25,LQD,0.08646099597020505
2026-09-01,Shrunk Max Sharpe λ=0.25,QQQ,0.03259806445138785
2026-09-01,Shrunk Max Sharpe λ=0.25,SPY,0.30000000000000004
2026-09-01,Shrunk Max Sharpe λ=0.25,TLT,0.0
2026-09-01,Shrunk Max Sharpe λ=0.25,VNQ,0.0
2026-09-01,Shrunk Max Sharpe λ=0.50,EEM,0.0
2026-09-01,Shrunk Max Sharpe λ=0.50,EFA,0.0
2026-09-01,Shrunk Max Sharpe λ=0.50,GLD,0.1614852811345521
2026-09-01,Shrunk Max Sharpe λ=0.50,IEF,0.2999999999999994
2026-09-01,Shrunk Max Sharpe λ=0.50,IWM,9.385932897469054e-17
2026-09-01,Shrunk Max Sharpe λ=0.50,LQD,0.2963189257294198
2026-09-01,Shrunk Max Sharpe λ=0.50,QQQ,0.0
2026-09-01,Shrunk Max Sharpe λ=0.50,SPY,0.24219579313602854
2026-09-01,Shrunk Max Sharpe λ=0.50,TLT,0.0
2026-09-01,Shrunk Max Sharpe λ=0.50,VNQ,0.0
2026-09-01,Shrunk Max Sharpe λ=0.75,EEM,0.0
2026-09-01,Shrunk Max Sharpe λ=0.75,EFA,0.0
2026-09-01,Shrunk Max Sharpe λ=0.75,GLD,0.13842174310676159
2026-09-01,Shrunk Max Sharpe λ=0.75,IEF,0.2999999999999981
2026-09-01,Shrunk Max Sharpe λ=0.75,IWM,0.0
2026-09-01,Shrunk Max Sharpe λ=0.75,LQD,0.2999999999999981
2026-09-01,Shrunk Max Sharpe λ=0.75,QQQ,0.0
2026-09-01,Shrunk Max Sharpe λ=0.75,SPY,0.26157825689324216
2026-09-01,Shrunk Max Sharpe λ=0.75,TLT,0.0
2026-09-01,Shrunk Max Sharpe λ=0.75,VNQ,0.0
2026-09-01,Turnover-Aware Max Sharpe γ=0.05,EEM,0.01544673651080485
2026-09-01,Turnover-Aware Max Sharpe γ=0.05,EFA,4.7678353586063924e-17
2026-09-01,Turnover-Aware Max Sharpe γ=0.05,GLD,0.2999999999999998
2026-09-01,Turnover-Aware Max Sharpe γ=0.05,IEF,0.25171611108098313
2026-09-01,Turnover-Aware Max Sharpe γ=0.05,IWM,0.0
2026-09-01,Turnover-Aware Max Sharpe γ=0.05,LQD,0.0
2026-09-01,Turnover-Aware Max Sharpe γ=0.05,QQQ,0.13283715240821234
2026-09-01,Turnover-Aware Max Sharpe γ=0.05,SPY,0.2999999999999999
2026-09-01,Turnover-Aware Max Sharpe γ=0.05,TLT,6.814973546800721e-17
2026-09-01,Turnover-Aware Max Sharpe γ=0.05,VNQ,0.0
2026-09-01,Turnover-Aware Max Sharpe γ=0.10,EEM,6.255317215533609e-17
2026-09-01,Turnover-Aware Max Sharpe γ=0.10,EFA,0.0
2026-09-01,Turnover-Aware Max Sharpe γ=0.10,GLD,0.2999999999999998
2026-09-01,Turnover-Aware Max Sharpe γ=0.10,IEF,0.2429639805874404
2026-09-01,Turnover-Aware Max Sharpe γ=0.10,IWM,0.0
2026-09-01,Turnover-Aware Max Sharpe γ=0.10,LQD,5.654356449091898e-17
2026-09-01,Turnover-Aware Max Sharpe γ=0.10,QQQ,0.1570360194125596
2026-09-01,Turnover-Aware Max Sharpe γ=0.10,SPY,0.3
2026-09-01,Turnover-Aware Max Sharpe γ=0.10,TLT,1.8365282708578812e-16
2026-09-01,Turnover-Aware Max Sharpe γ=0.10,VNQ,0.0
2026-09-01,Turnover-Aware Max Sharpe γ=0.25,EEM,1.0269562977782698e-15
2026-09-01,Turnover-Aware Max Sharpe γ=0.25,EFA,0.0
2026-09-01,Turnover-Aware Max Sharpe γ=0.25,GLD,0.29999999999999993
2026-09-01,Turnover-Aware Max Sharpe γ=0.25,IEF,0.23677987847449888
2026-09-01,Turnover-Aware Max Sharpe γ=0.25,IWM,3.2724772987034088e-18
2026-09-01,Turnover-Aware Max Sharpe γ=0.25,LQD,0.0
2026-09-01,Turnover-Aware Max Sharpe γ=0.25,QQQ,0.1699080797847339
2026-09-01,Turnover-Aware Max Sharpe γ=0.25,SPY,0.2933120417407661
2026-09-01,Turnover-Aware Max Sharpe γ=0.25,TLT,0.0
2026-09-01,Turnover-Aware Max Sharpe γ=0.25,VNQ,2.554577788891224e-16
